datetime,open,high,low,close,volume
2013-01-02,20.299485343930563,20.578518036371428,19.82280800544448,20.415748596191406,13767900
2013-01-03,20.345997569020497,20.345997569020497,19.857693538662495,20.247175216674805,16739300
2013-01-04,20.12510371699577,20.282058869617853,19.91001801193815,19.99140167236328,21372100
2013-01-07,19.851881338539773,20.607589374885286,19.851881338539773,20.032087326049805,17897100
2013-01-08,19.93326507179625,20.136724161125723,19.392642671534784,19.596101760864258,17863300
2013-01-09,19.537965180147946,19.735612041851994,19.537965180147946,19.706546783447266,18800400
2013-01-10,19.56703585337613,19.76468276977539,19.375203320789083,19.76468276977539,15658100
2013-01-11,19.758801240793126,19.941154783258302,19.617623942765732,19.911741256713867,11191500
2013-01-14,20.00585002417836,20.147027260929878,19.882321344480815,20.05290985107422,11584900
2013-01-15,19.829395704000003,20.423514142597778,19.829395704000003,20.352924346923828,13040200
2013-01-16,20.27644442798473,20.905855178833008,20.26467946842517,20.905855178833008,16512700
2013-01-17,21.02938775572194,21.588211095920133,21.02938775572194,21.423503875732422,14424800
2013-01-18,21.429386754315424,21.95291519165039,21.199975618309036,21.95291519165039,17842200
2013-01-22,21.75291607217084,21.911739689528456,21.135270167293683,21.423503875732422,15809700
2013-01-23,21.71173733685376,22.258795652558035,21.470561259043887,22.235265731811523,10981600
2013-01-24,22.229381516830305,22.65879241755392,21.899969400523105,22.035263061523438,11327100
2013-01-25,22.070557156252015,22.258792003491727,21.552910204374612,22.11761474609375,8934600
2013-01-28,22.147027773249526,22.276437825398013,21.59408595829536,21.699968338012695,7140100
2013-01-29,21.594087081704863,22.035262938833363,21.3234997612108,21.94702911376953,8838500
2013-01-30,21.652915591840113,22.076442961494077,21.652915591840113,21.72350311279297,10841800
2013-01-31,21.670562977523964,21.723504181828105,21.335269431576737,21.582326889038086,10720700
2013-02-01,21.67056175518985,21.882326560461753,21.482326871378564,21.870561599731445,9527500
2013-02-04,21.55291446270668,21.941149192336386,21.499973261214592,21.929384231567383,6348000
2013-02-05,22.011736203689598,22.194089725484428,21.870561165601856,21.882326126098633,7284400
2013-02-06,21.741144445837005,21.929379287831896,21.68232189918972,21.847026824951172,5738900
2013-02-07,22.099974589225553,22.099974589225553,21.058799038061423,21.423503875732422,9872500
2013-02-08,21.394091015458628,21.423502295628865,21.076446048108508,21.323503494262695,13858700
2013-02-11,21.25291828553123,21.282329568901616,21.029388492829536,21.088211059570312,6032100
2013-02-12,21.041151472700697,21.11762259740911,20.70585793720435,20.835268020629883,7473800
2013-02-13,20.83527940698581,20.92351554094195,20.67645795616572,20.747045516967773,4859800
2013-02-14,20.61761553282294,21.60584951687721,20.594085617979697,21.51173210144043,7570100
2013-02-15,21.723508201544814,22.241155378977687,21.723508201544814,22.10586166381836,13296300
2013-02-19,22.082328554775383,22.547034451147177,21.829387484291342,22.464679718017578,8292700
2013-02-20,22.44703633412937,23.017624718100485,22.12350769399813,22.711742401123047,8096400
2013-02-21,22.641146945838244,22.95879187119714,22.46467480027197,22.81173324584961,7260900
2013-02-22,22.8176231548798,22.852915798599668,22.435269725708707,22.623504638671875,4490400
2013-02-25,22.67056019354183,22.711736432704882,21.982324600219727,21.982324600219727,4665600
2013-02-26,22.11762182094771,22.11762182094771,21.741152006045347,21.817623138427734,4463000
2013-02-27,21.74703514868902,21.75291650769987,21.41174158664438,21.605857849121094,12238400
2013-02-28,21.5646732617911,21.847025507759984,21.47055584646814,21.717613220214844,10321000
2013-03-01,21.64702987356518,22.394087982766585,21.499971243657892,22.241147994995117,8929400
2013-03-04,22.07643903830649,22.499968576632167,22.07643903830649,22.49408721923828,5420800
2013-03-05,22.61762404584882,22.688211579617846,21.93527190224893,22.064682006835938,6650400
2013-03-06,22.094091656031438,22.270561581431082,21.982325649593413,22.199974060058594,5489500
2013-03-07,22.147031101448807,22.358793648770284,22.023500143923776,22.052913665771484,4442500
2013-03-08,22.141149646532774,22.147033249047514,21.858797312121084,21.964679718017578,4114500
2013-03-11,21.911731311121745,22.44114316654881,21.811732540616713,22.158788681030273,4614400
2013-03-12,22.176439401517868,22.529379176931077,21.79408610820659,21.864673614501953,6523900
2013-03-13,21.882322174028072,22.111733252440295,21.788204750988793,21.864673614501953,3710600
2013-03-14,22.017616490960762,22.111733916827973,21.682323021062796,22.094087600708008,9859700
2013-03-15,22.02350230893901,22.670561706274217,21.929384864009492,22.647031784057617,12208300
2013-03-18,22.382324859619818,22.641149505613196,22.347032221665664,22.447031021118164,5178700
2013-03-19,22.49997583494732,22.58821193187492,22.258799713140668,22.564682006835938,5108400
2013-03-20,22.647028301126685,23.052909299225824,22.594087106249706,22.9764404296875,7072900
2013-03-21,22.8352657615631,22.92350184438155,22.635265918586498,22.641149520874023,4736100
2013-03-22,22.68820346667775,22.923498153686523,22.529379889537292,22.923498153686523,3323400
2013-03-25,23.01173192920785,23.24702661571402,22.899968187282457,23.129379272460938,6065000
2013-03-26,23.27643861029345,23.83526182507312,23.27643861029345,23.652908325195312,7249500
2013-03-27,23.658792889940173,23.699969126437967,23.329380754021233,23.617616653442383,4274800
2013-03-28,23.682317062454054,23.99996419183046,23.399964806542666,23.98819923400879,7263400
2013-04-01,23.50585183062624,24.199968771793376,23.50585183062624,24.188203811645508,5740000
2013-04-02,24.24703966114434,24.24703966114434,23.835274844085102,23.947038650512695,5510700
2013-04-03,23.970550257155917,24.382314759440277,23.735255614725993,23.864667892456055,4122100
2013-04-04,23.982326490548736,24.576442488340025,23.894090397163474,24.47056007385254,20687600
2013-04-05,24.299964904785153,24.411728637719108,24.17055261322439,24.299964904785156,14089800
2013-04-08,24.276443144021695,24.62938302000758,24.158795770714065,24.570560455322266,16449200
2013-04-09,24.682327950914683,25.62350483548337,24.58821048685155,25.029386520385742,8673900
2013-04-10,25.088210192318513,25.747032410677583,24.999974092065738,25.658796310424805,7809200
2013-04-11,25.777527019180486,25.9496943787116,25.59348807907188,25.64691925048828,6494100
2013-04-12,25.510361323370855,25.70033822833778,25.302572526579727,25.581602096557617,4199800
2013-04-15,25.451003827071954,25.545992323229527,24.584233516546046,24.60204315185547,7152500
2013-04-16,24.73858550607417,25.249149450622493,24.4180007919171,25.201656341552734,6998000
2013-04-17,25.01762279957779,25.189790184990176,24.59017336398973,25.07699203491211,5046200
2013-04-18,25.154160862607107,25.314454351367477,24.869195415267804,25.12447738647461,5009000
2013-04-19,25.237279319619894,25.27883891013751,25.05324038093408,25.166038513183594,6493200
2013-04-22,25.528178227486272,26.61461108562093,25.4569374339918,26.24059295654297,8531300
2013-04-23,26.48400747371248,27.499197518850174,26.359335488808807,26.798656463623047,9378100
2013-04-24,26.798666128096368,26.917402365221974,26.086250970048095,26.31184959411621,5541300
2013-04-25,26.567126080137438,26.590873775470083,25.979383076531292,26.26435089111328,5236900
2013-04-26,26.685855944153456,27.49325927576197,26.567119760439674,27.214229583740234,10096800
2013-04-29,27.20829752825686,27.26766449591024,26.74522657468286,26.852088928222656,6024700
2013-04-30,26.745213537082762,27.445754284479417,26.721465855715934,27.338891983032227,6798600
2013-05-01,27.154861239945532,27.362647852323935,27.04206085205078,27.04206085205078,6398100
2013-05-02,27.119234997506748,27.119234997506748,26.03874027137742,26.11591911315918,9649400
2013-05-03,26.30589803669461,26.578989633130547,26.020932597191372,26.525558471679688,4641200
2013-05-06,26.68585256511019,26.68585256511019,26.21091015509804,26.47212791442871,4085700
2013-05-07,26.418704987145464,26.715544369023505,26.371209598986695,26.662113189697266,3745600
2013-05-08,26.72148157253934,26.745229267873896,25.759722558538613,25.819091796875,6973200
2013-05-09,25.73003906965315,26.389022894552355,25.676607887507135,26.26435089111328,5046900
2013-05-10,26.246533124163093,26.72147560119629,26.24059733400834,26.72147560119629,4455800
2013-05-13,26.590867325121952,26.590867325121952,26.222784930869114,26.442447662353516,3738400
2013-05-14,26.17529237253427,27.024253042782583,26.17529237253427,26.92332649230957,5760300
2013-05-15,27.142985548458494,27.86133609059753,27.000501692021498,27.327024459838867,6702500
2013-05-16,27.344846556561034,27.843536843038603,27.315160804565593,27.433897018432617,4605300
2013-05-17,27.327025269420837,28.104745051742466,27.220162940103236,28.00381851196289,5244800
2013-05-20,27.974141344698015,27.98601519115647,27.350779126209485,27.463577270507812,3537800
2013-05-21,27.422023299182552,27.879156252656315,27.410149451269668,27.629812240600586,4708800
2013-05-22,27.582299601529186,28.49656493677971,27.22015539310505,27.76040267944336,5203500
2013-05-23,27.380466537338226,27.873221044871634,27.321099561235272,27.659496307373047,3306200
2013-05-24,27.457643395557504,27.594189242300565,26.899586161298284,26.976762771606445,4511700
2013-05-28,27.243914229776394,27.33296693755007,26.53743741672757,26.94707489013672,6181800
2013-05-29,26.650237452458672,26.822404825265906,25.99719176452691,26.050622940063477,6908400
2013-05-30,26.16341596505459,26.78677804793274,26.16341596505459,26.448381423950195,4852200
2013-05-31,26.282154369901342,26.53149831833495,25.33820521638031,25.344141006469727,9308800
2013-06-03,25.45694163405353,25.87251714995978,25.379762773957022,25.741907119750977,7176800
2013-06-04,25.777526458456624,26.400890866323078,25.753781033113736,25.90220069885254,4528400
2013-06-05,25.819087244876595,26.062495417379857,25.344142480739475,25.551931381225586,4801300
2013-06-06,25.658790548390915,25.8665771584345,25.32039391791753,25.82501983642578,4261300
2013-06-07,25.955638788309773,26.28216168703809,25.82502872293646,26.121868133544922,5463200
2013-06-10,26.317768339530637,26.317768339530637,25.658784858516984,26.074357986450195,4702700
2013-06-11,25.712215424262343,26.151536225080186,25.55785775338845,25.87844467163086,3574800
2013-06-12,26.068435061654974,26.1218662422842,25.361958130850564,25.39164161682129,3742600
2013-06-13,25.18384401714297,25.646914844771995,23.806509906906136,25.617231369018555,6096500
2013-06-14,25.516314787982523,25.825028038599335,25.23134923311429,25.652860641479492,4078500
2013-06-17,25.76564753789215,25.825014481393172,25.338198297632864,25.53411102294922,3457700
2013-06-18,25.510377241625903,25.860647803356354,25.308526371057425,25.848773956298828,3644900
2013-06-19,25.860644572032925,26.02093809022353,25.534119480512533,25.551931381225586,3663300
2013-06-20,25.320390935902104,25.397567516426708,24.287389267633177,24.376441955566406,7474900
2013-06-21,24.73264527045971,25.356007218601558,24.459553714466697,25.302576065063477,9825700
2013-06-24,24.97606401283063,25.171979080968537,24.530804964922257,24.86920166015625,6042400
2013-06-25,25.023550135295686,25.391630177862773,24.7029631959451,25.308515548706055,4686900
2013-06-26,25.587550698713677,25.890328099624373,25.5459933714835,25.753782272338867,4733700
2013-06-27,25.86064202405281,26.10998596242358,25.373825727011003,25.60536003112793,5163900
2013-06-28,25.249145896422558,25.51036588599981,24.530795454492615,24.54266929626465,10753100
2013-07-01,24.578298524139228,24.89294750324241,24.382383470558747,24.702970504760742,4588200
2013-07-02,24.685161448041864,25.27290209316409,24.685161448041864,25.05917739868164,4365900
2013-07-03,24.86325644349095,25.118538382022333,24.702962975247726,25.071043014526367,2417500
2013-07-05,25.201660221244467,25.42725875199198,25.118545569049175,25.361953735351562,2743700
2013-07-08,25.468814249462085,25.937818648133668,25.421318871786642,25.931882858276367,3978300
2013-07-09,26.12186038172686,26.25840619832137,25.676601397947426,25.718158721923828,3805700
2013-07-10,25.741909019335164,26.193103838808586,25.741909019335164,26.068431854248047,3080100
2013-07-11,26.32605200754605,26.42790638175261,25.960580731516696,26.23019027709961,4061400
2013-07-12,26.3200754750601,27.02705696554649,26.242187063931905,26.991107940673828,5693900
2013-07-15,26.931187065653422,26.943170070331725,26.685541183559273,26.733470916748047,3265800
2013-07-16,26.68554022281288,26.823341343365538,26.18226547206543,26.248170852661133,3714500
2013-07-17,26.34403204295202,26.451876793364697,26.206230925318998,26.33803939819336,3645400
2013-07-18,26.338038609273024,26.697521861722226,26.24816951030391,26.553728103637695,3043700
2013-07-19,26.655589636033817,26.907225923220345,26.433907437674414,26.67356300354004,4317900
2013-07-22,26.54175164085124,27.021060476711625,26.242183332747896,26.943174362182617,3810500
2013-07-23,26.913212306197877,27.015066706570728,26.49980891598042,26.547740936279297,3535100
2013-07-24,26.529761587814377,26.583683960371893,25.996530506703486,26.14631462097168,3088100
2013-07-25,26.008510231413307,26.619629614851274,25.972561225732044,26.505794525146484,4088500
2013-07-26,26.967135637861492,27.03304102533579,26.463860834586843,26.8353271484375,4491100
2013-07-29,26.79338857948335,27.230758008465568,26.64360443453637,26.997095108032227,4326200
2013-07-30,27.009077026338066,27.09894613837276,26.48183621740778,26.781404495239258,3619700
2013-07-31,26.865280803403866,27.506356676802362,26.847307439736884,27.248727798461914,6020600
2013-08-01,27.04501649064143,27.500361430499563,26.985103765381975,27.11092185974121,3652400
2013-08-02,27.027038752800806,27.212769542338066,26.84729832060969,27.152856826782227,3190700
2013-08-05,26.99109431495957,27.182817779777157,26.649586750408,26.78738784790039,2953500
2013-08-06,26.613641467862998,26.955151365727737,26.613641467862998,26.889245986938477,4980600
2013-08-07,26.781398659635204,26.877260396232245,26.493813449844076,26.703510284423828,3299400
2013-08-08,26.877267334969712,27.06899085765987,26.72748319002273,26.997095108032227,2892400
2013-08-09,26.90122522643357,26.96113795211757,26.643596392049197,26.78738784790039,3290800
2013-08-12,26.78739128778504,27.08096916659381,26.595667798347417,26.985107421875,3826400
2013-08-13,27.03304174623834,27.068990763689698,26.769422474835697,26.919206619262695,2791800
2013-08-14,26.87128335003591,27.09895596368232,26.631630012193998,26.709518432617188,2990500
2013-08-15,26.721484518872813,26.73346752202947,25.84075549933796,25.88868522644043,4363100
2013-08-16,25.726925583361705,25.846753364202815,25.415374267384745,25.762874603271484,6093300
2013-08-19,25.76886285268442,26.248173936780766,25.73291612124444,25.98455238342285,3326900
2013-08-20,25.936619430717485,26.050454542038594,25.672997910043247,25.744895935058594,2803000
2013-08-21,25.65502686580413,25.690975881561645,25.313519215443655,25.349468231201172,4118800
2013-08-22,25.403390128890525,25.82278387712838,25.337484744017573,25.71493911743164,4077700
2013-08-23,25.76885598046524,26.062433826904623,25.67299424631598,26.02049446105957,2738100
2013-08-26,26.020499142601683,26.206232285849275,25.876705372744766,26.032482147216797,3493400
2013-08-27,25.774855908601104,25.8167952862985,25.52321735689206,25.54119300842285,4473000
2013-08-28,25.481278574733658,25.649038374968733,25.373433805127085,25.49925422668457,3009700
2013-08-29,25.35545581625298,25.81679118312703,25.319506804429597,25.53519630432129,2788900
2013-08-30,25.61907442134505,25.780841542317116,25.343472193996014,25.529205322265625,3170700
2013-09-03,25.762873080570905,25.93063059251835,25.34946966090412,25.517227172851562,2925600
2013-09-04,25.523211593256324,25.846745821454228,25.51722123444858,25.840755462646484,3190700
2013-09-05,25.780846567197706,26.158303256368335,25.762873200983528,26.068431854248047,3355500
2013-09-06,26.080414894202473,26.571706712577306,25.696967844302574,26.296104431152344,3992200
2013-09-09,26.290117548440115,26.625632618720434,26.0624449753749,26.61964225769043,3287500
2013-09-10,26.709508776196053,26.84730990987844,26.42192121791806,26.829334259033203,4282300
2013-09-11,26.847298422974795,26.943160139543807,26.595659988528894,26.931177139282227,3441700
2013-09-12,26.865283247348138,26.931188634154996,26.661576727001748,26.781404495239258,2597900
2013-09-13,26.78739411645548,26.895238876342773,26.61963661686393,26.895238876342773,2273500
2013-09-16,27.15286817313673,27.530324838332206,27.07497978194808,27.452436447143555,3531700
2013-09-17,27.51235213366821,28.578816857482774,27.476405399674043,28.518901824951172,7293800
2013-09-18,28.27326840035618,29.010206484738326,28.087537431239017,28.71063804626465,6689400
2013-09-19,28.884365957435378,28.89634895997288,28.345144556392096,28.399066925048828,5326500
2013-09-20,28.42302613788732,28.758543299166114,28.35712306266662,28.662681579589844,10495300
2013-09-23,28.4949324506149,28.4949324506149,28.11747581980327,28.219327926635742,3179500
2013-09-24,28.129459110656104,28.129459110656104,27.524329966223867,27.548295974731445,7162700
2013-09-25,27.614203936867934,27.656143312914693,26.973128005267977,27.15886116027832,4571900
2013-09-26,27.158863485662735,27.332611364651047,26.84731217583661,26.96114730834961,5033900
2013-09-27,26.88325102146442,26.901226668552443,26.37398596927782,26.55971908569336,6617300
2013-09-30,26.673566908786622,26.93119587987763,26.379988911895058,26.79938507080078,5818400
2013-10-01,26.84731242400813,27.50037142293479,26.84731242400813,27.44045639038086,4159700
2013-10-02,27.16485880275735,27.542315573894125,27.033047993830973,27.530332565307617,4056800
2013-10-03,27.320621160874616,27.763983138776357,27.021052936367113,27.566267013549805,7020800
2013-10-04,27.66813245078798,28.087528589737133,27.560287664043194,28.039596557617188,4141400
2013-10-07,27.632173955162685,28.147431696210713,27.614200592041016,27.614200592041016,4703700
2013-10-08,27.7340351113794,27.75200847888562,26.59567460180498,26.67356300354004,7091500
2013-10-09,26.793388636181458,27.14687931042534,26.553733089549283,26.84731101989746,5113000
2013-10-10,27.26442687965091,27.615056991577145,26.907752454740546,27.61505699157715,3967500
2013-10-11,27.627157645295362,27.627157645295362,27.179802225438024,27.59693145751953,2985700
2013-10-14,27.33093978872157,28.08056181699826,27.24630552713289,28.008018493652344,3377300
2013-10-15,27.838746443061773,28.03824345614932,27.657386989597995,27.856884002685547,3533300
2013-10-16,27.995925783612417,28.576276945872,27.929426780541114,28.449325561523438,4399900
2013-10-17,28.382815706723086,29.211025005343306,28.382815706723086,29.120344161987305,7242400
2013-10-18,29.24730344015603,29.591887021538113,28.878537988404304,29.217077255249023,9212900
2013-10-21,29.0659460670431,29.35007499246658,28.8724933966023,29.229167938232422,4713200
2013-10-22,29.253348717628146,29.809520223887002,29.084080231689004,29.622114181518555,6937500
2013-10-23,29.47702429033736,29.537478966261464,29.186848764231925,29.217077255249023,4130300
2013-10-24,29.3984429145302,29.610028559926533,28.86040886814188,28.975269317626953,5077900
2013-10-25,29.682555975546535,30.123866895666808,29.35611005558445,29.803462982177734,6956800
2013-10-28,29.70070192171241,30.20850964822999,29.60397675028573,29.876014709472656,5555000
2013-10-29,29.91228916676843,30.347553615300086,29.91228916676843,30.099695205688477,5022900
2013-10-30,29.966699935040964,29.966699935040964,29.452847819324912,29.501209259033203,4011600
2013-10-31,29.428665568776854,29.622115937348262,29.283576639293145,29.289623260498047,4563700
2013-11-01,29.40447677049809,29.82160590319777,29.31984254244591,29.59792709350586,3866900
2013-11-04,29.73697341769828,29.73697341769828,29.017580075200236,29.47702407836914,4095600
2013-11-05,29.37424913971832,29.477018609819456,29.03570993811351,29.120344161987305,4095400
2013-11-06,29.31985375696877,29.46494270777441,29.01758722339177,29.047813415527344,4308100
2013-11-07,29.120353366772463,29.235216112145505,28.521866990995424,28.55813980102539,4444900
2013-11-08,28.49163499295037,29.07803031248548,28.31027559200023,29.03571319580078,5190900
2013-11-11,29.1566165780399,29.422610179026425,29.13243471264759,29.362157821655273,2282900
2013-11-12,29.289621881438343,29.307757131978573,28.582317130936936,28.703224182128906,5351100
2013-11-13,28.630681008252353,28.975264606795346,28.58836388605305,28.92690086364746,3745100
2013-11-14,29.01153521419517,29.30171073274772,28.830173497253554,29.04176139831543,3411800
2013-11-15,29.035707186480273,29.47097150356486,29.017571941971557,29.283565521240234,6257100
2013-11-18,29.555612815715502,30.20246282774177,29.45888764492961,29.543521881103516,8585700
2013-11-19,29.458889911622773,29.622114082278753,29.241257684081468,29.295665740966797,4050700
2013-11-20,29.27147933369466,29.344024935706173,28.914807167965474,28.987350463867188,3120300
2013-11-21,29.186842756725476,29.422610179026425,29.01152999790529,29.362157821655273,4459800
2013-11-22,29.410529327402507,29.70674918538324,29.362165583832464,29.58584213256836,5810100
2013-11-25,29.62210872777679,29.791377182551827,29.21102621808621,29.26543426513672,3343200
2013-11-26,29.247304840669205,29.730930740670125,29.204987718551013,29.380300521850586,4732300
2013-11-27,29.519344737471584,29.591888044979346,29.16267020856902,29.16871452331543,3414900
2013-11-29,29.277532324198546,29.57979881335516,29.059900083028133,29.289623260498047,4044300
2013-12-02,29.313802072035173,29.428662495720804,29.02967086394275,29.253347396850586,4321900
2013-12-03,29.700699846800028,30.38382031335456,29.603974682130634,30.208507537841797,9480100
2013-12-04,30.075514851668405,30.401963204529853,29.803474557617196,30.027151107788086,5309200
2013-12-05,29.87601504036848,30.26896235082839,29.65233851136254,30.08155632019043,5449100
2013-12-06,30.32942122085101,31.133451263322282,30.256877902453244,31.042770385742188,7285800
2013-12-09,31.103224545303654,31.320856802916303,30.69214190450431,30.9581356048584,5470800
2013-12-10,30.98231363952559,32.723369178540516,30.661911914476978,31.520347595214844,14906900
2013-12-11,31.840747833251953,32.19137803426695,31.447802818377653,31.840747833251953,10775500
2013-12-12,31.77425197723013,31.81052247751488,31.314805654002072,31.671480178833008,7766400
2013-12-13,31.61707237443983,31.798431795640333,31.33898777485838,31.65938949584961,6465300
2013-12-16,32.294149831999405,33.116315032069295,32.02815615802219,32.26392364501953,9846300
2013-12-17,32.30019357320531,32.596413407751704,32.04024423735682,32.42110061645508,7987300
2013-12-18,31.907241410067794,32.9047214826488,31.568704507749633,32.83822250366211,9635600
2013-12-19,32.167196270702135,32.167196270702135,31.447802922725472,31.81656837463379,8383400
2013-12-20,31.901195465485227,32.046282043029194,31.611020004287713,31.79237937927246,12471800
2013-12-23,31.87702308962889,32.00397445929794,31.580803227067747,31.786344528198242,4957700
2013-12-24,31.907253603849068,31.913300225763937,31.60498707920143,31.653350830078125,1747000
2013-12-26,31.792377111454854,32.07650823919935,31.64124392539662,32.0341911315918,2401500
2013-12-27,31.99188026476411,32.07047018822096,31.66543424830878,31.768203735351562,2354100
2013-12-30,31.877022859647496,32.0583822873106,31.79843292875306,32.04629135131836,2898800
2013-12-31,32.034194890658235,32.07651200323151,31.653338571389092,31.925378799438477,3019700
2014-01-02,31.508264024416384,31.635217726038412,31.14554509263818,31.423629760742188,4569100
2014-01-03,31.58685449467988,31.840757289904904,31.417585964529863,31.617080688476562,4794300
2014-01-06,31.858889667392575,31.858889667392575,30.244785352836136,30.462417602539062,11871100
2014-01-07,30.734454716350168,30.958131258108228,30.408006375766952,30.522869110107422,9719900
2014-01-08,30.607493296964584,30.897668735668983,30.371725897149098,30.44426918029785,6811100
2014-01-09,30.583316033776,31.224121665280578,30.14805165719857,30.96417236328125,6960300
2014-01-10,30.994401775481993,31.12739975021746,30.686088707887947,30.77072525024414,5517700
2014-01-13,30.86821173348939,30.916958544928416,30.246703833897215,30.362476348876953,7055200
2014-01-14,30.429505437346258,31.002268957339474,30.24061731851985,30.83165740966797,6610800
2014-01-15,30.862126577853243,30.874310959113966,30.508719087504982,30.533092498779297,4728400
2014-01-16,30.52699201917829,30.84383933070706,30.47824753053016,30.770721435546875,4972300
2014-01-17,30.856027720608747,30.86821442453092,30.47215468237663,30.502622604370117,8606800
2014-01-21,30.624494634622824,31.026646693137007,30.411233059795922,30.46607208251953,5823000
2014-01-22,30.45388254178684,30.466069248411397,29.62520508632979,29.905494689941406,8181700
2014-01-23,29.698316771789678,29.893299372866696,29.485052953853224,29.77752685546875,7270500
2014-01-24,29.503337544160043,29.917676232561732,29.10728007614835,29.11946678161621,9197900
2014-01-27,29.11946711852333,29.14384052974105,28.28469521713966,28.53451919555664,10749800
2014-01-28,28.686861845331432,29.533818491574333,28.686861845331432,29.05854606628418,12298600
2014-01-29,28.729501262905583,29.149932138322598,28.62591542948678,29.009788513183594,7608500
2014-01-30,29.229146182544746,29.783628523367,29.18649387358738,29.436315536499023,7669500
2014-01-31,30.42950670540719,30.801193092540327,29.89939779352336,29.996889114379883,12863500
2014-02-03,30.100480695419574,30.15531971914182,28.67466840301808,28.851369857788086,10314600
2014-02-04,28.747779407664368,29.22914379733228,28.607635786186933,29.216957092285156,9606100
2014-02-05,29.10118561907239,29.29007606763511,28.735593751815436,29.08290672302246,6987100
2014-02-06,29.18040334849999,29.357107123700942,28.91230275205418,29.204776763916016,4957800
2014-02-07,29.247424903754776,29.8750251526807,29.040255551044787,29.78972053527832,6979500
2014-02-10,29.704413164054696,30.581834993048233,29.68613426898492,30.191869735717773,7907500
2014-02-11,30.10656554797129,30.447786315103574,29.881117316239482,30.258895874023438,7217600
2014-02-12,30.24061257774455,31.032729693062684,30.21623917127298,30.807281494140625,6534500
2014-02-13,30.648872843228613,30.782924325156216,30.392958913414684,30.679338455200195,4946000
2014-02-14,30.80728989390317,31.02055144773628,30.569652602576348,30.910873413085938,4118700
2014-02-18,30.856033321380597,31.41661018167208,30.807288821220247,31.355676651000977,4984900
2014-02-19,31.17896777584855,31.599400933083228,30.856028251669223,31.19115447998047,5242800
2014-02-20,31.191166310148517,31.75174329095136,30.91087898193561,31.59941291809082,6078900
2014-02-21,31.57502412153366,31.666423230483602,31.08147311708057,31.099754333496094,5842700
2014-02-24,31.081477211894036,31.416605772611245,30.97180152083119,30.983985900878906,5693000
2014-02-25,31.03273252861038,31.154597247727363,30.770724196040536,30.904775619506836,5425000
2014-02-26,30.435595440346184,31.057103364416054,30.42340873700646,30.916959762573242,5710700
2014-02-27,30.83166690220558,31.026649595825102,30.752456780931876,31.020557403564453,5052900
2014-02-28,30.977905084608746,31.660344512277067,30.776827874351525,31.020557403564453,7095600
2014-03-03,30.673236785534296,30.990084165773155,30.338110508635506,30.520906448364258,6817700
2014-03-04,30.910877728476272,31.52019919520999,30.78901297025414,31.434894561767578,6198000
2014-03-05,31.48971873877053,31.75781922094339,31.25817603976279,31.50190544128418,5251100
2014-03-06,31.70907974243164,32.153883994727565,31.666427439086565,31.70907974243164,6529000
2014-03-07,31.837041083608295,31.989371423721252,31.08148157392235,31.355676651000977,5860700
2014-03-10,31.623782949559814,31.623782949559814,30.990088108460803,31.4775447845459,3086000
2014-03-11,31.489726842803982,31.770014099623776,31.38004881633077,31.532379150390625,3629800
2014-03-12,31.35568068917441,31.52629227264935,31.118045699894374,31.46535873413086,3924800
2014-03-13,31.6176969554329,31.745653931572303,31.16070576261155,31.270383834838867,4839400
2014-03-14,31.22771966466419,31.33130318004625,30.95352458809915,31.203346252441406,5466700
2014-03-17,31.361776298621475,31.800486169365772,31.233817025459853,31.672529220581055,3875500
2014-03-18,31.733455689838912,32.42808162774126,31.666429972255987,32.35496139526367,4712300
2014-03-19,32.3488820153469,32.616982667473756,31.95282206789883,32.36106872558594,6408600
2014-03-20,32.20871561910571,32.78147665013927,32.001546339901964,32.70835876464844,6922700
2014-03-21,33.037407316182964,33.34816020994403,32.348873477847484,32.57432174682617,12930500
2014-03-24,32.61696273604436,32.67180173642059,31.288642348598653,31.294736862182617,10161400
2014-03-25,31.48971736625034,31.74563113475521,31.380039372783752,31.49580955505371,6127200
2014-03-26,31.684711345191143,31.891880704653992,31.355677246448398,31.380050659179688,5684900
2014-03-27,31.398332348314327,31.58722282721214,31.33740113544498,31.4775447845459,4778000
2014-03-28,31.58112450327456,31.76392043076418,31.008360986263725,31.063199996948242,4208300
2014-03-31,31.282556476648093,31.501912522450187,31.04492153515461,31.319116592407227,4813100
2014-04-01,31.453167736506504,31.91625326857913,31.404423236716838,31.745641708374023,4250800
2014-04-02,31.74563838998041,32.54385011944008,31.678615000322683,32.501197814941406,6007200
2014-04-03,32.507298514857844,32.79977485709323,32.42199388352956,32.598697662353516,6841400
2014-04-04,32.76929642966247,33.17144836596384,31.715170934878223,31.806570053100586,7013200
2014-04-07,31.489736556602505,31.87360976767406,30.252814606277337,30.843854904174805,9146600
2014-04-08,30.67932860222257,30.99617597859811,29.81409341334726,29.91767692565918,8246900
2014-04-09,30.155311543069683,30.929147532794115,30.015165601484433,30.849937438964844,6018200
2014-04-10,30.51481946923723,30.630589708483356,28.81481205822451,28.851369857788086,13177200
2014-04-11,28.636184951237148,29.023491030208163,27.972227652696688,28.562410354614258,11465800
2014-04-14,28.955875418333278,29.20178613437835,28.40872653757031,28.789888381958008,7290800
2014-04-15,29.15260109401231,29.564501163930924,28.74685008142972,29.42310333251953,9531100
2014-04-16,29.865744815282827,30.025585145267105,29.27555954299219,29.58294677734375,7151000
2014-04-17,29.459985361407327,29.988691671086972,29.337032369072713,29.847293853759766,6196800
2014-04-21,29.816559540532335,30.400595711908323,29.75508303625205,30.3882999420166,4445000
2014-04-22,30.42517914414989,30.996917048102134,30.33910877784343,30.74485969543457,6613200
2014-04-23,30.824796676635742,30.89856896865386,30.36371574745947,30.824796676635742,6578300
2014-04-24,30.81863915468009,30.81863915468009,30.123943475034537,30.32067108154297,6628800
2014-04-25,30.867826676704297,31.341203316907865,30.093211848757548,30.210018157958984,7289100
2014-04-28,30.462083910239713,31.304324537133578,30.431345646299494,31.27358627319336,7932200
2014-04-29,31.3166118225656,31.679328867166415,31.2059522262346,31.580965042114258,5601300
2014-04-30,31.587117212933695,32.07278732782365,31.35350222597246,32.017459869384766,7430600
2014-05-01,31.90064216398948,32.02974422078896,31.605550743371456,31.728506088256836,4279800
2014-05-02,31.605556865033925,31.796137803778684,31.353499414528194,31.46415901184082,3341300
2014-05-05,31.347349862988715,31.580962462670158,30.929303054367285,31.57481575012207,2580300
2014-05-06,31.476464850845478,31.537941382269462,31.248998870361525,31.298179626464844,3353200
2014-05-07,32.20188393341916,32.503122078034906,31.519483969851315,32.453941345214844,7022600
2014-05-08,32.39246608710265,32.63837681398685,31.943681003940693,32.060489654541016,4092100
2014-05-09,32.01130648785067,32.1834425891149,31.4026810754216,32.12811279296875,5012500
2014-05-12,32.18959303300331,32.312548401419384,32.10352497866565,32.19573974609375,3626400
2014-05-13,32.244910606973384,32.2756488511294,31.919078652422094,32.091217041015625,4145200
2014-05-14,32.10967273617155,32.583049395604604,32.01745796574402,32.50312805175781,4878400
2014-05-15,32.55845689488324,32.626082464982474,32.22647810267535,32.3924674987793,6963800
2014-05-16,32.367872466736415,32.56460008328499,32.2203255817359,32.540008544921875,5826200
2014-05-19,32.484678154793215,33.32691839412273,32.40475682918179,33.26544189453125,6010500
2014-05-20,33.11176294773392,33.15479698552017,32.77363736005089,32.915035247802734,5021200
2014-05-21,32.890432722153484,33.09945612671823,32.64452200672023,32.7490348815918,4088000
2014-05-22,32.76133636125448,33.40684917028838,32.546163861457316,32.970359802246094,4486400
2014-05-23,33.16092324015035,33.43142541954282,33.09944675129446,33.16707229614258,3023500
2014-05-27,33.3207676901958,33.3207676901958,33.06256126345447,33.19166564941406,3816300
2014-05-28,33.173230602168665,33.57283495494093,33.08716254961551,33.2408561706543,4108300
2014-05-29,33.259300660952505,33.474473150493324,33.044130516590364,33.21626663208008,2768600
2014-05-30,33.185530924107084,33.462179948950336,33.130201119138434,33.40070343017578,4025600
2014-06-02,33.46217900103285,33.78186204899808,33.142495953067616,33.290042877197266,3635000
2014-06-03,33.23472193740797,33.48677947675264,33.11791324064228,33.42530059814453,3078000
2014-06-04,33.148617730297275,33.591255824528176,32.99492420815344,33.55437088012695,3388200
2014-06-05,33.53594748980116,34.00932412187894,33.41914118260477,33.99702835083008,4847300
2014-06-06,34.009324165095265,34.05850724935321,33.74497095015515,33.87407302856445,3449800
2014-06-09,33.45604017507175,33.73883833738518,33.02569973385905,33.09947204589844,6297500
2014-06-10,32.66911457968494,33.2470040756616,32.14655722434878,33.179378509521484,8414700
2014-06-11,33.10559940404863,33.62815903382594,33.04412290415866,33.33921432495117,5386800
2014-06-12,33.33307076351705,33.35151324619151,32.865840877551626,32.98879623413086,3941600
2014-06-13,32.99493646323294,33.38839399600906,32.85353865176345,33.29617691040039,4413000
2014-06-16,33.30847833957146,33.3883996710046,32.859693293364046,33.197818756103516,4410400
2014-06-17,33.499048900287804,33.52978714282175,33.105591422249404,33.382240295410156,3385000
2014-06-18,33.36381259426045,33.57283601930705,33.19782319685474,33.54824447631836,3337300
2014-06-19,33.28389034576472,33.69579047148338,33.148639208188655,33.31462860107422,3952800
2014-06-20,34.19375951340099,34.19375951340099,32.68141469655448,32.76748275756836,13457700
2014-06-23,33.05026750009843,33.44372504780957,32.915018739963905,33.04412078857422,6235600
2014-06-24,33.0379873899405,33.16708949057342,32.847406423402184,32.945770263671875,5483500
2014-06-25,32.902722022144005,34.29826001566253,32.828949760092655,33.81258773803711,11085100
2014-06-26,33.855638766096064,34.759358224778445,33.794162241023145,34.74091339111328,10716400
2014-06-27,34.783934294125004,34.98066190103004,34.59950011062074,34.91303634643555,7490800
2014-06-30,34.740910008959844,34.974525002816065,34.48885252841301,34.6978759765625,6229700
2014-07-01,34.68557686566322,35.16510258008077,34.531883237555505,34.97452163696289,6869800
2014-07-02,35.324940184950734,35.724544525146484,34.992961411112276,35.724544525146484,6198500
2014-07-03,35.59544762325561,35.8229135516404,35.441753984718545,35.79217529296875,3828900
2014-07-07,35.60158551829825,35.749132406624696,35.281902547906135,35.28805160522461,4736300
2014-07-08,34.84543299616252,35.02371823639586,34.10770282758078,34.2368049621582,9297300
2014-07-09,34.15687251502895,34.20605325618511,33.701938347146644,33.81874465942383,11516300
2014-07-10,33.505200302714236,34.353589517487826,33.36994920241149,34.29825973510742,7553100
2014-07-11,34.279683258085505,35.06017373963202,33.74696644487037,34.04429626464844,13586800
2014-07-14,33.38149474752791,34.100042330606165,33.27619148072499,33.97615432739258,30823300
2014-07-15,33.77175826870501,33.87706158894601,33.07179270386004,33.10276412963867,16796400
2014-07-16,32.98506919355809,33.24523198536708,32.09927278016781,33.232845306396484,23291200
2014-07-17,32.96027527498483,34.069069184651944,32.75586208861976,33.15230178833008,18699000
2014-07-18,32.8301877538283,34.14339460235079,32.8301877538283,34.01331329345703,42456000
2014-07-21,33.536355448691644,33.72838197919541,33.39388506656326,33.44963455200195,22334900
2014-07-22,33.338143293409296,33.685029323382224,33.294782835033644,33.480613708496094,14724300
2014-07-23,33.746971130371094,33.95138673901915,33.49300172636355,33.746971130371094,15011300
2014-07-24,33.585923656098345,33.79653263637845,33.43106418127379,33.499202728271484,11712800
2014-07-25,33.69741479852043,33.753164290958246,32.84878337330392,32.94169998168945,11680900
2014-07-28,33.09037099324416,33.449646104142936,32.93551152053979,33.28859329223633,10466000
2014-07-29,33.17088948206567,33.2390280094404,32.97886530088311,33.0965576171875,16171500
2014-07-30,33.00364043661935,33.381497817839566,32.848781009100726,33.294776916503906,12680100
2014-07-31,32.91072397021088,33.077972424166276,32.39658957142572,32.42136764526367,15479900
2014-08-01,32.2293321828242,32.60718943371787,32.0558904399746,32.508079528808594,11593200
2014-08-04,32.5700416348697,33.07798045706334,32.43995789711357,33.00984191894531,10456300
2014-08-05,32.687729980139174,32.94789269796264,32.48951009142583,32.70011901855469,12783800
2014-08-06,31.888654232023153,32.619590946475924,31.82051570327405,32.24173355102539,18126200
2014-08-07,31.956799180097295,32.65056891923868,31.851493515522463,32.47712707519531,17171700
2014-08-08,32.65676138916696,32.76206468035244,32.39040294762201,32.71870422363281,13117700
2014-08-11,32.83020926737421,33.23284485451981,32.68773883146819,33.02223587036133,10074600
2014-08-12,32.96646986616192,33.01602364547626,32.563834480510884,32.731082916259766,8524600
2014-08-13,32.811618255447506,33.226640412228015,32.67534119478884,33.20186233520508,9029400
2014-08-14,33.214253867732616,33.59211130031904,33.15850437172859,33.56733322143555,7959800
2014-08-15,33.660247068911815,33.81510650475279,33.18947542366096,33.3876953125,10109300
2014-08-18,33.69122402592876,33.7717516074443,33.350533683626175,33.64167022705078,7370500
2014-08-19,33.74697652647936,34.2611111179788,33.56114562897366,34.248722076416016,9159300
2014-08-20,33.95757323678169,34.18057117839703,33.87704567720566,34.106239318847656,7612200
2014-08-21,33.938992987275256,34.14340620457446,33.87085446051974,34.04429626464844,8063200
2014-08-22,33.98855085637322,34.23632691741962,33.67263862335834,34.19296646118164,9314600
2014-08-25,34.304463275787604,34.63895786511911,34.18057525312493,34.60798645019531,7553500
2014-08-26,34.490296617358595,34.65134940436553,34.46551853844441,34.53365707397461,9309800
2014-08-27,34.59558832314542,34.59558832314542,34.31684329909189,34.5026741027832,11022600
2014-08-28,34.391184885681106,34.49029483324346,34.223936406113225,34.440738677978516,7277900
2014-08-29,34.53365973562104,34.56463115516705,34.21774747550328,34.242523193359375,7524400
2014-09-02,34.335436179774625,34.39737901230856,34.04429966833641,34.1124382019043,7354900
2014-09-03,34.16818841076933,34.39737973149801,33.963775168759334,34.38499069213867,7562100
2014-09-04,34.29206929977647,34.44073301519276,34.124820847707774,34.403568267822266,10019400
2014-09-05,34.37260679100654,34.65135192871094,33.98855362876131,34.65135192871094,9914300
2014-09-08,34.55223865444428,34.65754430591603,34.29826925885285,34.422157287597656,6568800
2014-09-09,34.39737849461706,35.41945175681768,34.335435663015375,35.276981353759766,17558900
2014-09-10,35.24600877001908,35.506171489686245,35.004426063655664,35.42564392089844,8740300
2014-09-11,35.307951517405506,35.85305739544547,35.21503491033061,35.83447265625,9943900
2014-09-12,35.83448456005082,36.40436870434866,35.76634837025831,35.85306930541992,15556200
2014-09-15,35.77253420617224,36.0203102800601,35.59909237223139,35.884033203125,8632700
2014-09-16,35.69819264545439,36.36099074589631,35.592887015579265,36.29904556274414,9112400
2014-09-17,36.478684647382686,37.17864988837786,36.39196375013796,36.93087387084961,14389400
2014-09-18,36.91848720785215,36.94946098426049,36.60876834750787,36.8255729675293,10980500
2014-09-19,37.0671565271374,37.12290602137094,36.55302203998726,36.5839958190918,13986900
2014-09-22,36.68929924224147,36.732659697587074,36.18136045422073,36.367191314697266,9045900
2014-09-23,35.18406453790519,36.09463880753074,35.060176512457815,35.65483856201172,24204400
2014-09-24,35.71678260720821,36.76363161373581,35.68581119053558,36.57780075073242,15763800
2014-09-25,36.218508335426534,36.85652815062424,35.908789611471704,35.927371978759766,10079400
2014-09-26,36.26186827232494,36.69547495253093,35.98931428666993,36.66450119018555,15866000
2014-09-29,36.01412082930154,36.44153451279294,35.890232770855214,36.249507904052734,7640400
2014-09-30,36.08843586096647,36.42912845328605,35.76013466796804,35.778717041015625,8599000
2014-10-01,35.88403883965977,35.8902321791443,35.28318330203053,35.45043182373047,8431900
2014-10-02,35.642458839694605,35.74156881336519,34.77524479785084,35.103546142578125,8371500
2014-10-03,35.568111209360275,36.410546850188,35.518557422647206,36.35479736328125,11675600
2014-10-06,36.292845274628,36.540621233845116,35.71676817796989,35.80968475341797,7359900
2014-10-07,35.67960845137181,35.67960845137181,35.004421304036306,35.09114456176758,8923500
2014-10-08,35.0230092503544,36.20613520084795,34.800011293115006,36.137996673583984,10917200
2014-10-09,36.249505392506386,36.26808777294699,35.12832196755219,35.134517669677734,11911600
2014-10-10,34.9410522675266,35.36541004933182,34.29203056260867,34.30451202392578,12108700
2014-10-13,34.248347742272514,34.416843904591936,33.43707177527175,33.462032318115234,16908200
2014-10-14,33.44331540394263,34.22338900229863,33.08760203353994,33.78030776977539,14293600
2014-10-15,32.657007214290275,34.77256675280515,32.48851100583386,34.092342376708984,122740200
2014-10-16,34.822467542080304,34.884874827100454,32.97525475618518,33.012699127197266,61236700
2014-10-17,33.56188285241538,33.636771625456866,33.01271280035077,33.3060188293457,31891900
2014-10-20,32.80053212424614,34.06737075500659,32.607073034871775,33.955039978027344,17954600
2014-10-21,34.510438714869814,35.228107028222226,34.33570307569303,35.128257751464844,17522100
2014-10-22,35.54638364951434,35.852173465730026,35.109542075175526,35.508941650390625,16048100
2014-10-23,36.25782087871254,37.256316539936115,36.120529540498566,37.143985748291016,14729300
2014-10-24,37.03164026823097,37.69938283115578,37.03164026823097,37.62449645996094,10391600
2014-10-27,37.66193552148233,38.055093105670096,37.574567698461635,37.749305725097656,10010900
2014-10-28,37.91780405099725,38.14870747480883,37.71810546541609,38.023895263671875,9412500
2014-10-29,38.061338478552486,38.061338478552486,37.04412220266181,37.43103790283203,16547900
2014-10-30,37.44352308926878,38.335927246677294,37.38735770941107,38.17991256713867,11635300
2014-10-31,39.353157243134035,39.93353224232086,38.922555055004246,39.602779388427734,15009900
2014-11-03,39.72758183904543,39.87735699370537,39.27825875566093,39.471717834472656,8250800
2014-11-04,39.446755108985485,39.69637957446727,38.89134317291361,39.10352325439453,9741700
2014-11-05,39.62148550815176,39.733813877193704,38.81644926261951,39.028629302978516,6465000
2014-11-06,39.15967895042597,39.55907609189372,38.95373846027211,39.13471603393555,5152400
2014-11-07,38.88509266840354,38.897574126217854,38.26103406125558,38.37960433959961,7002600
2014-11-10,38.68539921119249,39.9771981274692,38.61051045442096,39.8087043762207,9513000
2014-11-11,39.74630775206149,40.064576721723434,39.627737426225785,39.84615707397461,5041200
2014-11-12,39.66517200596025,39.952236057303026,39.66517200596025,39.789981842041016,5366700
2014-11-13,40.09577809601227,40.43277042100258,39.565329065657274,39.7088623046875,4510200
2014-11-14,39.92727684064084,39.93975830078125,39.396827877946635,39.93975830078125,4684900
2014-11-17,39.989683653600984,40.8196828883515,39.95847881333301,40.58877944946289,7117100
2014-11-18,40.426524608804044,41.337649802219886,40.426524608804044,41.21908187866211,6432200
2014-11-19,41.112979792785396,41.281478284899045,40.70110358319864,40.87583923339844,5710900
2014-11-20,40.58877093628966,40.98816804976055,40.52012411105037,40.68238067626953,4975500
2014-11-21,41.443748052450836,42.036602020263665,41.03186695054145,42.03660202026367,9165900
2014-11-24,42.06156162382294,42.47343793202829,42.06156162382294,42.298702239990234,7730400
2014-11-25,42.21133851399709,42.56705185356259,41.90555102308418,42.47344207763672,7550800
2014-11-26,42.648183110256035,42.97269640581402,42.36111658645725,42.87284469604492,4046000
2014-11-28,43.06005419736892,43.35960449540485,42.991407353260485,43.18486404418945,2953700
2014-12-01,43.10999069490865,43.37209429472315,42.953975967229795,43.12871170043945,4885100
2014-12-02,42.98516361871478,43.3658398250016,42.84163277704679,43.228546142578125,6491500
2014-12-03,43.166146054842685,43.35960752045927,42.69186479488326,42.74802780151367,5817700
2014-12-04,42.654407726365626,43.5967376199185,42.616965730989236,43.4157600402832,7665300
2014-12-05,43.38455538431843,43.79019446028345,43.272224636531035,43.50312805175781,4360100
2014-12-08,43.565537517555235,44.15839615551957,43.278471079029515,43.3221549987793,5452100
2014-12-09,42.567047946486674,43.17862763336878,42.19261363834218,43.147422790527344,6833800
2014-12-10,43.334634832852515,43.334634832852515,42.14268050801271,42.173885345458984,8575700
2014-12-11,41.487436064180805,42.411040532006595,41.33765850627011,41.830665588378906,9518000
2014-12-12,41.518626582419174,41.91802378908286,40.570059406890486,40.7323112487793,9215500
2014-12-15,41.03186292320205,41.481185986204764,40.44524617303845,40.95073699951172,7226000
2014-12-16,40.632469336567375,41.77449809695983,40.43901262982656,40.7198371887207,8545100
2014-12-17,40.87584037087774,41.64967174094908,40.61997404654403,41.543582916259766,5934900
2014-12-18,42.34862062642419,42.44223037672917,41.93673962955817,42.38606262207031,7184700
2014-12-19,42.242548687854416,42.82292365836965,41.71209481109746,42.255027770996094,12631000
2014-12-22,42.4609594006381,42.59201117136096,41.705848858173695,41.793216705322266,12876600
2014-12-23,41.95548446829573,42.011647487305666,39.952251088821406,40.1581916809082,12123000
2014-12-24,40.40781378607758,41.780741461977335,40.40781378607758,41.318939208984375,4705500
2014-12-26,41.50614917309101,41.96170939846725,41.50614917309101,41.79945755004883,4158200
2014-12-29,41.54982828246713,42.042835213684164,41.44997660775435,41.89929962158203,3872800
2014-12-30,41.66839896874964,41.911786251767914,41.200354925051045,41.37509536743164,5568800
2014-12-31,41.63720392659011,41.87434455672545,40.78224165597006,40.838409423828125,3917300
2015-01-02,40.83841142296668,41.43750732936535,40.83841142296668,41.11923599243164,5086100
2015-01-05,40.87585078367982,41.250285105795996,39.86487620948986,40.345401763916016,8007400
2015-01-06,40.95073875763774,41.03186468481101,39.75254466505384,40.14570236206055,5483700
2015-01-07,40.2954705801258,41.84313827069792,40.239307581784,41.76824951171875,8283300
2015-01-08,42.5358600688496,42.61698601784651,42.074053020489586,42.20510482788086,7949000
2015-01-09,41.61848248825293,41.93674904508062,40.63246845121745,41.05058670043945,8779900
2015-01-12,41.40005162158987,41.76824872817603,40.757271926277916,41.03810119628906,6159800
2015-01-13,41.321037854864365,41.54109719646016,39.55426714638481,39.85606384277344,13908400
2015-01-14,39.37193142466286,40.28361030645684,38.894087248542505,40.05097579956055,9448300
2015-01-15,40.23960447976118,40.30876668371554,39.52912329159454,39.54169845581055,6149100
2015-01-16,39.57941801609408,40.62942128531103,39.384506597661314,40.57912063598633,8106000
2015-01-20,40.906070527467186,41.05068371365439,39.453673869059514,39.893795013427734,9065300
2015-01-21,39.67373732038167,39.893799114421284,39.15816753778347,39.4222412109375,7979500
2015-01-22,39.73661008358458,39.89379603929617,38.906668429304744,39.59828567504883,8941700
2015-01-23,40.02581087765544,40.02581087765544,39.20215603407242,39.25245666503906,6881100
2015-01-26,39.145596294798416,39.636018194518094,38.78092606010201,39.50398254394531,8181100
2015-01-27,39.18960591113614,39.925235075434884,39.10786853783601,39.673736572265625,6532300
2015-01-28,39.88750875039087,39.96295973885206,38.78720701923988,38.8878059387207,6910100
2015-01-29,39.057554722675455,39.84977306190099,38.72432135691128,39.68629837036133,8485600
2015-01-30,39.03869036906087,39.409649190416545,37.80006470482022,37.94467544555664,17582500
2015-02-02,38.66145345887068,38.66145345887068,36.87582114914003,38.16474533081055,11491100
2015-02-03,38.73061152443094,38.831210421956726,37.712047387174,38.76205062866211,10721800
2015-02-04,37.064448731089456,37.064448731089456,35.61833842234847,35.78181076049805,31250600
2015-02-05,36.184204772984685,36.63061228995727,35.303964902703605,36.460853576660156,18964700
2015-02-06,36.28480122705031,36.36025220392619,35.643482314407784,35.77552032470703,13890900
2015-02-09,35.00216997462618,35.429715996674325,34.69408682249789,34.88270950317383,22522000
2015-02-10,35.165632742315964,35.844674641089924,34.958146185336865,35.76922607421875,18917000
2015-02-11,36.06473404702218,36.36024431281836,35.37311463322826,35.64347457885742,14681600
2015-02-12,36.089889002533944,36.20306305935496,35.31024576648549,35.86982727050781,11940900
2015-02-13,36.05845597813466,36.530013828233024,35.77552318684945,36.49857711791992,11303200
2015-02-17,37.06443725381595,37.0958739554408,36.404256925827696,36.91982650756836,12789700
2015-02-18,37.190181935986345,37.39766606025095,36.662037258131484,37.246768951416016,10781700
2015-02-19,37.0455741438772,37.14617542887671,36.87581547160714,37.09587478637695,8665500
2015-02-20,37.479412382079225,38.567138696462514,37.23420272256355,38.541988372802734,15534000
2015-02-23,38.692886126778,38.91923423231384,37.87551983337272,38.083003997802734,11582700
2015-02-24,38.2590656116876,38.54200084827487,38.05158137050205,38.27164077758789,7900700
2015-02-25,38.41624528404553,38.41624528404553,37.85666368487632,38.11444854736328,9983900
2015-02-26,37.94469081881219,38.23391481593035,37.89439255744434,38.051578521728516,7328200
2015-02-27,38.0578553789326,38.34707930365679,37.957256482909756,38.03899383544922,8649100
2015-03-02,38.039001494457835,38.196187451046505,37.76235507431003,38.013851165771484,6150900
2015-03-03,37.944685174265125,38.00756098970604,37.3725284453219,37.48570251464844,7421000
2015-03-04,37.297075491728485,37.98869259120835,37.11473924603162,37.89438247680664,8536000
2015-03-05,35.97043321703026,37.39768197031293,35.6183382143131,35.75037384033203,47051800
2015-03-06,35.806962178871004,36.08989738665281,34.85755763703289,34.983306884765625,22853000
2015-03-09,35.165627389500735,35.22850078591185,34.74436795845402,34.92041778564453,14779900
2015-03-10,34.71922275645172,35.398264605012585,34.44257403427026,35.10904312133789,17907700
2015-03-11,35.32911581515364,35.76295060356727,34.995882344548626,35.5994758605957,14629000
2015-03-12,35.70006079512753,37.03928533299642,35.61832585412726,36.46712875366211,18227800
2015-03-13,36.54257731399562,37.01413501339642,36.05844445479482,36.46712875366211,10114500
2015-03-16,36.756351178693265,37.535994317073,36.674616235591536,37.171321868896484,12098700
2015-03-17,36.91983285951741,37.83779813630923,36.90725769701063,37.55486297607422,10983600
2015-03-18,37.57373061673854,37.98870145292103,37.25307231542509,37.65546798706055,11889200
2015-03-19,37.78121451503335,38.65516800118276,37.718341095290434,38.47283172607422,14110500
2015-03-20,38.66774098180958,38.81235175782794,37.92582315808611,37.97612380981445,13313100
2015-03-23,37.75606059683966,38.47282806699414,37.4857006004176,38.02642059326172,7926400
2015-03-24,38.133315785393485,38.24020108953588,37.378822679299205,37.49199676513672,7970000
2015-03-25,37.774920918131144,37.78120729951796,36.59916852605462,36.6054573059082,11619200
2015-03-26,36.454555597698324,36.523717781166795,35.976711491364604,36.008148193359375,10853900
2015-03-27,36.23449515240193,36.498566319061794,36.03329738776588,36.2470703125,6830100
2015-03-30,36.42312674556901,36.680911595030175,36.33510300162624,36.618038177490234,5781900
2015-03-31,36.47343522052878,36.97643229566716,36.28481251658578,36.806671142578125,12313600
2015-04-01,36.76893507223726,36.77522385302591,35.41713741719793,35.901268005371094,14903300
2015-04-02,36.11504848238225,36.347685450538634,35.77552860175753,35.844688415527344,8787000
2015-04-06,35.718944410167296,36.39798662415848,35.637207025674755,36.22193908691406,10280100
2015-04-07,36.62431971121135,36.93869155422604,36.33509819126987,36.731204986572266,10171500
2015-04-08,36.78150613273706,37.083302818317854,36.43569758041325,36.976417541503906,11075800
2015-04-09,37.22163087574779,37.99498540866057,37.127318352857436,37.92582321166992,12698000
2015-04-10,38.038986082999934,39.18958797032809,37.92581204823105,38.98210144042969,17894700
2015-04-13,39.18498250302955,39.40686704889284,38.709513546156636,38.79826736450195,11400900
2015-04-14,38.92505172284181,39.18497460346498,38.36082664300936,39.1279182434082,13071400
2015-04-15,39.36882453635843,39.749201113014024,39.28641166702232,39.32444763183594,11534200
2015-04-16,39.1786346397127,39.88232895847804,39.08354231615722,39.67946243286133,9815600
2015-04-17,39.38150648406673,39.80625999206485,39.223016838376104,39.489280700683594,9905600
2015-04-20,39.88233605049345,40.573351031991464,39.81260021646959,40.28173065185547,12779200
2015-04-21,40.50361082818831,40.72549535036217,40.11055720961179,40.32610321044922,8457300
2015-04-22,40.31976674525052,41.036143072123124,40.294410238730926,40.90300750732422,13874300
2015-04-23,41.372141612595826,41.40383664211295,39.76822463170977,40.731842041015625,18405300
2015-04-24,40.76987455513127,42.075832513233834,40.662102757811766,41.885643005371094,14859500
2015-04-27,41.85394843402087,42.25968642454604,41.118558906520576,41.21998977661133,18141700
2015-04-28,40.953723718332135,42.15190505981445,40.70013931640187,42.15190505981445,13084900
2015-04-29,41.65107780544981,41.95538005956206,41.53062896122892,41.6067008972168,9864300
2015-04-30,41.45455498080009,41.790552285299185,40.77621943113572,40.99176788330078,10298600
2015-05-01,41.264364425577305,41.52428978248278,40.49727749095766,40.77621841430664,9870800
2015-05-04,40.77620724962602,41.486242453784364,40.57968167816968,41.004432678222656,8493500
2015-05-05,40.700143688063136,41.14391764828755,40.433882213960906,40.48460006713867,7635900
2015-05-06,40.64308687383465,40.90934832922043,40.192976841143334,40.53531265258789,8476300
2015-05-07,40.31342083321745,41.086848553389366,40.31342083321745,41.017112731933594,8638200
2015-05-08,41.270697490650626,41.71447134384358,41.143907725006656,41.35945129394531,7541100
2015-05-11,41.32775889823937,41.714473995773645,41.25802307168598,41.3340950012207,7978700
2015-05-12,41.04881325004921,41.37846954490458,40.94737756749706,41.086849212646484,5927000
2015-05-13,41.19462493114223,41.410168496759354,40.972735589605314,41.397491455078125,8519200
2015-05-14,41.7525221486952,42.012442711679725,41.16928128064682,41.82225799560547,5868900
2015-05-15,41.796883014566696,42.17091619824168,41.78420597305203,41.83491897583008,6786400
2015-05-18,41.70814122627584,41.78421800743307,41.29606712593556,41.59402847290039,7858100
2015-05-19,41.65742691220172,41.91735230903668,41.460901256745856,41.670108795166016,7674600
2015-05-20,41.79054813475634,41.96805576201522,41.45455086362774,41.77153015136719,9956000
2015-05-21,41.49258633531282,41.72081180669963,41.12489404182966,41.619380950927734,10553400
2015-05-22,41.51161193847656,41.758855409602845,41.403835298797645,41.51161193847656,14041500
2015-05-26,41.663756762978885,42.475222934722275,41.625720797653386,41.904659271240234,21034300
2015-05-27,42.31673334178024,43.102840591900275,42.202620608962825,42.71612548828125,40778800
2015-05-28,42.74148967848605,42.811225514731355,42.24066178032453,42.773189544677734,12891500
2015-05-29,42.61469083185348,42.80487547842925,42.0885041198935,42.215293884277344,9451000
2015-06-01,42.348438102600525,42.64005848981741,42.00609986454926,42.430850982666016,12426700
2015-06-02,42.285034603834525,42.62103670813988,42.050473028881775,42.23432159423828,11133200
2015-06-03,42.411823932606296,42.66540829585608,42.23431632934727,42.48155975341797,20804000
2015-06-04,42.189948501200284,43.02677369417468,42.170925679572285,42.74148941040039,10539000
2015-06-05,42.462540331443165,42.957027162801936,42.23431489593615,42.72880172729492,8908900
2015-06-08,43.02042441762801,43.23596798710836,42.811216950742114,42.97604751586914,10276700
2015-06-09,42.8048800711473,43.15990015560876,42.798543967951915,42.89997482299805,8132800
2015-06-10,42.893641153858766,43.38812808747897,42.81756438071709,43.26133346557617,7349300
2015-06-11,43.53393655534068,43.53393655534068,42.88730090178107,43.134544372558594,7552200
2015-06-12,43.0394542729552,43.064813200487876,42.21530605666631,42.50693130493164,8249900
2015-06-15,42.25969268521464,42.50693621129522,41.90467249549985,42.418182373046875,7028400
2015-06-16,42.29769646808293,42.728788284334335,42.23430160854667,42.32939147949219,5200700
2015-06-17,42.456203540045856,43.10283911267302,42.39914475723537,42.9633674621582,7377100
2015-06-18,42.976052678063986,43.78751888582325,42.976052678063986,43.730464935302734,9079000
2015-06-19,43.426169387484165,44.21861773397111,43.426169387484165,44.04745101928711,9979500
2015-06-22,44.282006876613295,44.757475822682984,44.20593494074309,44.45317840576172,10124900
2015-06-23,44.38344203377504,44.68773944699659,44.10449870772181,44.38977813720703,8720000
2015-06-24,44.706761282581226,44.852573898322945,43.76216426077111,43.88261795043945,9308200
2015-06-25,44.16789048080414,44.618000465426434,43.92698797595159,44.26298522949219,6191200
2015-06-26,44.345403807584454,44.757477880467896,44.17423710728665,44.668724060058594,9669500
2015-06-29,43.91431926854651,44.38978831788284,42.52595293345488,42.58934783935547,12057200
2015-06-30,43.109192880715746,43.248664572734626,42.25969051910428,42.59568786621094,11459600
2015-07-01,43.0457800726033,43.489549056526556,42.90630843859337,43.4324951171875,7694900
2015-07-02,43.540274686135305,43.679746345106416,42.97605194700312,43.242313385009766,6245700
2015-07-06,42.81122423711813,43.74314416938463,42.78586531226567,43.2486572265625,17029100
2015-07-07,43.37544525114599,43.61001166895725,42.678091774567854,43.46419906616211,7821600
2015-07-08,42.97605148265047,43.388125515143585,42.842920765085616,42.893638610839844,5027200
2015-07-09,43.41348440510841,43.692422883105216,42.982392389964275,43.09016418457031,6516800
2015-07-10,43.705090401043016,44.060105530952605,43.44516515470321,43.888938903808594,6891400
2015-07-13,44.336027028296684,44.51485206105719,44.176361124386695,44.431827545166016,5507000
2015-07-14,44.5212340266996,45.03854992600852,44.323249891925286,44.57871627807617,6628300
2015-07-15,44.58509024781072,44.73198497327717,44.26575854886323,44.54677200317383,16761400
2015-07-16,44.79584701640917,44.89803549134911,44.59786293698137,44.70004653930664,6843800
2015-07-17,44.70004653930664,44.789459018571755,44.514833582939,44.70004653930664,6141200
2015-07-20,44.70643642850385,45.4153531673936,44.61702394545603,45.217369079589844,9633000
2015-07-21,45.223748446576806,45.72829305762288,44.84693942399368,45.05131149291992,5028500
2015-07-22,44.872494620492255,45.121572972070766,44.72559988546668,45.064090728759766,5701700
2015-07-23,44.86610291601488,45.30039421387877,44.79584955366815,45.03853988647461,5636600
2015-07-24,43.128934932200345,44.08054195244709,43.01397533513187,43.480201721191406,13495200
2015-07-27,43.72290520909303,45.31956405344765,43.72290520909303,44.28492736816406,12841500
2015-07-28,44.387099479566714,45.62610784441997,44.11886206221115,45.49198913574219,10098300
2015-07-29,45.530311717841165,45.67081843727279,45.17904491926208,45.198204040527344,6793300
2015-07-30,45.255686676429946,45.26845779984794,44.24020938687393,44.808624267578125,6820400
2015-07-31,44.94913194835085,44.94913194835085,44.534004603098225,44.71282958984375,6181300
2015-08-03,44.82778881172611,45.210985904612826,44.24660273729919,44.53400421142578,9872300
2015-08-04,44.73199702556581,44.95552830053281,44.49568975053422,44.67451477050781,5410900
2015-08-05,44.77030516278738,45.1151839973464,44.738374915074566,44.898040771484375,10090200
2015-08-06,44.94275461805725,45.20460413309902,43.940053065109865,44.22106170654297,6172200
2015-08-07,44.11886926840873,44.259375997386954,43.2822168929334,43.8250846862793,6214500
2015-08-10,44.0166836827791,44.342403405710165,43.74844620394901,44.20189666748047,8189400
2015-08-11,43.74845679426368,44.25300162521808,43.390806735912854,43.58879089355469,7473200
2015-08-12,43.320542375926266,44.01668318781663,42.943728411946104,43.908111572265625,8337600
2015-08-13,43.86339929605195,44.12524873712444,43.56322674040653,43.77398681640625,7184900
2015-08-14,43.786771286964786,44.3487983276191,43.69097565286796,43.84425354003906,5864800
2015-08-17,43.88257212356703,44.5914890569099,43.620722600706955,44.30409240722656,17669900
2015-08-18,44.336020680821086,44.540392813661754,43.85702303766801,43.978370666503906,6376500
2015-08-19,43.908131070202,44.11889126876718,43.56325207417286,43.80594253540039,6270300
2015-08-20,43.42911441479506,43.70373989202852,43.09701156616211,43.09701156616211,9600900
2015-08-21,42.624407676557546,42.892650094117975,42.043226329179284,42.08793258666992,16277100
2015-08-24,39.067035467958675,41.41731676185919,34.40479355775538,40.523189544677734,24292600
2015-08-25,41.583390691216316,41.58977869205673,38.73495139351175,38.77326965332031,15267000
2015-08-26,39.89731476992734,40.376312456700695,38.881839576515496,40.325218200683594,15289600
2015-08-27,40.893608098319135,41.2576459646425,40.23578571466586,41.20016860961914,12592100
2015-08-28,40.816980460529756,41.3726169726281,40.516807863320125,40.86168670654297,7316400
2015-08-31,40.96388122022643,41.07245285830873,39.75680745595143,39.85899353027344,15581100
2015-09-01,38.95847282724932,39.36083150746744,38.42199539906111,38.63914108276367,12703200
2015-09-02,39.31611991239144,39.34166459688305,38.498629100971804,38.94569396972656,12044500
2015-09-03,39.245872446623345,39.775961883181324,39.182004635026786,39.32889938354492,11777400
2015-09-04,38.7349409557477,38.83073901576323,37.65559811756148,38.172916412353516,9281400
2015-09-08,38.460310491219225,38.920146479703696,38.26232396136546,38.683841705322266,9263200
2015-09-09,39.29057146121403,39.29057146121403,37.75139281164186,37.847190856933594,8436900
2015-09-10,37.911075550483794,38.402846864972204,37.61090284826538,38.05158233642578,9306600
2015-09-11,38.07712161683836,38.166534127429266,37.66199175533658,37.90468215942383,9365400
2015-09-14,37.955772269520736,38.07711745831186,36.748698635755645,37.642826080322266,9095600
2015-09-15,37.66836170050024,37.96214623814519,37.27877669191112,37.808868408203125,10474700
2015-09-16,38.000473263497,38.08988575195484,37.44483677357501,38.006858825683594,8044200
2015-09-17,38.038786327435524,38.90736635300768,37.930212301547066,38.230384826660156,10281700
2015-09-18,37.94938741225248,39.48856892448172,37.66199076046161,39.09898376464844,28957000
2015-09-21,39.11175432458464,39.43108607876988,37.86635999600058,37.93022537231445,11038100
2015-09-22,37.151061253459645,37.208541076166576,36.34634617187096,36.87643814086914,14192000
2015-09-23,36.97860498663049,37.29793662749498,36.49960752533376,36.67843246459961,9827000
2015-09-24,36.35910391367137,36.710368261212686,35.71405257997421,36.12918472290039,8625500
2015-09-25,36.940294299981794,36.96584142287168,35.1775842378116,35.59910202026367,8673500
2015-09-28,35.37556387803052,35.40111099769128,33.427641075584276,33.52982711791992,15123000
2015-09-29,33.913030049898296,34.609173345403704,33.13386225555573,33.71504592895508,12842800
2015-09-30,34.19404302453564,34.80715937561237,34.07908340417028,34.74967956542969,11895500
2015-10-01,34.92213072923423,35.273395271121764,34.44313296221252,35.209529876708984,9255800
2015-10-02,34.40479809221031,35.66935138391252,34.309000040051004,35.65019226074219,6942600
2015-10-05,36.01423083562794,36.37188323754787,35.407500082997274,36.19944381713867,9332800
2015-10-06,35.931214058659,36.19306604445516,34.46228822525839,35.17759323120117,9008300
2015-10-07,35.0306838551676,36.11641203997645,34.43034118182969,35.52884292602539,11056100
2015-10-08,35.20951538447476,35.867337934139435,34.99875528430591,35.79069900512695,6737300
2015-10-09,35.880119081276305,36.08449122605907,35.426668537308814,35.535240173339844,7178500
2015-10-12,35.63741855302303,35.93759114176215,35.45859357401639,35.61825942993164,6515000
2015-10-13,35.56025141372046,35.682718965104755,34.61919764843552,34.677207946777344,9467900
2015-10-14,34.864125432588565,35.2057402203201,34.52895513986656,34.76744079589844,8727400
2015-10-15,35.01238309081818,36.22415256758182,34.709440106928994,36.18547821044922,7781600
2015-10-16,36.28216280550949,36.7204623503471,35.95988387305791,36.43685531616211,7342800
2015-10-19,36.2821651034135,36.54643374640933,35.89542888470207,36.19837188720703,6463000
2015-10-20,36.19192253962419,36.34017054301791,35.21219435916774,35.34110641479492,6494600
2015-10-21,35.63114749442549,35.84385270743906,34.20667562249626,34.69654083251953,11638800
2015-10-22,34.72877609004249,35.089726896238396,29.295153461354577,31.11280632019043,46517700
2015-10-23,31.847605336462752,33.34297944878114,31.35129546470635,32.447044372558594,26214800
2015-10-26,32.33746353235812,33.826392930301246,31.808926334915355,33.43321228027344,13890400
2015-10-27,33.523449861619355,34.47739756268379,33.523449861619355,33.89085006713867,11710800
2015-10-28,34.04555035845819,34.70299975548737,33.56857885747983,34.32915496826172,7869000
2015-10-29,34.29048192631052,35.566706316225485,34.174461303700674,34.870582580566406,9304400
2015-10-30,37.300565371621765,39.14400137815881,37.165208801327495,38.3834228515625,27465600
2015-11-02,39.70476283177462,41.380612269032696,39.60163367346325,40.85207748413086,17008700
2015-11-03,40.684486260727326,41.07122240282039,39.911016435333984,40.239742279052734,8754700
2015-11-04,40.23974023823578,41.34838034703303,40.155947042879724,41.12278366088867,10342600
2015-11-05,41.05831240831461,41.367699706979344,39.76275048268989,40.4588737487793,10237200
2015-11-06,40.12372425049493,41.44506974706366,40.046378000642754,41.33549118041992,7261100
2015-11-09,41.00676348234212,41.33548685390166,40.67804011078258,40.75538635253906,8239400
2015-11-10,40.819840937216235,41.00676080435467,40.143053374969114,40.15594482421875,6897600
2015-11-11,40.0914984430042,40.13661729544202,39.040868467395356,39.22779083251953,8212500
2015-11-12,39.18265801414251,39.788541287203856,38.77014153386312,38.82170486450195,7765500
2015-11-13,38.67990743231117,39.298684707985885,37.95800347928197,38.58322525024414,7834400
2015-11-16,38.50588412455693,39.19556077511959,38.38986352364051,38.67991256713867,6965100
2015-11-17,38.73792195871498,39.788551838455476,38.499436266334605,38.918399810791016,8405400
2015-11-18,38.84104753891402,39.356695687438744,38.57677896925177,39.31157684326172,5470200
2015-11-19,39.4598281671927,39.78855155386344,38.763704583005975,39.02797317504883,5571200
2015-11-20,39.27935515948473,39.55007073964482,39.04086943940527,39.38893127441406,7490200
2015-11-23,39.51783632493102,39.659637357188636,39.21489339724817,39.41470718383789,6405000
2015-11-24,39.03442336727968,39.73699150568267,39.015084960253155,39.40182113647461,5213500
2015-11-25,39.382483811159176,39.40182221871687,38.80882771574018,38.86039352416992,4879800
2015-11-27,38.78303936810408,38.96351721348401,38.42208859492967,38.673465728759766,2404100
2015-11-30,38.64769305382346,38.8088325369953,37.35857718844875,37.48104476928711,12660200
2015-12-01,37.53259267590959,38.09335715805977,36.842916168526905,38.04179382324219,11290500
2015-12-02,38.1384833255792,38.280286826458756,36.978279793162685,37.20387649536133,7663000
2015-12-03,37.197427653373204,37.22321055382377,35.79229154312284,36.17258071899414,9701500
2015-12-04,36.41751260924892,37.0491789045843,36.224145777418514,36.855812072753906,6748100
2015-12-07,37.319905798448964,37.37791611153894,35.940549738175555,36.2692756652832,7890900
2015-12-08,35.81163483577031,36.656004041035715,35.77940497641171,36.52709197998047,6896200
2015-12-09,36.275713889892174,37.02340087442921,35.91476307867685,36.11457443237305,6207900
2015-12-10,36.095245155512174,36.51420880601317,35.8696508568076,35.95344161987305,6736900
2015-12-11,35.95342672568054,35.95342672568054,34.70943020235267,34.8318977355957,9388600
2015-12-14,34.61919136010776,35.760058714404806,34.31625093160988,35.734275817871094,9419500
2015-12-15,36.19191854032488,36.739791642707836,36.03722359890786,36.34661102294922,6990000
2015-12-16,36.52709279364993,37.18454210676312,36.22415227103388,37.145870208740234,6282500
2015-12-17,37.165201163461894,37.33923205755778,36.32082959406174,36.34016799926758,7848900
2015-12-18,36.03077194311852,36.1596815000905,35.682710238192925,35.927642822265625,13807000
2015-12-21,36.09523954974898,36.262823508646726,35.90187268677679,36.224151611328125,4572100
2015-12-22,36.443290183922066,37.37789926979138,36.365941495458294,37.12007522583008,8390800
2015-12-23,37.307014362764384,37.77754136525998,37.13298342340956,37.75820541381836,6634400
2015-12-24,37.62927239579266,37.854866566396524,37.384339825714136,37.68083572387695,2152900
2015-12-28,37.55837612941866,38.00956699502397,37.22965033726365,37.86776351928711,5585800
2015-12-29,38.04179446939323,38.48009388735298,38.04179446939323,38.31895446777344,5073900
2015-12-30,38.28673402123908,38.750813961838375,38.228723721315056,38.5445556640625,5220300
2015-12-31,38.35119297183905,38.628353050523856,38.157826104075795,38.18360900878906,6104800
2016-01-04,37.42302035475484,37.59060427223327,36.35305468804422,37.13296890258789,10308400
2016-01-05,37.37790670730731,37.54549064807366,36.62377282687675,36.97827911376953,7179600
2016-01-06,36.33372496766354,37.100750375436725,36.21125986250326,36.9847297668457,8952700
2016-01-07,36.4304010363106,37.281216992800005,36.31438045508091,36.875144958496094,9292600
2016-01-08,37.09429861984544,37.26188501447601,35.76006425249985,35.8696403503418,7985200
2016-01-11,36.00498731136008,36.0823335335706,34.051978603698096,34.728763580322266,10483300
2016-01-12,35.109059954757484,35.431338816221995,34.528957020604324,35.3475456237793,6799600
2016-01-13,35.52992298925356,35.57551572621342,33.20468346582955,33.3349494934082,10432200
2016-01-14,33.426131690609694,37.01494809973674,33.028821463520586,35.536434173583984,16704900
2016-01-15,34.52687620650542,37.392718741926615,34.52687620650542,37.34712600708008,27008800
2016-01-19,37.4708716391328,37.60113764078149,35.32149130809009,35.81650161743164,13644500
2016-01-20,35.3084614379434,37.73140041356719,34.97628552255164,37.223365783691406,11993100
2016-01-21,37.314554359092554,38.27851879420643,37.0735613868511,38.011474609375,12097000
2016-01-22,38.49344883461832,38.70838807196189,37.659750547116445,38.31759262084961,10383800
2016-01-25,38.44785816922675,38.95589526435936,37.89423083646575,38.200355529785156,9681900
2016-01-26,38.4348420009841,38.60418857461872,37.26245277464737,37.946346282958984,7421100
2016-01-27,38.011478517568385,38.38273504478282,36.767442921112504,37.19731903076172,9077700
2016-01-28,37.27546906740134,37.60113278717729,35.67971634357578,36.37663650512695,10521100
2016-01-29,34.79391797860623,36.02492918649384,34.79391797860623,35.75788497924805,17768700
2016-02-01,35.27591131379125,35.744868095159454,34.201219518028516,35.425716400146484,11693300
2016-02-02,34.937217158779525,35.67973033346666,34.728792495169735,35.139129638671875,7918300
2016-02-03,35.5168864924976,37.24290529877934,35.20424960198421,37.021453857421875,16435700
2016-02-04,36.956328356899434,37.32758488249186,36.05749559169891,36.96935272216797,10351200
2016-02-05,36.63717831534147,36.695797900030726,34.27285837903182,34.5985221862793,13263200
2016-02-08,34.24679766621735,35.23681317925752,33.82994602145356,34.448707580566406,9369400
2016-02-09,34.070948074243375,35.13261028652385,33.90811617221804,34.83300018310547,7655800
2016-02-10,35.243330804003705,35.62109945537275,34.22725902737398,34.33798599243164,9302800
2016-02-11,34.06442186594602,34.59851012487367,33.751785018131066,33.986263275146484,8551100
2016-02-12,34.21424254110053,34.500828313017266,33.60850759451755,34.24681091308594,9976200
2016-02-16,34.80694632890347,35.087017397920775,34.344504325500075,34.8525390625,8313000
2016-02-17,35.39312922123939,35.92070528295762,34.74831403469489,35.82951736450195,10005600
2016-02-18,36.16821939512579,36.16821939512579,35.282413496800444,35.5299186706543,6555000
2016-02-19,35.497358661217646,35.82302250214625,35.15866796849775,35.36058044433594,8532500
2016-02-22,35.36057721251712,36.03144386843771,35.00234751716004,36.00539016723633,9381800
2016-02-23,36.278939745081004,36.67624989022074,35.823010029599054,35.86860275268555,8629700
2016-02-24,35.60156443523057,35.86860863623358,35.17820052613477,35.75136947631836,6633800
2016-02-25,35.933745091871764,36.624153292144534,35.45176402448446,36.6046142578125,7076300
2016-02-26,36.64369407866928,36.98889943762126,36.344083943035265,36.47434997558594,5298000
2016-02-29,36.389675820636924,36.47434911248391,35.47781858359554,35.56900405883789,8395100
2016-03-01,35.67971760118156,36.6957893371582,35.328002659735525,36.6957893371582,7106000
2016-03-02,36.58507588310085,36.754422477258636,36.08355573827927,36.278953552246094,7054800
2016-03-03,36.27242938347115,36.53296139026787,35.92071440429813,36.428749084472656,9283900
2016-03-04,36.47434804685467,36.93027789436391,36.01841819934543,36.57204818725586,6439700
2016-03-07,36.27894494451678,36.80000648633791,35.7122906730749,36.7348747253418,7741800
2016-03-08,36.59157509088969,36.78046064125107,35.97281353758477,36.03143310546875,5303700
2016-03-09,36.15518654198086,36.89770194024896,35.84906432252121,36.728355407714844,8402500
2016-03-10,36.839092452421276,37.366666254096636,36.03144508033745,36.62415313720703,5627900
2016-03-11,36.7348784481006,37.69232835178315,36.70231007968461,37.60114288330078,6537400
2016-03-14,37.56206511510448,37.60114566932871,37.106137738911045,37.262454986572266,4650800
2016-03-15,36.89771010074768,37.08008103647201,35.90769183538281,36.22684097290039,5779600
2016-03-16,36.2007967673241,36.82607079771095,35.98585742178092,36.676265716552734,6245400
2016-03-17,36.77394597558787,36.77394597558787,35.4387252455827,36.03143310546875,8308800
2016-03-18,36.20729191583739,36.86513152659256,35.69274265007442,36.8455924987793,11029800
2016-03-21,36.81303246767894,36.98237653304738,36.29848312023976,36.48085403442383,6632900
2016-03-22,36.311512640248175,37.477389606530274,36.311512640248175,37.45133590698242,7661600
2016-03-23,37.22987026859418,37.45132166128033,36.61762346981088,36.70880889892578,5116400
2016-03-24,36.565524711659684,36.637171132746914,36.25939999778412,36.55249786376953,5278900
2016-03-28,36.70231870715005,36.93028491656074,36.34408893192555,36.54600143432617,3803100
2016-03-29,36.53947951859947,37.1908071569675,35.96631298576039,37.158241271972656,4567900
2016-03-30,37.40573475285936,37.47086650244647,36.94329287078673,37.12566375732422,3650300
2016-03-31,37.138698954762226,37.42528219584722,37.00843294168085,37.20383071899414,4930300
2016-04-01,36.85211813840315,37.49693109442496,36.70882526612377,37.39923095703125,4525700
2016-04-04,37.542517622251275,38.68885544172215,37.44481998562802,38.565101623535156,8108100
2016-04-05,38.128719329833984,38.793073797926546,37.83562140499643,38.128719329833984,6779400
2016-04-06,38.11568899082822,39.01452171652606,38.11568899082822,39.00800704956055,6322800
2016-04-07,38.701880684412885,39.014520085635056,38.27200461350409,38.623722076416016,7827600
2016-04-08,38.74748440825396,38.94939439697995,37.88772959297485,38.0831298828125,5750000
2016-04-11,38.16128071086306,38.59115678836138,37.93982924762954,38.1026611328125,4894000
2016-04-12,38.41529907118835,39.112219359451785,38.226413483067525,39.00800704956055,7243700
2016-04-13,39.369679270623564,39.45516616636175,38.60030473445563,38.8370361328125,7023000
2016-04-14,38.89622032172428,39.11979970470523,38.79758139951515,38.98170471191406,5185600
2016-04-15,39.15925005930446,39.28419301833435,38.65290848318936,39.1329460144043,4660800
2016-04-18,39.12637920447255,39.66559969198926,38.99486146175065,39.37626266479492,6089400
2016-04-19,39.51435379094053,40.264001637331575,39.23816628998519,39.566959381103516,6149300
2016-04-20,39.56695277337976,40.18508528688844,39.428860300209784,39.77080535888672,4443600
2016-04-21,39.82999915659662,40.395523735720936,39.810272371717744,40.3560676574707,5702400
2016-04-22,40.31002927057994,40.76376530575173,40.08644988602208,40.388938903808594,5103000
2016-04-25,40.19823505817748,40.310023480152296,39.94835166227448,40.093021392822266,4320500
2016-04-26,40.086449650941525,40.30345427666275,39.80368741599738,40.06672286987305,4281700
2016-04-27,40.06672991668682,40.428401848006615,39.61957107154845,39.91548538208008,6679200
2016-04-28,38.5082507006508,40.83610405860028,37.83093517500709,40.24427795410156,16235400
2016-04-29,40.13247778682519,40.408665245715916,39.77080594337775,40.11275100708008,13052700
2016-05-02,39.974654940725365,40.77033342652768,39.915472098314936,40.40208435058594,9512000
2016-05-03,40.10617847882088,40.82952220591422,39.92862992577245,40.61909484863281,9316600
2016-05-04,40.31002756543682,40.54018420631495,40.11932699374999,40.41524124145508,8691400
2016-05-05,40.38235655647533,41.03336780660872,40.1719292350869,40.99391174316406,8646200
2016-05-06,40.77034124362796,41.263530855446035,40.54018709484302,41.105709075927734,10880700
2016-05-09,41.00706775016747,42.00002161270275,40.954459660461126,41.88823318481445,9917400
2016-05-10,41.76329612682564,41.927692667648195,41.63835565885766,41.91454315185547,12103400
2016-05-11,41.93426883100205,41.97372490281878,41.19119578365201,41.23065185546875,9375200
2016-05-12,41.335865988743045,41.473958478867694,41.02679969404227,41.092559814453125,9589500
2016-05-13,40.86899036026866,41.33587604050521,40.65198567288134,40.77035140991211,7339600
2016-05-16,40.71115655556174,41.17804209834179,40.44154634692194,41.066253662109375,6707400
2016-05-17,41.059676768003406,41.28983341699468,38.46878833691609,39.619564056396484,31528900
2016-05-18,39.36967640993051,39.981231641751435,39.16582633831803,39.757652282714844,10622000
2016-05-19,39.494623595512714,39.6853216654293,38.7318237903704,38.98170471191406,9917900
2016-05-20,39.211854885587286,39.48803980857737,38.81730177039799,39.25130844116211,11259400
2016-05-23,39.29077589785463,39.34995875686891,38.88307315158528,38.9948616027832,6468900
2016-05-24,39.27762592476662,40.053577890830695,39.139533416016,39.91548538208008,8888100
2016-05-25,40.16534652078405,40.421804611133346,39.97464601465573,40.257408142089844,5857600
2016-05-26,40.11275369739061,40.882128260952925,40.04699608816873,40.70458221435547,6537100
2016-05-27,40.76375674107539,41.55943518922586,40.704573901465515,41.23721694946289,5768000
2016-05-31,41.23722341434532,41.75014227420653,41.19119258837586,41.381893157958984,7147900
2016-06-01,41.38189301236433,41.53971226984954,41.18461768626189,41.31613540649414,5284400
2016-06-02,41.342437182930745,42.84173518866552,41.31613564552563,42.802276611328125,11628000
2016-06-03,42.58527614277376,42.98640405479013,41.9211127941425,42.74309539794922,10621600
2016-06-06,40.85582913232928,41.421353635567286,40.68485532467995,41.30956268310547,16403400
2016-06-07,41.15831883021353,41.81590500579867,40.967618237255714,41.49368667602539,10980100
2016-06-08,40.90842587147922,40.96760871386384,40.35605351205332,40.5927848815918,13173000
2016-06-09,40.44155394000772,40.88213551869241,39.7971197229584,39.9483642578125,11503700
2016-06-10,39.44859016791237,40.11932576416451,39.27104162473086,40.11275100708008,11052300
2016-06-13,39.75765373024991,40.36920898433693,39.3565258207421,39.40913391113281,11673600
2016-06-14,39.1000610508557,39.70504144576336,38.902785762176116,39.389400482177734,11560200
2016-06-15,39.64586962036873,40.290303746915846,39.46174379243235,39.718204498291016,7739300
2016-06-16,39.40913770955057,40.073298609551095,39.39598568568525,40.0469970703125,7011200
2016-06-17,40.03385187807194,40.09303474131921,39.17241298158234,39.46175003051758,12574700
2016-06-20,39.87601612819214,40.23111318349459,39.49461753836076,39.527496337890625,7076500
2016-06-21,39.58667869852817,39.718196403538215,39.29076448937847,39.44200897216797,6366500
2016-06-22,39.455158387950235,40.2311100369259,39.402550306023755,39.71161651611328,6718600
2016-06-23,40.020686581446846,40.32317555618901,39.86286482895565,40.31660079956055,5328200
2016-06-24,38.968545041609694,39.84971037709555,38.91593946631505,39.36309814453125,9878500
2016-06-27,39.04746132186945,39.244736640074215,38.356996453906866,38.58715057373047,7945500
2016-06-28,38.98170507974397,39.54065479671658,38.89622068874756,39.44859313964844,9897600
2016-06-29,39.836566595397926,40.790064420519535,39.606409958461235,40.6453971862793,9308000
2016-06-30,40.63224530892222,40.783489809369186,40.204813344860725,40.71115493774414,7920600
2016-07-01,40.75717947640125,41.57258721008266,40.65854308271245,41.23721694946289,6533700
2016-07-05,41.09913648114867,41.237228977687195,40.61909886806792,40.717735290527344,6293600
2016-07-06,40.665124389222484,41.927688492951276,40.638820343271824,41.67123031616211,9202200
2016-07-07,41.82246651093517,41.9211054094127,41.566008385083265,41.71067810058594,7081900
2016-07-08,41.74356219556227,42.40115075472477,41.25694992282125,42.19072341918945,7921700
2016-07-11,42.24990858953655,42.73652091795235,42.1315428861939,42.31566619873047,9641500
2016-07-12,42.526086556558134,43.27573421530653,42.295932453781546,43.07188415527344,11870500
2016-07-13,42.992290427042136,43.14486520706035,42.620811047557034,42.965755462646484,7684200
2016-07-14,42.255954590865734,42.54783154169106,41.75180050337944,42.202884674072266,12090100
2016-07-15,42.33556279615198,42.56773738798158,41.87784608775366,42.003883361816406,8827500
2016-07-18,41.94418391020198,42.30239833178246,41.911016470540105,42.16309356689453,6384800
2016-07-19,42.06358576121734,42.43506763865796,41.85131112568363,42.003883361816406,5794500
2016-07-20,42.169720685766784,42.38863031465106,42.01051598340832,42.06358337402344,7502800
2016-07-21,41.94417941879516,42.45496603253569,41.90437697715492,42.381996154785156,6145500
2016-07-22,42.45497099999169,42.5146708736675,42.176361467450704,42.32893371582031,4972900
2016-07-25,42.39525554043328,42.78663728503629,42.26258329081125,42.667232513427734,7241200
2016-07-26,42.72694528932726,42.93921991556516,42.42843077488171,42.753475189208984,4885200
2016-07-27,42.73357981969018,43.1912990876772,42.66724494081461,43.05199432373047,6220400
2016-07-28,42.979029225804055,43.15813392482003,42.408540094082944,42.932594299316406,6556100
2016-07-29,43.29742105845605,44.04701964472228,43.21782125179086,43.93424987792969,10525000
2016-08-01,43.93425497076636,44.49810893111633,43.93425497076636,44.40523910522461,7599000
2016-08-02,44.39860762198738,44.48484244971969,43.81485366136011,44.299102783203125,8763200
2016-08-03,44.31899088723067,44.445030653387676,43.92761170330626,44.159786224365234,6355100
2016-08-04,44.166440803517965,44.43178539991609,43.834761323277114,43.848026275634766,4901900
2016-08-05,43.88117927379697,44.179688666132385,43.86127932244464,44.139888763427734,5045600
2016-08-08,44.033759998762434,44.226134678517255,43.61584573234601,44.007225036621094,5309300
2016-08-09,44.007216930764265,44.61087582097986,43.94751707271249,44.285831451416016,5717300
2016-08-10,44.24603735741421,44.41851209143238,43.90772795660496,44.066932678222656,4506100
2016-08-11,44.35216156801431,44.51800123733502,44.246021750357016,44.411861419677734,4246600
2016-08-12,44.352162044255905,44.70374133722698,44.14652247161814,44.57107162475586,5215400
2016-08-15,44.756812892306876,45.18799706523007,44.65730807378224,44.70374298095703,5215400
2016-08-16,44.53128496679691,44.84969949304718,44.113370645806434,44.27257537841797,7147600
2016-08-17,44.23940174512856,44.677215938749505,44.0138571124547,44.332271575927734,7945400
2016-08-18,44.159795473290586,44.73028445081995,44.14653052403397,44.29246520996094,8205800
2016-08-19,44.15979606543189,44.56444534703627,44.11999615610232,44.511375427246094,6709400
2016-08-22,44.650676190274325,44.9690906196023,44.39196668064408,44.4516716003418,7884800
2016-08-23,44.617510996779814,44.77008067529249,43.77504254907276,43.894447326660156,10227800
2016-08-24,43.98731764965409,44.133257386265136,43.012179465049115,43.158119201660156,8551100
2016-08-25,43.14486897197816,43.40357857112757,42.63407971958657,42.932594299316406,6379000
2016-08-26,42.90604260491738,43.13158214249038,42.594263193898456,42.8596076965332,7041600
2016-08-29,43.01217846458038,43.17801815032172,42.58099933047337,42.79327392578125,5099200
2016-08-30,42.81318218476225,42.9259519782994,42.52793766750404,42.56110763549805,5531800
2016-08-31,42.59426350542059,42.75346818375564,42.123279413786356,42.52129364013672,6750000
2016-09-01,42.52129223751433,42.547827193199126,42.19624788716987,42.474857330322266,5126700
2016-09-02,42.700412318954626,42.7733821995967,42.36873035316883,42.53457260131836,4100800
2016-09-06,42.91930755258767,43.051982334417765,42.48812842945982,42.8596076965332,6286300
2016-09-07,42.70041250697339,43.21119661269049,42.647342582449745,43.098426818847656,5714300
2016-09-08,42.428435171418144,42.55447498353523,42.08348823540904,42.49477005004883,8238800
2016-09-09,41.937548559104926,42.45496766779189,41.831411241155976,42.030418395996094,8848500
2016-09-12,41.77833379403995,42.607534762503334,41.566059196365636,42.50802993774414,6653000
2016-09-13,42.22942168065263,42.55446861049555,41.79823744258789,42.017147064208984,7640400
2016-09-14,42.063581978398965,42.42842881725442,41.83140740744905,42.017147064208984,5890000
2016-09-15,41.904376031042254,42.33556028228023,41.73853632372197,42.023780822753906,7806800
2016-09-16,42.143190586323854,42.31566531937206,41.9043809747269,41.97071838378906,11165300
2016-09-19,42.20288337116811,42.26258576046115,41.67883187683237,41.73189926147461,7903500
2016-09-20,42.030414432165614,42.15645169455819,41.63239762950852,41.97734451293945,4826500
2016-09-21,42.1166469399027,42.620798461980684,41.92427230061117,42.52129364013672,7587400
2016-09-22,42.53457423005641,43.25099799129826,42.50803926689534,43.1713981628418,5416100
2016-09-23,43.1514954947505,43.337235164182204,42.95248581405858,43.10506057739258,5154200
2016-09-26,42.79992480865215,43.03873447783665,42.46824527489901,42.50141525268555,5567700
2016-09-27,42.42179851761561,42.95248508593378,42.249323801341475,42.83308029174805,4358300
2016-09-28,43.07851398385144,43.07851398385144,42.38198535053259,42.600894927978516,5645600
2016-09-29,42.65396858696717,42.66059853036358,41.658927956239246,41.67219543457031,6431200
2016-09-30,41.57269486545139,41.96407665946364,41.426757649905014,41.83803939819336,7325400
2016-10-03,41.80488619063912,41.983993431614074,41.294099436121016,41.944190979003906,4239600
2016-10-04,41.997249054377626,42.14318627836958,41.493094919094425,41.79160690307617,4719400
2016-10-05,41.844676239024494,42.289125440775365,41.791606317942716,42.050315856933594,4442500
2016-10-06,41.89774008748526,41.93090752010078,41.49972583507321,41.6788330078125,4446100
2016-10-07,41.85794802760989,42.176362545097476,41.459933676520706,41.74517822265625,3812700
2016-10-10,41.83803476575708,42.229416516434334,41.738529944368075,41.99724197387695,3135300
2016-10-11,41.84468602489978,41.96408831423119,41.16142454900523,41.386966705322266,5308400
2016-10-12,41.50746654863811,41.661445553566764,40.85138109352432,40.978580474853516,4563800
2016-10-13,40.8112097833153,41.24636970835663,40.62375753442136,40.938411712646484,5988600
2016-10-14,41.13925193045524,41.18611499058014,40.26893467319187,40.28232192993164,5606500
2016-10-17,40.23545411612477,40.643834352260335,40.07478151577812,40.26223373413086,6138700
2016-10-18,40.583598752737196,41.2530741646114,40.43631589874017,41.20621109008789,6655100
2016-10-19,41.53424625856058,41.61458257568044,40.951800936366546,41.1258659362793,5588900
2016-10-20,41.13924323404532,41.49406420108412,41.05890694136279,41.346778869628906,4391300
2016-10-21,41.09239133982942,41.13255822015307,40.60367471641029,40.82460021972656,4341700
2016-10-24,40.92501588367879,41.293226698653804,40.85137320991479,40.91831970214844,3934800
2016-10-25,40.8781695684233,41.27985379400941,40.804526864501774,41.20621109008789,6432800
2016-10-26,41.17941698619256,41.31331253227254,40.64383735571776,40.851375579833984,4560800
2016-10-27,41.13925287416212,41.3200114904383,40.57019740354926,41.14594650268555,6612500
2016-10-28,38.52830195420091,39.09066129302849,36.861309932785765,38.56177520751953,24865300
2016-10-31,38.20026438243485,38.360937036247776,37.30316731146771,37.34333419799805,14185800
2016-11-01,37.49061716259645,37.89899750816146,37.276385268832115,37.7918815612793,9799400
2016-11-02,37.79856887764076,38.28728546328192,37.75840200042202,38.01949691772461,9746200
2016-11-03,38.24042740466857,38.354239530643675,37.39019348980241,37.41697311401367,9842600
2016-11-04,37.537463193591094,38.0730426849324,37.40356768229465,37.51737976074219,11187000
2016-11-07,38.032884917943306,40.945100854576935,37.91907281226819,39.43878173828125,17763100
2016-11-08,39.3651376197336,39.90741340111962,38.849641456801336,39.37183380126953,9353200
2016-11-09,42.91336938289023,43.30836249971067,40.443006233751454,41.935935974121094,18694000
2016-11-10,42.21711065082013,43.54936753673155,42.03635202486157,42.84641647338867,15948700
2016-11-11,42.538463451906594,42.74599917155432,42.03635695003002,42.243892669677734,10201600
2016-11-14,42.444731093395234,42.60540372029618,41.674833548471675,42.156856536865234,8315700
2016-11-15,42.438028346691,42.438028346691,41.494068509659094,42.089900970458984,5610300
2016-11-16,41.95600999744722,42.156854602626304,41.1191659886852,41.19950485229492,6571200
2016-11-17,41.34009480171767,41.500769978080235,40.92502088072852,41.30662155151367,4879500
2016-11-18,41.27313963428531,41.60118099278182,40.42959960474762,40.516632080078125,7023200
2016-11-21,40.63715423638117,40.70410074981091,40.30241656154087,40.44969940185547,6328300
2016-11-22,40.49656915586907,40.543432230818325,39.23795465503432,39.452186584472656,8518600
2016-11-23,39.3718401657097,40.422916098398,39.231248423023416,40.28902053833008,5546600
2016-11-25,40.195289510211765,40.6170570252956,39.94758186045068,40.50994110107422,2941600
2016-11-28,39.58606610691839,40.12833934083897,39.50572725061199,39.80699157714844,6274600
2016-11-29,39.967667368469904,41.57440621235185,39.847161635948126,41.232975006103516,11858800
2016-11-30,41.25975573935611,41.4003449131459,40.59028056453412,40.7040901184082,9025200
2016-12-01,40.72418038275513,40.72418038275513,39.331670647187636,39.60615539550781,8266200
2016-12-02,39.626235840381206,40.16851166727367,39.465563223865416,39.78691101074219,8020700
2016-12-05,39.90071874400915,40.98527034821698,39.88063530632403,40.744258880615234,10227700
2016-12-06,40.67729904624884,41.31999697405575,40.38942715166004,41.253047943115234,7610400
2016-12-07,40.34257168764715,40.60366914313955,39.36513857497164,40.16181564331055,13095600
2016-12-08,40.1818992025795,40.82459473994448,39.55928710268059,40.77103805541992,9192300
2016-12-09,40.96518699753441,41.46059977441344,40.784428385180384,41.19950485229492,7102900
2016-12-12,41.19280695117538,41.80872544392267,41.17941714113249,41.53424072265625,5984500
2016-12-13,41.72839608447838,41.80203622120624,41.0790042354353,41.50077438354492,8599600
2016-12-14,41.206189434191046,41.70829572921493,41.17940981886705,41.28652572631836,5115700
2016-12-15,41.37356957900301,41.581107824080384,41.20620076796025,41.52085494995117,6416900
2016-12-16,41.587801766744924,41.83550944772665,41.39365588539234,41.65475082397461,10555800
2016-12-19,41.75517057905103,42.39786875922899,41.587801766744924,41.65475082397461,5976800
2016-12-20,41.735087812881936,41.98279294401903,41.34009730730608,41.61458206176758,5751800
2016-12-21,41.66144154976217,41.78194729053323,41.125861898471456,41.139251708984375,5498700
2016-12-22,41.22628568657184,41.45390481196132,41.072304137044945,41.279842376708984,5626000
2016-12-23,41.36018127857293,41.77525778389069,41.15264557975953,41.73508834838867,4795900
2016-12-27,41.855591043766125,42.19032865362941,41.781948360980955,41.842201232910156,5396200
2016-12-28,41.84889359550394,42.00956876706989,41.67483116733228,41.6882209777832,5190400
2016-12-29,41.768556010319905,42.21710570826146,41.768556010319905,41.996177673339844,4990000
2016-12-30,41.996181442240406,42.13007700082935,41.78194957003625,41.92253875732422,5999200
2017-01-03,42.123375479880586,42.19701815546385,41.46729013517207,41.781944274902344,9328200
2017-01-04,41.935926218043626,42.71251734971683,41.935926218043626,42.37108612060547,8674800
2017-01-05,42.431329910048575,42.81293048897126,42.19701210733722,42.69242477416992,5359400
2017-01-06,42.76609013913834,42.84642647369964,42.52507858160841,42.70583724975586,4722300
2017-01-09,42.712522378305955,43.10081671293424,42.679049125055414,42.98700714111328,8794500
2017-01-10,42.879896584885984,43.18115843788772,42.69244175737776,42.89328384399414,6523500
2017-01-11,42.859467987397096,43.04205043897623,40.972785234026034,41.34471130371094,13565200
2017-01-12,41.094504421931774,41.540816194906036,40.85782233377663,41.43938064575195,8194400
2017-01-13,41.48672040670961,42.20352532436585,41.28385186914303,41.91950988769531,7295100
2017-01-17,41.75720303143247,41.95331035303533,41.317652493993336,41.83158874511719,8446700
2017-01-18,41.763975900319245,42.020944097893285,41.46643554181116,41.696353912353516,5519400
2017-01-19,41.55433968426767,41.84511883030129,41.33118251561312,41.50700378417969,5384200
2017-01-20,41.527293466178016,41.77073673325535,41.304138857766,41.35147476196289,6730000
2017-01-23,41.26356286514548,41.4258566518525,41.03364451763284,41.22298812866211,5244700
2017-01-24,41.189180928312595,41.202705841718284,40.350654354453965,40.966026306152344,6642000
2017-01-25,40.97954255809309,41.67606130724049,40.80372386913961,41.50700378417969,8052800
2017-01-26,41.358239081881074,41.85865056676302,41.297378260471284,41.43262481689453,7765300
2017-01-27,40.573814392089844,41.41910219192505,40.249224186506765,40.573814392089844,14151200
2017-01-30,40.51295347239816,40.891643334498,40.080166532634706,40.864593505859375,7792700
2017-01-31,40.5805775253876,41.46644011119149,40.404758789534334,41.324432373046875,8149800
2017-02-01,41.29736935215853,41.31765542838136,40.75638582277537,41.1756477355957,5888700
2017-02-02,41.01335396658723,41.33118033906755,40.898393515561025,41.1756477355957,5365300
2017-02-03,41.182421206143204,41.290617937570936,40.871353346126604,41.026885986328125,6470300
2017-02-06,40.91868848913212,41.22975634332728,40.810491759729224,41.013362884521484,5358100
2017-02-07,41.01336020719045,41.16212908814944,40.84430266730857,40.95249938964844,4210300
2017-02-08,40.668473608146336,41.26355675708207,40.60761280223686,40.92544174194336,5357800
2017-02-09,40.92544844964101,41.2500386078211,40.85782388776187,41.141841888427734,4324600
2017-02-10,41.14860541664738,41.25004097548164,40.75639325368932,40.857826232910156,5749200
2017-02-13,40.966028216717625,41.15537185400095,40.86459265125094,40.9186897277832,6396000
2017-02-14,40.87135059939452,41.236515510777544,40.67524581034517,41.128318786621094,13562200
2017-02-15,41.19593639702492,41.81806942956655,40.84429901556896,41.6895866394043,8927600
2017-02-16,41.70310588857478,41.86540223538377,41.12155021324048,41.574623107910156,5662000
2017-02-17,41.61521167030435,41.98037663727721,41.36500461166714,41.77074432373047,8124400
2017-02-21,41.81807098066482,42.0006534237391,41.58815263526905,41.811309814453125,8503500
2017-02-22,41.7369277760138,41.89246040875805,41.45290975737525,41.49348449707031,6422200
2017-02-23,41.70987390071744,42.08856369560444,41.55434128307096,41.88569259643555,8057700
2017-02-24,41.8721725512581,42.08180484094506,41.581395939853394,41.98713302612305,6536400
2017-02-27,41.939796172366755,42.17647570408128,41.70987780743832,42.075042724609375,5214100
2017-02-28,42.00064040037599,42.196747694678834,41.716622494900776,41.818058013916016,6756100
2017-03-01,42.03447320874972,42.5551708228431,41.89246547207346,42.487548828125,7737400
2017-03-02,42.453712713858664,43.00822103094068,42.33199112429311,42.771541595458984,8190000
2017-03-03,42.67687631239741,42.96089167817404,42.48753273521299,42.8324089050293,6125800
2017-03-06,42.60250397812002,43.17729863486827,42.52135707378683,42.974430084228516,6837000
2017-03-07,42.697165778034766,43.37339584123991,42.58220790550412,43.069091796875,9638000
2017-03-08,43.10967229466354,43.73856654391946,42.94061475625309,43.3734016418457,7049700
2017-03-09,43.37339711988023,43.76561180631587,43.31253888882613,43.61684036254883,6957000
2017-03-10,44.15783162592809,44.93549218455857,44.02934624424316,44.55004119873047,12788100
2017-03-13,44.54327449921556,44.5906103955478,44.157823583588545,44.529747009277344,7577400
2017-03-14,44.55004682581465,44.66500988884524,44.360703182085224,44.40803909301758,3727200
2017-03-15,44.428316877544425,45.1654103920917,44.41479454518661,45.003116607666016,5241200
2017-03-16,44.901679348099265,44.93548775731977,44.326884799088845,44.56356430053711,5162800
2017-03-17,44.65822638599528,44.69203478786097,44.29306159496035,44.421546936035156,11288000
2017-03-20,44.48241748493065,44.637952686145574,44.33364602965372,44.49594497680664,4252100
2017-03-21,44.60413974774587,44.63118957265466,43.98200925252324,44.1916389465332,5187400
2017-03-22,44.21192685185157,44.44861153977461,44.02258322889457,44.30659866333008,5662600
2017-03-23,44.30659895154976,44.67852761279673,44.198404805967705,44.39451217651367,4099500
2017-03-24,44.29983226840552,44.7055692688347,44.17134690723302,44.37421798706055,4056300
2017-03-27,44.205173016617024,44.82053985737638,44.11725978277473,44.69881820678711,4962300
2017-03-28,44.60414828659267,44.77320585521645,44.38775480512332,44.61767578125,5067400
2017-03-29,44.597376235164255,44.81376967634081,44.41479636510734,44.47565460205078,3649900
2017-03-30,44.468892822213554,44.50946497726265,44.12401402661757,44.266021728515625,3749600
2017-03-31,44.26601823167853,44.30659038352259,44.05638856818314,44.06315231323242,4057800
2017-04-03,44.117254143775085,44.35393366766128,43.87381087371308,43.97524642944336,5229600
2017-04-04,44.0360949511664,44.15781654507981,43.83998765212674,44.02933120727539,3457900
2017-04-05,44.110491049881354,44.46889217217928,43.8602840592082,43.92790603637695,4396300
2017-04-06,43.97523108736136,44.08343035151887,43.71826557382458,44.0090446472168,4628400
2017-04-07,43.99553661772423,44.58385876852508,43.840006555741795,44.32012939453125,6089300
2017-04-10,44.29307061458371,44.482414213108804,43.89409734043813,43.934669494628906,7136200
2017-04-11,44.00297288525195,44.00297288525195,43.24488928244946,43.83223342895508,5404500
2017-04-12,43.825407094509266,43.98932074174268,43.48392814527253,43.96200180053711,6122000
2017-04-13,43.87321003802996,44.20103209279351,43.76393949347864,43.7980842590332,3896700
2017-04-17,44.24884258966674,44.371775219042675,43.750281034265655,43.9210205078125,4189500
2017-04-18,43.72978651956831,43.763936493336594,43.10829503403297,43.47026443481445,4755800
2017-04-19,43.64099924947363,43.66148714733776,43.23805409139175,43.33366775512695,4057100
2017-04-20,43.518071898306275,43.709299248831186,43.22439983555601,43.55904769897461,5708600
2017-04-21,43.5453787197036,43.907348046639825,43.40195823813398,43.58635711669922,4154900
2017-04-24,43.982478969256576,44.50152830437055,43.88686530365057,44.16004943847656,7121000
2017-04-25,44.35126645460291,44.82250363676096,44.269309670050184,44.46053695678711,5352900
2017-04-26,44.52203091737809,45.020587308448334,44.40592410457925,44.419586181640625,5008900
2017-04-27,44.69958447407143,46.09965000282335,44.47421236741225,45.12302017211914,11692900
2017-04-28,45.116199970315535,45.29377049414849,44.69276938113273,45.03424835205078,5521100
2017-05-01,45.07520461821642,45.53278499032309,45.03422882684965,45.40302658081055,4575800
2017-05-02,45.423514877724216,45.53961642799115,45.198137602109554,45.50546646118164,4342800
2017-05-03,45.38253096286692,45.676202942699845,45.21862259591806,45.580589294433594,4993400
2017-05-04,45.58059963017686,46.031354254689504,45.49864803339582,45.915252685546875,4287400
2017-05-05,45.88793363729756,45.9084215364426,45.29375850932018,45.751338958740234,4587800
2017-05-08,45.717193191685645,45.724019017547754,45.17082491057953,45.218631744384766,4497400
2017-05-09,45.21179878038938,45.72401706813044,44.97959565767929,45.19131088256836,4395200
2017-05-10,45.184482731534025,45.23228956084061,44.638114501841386,45.06155014038086,5140200
2017-05-11,45.00692255585754,45.04789835875049,44.160056295889575,44.59714889526367,7853800
2017-05-12,44.5766432544047,45.20496824864132,44.535667463028545,45.116180419921875,6093500
2017-05-15,45.123025097777784,45.655731388938946,45.04106827969341,45.532798767089844,8527900
2017-05-16,45.57377197827961,45.703530404835696,45.30058784199446,45.655723571777344,6313500
2017-05-17,45.655721537499815,45.655721537499815,44.125897737242795,44.64494705200195,12771400
2017-05-18,44.6449407243917,45.14349686047424,44.52883397097594,44.822505950927734,6001000
2017-05-19,44.897642574074325,45.08204409084263,44.60397052302662,44.78837203979492,6731800
2017-05-22,44.767882421882966,44.81568925577409,44.2556641113834,44.69275665283203,5541700
2017-05-23,44.69276341101414,45.25278864008861,44.68593237355271,44.9659423828125,4676500
2017-05-24,44.93178731015047,45.15716459968642,44.78153578379317,45.027400970458984,3174600
2017-05-25,45.116191715687265,45.46450166125115,44.93862643489791,45.29376220703125,4058300
2017-05-26,45.17081828212564,45.35521976442501,44.97275993955199,45.116180419921875,4083000
2017-05-30,45.00007694374104,45.211792137523275,44.945439083876884,45.08885955810547,4803900
2017-05-31,45.239111067455354,45.355217822304965,44.808849644769595,45.08885955810547,6935800
2017-06-01,45.252779299698005,45.566939220865926,45.15716563719272,45.56010818481445,4554700
2017-06-02,45.62841001010005,45.96988891802908,45.49865156826416,45.92891311645508,5646000
2017-06-05,45.928924368981505,46.34552915556693,45.67622803940409,46.10649490356445,4918100
2017-06-06,46.08598761367566,46.509418050394906,46.01086185027959,46.35234069824219,5494500
2017-06-07,46.44794764536729,47.342620430338535,46.44794764536729,46.95333480834961,8406300
2017-06-08,46.953339710209505,47.15822909498455,46.666498739967246,46.96017074584961,6082500
2017-06-09,46.98749890028824,47.690944603235394,46.93286102555042,47.581668853759766,6159800
2017-06-12,47.66362394801767,47.738749720435926,47.29482612266109,47.486053466796875,6084300
2017-06-13,47.547524089964526,47.82753407952541,47.410929403119994,47.581668853759766,5269000
2017-06-14,47.45190280931551,48.34657571990091,47.37677704623008,48.162174224853516,6639100
2017-06-15,48.03923787382083,48.25095828529696,47.725077984835764,48.2168083190918,4682700
2017-06-16,48.35339620358491,48.571942409261624,48.14167582175094,48.52413558959961,9342300
2017-06-19,48.56512113752802,48.892937906665225,48.44901958223165,48.722198486328125,6396300
2017-06-20,48.79050269641356,49.0431937258911,48.59927536257519,48.64025115966797,6542800
2017-06-21,48.56512113752802,48.96806366845784,48.52414534402426,48.722198486328125,6096800
2017-06-22,48.82464353180745,50.31349149627747,48.77001087692738,49.978843688964844,9998900
2017-06-23,49.99250871550975,50.190567102141344,49.35053192874489,49.61005401611328,7064500
2017-06-26,49.712498515225995,49.814943226570215,49.45297642896784,49.678348541259766,4019500
2017-06-27,49.651027220073225,49.8968924312717,49.343698311352234,49.43931198120117,4490600
2017-06-28,49.664695305307156,50.22472052959573,49.56908162388385,49.80128479003906,4196200
2017-06-29,49.95835477347709,49.97201163428025,49.11148871873564,49.50077438354492,4444700
2017-06-30,49.562246551926144,49.732985999219615,49.3163813309792,49.521270751953125,4729100
2017-07-03,49.69199757493768,49.849074908631515,49.425644521671515,49.45978927612305,2570700
2017-07-05,49.50077438354493,49.678339626753704,49.16612137250183,49.50077438354492,4751900
2017-07-06,49.33686825156284,49.480288759175735,48.77001725782263,48.988563537597656,4372100
2017-07-07,49.24807352811625,49.24807352811625,48.92025158364362,49.19343566894531,4333700
2017-07-10,49.03637397635629,49.32321501265737,48.88612242099247,49.056861877441406,3158300
2017-07-11,49.09782489337602,49.28905220110996,48.71537027790814,49.06367492675781,3535100
2017-07-12,49.27731370197462,49.704550353780874,49.13260400467979,49.53227615356445,4860200
2017-07-13,49.57361441352749,50.235146563039834,49.38755537490172,50.04908752441406,5189800
2017-07-14,50.04220401494923,50.462553420594126,49.966402957708965,50.379859924316406,4335700
2017-07-17,50.3729717542942,50.627939446382264,50.090444818501865,50.09733200073242,3461600
2017-07-18,50.049087209643034,50.207581750535205,49.44268405741808,49.77345275878906,5269100
2017-07-19,49.94572781502569,50.14556121826171,49.628738727556275,50.14556121826172,3904100
2017-07-20,50.297171756415736,51.14476309653504,50.262720072359876,51.00005340576172,5329700
2017-07-21,50.979383159698926,51.709824079350916,50.88979721170222,51.42729187011719,4961500
2017-07-24,51.42728611991055,51.509979618647975,50.88289908235166,50.9311408996582,5497800
2017-07-25,51.26879462763702,51.37216018229286,49.93883780978781,49.973289489746094,6354200
2017-07-26,49.869940890083484,50.090451671623875,49.58051621768095,50.02153778076172,4877000
2017-07-27,50.152461563071085,50.16624644246819,48.84317666207264,49.42891311645508,7389300
2017-07-28,49.36688428674071,49.91816371752856,47.80952436354677,48.53997039794922,8012400
2017-07-31,48.59511081044036,48.6364601992421,48.11963752705309,48.174766540527344,7770400
2017-08-01,48.25742871835405,48.8155952202423,48.13339113378007,48.49861145019531,6681700
2017-08-02,48.40903700229421,48.746692870169866,48.18852629670747,48.72602081298828,4922200
2017-08-03,48.65711716870868,48.93275689316861,48.48484299809504,48.91897201538086,4400400
2017-08-04,49.0430096285183,49.18083211944349,48.47795055920117,48.91897201538086,4732500
2017-08-07,48.884526432797614,49.08436512652111,48.67779529932059,49.07747268676758,3551100
2017-08-08,49.153259871449556,49.55293714603131,48.9327491781268,49.249732971191406,4398000
2017-08-09,49.105028734814624,49.71143189395342,48.99477074730382,49.62873840332031,4536300
2017-08-10,49.62185194352339,49.74588955258114,48.50551346200362,48.53997039794922,5940300
2017-08-11,48.74670713700519,48.9327662208737,48.53308880708868,48.67090606689453,3248300
2017-08-14,49.08435096473277,49.125695076543145,48.71912536664589,48.80181884765625,2648800
2017-08-15,48.98099321977971,49.02233733816717,48.429713773458246,48.4710578918457,3724100
2017-08-16,48.57442063649092,48.75358723479403,48.31256580619417,48.52618408203125,4751600
2017-08-17,48.650218595354794,48.705347584773484,48.11961653002187,48.13339614868164,5086000
2017-08-18,47.9060089714032,48.53998204616179,47.87155728458047,48.20921325683594,4016400
2017-08-21,48.18164069191246,48.808721221436166,48.17475351013511,48.71913528442383,4666400
2017-08-22,48.863856826675246,49.53227630940928,48.7604912547419,49.44269561767578,3589000
2017-08-23,49.12570944775575,49.546058898762105,49.11192456819327,49.28419876098633,3071300
2017-08-24,49.42202566618057,49.82859027379196,49.20151489008473,49.690773010253906,4088300
2017-08-25,49.76655789706148,50.15245031537925,49.75966545890869,49.94572448730469,3871200
2017-08-28,50.07665655301239,50.69684464224073,50.00085549447389,50.52457046508789,4574400
2017-08-29,50.152456828532564,50.92424702278812,50.152456828532564,50.917354583740234,3390800
2017-08-30,50.731296774959084,51.11718921286165,50.70373227833888,50.93802261352539,3189100
2017-08-31,51.06896541676852,51.957900939641306,50.938035339459596,51.88899230957031,6177600
2017-09-01,52.088813412500116,52.37134556342908,51.86141551290706,51.9716682434082,3831700
2017-09-05,51.950988171512314,52.081918197589616,51.49618718508968,51.854515075683594,6309100
2017-09-06,52.10259363634174,53.37742127748564,51.923427050714935,53.09489440917969,7755200
2017-09-07,53.26027097575251,56.81600630607762,53.060432352887396,56.354312896728516,15377300
2017-09-08,56.01666823699836,59.32432905733765,55.89263062764874,58.8075065612793,14809100
2017-09-11,58.20111337910178,60.020328456809914,58.14598437495518,59.951419830322266,12687000
2017-09-12,59.93074799626614,60.61984477854835,59.60687166741091,60.46824264526367,11155600
2017-09-13,60.351097895595736,61.21935606230207,60.24083988607612,60.964393615722656,9172200
2017-09-14,60.79899699131714,61.550109782278525,60.743868000038326,61.481201171875,10272200
2017-09-15,61.598336308144304,61.805067363092576,59.620627441421455,60.206363677978516,20441500
2017-09-18,60.27527112849083,60.509561412737455,58.62833092959335,58.7937126159668,9656700
2017-09-19,58.94532908748519,59.71711924144323,58.8350710980382,59.51728057861328,7786400
2017-09-20,59.537969895689294,60.282195768015974,59.43460431496751,60.23395919799805,6559400
2017-09-21,60.199502251960176,60.43379266136385,59.72402373507505,60.23395919799805,7340300
2017-09-22,60.10300656785035,60.46822692633702,59.79290994199932,60.28217315673828,6807000
2017-09-25,59.896273081983544,60.48889655751755,59.537945175967224,59.65509033203125,8287000
2017-09-26,59.50348867029275,59.88938633036916,58.683467314583424,58.81439208984375,5862400
2017-09-27,58.81439687181429,58.84196136816017,57.325950870867324,58.40093994140625,6581200
2017-09-28,59.724019219497116,62.67335272306861,59.52418051384877,61.30205154418945,14809300
2017-09-29,61.11599384965752,61.57079498130533,60.413112204304866,61.23313903808594,6769400
2017-10-02,61.83953877397876,62.30123757642496,61.267592486508846,62.287452697753906,6600100
2017-10-03,62.32190123666188,62.459718460451306,61.34338002115265,61.81196594238281,4286900
2017-10-04,61.68793465691787,62.321907620503424,61.54322497989885,61.94979476928711,3251200
2017-10-05,61.80507864974058,62.4045893552709,61.66036898780602,62.14273452758789,4382900
2017-10-06,62.15652650980308,62.93520922411675,61.98425231741738,62.35636520385742,3461800
2017-10-09,62.4114770251473,62.83871879730382,62.12205772339111,62.55618667602539,4331500
2017-10-10,62.50795590265164,62.85939666291518,61.81196682062898,62.8249397277832,3560200
2017-10-11,63.031673389425904,63.81724317442118,62.687125053642355,63.658748626708984,6298500
2017-10-12,63.679564241376994,63.83222396001505,63.082811704804634,63.43669891357422,4818200
2017-10-13,63.429771646992855,63.735085828523005,62.826073218624565,62.91627883911133,6803900
2017-10-16,63.15221076356776,63.83223378609558,62.839950756267186,63.17302703857422,4640300
2017-10-17,63.20771661128524,64.3804161357483,63.110570468981905,63.95713424682617,5280500
2017-10-18,64.08202521906455,66.92009497226641,63.97793857344361,66.64253234863281,10979700
2017-10-19,66.2678249117278,67.04499921446238,65.58086150754703,66.9478530883789,9303700
2017-10-20,67.15603620084497,68.18301657147157,65.84455790954789,66.6841812133789,6882600
2017-10-23,66.56619854937648,66.61477160857841,65.53921849102169,65.58085632324219,4483900
2017-10-24,65.22697427323965,65.3241204071425,62.98566208318449,63.62405776977539,10301100
2017-10-25,63.68650976688644,63.89468308939665,62.9579137262357,63.679569244384766,6924800
2017-10-26,63.74200757109939,63.74200757109939,59.14836221523621,62.146026611328125,10307500
2017-10-27,64.32491515452328,65.90008060256513,62.97180412564923,63.790611267089844,9066300
2017-10-30,63.631006955363446,63.88081286707078,61.69501908073422,63.11751937866211,6526200
2017-10-31,63.06200126458219,63.7142727978149,62.47912437502209,62.62484359741211,7065600
2017-11-01,62.99258734326767,64.76897941174879,62.638694916039775,64.14447021484375,7048800
2017-11-02,63.894691119583584,64.0751023747609,62.58321278752016,63.159149169921875,4981900
2017-11-03,63.353428749809666,64.22774385984016,63.08280664993356,64.05426788330078,3620800
2017-11-06,63.99181505323615,64.93552472985637,63.43668984555379,64.50530242919922,5633600
2017-11-07,64.51918824959982,66.39272669967121,64.50530720664321,65.19921112060547,7014000
2017-11-08,65.44206963432143,66.87151514857496,65.11593398158365,66.41353607177734,6802600
2017-11-09,66.12211081969043,66.87152838787549,66.10129454736315,66.5384521484375,5187000
2017-11-10,66.16374757698152,66.57315370373114,64.92165873972095,66.2192611694336,6170100
2017-11-13,66.17761109174441,66.2123031072864,65.2547177144555,66.00413513183594,4035700
2017-11-14,65.6710837605424,65.85844083267723,64.61635185536157,65.7474136352539,4717300
2017-11-15,65.66412545082831,65.71269851302705,64.33877172851018,65.06043243408203,4745700
2017-11-16,65.53229194349795,66.0388388716842,64.72736080546625,65.55310821533203,4301600
2017-11-17,65.08820332956066,65.56699353381875,64.92860306542939,64.95635986328125,3386400
2017-11-20,65.1714738508724,65.4420960348572,64.45675345244747,64.94942474365234,4352200
2017-11-21,65.01878631389724,66.19842599336344,64.94939699017947,65.69881439208984,4346200
2017-11-22,65.70576793420474,66.19843911252397,65.37963222462524,65.55310821533203,2560700
2017-11-24,65.22697367891139,65.90006138201048,64.91471900764986,65.7265853881836,1932900
2017-11-27,65.70574875192271,66.35801468659064,65.53227281186086,66.21229553222656,3044600
2017-11-28,66.5731284522319,67.23233490684066,65.80289485483209,66.21229553222656,5105400
2017-11-29,66.44825087547879,66.8576517088246,65.94169860815055,66.48988342285156,4081400
2017-11-30,66.86460445621003,67.67647104281748,66.76051777468044,67.25318908691406,7889600
2017-12-01,67.44053619687419,68.36342455828533,65.43515391937056,66.83683776855469,4823200
2017-12-04,66.87154583585695,67.06583815369544,65.6780298330564,66.07355499267578,4934400
2017-12-05,66.80908409263203,67.11440358246979,65.9208877157237,66.20539093017578,5553000
2017-12-06,66.40661925920853,66.46907338018991,64.85921610402934,65.50454711914062,5114200
2017-12-07,65.24779732453362,65.62250614883224,64.46368764969091,65.39351654052734,4524500
2017-12-08,66.39273400639544,66.98949186160336,65.65719747074876,66.58008575439453,5297000
2017-12-11,66.88539675656445,67.52378707646135,66.45517443103394,66.94091033935547,4181100
2017-12-12,66.42049429377349,67.09358204683475,65.75434706331929,66.82295989990234,4195200
2017-12-13,67.03111625995955,68.60628109123745,67.03111625995955,67.55154418945312,6148700
2017-12-14,67.53768020047089,67.61401006694594,66.37192122365914,66.82295989990234,3985800
2017-12-15,67.21155551887294,67.91933541328268,67.05889576080634,67.62095642089844,11564700
2017-12-18,67.77359691620929,68.76587976754504,67.69033183116125,68.13442993164062,4768300
2017-12-19,68.2940268721665,68.38423777569719,67.79441517099288,67.94707489013672,2817700
2017-12-20,67.90546307450386,68.62712405270052,67.46136482547033,67.59320831298828,3411900
2017-12-21,67.87768566072802,68.245453915215,67.80829632302489,67.94013977050781,2249500
2017-12-22,67.90544247123903,68.48138403304345,67.8013558176253,68.14830780029297,2835600
2017-12-26,68.10667948346332,68.25239868993964,67.34338613303468,67.82911682128906,2363800
2017-12-27,67.81524001976673,68.16219201859194,67.61400722516002,68.0650405883789,1927300
2017-12-28,68.13443521643904,68.27321389832801,67.66951551456954,67.85687255859375,1870400
2017-12-29,68.0997662515849,68.30099912995233,67.10748291015625,67.10748291015625,3214400
2018-01-02,67.40581049247032,68.62708258642235,67.13518845092209,68.28707122802734,4561300
2018-01-03,68.38424386036246,69.4597919239142,68.03035132486478,69.35570526123047,4702300
2018-01-04,69.43896231108118,69.47365962333299,68.2454467689242,68.96016693115234,3579000
2018-01-05,68.93242380398955,70.2230857234075,68.39117950760156,70.16063690185547,4599300
2018-01-08,70.27858766661916,70.27858766661916,68.12748658885691,69.0364990234375,5582000
2018-01-09,69.03651015123214,69.84838188616465,68.48832533471455,69.55693817138672,4055400
2018-01-10,69.14753617285416,69.52918020477013,68.82140043866238,69.17529296875,4608600
2018-01-11,69.44785261672914,69.53171497944253,68.8817550082018,69.37796020507812,4240900
2018-01-12,69.4268814814221,70.33542950967939,68.95164720872168,70.12576293945312,4372600
2018-01-16,70.06984685275654,71.98478029181969,69.88813620565018,71.62834930419922,8528600
2018-01-17,71.9847854404601,73.2707246792396,71.67029093785742,72.93526458740234,5384900
2018-01-18,72.88636886275853,73.27774088557564,72.29232051897,72.5509033203125,6371200
2018-01-19,72.91429939507506,73.29169599947784,72.36917274384062,73.13095092773438,4991300
2018-01-22,73.17290564235171,74.4588506337949,73.00517554157,74.42390441894531,4538100
2018-01-23,74.20025704895087,74.75936445315293,73.40353246379115,73.64813995361328,5095300
2018-01-24,73.5642780147348,74.24219401346416,72.75357280700469,73.73899841308594,4436500
2018-01-25,74.04649739821808,75.73779478577707,73.89973291393378,75.68887329101562,6327500
2018-01-26,80.02194155305395,87.96123679221736,79.32305996743776,86.10919952392578,19614500
2018-01-29,84.91409420727402,86.76613107326497,83.15291534018468,85.48018646240234,10182700
2018-01-30,83.46043825982544,84.8791670354476,80.97941181271685,80.98639678955078,11851400
2018-01-31,81.21701772182706,81.41969399479227,77.77852205341105,78.42848205566406,15744800
2018-02-01,78.44245595121625,82.13953962634072,78.4354709754754,81.30786895751953,9943500
2018-02-02,80.72080549236922,82.41908758743841,80.31545298163516,80.49017333984375,7184400
2018-02-05,78.9736260941869,80.74878611703423,76.4576532319313,76.53453063964844,9827800
2018-02-06,73.31965473513684,79.33701905311868,70.58702573397589,77.71561431884766,14107800
2018-02-07,77.93926590755612,81.66430574348729,77.84142291988434,79.40692138671875,10030800
2018-02-08,79.2042249835457,79.6724742101787,75.70282791344252,75.81465148925781,7212400
2018-02-09,76.57644746326267,78.79889089650798,74.36798464627557,77.78551483154297,8909300
2018-02-12,78.67308325425734,79.20423464005432,77.33123217312597,78.22579956054688,4823300
2018-02-13,77.95323803078041,78.5612668153875,77.14952329215053,78.1768798828125,5316200
2018-02-14,77.60380677658242,79.44186330571065,77.07265531365432,79.02952575683594,6189100
2018-02-15,79.40692325702611,81.3008916087722,78.54030630003143,80.3014907836914,7401100
2018-02-16,80.5321171313059,83.3066721915489,80.51114620750977,82.88734436035156,8717000
2018-02-20,82.27232223441054,84.94903937283593,81.92288152178192,82.45403289794922,8751400
2018-02-21,82.8104680703324,84.77432872602175,82.36318433350216,82.40512084960938,5122500
2018-02-22,82.8663636182476,83.67706856477928,81.47559118843321,82.16049194335938,5185700
2018-02-23,82.75455510743747,83.38354414721069,81.69225231680628,82.99217224121094,4685700
2018-02-26,83.35559082111756,85.06785362677954,83.19485106849793,84.94205474853516,4473500
2018-02-27,84.71141731981129,85.26353428824414,82.57983216183047,82.64971923828125,4754300
2018-02-28,83.16690747704364,83.86578905248098,80.91650795100848,80.95145416259766,6660000
2018-03-01,81.0073510290379,81.49656590880628,78.14193283254741,79.56066131591797,7148900
2018-03-02,78.93168751394205,80.69985706185506,78.19785972061408,80.39933776855469,5439700
2018-03-05,79.6724881640825,81.2938929730874,78.89672930013198,80.83263397216797,3975700
2018-03-06,81.07723934441285,81.2799156068501,79.55367755440379,80.06385803222656,3650500
2018-03-07,78.68008365480485,80.36438536361372,78.42149557006428,80.17568969726562,5286200
2018-03-08,80.37136228799676,82.29328616879668,79.91708830430838,81.77611541748047,6179400
2018-03-09,82.3631919627718,83.62817123033307,82.23739306688292,83.36958312988281,5835600
2018-03-12,83.44645722886324,83.57924109612982,82.41910050840966,82.67768859863281,4892900
2018-03-13,83.34860487352951,84.87915165360535,82.97819855080778,83.69105529785156,5403200
2018-03-14,84.1033839038908,84.33401604225526,82.43305780853943,83.12495422363281,3556100
2018-03-15,83.16690404109637,83.51634481437829,80.28751014971787,80.32245635986328,5812400
2018-03-16,80.29448311656212,81.58042765717022,79.38593516943547,79.46980285644531,8879300
2018-03-19,79.49079464317491,80.35741169843082,77.18448847674887,78.29570770263672,8598900
2018-03-20,78.90370899273624,79.77731071911278,78.33761144825584,78.72898864746094,4933800
2018-03-21,79.02953221676735,79.52573751046764,78.08604312784306,78.5892333984375,4618000
2018-03-22,72.8164632085693,73.03311476141654,66.75715671620279,68.56027221679688,26861200
2018-03-23,69.18227919031054,70.11179287841343,68.05009455648073,68.11299133300781,14253600
2018-03-26,69.53171441697438,69.82524868022391,64.1293637594978,66.58942413330078,13760600
2018-03-27,66.74317166717731,66.89692642362105,63.682073147945474,64.3040771484375,10821300
2018-03-28,64.42988317425367,67.68666798854122,64.00356505926985,65.88355255126953,11154200
2018-03-29,66.05826615296637,66.77112815148962,65.34540948648493,66.14912414550781,7399400
2018-04-02,65.69484456964534,66.14212819121578,63.10898579918861,63.91968536376953,7816500
2018-04-03,64.53471871799853,64.61858642216997,61.655330191337725,63.311676025390625,10449200
2018-04-04,61.99779163721125,65.2825386500118,61.9418798245237,64.95406341552734,8841700
2018-04-05,65.04490143570509,65.18467560384208,64.05249097862128,64.44386291503906,7045000
2018-04-06,63.91272899246109,64.83525261827575,62.053706453005525,62.74559783935547,6761200
2018-04-09,63.870781656333726,65.2615543875106,63.19286572912425,63.23480224609375,8302100
2018-04-10,63.94766000804664,65.96742720359528,63.54929774914709,65.42929077148438,6253700
2018-04-11,64.70244754354371,66.03032339825769,64.57664866610676,65.4432601928711,7135700
2018-04-12,66.17056555280931,66.17056555280931,65.01252811625488,65.04783630371094,6402500
2018-04-13,65.40796436213714,65.4150270782065,64.32053774023088,64.84307098388672,4630000
2018-04-16,65.5915631005775,66.01523451875119,65.18201172852406,65.38678741455078,3922500
2018-04-17,65.81045165672278,66.38241312680096,65.40090571660078,66.0858383178711,4474700
2018-04-18,66.37535990285626,66.79903133541958,65.68335909942567,66.601318359375,5289700
2018-04-19,66.67898259077792,66.74959358827316,64.53943758175666,65.6762924194336,4972900
2018-04-20,65.9587489469959,66.2341356381725,64.97723604249734,65.38678741455078,4754800
2018-04-23,65.61980102335353,66.23412801068815,65.4785790293168,65.78926849365234,4716300
2018-04-24,65.63391396918465,66.00816244872509,63.861554970436856,64.51118469238281,6378300
2018-04-25,64.22872742877654,65.16080638060455,63.91803264907636,64.87129974365234,5487800
2018-04-26,66.37535555295257,69.58820736494665,66.07878610832135,68.80441284179688,12594400
2018-04-27,68.80437501358205,70.15306220587138,68.04882638445127,69.71527099609375,6117600
2018-04-30,69.94126632855418,70.2025275727154,68.15477620648149,68.17596435546875,7449400
2018-05-01,72.09492085672953,72.9916971434989,71.44529111951401,72.07373809814453,11910500
2018-05-02,71.43819936035366,71.85481319648254,70.58379432539404,70.87330627441406,7625600
2018-05-03,70.75328536249435,71.15577390832999,69.74353264051754,70.80977630615234,7699500
2018-05-04,70.54145124281524,71.26875462179575,69.9906780194037,70.73210144042969,5224400
2018-05-07,71.14165664078584,71.50883701433811,70.0754129335644,70.35079956054688,6151500
2018-05-08,69.99774465830528,70.45672420129536,69.69411253484479,70.18840026855469,7620900
2018-05-09,70.21664865254586,72.05256151328909,69.8353428035242,71.44529724121094,5665600
2018-05-10,72.43384628456486,73.30237153187349,71.97486685612044,72.62449645996094,5369700
2018-05-11,73.0552518679575,73.92378275752236,72.05256169975405,73.56365966796875,6358900
2018-05-14,73.71898481817634,75.06061491006919,73.66955659629318,74.77110290527344,8471700
2018-05-15,74.41100240980501,74.53810435980782,73.14704562568639,73.56365966796875,8387600
2018-05-16,73.76136242648812,74.60164772361885,73.57776954911648,74.17091369628906,8296700
2018-05-17,74.21327443126896,74.43217548193792,73.58482752445092,74.36862182617188,6702900
2018-05-18,74.33332060371593,75.39956432447232,74.22034409783231,74.83467102050781,5328000
2018-05-21,75.55491048802196,75.7314406527136,74.81348164140783,75.01119995117188,5797300
2018-05-22,75.23715834648624,75.72437793768947,74.91940081767744,75.01119995117188,9456800
2018-05-23,74.74288303818167,75.07476066475911,73.95908854609105,74.56635284423828,12816600
2018-05-24,73.82491738755697,73.82491738755697,71.74892091677175,72.82928466796875,13164500
2018-05-25,72.22910038246329,72.82930201080165,70.2943308157548,71.37469482421875,25301700
2018-05-29,70.80270909582748,71.73478805791133,69.85651009236213,70.2378158569336,25494700
2018-05-30,71.92544044469263,72.8433993246931,71.1981371321606,72.73748016357422,31273400
2018-05-31,71.2687729463669,71.38881219007273,69.55289917756147,69.86359405517578,18910900
2018-06-01,69.15037865445689,70.20955937189228,69.12919590207164,69.23511505126953,14837300
2018-06-04,69.5387635183815,70.23075873389105,68.9314993324518,69.97655487060547,10922500
2018-06-05,69.9836151942142,70.85214054136902,69.73647405426253,70.07540893554688,10199000
2018-06-06,70.08249086063734,70.60501875509094,69.4257982874598,70.59796142578125,4933500
2018-06-07,70.78858163778644,70.84507257193891,69.81413726637996,70.13188934326172,5092500
2018-06-08,70.10367047134787,70.96513868853573,69.90595751407997,70.91571044921875,4012900
2018-06-11,71.00749726533252,71.37468305343097,70.19546275417233,70.44966125488281,5770100
2018-06-12,70.47084657635733,70.69680498025382,69.7223549862907,69.84239959716797,8060400
2018-06-13,69.84945069636555,70.06835175272245,68.85382341985691,68.90325164794922,7816200
2018-06-14,69.46815690805228,69.84946275657468,69.02330277841303,69.72942352294922,4648700
2018-06-15,69.74353485276228,70.52027188451532,69.19982431780822,70.30843353271484,20806200
2018-06-18,70.0118798653759,70.13898182753178,69.41873557955702,69.53878021240234,6425600
2018-06-19,69.12214225418359,69.46813982548713,68.44426715259459,69.20687866210938,5528300
2018-06-20,69.35516764635206,70.29430935696435,69.08683836487839,69.37635040283203,5842700
2018-06-21,68.9950356432543,69.19274852769465,67.26504251712913,67.46981811523438,7225000
2018-06-22,67.8299505680777,67.86525875686792,65.97285512536018,66.01522064208984,9454800
2018-06-25,66.0010905255897,66.64365744276908,65.03370340548085,65.70452117919922,5573100
2018-06-26,65.92342440243604,66.27648472790442,65.0195908312007,65.04783630371094,5117100
2018-06-27,65.21729736432545,65.85986429236495,64.58885047752166,64.61709594726562,5833000
2018-06-28,64.49705695978733,65.39383319346565,64.12281388087942,65.26673126220703,6698900
2018-06-29,65.55621732216014,66.70013434398885,65.35850446617596,65.42205810546875,6787900
2018-07-02,65.00547353466145,65.88106713021207,64.85718882588442,65.74690246582031,3854500
2018-07-03,66.07878519468709,66.6366212684134,65.7539702759238,66.09996795654297,2452400
2018-07-05,66.7001537453992,67.1238250439252,66.34003071737934,66.71427917480469,4744000
2018-07-06,67.22268923292725,68.54313689603535,67.05322177147852,68.43721771240234,5867400
2018-07-09,69.1857203216567,69.44698157723005,68.43722858902733,68.52196502685547,5953100
2018-07-10,68.57139042813827,69.87065009736736,68.26775827259193,69.79297637939453,5119900
2018-07-11,67.97117400964298,68.84676209087512,66.98966675543183,67.05321502685547,6230000
2018-07-12,67.70948972442368,68.24448886341366,67.12455755015299,68.20169067382812,4672000
2018-07-13,67.73802726484067,69.09335957743616,67.72376301498497,68.92929077148438,3712400
2018-07-16,69.02203463818879,69.06483283450997,67.95203619181095,68.65823364257812,3783500
2018-07-17,68.6724816197274,69.3144816238699,68.00195311966058,68.05902099609375,5107500
2018-07-18,67.95914215469449,68.07327789523936,67.28861372701422,67.33854675292969,5521900
2018-07-19,66.49680600932298,66.53960418527875,62.60201417090982,64.1642074584961,19747200
2018-07-20,63.27968597541409,63.94308500456438,61.88869064443364,63.42235565185547,11791900
2018-07-23,63.607812350926935,64.19274436603558,63.22974726634698,63.771881103515625,6316800
2018-07-24,64.56369254470131,65.34835679844754,64.02155860260898,65.29842376708984,7965000
2018-07-25,64.97028564118956,66.70368277295837,64.97028564118956,66.42548370361328,7494300
2018-07-26,67.01752063492444,67.45265346961813,66.01172562388588,67.01039123535156,6812400
2018-07-27,65.15576350496421,65.81916269888822,63.32249988511082,64.599365234375,12905800
2018-07-30,64.67781664606203,65.29841749817803,63.75761763456248,65.23421478271484,6466000
2018-07-31,65.37690015454233,66.07596269425335,65.14863405798259,65.79063415527344,8691800
2018-08-01,65.83340632415775,67.39560503632332,65.8262714808157,66.98900604248047,5330400
2018-08-02,66.75361789812561,68.3800141830514,66.63235274968456,67.8521499633789,6023200
2018-08-03,67.68807656831085,69.08620670801952,67.63814354340309,68.85794067382812,4876100
2018-08-06,68.66534531037331,69.58554431670643,68.29440959315956,69.23600769042969,5134200
2018-08-07,69.4072158645344,70.15621130801834,66.86774987469134,67.09601593017578,8890900
2018-08-08,66.71080645223327,67.11027607422992,66.24714500462866,66.86061096191406,4535100
2018-08-09,67.19588701234218,68.57975313845287,66.67515758541705,68.10182189941406,6176100
2018-08-10,68.01622411262535,69.00775543423728,67.98769017157913,68.33722686767578,4446800
2018-08-13,68.4798720519461,69.60693791895095,68.34433723031009,69.03627014160156,5920000
2018-08-14,68.99348896288205,69.44288627472818,68.29442103549546,68.42282104492188,5580800
2018-08-15,68.42280125983208,69.7567340030267,68.20167009065364,69.51419830322266,6861500
2018-08-16,69.7924220934527,70.37022489490344,69.2360238302203,70.06349182128906,6332900
2018-08-17,70.06347356338628,70.72687257566291,68.779473719531,70.48433685302734,6307300
2018-08-20,70.85526091304877,71.49726072944618,69.52846310659099,69.64259338378906,6172500
2018-08-21,69.80667113661086,69.9422059604375,69.05054094534927,69.7210693359375,3528400
2018-08-22,69.79242929707154,70.13483119409788,69.28596401948798,69.64976501464844,2963300
2018-08-23,69.68541667339315,69.79954698281259,69.11474879941939,69.30021667480469,2137500
2018-08-24,69.29308588573123,69.61408318219802,68.87222252181732,69.47855377197266,2996100
2018-08-27,69.9850019644535,70.12053678406764,69.40720479416782,69.9207992553711,2456000
2018-08-28,69.75674248750114,70.40587182919704,69.26454162677612,69.37867736816406,3515400
2018-08-29,69.49994032952586,69.78527423174515,68.50127439290407,69.60694122314453,3637100
2018-08-30,69.54988405354086,69.71395284130145,68.87935009651676,69.04341888427734,3434400
2018-08-31,68.65821923356145,68.97208712016273,68.28015406595122,68.46562194824219,4703100
2018-09-04,68.4584833812507,68.4584833812507,67.11028613043197,67.45268249511719,4456100
2018-09-05,67.29575527292985,67.94489016926211,67.11742222786617,67.90209197998047,5188800
2018-09-06,67.6167684153259,67.82363543248016,66.19010383547041,66.86776733398438,5416300
2018-09-07,66.80355394613947,67.3028842518748,65.3412209271698,67.17448425292969,4051700
2018-09-10,67.75228782601864,67.88781722940783,66.83921813181256,66.92481994628906,3156800
2018-09-11,66.85346924279963,66.86060408592955,66.25426759257256,66.46826934814453,2638500
2018-09-12,65.90475429520546,67.01042126087017,65.65508914104342,66.5110855102539,3304700
2018-09-13,66.63949451704732,68.74382782608005,66.63236511331635,68.71529388427734,4850700
2018-09-14,68.6867504600477,68.76521742859929,67.70948349681845,68.25161743164062,3446000
2018-09-17,68.05187852184272,68.59401240259604,67.62388038116026,68.03047943115234,3987200
2018-09-18,68.01621200915488,68.52267712744123,65.9190194172339,66.06168365478516,10240500
2018-09-19,65.41970653641816,65.7977717959579,64.48524293700528,64.92750549316406,8451400
2018-09-20,65.21994540673197,66.4254782361956,64.64214822446421,66.11161041259766,5991200
2018-09-21,66.23288266383423,66.5752844574852,65.66222026413844,65.81201934814453,9953500
2018-09-24,65.84054461854817,67.03894257515576,65.59087406910776,66.63947296142578,5910300
2018-09-25,66.6822896379809,67.50975207545056,66.62522176166101,66.89628601074219,5303900
2018-09-26,67.26007706529266,67.845009106144,66.94620923380951,67.18161010742188,4656200
2018-09-27,67.30285995071834,67.68805980846889,67.02466096050242,67.15306091308594,3028600
2018-09-28,67.05320038493836,67.88066802326476,66.93906466560065,67.46693420410156,4527900
2018-10-01,67.58108029057284,68.2230802563056,67.28861696536187,67.76654815673828,3763800
2018-10-02,68.00908648757597,68.01622133311916,66.67515881250635,67.21729278564453,6792200
2018-10-03,67.50974785817438,68.9078780869186,67.48121392179692,68.48701477050781,4796800
2018-10-04,68.34435992186292,68.34435992186292,66.52536598191925,66.93909454345703,4425400
2018-10-05,67.12455528018242,67.95915260263274,66.27569370911684,67.32428741455078,4190100
2018-10-08,67.10315532362597,68.03048929817994,66.87488925266857,67.63101959228516,3305500
2018-10-09,67.55965911481314,67.95199381070647,66.91052995885978,67.45979309082031,3625600
2018-10-10,66.94619767726523,68.0447294555315,66.33273180833353,66.39693450927734,5310800
2018-10-11,66.33987692028165,66.61094112481707,63.92168184211921,64.69921112060547,9994400
2018-10-12,65.39855685525798,65.66531516088219,64.09361550989054,65.38414001464844,5709600
2018-10-15,65.25436864816217,65.3192526838609,64.29548645019531,64.29548645019531,4827900
2018-10-16,64.72807026196472,66.3141924808787,64.54782947575941,66.26372528076172,3787100
2018-10-17,66.19883083299725,66.62420191719372,65.48507891264735,66.52326202392578,2857400
2018-10-18,66.22046644344381,66.61699838941855,64.32433527567484,64.81459045410156,4422300
2018-10-19,64.35319639524191,64.87949661143853,63.423152923583984,63.423152923583984,7059400
2018-10-22,63.82686235991484,63.82686235991484,60.200418847167384,60.755558013916016,7621100
2018-10-23,59.53712081073357,60.98625235746356,58.75847951664806,59.81108474731445,8096200
2018-10-24,59.7245724694638,59.93365240018927,57.14352910165386,57.25167465209961,8689100
2018-10-25,57.96543416600708,59.976921869027144,57.43192301375279,58.92431640625,9173500
2018-10-26,58.412427164638075,58.78011988088952,57.266098491134905,58.24660873413086,6181500
2018-10-29,59.227116100283304,59.962495996554665,57.63378840793568,58.657554626464844,4343900
2018-10-30,59.06849452027616,59.75340712033113,57.77075901431742,58.8233642578125,5243100
2018-10-31,58.38359005952768,58.816166788316224,56.04766582314875,56.12697219848633,14068500
2018-11-01,56.026045205716926,58.14567860718041,55.87464360568557,57.828453063964844,10671700
2018-11-02,60.69066468219223,60.863694259546406,56.783046598834595,57.35981369018555,12781500
2018-11-05,57.28051798027311,60.4383399825454,57.15074439798094,59.53713607788086,10315600
2018-11-06,59.6452620467034,60.72670637693087,59.34245345385188,60.315757751464844,7945500
2018-11-07,60.66904925767296,62.882405874773575,60.66183808613826,62.69495391845703,10378000
2018-11-08,62.817497951331646,64.67758362613466,62.72377475085327,63.25008010864258,9333200
2018-11-09,63.32218129821663,64.54781619197504,63.12751820888922,64.0143051147461,9169800
2018-11-12,63.985447817120466,64.80734496030806,63.80520711904407,64.66315460205078,9344700
2018-11-13,64.88667253241584,65.52111801699316,63.58893688156298,63.60335922241211,7237200
2018-11-14,64.20175231735365,64.4540882474705,62.3272442638896,63.668235778808594,7268200
2018-11-15,63.17799845740122,65.09576306459883,61.973991324588326,64.98761749267578,10365700
2018-11-16,64.6920308822937,66.32861493937662,64.30991576275571,65.98976135253906,8691100
2018-11-19,65.81671343562185,66.57372129112998,64.24501386352864,64.51177215576172,5971700
2018-11-20,64.16571883120685,64.67760199552917,63.34382129970203,63.509639739990234,5372900
2018-11-21,63.80523165684144,64.00710043623884,61.54861922927522,62.11096954345703,6532500
2018-11-23,61.71444452587009,62.3993628185218,61.20977252118973,61.7360725402832,1612800
2018-11-26,62.28398400471679,62.90401253391715,61.43324756933796,62.175838470458984,5227900
2018-11-27,62.16142973132277,63.22845187372082,61.64233549966487,63.21403503417969,4338300
2018-11-28,63.473568869625744,64.13685335996223,62.406541449967534,64.1224365234375,3953600
2018-11-29,64.17290962999921,65.12458044333022,63.70428264226196,64.82177734375,3838000
2018-11-30,65.07412908481597,67.9651870727539,64.79295392389942,67.9651870727539,12031700
2018-12-03,68.00122329825933,68.2896095701947,66.91977890388465,67.525390625,6673900
2018-12-04,67.71286870212889,68.47709350533547,65.17508042305393,65.2832260131836,7008400
2018-12-06,64.67038538620562,65.23274120303903,62.84634969333746,65.12459564208984,8734300
2018-12-07,64.83621532174736,64.88668252146579,62.269588306617734,62.69495391845703,6737700
2018-12-10,62.48586340743014,63.358227998555336,60.993470181205815,63.163570404052734,5229400
2018-12-11,63.89173550118448,64.48292487140577,62.47864884798506,63.567298889160156,5098100
2018-12-12,64.39642125632939,65.00923876633563,63.704297368503475,63.87732696533203,4185100
2018-12-13,64.43246170666171,64.87945522147426,62.99053578685691,63.235660552978516,4078600
2018-12-14,62.57958925221031,62.83913636666044,61.33953203883995,61.721641540527344,5461600
2018-12-17,61.33232629345046,62.63726765059466,60.70508646130063,61.23139190673828,5958200
2018-12-18,61.61351508225079,61.642354270626065,59.6957558096535,60.25810623168945,5288600
2018-12-19,60.79881227272554,62.21911028996645,59.58759418954403,60.21482849121094,5510800
2018-12-20,59.83272642454033,62.34889161634341,59.414572004862954,61.548622131347656,9453300
2018-12-21,61.01510218009994,63.95663280394434,59.99854711922692,61.22418212890625,16044700
2018-12-24,61.173695817771424,62.320029592584845,60.27249226859828,60.67623519897461,5097900
2018-12-26,61.0944135580375,64.23060204581668,61.007901503527144,64.1945571899414,6225000
2018-12-27,63.40868521135476,64.83619418160649,62.622838286180794,64.82177734375,7272800
2018-12-28,64.95156383884822,66.91979554631878,64.88667979929468,65.69416046142578,6037700
2018-12-31,66.04020517078163,67.04234323201293,65.77345239940301,66.465576171875,5722100
2019-01-02,65.78065930750377,65.79508164707256,63.74754396866445,64.33152770996094,6908400
2019-01-03,63.90614902164435,64.02150572228942,62.06048581540517,62.21188735961914,7653200
2019-01-04,63.26449285169329,64.26663081693856,62.197465366847624,64.2161636352539,8910600
2019-01-07,64.93714363175738,65.4346099112697,64.30990377935103,65.15343475341797,7281500
2019-01-08,65.75180679989332,66.54487030008302,65.17503984581236,65.45621490478516,7478300
2019-01-09,65.52113422879602,65.88882700426727,63.055441382604,63.307777404785156,9971900
2019-01-10,63.35821650423096,64.07917939094483,62.81028867069584,63.588924407958984,6527700
2019-01-11,63.11309673255151,63.668235778808594,63.11309673255151,63.668235778808594,5318100
2019-01-14,63.471199625707165,63.471199625707165,61.661279125178474,61.85832977294922,6368500
2019-01-15,61.98238372186448,62.5297378679184,61.632074618481276,62.398372650146484,7295500
2019-01-16,62.51516219429975,63.047917265012366,62.36189808948969,62.43488311767578,4927000
2019-01-17,62.427582548099465,63.99666597455266,62.34000385639889,63.63905715942383,6438700
2019-01-18,64.55129084436551,65.52923305815037,63.43468937911379,65.31758880615234,6190000
2019-01-22,64.85052584789585,65.21542864669428,64.14991314235984,64.7045669555664,5664600
2019-01-23,64.83593143700297,65.15704770556546,64.00395343934126,64.55130767822266,4969300
2019-01-24,64.46374776891932,64.54402685250514,62.10647258067263,62.67572021484375,8372600
2019-01-25,60.21626725179472,60.28924670503126,57.968464457067036,58.77854919433594,21308600
2019-01-28,58.38445542006474,58.4574348757447,55.96150074285107,56.297210693359375,14718800
2019-01-29,56.21693529766473,57.04161934790243,55.29737850563704,56.53805160522461,13909000
2019-01-30,56.698602745105504,57.79331122039228,56.18044140162679,57.69843292236328,9277200
2019-01-31,57.61814607487798,59.340487622189016,57.442994301516954,58.59608840942383,11563900
2019-02-01,58.566907704987145,58.91721689257112,57.73492964844781,58.749359130859375,6759500
2019-02-04,58.603408723241714,58.64719529005417,56.574543895966876,57.311649322509766,10205600
2019-02-05,57.33352685284207,58.428235266180806,57.08539561844658,58.15821075439453,7965500
2019-02-06,58.09253977380325,58.30418412107279,57.501398865621084,57.713043212890625,4907200
2019-02-07,57.18028035344188,57.815213371012476,56.78618457370594,57.77872085571289,5877500
2019-02-08,57.67654432872922,58.28228440390549,57.574371974841135,58.143619537353516,4598900
2019-02-11,58.304173379186125,58.51581768746259,57.77871241628944,58.21659469604492,4803500
2019-02-12,58.37715676927704,58.472035074407664,57.34083400475109,58.333370208740234,6620100
2019-02-13,58.632586448642854,59.3477984745895,58.59609950493647,58.961002349853516,4237200
2019-02-14,58.7128603621216,58.88071810594662,58.18010537341078,58.763946533203125,3436300
2019-02-15,59.20913597018252,59.62512500723858,58.50122909994562,59.004791259765625,6295400
2019-02-19,58.74935287059771,59.493752158924835,58.552307801561874,58.763946533203125,5674700
2019-02-20,58.77124336192168,58.822329530581,57.756814035704515,58.37714767456055,5564100
2019-02-21,58.19470070275545,58.31877189434267,56.997819887730294,57.47219467163086,6360800
2019-02-22,57.77142386527957,58.52312287117493,57.09999836659877,58.399051666259766,5022700
2019-02-25,58.72015401688895,58.83692557777928,58.29686546062321,58.59608840942383,5511800
2019-02-26,58.530416900519064,59.012091351505156,58.39905164733884,58.75666046142578,4283100
2019-02-27,58.48662386805101,58.48662386805101,57.50868697766344,57.9538688659668,4175500
2019-02-28,57.99037309130791,58.17282455669762,57.47221159775836,57.82981491088867,6310800
2019-03-01,58.216575596084645,59.00476678183632,57.85897250120551,58.45741271972656,8567900
2019-03-04,58.676379399834914,58.917216617174674,57.734929378577725,57.990360260009766,5872500
2019-03-05,57.931974184586934,58.31147626483908,57.45030532023686,57.58897018432617,5933100
2019-03-06,57.7495151551705,57.7495151551705,56.603720585261705,56.990516662597656,5293200
2019-03-07,56.756996475402694,57.74223879205952,56.51616478517529,57.100006103515625,6642500
2019-03-08,56.6839964781272,56.95402653965151,56.260707917243,56.618316650390625,6189100
2019-03-11,56.61103570305148,57.151090436206694,56.39209173578446,56.983238220214844,8078100
2019-03-12,57.27515549175019,57.75682437274854,56.96133880868468,57.464900970458984,6128800
2019-03-13,57.596261785679,57.873591502076756,57.034313873146004,57.60356140136719,5984500
2019-03-14,57.654644493103774,58.676373483791764,57.22406184609976,58.347957611083984,6161800
2019-03-15,58.4282382742406,59.449967292886726,57.734925137288876,59.362388610839844,12751100
2019-03-18,59.362391633771836,59.66161463668805,58.58879939087703,58.858829498291016,5550100
2019-03-19,58.625299256053474,59.32591213206351,58.02685874312972,58.98290252685547,6335500
2019-03-20,58.90991319789661,59.0485780537113,58.428238794314154,58.69826889038086,5360900
2019-03-21,58.29687725566156,59.340499628380456,57.844401285599574,59.28941345214844,5159200
2019-03-22,58.9537041815711,59.83676841979754,58.15821863274649,58.20930480957031,4992500
2019-03-25,58.01954059550729,58.413636256388415,57.22405522726579,58.02684020996094,4008400
2019-03-26,58.2749613133387,59.252903465442444,58.23847438334823,58.9390869140625,4921900
2019-03-27,59.11424949161244,59.11424949161244,58.238485059667234,58.30416488647461,4006200
2019-03-28,58.62530053290929,58.74206656413269,58.01956039000748,58.35527038574219,3071000
2019-03-29,58.4428285160828,59.04126883141841,58.355249847506485,58.815025329589844,7105900
2019-04-01,59.099657845509675,59.1945305656798,58.36255265657363,58.95369338989258,4759400
2019-04-02,59.03395913456796,60.931452085851696,58.96827932033401,60.624935150146484,6355800
2019-04-03,61.02635127865931,61.83643600649806,60.42061124469424,60.63225555419922,6083500
2019-04-04,60.60305747485589,60.851188705338245,59.89514515451823,60.43519973754883,4827900
2019-04-05,60.44249956197574,61.435035623293764,60.333027608394,60.90227508544922,3996300
2019-04-08,61.08472751028637,61.30367142112321,60.413307683416626,61.28907775878906,3499200
2019-04-09,61.13581153422005,61.14311114911835,60.2089608892281,60.347625732421875,3712700
2019-04-10,60.719839294781316,60.85120455925463,60.28195693586235,60.53738784790039,3641900
2019-04-11,60.71982308700595,60.75631559383181,59.28211074644894,59.67620086669922,9094200
2019-04-12,59.65401190541767,60.49702093858802,59.04024048809892,59.735355377197266,5011500
2019-04-15,59.86849402637786,60.27521160037753,59.43220212136271,59.920257568359375,3495500
2019-04-16,59.97938918711976,60.11989258120004,59.17335082344901,59.3138542175293,3624700
2019-04-17,59.23252020151029,59.3064672895419,57.34684406859886,57.66482162475586,6817100
2019-04-18,57.72397031689279,57.834893759092786,56.79961770156053,57.36162567138672,7784900
2019-04-22,57.38381371917344,58.493036944319066,57.30986663252395,57.790531158447266,5358600
2019-04-23,57.79054129063198,58.90716111275537,57.49474725037255,58.16767883300781,9920600
2019-04-24,58.58917796079849,58.855386365850684,58.00498633808066,58.17506408691406,7056400
2019-04-25,59.19554661414145,59.50612775392706,56.87357318313322,58.670509338378906,10442900
2019-04-26,58.91454205444821,59.63923705021225,58.71488435458528,58.93672561645508,5790000
2019-04-29,59.498746365524575,59.88328032858938,59.09203447750881,59.38043212890625,6444500
2019-04-30,59.66140230639498,59.668798705394885,58.18243844718023,58.70746994018555,9367400
2019-05-01,58.862785007785035,58.92194494084875,58.13069917197716,58.33775329589844,5231700
2019-05-02,58.219419913424055,58.25639062807169,57.38380164882904,58.02715301513672,5206300
2019-05-03,58.212047281575664,58.27120721932657,57.86448969954182,58.20465087890625,4527300
2019-05-06,57.49473898105521,58.803619945562566,57.191548581900804,58.611358642578125,5413200
2019-05-07,58.12329990475471,58.411697511971845,57.06584013102471,57.642635345458984,4275300
2019-05-08,57.64264598161663,58.337761184607764,57.17677413979635,57.67222595214844,3820700
2019-05-09,57.3172621987712,57.77573751439996,56.740467032786,57.61305618286133,3792200
2019-05-10,57.27288818359376,57.47994791719697,55.91964018594247,57.27288818359375,4731800
2019-05-13,56.422481973617664,57.161964014468225,56.32634569755494,56.84398651123047,3858400
2019-05-14,57.05844949216414,58.685308082061205,56.94012963161814,58.00498580932617,6365200
2019-05-15,58.05675097336224,58.53001914527554,57.29508518549557,58.25640869140625,4795700
2019-05-16,58.40429778544909,59.713178598655844,58.20463446230531,58.78882598876953,5404700
2019-05-17,58.071524479355375,59.21772391348754,57.69438705418023,58.75924301147461,4756400
2019-05-20,58.43387136993683,59.446963848690544,58.35253353174542,59.02545928955078,4395500
2019-05-21,59.402599138432535,60.26779185147055,59.39520273764226,59.80931091308594,4841900
2019-05-22,59.535706561412,60.45266280281469,59.069829218968074,60.33434295654297,4219500
2019-05-23,59.44700577382779,60.363962618294856,59.39524221749024,60.00901412963867,3299100
2019-05-24,59.96461150576637,59.972007907793426,59.06244792152459,59.202945709228516,3872700
2019-05-28,59.1585627366403,59.232509811701064,57.62043875145561,57.7017822265625,6557800
2019-05-29,57.36162766247318,57.88665928919027,57.01407016435604,57.72397232055664,4182200
2019-05-30,58.06414217312845,58.115905703517086,57.03626232555289,57.39121627807617,3533100
2019-05-31,57.1693733600338,57.36164033287002,56.49644741781016,56.725685119628906,4003200
2019-06-03,56.66652041670721,56.82181100569687,54.58118078458635,55.97880172729492,8434400
2019-06-04,56.30416829257229,57.265497307463,56.126694163075854,56.755252838134766,6447100
2019-06-05,57.24330886015229,57.8053111625514,56.68869731624238,56.9844856262207,3804400
2019-06-06,57.0584310052675,57.472539099404756,56.836584159522744,56.99187469482422,4032800
2019-06-07,57.3024733577396,57.96061205588994,56.9992885933946,57.25810623168945,4829100
2019-06-10,57.28030148370366,57.49475203971053,56.644346218801246,56.90316390991211,3969400
2019-06-11,57.30247641246371,58.345149064636885,57.30247641246371,57.80532455444336,4210200
2019-06-12,57.86448590144788,58.60396814938971,57.812722369764025,58.10111999511719,4165700
2019-06-13,58.36730818090332,58.566965816944574,57.9014366022742,58.38209533691406,2924900
2019-06-14,58.3821149700039,58.670512564491624,57.83489974479657,58.18985366821289,4075900
2019-06-17,57.97540396086872,58.456068505569924,57.97540396086872,58.160274505615234,3083200
2019-06-18,58.33035079505482,58.56698486076656,56.947522765533556,57.864479064941406,5433500
2019-06-19,57.97540791634889,58.03456784873638,57.15458219032788,57.39121627807617,6147300
2019-06-20,57.857090804729694,58.54480953650509,57.73877657612635,57.93103790283203,5347000
2019-06-21,57.7905369214358,58.478255615278826,56.51862659374319,58.25640869140625,10516900
2019-06-24,57.98278911719922,58.64831843577311,57.56867534085523,58.01236343383789,5182700
2019-06-25,52.11130988737483,52.25920406597343,48.11070860392843,48.58397674560547,90131800
2019-06-26,49.72277443832632,50.587972776378805,49.397406153276435,50.28478240966797,42093800
2019-06-27,50.40310006785772,52.20743246321009,50.35872730770123,51.76374435424805,22129200
2019-06-28,52.19264762290997,53.789926014489254,52.007777099146594,53.77513885498047,21381500
2019-07-01,54.351939336959894,54.61075696734708,53.44977018949495,54.277992248535156,18010900
2019-07-02,54.13009419761023,54.90655275592979,53.47935189969956,54.89176559448242,12862200
2019-07-03,54.980498824464924,55.43897980602787,54.558994208534955,55.431583404541016,7434100
2019-07-05,55.20235878276326,55.30588586084459,53.69381410554626,53.974815368652344,10854900
2019-07-08,53.62724367902157,53.982197597672744,52.414493389815206,52.66592025756836,13487400
2019-07-09,52.636327466734414,53.57546709724149,52.421877015906865,52.680694580078125,11832500
2019-07-10,52.93213463704959,53.05044884951699,52.47365366446065,52.9838981628418,9170400
2019-07-11,53.464549313882216,53.53849638338832,51.65281508108385,52.680694580078125,13001000
2019-07-12,52.77831640985516,52.77831640985516,51.45698005714401,52.76329803466797,12903000
2019-07-15,52.785810283446146,53.318847949151674,52.32784729654702,52.75577926635742,10253300
2019-07-16,52.665704062519,52.77831897055931,51.89992727011058,51.922454833984375,10141600
2019-07-17,52.05007273107124,52.447973701519864,51.28429608076955,51.291805267333984,12205000
2019-07-18,51.47948875963038,51.764774809259706,51.05155682127118,51.2392463684082,8573300
2019-07-19,51.156673359559626,51.667189265163856,51.12664233830859,51.45697784423828,9806900
2019-07-22,51.42694240457871,51.61463197539834,50.93143918825594,51.05156326293945,9961800
2019-07-23,51.051563913157146,51.38189939491298,50.75125945045469,50.84886169433594,8025300
2019-07-24,50.87888956068905,50.96898262240904,50.120627770580704,50.646156311035156,12595300
2019-07-25,50.64615450662266,50.95396816065889,49.92542722203528,50.04555130004883,12403500
2019-07-26,50.781298225466465,51.907435836725185,50.57859597568602,50.87139129638672,12259300
2019-07-29,50.95397637919277,51.35938661613148,50.210721414222355,50.435951232910156,10117300
2019-07-30,50.240752438569544,50.69871553615778,49.74525485642149,50.435951232910156,8143700
2019-07-31,50.233242606198615,50.58609420989585,49.272267132486355,50.01552200317383,11300000
2019-08-01,50.24824946750722,50.450951673010444,48.881869693424925,49.39989471435547,13106700
2019-08-02,49.17466474735145,49.392385324412245,48.82180745790226,49.062049865722656,9653900
2019-08-05,48.784280017322764,49.64014407658881,48.453944510998454,48.97196960449219,11618800
2019-08-06,49.001992775019545,49.42992478611314,48.2662528327758,48.62661361694336,10248700
2019-08-07,48.33382451850257,48.72422210045748,47.53051611042662,48.39388656616211,10532100
2019-08-08,48.641625662190066,49.137123107910156,48.29627756903227,49.137123107910156,7427400
2019-08-09,49.07707501661925,50.20321253278721,48.266254630298725,49.23473358154297,10893500
2019-08-12,48.9794717468841,49.15965786976033,48.10859506430826,48.446434020996094,5258900
2019-08-13,48.69417833495464,49.49748939674643,48.529010611025946,48.806793212890625,7082500
2019-08-14,48.42390736256998,48.791777303082114,47.67314910888672,47.67314910888672,9373300
2019-08-15,48.13863531376328,48.228722664641154,47.04252576744976,47.28276824951172,9195700
2019-08-16,47.68066160672711,48.656646890138326,47.35032896333255,48.371360778808594,8348100
2019-08-19,48.82930542664257,50.21069752230775,48.77675259099943,49.970455169677734,9826300
2019-08-20,50.586095162264364,51.396915548553125,49.79780233767662,49.85786437988281,12037900
2019-08-21,50.556067418929004,50.99150866140801,50.00050781208142,50.70622253417969,7615700
2019-08-22,50.95397025584938,51.0740886109708,50.158162525864846,50.691200256347656,6495700
2019-08-23,50.511018413196496,50.893906756854335,49.15965688566569,49.52752685546875,8904700
2019-08-26,49.872871540190154,50.24825067093738,49.61010729423329,49.89539337158203,4841100
2019-08-27,50.05305010439154,50.28578905194151,49.16715515883457,49.30229187011719,7591200
2019-08-28,49.22721338019319,49.8353256699585,49.09958586492917,49.60259246826172,6872800
2019-08-29,50.098102098820135,50.32332614411718,49.520015020779134,49.715213775634766,6011900
2019-08-30,49.8503386017976,49.87286042817146,49.16714598669882,49.354835510253906,6415100
2019-09-03,49.38488020906698,49.39989858269857,48.74673679767531,49.09959411621094,7915700
2019-09-04,49.30228951490605,49.86535816371356,48.37886013844682,49.8353271484375,9618300
2019-09-05,50.030527050163265,50.526030222024026,49.872868512161375,50.32332229614258,5602400
2019-09-06,50.49599248913719,51.1416449271643,50.300793775172515,50.766265869140625,7502500
2019-09-09,51.02153773953158,51.05156876143695,49.78278529313625,50.07558059692383,10310900
2019-09-10,49.60259111744359,51.18669128417969,49.28727406673227,51.18669128417969,12155700
2019-09-11,51.336831777580635,52.357863151598934,51.09658943827216,52.17017364501953,8369100
2019-09-12,53.12365945836357,53.43146738605824,52.695727452073974,53.176212310791016,9560100
2019-09-13,53.41644747032641,53.68672088255024,52.91344084728839,52.93596267700195,8135600
2019-09-16,52.830866825437894,53.27381149984477,52.342872755383546,52.988525390625,5992000
2019-09-17,52.935967761140446,54.12216148668133,52.823352873926204,53.75429153442383,9013500
2019-09-18,53.81435969875311,53.91946541136571,53.161197860804734,53.50654602050781,6252600
2019-09-19,53.604132994536585,53.98702125439309,53.46148711329335,53.80683517456055,5541200
2019-09-20,54.0546015504144,54.805359905281264,54.0546015504144,54.34739685058594,12968700
2019-09-23,54.30234617853662,55.39094336155871,54.09213478273905,54.75279998779297,8092300
2019-09-24,55.42847015042634,55.42847015042634,54.18220899435353,54.767799377441406,8223800
2019-09-25,54.71525773956798,54.985531160590426,54.06960520355112,54.12215805053711,5922700
2019-09-26,54.767815828757094,55.90146246834195,54.520069942298676,55.578636169433594,10324100
2019-09-27,55.71377477238859,56.411980245775496,55.49605417016778,56.19425964355469,7677300
2019-09-30,56.269340188472746,57.38797433645596,56.269340188472746,56.84742736816406,8315100
2019-10-01,56.97504124402339,57.08014693730984,54.760306771133564,54.97802734375,10910800
2019-10-02,54.72278446233217,54.80536835232255,53.73178351028019,54.15220642089844,8380500
2019-10-03,54.099646167381444,55.51107556509138,54.08463352026681,55.443504333496094,6228500
2019-10-04,55.721269811619244,56.351903896967656,55.51856190716439,56.051605224609375,7007500
2019-10-07,56.09665879215778,56.509572403527116,55.616173958087,55.803863525390625,5163500
2019-10-08,55.46602278160559,56.11918458393289,55.120674640736546,55.2032585144043,6121500
2019-10-09,55.60866761932888,56.0215869796749,54.9930460361602,55.03058624267578,5851000
2019-10-10,54.97051819147287,56.0290843110312,54.955499819376605,55.89394760131836,7329400
2019-10-11,56.34334869955743,56.625175974950174,56.038665380900916,56.08436584472656,7164900
2019-10-14,56.09961113069049,56.495695432943215,55.90156607388825,56.18339920043945,5040900
2019-10-15,56.51855249608939,57.1126877382736,56.21387490894155,56.747066497802734,6028300
2019-10-16,56.65565541678889,57.112683385382816,56.62518649812582,56.9374885559082,8288300
2019-10-17,57.12028206821466,58.02671328639488,56.86130504093492,57.23453903198242,6811300
2019-10-18,57.31073881025889,58.78083113527358,57.28788856765225,58.240020751953125,9480200
2019-10-21,58.559927693798414,59.29878309671983,57.77537181196735,58.87984848022461,7839100
2019-10-22,59.45112166895971,59.915762528487946,59.22260767493352,59.31401443481445,6062000
2019-10-23,59.253064128393575,59.42825311711627,58.796042047848275,59.22259521484375,6136700
2019-10-24,59.291165503265,59.329253110625245,58.08005629906828,58.49899673461914,5699300
2019-10-25,58.18669282256035,58.49137623793979,58.05720425971374,58.293331146240234,5497000
2019-10-28,58.39996043444062,59.70247616759714,58.26285320930036,59.66439437866211,7146400
2019-10-29,59.496815986112345,59.976688350284334,59.10072587897054,59.77103042602539,6391500
2019-10-30,59.80149727576119,60.776479334483824,59.420644545863205,60.677459716796875,7222500
2019-10-31,60.71555502896079,60.738405268028934,59.976699638543,60.593685150146484,10009400
2019-11-01,60.959290052584684,62.59695803494953,60.273753942367804,62.26942443847656,13356300
2019-11-04,63.18348218707044,63.46531537342269,62.56650246196072,63.213951110839844,9127900
2019-11-05,63.3510481220432,63.526242952560494,62.056151033592506,62.33797836303711,7475600
2019-11-06,62.28464603773031,62.65026717520001,61.203025798548325,62.52077865600586,9303600
2019-11-07,62.61981850571437,62.909264550072706,61.75909324468765,62.46747970581055,6561500
2019-11-08,62.53604740942248,65.09537946021256,62.52842872395197,64.90495300292969,11364100
2019-11-11,64.70689503614793,65.26294273820868,63.90710756087949,65.24771118164062,8726300
2019-11-12,65.20199173014208,67.24336276810628,65.16390994073106,65.84182739257812,12165900
2019-11-13,65.30864860392138,66.47405745779484,64.99635227202597,66.0094223022461,5798800
2019-11-14,65.87229616654311,66.839659623472,65.45335580447629,66.74825286865234,5425600
2019-11-15,67.10624579098612,67.93650771389947,66.46641603286672,67.50994873046875,8036700
2019-11-18,67.28907294980783,68.10410355747045,67.27384139411589,67.58614349365234,5772300
2019-11-19,67.98984325167244,68.86580585096029,67.7232474548507,67.8070297241211,7504800
2019-11-20,67.57849538774317,67.57849538774317,65.9179775953446,66.42070007324219,10933000
2019-11-21,66.10841947177558,66.16935730505226,65.16390630139357,65.90275573730469,9614100
2019-11-22,65.9941574388163,66.10841441463177,64.98108783065766,65.54475402832031,7784700
2019-11-25,66.15413510222457,66.9386909985731,65.55238693625023,66.8472900390625,9522100
2019-11-26,67.14435188793276,67.1748208102415,66.21507009725066,66.81681823730469,6431400
2019-11-27,66.92345343741802,67.64707142159413,66.7330270403872,67.28145599365234,4711800
2019-11-29,67.03009797331877,67.09864869316023,66.43596848928084,66.8244400024414,3042800
2019-12-02,66.90820884818757,67.05293475393982,66.26837901268638,66.29122924804688,6526400
2019-12-03,65.47620846540332,65.8722986062733,65.19437531945167,65.46858978271484,10054500
2019-12-04,65.6437632214549,66.6873015782768,65.59806276292339,66.42070007324219,6174600
2019-12-05,66.45881780985002,66.45881780985002,65.7047308452609,66.05511474609375,6072100
2019-12-06,66.42833996114271,66.80919273409596,66.10080634394883,66.2531509399414,6044600
2019-12-09,66.43595677182819,66.81680953405022,65.79612110939215,65.84182739257812,5582700
2019-12-10,66.20742666720511,66.23027689755767,65.66661657390945,65.93321228027344,7816000
2019-12-11,66.03985595703125,66.466414933406,65.68185930001549,66.03985595703125,7326400
2019-12-12,66.08558246414904,67.74610097950536,66.07796378062667,67.58614349365234,6260500
2019-12-13,67.62420809892639,67.86033492592283,66.51973753439644,66.908203125,5975200
2019-12-16,67.31953816331313,68.64491007824496,67.22813721149195,68.11933135986328,6723300
2019-12-17,68.55350307606544,68.68299163159564,67.84511664515867,68.61444091796875,8750000
2019-12-18,68.59158073033971,68.69060035055466,67.80701920518443,68.04315185546875,6490100
2019-12-19,68.30973176318632,68.30973176318632,67.4566197322686,67.6165771484375,5447000
2019-12-20,68.85819673742695,70.06930601616871,67.9060646083457,68.01270294189453,19134800
2019-12-23,68.19550563577418,68.91151080347876,68.04316683093839,68.74393463134766,5907200
2019-12-24,68.85819521280331,68.85819521280331,68.11933976717908,68.43925476074219,1798800
2019-12-26,68.70583856585354,69.10192870782723,68.1345594010221,68.42401123046875,4066700
2019-12-27,68.53826512997232,68.76677329877234,67.66230262119244,67.94412994384766,4087800
2019-12-30,67.95936770211257,68.34783914607964,67.15196170724359,67.4261703491211,7014800
2019-12-31,67.19004963906264,67.48711435532671,66.93868539873074,67.44141387939453,4702100
2020-01-02,67.85273657218748,68.22597069082103,67.41856461053342,68.21073913574219,5639200
2020-01-03,67.1595903647031,68.08887225115457,66.95393238211543,67.56329345703125,5988500
2020-01-06,67.19766096041751,68.26404983571034,67.0148532653636,68.09647369384766,6786600
2020-01-07,67.73846909990654,68.20310991125733,67.22812781902998,67.70800018310547,7242500
2020-01-08,67.90604652444289,68.5991955079194,67.69276991414242,68.18787384033203,7696800
2020-01-09,68.56109358121559,68.72866967190137,67.82985721296404,68.71343231201172,7518000
2020-01-10,68.7286937996902,68.77439427270257,67.66230487570225,67.83749389648438,8581400
2020-01-13,68.17264431876839,68.17264431876839,66.96914819752264,67.4261703491211,9292200
2020-01-14,67.24088539749268,68.27536363830663,66.9861251714118,68.09008026123047,8876900
2020-01-15,68.07465902362529,69.38705086068902,68.07465902362529,68.90841674804688,8490100
2020-01-16,68.94701304333316,69.32529561025768,68.64593484671423,68.90841674804688,7073200
2020-01-17,68.80804575600632,68.91612479455216,67.77357327567734,67.9356918334961,10122300
2020-01-21,67.68865385422461,68.34484970608531,67.60373376740978,67.92797088623047,13552000
2020-01-22,67.95885788180227,68.0669369316329,67.27950301288601,67.32582092285156,6438900
2020-01-23,67.20230679197405,67.217744132526,65.61198978125626,65.8281478881836,12266800
2020-01-24,65.95164924783276,65.99025142176548,63.890420380905454,64.4925765991211,13215400
2020-01-27,65.6583129934497,66.33766787910596,64.84771420987956,64.86315155029297,13832000
2020-01-28,65.61199526501701,65.61199526501701,64.56980093958838,64.67015838623047,8614400
2020-01-29,64.69332049162345,64.84771746296947,64.17607826889376,64.23011779785156,5703200
2020-01-30,63.751464839305775,63.91358337833698,62.670668689232556,63.13386535644531,10870000
2020-01-31,62.948598788059876,63.08755840131739,62.07624481530597,62.547157287597656,13870100
2020-02-03,62.7710469720107,63.76692337705119,62.46996874372719,63.53532791137695,10143700
2020-02-04,64.53118500338327,65.39582320903446,64.53118500338327,65.12562561035156,8251500
2020-02-05,65.66601005014245,67.27176393049338,65.52705046646084,66.87804412841797,10020600
2020-02-06,67.85076722197434,67.9048067376429,66.56153456969174,67.30265045166016,7769700
2020-02-07,69.27897255647389,71.78024575668599,68.61505501578547,71.24756622314453,19090300
2020-02-10,71.30158890227328,73.72565715860252,71.10858979976385,73.14665985107422,13998300
2020-02-11,73.54039562950675,74.94542916510909,73.34739648511156,74.1116714477539,10682800
2020-02-12,74.09623362074646,75.54758505670738,73.88779124784442,75.49354553222656,10591000
2020-02-13,74.76784250385214,75.1615622766872,73.51721223346293,73.60984802246094,10613000
2020-02-14,73.51722590005832,73.57126541697441,72.39010587889578,72.60626983642578,11175800
2020-02-18,72.31291947333588,72.95367805927634,71.99640393284636,72.2666015625,9406300
2020-02-19,72.39010230493565,73.17754195811153,71.81110498519206,72.67574310302734,6349100
2020-02-20,72.51363793126336,72.86875564607001,71.47915946650797,72.7452392578125,5446200
2020-02-21,72.53678046159499,73.74109295128125,72.0890211395806,73.30877685546875,6676000
2020-02-24,71.15491762343447,72.46731523745503,71.13948028462138,71.90375518798828,10705100
2020-02-25,72.04271425814183,72.15079329862338,68.0206131377465,68.84664916992188,11366400
2020-02-26,68.4143387280856,70.39064807911933,68.08237996460417,68.2522201538086,9786900
2020-02-27,66.53837211046796,69.05507615304407,65.00209502199657,65.94393157958984,14184100
2020-02-28,63.913580533386195,66.16780853271484,62.97946562729175,66.16780853271484,18450000
2020-03-02,66.39170354766405,68.53785302229133,64.50031434905502,68.46837615966797,12171100
2020-03-03,69.04738811447147,70.17450261224218,66.12924147245494,67.60375213623047,12660900
2020-03-04,68.91611203597542,70.91558565863862,68.66907343791026,70.8306655883789,16590400
2020-03-05,69.52599167863103,70.7997868759199,69.03963608251632,69.95059204101562,9688400
2020-03-06,68.4992563530895,69.29441185581847,67.36442048419815,68.56873321533203,12664600
2020-03-09,64.84771479180127,67.42618062424403,63.63568035807298,65.8281478881836,15806200
2020-03-10,68.08238129534583,68.10554025071428,64.66243615909454,67.57286071777344,12965800
2020-03-11,66.23731422303185,66.88578857501402,64.51575912025962,65.50391387939453,10382200
2020-03-12,60.871915366486796,62.75558847975959,59.4900410945212,60.68663787841797,19935700
2020-03-13,64.3536126171634,66.63872097890275,62.29238389121849,65.90532684326172,21867700
2020-03-16,60.98771577026841,63.44266456471686,56.80349668415433,57.3361701965332,20916000
2020-03-17,58.44784603442915,59.99183881586391,54.032025737147315,56.37117385864258,23205000
2020-03-18,54.039752121472254,55.11282672812367,49.94045280958612,54.83490753173828,23712800
2020-03-19,53.34496162309041,57.783941885118146,50.43453715587605,54.85807418823242,19739900
2020-03-20,56.35575316990702,56.35575316990702,51.57709221498904,53.128807067871094,18844500
2020-03-23,52.01712939408635,52.302770259768465,48.28838730398038,49.79378128051758,19219000
2020-03-24,52.61928914580764,55.444793535048035,51.79324715994875,52.102046966552734,18376300
2020-03-25,52.4340043295425,54.564716459432155,50.60437627321516,52.42628860473633,20017300
2020-03-26,53.12879788213675,57.36705693722231,53.08247997777634,56.99650192260742,15979400
2020-03-27,55.2981018616739,57.94604983785691,54.587866563480254,56.10097885131836,12293300
2020-03-30,56.75717570865156,58.85700696899144,56.71857942054946,58.08501052856445,10671600
2020-03-31,58.208534864267335,60.15396337205618,57.46741896178274,58.81841278076172,20474400
2020-04-01,55.67638182811505,57.120011309482145,55.14370243367497,56.67997360229492,12948000
2020-04-02,56.18590845193193,58.285740028448004,55.166873232724576,58.000099182128906,8077800
2020-04-03,57.62955032517515,58.23942837725443,56.00835855995867,56.641395568847656,8062700
2020-04-06,58.47099163086615,59.64442917510535,57.15087881099482,58.46327590942383,10266500
2020-04-07,60.5090850512751,60.66348788902637,58.09273806666142,58.2008171081543,11591700
2020-04-08,59.01141202532589,60.97228376503814,57.729895058560025,60.648040771484375,12218500
2020-04-09,60.64806015145174,61.82149845862478,60.64806015145174,61.56673812866211,9425900
2020-04-13,62.26925993506212,62.786496337788314,60.72526645358615,61.99134063720703,9293500
2020-04-14,63.16658966107734,64.91381392637777,62.908029880136134,64.34968566894531,11072700
2020-04-15,63.08039243732309,65.06267180174228,62.383069008204245,64.1067886352539,8977300
2020-04-16,64.81979376223659,65.59546709416831,63.91875594392396,64.13813781738281,10326900
2020-04-17,65.81484405041599,66.43381770583406,64.63957897808713,65.3839111328125,10734800
2020-04-20,65.4544448847168,66.85692890416814,64.74144771098375,65.80702209472656,9126300
2020-04-21,64.6474194470003,65.00783337245434,62.696475011486484,62.96287155151367,9627500
2020-04-22,63.64451696075393,64.60039409488215,63.25276197903189,63.832557678222656,7033300
2020-04-23,64.3888581074142,65.6816509247944,64.21648493473585,64.27916717529297,7869600
2020-04-24,64.92948431512681,65.55628881020272,64.52205571450517,65.49360656738281,6770700
2020-04-27,65.83833410235005,66.53565741566418,65.64245663281898,66.35545349121094,9209700
2020-04-28,67.14680767673079,67.35835873391204,64.53772380058382,64.84329223632812,8341000
2020-04-29,65.5954746706832,66.40248921742327,64.35752712436913,65.62681579589844,8231700
2020-04-30,65.00783956280462,65.2350582287357,63.64453354492634,64.40453338623047,15535800
2020-05-01,64.20865936203438,65.99506766332306,63.07257194784603,64.9059829711914,12705300
2020-05-04,64.42020193403212,64.9059743744888,63.55834201214045,64.13813781738281,6833000
2020-05-05,64.99216088850012,67.7579565833964,64.717933546997,66.88825988769531,10927000
2020-05-06,67.60124063600432,69.06640646180652,66.79422630685315,66.92742156982422,17042600
2020-05-07,67.78928254754976,68.04000550835914,65.47009366563611,65.98721313476562,11941800
2020-05-08,66.14393757744497,66.33198435193458,64.60042134200384,65.78352355957031,20188100
2020-05-11,66.66104601591815,69.309308211436,65.79918603328166,68.87054443359375,19219800
2020-05-12,70.5159211532514,72.26315160757379,69.3171514500795,70.87633514404297,23492300
2020-05-13,71.09569108975266,72.27095601310803,68.73733044750159,69.63053131103516,23562600
2020-05-14,68.65115933615998,70.89199877291084,68.50229049947475,70.46890258789062,13379500
2020-05-15,70.5237195969305,71.4169203011651,70.0614457011148,71.07217407226562,14071200
2020-05-18,72.08294595549512,73.38357589312288,71.542321947962,71.66768646240234,16300200
2020-05-19,71.5031380259338,71.80870650648713,70.17116718313213,71.45612335205078,9892500
2020-05-20,72.18478339335584,72.5060254037994,70.43755921708957,71.44828796386719,10661500
2020-05-21,71.51878965243971,72.96828191249011,70.79012513565559,72.88209533691406,10393200
2020-05-22,72.7645838851164,72.87427481900961,71.87138286472438,72.1612777709961,5507000
2020-05-26,73.21898927562724,73.31301260470131,70.75876895305751,71.07217407226562,11869800
2020-05-27,70.93898487000959,71.29939869554147,69.38763268578411,70.5002212524414,12529500
2020-05-28,71.19757274612034,71.44829576650498,70.51591673239884,70.53942108154297,8765900
2020-05-29,71.29941171249983,72.78024516985057,70.20249649061228,72.60787200927734,13758800
2020-06-01,72.12209721512299,72.91343800375722,71.05652314689347,71.0643539428711,8486500
2020-06-02,71.27591167558994,71.84787067637525,70.55508384936662,71.33075714111328,9413300
2020-06-03,71.66765589341269,71.69116023541748,70.20249013881286,71.21321868896484,8588400
2020-06-04,70.7352917941086,73.24252773343301,70.71178744723528,72.89778137207031,9525700
2020-06-05,73.25820517616829,74.85656673370062,72.7175812144079,73.53243255615234,9630100
2020-06-08,72.79592198271204,74.44129190048633,72.71756619515021,74.11221313476562,6621400
2020-06-09,74.39428302411953,75.7340905810795,74.24542016711892,75.35016632080078,9555900
2020-06-10,75.99266271626739,77.8417475120474,75.84379982333975,75.92214965820312,11138300
2020-06-11,74.97406805589463,75.91427759261678,72.10641880679113,72.28662872314453,12584800
2020-06-12,73.44623610144897,74.22974621212965,71.32292441882925,72.44334411621094,8010100
2020-06-15,71.51096555208652,73.67345514282823,71.12704726956864,72.92912292480469,7120200
2020-06-16,74.32376733738398,75.37366798475402,73.24252556920638,75.26397705078125,9366100
2020-06-17,75.88294119440039,76.07881869153498,74.64499397786011,75.01324462890625,6212200
2020-06-18,74.87221476985918,75.5695382017266,74.63716535308428,75.39717102050781,4571600
2020-06-19,76.56460119974385,76.94068266717657,75.02108548195866,75.77325439453125,9210900
2020-06-22,75.71842684836635,76.23554646058393,75.07594870991056,76.2120361328125,6004300
2020-06-23,77.11305907614883,77.64584615885947,76.03965411403566,76.24336242675781,6715600
2020-06-24,75.57737723281062,76.1258378437465,73.924170581312,74.54314422607422,9025100
2020-06-25,74.57450133891638,76.05533514393817,73.90068208631607,75.9926528930664,6411700
2020-06-26,75.9143018154986,76.0239927638597,74.46480915983402,75.31883239746094,14568400
2020-06-29,75.60872286438665,76.25903766667832,74.96624483666804,75.56171417236328,6676400
2020-06-30,75.19345432904431,77.47346528038771,75.08376340919723,76.92501068115234,8112500
2020-07-01,77.17575427039085,78.08462896663153,76.39224407475237,77.67720031738281,6522900
2020-07-02,77.9200730903895,78.34316924019296,76.67429496405765,77.47347259521484,6158800
2020-07-06,78.06895718284417,78.19432168628488,76.74482300936731,77.57534790039062,7039000
2020-07-07,77.31677787155088,78.89163486595365,77.22275450640328,77.84172821044922,6345600
2020-07-08,78.15513885605804,78.79761695140553,77.2149290503767,77.7868881225586,6154400
2020-07-09,77.63019304353149,78.1786477994628,75.85162151926704,76.73699188232422,5817300
2020-07-10,76.83101623899327,77.04256736237208,75.4990511524289,75.86730194091797,6202500
2020-07-13,76.28254608579508,78.00626596604177,75.93779971866259,76.67430114746094,8507400
2020-07-14,76.90427787676887,78.59352092710965,76.08741378128954,78.41111755371094,6765600
2020-07-15,79.30730293547171,79.68798065185547,78.37147651880646,79.68798065185547,5661600
2020-07-16,79.06144731098443,79.48970744625669,78.3635392161704,79.24385070800781,4269200
2020-07-17,79.53730071949715,80.32244138240951,79.24386149870462,79.96556091308594,6890900
2020-07-20,79.91002423669401,80.29862824959203,78.72041492929264,78.94247436523438,4823300
2020-07-21,79.15660280154684,79.15660280154684,77.06289086692777,77.24530029296875,8239000
2020-07-22,77.56253509508234,77.94320671370218,76.87255946666774,77.48322296142578,4441800
2020-07-23,77.91148630782567,78.45077616550144,77.2849579400357,77.74494171142578,5127200
2020-07-24,77.76081808667978,77.87184783407255,76.49982874033682,77.01532745361328,5169400
2020-07-27,76.4125841572601,77.63391733238825,76.34121048988263,77.05497741699219,5030700
2020-07-28,76.92808914944833,77.41979663977787,76.49982895800018,76.6980972290039,5941800
2020-07-29,76.8249825337882,77.24531024936522,76.64257308423588,76.9360122680664,5512000
2020-07-30,76.38085218816005,76.72187379114071,75.66709138948703,76.1667251586914,6411500
2020-07-31,75.77017966917685,77.12633349608731,74.1919664157312,75.27054595947266,14613000
2020-08-03,75.49262805422123,77.06290935660971,75.38952468189557,76.08743286132812,6919000
2020-08-04,76.07156119007185,76.15879970467822,74.59644491666747,74.77885437011719,7865100
2020-08-05,74.92161352429838,75.18332908827756,73.85889246935292,73.95406341552734,6918900
2020-08-06,74.00956913028524,74.27128466188009,72.78823603350915,73.41476440429688,7269300
2020-08-07,73.5099260355594,73.75577668830738,73.12131597394809,73.69232940673828,5226600
2020-08-10,73.46234446848915,74.28714105457773,73.08167284455065,73.26407623291016,7623600
2020-08-11,73.20855760245671,73.98577170823256,73.06580423815771,73.49406433105469,7208400
2020-08-12,74.1126645391358,75.80191379009122,74.01749965784236,75.74639892578125,7705600
2020-08-13,75.45294753638562,75.73845423535748,74.55677742890838,75.088134765625,6004200
2020-08-14,75.64328870456559,75.87328056459405,74.97711039331007,75.3974380493164,5488100
2020-08-17,75.57191186212168,77.13426632942014,75.5481206449613,76.41256713867188,7251400
2020-08-18,76.62671124035724,76.69015247837493,75.4608930261182,75.85742950439453,4557400
2020-08-19,77.01532277993113,77.26117348414319,76.01604906336966,76.21431732177734,7672000
2020-08-20,75.73052591372425,76.15878598537196,75.08813883158555,75.50053405761719,6798000
2020-08-21,75.50054553529527,75.59571647146247,74.80264348873597,75.23090362548828,5269000
2020-08-24,75.26262897988565,75.53227089581549,74.69161545124976,74.95333099365234,4103600
2020-08-25,74.71540533438153,75.17538911872568,74.47748706882425,74.59644317626953,6710000
2020-08-26,74.15233560150479,74.87403503413937,73.70821659721744,74.82644653320312,5682800
2020-08-27,74.81058779497813,75.38952777594865,74.28715663892163,74.78679656982422,5271500
2020-08-28,74.96124433581531,75.064347680414,74.17610389576424,74.68367004394531,4938300
2020-08-31,74.64404045984595,76.14294809683203,74.55680193700191,75.95260620117188,9932300
2020-09-01,75.75431600604357,76.07154635632887,72.39962123730723,73.15303802490234,15783600
2020-09-02,73.01822608569512,74.73919293082155,72.88340513668516,74.50920104980469,9139200
2020-09-03,74.45369152404248,74.79471315818655,72.24101711422398,72.859619140625,8921900
2020-09-04,73.02616374557905,73.85888677034934,71.83655423819278,72.859619140625,9444800
2020-09-08,72.58203956643008,72.85168753749024,70.94037866976076,71.5510482788086,8563900
2020-09-09,72.05861742290838,73.30374186274393,71.78104306702157,72.66928100585938,5373500
2020-09-10,72.22516903478925,72.49481704282658,70.96418567414725,71.09900665283203,10403600
2020-09-11,71.22587222742412,71.64619987869993,70.61520878231254,71.13863372802734,8385800
2020-09-14,71.41623444863295,72.37585216513277,70.94831817739149,71.76518249511719,5212300
2020-09-15,72.48688600367919,72.94686987575476,71.88414872477561,72.09828186035156,3851300
2020-09-16,72.18551162076919,72.3837798977497,71.13072898574029,71.20210266113281,6304400
2020-09-17,70.82139759082413,72.01893306309736,70.72622668447207,71.0831069946289,5604700
2020-09-18,70.97210630725387,71.77311179048367,70.4724724586653,71.46381378173828,10076300
2020-09-21,70.69454041631963,70.92453235690627,69.13218533587559,70.6548843383789,7328300
2020-09-22,70.50419018696694,70.54384020616016,69.73490841675083,70.26626586914062,5306100
2020-09-23,70.58348391041756,70.79761091841469,69.09250912515625,69.10836791992188,6253000
2020-09-24,68.99735844103529,68.99735844103529,67.66499541531964,68.1329116821289,9980800
2020-09-25,68.20427877804762,68.88632204988144,67.77601862708218,68.38668823242188,9935600
2020-09-28,69.22735381215627,69.94904720960935,68.89426455179331,69.21942138671875,6306900
2020-09-29,69.08461044277978,69.21943144146287,68.45014943030728,68.9101333618164,5508900
2020-09-30,68.99734560818968,70.13937257515916,68.84665981375167,69.46525573730469,8209300
2020-10-01,69.92523199032918,69.92523199032918,68.78321119656836,69.10836791992188,8777300
2020-10-02,68.60081165521977,69.27492246713197,68.24393124028583,68.29944610595703,5554300
2020-10-05,68.5928594892715,69.93315435414702,68.37080009049883,69.7348861694336,5984200
2020-10-06,69.7666359076605,69.83800957654208,67.97428915307367,68.1170425415039,8743800
2020-10-07,68.33117835945309,69.23528117181162,68.22807498831236,69.05287170410156,5899700
2020-10-08,69.21148341873418,70.2504132438118,68.93390905732689,69.26699829101562,5535100
2020-10-09,69.32250442019429,70.34556312667422,69.27491593220347,69.552490234375,6005800
2020-10-12,69.92525017230399,70.26627182976132,69.25113928216757,70.0442123413086,7314900
2020-10-13,69.79838546045536,70.42491411717255,69.37012513621818,69.65563201904297,7851700
2020-10-14,69.80029918496977,70.02538266019963,69.0526969947765,69.1893539428711,5863900
2020-10-15,68.65881179876686,68.92408528916621,68.2970651850239,68.51411437988281,6190900
2020-10-16,69.04467380176082,70.05755582648743,68.94017248587829,69.35014343261719,5358500
2020-10-19,69.60736573932307,69.76814403212691,67.62983873582141,67.7745361328125,10288000
2020-10-20,67.67807268113648,68.19255093214564,67.05908701056752,67.72630310058594,6932100
2020-10-21,67.18771578852356,67.63788276608737,66.36776178445794,66.63304138183594,9776900
2020-10-22,66.73753914322052,68.24078398234653,66.65715306335098,67.7745361328125,8080100
2020-10-23,68.03981702624279,68.44979401445573,67.47710832325629,67.79865264892578,4238700
2020-10-26,67.59767836289387,67.78257185345736,66.5687218929693,67.46102142333984,7986300
2020-10-27,67.52533930328158,67.73434802314516,66.46422707383832,66.48834228515625,6705600
2020-10-28,65.39506661471584,66.08639787786919,64.50276710374035,64.7037353515625,11480200
2020-10-29,64.71178512136572,65.41115693244417,63.59440199314511,64.84844207763672,8876700
2020-10-30,66.8822242757088,69.24561261548948,66.72145214545122,68.40958404541016,18089100
2020-11-02,69.15719622986988,71.17491926527292,69.13308102010667,70.9417953491211,10781400
2020-11-03,71.65725746191006,71.85822576444696,70.2826350085256,70.70868682861328,8518800
2020-11-04,74.87272053735488,78.36956638473617,74.49489929749527,75.96598815917969,25849000
2020-11-05,76.65734711286507,76.78596363276861,74.76020591302897,75.31488037109375,8013000
2020-11-06,74.74411771054302,75.28271117362621,73.72319551860342,74.63961029052734,7006900
2020-11-09,76.96281393349123,77.93549971243259,76.10266990529911,76.46441650390625,11028900
2020-11-10,77.17985028686043,79.68793018148006,76.8743746144182,79.47892761230469,12267200
2020-11-11,79.7040195893955,80.28280920630067,78.59467077930557,78.900146484375,9476500
2020-11-12,78.37762935634721,78.5785976367481,77.39690316670044,78.45801544189453,7646600
2020-11-13,78.30528200491956,80.02556995684333,78.2972415566213,79.61559295654297,6888600
2020-11-16,80.35514238033434,80.82139018087572,79.04483163025851,79.0689468383789,8611300
2020-11-17,79.88085038802573,80.59629676142725,79.3744065478659,79.75222778320312,11593500
2020-11-18,80.38730150977308,80.62042542011915,79.32618937516665,79.35834503173828,8880600
2020-11-19,79.39048813843556,80.50787096214282,79.25382508634341,80.12200927734375,7550300
2020-11-20,80.34712202378493,81.85840752990524,79.27797535370497,81.06256866455078,9682500
2020-11-23,81.94681219546666,82.60598778289834,81.24744050647071,82.13973999023438,7541500
2020-11-24,82.70246375832569,84.26197956202711,82.46130550397088,83.57064819335938,9322200
2020-11-25,83.45810312960826,83.9725814114535,83.11243745901866,83.7635726928711,6368100
2020-11-27,84.39061197069644,85.04978775512386,83.84397794460547,84.3182601928711,4418800
2020-11-30,84.50314587732268,84.74430413717934,83.32145139152266,84.06905364990234,20726500
2020-12-01,84.44686218815782,85.51600863076484,83.63494873046875,83.63494873046875,7623500
2020-12-02,83.60278808994735,84.71213057016092,83.05615423019053,84.39862060546875,5492200
2020-12-03,84.40667871412721,84.96938745232862,83.8439699759258,84.19766998291016,4693600
2020-12-04,84.42273216064525,86.2636019008745,84.42273216064525,86.23948669433594,7235800
2020-12-07,86.04657582106323,86.18323277368357,84.37451833103162,85.08192443847656,6532500
2020-12-08,84.96938748002573,87.09965250345162,84.88900139355151,86.56909942626953,6688200
2020-12-09,86.73789308171621,87.74273427558904,86.52084394932388,87.35687255859375,7350700
2020-12-10,87.67041356580997,87.67845401546609,85.74915701342523,86.40833282470703,6285700
2020-12-11,86.02245579955108,86.35204055703295,84.87291710606777,85.48385620117188,5205200
2020-12-14,86.36008544633225,86.87456372817749,83.6751461632041,83.7635726928711,8272700
2020-12-15,84.76037002261963,84.76840433671288,82.25228408608106,82.65422058105469,12101000
2020-12-16,82.39699114293201,84.73626476217811,81.91466851895223,84.11727905273438,9182100
2020-12-17,84.29414497795126,84.80862333979384,83.69124007269207,84.3182601928711,6360600
2020-12-18,84.430786420457,84.45490163094091,82.9596972502905,83.96453857421875,13906800
2020-12-21,82.60599772549061,83.53848728999048,81.63331205458837,83.36967468261719,6664600
2020-12-22,83.12852380840937,83.20086944666556,82.00310019314576,82.6381607055664,4002900
2020-12-23,82.8471566478648,83.54652842680527,82.72658059379299,83.02400970458984,3659100
2020-12-24,82.8873676203387,83.1124511390609,82.47739056377132,83.00794982910156,1378600
2020-12-28,83.32144571478273,83.50633308810316,82.57384350733763,83.1606674194336,3948900
2020-12-29,83.56259210354008,84.70409637285157,83.56259210354008,84.16549682617188,5096400
2020-12-30,84.49509413753427,85.39543413332174,84.48705369002725,84.62371063232422,5328400
2020-12-31,84.61566750919648,86.23948815189594,84.28607665942907,86.1349868774414,6148100
2021-01-04,86.15913530463664,86.29579228539794,83.49027635610855,84.73628234863281,9523400
2021-01-05,84.73627658209988,86.03050678597049,84.10925033709042,85.61249542236328,6823800
2021-01-06,84.2057086484728,86.16716100821138,83.74750121904954,84.8729248046875,11017500
2021-01-07,85.29897315416186,86.06265012823155,84.8648809542576,85.78129577636719,8196000
2021-01-08,85.88579490967086,86.44046928444686,85.01761666475528,86.23146057128906,5345900
2021-01-11,86.07070199490757,88.07234451579406,86.07070199490757,87.63825225830078,6334200
2021-01-12,87.79901670320844,89.05305671578056,87.71863062372185,88.24918365478516,6106900
2021-01-13,88.26528671925024,91.1672696889515,88.18489448650757,90.39554595947266,9821300
2021-01-14,90.02956534905901,91.64798752187593,89.0536375563875,90.7859115600586,8268800
2021-01-15,90.43618310511104,90.72896261958225,89.03735523072179,89.8831558227539,9196200
2021-01-19,90.47686155559803,91.33893123971632,89.67172088449139,91.23320770263672,7723800
2021-01-20,91.82689973129816,91.98141778980674,90.65578153529184,91.59104919433594,6554600
2021-01-21,91.59916049475505,91.69675572792589,90.07834022448316,90.48497772216797,5417000
2021-01-22,89.98888857642595,90.76149741821902,89.03735822479538,90.15967559814453,5185500
2021-01-25,89.2406784928566,90.46059112973002,88.8177719707211,89.86689758300781,6928200
2021-01-26,90.51751687854353,90.51751687854353,88.28913874130805,88.48432922363281,5554600
2021-01-27,86.43487051921916,86.77644454789866,83.43388362702999,83.59654235839844,11887900
2021-01-28,84.58059392724789,85.50772686429755,83.85677972560028,84.75138092041016,8534300
2021-01-29,84.58060434957366,84.97910738272392,82.79953002244692,83.34442901611328,9380400
2021-02-01,83.76732622022206,84.49114048438204,82.84019320310036,83.19803619384766,7518200
2021-02-02,83.66973116587027,84.83271468351607,83.36068889442723,84.14956665039062,10481300
2021-02-03,86.3698332667352,87.48402264712593,84.58876460191544,86.97978973388672,12101900
2021-02-04,86.91471414938887,88.54939267014969,85.59720622366828,88.2647476196289,9077800
2021-02-05,89.15934126085874,89.67983679509197,88.19154817319179,88.42739868164062,7251000
2021-02-08,88.55754425025943,88.63074225154725,86.0526549126401,86.89032745361328,9199100
2021-02-09,86.20714862675605,86.61378612027849,85.48333438466979,85.71918487548828,5506900
2021-02-10,86.19089027980398,86.31287657028355,84.35288697742705,84.62126922607422,7446000
2021-02-11,85.04417412998491,85.1336348843929,84.02758028879985,84.37728881835938,5090100
2021-02-12,84.3854263565308,85.04417720389432,83.88932804771737,84.9384536743164,3738400
2021-02-16,85.66226036989102,86.36167739183662,84.59686586169236,84.74325561523438,5637300
2021-02-17,85.1499128582889,86.81712953741349,84.7026152111854,86.44302368164062,6940400
2021-02-18,85.6541291203308,86.70325469291046,85.56466836729557,86.25595092773438,5386600
2021-02-19,86.39420453278613,86.77643856435422,85.32068179896221,85.40200805664062,6702400
2021-02-22,85.11736641598503,87.5734542417873,84.76765790983214,87.06922149658203,10272500
2021-02-23,86.99603884926864,87.50839993095362,86.17462925705912,86.42674255371094,7058600
2021-02-24,86.20715507893465,89.00482322929524,85.88184381880961,88.39486694335938,7626200
2021-02-25,88.2240782583426,88.89096353682065,87.07735748418126,87.28881072998047,6237600
2021-02-26,87.5734741500891,88.30542307410677,85.68667592639761,87.62226867675781,9250000
2021-03-01,88.26474907894502,88.81777641687027,87.89064326281864,88.16716003417969,4709500
2021-03-02,88.52499077417359,88.9560255716498,87.67918395062937,87.71171569824219,5487000
2021-03-03,86.90658418989874,87.13430024218253,85.76799772368271,86.78459167480469,7218700
2021-03-04,86.61379077492478,87.63038456336285,85.35321199534312,85.9225082397461,7503700
2021-03-05,86.21529550836769,87.01230163556446,84.63753982114625,86.77645111083984,7277800
2021-03-08,86.8984373970957,87.96383192628554,86.04450232193918,86.29661560058594,6049400
2021-03-09,86.5975418370979,88.394879197579,86.5650100860959,86.84965515136719,6857500
2021-03-10,87.33761141553126,88.12648924556993,87.06110086324367,87.83370971679688,5762600
2021-03-11,87.93943625996607,88.34607381889371,87.29694817228479,87.72798919677734,4671400
2021-03-12,87.67106021687825,88.3054138162561,87.3213516678883,88.01263427734375,5341200
2021-03-15,88.37860413973101,89.75304105222656,88.12649084280571,89.67171478271484,6642200
2021-03-16,89.4195878132491,90.3385925758924,89.37892778428721,90.14340209960938,5570200
2021-03-17,84.38543092455623,85.46708215358088,83.60468752861794,85.42642211914062,19445600
2021-03-18,84.58063363016926,85.38577446295908,84.1089324534648,84.3935775756836,8675100
2021-03-19,84.52370464758329,84.93034230946817,83.7022948332323,84.10893249511719,10899100
2021-03-22,84.17396272835501,86.53246147571254,83.66972999326059,86.12582397460938,7627200
2021-03-23,85.69479679968225,86.15836334377087,84.99537973950693,85.26375579833984,6111600
2021-03-24,85.24749753538975,85.66226958249841,83.80800330807865,83.81613159179688,9420100
2021-03-25,83.68601082735111,84.70260472417317,82.99472821847147,84.48301696777344,6281500
2021-03-26,84.47488417788469,86.30475309455318,84.45048071363347,86.1908950805664,6596900
2021-03-29,86.0119721133049,87.02043145071792,85.79238437234146,86.80084991455078,5472700
2021-03-30,86.90658416442145,87.04483945258221,86.10144349271205,86.84965515136719,5354100
2021-03-31,86.92284239254846,88.7933776461778,86.85778509874318,88.01263427734375,9048000
2021-04-01,88.58192597915165,88.63072670638357,87.28068700757628,88.2566146850586,5091700
2021-04-05,88.71205290784917,88.71205290784917,85.71920017321791,86.3210220336914,10584400
2021-04-06,86.08515159345373,86.43486006761434,85.29627390489638,85.70291137695312,8522500
2021-04-07,85.82492216687947,86.31288599647625,84.71886751056851,85.5646743774414,8037300
2021-04-08,85.7191926056638,86.95536796734045,85.67852637072598,86.28848266601562,5881800
2021-04-09,86.52433477825711,87.60599211772569,86.24782423091433,87.45960235595703,5977500
2021-04-12,87.68732452593575,88.29728087522713,87.31321870961267,88.03703308105469,5647500
2021-04-13,87.85811001936312,88.12649229749891,87.04483490122807,88.01263427734375,6165100
2021-04-14,87.4364161836588,87.80683719661029,86.90959211712244,87.17300415039062,7766700
2021-04-15,87.24708958927587,88.03732572303127,86.94252314161594,87.9879379272461,5730500
2021-04-16,88.48181944391078,89.35437679359141,88.1937135511925,88.82755279541016,8207700
2021-04-19,88.87694641403029,89.50255230800661,88.17725883431038,89.40377044677734,4542900
2021-04-20,89.00042866448307,90.18577968453496,88.94280747795443,89.74950408935547,5411800
2021-04-21,90.37510805128197,91.73332888143588,90.01291415517741,91.20650482177734,6181100
2021-04-22,91.08303866871182,91.44522632279083,90.22694791138528,90.58914184570312,5046000
2021-04-23,90.30924818938382,92.00496263967132,90.17754532229478,91.68392944335938,4611000
2021-04-26,91.83207489385461,92.22719595147274,91.24762983714315,91.692138671875,5202300
2021-04-27,91.57694195265942,92.07083881051355,91.02542389939296,91.73334503173828,3522900
2021-04-28,91.93088213846256,92.66349700924961,91.63454283339837,92.13667297363281,5116000
2021-04-29,92.50709791418647,92.69642825393072,90.8196167618907,91.28058624267578,6766700
2021-04-30,91.75801332039141,92.44946747233531,90.63851073894529,91.78270721435547,10575400
2021-05-03,92.52355641285094,94.74609481644424,91.85678986758288,94.4003677368164,9138200
2021-05-04,94.35097935990842,95.43755466070303,93.05861323487062,93.75830078125,8151400
2021-05-05,94.09580362816833,95.71743648592003,93.79946430998841,95.30585479736328,7021400
2021-05-06,94.66378511555628,95.63511811838629,93.97233091705252,95.55280303955078,5803800
2021-05-07,95.79974142968761,96.25248375128437,94.63085106514006,95.2811508178711,6808200
2021-05-10,95.79974791353614,96.47474160581369,95.46225420751632,95.66804504394531,7093300
2021-05-11,95.05891185749803,95.95615694579513,94.15342709652515,94.5732421875,5784600
2021-05-12,94.54032614691782,95.48696542223782,94.20283237968422,94.63087463378906,6208300
2021-05-13,95.11652486586149,96.47473933006344,94.6720159160319,95.98084259033203,6558200
2021-05-14,96.60644636376244,96.79577040773691,95.79974355833009,95.84090423583984,6268500
2021-05-17,96.12076923626277,96.89454469528005,95.9479057086554,96.21955108642578,6183200
2021-05-18,95.57750036068194,97.05096356152687,94.92720053817017,96.48297882080078,8174900
2021-05-19,95.86560979583861,95.89853708580569,94.15342839898074,95.36347961425781,6433600
2021-05-20,94.94367007736477,96.58999699069717,94.76257939229878,96.40067291259766,5526100
2021-05-21,96.73816290611559,97.36376886734583,95.53634505969866,95.58573913574219,5577800
2021-05-24,95.97261739511254,96.15371434720272,95.14945399851224,95.41287231445312,4821300
2021-05-25,95.46224556330009,95.48693945659743,93.99701594544199,94.30158233642578,6574200
2021-05-26,94.27692618293213,94.44978978544961,93.64309297370137,94.41686248779297,5802600
2021-05-27,94.76257023412472,94.82841853131275,92.21075874088415,92.45771026611328,26406000
2021-05-28,93.28909837832902,94.23573743020935,92.90221062215063,93.18208312988281,7104300
2021-06-01,93.59366859198589,93.83238671254657,92.22722072285667,92.36715698242188,6846200
2021-06-02,92.53179807404996,92.73758891796851,91.24765893743627,91.70040130615234,8100700
2021-06-03,91.46991196260493,92.53179341741433,91.08302419066996,92.36715698242188,6286100
2021-06-04,92.52356602204266,93.10801127360853,92.32600856748589,92.49063873291016,4255400
2021-06-07,92.77872905516004,93.93115885998137,92.46592928137824,93.02568054199219,5570100
2021-06-08,92.75403801976977,93.09153169658369,92.0461171012968,92.47415924072266,4114200
2021-06-09,92.91866918044367,94.1863413906601,92.80342682317286,93.84061431884766,4884000
2021-06-10,94.13697189396122,96.30188948931661,93.96410832446793,95.68451690673828,6263800
2021-06-11,95.68449219426998,95.78327404285601,94.55676258737213,95.0094985961914,4471400
2021-06-14,94.72142703791783,95.058927099348,93.99704539322971,94.99307250976562,4427600
2021-06-15,94.96011999073649,95.4375562180284,94.26865954427272,95.34700775146484,3590500
2021-06-16,95.6680365476602,95.92321515249357,94.80371259932394,95.10005187988281,6670200
2021-06-17,94.64732124762745,95.39639660271384,93.86531232589196,94.58146667480469,4172300
2021-06-18,93.54427597409845,94.00524540781254,93.05861264646933,93.1162338256836,7415400
2021-06-21,93.58543773334233,94.86957047367879,92.82812272317491,94.4415283203125,4666100
2021-06-22,94.24399888527549,94.89429888345451,93.74186858643142,94.41686248779297,4359900
2021-06-23,94.2933566368669,94.68847149601328,93.79945364257775,93.84061431884766,3837300
2021-06-24,94.18633320161497,95.64333560366128,94.05463035342959,94.44974517822266,7712300
2021-06-25,92.93515249842415,93.50313099453366,92.30954653318847,93.00100708007812,11709400
2021-06-28,93.23147263146363,93.93116014675687,92.88573928911495,93.01744842529297,5141800
2021-06-29,92.72934429386169,92.81165936541103,91.8732537332263,92.44123840332031,5795100
2021-06-30,92.36714703608907,92.95159218684256,91.88971084637927,92.72110748291016,5042600
2021-07-01,92.97630859892958,94.29337513509608,92.92692080190686,94.05465698242188,5306900
2021-07-02,94.26868390897627,95.06715353127974,93.75009315027162,94.80374145507812,5719500
2021-07-06,94.80373366699291,95.40464575284031,94.47446702873016,95.26470947265625,7172100
2021-07-07,95.41287011810732,96.28542128874177,94.91896706732585,96.10432434082031,6695100
2021-07-08,95.28939156754947,96.15370932065355,95.22353699200688,95.77505493164062,3948800
2021-07-09,95.73388602829671,96.58174314918267,95.57748300513781,95.96437072753906,4823400
2021-07-12,96.14548401069958,97.4213834644988,95.99731435307096,96.82870483398438,8148400
2021-07-13,96.79578577206819,97.2073674915451,96.05494370120063,97.0592041015625,6540300
2021-07-14,97.27559626396553,97.8415878237423,96.87607019519605,97.68344116210938,6543400
2021-07-15,97.22566219369628,97.7916538155133,96.34338356419555,97.53363037109375,4544600
2021-07-16,98.14125037296338,98.49083178399249,97.31722888235558,97.79998779296875,6826100
2021-07-19,97.10912021773144,97.38379398122595,94.67036341359326,96.06869506835938,6762000
2021-07-20,96.17690853110469,97.99141034340457,96.10199461418213,96.59307861328125,5581400
2021-07-21,97.08417045119995,97.44207702819071,96.37668247814912,97.37548828125,4133800
2021-07-22,97.0841673378793,98.14124302334403,96.87608227305184,97.8332748413086,6257000
2021-07-23,98.19949978599014,98.77381020696453,97.85823725518858,98.3742904663086,4411100
2021-07-26,98.32435923644834,98.6073582460009,97.60854605671575,98.04136657714844,3730100
2021-07-27,98.04135738235074,98.465852681742,97.18404795337086,98.18285369873047,3773100
2021-07-28,97.90817711324463,98.99022193183842,97.63350966874168,98.67393493652344,5650400
2021-07-29,99.07345586273448,99.15668861509758,98.34099875158648,98.9402847290039,4632200
2021-07-30,99.04847860168093,99.17333089517872,96.6513412375795,96.80116271972656,9017200
2021-08-02,97.2922610771942,97.58357892387582,96.06040093972538,96.09368896484375,9245500
2021-08-03,96.27679314317322,96.80949038380898,95.62756877803915,96.75955200195312,5902700
2021-08-04,96.36834112875307,96.98427105898418,95.64420926558651,95.78570556640625,4602000
2021-08-05,95.82732670350698,96.18523325010393,95.26133510308046,95.81900787353516,5132400
2021-08-06,95.93552950487077,96.17690891552816,95.24468564163598,95.2613296508789,5340400
2021-08-09,95.36953460055653,95.87726259309979,94.67036558203333,94.93671417236328,5277900
2021-08-10,95.05324460052098,95.74408846369445,93.98785020202537,95.56929779052734,5120800
2021-08-11,95.85229654123751,96.00211167483941,94.51222836628513,94.65372467041016,6840400
2021-08-12,94.8534915887166,96.32673734791862,94.81187838748188,96.25182342529297,4863600
2021-08-13,96.40163360619557,97.18403536050523,96.3017505045014,96.95098114013672,4416400
2021-08-16,97.38380840342892,98.73220188279791,97.142428970997,98.55741119384766,8180500
2021-08-17,98.28274021010108,99.66442175060902,98.21615146470853,99.59783935546875,6551700
2021-08-18,99.1899803999533,99.81423555177851,97.53362517518092,97.62518310546875,5586900
2021-08-19,96.7262489736129,99.01518440750858,96.7262489736129,98.15787506103516,6145200
2021-08-20,98.29937281395843,99.43968113303029,97.92482227753234,98.8986587524414,4112500
2021-08-23,99.71436100172951,100.25537706510107,99.23160214955766,99.34812927246094,4748300
2021-08-24,99.64778870008894,99.64778870008894,98.565743694324,99.61449432373047,3831500
2021-08-25,99.76428831513887,101.04609287512466,98.94027336595202,100.21375274658203,5241100
2021-08-26,100.5966284436815,100.92124058579302,100.00566771444637,100.21375274658203,5035400
2021-08-27,100.16381634871166,100.41352094813637,99.39806489084516,99.53124237060547,4279900
2021-08-30,99.74765916858205,100.62994421063318,99.49796088706961,100.35527038574219,3260900
2021-08-31,100.57167936930429,100.8546720214842,99.90580459320068,100.53005981445312,6021800
2021-09-01,100.71316343438426,101.15430272099046,88.31129327861221,93.44683074951172,50943200
2021-09-02,94.51224022006205,94.6703805532264,92.23994848833506,93.23875427246094,14719200
2021-09-03,92.5395834055569,93.2803656732597,92.4064059258454,92.90581512451172,5364800
2021-09-07,91.9319749971645,92.8641983320713,90.15909261006033,90.75005340576172,12694200
2021-09-08,89.94269326928782,92.30654308868637,89.65970060759544,91.8570785522461,10823200
2021-09-09,91.0913320481769,91.3410303488148,89.22688504876466,89.28514862060547,10337100
2021-09-10,89.45992681912986,90.15908953376504,88.52770351603122,88.79405212402344,7620100
2021-09-13,89.38502412034318,90.53365144582823,88.90226522330138,89.4599380493164,7398900
2021-09-14,89.8844154814422,89.95100422080738,88.43614532663416,88.6275863647461,6102700
2021-09-15,88.71913232772707,90.5586096223055,88.25302388217848,89.7012939453125,7444300
2021-09-16,90.09250646440015,90.51700176800344,88.66920540552663,89.95933532714844,5821800
2021-09-17,89.47656586890996,90.1008209796233,89.14362853981258,89.66800689697266,14157200
2021-09-20,88.3112848056381,89.46823705581977,87.86182038214828,88.56098937988281,7103400
2021-09-21,88.43613434996882,89.40165190016893,88.39451480546848,89.18524169921875,6400400
2021-09-22,89.06872351145505,89.54315715509968,88.16979460236472,88.56932067871094,6319100
2021-09-23,89.05206301351072,90.11745729547249,88.76907043559936,89.36003112792969,5847800
2021-09-24,88.95220209770373,89.93436381683689,88.594295547081,89.11866760253906,5836100
2021-09-27,89.16862199286311,90.42545773584783,89.0770640436902,89.65970611572266,4969600
2021-09-28,89.5764673004755,90.40880761839396,89.09370839202215,89.3434066772461,6445600
2021-09-29,89.7679037923515,91.20785536493241,89.45994193279434,90.5919189453125,6270100
2021-09-30,90.89156906208635,91.90702536525755,89.70964721915898,89.78456115722656,7886400
2021-10-01,90.10082508523186,91.29939698449701,88.95219791527055,90.79998779296875,8611500
2021-10-04,90.59190253010809,91.7238856877643,89.63471639922005,90.50035095214844,9779200
2021-10-05,91.04970641483136,92.04019342029362,90.80832696180893,91.14958953857422,7146900
2021-10-06,90.97479580772557,91.2827576494105,90.01760320869276,90.99143981933594,5710300
2021-10-07,91.37431621441033,93.04732197893762,91.19120033418065,92.28157043457031,7842600
2021-10-08,92.43137936171465,93.01401494655889,92.09011684041187,92.53958129882812,5019800
2021-10-11,92.50629834907794,92.7227086002712,91.79048519919068,91.84042358398438,4613800
2021-10-12,91.65730978652978,91.77383691245495,90.02592367332518,90.36717987060547,6305800
2021-10-13,90.38382357516927,90.75838049316175,89.8927458818984,90.3338851928711,5471100
2021-10-14,90.94885504515848,91.81655799504148,90.8140694198289,91.7491683959961,7289500
2021-10-15,91.95135896594451,92.63372612334793,91.89238904403607,92.10299682617188,4634500
2021-10-18,91.81657867280148,91.81657867280148,90.21595803789371,90.50238800048828,7949400
2021-10-19,90.77195034382335,91.0415280367108,90.0221871846289,90.51921844482422,4614900
2021-10-20,90.56135691039724,91.91767170016472,90.56135691039724,91.32797241210938,5626800
2021-10-21,91.32795315252632,91.78286026324209,90.26648823063223,91.622802734375,4811800
2021-10-22,91.54698087672034,92.01032052620788,91.24370518382648,91.94292449951172,4614400
2021-10-25,91.89237433627102,91.94291813917724,90.77193957210136,91.40376281738281,5697400
2021-10-26,91.66492431499101,92.3135998497859,91.15104083888981,92.23777770996094,5047400
2021-10-27,92.31361098862877,92.43155084059715,91.12577993021004,91.31954193115234,4875300
2021-10-28,91.31111628881295,92.58318918699644,91.15105230578777,92.3894271850586,5193300
2021-10-29,94.42811877978357,96.81220083688596,93.86369136657632,96.60159301757812,16545000
2021-11-01,97.0901923403562,97.48613601860582,95.67490771769785,96.71952056884766,7096800
2021-11-02,97.09019948840566,99.14573375121111,97.01438376260064,98.16851043701172,10357800
2021-11-03,98.16851033575355,99.07833760791655,97.9242045074557,99.04463958740234,6186900
2021-11-04,99.04461660339041,99.17098254418453,98.00000391882065,98.61497497558594,4912200
2021-11-05,98.3369730754949,98.83400427848719,97.30078012154033,98.716064453125,4635800
2021-11-08,98.73292344067288,98.94353121800131,97.53667280798481,97.77255249023438,7015000
2021-11-09,97.92419243112265,98.21904204020987,97.22497948021275,97.39346313476562,3146800
2021-11-10,97.21655530064632,98.64868567451511,97.20812918957945,98.35383605957031,4981100
2021-11-11,98.51389696967065,98.97723022810491,97.96631545766711,98.25273895263672,3120900
2021-11-12,98.90140729342143,98.90140729342143,98.0842481404658,98.5391616821289,2740300
2021-11-15,98.52230965418438,99.23838119521722,97.90733858114824,98.42964172363281,3941000
2021-11-16,98.23590016214703,98.96039148926896,98.00844014487583,98.07583618164062,3476400
2021-11-17,98.22745257264323,99.08673578540663,97.93260301031792,98.8592758178711,4361500
2021-11-18,98.90982771196764,99.71856070819597,98.26115223670088,98.62339782714844,3160300
2021-11-19,99.0951731114042,99.23839129052338,97.6040728151643,97.9241943359375,5885800
2021-11-22,97.67988000569835,98.85085867894023,96.88799917033904,97.42715454101562,3975800
2021-11-23,98.19376868882892,100.52730647618488,97.8483752739097,100.14820861816406,8948300
2021-11-24,99.9797440519218,100.45150350957208,99.47428657197642,99.96289825439453,5792800
2021-11-26,99.07833010310013,99.49954568676189,97.57880365362259,98.15165710449219,5016700
2021-11-29,98.42121980522842,99.33946655244289,98.21061204552909,98.47176361083984,4372500
2021-11-30,98.29485272413451,98.38752065150673,96.9638101557322,97.11544799804688,8172100
2021-12-01,97.53667429869003,100.23245774603862,97.39346255045534,97.64619445800781,6287500
2021-12-02,97.93261593829898,99.06989664439266,97.3850344347015,98.45492553710938,4919800
2021-12-03,99.18783342239615,100.24929838135508,98.56443622368525,100.12293243408203,6428100
2021-12-06,100.78002903178336,103.15568444964624,100.4262095163491,102.22901153564453,8939900
2021-12-07,102.75976665267633,102.89455231044535,101.93418120009476,102.36382293701172,6123300
2021-12-08,102.74289182154534,103.14726156035822,101.72355100510244,102.66707611083984,5278100
2021-12-09,102.95349606565141,104.84896589531404,102.86082813757768,104.58781433105469,8082300
2021-12-10,104.22558975103469,106.1547579824953,104.22558975103469,105.69984436035156,7059500
2021-12-13,105.4723918124077,107.61216799688415,105.4723918124077,106.57598114013672,7834200
2021-12-14,105.89357879417813,107.7048068094183,105.6240011193916,107.23304748535156,6381400
2021-12-15,108.04179070853017,110.17314040526023,107.49420919726909,109.70980072021484,9585600
2021-12-16,109.60028595538634,112.27921055377836,109.44022199740483,111.01556396484375,9569000
2021-12-17,110.22368463902714,110.37532892493313,108.98530986445645,109.12010192871094,12631100
2021-12-20,108.26082122898033,110.68702702685054,108.02494153801841,110.24053955078125,7119200
2021-12-21,110.55223354710922,110.65333402371508,108.79997525486182,109.47392272949219,6085900
2021-12-22,109.44023224134426,111.68952183765089,109.33071207995226,111.24303436279297,7070900
2021-12-23,111.47890526747513,112.69200806751444,111.34411321092009,112.11914825439453,5702300
2021-12-27,112.203388532623,113.29011888201322,112.17811663062395,113.23115539550781,4436800
2021-12-28,113.34910938559881,113.94722828027868,112.66674223741084,113.21431732177734,4237200
2021-12-29,113.39964794382958,114.46110647468532,112.9531605007688,114.0314712524414,5594300
2021-12-30,114.36002628108503,115.26985344707423,114.25893865857921,114.51165771484375,6354300
2021-12-31,114.60431036821599,114.74753495363517,113.98091963993663,114.06515502929688,3963400
2022-01-03,114.07361156563577,114.31791095699761,112.47298457731776,114.08203125,6839800
2022-01-04,114.00618780046042,114.75595086988848,113.20588092817965,113.86297607421875,6298300
2022-01-05,113.72818684880333,116.38183940015122,113.72818684880333,114.46109771728516,7724900
2022-01-06,114.90758641912696,115.12662671201763,113.86298017725679,113.92194366455078,4667000
2022-01-07,113.93883934389471,114.43587075207516,112.99532035148678,113.62714385986328,8630300
2022-01-10,113.795579751523,115.32879747007006,113.3659445739334,114.89916229248047,9794400
2022-01-11,114.44426816244999,115.48887448211035,113.55971295135049,115.38778686523438,7159400
2022-01-12,115.00871635156392,115.74162741608582,114.59592041682644,115.65737915039062,6589300
2022-01-13,114.90832984490822,115.0104664264309,113.12086174106308,113.64859771728516,8386400
2022-01-14,113.50388830834791,115.80205207302194,112.60163430817757,115.64883422851562,10484500
2022-01-18,115.34243058885978,117.444828610424,115.14666446595533,116.42342376708984,12341900
2022-01-19,116.10848668852692,117.03626193880844,114.77213913621337,115.08708190917969,6196700
2022-01-20,114.48274671740465,114.7381011663923,112.99319425082132,113.23152160644531,6612800
2022-01-21,113.25705969853466,114.26995748916028,112.07392993194185,112.3377914428711,7583000
2022-01-24,113.05278979929729,113.41878790884167,109.17143050026283,112.49101257324219,13733800
2022-01-25,111.92071645304637,114.32953704216362,111.32488510112746,113.28258514404297,10296500
2022-01-26,113.45282511875618,115.31689576553865,113.06129287524357,114.2529296875,8040300
2022-01-27,115.33391837327865,117.71720489295663,115.21475469668809,115.73397064208984,8869100
2022-01-28,115.75098823083437,117.44481370987072,114.56785861473804,117.39374542236328,8014400
2022-01-31,116.45746872507584,116.75537141234307,115.43605097482761,116.51704406738281,10300000
2022-02-01,116.92561707262249,117.32566937450048,115.79355555750688,116.61068725585938,7413900
2022-02-02,115.25731317421756,118.66200440993515,113.24854482562954,117.98957061767578,11363100
2022-02-03,118.73862155979243,120.61971941529406,118.34707630450326,119.78556060791016,10272700
2022-02-04,119.29188939596126,121.54750561298839,118.50881180342586,119.71747589111328,6921500
2022-02-07,120.16006194962223,121.72621677582987,119.4450799186839,121.31765747070312,9597800
2022-02-08,120.89205487261681,122.22840221628468,120.22814122030552,122.15178680419922,7559500
2022-02-09,122.5518608532002,122.5518608532002,121.58152434313871,121.88794708251953,5989100
2022-02-10,121.84536842544452,122.9263614053799,121.13038646505184,121.47086334228516,7333400
2022-02-11,121.5985325081203,122.23691203346996,120.47497830932981,120.87503051757812,6475200
2022-02-14,120.67930322314508,121.8794602336577,118.68756158093407,121.71773529052734,9931900
2022-02-15,122.01560804804186,123.81158291021154,121.88792435418665,123.21575164794922,9530100
2022-02-16,123.19875183559509,125.30965667596317,122.70507006872745,124.16056823730469,8028900
2022-02-17,123.24980293973512,123.82008705957023,122.21137126246401,123.39450073242188,5486600
2022-02-18,123.15619857032756,124.04141259685056,122.03264420310994,122.59442138671875,7585900
2022-02-22,120.2281827013592,124.56917006837884,120.2281827013592,123.89673614501953,11576800
2022-02-23,124.45849371889638,126.27149602443325,123.7264845568931,124.91812133789062,9271000
2022-02-24,122.23692945433525,124.01587753475286,122.1177657788017,123.6498794555664,12070200
2022-02-25,124.38186623406494,127.98232298608762,124.31377086202478,127.28435516357422,8320700
2022-02-28,124.82447162573501,126.04165534399242,124.06692844002912,125.77779388427734,11090600
2022-03-01,125.69271258882945,127.25036070313789,124.45000730934991,125.7097396850586,7489900
2022-03-02,125.71821930522022,128.73988532699735,125.30965999995855,127.30992126464844,8247200
2022-03-03,127.51420867299092,128.34835446924313,126.697089971155,128.02491760253906,5408400
2022-03-04,126.48426618368345,128.25469393912826,126.05867984119173,128.15255737304688,5389500
2022-03-07,126.82477656772703,128.31432931265,126.13532851813603,127.20780181884766,7137700
2022-03-08,126.82474349367902,127.58228674402596,124.5776478868627,125.25006866455078,8817500
2022-03-09,126.19489388683857,127.7695690019951,125.7693074219712,126.6885757446289,5368900
2022-03-10,126.03313170055853,127.46309541832272,125.71818901034904,126.96941375732422,4635700
2022-03-11,127.11416662296956,128.01640788175578,126.80774383811118,126.87583923339844,5171400
2022-03-14,128.29727854243654,130.20391037975537,126.84178025917572,129.46339416503906,8647200
2022-03-15,129.59956236554157,133.14895128750268,129.51445288055115,132.68081665039062,8384300
2022-03-16,133.2085715084728,133.48095309653306,130.67207966203938,132.82554626464844,7178900
2022-03-17,133.77883912849495,135.0045301458509,132.96172044216922,134.9875030517578,7227900
2022-03-18,134.48530905422245,135.71100002492724,133.75329989048862,135.5067138671875,9912800
2022-03-21,136.14511737387826,136.99629036525965,135.32799857535886,136.23023986816406,5825000
2022-03-22,136.23023644298232,136.44302968547748,134.50235635295104,136.19618225097656,5756600
2022-03-23,136.196165695752,137.19203639103281,134.79173566114585,134.84280395507812,6300600
2022-03-24,135.52375365395827,136.80902009030004,135.20882382899626,136.42599487304688,4638100
2022-03-25,136.6558036234581,137.8729745644113,136.3834220773649,137.31971740722656,5129400
2022-03-28,136.70687580743635,137.91553972992614,135.78760754500738,137.86447143554688,4516500
2022-03-29,138.7326585054582,138.97949290129864,137.28565436394922,138.04319763183594,6154100
2022-03-30,137.651667360296,139.8902559983878,137.651667360296,139.37954711914062,5151800
2022-03-31,138.68159761882052,140.15413612165787,137.97513552455766,137.983642578125,8670100
2022-04-01,138.0176599867867,138.80075036749545,136.27276619192386,138.46878051757812,5703300
2022-04-04,138.31558741531154,139.4561559113713,137.43037337051499,137.79637145996094,6892400
2022-04-05,137.7963772120449,141.2606570725567,137.75381597041323,139.107177734375,6683300
2022-04-06,140.00942407921764,144.0780291849335,139.42211274595516,143.7716064453125,8810800
2022-04-07,142.71613135988102,148.6062451457369,142.60547474787222,147.4912109375,7469000
2022-04-08,147.25289915672866,149.7298152018287,146.8273127429809,148.92120361328125,7204200
2022-04-11,148.87012712046672,148.98929080063292,144.12059401965178,144.5546875,8163200
2022-04-12,144.11209016360684,145.17605635167655,141.47346180991508,142.4097442626953,8279700
2022-04-13,141.63718314012735,141.63718314012735,134.2977992123063,136.44381713867188,18312600
2022-04-14,135.49954568942854,140.66714622707414,134.6153875566511,139.32803344726562,11074800
2022-04-18,139.0276093836313,139.74007569740755,136.27211703345625,136.79574584960938,6500200
2022-04-19,137.68848257816452,137.77432852059337,131.94575054142646,134.21194458007812,9359900
2022-04-20,134.22051964021344,135.71415254221947,133.4994609005904,134.5123748779297,6250000
2022-04-21,134.76990936460507,137.6713294391819,133.35354294497864,136.07469177246094,7903300
2022-04-22,135.01025621714552,135.90300686063296,132.48653746095272,133.0445098876953,7938300
2022-04-25,132.915726461311,134.46086156151392,131.19891259403005,134.16900634765625,6932600
2022-04-26,134.2892037419267,137.07902671143688,133.75699555149168,134.06600952148438,6787800
2022-04-27,134.39218427332702,136.91590269457717,132.67537044643578,135.30209350585938,6039100
2022-04-28,135.93733402829147,136.00600816057892,132.48653419579287,134.17759704589844,7465000
2022-04-29,128.38336472356178,128.6408894751045,120.11690009838395,126.08283996582031,25155900
2022-05-02,125.88538247811164,127.81679824602283,123.12990331757914,126.9326400756836,9690800
2022-05-03,127.08717570571814,129.39629293552522,127.00132975511258,128.41770935058594,6163400
2022-05-04,127.19875939464441,130.7954872847148,126.69230234283937,130.1259307861328,5791500
2022-05-05,131.1388400759975,131.61096654211414,128.79537955279625,130.6323699951172,6869300
2022-05-06,128.48634833396227,131.78264103679638,127.91121723875509,131.19033813476562,6145600
2022-05-09,130.1516674595683,131.79980735704297,127.84255049284675,129.5851287841797,6969000
2022-05-10,129.8512278319589,132.64962987785051,129.19883014277175,130.55511474609375,6525200
2022-05-11,129.63665291349335,132.84708730759394,129.56797876893322,130.4435577392578,5630000
2022-05-12,131.66247830890777,132.49513420025434,128.889814090062,132.44361877441406,6914800
2022-05-13,131.69678303057097,132.52943875881348,130.39200089483276,131.7654571533203,6398500
2022-05-16,132.13457369030937,134.67546399023357,131.56803506585194,133.45652770996094,6565600
2022-05-17,133.37926138869256,133.7311982447509,131.20749309230578,132.8642120361328,6032200
2022-05-18,132.87281060014237,133.65396409510623,130.26325914556384,130.8469696044922,6498100
2022-05-19,129.79115818477268,130.82124414293486,128.1430180320625,130.23753356933594,5994800
2022-05-20,130.76117081178438,131.7826774791298,126.88116658650533,129.62806701660156,6746400
2022-05-23,130.1774213338966,130.47786903479061,126.34893330118628,127.06999206542969,6886400
2022-05-24,126.2115671066145,129.9198912501802,125.85103777569839,127.99705505371094,6367200
2022-05-25,129.0701010445625,131.32771606580727,128.58080267641665,130.4435577392578,5042600
2022-05-26,130.16026029525986,131.3963684965628,129.09583087785975,129.25035095214844,6659300
2022-05-27,128.34898525930632,128.80393980430128,126.82960159301759,128.76101684570312,8405000
2022-05-31,127.5935829857677,127.79960532790182,125.90252058487971,126.50340270996094,11227800
2022-06-01,126.86394469346287,126.94979061918026,123.88528492515863,125.34457397460938,5597900
2022-06-02,125.88539123654785,126.24593373143719,122.6663647327331,125.97123718261719,5998900
2022-06-03,125.97125004652703,127.22453025655886,125.97125004652703,126.33177947998047,4891800
2022-06-06,126.18585445783033,126.8897546270019,125.03559198934671,125.78240203857422,3912400
2022-06-07,126.1171624460738,128.20309839249987,125.21583242226632,128.0228271484375,4991200
2022-06-08,127.81677039096778,128.63226734941054,127.25881119668983,128.11721801757812,4835200
2022-06-09,128.52070845639454,129.2074367367906,124.72655075256554,124.838134765625,5642900
2022-06-10,123.9024573106352,124.15140266374985,122.02254397482412,122.92387390136719,5464700
2022-06-13,120.91522360464924,121.9539019500732,119.12973527999866,119.67911529541016,5997000
2022-06-14,119.69627153121814,120.74352909594073,117.01804594182978,118.13396453857422,5861800
2022-06-15,117.23266048668194,119.395836884327,116.94079212659277,118.53742980957031,5981800
2022-06-16,117.20689887914727,119.56751838820352,116.53734239352971,119.44734191894531,6963400
2022-06-17,118.1168052897952,119.77352446845926,117.7648552855994,118.70051574707031,10429900
2022-06-21,120.13405111900308,123.58485075671253,119.91944937956282,123.15564727783203,7160500
2022-06-22,123.37023983612431,128.84688001051111,123.27581455386766,126.66651916503906,7995700
2022-06-23,127.66230690465224,129.4477952716425,126.64937970012994,128.2889404296875,7795000
2022-06-24,129.52501175802328,131.11306970274825,128.43483136841076,130.7696990966797,8527600
2022-06-27,131.33629020116513,133.4393850389841,131.12168841979067,131.4564666748047,5377300
2022-06-28,131.48222438115835,133.15611573949445,129.9542606696255,130.8985137939453,5735700
2022-06-29,132.1088274653116,134.44369547195365,131.63671411033508,132.31484985351562,6140900
2022-06-30,131.48218164844408,132.22899145061655,129.5078431836121,131.47360229492188,7289500
2022-07-01,131.40494092703386,132.07449731774898,130.01432582297184,132.0229949951172,4620000
2022-07-05,130.39198725154822,132.2375697244229,128.4691644087556,132.13455200195312,5478800
2022-07-06,132.7183345748691,133.0445334945903,130.21178718198237,130.93284606933594,5113600
2022-07-07,128.93270925265173,130.97572179466462,128.769609851634,130.47784423828125,6516100
2022-07-08,130.47786831780368,133.26769116012514,130.2975970786075,131.20751953125,4078400
2022-07-11,130.71823776339806,132.62390265523652,130.71823776339806,131.53372192382812,4491000
2022-07-12,131.33627573269158,132.68398105841666,130.5293710278946,130.87274169921875,5319500
2022-07-13,130.477872598784,132.0487590840991,129.87699027883477,130.60662841796875,5221200
2022-07-14,129.00371587373832,130.8405568225763,128.65714659987955,130.34669494628906,7576900
2022-07-15,131.55968836942256,133.3185530509015,131.20444630331107,133.10194396972656,4873000
2022-07-18,133.2579333782125,133.83844423379938,129.00372708491378,129.59291076660156,6838400
2022-07-19,129.96547258375597,130.16474927323503,128.92575144724023,129.74020385742188,5647100
2022-07-20,129.55824445024757,130.35536441707058,127.66074646344471,127.96400451660156,5315700
2022-07-21,127.57409815503955,128.09395205385528,126.51704470711317,128.01597595214844,4066800
2022-07-22,128.63978576660156,129.35025658737285,127.8686580648742,128.63978576660156,3639700
2022-07-25,128.7004469814811,130.77990211144288,128.67445494917388,130.15606689453125,4347000
2022-07-26,130.96185467085624,133.04996953753331,130.25138370796884,130.71925354003906,4900600
2022-07-27,129.53226847878295,131.26514163568976,129.03839328309348,130.96188354492188,4145800
2022-07-28,131.21313527508178,132.05357967112803,127.03690533012849,129.7488555908203,6572300
2022-07-29,126.0144988479899,126.7596346022751,120.47797136443245,124.34226989746094,17754700
2022-08-01,122.6094193289724,123.76178141322227,120.56462874397066,121.4917221069336,8523900
2022-08-02,122.32348651791871,123.76177413738368,121.38774682557114,121.63900756835938,5197100
2022-08-03,122.79137861187445,123.91774867643853,121.86428523525917,122.34082794189453,5474200
2022-08-04,123.11194294433322,123.5365015330559,120.16606451950956,120.36534118652344,7071700
2022-08-05,120.47799935097946,121.2231352783567,119.52491390173931,119.60289001464844,5371100
2022-08-08,119.60286638413922,121.99423914038614,119.3689380916302,121.59567260742188,4854600
2022-08-09,121.89028444466199,123.24193653414099,121.1971457987001,121.5177230834961,3819700
2022-08-10,122.08958565716495,122.21954586010975,120.43468856220939,122.1155776977539,4075300
2022-08-11,121.50036656599194,123.78775801824231,121.00650471760416,123.10327911376953,5972800
2022-08-12,122.9386953182533,123.97841665053447,121.53507218071242,123.55387115478516,5208700
2022-08-15,123.99573210195753,124.1430247252855,121.66501572535446,123.28524780273438,4513200
2022-08-16,123.12926395696624,124.74949561830962,123.10327192545145,123.510498046875,3852300
2022-08-17,122.53143465994908,123.69245626825561,121.77763921916011,122.54876708984375,3605200
2022-08-18,122.59209822083399,122.6700743284449,121.14515093404596,122.4188003540039,3525200
2022-08-19,122.84337294175,124.21234427657866,122.56612012068622,122.9040298461914,4530700
2022-08-22,123.00796807023326,123.60581125929498,121.2664357888194,121.59567260742188,4023500
2022-08-23,120.99782648085905,122.03756063873455,119.95810554375255,120.45198059082031,3768100
2022-08-24,120.47799431438919,120.83323644159796,119.3082997865638,119.4902572631836,5018900
2022-08-25,120.23538640139593,120.91986536002011,119.2823010455692,120.72058868408203,3301200
2022-08-26,120.33933798059097,121.17112265127554,118.05194666216941,118.13859558105469,3838800
2022-08-29,118.008628909797,118.45917951622374,116.76095844324267,117.5840835571289,3835800
2022-08-30,117.09023057174373,118.25992515993251,116.87362144213634,117.44547271728516,4337100
2022-08-31,117.56674290861429,117.86998767920898,116.24975603924211,116.50102996826172,5789600
2022-09-01,116.65702379673222,120.07944573729216,116.1891538478609,119.95814514160156,4521000
2022-09-02,120.14007235146225,120.7812268152529,117.67072336519766,118.07794952392578,3601600
2022-09-06,118.96170620997947,120.73790326279993,118.04328585057722,119.21296691894531,4810600
2022-09-07,119.17833358341281,120.46931540274112,117.26350325609005,120.18340301513672,4141700
2022-09-08,120.98918725992506,121.7949800459517,120.13141040140081,121.75165557861328,3988300
2022-09-09,121.64765670847024,123.1812527303305,121.38773638338319,122.53142547607422,4427000
2022-09-12,122.17619416142249,123.78776642270401,121.5783641403154,123.2419204711914,4938400
2022-09-13,121.77764055979446,122.97331382028301,119.12634724984659,120.02743530273438,6195900
2022-09-14,120.58195902516677,121.68233701725217,119.80217150934718,120.91120910644531,4673600
2022-09-15,121.29245013925316,124.68020679933805,120.77258295203836,123.47586059570312,6416900
2022-09-16,124.24700395297101,125.50334760769195,122.47947909471235,124.81885528564453,13887500
2022-09-19,124.45494671572021,124.64556381622387,122.54011610457816,123.60584259033203,5042500
2022-09-20,122.87798784513105,123.4584985108209,121.62164478245197,122.83466339111328,4532900
2022-09-21,123.16391893333203,124.44625421977108,121.55234683185088,121.5696792602539,5076100
2022-09-22,121.48305389454318,125.16540860768039,121.3010964327551,123.90906524658203,6161000
2022-09-23,123.09463655711455,124.26431786787718,122.12421871335106,123.95240020751953,5751600
2022-09-26,123.10328272629071,123.72711797891752,121.3964019962938,122.3494873046875,5697800
2022-09-27,123.54516200781975,126.10114672100757,122.41879205365068,122.79136657714844,5598000
2022-09-28,124.9574777922304,125.91056326642217,123.57117405172825,125.28672790527344,5226700
2022-09-29,125.50332793717527,125.84989723678216,122.88668609659798,123.6578140258789,5509400
2022-09-30,123.20725770128955,123.31123906301316,116.18045772519045,116.28443908691406,15359000
2022-10-03,117.73139755481687,120.26139058494607,117.23752239669753,119.84550476074219,7437500
2022-10-04,120.61663705620745,123.65782456487912,119.3602934913225,123.02532958984375,6612300
2022-10-05,122.57476044509573,125.17406968495085,122.2628428074823,124.18633270263672,4777900
2022-10-06,123.71846713301431,123.89176501679677,121.21446607331698,121.55237579345703,5124800
2022-10-07,120.44333184000922,121.34443319417343,119.17834196693282,120.22672271728516,4648800
2022-10-10,120.46065780739596,120.94586010093711,118.58915191450498,119.83682250976562,3830800
2022-10-11,119.58555849969744,124.4895785936015,119.58555849969744,122.60941314697266,5675100
2022-10-12,122.7220553461574,123.95239348956102,121.24044323456594,121.28376770019531,4528000
2022-10-13,119.64703754340945,125.3186711162145,119.27068530514225,125.09111022949219,5066200
2022-10-14,124.81103698526384,126.45650293514304,124.46968897571111,125.1086196899414,5290500
2022-10-17,124.85478754315051,126.85036255449138,124.37340926077728,126.3952407836914,4016200
2022-10-18,127.11297709807376,127.67313842942698,125.62504981372606,126.56157684326172,3540400
2022-10-19,126.7365956617179,127.30550458371481,124.55721159589167,125.2749252319336,3333300
2022-10-20,125.30119416380063,126.07140754687751,124.66225000342256,125.0998764038086,3880100
2022-10-21,125.45870464110459,129.3273195354762,124.66222156880299,128.7146453857422,5419400
2022-10-24,130.15883479839488,132.6270404658405,130.1500737240116,132.06687927246094,5139700
2022-10-25,129.56366122002376,131.81306715823843,128.91596938858484,131.13037109375,5229400
2022-10-26,132.17190791253702,133.81738729327407,131.90058170726581,133.4847869873047,4727900
2022-10-27,134.57884873316627,134.7801664675698,133.0909218320362,134.35128784179688,6850400
2022-10-28,127.72561351691346,130.39513678537367,124.58345969114511,129.196044921875,10812200
2022-10-31,127.0604362975298,128.46959371690573,126.10641403396323,128.13699340820312,8604800
2022-11-01,128.36456085411928,129.27481776215288,126.51777717086155,128.5833740234375,6351200
2022-11-02,128.68842649398252,129.6074446648758,126.45652903761273,126.49154663085938,5345000
2022-11-03,126.03640238701475,127.27925975236208,125.18740610806728,126.40400695800781,3850700
2022-11-04,127.21800476077713,127.41930917310846,125.23117708816422,127.15673065185547,4623700
2022-11-07,127.15670480539595,130.2375978942444,126.64905666223999,129.6249237060547,4304000
2022-11-08,130.26386021787758,132.71457043528284,129.50239464681485,130.00128173828125,4637500
2022-11-09,130.05379968159832,131.78680969929638,128.69715528179108,129.20480346679688,4573700
2022-11-10,131.86558642590316,131.86558642590316,129.31859764269444,131.0428466796875,5607700
2022-11-11,130.88529744087026,131.7430547980974,127.56809521520724,131.42796325683594,6786400
2022-11-14,132.14565143864527,135.26154897350358,132.14565143864527,132.81085205078125,7077100
2022-11-15,134.2550285192057,134.28128503518502,131.2529177796528,133.9486846923828,5909500
2022-11-16,134.2987747140687,137.14334595283285,132.36446039537879,132.92462158203125,7358700
2022-11-17,132.13689870778398,133.97493468541052,131.26164602420872,133.17845153808594,5069500
2022-11-18,134.50005825498283,136.22430685330488,134.50005825498283,135.64663696289062,5691100
2022-11-21,136.01426777825853,138.84134368865912,135.1652715687359,137.51095581054688,6492100
2022-11-22,138.01862074894242,139.93542658139856,137.90483360747115,139.8566436767578,5351100
2022-11-23,139.9966395241697,140.86314433690993,139.00761324671595,139.50650024414062,3221100
2022-11-25,139.6816139635333,140.69691058265212,139.37528344667334,139.70787048339844,1661900
2022-11-28,140.04041272604064,140.67934336962074,138.14111623107905,138.666259765625,3902800
2022-11-29,138.56127468430853,139.54155358943746,137.59850457542788,138.46499633789062,3689000
2022-11-30,138.9813734631659,141.07322692871094,136.94204637924386,141.07322692871094,12342500
2022-12-01,140.9157189596042,142.84127269668795,140.0229572490719,141.46713256835938,5827800
2022-12-02,140.6706058016503,143.3313679590996,140.48679687035528,143.2438507080078,4304900
2022-12-05,142.56990416211463,144.58298793576785,142.56990416211463,143.48892211914062,4859400
2022-12-06,143.56771294466566,143.88280448079618,141.39708978204288,143.29638671875,5480400
2022-12-07,143.27012519889362,144.88058705828212,142.89375957055012,144.7667999267578,4637800
2022-12-08,144.76682428167973,145.493285791134,143.78654530762066,145.28323364257812,4274400
2022-12-09,145.95713656749916,146.82364155507517,142.49989104694865,142.7187042236328,4644800
2022-12-12,142.84999368185206,144.84556869452996,142.44737157863295,144.69677734375,4109400
2022-12-13,146.12341312646916,146.60480470851118,144.1278383457261,144.2328643798828,5050400
2022-12-14,144.06659804416716,145.27443767416253,142.51739704415795,144.29415893554688,4485400
2022-12-15,143.44518224567926,144.07536533620038,141.74718966040282,142.7537384033203,5268300
2022-12-16,141.8347400592873,142.94631502051175,140.46058654785156,140.46058654785156,18905500
2022-12-19,140.7231234427806,141.9922371452831,140.0929404509332,141.3445587158203,4033400
2022-12-20,141.44960501534325,141.65967049446803,140.10172158469487,140.548095703125,4221000
2022-12-21,141.30956129031796,142.42988380114815,140.35553894763092,141.97476196289062,3707200
2022-12-22,141.67714980754752,143.00753764663813,141.37956709580112,142.9025115966797,3606000
2022-12-23,143.00755584144505,143.38392149384143,142.07979000131618,142.7537384033203,2685100
2022-12-27,143.09506652881223,143.37514044374808,141.59837855851444,142.65744018554688,2669200
2022-12-28,143.2788403396716,144.1453451755593,141.8871919848502,141.99221801757812,2944500
2022-12-29,142.6311912597321,143.43642217153393,141.95724291577415,142.2810821533203,3112500
2022-12-30,141.9922220269575,142.53488770706107,139.88287346344424,141.44956970214844,3680400
2023-01-03,141.82593909355057,142.68369634001348,140.74938203129963,142.12353515625,4937500
2023-01-04,142.14102766548785,143.78650695183214,141.36205332669002,143.27011108398438,4440400
2023-01-05,142.7449836214351,143.9703456204956,142.08854398614153,143.0950927734375,3516000
2023-01-06,144.27665789139544,147.13873807947175,143.64647485263924,145.77334594726562,5099100
2023-01-09,145.20442553035807,145.53702584824563,140.810666351839,141.4933624267578,7833000
2023-01-10,141.99224310574513,142.1585432571435,138.5525063732082,139.725341796875,5936200
2023-01-11,139.35773195821486,139.4627580055023,135.71667762556328,137.56346130371094,7492000
2023-01-12,136.9538296833666,137.1835538343848,134.05571101122806,134.49749755859375,7665100
2023-01-13,134.38262344349545,135.90237018509305,133.71994364857514,135.71682739257812,6019300
2023-01-17,135.89352007243014,137.04216758415237,134.81556001336423,135.0364532470703,8507000
2023-01-18,134.40913335237826,134.674207974283,131.7142462294037,131.8291015625,6190800
2023-01-19,131.60819757609568,133.0130754308773,130.17681360950715,131.39614868164062,7169900
2023-01-20,132.0323006281039,132.27971345999015,130.01775536266322,132.17367553710938,7059000
2023-01-23,132.41225451045287,132.91588412562186,130.81298948699296,131.25477600097656,7616400
2023-01-24,130.8395271066295,131.5375440346206,129.39046753110642,130.49493408203125,5171400
2023-01-25,130.22099725794425,130.75113298570497,129.44344867852314,130.583251953125,5744300
2023-01-26,130.6980938574328,131.38727959923352,129.98240200881295,130.23863220214844,4577800
2023-01-27,130.15911767628228,130.4860353247501,129.0104702457101,129.24903869628906,4591500
2023-01-30,128.8867852038489,129.99125141964183,128.3478051512518,128.69239807128906,4573400
2023-01-31,128.6747270856185,130.63626002269135,127.59676705777657,130.5478973388672,5628700
2023-02-01,129.5583359500371,130.27402804797347,128.33900068258617,129.53182983398438,5439900
2023-02-02,128.9397757125658,128.9397757125658,126.73968800982671,127.9766845703125,6160800
2023-02-03,128.93095812320107,129.70850660262707,127.85299808845234,128.29478454589844,6553000
2023-02-06,128.77193107102372,129.2932358939371,127.95020118813572,128.13575744628906,4297000
2023-02-07,127.74697682522915,128.52452532396345,126.93409134121288,128.2417755126953,5401900
2023-02-08,128.48035199577572,129.31091276537313,127.64979122617831,127.77349090576172,5753800
2023-02-09,131.21058668557237,135.80516345555247,130.68043750808275,131.38729858398438,12216900
2023-02-10,132.26202697885932,135.3456877110819,131.4491415445821,134.34725952148438,8956700
2023-02-13,134.32076285340517,135.87584638275638,133.64923878666573,135.8316650390625,5602600
2023-02-14,135.9995709640277,136.07025843043365,134.0910498178335,134.8244171142578,4662800
2023-02-15,134.85089047538756,135.61960805943139,133.26930093075003,133.47251892089844,5648100
2023-02-16,131.7495674705051,132.97773337232815,131.413805424081,132.12066650390625,3757500
2023-02-17,131.78492969144185,133.76413839747738,131.30780612349687,133.69345092773438,4562400
2023-02-21,132.376902811701,135.2043334905588,132.376902811701,134.30308532714844,8466100
2023-02-22,133.41951036776345,134.43561382865659,132.7479998049539,133.1279296875,6041700
2023-02-23,133.33115224612555,135.69030387787885,131.80257482357186,134.3649444580078,5993300
2023-02-24,133.68457893009065,135.1689748913427,133.33998604749627,134.930419921875,5621100
2023-02-27,135.41639397126,136.73292260308534,135.27503253689108,136.31764221191406,6828800
2023-02-28,136.03491352579476,136.39716823195303,134.85091538518242,135.9818878173828,7561700
2023-03-01,134.9746059647292,137.46628828399665,134.63001303570857,137.1923828125,5485800
2023-03-02,137.1570348299609,137.6341718063371,136.2558000652578,136.406005859375,4567800
2023-03-03,136.3618035590589,137.9875744150166,136.07905376728255,137.890380859375,4851200
2023-03-06,137.65181972965678,138.2438254523963,136.54735357600563,137.20120239257812,4051900
2023-03-07,137.45746263476408,137.54581184833822,134.34728179670813,135.12481689453125,4606900
2023-03-08,135.00111216777086,135.84051730002972,131.245926933627,132.18252563476562,5860100
2023-03-09,132.5977926527248,133.33999065901952,129.50528747757753,130.19447326660156,5350200
2023-03-10,130.62740325232787,133.10140985953703,130.30048562129804,132.27969360351562,6825500
2023-03-13,131.65238851016676,135.46943067536685,131.65238851016676,134.25892639160156,7653800
2023-03-14,134.25890173642338,136.06139803306644,133.82595963671957,135.9376983642578,6644100
2023-03-15,134.4621087219788,136.4059797615954,134.06450363923963,136.12322998046875,6304600
2023-03-16,135.36334856194793,137.7666676263168,134.75368118045168,137.21885681152344,6331200
2023-03-17,137.64297411614208,137.89921778641389,134.1970454786189,136.2646026611328,42756400
2023-03-20,136.52969651547514,138.1377922796685,136.47668429543901,137.9434051513672,4408200
2023-03-21,138.40286191874628,138.76513005239167,137.04216555149054,138.51773071289062,4675700
2023-03-22,137.55463281310384,138.61493115762647,135.72564378508395,135.77865600585938,4376900
2023-03-23,136.15857216130206,138.27914146174479,136.08788472032055,137.21885681152344,4584000
2023-03-24,137.2011828072044,140.028613060487,136.5915154202581,139.62217712402344,4678700
2023-03-27,140.33792174526428,140.61182725818765,139.0567434042243,139.19810485839844,3887800
2023-03-28,139.4278342648752,140.1346954230166,139.1185782949836,139.825439453125,3532500
2023-03-29,140.47043575342198,141.10660941006552,138.15547874201343,139.6045379638672,3959900
2023-03-30,139.61333179197794,140.07279341812966,139.09202708125338,139.5338134765625,3635800
2023-03-31,139.98444179550665,140.99172779927997,139.36594348970434,140.81500244140625,4957300
2023-04-03,139.82543075261444,141.78696394033096,139.41898123024112,141.74278259277344,4389400
2023-04-04,141.8222810520543,142.90024106655696,140.95638338675386,141.17727661132812,4224400
2023-04-05,141.37169109417187,142.84725650209668,140.49694890191483,142.07855224609375,5743000
2023-04-06,142.07853123350256,143.30669707895436,141.91948109377157,142.7412109375,5498300
2023-04-10,142.8825984371821,143.1918409036192,141.5572389123693,142.50265502929688,3309500
2023-04-11,142.68818171013746,143.66010373746363,142.42310716368434,142.5909881591797,2875800
2023-04-12,143.24483157522317,144.44649123621187,142.7853833829718,143.45689392089844,4005000
2023-04-13,143.56389980090137,145.2224646534115,143.16263696370788,145.0708770751953,3868500
2023-04-14,145.02630069460113,145.34731371085186,143.5014854658397,144.0900115966797,3473100
2023-04-17,144.38429020906653,144.63396551455907,143.25182561225725,143.72442626953125,4354100
2023-04-18,143.56391223160392,143.76899972503287,141.2544090829511,142.30661010742188,4996200
2023-04-19,141.48626098631888,143.9562776999343,141.3525112174322,143.75119018554688,4826900
2023-04-20,143.7244364066898,144.2505506147775,143.189423688449,144.2238006591797,3808100
2023-04-21,144.98171247305768,145.51673870063198,144.47344980251603,144.8212127685547,4812100
2023-04-24,144.96389958669536,146.56003906692752,144.7498863576629,146.31036376953125,4728900
2023-04-25,146.9612998252551,148.20076417866258,146.67596246365122,147.0415496826172,5506200
2023-04-26,145.0619706590754,145.5791590804343,143.11806822602435,144.27728271484375,5192000
2023-04-27,137.20608054316006,137.20608054316006,131.22277218386495,132.74757385253906,17063000
2023-04-28,131.9450523859844,134.9946694288903,131.4724517498965,134.75390625,7123800
2023-05-01,134.50422349333041,137.95511684502367,134.4863992635001,137.06341552734375,5601000
2023-05-02,136.9207125629236,138.2315143252602,134.82520944455425,135.19972229003906,5135600
2023-05-03,134.70932876065348,135.10166592329392,132.37306198377905,133.08642578125,6815300
2023-05-04,132.86348198813656,132.86348198813656,130.50047919394711,131.40109252929688,5694300
2023-05-05,132.45329789620277,133.20233728815262,131.20492158675518,131.99853515625,4447700
2023-05-08,132.10551128508507,132.15009906092322,130.84822308663385,131.4813232421875,3689500
2023-05-09,131.44565503859923,132.3819438623021,130.42911638590766,130.928466796875,4201600
2023-05-10,130.65205702772988,131.06223193947352,129.43041719322767,130.56288146972656,4127300
2023-05-11,131.33869633016866,131.58838524586375,129.46613150958459,130.71450805664062,4300400
2023-05-12,130.8928236679032,131.61511312715643,130.2508112701474,131.21383666992188,3526500
2023-05-15,131.67754722420554,132.77433616242504,129.88523226601424,130.71450805664062,4391800
2023-05-16,130.06353681696834,131.0265757401,127.71835832064923,127.77185821533203,4685400
2023-05-17,127.53115343466085,127.97700418848864,125.3018996655219,127.8254165649414,5482000
2023-05-18,127.16551833407996,128.0126318171595,126.60374218140504,127.90563201904297,4791200
2023-05-19,128.28014877248725,130.01005146084213,128.22664887182177,129.394775390625,5610300
2023-05-22,129.71581114805733,130.77693805161036,128.20883351906414,129.20753479003906,3867300
2023-05-23,128.80626619497846,129.1362049695706,126.92477567209606,127.08528900146484,5121900
2023-05-24,127.14769194970755,127.45979286403023,125.67639016797558,125.86363983154297,4143500
2023-05-25,124.8649145329889,125.01650210009,123.28659964239037,123.60761260986328,6986600
2023-05-26,123.69681428657894,124.70444118177915,122.2522624310964,122.66243743896484,7590300
2023-05-30,120.81663602688494,122.02042483723513,120.60262277766768,121.66374969482422,7671500
2023-05-31,121.824221605905,123.68788757730559,121.06628369980173,123.01911163330078,12579100
2023-06-01,120.61150614263421,120.61150614263421,116.90203928445689,118.98861694335938,11895600
2023-06-02,119.22938395836502,122.13632522858329,119.04212070307936,122.04714965820312,6661600
2023-06-05,122.16304561236232,123.33117182770955,121.52993187096641,122.0382080078125,4276200
2023-06-06,122.58218567332788,122.64459769256099,120.04975710482904,120.76310729980469,4359900
2023-06-07,120.29051171753201,122.21658997982058,119.71982337384836,121.71723937988281,4645200
2023-06-08,122.1630611809376,122.95667468377424,121.2713600044344,122.73374938964844,4714200
2023-06-09,122.66243577080346,124.11591332817925,122.23442293171888,123.21528625488281,4359500
2023-06-12,124.46367112402673,124.54392097683261,122.08283024680999,122.81401824951172,4888500
2023-06-13,122.61785108407489,123.47389039018384,122.3414258350419,123.33121490478516,4229100
2023-06-14,123.77706206011297,124.18725066735917,121.34272118744774,121.47647094726562,6128300
2023-06-15,121.94015776099026,122.02040761576389,120.7898690237204,121.17329406738281,6614900
2023-06-16,121.89557024880669,123.87514830873242,121.7083205872444,123.62547302246094,14616000
2023-06-20,122.25226863568562,123.90190807882546,121.85991783865838,122.89429473876953,4868800
2023-06-21,121.94012034664634,122.54647053838018,120.0942926155043,122.0382080078125,5828400
2023-06-22,122.29681261811481,122.96558850980617,121.17327401833425,122.5286636352539,4826900
2023-06-23,122.4305949097937,123.67005920998571,120.97711739287496,121.20004272460938,7395600
2023-06-26,121.40513719918286,121.40513719918286,119.2115594283337,120.33509826660156,6468100
2023-06-27,120.27267906771246,120.27267906771246,118.16826339650137,118.2396011352539,7839900
2023-06-28,118.2396110008998,118.74787372328153,116.77722125016054,118.15934753417969,6911900
2023-06-29,118.03450499739525,119.40773271513208,117.8205053784213,118.8013687133789,4947600
2023-06-30,119.01538479954945,121.20896258446007,118.41794650508085,120.13892364501953,8711300
2023-07-03,119.48797453440122,120.76310086595443,118.73002298476719,120.38858795166016,2674600
2023-07-05,120.54016630621078,122.94777052353706,120.05865362651414,122.7159194946289,6903300
2023-07-06,122.5910814308955,123.30444513696784,121.66371813739815,122.38599395751953,6091000
2023-07-07,122.29683276747674,122.74268343539504,120.69178124799693,120.82553100585938,6873200
2023-07-10,120.74527505381293,121.35162540054704,119.54147286870943,119.92491149902344,5153300
2023-07-11,119.48799218793262,121.05738181392977,119.20264119796,120.88796997070312,5144800
2023-07-12,121.110878737353,121.80640467227072,120.19241386813376,120.3618392944336,4944100
2023-07-13,119.84791972092306,120.90278832158205,119.64055862102828,120.4429702758789,4631800
2023-07-14,121.47078688000454,123.17478539810438,120.92081837643141,122.62481689453125,5544100
2023-07-17,122.45354249812775,122.82318268118178,121.31753417046876,121.56096649169922,4033000
2023-07-18,121.53389436710084,124.32880498529511,121.4527548628352,123.13871765136719,5392800
2023-07-19,123.73377601485876,124.47307002897108,123.47230814176439,124.13046264648438,4784200
2023-07-20,125.17628868061793,128.67444932671265,124.9148346021256,128.1966094970703,7009800
2023-07-21,128.2056645711055,129.9908029223355,127.97125691112595,129.5941162109375,5654300
2023-07-24,129.01710328699008,130.2162018729131,128.7826818659106,129.08921813964844,4468700
2023-07-25,128.38596153997733,128.8638014684292,127.4122598512583,127.6917495727539,4778200
2023-07-26,127.51143370374305,128.27778810188457,126.69100004772814,127.9351806640625,5006800
2023-07-27,130.26125867153957,136.47319125239494,130.26125867153957,134.20120239257812,13664400
2023-07-28,135.16586603456184,136.82478213347443,133.93970766642641,136.0043487548828,8000300
2023-07-31,135.625700292772,135.68881797431877,133.09224350050417,134.85935974121094,9109200
2023-08-01,135.23803003210057,136.02240620400713,133.2905990979286,133.9217071533203,4409600
2023-08-02,133.53401236241362,135.75192179180704,133.53401236241362,134.6790313720703,5756400
2023-08-03,134.30039124208727,134.66102050075457,133.59714080057458,134.38153076171875,4674300
2023-08-04,134.30939415543986,135.75193861840066,132.67752415795363,133.19142150878906,4231200
2023-08-07,133.4348239199913,136.03139786882102,133.25450934179378,135.5355224609375,3800600
2023-08-08,135.94126027774288,136.81580059795039,134.26430823413216,134.89541625976562,4013400
2023-08-09,135.67977730240764,137.09526116199007,135.15685540460717,135.93222045898438,3737100
2023-08-10,136.31991488497064,137.79851661592707,135.7519245829954,136.5363006591797,3275800
2023-08-11,136.9961148351077,138.39357716046536,136.78875371806694,137.20347595214844,3454800
2023-08-14,137.9608429420715,138.06902897692902,136.65354457808286,137.28465270996094,2570900
2023-08-15,136.65352179640692,137.8526201685094,135.95027141569622,137.14938354492188,3636300
2023-08-16,137.5731270103602,138.4837384862288,136.48221468238356,136.63548278808594,3214900
2023-08-17,136.28385078257998,136.9600408170511,135.16587830635734,135.25604248046875,5285700
2023-08-18,135.49947507181287,136.07649007758602,134.54379525823137,135.36424255371094,4050900
2023-08-21,134.97656713005338,135.55358213710753,134.22824842827455,135.3822784423828,3944800
2023-08-22,135.23801764621658,135.23801764621658,133.40779757464094,133.65122985839844,3209300
2023-08-23,134.03892763615352,134.33645297480504,131.57759916183159,132.60540771484375,5414800
2023-08-24,132.4611612097343,133.27259776903662,131.9472637702562,132.19970703125,3986300
2023-08-25,132.55129421356597,133.13732012640878,131.81198643958191,132.25376892089844,3275100
2023-08-28,132.61443843026726,133.4980036613714,132.3259377224311,132.9209747314453,2806900
2023-08-29,133.42585910256503,134.2553174545345,132.08248958020806,133.06521606445312,3419100
2023-08-30,133.54302979213867,134.15611595780703,132.4430928171617,133.72335815429688,3486400
2023-08-31,133.7864856225802,134.07500004711557,132.41606962028695,132.49722290039062,4110700
2023-09-01,132.85785883196206,134.23728582022864,132.85785883196206,133.6151885986328,3357800
2023-09-05,133.88561950576565,134.30035542403448,131.50543126483686,131.72181701660156,3911100
2023-09-06,131.72181169663165,131.73983352404363,129.59406670680318,131.280029296875,5304300
2023-09-07,131.76690640667076,134.33643431076612,131.51446320115323,134.2552947998047,5142100
2023-09-08,134.336426082883,135.021627062017,133.61515392967132,134.35446166992188,4339800
2023-09-11,134.21021852963173,134.706094046666,133.8135181160043,134.37249755859375,2911600
2023-09-12,134.78724089473928,134.8774050871507,133.0922531286996,134.5798797607422,2424800
2023-09-13,134.7151084060355,137.4018334254739,134.38152566656004,136.28387451171875,5953700
2023-09-14,137.05018471664832,139.4664441452902,136.86085921998776,138.519775390625,6336900
2023-09-15,137.74443415168767,139.47547920645098,136.97807984687205,137.14938354492188,8868300
2023-09-18,138.0148876074162,138.81729918478578,137.1313365323298,138.79025268554688,2967600
2023-09-19,138.745181190744,139.42137123756817,136.68055363424108,138.38455200195312,3509700
2023-09-20,138.8984480895881,139.63775580451107,138.27635105071917,138.49273681640625,2744800
2023-09-21,138.5558410167355,139.61070958913723,137.63623246420718,138.3304443359375,3660300
2023-09-22,138.75420426543283,138.75420426543283,137.51002382508324,137.7083740234375,3049200
2023-09-25,137.43789033334338,139.5115426695492,136.7346537486395,139.43038940429688,3740000
2023-09-26,139.20498279554118,139.38531114359378,138.2402921676428,138.76321411132812,3936300
2023-09-27,138.70010118307718,138.84435836360578,136.6895665990269,138.0599822998047,3621300
2023-09-28,138.51979136894104,138.69109505709346,136.47318554053018,137.26658630371094,3697400
2023-09-29,137.45592137985358,137.51902529838463,134.1831570888431,134.39051818847656,5581600
2023-10-02,133.85858272485007,134.21020099879547,132.2808059494578,133.6602325439453,3827800
2023-10-03,133.28161781264913,133.42587504513062,131.04568573769308,132.9209747314453,4580900
2023-10-04,132.14562239974387,133.507013912024,131.91120095885165,133.1553955078125,3159600
2023-10-05,133.37170732755152,134.81425147901433,132.61437783873782,132.93894958496094,3599500
2023-10-06,132.07345298585923,134.63395615158487,131.7398565208219,133.65122985839844,5370100
2023-10-09,133.6782783020522,135.01262291020544,132.6775164066566,134.43560791015625,2903300
2023-10-10,134.6880370038201,134.8413050924675,133.4708894519854,134.23724365234375,3729000
2023-10-11,134.45364932185052,135.59865469901135,134.1290775104441,134.64297485351562,3189800
2023-10-12,134.88883790422696,135.31682626839645,133.86894393895184,135.04364013671875,4554400
2023-10-13,135.6355355022269,136.28207556814593,134.1694509139887,134.73403930664062,4304700
2023-10-16,134.97080029884793,136.13638158477707,133.7870028974066,134.0692901611328,3704400
2023-10-17,134.16037847704638,136.28210469452762,133.99646120065538,135.84500122070312,5372400
2023-10-18,135.9269340466323,136.23653851151997,135.08005842817622,135.93603515625,4910500
2023-10-19,135.27132797938128,135.27132797938128,130.51793529898882,132.51217651367188,6147100
2023-10-20,132.29361341839612,134.32427280153598,132.29361341839612,133.15869140625,4223800
2023-10-23,133.09495177822566,133.33170571557457,131.31014750529872,131.7927703857422,3903300
2023-10-24,132.17520928636625,133.83252832940315,132.12968984251341,133.2315216064453,3362900
2023-10-25,133.04941577733382,133.76879258076215,131.87473333013867,132.275390625,5461500
2023-10-26,131.91114441538608,132.90370732946806,131.3374548894374,132.2207489013672,5569400
2023-10-27,126.36550510714584,130.2173861351384,123.87042571332944,126.51119232177734,9427200
2023-10-30,128.0956725159092,132.68516062603433,128.0956725159092,129.2066192626953,9258500
2023-10-31,129.38874868040094,129.5071325887899,127.1941722415784,128.56008911132812,10394000
2023-11-01,129.17928317743852,130.86391916572143,129.07911540686783,129.73475646972656,4207800
2023-11-02,128.6784583890523,130.9185679144657,127.94996669571655,130.4541473388672,4066800
2023-11-03,131.08247055618781,131.08247055618781,128.2960026966533,128.77862548828125,5414500
2023-11-06,129.20663210279278,129.64372162034743,128.3779725151676,128.57830810546875,4377000
2023-11-07,128.86970874204295,129.47070161048057,128.00463082846332,129.45249938964844,5024400
2023-11-08,130.61808697063555,131.0278592762797,129.23395390540404,129.33412170410156,5299100
2023-11-09,128.3961984456241,128.94257080545088,123.70655562061161,125.7007827758789,14970300
2023-11-10,126.25625646638971,126.90279663014769,124.20738095571738,126.20162200927734,4586400
2023-11-13,126.20162089037446,126.7206760179928,125.14530841281254,126.24715423583984,4454700
2023-11-14,126.5112061721383,127.57663349369373,125.62792609957566,125.71897888183594,4509200
2023-11-15,125.89198626953008,125.89198626953008,124.1162973795935,125.30009460449219,6473200
2023-11-16,125.91934204101564,126.41107997327883,124.79929392059167,125.91934204101562,5257000
2023-11-17,125.99218786398937,126.46570966000672,125.09979262500893,125.93755340576172,4332300
2023-11-20,125.23636434982275,126.29267673668018,124.88122651740991,125.94664001464844,4490000
2023-11-21,126.32908630371094,126.90277579887164,125.50954179190195,126.32908630371094,4690800
2023-11-22,126.62959585479585,127.33987150504517,125.9648535451676,126.09233856201172,3428500
2023-11-24,127.48557446365086,127.55842503072337,126.08323925827366,126.27445983886719,1636500
2023-11-27,126.30176832229876,126.92099115214117,125.47310881088528,126.65690612792969,5529400
2023-11-28,126.6204995465838,127.1759729756472,125.59150436778802,125.7372055053711,5347200
2023-11-29,125.68258511578489,126.65693205589301,125.34564946056932,126.11967468261719,3996500
2023-11-30,125.67344482694541,129.94421351412996,125.67344482694541,129.66192626953125,9297400
2023-12-01,129.79851806211,131.21908324656118,129.5617641454471,130.59075927734375,4903400
2023-12-04,130.59078960754286,132.48486306522545,130.46330456206556,131.26463317871094,4845300
2023-12-05,131.2281921650954,132.11148621860792,129.90780858757248,131.64707946777344,3961700
2023-12-06,131.8473904490366,133.92359678267962,131.7927559998294,133.29527282714844,4978800
2023-12-07,134.44264542153567,135.11650275382186,132.22075173138532,134.74314880371094,7225100
2023-12-08,134.83420341508392,136.65542576593916,134.77045396328853,135.93603515625,5695200
2023-12-11,137.20180061104742,139.05945541310933,137.17448338408994,137.72085571289062,6343500
2023-12-12,138.16700642844967,139.8607434845611,136.74645545780552,139.5420379638672,5882200
2023-12-13,139.3052803951223,140.9352820242511,139.0776276230513,140.50729370117188,8104500
2023-12-14,140.56195493784753,141.29044672630755,139.10497136092755,141.0354766845703,7869600
2023-12-15,140.9079925922359,141.9551899923555,139.42369177926483,140.2705535888672,15203000
2023-12-18,139.32353854724033,140.5528694452937,138.185274343423,139.70599365234375,5379600
2023-12-19,139.86077330081835,140.67121672709231,138.822677070593,139.86988830566406,5476700
2023-12-20,140.2250082844506,140.4253438380269,137.99399997369883,138.13059997558594,4716400
2023-12-21,138.45845604731014,139.2415823499679,137.76638254111302,138.95018005371094,4036100
2023-12-22,139.5876014117923,141.5636401793289,139.40548192899806,141.09011840820312,3373400
2023-12-26,140.46178434086215,141.39971281028807,140.352515437962,140.7987060546875,2073400
2023-12-27,140.27966766984028,141.11742836338047,139.97916428604458,141.0354766845703,3747400
2023-12-28,141.3723893419799,141.71842604565023,140.72584927377858,140.91708374023438,2601200
2023-12-29,140.7258463471695,141.3359680682654,140.60747634165784,141.11741638183594,3712000
2024-01-02,141.0536851937278,145.82529342077592,140.93531517288903,145.53390502929688,8059900
2024-01-03,146.2350539712833,147.2913663319769,145.55209554934214,146.11668395996094,5301400
2024-01-04,145.98011700347743,147.78312375523598,145.1787744938835,147.02732849121094,8332200
2024-01-05,146.90890678385398,148.45694304721238,146.2532656072841,147.64649963378906,5607600
2024-01-08,147.68291259983215,148.22018374917502,145.49745135392374,146.9999542236328,6001600
2024-01-09,146.9999577551592,148.85761236415098,146.46270048773297,147.80130004882812,4454000
2024-01-10,147.76488363909587,150.32369889354408,147.40974582610883,150.1506805419922,6609900
2024-01-11,149.56791153405334,150.3601389478893,148.51159905238788,149.13992309570312,4591500
2024-01-12,149.61795300424333,150.12357715631762,149.09393869366247,149.2961883544922,4971400
2024-01-16,148.91006466029071,149.2042510573649,148.02753352422707,148.45040893554688,4747700
2024-01-17,148.69861583266106,149.80178668401828,148.48717814281574,148.9652099609375,4423100
2024-01-18,148.15625475035245,150.45453365615617,148.0091615337615,150.1235809326172,5074300
2024-01-19,150.68436705235098,151.56689832897953,149.480071106121,151.4749755859375,5863000
2024-01-22,151.17159396427567,152.10009358253586,150.54645481412285,152.04493713378906,4864000
2024-01-23,151.18076224283857,154.01224313775606,150.82223134532904,153.9846649169922,5784700
2024-01-24,154.23288833872581,154.39835766911025,150.82223663303395,150.96932983398438,5422200
2024-01-25,150.7670817485927,151.87945480436073,150.03162976381526,151.805908203125,4465800
2024-01-26,151.9346066395173,152.47699702615026,150.30742145203905,151.13479614257812,4654300
2024-01-29,152.4678233072801,153.3043861410645,150.47290493707683,150.68435668945312,4704100
2024-01-30,150.96932355221014,151.66799518628363,150.0867784108097,151.6128387451172,3819600
2024-01-31,152.3758722059662,152.47699702615026,150.7211087973086,151.13479614257812,4993900
2024-02-01,150.49130700481356,154.15016326673702,149.54441717341817,154.0674285888672,5584400
2024-02-02,155.74972520272794,158.90297038645045,151.89780845204413,155.06024169921875,7870400
2024-02-05,156.13586351857313,159.16040624243718,154.85802108055708,157.4412841796875,6486700
2024-02-06,157.79982470988813,159.92344621074545,156.07152850437697,159.3074951171875,7037400
2024-02-07,159.9694060537368,161.39434183558026,159.3350928345405,160.8887176513672,6409100
2024-02-08,160.2819466558312,161.71607018159293,160.23597828075862,160.68643188476562,5709100
2024-02-09,160.94386055828284,161.24722098925872,159.08684752148088,160.0337371826172,3502700
2024-02-12,159.5373033456037,160.65886444021783,158.3330075868573,159.10523986816406,3477100
2024-02-13,160.38310199379504,161.0633835750564,158.09401114427888,159.3074951171875,5480400
2024-02-14,159.09606438930746,160.7508280866573,158.7467214899831,160.34632873535156,4348500
2024-02-15,159.97859374218902,162.47912218479166,159.78553215193477,162.34121704101562,5276200
2024-02-16,162.61703229356425,164.48323376446626,161.86320405768575,163.1686248779297,6689900
2024-02-20,161.6425315835904,164.26256076139987,161.35754728265198,161.56898498535156,5484100
2024-02-21,162.06544251894385,162.37801913688057,159.500569220616,161.00823974609375,3818500
2024-02-22,160.6772669441998,163.0307021997869,159.16959660686553,162.48831176757812,4852300
2024-02-23,162.95712371012675,164.47399584355315,162.7272958742359,163.72015380859375,3941800
2024-02-26,164.40965829974544,165.28300138207925,163.63744003921323,164.382080078125,4327400
2024-02-27,164.3453120041047,165.04398365685577,162.69973665155928,164.5475616455078,3888500
2024-02-28,165.33818310126662,165.37494939006865,162.61701481975615,163.637451171875,4331300
2024-02-29,163.51794260040296,163.65584775087748,161.23805386055224,161.8448028564453,7485700
2024-03-01,161.84478298377704,164.7314203650751,161.56898674427376,164.47401428222656,4028700
2024-03-04,163.9592068416634,165.45767500409175,162.05622535907037,162.76409912109375,4723600
2024-03-05,163.4443910844167,165.09915464735337,163.4443910844167,164.703857421875,5309800
2024-03-06,164.00517418581148,167.4617945762219,163.72939194409233,166.45054626464844,6047100
2024-03-07,167.4893717590826,167.70080948561304,165.05318776092213,166.00009155273438,6125200
2024-03-08,165.2370557005753,167.44339771145005,164.26257371773218,164.4188690185547,6195600
2024-03-11,164.01436416752762,166.63439346345424,163.8580828995668,165.13592529296875,5134800
2024-03-12,165.218682518907,168.13289861896874,165.1911042930059,166.3218536376953,5391100
2024-03-13,167.77434812283215,167.7835361878689,164.94286703010704,165.3473663330078,5987900
2024-03-14,165.6231762870179,167.35147250475873,164.2442089281114,166.57925415039062,6999400
2024-03-15,165.32897276763345,166.0092683109972,163.21455356360335,163.52713012695312,20957800
2024-03-18,164.5659530415332,165.36576361676416,163.24215621260285,164.08792114257812,8569000
2024-03-19,163.8121241095285,165.4117171973423,163.8121241095285,165.16351318359375,7625600
2024-03-20,164.75900897978576,164.76819704490302,161.55060677874116,162.0470428466797,7326600
2024-03-21,162.54349861351747,163.39846578455254,161.68854547006563,163.17782592773438,5743600
2024-03-22,162.92958621922932,164.54758356599856,162.5158988167327,164.0511474609375,4084400
2024-03-25,164.55677238789067,164.7406318978916,163.75697580421695,164.12469482421875,4366400
2024-03-26,164.76819634160339,165.2646324074229,163.98678998256193,164.73143005371094,4392400
2024-03-27,165.29222738036427,166.00928930136342,164.38210385251995,165.7978515625,5073500
2024-03-28,166.3953831983728,167.59049096608715,165.7518679473206,167.40663146972656,5418700
2024-04-01,167.20439743659114,167.2227735686377,164.77741538618076,166.1747589111328,3502100
2024-04-02,164.9152895822039,166.42295988254796,164.10629097260164,166.1103973388672,4523800
2024-04-03,166.13798041042048,166.94697904363335,162.35042140507053,163.02151489257812,5893000
2024-04-04,163.31568923553186,163.36165761798205,153.93871434650845,154.35240173339844,10539000
2024-04-05,154.4443208582261,157.2390214444782,153.7916035681785,156.28294372558594,7030100
2024-04-08,155.55671538068896,158.09401023865883,154.81206123324603,156.09910583496094,4745000
2024-04-09,156.03473054522212,156.78857267743413,153.8927331550725,156.41165161132812,5933200
2024-04-10,154.9867207926037,156.24618707314676,153.8559715871875,155.39122009277344,3231700
2024-04-11,155.54747278584225,155.70375402718147,153.73642836035606,154.00303649902344,3307000
2024-04-12,152.5926515159004,152.5926515159004,148.4635128952189,150.57911682128906,7029400
2024-04-15,152.65763495880205,152.82464964079273,149.85538175051826,150.01312255859375,5433700
2024-04-16,150.48631482075223,151.93384590080595,150.39353362443785,150.8203582763672,4881300
2024-04-17,152.31430911521116,152.86177918563286,151.46064544965822,152.4071044921875,4792200
2024-04-18,153.065908576866,155.36708937131732,152.57411009846973,152.78753662109375,4480100
2024-04-19,153.12155501326288,154.58763385844,151.47917348640354,154.4113311767578,5532400
2024-04-22,155.58977283802608,157.3620596276731,154.8845761667369,155.78463745117188,5580700
2024-04-23,156.4341440361925,158.08579948119703,156.09082669404845,157.31564331054688,4084100
2024-04-24,156.36919777566425,156.91665357739433,154.7175423394924,155.70111083984375,4074700
2024-04-25,155.5712215482216,157.08368409970345,153.63192012739955,155.22789001464844,5503700
2024-04-26,155.04229195903125,155.38562344504086,146.28294282567694,148.11090087890625,10721700
2024-04-29,148.08309833522694,149.90178292453405,147.12736543203889,149.8739471435547,6219000
2024-04-30,149.641947916687,151.29360338618955,148.17586900897206,150.9131622314453,5484800
2024-05-01,150.4028113550338,151.88745211998466,149.5213120952246,150.0594940185547,5176400
2024-05-02,150.4770435414157,150.7275796770895,146.71905814064303,149.21510314941406,5904300
2024-05-03,149.53989545649355,152.40709400966506,149.15018038545347,151.98025512695312,5849900
2024-05-06,152.55556330974287,152.75970180135297,149.391430848372,150.99668884277344,5834600
2024-05-07,151.58124513717618,152.1658247418678,150.21723549861827,150.82965087890625,5301700
2024-05-08,150.44920579687138,151.15440235783026,148.3428758275063,148.8810577392578,5906700
2024-05-09,149.2151121831592,149.6883487079251,148.4820797933583,148.8346710205078,3570000
2024-05-10,149.1223141826098,149.7996749422784,148.7882707386421,149.159423828125,3509500
2024-05-13,149.65122985839844,150.84822493985044,149.20584325437636,149.65122985839844,3505900
2024-05-14,149.99454484581256,150.551288710951,148.20371042645007,149.93887329101562,4025000
2024-05-15,150.60697142539485,152.5648348128061,150.19869444851884,151.98025512695312,5261300
2024-05-16,151.6647773080342,153.03806104388602,150.48634403327534,152.49989318847656,4642000
2024-05-17,153.46489096027912,154.48558336825207,152.6297892872723,154.42062377929688,5152200
2024-05-20,154.0401497384519,154.42059084196654,152.5555232854844,152.6947021484375,3058700
2024-05-21,153.44629094078445,153.7617866167103,150.78323162679882,151.18222045898438,3645200
2024-05-22,149.92032311986995,150.26364047462016,147.70263572671436,148.1016387939453,6904900
2024-05-23,147.56345313293363,148.5006239699959,146.38502002360565,146.84896850585938,5672900
2024-05-24,146.94175772678233,147.33147273656377,145.08596387529914,145.73548889160156,3691700
2024-05-28,145.07668074630334,145.07668074630334,142.84971977146793,144.13949584960938,5533500
2024-05-29,143.72194574113112,145.10451717560957,142.59918429777065,143.629150390625,4254500
2024-05-30,143.4992688436596,145.15092441076345,142.50642639220465,145.03958129882812,4311100
2024-05-31,145.35506240444704,149.98527362767052,144.9375115774947,149.61412048339844,15664400
2024-06-03,148.4635135964105,151.42350716411238,147.37787585226684,148.6398162841797,4467800
2024-06-04,148.6398073596105,151.07089271803864,148.2500923588491,150.44920349121094,4215500
2024-06-05,151.15442504834624,154.0123496853279,150.4677902870864,153.51129150390625,5100500
2024-06-06,153.55766420686814,156.7032341546474,152.4998622994357,156.41558837890625,5186700
2024-06-07,156.8145696849414,158.05794808201665,155.6918082520954,157.20428466796875,3781700
2024-06-10,156.8145909501581,158.43841067893194,155.5990481614209,158.16932678222656,4247500
2024-06-11,157.97447778681496,158.33635708148097,155.3485273527674,155.60833740234375,3790200
2024-06-12,155.7753231242366,156.3877242666909,153.13081151613235,154.1143798828125,4725600
2024-06-13,154.03088658915857,154.86598814217254,153.10298968199496,154.55050659179688,3690800
2024-06-14,154.46700606737863,157.03728457776094,154.03089336912873,156.43414306640625,4377600
2024-06-17,156.25784960971538,158.11364361533472,155.29284295657055,157.445556640625,4076000
2024-06-18,158.15077671391884,160.53546478875057,157.62186859512903,159.0044403076172,4250900
2024-06-20,158.83741952945098,160.34989634031706,157.76106964891056,159.71893310546875,5847500
2024-06-21,160.24780993338538,160.46122228013382,157.36204968146313,158.1043701171875,12228100
2024-06-24,158.7910277997374,160.90663195573927,158.39202470300273,160.28494262695312,6249900
2024-06-25,159.6910975421663,160.90664048516635,158.31779963165346,158.4384307861328,4844600
2024-06-26,158.01157830391702,159.92305807039997,157.88167328664002,158.8095703125,5576100
2024-06-27,158.93944933513063,159.18998545554126,155.65470063058643,156.8052978515625,5382000
2024-06-28,157.7331967051119,159.43124970505767,156.86097136713707,159.1528778076172,24463400
2024-07-01,158.9209005886792,161.34271198114124,157.31562881243633,158.08578491210938,5194500
2024-07-02,156.47127292075447,156.47127292075447,153.52055314958383,153.99378967285156,5965500
2024-07-03,154.11442557452847,155.0516107047954,151.7297373956629,152.0266571044922,3527600
2024-07-05,152.84318722258303,155.24643693266296,151.83178294192783,155.19076538085938,5978300
2024-07-08,154.53194496079286,155.62687067563314,153.67828150373225,154.51339721679688,3500200
2024-07-09,154.97735745392652,156.37847679564098,152.97309658048988,155.93309020996094,4224600
2024-07-10,155.37635036487416,156.30424736813836,154.13297177856043,156.0166015625,3887800
2024-07-11,155.44129303434727,158.0672429668296,155.28355225998965,157.65896606445312,3689500
2024-07-12,158.32707369890662,159.25497072269,157.64969867736357,158.00230407714844,4133500
2024-07-15,158.17085671733003,159.53802322163986,156.77558444062853,157.3468017578125,2395100
2024-07-16,157.88056936359442,159.05109548791333,156.62575449895132,158.44241333007812,3829500
2024-07-17,158.73268706811496,164.56659902829654,158.73268706811496,164.12648010253906,6983200
2024-07-18,163.3586300023765,165.44684469618363,159.86578389962602,160.2590789794922,5957800
2024-07-19,162.62823449268168,162.7967977039588,160.3340058843674,161.36407470703125,4293600
2024-07-22,162.30046572965026,163.620808245585,161.06438337081158,162.572021484375,4066900
2024-07-23,162.30046998903268,163.48971419102648,161.78543565933344,162.14126586914062,2933800
2024-07-24,162.1880931397154,165.37193269668816,161.95398792031955,165.00672912597656,6117700
2024-07-25,165.74650457968892,174.27729982197482,160.8771186023093,170.58779907226562,9442200
2024-07-26,171.78642442247246,174.97026429984726,170.53162374951097,173.38771057128906,6948800
2024-07-29,172.33889658645066,174.29602713179176,169.05206436302117,170.37242126464844,5458500
2024-07-30,171.9174936644636,175.775557131091,170.990446204139,174.90467834472656,6032200
2024-07-31,174.53949960350357,175.57892742540798,171.78641973528923,173.53753662109375,6473900
2024-08-01,175.83176333728858,178.82830747789012,174.89534240031,177.64842224121094,6595500
2024-08-02,178.83764995846317,181.58137047946352,174.6050380036678,177.25509643554688,6303900
2024-08-05,175.5320868241557,177.25509777212562,171.4024674146341,172.6385498046875,6459300
2024-08-06,173.6405142318289,175.87857381748563,171.4399337710839,173.90272521972656,4273200
2024-08-07,175.9534756622829,177.5360292179099,174.15554930749408,175.58827209472656,6351000
2024-08-08,175.0357995505273,178.58484289774654,175.0357995505273,178.29454040527344,5744600
2024-08-09,178.65037937945232,178.86575218710203,176.14077820885817,177.8544158935547,3206500
2024-08-12,177.99486746970308,178.4537188058509,175.76618139219565,178.0885009765625,4808300
2024-08-13,178.4443466004546,179.7366118857918,177.33937690733543,179.07174682617188,3477300
2024-08-14,178.85637589686894,181.05697053043085,178.36007400736733,180.72921752929688,4153400
2024-08-15,182.12451523420268,182.592725707981,179.1279567711017,181.1038055419922,4719900
2024-08-16,181.55328809547186,181.89975925501852,180.04564987965009,181.57200622558594,3674900
2024-08-19,181.10378324184938,184.64345284466563,181.0569736311552,184.35316467285156,4309300
2024-08-20,184.58726916619403,184.92438123604495,181.7873800333399,183.67893981933594,3631800
2024-08-21,183.95050033933504,184.7932733260134,183.22945233779643,184.03477478027344,4250400
2024-08-22,184.48425747355245,184.98055935663828,182.92980979810403,183.88494873046875,3676700
2024-08-23,184.70903057682085,185.39261386279784,183.75387721636216,184.98995971679688,4720300
2024-08-26,184.9992983011375,185.38323427364443,183.60404039851898,184.88693237304688,4182300
2024-08-27,185.40197535251392,185.6922635394079,182.77062067473125,183.4635772705078,2504500
2024-08-28,183.08901901862546,183.75386985834166,181.69374672875986,182.9766387939453,3910200
2024-08-29,183.5385019023844,183.95052939692061,181.52520262248638,182.7706298828125,4538300
2024-08-30,182.83617727882256,184.00670338175996,181.8248410112468,183.8287811279297,3820800
2024-09-03,183.66959273684722,187.2373540404716,183.63214218826417,185.1210479736328,4872400
2024-09-04,186.04810469566138,187.17182124971902,183.95053094387285,184.48428344726562,4214300
2024-09-05,184.43747613198826,184.5966659784472,179.94265272563973,180.59814453125,5902800
2024-09-06,181.169361866873,182.35862047109185,180.57005303198275,181.1038055419922,4312600
2024-09-09,182.57397060655842,184.10970019821752,181.609458293491,183.93177795410156,3606900
2024-09-10,183.6508418751557,186.7878572561215,180.6449391226857,186.6754913330078,6333300
2024-09-11,185.11169230358283,185.11169230358283,181.1225440762368,182.21815490722656,4909300
2024-09-12,182.396077266414,182.66764735214662,179.10924477187768,181.6844024658203,4165200
2024-09-13,181.53456689659944,182.21815019288513,179.6149010812384,181.86231994628906,2718100
2024-09-16,183.36994853088774,183.68832820940787,182.09641552815816,183.28565979003906,3235700
2024-09-17,182.41479343212836,183.61341103613722,179.62426316235607,181.15061950683594,3534100
2024-09-18,180.85097218314849,183.1452005201912,179.58679825832448,180.6730499267578,3236800
2024-09-19,181.13189219165525,181.81548975294942,179.7553665810538,181.309814453125,3929300
2024-09-20,180.72922310073545,181.49709505225343,179.91454153788195,181.16934204101562,11661200
2024-09-23,181.38469993675528,181.94655811311594,179.98006878450062,181.50643920898438,3178000
2024-09-24,180.6823937381671,182.7987139288033,179.4088608558131,181.206787109375,4286500
2024-09-25,181.66565188722407,182.19941865080497,178.81893868073902,179.099853515625,5589300
2024-09-26,178.0136115940452,180.6074870941388,177.56411929242708,179.69915771484375,6215700
2024-09-27,180.35467619837746,183.66024092654564,178.1728137245225,182.40542602539062,4891900
2024-09-30,182.4616154845154,185.05549105278416,182.0121231710832,184.9243927001953,4550200
2024-10-01,185.083572598282,186.31965496087622,183.9317789703359,184.4374542236328,3924600
2024-10-02,183.22009913898353,184.47489959528005,182.0870236717233,184.3063507080078,2946900
2024-10-03,184.3531840243162,184.52174722191228,182.35861715853383,183.02346801757812,3453800
2024-10-04,182.69572301325982,183.20138401144553,180.7760573136003,181.9372100830078,4749700
2024-10-07,182.05895949922427,182.6863598214821,180.57941268265284,181.3004608154297,5033800
2024-10-08,181.98404325767095,182.60208451144717,180.02692690936266,180.7386016845703,4419000
2024-10-09,180.58878685827625,182.49907931916425,179.74599942572138,182.36798095703125,4478900
2024-10-10,182.17131617221966,182.4335271706018,180.99143097842062,181.993408203125,3562500
2024-10-11,182.60206549579158,182.82681164339206,181.27234960528054,181.84356689453125,2973000
2024-10-14,181.89041170545082,183.85688714059714,181.3472858361295,183.21075439453125,3623900
2024-10-15,183.8053742004474,185.24010413530996,180.49229522994725,181.0963897705078,6553500
2024-10-16,179.76551517358635,180.32241198288511,178.14200816128155,179.77496337890625,5576000
2024-10-17,179.85043379755493,180.86984601893383,177.88713737425076,177.990966796875,4419000
2024-10-18,178.36853890600776,179.04814712380823,177.60398326166998,178.26470947265625,5607900
2024-10-21,178.12313250115955,178.7555429106591,175.46133121667503,176.07485961914062,4496500
2024-10-22,175.86723286846086,178.49127040320548,175.78227102962526,178.1703338623047,4210400
2024-10-23,178.11369592681456,178.65172514177954,176.98102027758847,177.33970642089844,4266700
2024-10-24,177.85883361418507,179.78439511960357,177.61342512546588,179.01039123535156,6741800
2024-10-25,179.03872355546972,179.22751484408812,176.66954267194197,177.3114013671875,4017400
2024-10-28,177.53790083127848,179.47289602290462,176.99988606836104,179.0386962890625,5383700
2024-10-29,179.80327223071737,180.43568264434023,177.9437906014114,178.8216094970703,6131500
2024-10-30,180.8698634370496,190.99790681054162,177.97210193106733,190.19558715820312,10396400
2024-10-31,190.63923059270977,195.68909463725169,190.12008340264674,192.43263244628906,8829300
2024-11-01,192.90460480772938,193.24440897237983,190.96962367296666,192.130615234375,4493900
2024-11-04,192.3571096055333,192.78187554244658,188.98739873824573,189.22337341308594,3531800
2024-11-05,189.24226635557773,191.0639840372951,187.22232359832927,190.36549377441406,5109300
2024-11-06,194.24489049722072,194.58469457622394,189.5820434169404,189.9123992919922,7194800
2024-11-07,190.62035546166817,190.969607803629,188.04351582880744,189.26113891601562,4520200
2024-11-08,189.87467567186644,190.56371772538097,188.28891828523152,188.30780029296875,4596900
2024-11-11,168.55201135125566,168.55201135125566,163.01131574201375,164.64425659179688,20760300
2024-11-12,166.13561843474827,166.72084546993702,161.43500656145505,161.49163818359375,10557000
2024-11-13,162.03907529276754,162.95465811161807,160.13239603670505,160.7931365966797,8483500
2024-11-14,160.46277855857295,161.99188983948605,159.13187793857392,160.11354064941406,8442500
2024-11-15,160.1135457197044,160.1135457197044,155.47899951203215,155.73385620117188,11265400
2024-11-18,156.3284852445024,157.3856614955381,155.55449586350747,156.9514617919922,8336900
2024-11-19,155.9981484864203,157.72548490556056,154.62004999151407,157.2252197265625,5246000
2024-11-20,157.54615958966005,158.49005843414508,156.35683782784673,158.3484649658203,7135600
2024-11-21,159.13190702587778,162.7848054464033,157.55559764141483,162.0957489013672,6847700
2024-11-22,164.55929672929946,168.82572290753578,163.7664252739705,167.0228729248047,11328600
2024-11-25,167.08894411655646,170.08110112772252,166.83408744666835,167.12669372558594,12465000
2024-11-26,167.15502102066463,171.45919688335186,166.75858528623306,170.97781372070312,6947500
2024-11-27,170.9778094426334,173.90390116518967,170.74183476832246,172.80897521972656,5271500
2024-11-29,172.86564454045987,173.24319834060435,172.26154981857613,172.66741943359375,2710700
2024-12-02,172.05384712234985,172.45028283244045,168.8257154235402,171.5724639892578,3936600
2024-12-03,172.05385151799234,173.21484287025808,171.29872968782524,171.31761169433594,4107600
2024-12-04,169.99613873997993,170.3264945988446,166.04120141509858,166.5603485107422,6125500
2024-12-05,165.16339456739135,166.80578353089533,163.79474429918045,166.28663635253906,5444200
2024-12-06,166.1261684201702,166.8246586314726,164.38939829789226,166.30551147460938,4839600
2024-12-09,165.73916873613575,168.13667949186203,164.59705937839894,166.66419982910156,4394500
2024-12-10,165.68255201228698,166.9945707428405,164.07792696382438,165.814697265625,4089600
2024-12-11,166.08841048677476,166.1261600950408,164.08733558266889,164.5876007080078,9492200
2024-12-12,165.09735363260523,166.04125249588319,162.34117068016408,163.47384643554688,4999500
2024-12-13,163.53045929246815,165.10676848487915,162.71870578711406,163.6437225341797,5471600
2024-12-16,162.03907712288049,163.61538611675888,160.9630332538901,162.00132751464844,8157900
2024-12-17,161.01025290062424,166.59813185549237,160.66101496680503,165.5409698486328,7664700
2024-12-18,166.1544998729549,166.5981334485224,163.12459287691112,163.31336975097656,5471600
2024-12-19,163.22840829974103,164.12512365848025,160.7837139283681,161.89752197265625,6110500
2024-12-20,162.1523671005728,166.88130926509095,161.085771259747,165.72975158691406,18950900
2024-12-23,165.4559884936708,168.6274885428355,164.8330263289825,168.382080078125,6945600
2024-12-24,168.4009684580844,170.0622249647173,167.8629392923632,169.90176391601562,2692800
2024-12-26,168.97674211743958,170.2321290633577,168.60862221621176,169.14663696289062,2759300
2024-12-27,167.93844430269175,169.58083312130356,167.3437835506038,168.0233917236328,2745400
2024-12-30,167.0889452226076,167.39098530509432,165.66364902486387,166.31494140625,3405700
2024-12-31,166.45653463382948,167.86293442100455,166.05065072015606,167.7307891845703,3326400
2025-01-02,168.63694437392232,169.69410630387176,167.91957214766995,169.37318420410156,4092000
2025-01-03,169.58086487684793,171.3837150735318,168.76911131831903,171.0533447265625,4380200
2025-01-06,170.63799896198788,171.77067447582348,169.2032689629958,169.99615478515625,6302100
2025-01-07,169.55252551247804,171.9500218368227,168.3820859572797,169.4581298828125,5905200
2025-01-08,169.14662702141086,169.18439103112522,166.29604920346281,168.48590087890625,4488500
2025-01-10,166.9379341177546,167.57977835680455,163.60597267016698,165.34274291992188,5372200
2025-01-13,165.33332982681577,167.99511715562906,164.55932583868506,166.82469177246094,4734100
2025-01-14,166.70196166206995,166.86242272398155,164.32333273865547,165.70143127441406,4779100
2025-01-15,165.32982664497317,166.22546079006875,160.75638466190142,163.2622528076172,8048700
2025-01-16,163.35752789777845,165.74906477506147,162.47143103465325,165.50132751464844,5236000
2025-01-17,164.72004409963975,165.77765252353862,163.18603574675174,163.46234130859375,7852500
2025-01-21,164.0340420047713,167.3688418119524,163.1384077303852,164.46279907226562,7548500
2025-01-22,162.2618154967747,162.80490384497202,160.12753862343206,161.21372985839844,9465000
2025-01-23,162.41426953746063,162.63340943311778,160.52771535844764,162.61434936523438,7116200
2025-01-24,161.32807056116135,163.0335758214835,161.26136759604907,162.26181030273438,5584900
2025-01-27,164.51043078194442,169.07433581050233,164.44372781182486,168.55029296875,6985200
2025-01-28,168.45502169729733,168.7980302356516,165.52991908708563,166.55894470214844,5603700
2025-01-29,166.26357874248455,168.5693527030525,166.07302167456294,166.98770141601562,3748300
2025-01-30,167.70229196581144,167.8071005281052,165.76810948413046,167.35928344726562,5209200
2025-01-31,178.4594227667097,182.71843944912123,175.0007545047127,175.2198944091797,11926500
2025-02-03,174.53385156832206,182.61360393191748,173.5524689869856,181.16534423828125,9830000
2025-02-04,178.77384112407074,182.12768613985955,178.2212154645372,180.9843292236328,7377800
2025-02-05,181.52741643163648,184.25242435808792,180.95573075363993,182.69935607910156,6449600
2025-02-06,182.84226790939107,185.31003033414646,181.5655197217785,183.8617706298828,4586400
2025-02-07,184.04281818656077,184.70977515815952,181.45120149242996,181.60365295410156,3805900
2025-02-10,182.42307227046584,182.42307227046584,180.16492665813095,181.35592651367188,3685700
2025-02-11,180.84142163861566,182.8708755136973,179.37410166958836,182.77560424804688,3977000
2025-02-12,181.50836604617422,185.1956967040607,181.40355748423724,183.89036560058594,4525000
2025-02-13,185.10994790986692,185.10994790986692,182.39446260680236,184.31912231445312,4108900
2025-02-14,184.79552029067736,185.96745998648746,183.680746257311,183.76649475097656,3976900
2025-02-18,182.93755473726114,187.7206136246289,181.67032930617142,186.98695373535156,6065500
2025-02-19,187.50146932929977,188.75917206450228,186.75828663616062,188.03504943847656,4888700
2025-02-20,188.6543692942856,191.85577735476178,187.53959522035706,191.3984375,5067000
2025-02-21,190.8648864610391,194.3521231099367,190.57904357806115,192.54180908203125,5889400
2025-02-24,192.30358811480957,195.80036168593466,191.77954530963902,194.4473876953125,6305000
2025-02-25,195.49546783300977,196.28629345956435,192.799057029543,194.5045623779297,7746800
2025-02-26,193.98051260522934,194.20918979678822,191.9224614969138,193.42788696289062,4766700
2025-02-27,193.4755235873855,197.03900004611452,192.7037580814384,195.343017578125,5696900
2025-02-28,195.43830631218782,199.70686023316338,194.7618265404458,199.16375732421875,13136400
2025-03-03,200.06889298670268,202.27939544656445,199.0494047859655,201.4980926513672,7016400
2025-03-04,204.3469986518046,205.48083287526526,197.86795633100994,197.95370483398438,7554000
2025-03-05,197.29626551812393,202.16505863666112,196.27676273318002,201.55526733398438,5752800
2025-03-06,201.46952350943073,201.97450626216948,198.6587668856692,200.8025665283203,4346000
2025-03-07,201.14557949093214,204.8424476086176,199.1351712001438,204.17547607421875,6806100
2025-03-10,200.07845085024152,208.33922401629337,199.3257308078985,206.43362426757812,8604000
2025-03-11,206.43360141447883,206.43360141447883,202.38420239674508,203.5084991455078,7144500
2025-03-12,201.99358506282107,203.77531627872048,199.43055092618243,202.05075073242188,6139800
2025-03-13,201.9935763780821,203.70861908523318,200.73587354664718,201.5648193359375,5559500
2025-03-14,199.87836749175793,202.7748874109865,198.45869036686332,201.77444458007812,4511600
2025-03-17,202.20318520213777,205.3283675450745,199.63062851648002,204.34698486328125,5075400
2025-03-18,204.3469720620035,205.0234517710972,202.2508154323576,203.75624084472656,5088200
2025-03-19,203.92774829672797,204.37556538396507,200.83114882121336,202.2317657470703,5412900
2025-03-20,202.9558724570904,203.34652384951295,201.14555872126354,201.9554443359375,5836100
2025-03-21,201.73632066873176,202.8320492872633,198.88745824541007,200.09750366210938,16657700
2025-03-24,199.5067667954182,201.05983525608292,197.70597559921404,199.29714965820312,7393800
2025-03-25,199.34478306637683,199.38288866288644,189.96923615926474,191.8367156982422,10089100
2025-03-26,193.5327180818193,193.5327180818193,187.21566440105667,191.7986297607422,6742900
2025-03-27,192.484639049888,194.06627582784378,191.79862196172078,193.15159606933594,4995300
2025-03-28,193.16111539766553,196.29583514115652,192.0749241171552,195.60028076171875,6478100
2025-03-31,194.78086816239724,200.8597359140849,194.78086816239724,199.63063049316406,11093700
2025-04-01,200.5834264202689,202.13648027349305,195.89565295133403,196.53402709960938,7853200
2025-04-02,197.43918742843564,197.43918742843564,190.88391976332545,195.5050048828125,9262800
2025-04-03,200.37380867325734,200.7454000282269,191.74144447429416,192.12255859375,7593100
2025-04-04,190.55993861226804,190.55993861226804,177.38271711260134,178.13543701171875,13505200
2025-04-07,172.48535285512878,179.31692592302076,167.95955364181322,177.74481201171875,12581100
2025-04-08,178.7452510222691,179.49795647878065,164.18647101925393,167.3783416748047,12517100
2025-04-09,160.35619888066296,172.07563857071372,156.63074841425677,171.35150146484375,18977800
2025-04-10,169.36017993371098,169.59837990548834,157.18339853953756,165.9777374267578,13970000
2025-04-11,165.60612074291205,168.61697141529015,161.33758197181834,166.78759765625,9047700
2025-04-14,169.06481778173125,171.68501752532228,167.8833406634622,170.64646911621094,7164400
2025-04-15,170.87723381786384,173.56973119762074,169.5406032337855,170.0117950439453,8078500
2025-04-16,169.7521544528443,170.05987514112653,163.23247276739767,165.08836364746094,9459300
2025-04-17,165.94421108579616,168.47322270310718,165.309548152644,166.34808349609375,8998100
2025-04-21,166.80965027191053,167.48277095736626,162.06892914654935,163.62673950195312,7364600
2025-04-22,164.5114263528483,167.95397487558105,164.34795522266802,167.10775756835938,6191900
2025-04-23,168.28091882643238,171.3099694961355,167.70394980699766,170.25221252441406,7119700
2025-04-24,170.7906924571641,174.52172516025226,169.34828472220906,173.44471740722656,8789400
2025-04-25,179.93555892198754,181.45489688686158,173.07932387718023,178.916259765625,10482100
2025-04-28,180.7817612327109,185.705174715626,180.4355828051353,184.9551239013672,10408000
2025-04-29,185.19552525181433,188.0322574015074,183.26270425630602,186.0802001953125,6671400
2025-04-30,187.02259688856043,188.2630611156533,183.67620029500034,187.6091766357422,8400700
2025-05-01,185.4744178664812,188.30153953560995,182.51267205467636,185.916748046875,5823600
2025-05-02,187.67647726004728,191.34019057087738,187.15721692989266,190.8497772216797,6424800
2025-05-05,190.84977767192262,190.8786246529476,187.541853567044,188.54193115234375,5121500
2025-05-06,187.99379432407272,188.30151499461684,178.60853396641443,179.96438598632812,9392000
2025-05-07,180.94526209161506,182.87808340415816,179.57978436748428,180.8683319091797,5771700
2025-05-08,177.06035689561494,179.49321669536826,174.66595484488852,178.45468139648438,8816700
2025-05-09,178.61815387917918,182.48381063144504,177.15650996512568,177.51231384277344,7806100
2025-05-12,173.08892244229244,185.29169382214283,173.08892244229244,182.7722930908203,12792700
2025-05-13,181.77222093277453,182.4741885861793,178.29121497358156,180.78176879882812,7523800
2025-05-14,179.35858865624795,180.44519244950644,169.81946775608134,170.62721252441406,12212000
2025-05-15,171.18497314235006,175.11793514915092,169.79064844465245,174.70443725585938,12073300
2025-05-16,174.33902257275167,177.00267303747518,173.58897170401707,176.95458984375,6152800
2025-05-19,177.1468997172285,178.66623759620052,175.5025484749641,178.57969665527344,5216700
2025-05-20,177.76231157398783,178.858540752976,176.58915222962327,177.75270080566406,5505100
2025-05-21,176.86801783184126,177.7142350095897,174.56978224493747,174.81980895996094,5140900
2025-05-22,174.44478355092892,176.51222863299068,173.3293181208534,175.53138732910156,4689200
2025-05-23,175.36794206908831,177.05075123088986,174.74290453530605,176.22377014160156,4027000
2025-05-27,177.19500029865316,178.84896247236392,176.8391963850399,178.58932495117188,5726700
2025-05-28,178.23350910852875,178.95471292525124,175.36791537890892,176.06027221679688,4787800
2025-05-29,176.41609276648424,179.57976735237233,175.67565266951576,178.49314880371094,4925900
2025-05-30,177.89695787578898,179.52207297378266,175.98335828989713,178.96434020996094,11609000
2025-06-02,178.59891503175075,179.810546875,176.12759750047115,179.810546875,4435600
2025-06-03,179.72400969650363,181.48374900934306,177.7238837516654,180.06057739257812,5335600
2025-06-04,181.17603456573588,182.87806516118712,180.07980525301707,180.14710998535156,4382200
2025-06-05,180.30098748709307,181.35875914952345,177.94505751851477,180.2721405029297,4417900
2025-06-06,181.25295655131126,183.1761668146574,181.0702492286246,182.54150390625,3607800
2025-06-09,183.19539019270283,184.42624359977202,181.7529824807064,181.89723205566406,4661500
2025-06-10,181.78182206700845,184.51279170873102,181.5510462331512,182.2241668701172,4087500
2025-06-11,182.07031401588918,185.3205440903141,181.8010657500359,184.1473846435547,3908000
2025-06-12,184.82050441182875,186.15713496545013,180.21442226131373,185.0320587158203,5781400
2025-06-13,184.20509667834142,186.04176620078297,182.98385392008228,183.7435302734375,4965700
2025-06-16,183.57042491459907,184.30125424972562,181.67606151633282,183.53196716308594,4203900
2025-06-17,181.897219555868,183.29154398039526,177.92578589974656,178.35850524902344,4733900
2025-06-18,178.13735827995964,179.93555525794727,176.64686732737658,178.36814880371094,3573200
2025-06-20,178.9451016879691,179.916332295591,177.08921076195915,178.18544006347656,12158100
2025-06-23,177.40654165909785,178.66624207392923,175.30062400618056,176.70455932617188,5157900
2025-06-24,177.4353901335739,178.99318581413442,176.15645349631316,178.42584228515625,4074400
2025-06-25,178.18543171693062,179.90669842608926,177.55076881606243,178.27197265625,4471100
2025-06-26,179.36821303313695,181.7337682317834,178.65661991775505,179.61822509765625,5734000
2025-06-27,180.68561124678504,180.78177763597654,174.75250892235604,175.31024169921875,29264700
2025-06-30,175.42562593205776,179.09896476240613,174.77174145271042,178.49314880371094,6482600
2025-07-01,177.90655431267555,184.3973887392783,177.31036384586574,182.6953582763672,5937600
2025-07-02,182.4164896605617,185.19552789072398,182.25301854972037,183.42617797851562,4658200
2025-07-03,183.81081592803412,184.11853661464556,181.6183573911825,182.0126190185547,3706200
2025-07-07,182.16648259411252,184.04160970851598,179.65669255700942,180.4259796142578,11049100
2025-07-08,179.61821656039095,185.58979089983757,179.50282863962497,182.4838104248047,7106900
2025-07-09,181.26256456688475,183.7531182985818,181.08948268881915,183.30116271972656,5594100
2025-07-10,183.18577740009016,189.9170133150541,182.2818662295548,187.51300048828125,6049400
2025-07-11,186.4456115133305,186.55138866082856,183.82043370915247,185.06089782714844,4991000
2025-07-14,184.35894407567332,185.27246605114746,182.7434397626956,184.1666259765625,4072800
2025-07-15,184.4867125413202,184.9328631556363,179.44316528624307,180.78164672851562,6729200
2025-07-16,181.29568941203,185.63119102190868,180.88832873186396,184.84556579589844,6202600
2025-07-17,183.3130897932729,186.33920590476268,182.59535067467027,185.640869140625,4853100
2025-07-18,185.7475914168055,186.5526190676441,182.89606641220357,183.56529235839844,5332000
2025-07-21,183.91442634861784,184.18600010770837,179.07458237080783,179.2879638671875,4954800
2025-07-22,179.37527615560367,182.53717951458472,179.3364714421874,181.47998046875,4432100
2025-07-23,181.42178019442792,185.05894493449398,181.15020641114253,184.81646728515625,4344500
2025-07-24,185.02012711326068,186.45560535138594,184.2733066619722,185.08802795410156,3462700
2025-07-25,185.64087578282027,185.64087578282027,182.85723720373414,184.55458068847656,3786800
2025-07-28,185.45661130590463,185.45661130590463,181.9940233793343,182.84754943847656,3776900
2025-07-29,183.45858652108998,186.69809921611153,182.20740834222556,185.46630859375,6715500
2025-07-30,185.99975606989298,186.90176580545275,182.35288281732196,183.61376953125,5008400
2025-07-31,191.13057892151147,192.8473248135255,181.97462056365157,183.33250427246094,10347900
2025-08-01,184.20540331510816,191.13056380331457,184.07931021221066,189.34593200683594,8082000
2025-08-04,188.94829126782597,191.43126016268778,187.8910922117525,191.25668334960938,4217500
2025-08-05,191.60583406900207,193.8754212272593,190.5680226660675,192.57574462890625,4153400
2025-08-06,191.29547293343728,192.09080676851988,188.81250404286268,190.39346313476562,4057200
2025-08-07,191.12088328064453,193.8172335165731,190.58742950022824,192.8764190673828,4683300
2025-08-08,193.0898118281151,194.3022001271165,191.20818282011908,192.09080505371094,4101700
2025-08-11,192.21687477520598,193.42926301997744,190.9656966184528,192.6630401611328,6067800
2025-08-12,192.12958637350113,194.00152151925207,191.1208858657022,192.6630401611328,3049800
2025-08-13,193.74932911263346,195.6503603316498,193.21589014167782,195.4078826904297,3558500
2025-08-14,195.72795366602017,198.88985675886508,194.8162353730808,198.5212860107422,4635400
2025-08-15,199.71428090663255,200.61629059624855,198.17212671490574,200.47080993652344,4430900
2025-08-18,200.38352728512288,202.07116218495455,199.76278511973385,200.35443115234375,6083500
2025-08-19,200.31565169963395,201.54744240802006,198.9286865300804,199.9858856201172,3975500
2025-08-20,200.43200468592485,205.32036203472256,200.43200468592485,202.85678100585938,5782100
2025-08-21,202.8471206229598,206.0575226311325,202.585240593389,203.1962890625,5323900
2025-08-22,204.49593739584498,205.10698577998662,200.88786895553707,204.26316833496094,5516900
2025-08-25,203.97218557399964,204.9420960952268,200.81997638001144,201.304931640625,2796200
2025-08-26,201.2758548078449,202.3039576909774,200.35444268426357,202.090576171875,3702900
2025-08-27,202.53674788483312,204.08859603620917,201.55712866212139,201.7996063232422,3459100
2025-08-28,201.40193834284298,201.75110676499838,199.30694260957253,201.663818359375,4523100
2025-08-29,201.74140384054448,204.65113562670618,201.6444068611413,204.06918334960938,4264700
2025-09-02,203.81701730980186,205.77624090817372,202.70162601548998,205.54345703125,4335500
2025-09-03,206.02840757703154,206.99831817562392,205.11668924640892,205.48526000976562,3973500
2025-09-04,205.86353989722025,207.7451689667003,205.29129615331183,206.59097290039062,3531600
2025-09-05,206.15450605074165,207.89063955551038,204.65114162390387,206.16419982910156,4465400
2025-09-08,204.64145897287736,205.62106342831302,201.36315615025097,203.47755432128906,5525500
2025-09-09,203.22537266252618,204.3795686775743,202.82770575320242,204.08859252929688,3097100
2025-09-10,203.90430359019706,205.88292952428804,202.16817010849797,205.27188110351562,4520600
2025-09-11,213.71981259983573,215.09708391434856,210.2281284224358,213.59371948242188,7647700
2025-09-12,212.52679270881708,213.74888946053915,211.6635729205288,211.770263671875,4418800
2025-09-15,212.99235257240002,212.99235257240002,207.86151771905358,211.06222534179688,5162100
2025-09-16,211.76059077115903,212.12916154844766,209.3455079614961,209.75286865234375,4251000
2025-09-17,212.50740063138505,214.88367844298764,210.76155873726438,214.1659393310547,5258400
2025-09-18,214.41815455876682,215.38806520903563,213.30274843116044,215.3104705810547,4445600
2025-09-19,215.72750248919016,216.76531388024824,214.92247495772298,215.7760009765625,14415100
2025-09-22,215.7663167064003,218.38507234363288,214.76729518142326,215.89239501953125,5990700
2025-09-23,215.32985190603603,217.64793770109995,215.2522572803009,215.91180419921875,4629900
2025-09-24,215.3201509440244,215.5529348134635,211.96425379133422,213.37063598632812,5074500
2025-09-25,213.47732157244008,215.57231714800352,211.46959959626838,211.96424865722656,6666000
2025-09-26,213.9913872198035,214.81580237622694,211.12044524064336,213.97198486328125,4185600
2025-09-29,214.10776338402135,216.52284608823555,213.17664270298062,216.44525146484375,4958400
2025-09-30,216.3482373098497,225.35871429041782,215.87299062883858,224.5730743408203,9187300
2025-10-01,226.6099038591992,237.44380309642148,225.01925112427264,237.02674865722656,12243100
2025-10-02,233.6417617555966,235.36820142420663,227.46343602466055,229.44204711914062,8107700
2025-10-03,229.77181892325189,231.65344788552295,226.67781649110287,226.87179565429688,6547300
2025-10-06,224.73800122897865,225.94068095252211,221.06203161028924,223.26373291015625,11940300
2025-10-07,224.33060921957204,227.0366679976353,220.7419430705662,225.82427978515625,4901000
2025-10-08,224.51490408461635,225.98917235720373,222.76906202492884,224.28213500976562,5412800
2025-10-09,226.25105896945018,226.7554018461208,223.68078689555313,223.74868774414062,4607600
2025-10-10,224.54401178831242,227.61862680755974,223.5644073486328,223.5644073486328,6156900
2025-10-13,223.07943097372473,226.77478787538723,222.32290191352584,223.3704071044922,5411900
2025-10-14,221.20750813804906,223.70986435479261,220.66434579367944,222.23561096191406,5527600
2025-10-15,221.95230989688548,223.66188977160718,220.11574279636199,220.9949493408203,5459400
2025-10-16,220.9949477453818,222.84129340049773,220.25250700000703,221.6299285888672,4737500
2025-10-17,222.26493956935656,225.38126203134183,221.57133199029485,224.26759338378906,7150000
2025-10-20,225.66454341594357,226.8954355591978,224.68764063059317,226.70005798339844,5246700
2025-10-21,226.78797296834108,227.43273237655458,224.52156628449666,226.0455322265625,3298100
2025-10-22,226.3190616980245,226.79774941899083,223.15389137426683,223.3981170654297,3523500
2025-10-23,223.7009712793892,224.55087192157671,222.00115508866074,222.97805786132812,5818000
2025-10-24,223.49582197259375,223.74981133496678,221.02425907467585,222.7240753173828,3554700
2025-10-27,222.68498380689172,223.31997955224926,221.87415271769424,222.7631378173828,2784400
2025-10-28,221.75693339773758,223.1245913416139,219.1290625068183,222.28445434570312,3724200
2025-10-29,222.36262582514667,222.73385368465463,218.86531177238822,219.93991088867188,5469300
2025-10-30,221.80576704575194,224.34570519098529,221.18054989701037,222.92919921875,5020700
2025-10-31,217.84932008320254,218.69922073232811,211.01100061870739,213.00387573242188,10825300
2025-11-03,211.67528311431965,213.9417046750593,206.80054787662974,207.06431579589844,8874300
2025-11-04,207.46484709447003,212.0660659350467,207.46484709447003,210.90354919433594,6184000
2025-11-05,210.75702065372565,212.40797390524332,207.68954638207143,211.7632293701172,4928200
2025-11-06,210.9035361952691,214.6059910957348,210.6690741666541,213.98077392578125,6615300
2025-11-07,214.2445519192415,215.88575638401574,212.075826498219,214.0980224609375,4647900
2025-11-10,211.98790641062376,214.78184899920225,211.15753307274113,213.65841674804688,4530800
2025-11-11,213.94171910993086,220.21343347041838,213.94171910993086,219.96920776367188,4802400
2025-11-12,220.19389697250656,228.5952674658444,220.08643706248637,227.84304809570312,8583200
2025-11-13,228.3412646299307,233.76306321615613,226.79775642533633,226.92474365234375,7968500
2025-11-14,228.21427737687034,229.57217175396943,225.00027353111082,226.99314880371094,5461500
2025-11-17,227.8723471646892,229.91408539392876,223.93542997985105,228.5952606201172,5023100
2025-11-18,229.5721513620755,231.7115708172322,226.74890294796197,228.46824645996094,6232600
2025-11-19,228.14587992959937,232.64940256366936,225.03933609110183,227.5304412841797,7618400
2025-11-20,227.87232662559848,229.52329463295175,222.733823605204,224.15032958984375,4283600
2025-11-21,225.22495223165413,232.5126390539411,224.82441849063892,230.82260131835938,8017600
2025-11-24,230.54905832772153,232.13163607671763,223.20274517672019,224.20895385742188,10225900
2025-11-25,225.00024828604296,228.67339725569084,224.99046971848787,226.44606018066406,7134100
2025-11-26,226.68052715966894,227.11036679186768,221.40525781588542,222.40170288085938,5920800
2025-11-28,221.61040694167733,222.82175687797908,220.30134585612794,222.44076538085938,2655600
2025-12-01,221.9425430496452,224.18942240544223,218.80667859422815,219.91058349609375,5208300
2025-12-02,219.62728601447526,221.39547762792668,217.95677573337036,219.1876678466797,5096700
2025-12-03,219.6468347695128,225.4594037868403,219.33423360660686,224.922119140625,4872900
2025-12-04,224.79508705416092,225.60591810614545,222.33328800891235,223.42742919921875,3732900
2025-12-05,223.64233337430682,223.95494940092988,219.85196094279405,220.85816955566406,3985200
2025-12-08,220.85817618321164,220.89724573453563,217.253402639687,217.96653747558594,4006100
2025-12-09,218.7187603625964,219.62728768910102,215.14329265041,217.8395538330078,4267900
2025-12-10,219.80312278670303,220.7604833255062,215.89551171493943,219.9789581298828,8735200
2025-12-11,220.33065239431838,220.74096469059342,217.10688505831573,218.8066864013672,4170600
2025-12-12,218.52339079607194,218.65039293073227,215.99321610910297,218.1619415283203,5467600
2025-12-15,219.06069868622512,223.026921840269,218.3963970022703,222.19654846191406,5971900
2025-12-16,221.18056422529378,221.60062526987542,216.7845016710119,218.50384521484375,6405900
2025-12-17,218.70899780014523,221.18056062570994,217.71255279694554,219.12905883789062,5243400
2025-12-18,218.82621525889815,221.03401010013388,217.6441563766061,217.67347717285156,4760400
2025-12-19,217.80047648791552,224.16988692381207,217.21434375116482,221.5811004638672,18968800
2025-12-22,220.88749178584516,223.3688183287326,219.0704519891459,222.6459197998047,4828100
2025-12-23,222.94875787293896,225.45939031385612,222.64592039041136,223.50558471679688,3612100
2025-12-24,224.16012388600063,225.4691700653765,223.69119980767036,224.58018493652344,1744900
2025-12-26,224.5118129569329,225.28355962493848,223.3981294334741,224.66810607910156,1593900
2025-12-29,224.83417442617286,226.66099280636442,224.43365560527607,225.50823974609375,3803000
2025-12-30,225.43984815010728,225.86968773818123,223.33949832771907,224.4336395263672,2348000
2025-12-31,224.43365290462978,224.93186796249393,223.1538977251782,223.2125244140625,3196900
2026-01-02,223.45675347349484,225.41055908779236,220.49673916034243,224.01358032226562,3336800
2026-01-05,221.75693617254836,221.99139821144107,212.82804515374926,215.09445190429688,9341300
2026-01-06,214.6743813795205,219.02159567760762,214.47900380890988,218.75782775878906,9151700
2026-01-07,220.0375980389832,231.56503946826768,219.54914662566253,228.02865600585938,10285400
2026-01-08,225.7915514889001,226.19207031260316,217.96655043229256,218.95323181152344,9365900
2026-01-09,218.58199654264465,219.92034857825814,213.9417083478846,214.99676513671875,6714200
2026-01-12,216.08111921274156,217.35109575464344,213.3457885624189,214.95767211914062,6546100
2026-01-13,214.45946829724056,215.6512908935547,210.8644731850727,215.6512908935547,4872600
2026-01-14,215.89551074995413,218.18145963919358,211.98789969565632,216.76495361328125,8426400
2026-01-15,217.38041621669825,217.87863128067283,210.8449340700102,211.74368286132812,6954200
2026-01-16,212.32468842695135,214.03818095119146,210.621053146631,211.08389282226562,8649700
2026-01-20,208.47425393254102,210.77859497070312,206.76077650603958,210.77859497070312,8251400
2026-01-21,209.23254089507478,214.67827765363515,208.34626043821217,212.85646057128906,10727100
2026-01-22,212.98447305317677,215.71226990750898,211.4876295593915,214.78659057617188,5650900
2026-01-23,213.9495419537121,216.4705471250413,212.59057962550767,215.9190673828125,5816400
2026-01-26,215.7713571956343,218.10524000133958,215.170651343692,217.40606689453125,6553400
2026-01-27,217.51438442240152,223.40326101045827,217.2878781882673,220.5178985595703,5747400
2026-01-28,220.19294641136008,220.61638716105196,213.39807474457828,215.3380584716797,5215800
2026-01-29,214.6782619530531,220.72470414278948,214.6782619530531,217.07122802734375,7834000
2026-01-30,217.15001648010207,220.60654315661586,216.2144949250442,219.61192321777344,6622200
2026-02-02,221.42390258684242,226.28861777924718,221.00044680551576,222.2018585205078,5413000
2026-02-03,220.5376067649115,225.21522965577242,220.23233272781906,222.2215576171875,8158500
2026-02-04,206.58352158708928,217.48485207779035,201.15748442543773,213.8018341064453,15319700
2026-02-05,213.59501692260497,216.5197632520078,210.77859508785727,215.68272399902344,10794000
2026-02-06,215.41684562377395,222.37912528695193,215.17065494306107,220.02552795410156,6067100
2026-02-09,220.01568942390278,220.54746971787606,216.76596937876855,219.85812377929688,6767700
2026-02-10,220.34065011262308,222.36925883347655,218.55823206228652,219.0506134033203,6044500
2026-02-11,218.88320828366528,220.7345519311951,214.72750851134595,217.52423095703125,8072400
2026-02-12,218.1938877185254,225.55990881325556,217.54394070320856,224.0335235595703,8712000
2026-02-13,224.93949378280422,231.16320124979194,224.52589525259853,227.97256469726562,8252200
2026-02-17,229.11489433651246,231.66542613375927,227.6672919594186,229.3118438720703,7336400
2026-02-18,230.43448574371988,230.43448574371988,222.62532427280055,225.2349395751953,5495100
2026-02-19,225.4811174367331,225.8750165076434,219.62178235579546,220.9315185546875,5410800
2026-02-20,221.61099744540795,223.23586496053125,219.71041259514806,221.38450622558594,6830300
2026-02-23,222.37913240018597,227.90363702686005,222.34957569337126,225.9833526611328,5463200
2026-02-24,225.51066271664155,227.24383969312285,224.2009264968359,224.95919799804688,4880800
2026-02-25,226.2098375484582,229.0065599003612,223.0290433333975,223.46234130859375,5410900
2026-02-26,224.12213263907722,224.30923995073329,217.76057420048568,221.26632690429688,5331300
2026-02-27,221.67009217651702,228.73083900868136,221.63069325337082,228.54373168945312,8018100
2026-03-02,230.09965737391593,232.06918278492,228.36646539540905,230.6905059814453,7438800
2026-03-03,229.80423422925367,232.11843268503017,226.73177928055205,230.29661560058594,6595700
2026-03-04,230.00117945647355,233.4970901325881,228.54373483203983,232.5911102294922,5380800
2026-03-05,229.8633043491551,231.222281664165,224.52589239451012,228.8096160888672,9423100
2026-03-06,226.84993518075905,228.0710463328807,223.3441823882998,226.60374450683594,6139600
2026-03-09,226.46588977315912,227.16506290770764,219.82858345936515,223.98428344726562,7915800
2026-03-10,224.19108439790529,227.74607841746533,222.71394031819258,223.5509796142578,6466800
2026-03-11,222.60560148248783,225.7962228723725,221.86702949019443,224.21075439453125,5299200
2026-03-12,221.6897681939918,224.33878218924437,220.16339807148051,221.9359588623047,7607000
2026-03-13,223.43281810608008,225.13645344371216,216.09633867769944,216.33267211914062,5676100
2026-03-16,217.7211836763293,220.95120415900206,216.9629272095003,218.07569885253906,3991800
2026-03-17,218.65671108090154,219.87782228183778,216.4114532470703,216.4114532470703,4405700
2026-03-18,215.17064338274338,215.66302471771533,204.43673629086913,205.1654510498047,8597000
2026-03-19,205.19499221537362,207.22360090618636,201.18701597237956,203.0876007080078,7006800
2026-03-20,203.12700949432545,204.61399578498018,199.9659145666147,201.94529724121094,27982400
2026-03-23,204.20040006816654,205.44119569713197,200.12348297152388,201.8074188232422,7419900
2026-03-24,199.94622728053946,202.87097392521315,198.72513105602079,202.0733184814453,6990500
2026-03-25,203.70800083349056,206.4850236717388,202.72323819096692,204.0231170654297,6000100
2026-03-26,204.03299629982286,208.22808019966658,202.6247777555646,207.90310668945312,4576300
2026-03-27,208.19852968482243,210.23699570067572,205.93357245374762,206.2093048095703,5654000
2026-03-30,209.0257231146787,210.68013224711012,207.56827854122412,209.87261962890625,7491200
2026-03-31,211.78305952371684,215.83043473893997,211.5762677756691,214.17604064941406,8311700
2026-04-01,215.04262967714786,217.09093793141716,210.49303073356393,211.70428466796875,5702800
2026-04-02,210.72938942680952,211.29069638901697,204.5450804666202,205.65785217285156,5151100
2026-04-06,203.88526156484158,205.81540305674832,202.1717840940153,203.5406036376953,4929100
2026-04-07,203.08761294527287,203.34366087107026,198.5872550973625,203.22547912597656,8801600
2026-04-08,203.11714928029073,208.98634158928198,201.44305569400052,208.36593627929688,5477500
2026-04-09,206.28809927309473,210.256692003712,205.55938444569702,209.16360473632812,4477800
2026-04-10,210.29608008246763,210.83770257914364,204.5844533495221,204.7715606689453,4633200
2026-04-13,203.28456042719137,204.9094279257695,199.91667373871107,203.32395935058594,7532500
2026-04-14,201.67940223886336,207.21376375707712,200.9506724376383,207.0561981201172,6199400
2026-04-15,207.51295446683528,208.33709020370273,204.09726447580036,206.9469757080078,5952100
2026-04-16,206.31149980107602,208.17821762418268,205.0604103893249,207.51295471191406,5075400
2026-04-17,208.17822468465647,210.8492154452588,206.35123258145273,206.9072723388672,8986600
2026-04-20,206.47037901159248,206.85762206655826,201.40641738424267,202.27027893066406,5774300
2026-04-21,202.56814769727748,204.7426722301592,199.4999900020088,203.67030334472656,7772100
2026-04-22,203.71993928067758,204.5341511234929,198.3978209952055,199.08294677734375,7646200
2026-04-23,199.6290692013965,201.3269751816899,198.99359304867002,199.52976989746094,7461100
2026-04-24,197.52404949122166,198.83472762743767,195.74670703178018,197.3056182861328,7605800
2026-04-27,196.6006291525273,199.9964563834118,194.84313443753496,195.98501586914062,7467600
2026-04-28,197.26588570943002,197.77227579864916,195.05165061416844,196.29281616210938,6313100
2026-04-29,190.64302403770057,204.37528118102975,189.4018585166218,202.44898986816406,10406300
2026-04-30,207.52288175637523,213.35139038132547,206.6987460059277,209.8264923095703,10319200
2026-05-01,209.50874344835918,209.50874344835918,204.11712760742685,205.1398468017578,6343100
2026-05-04,204.25614598247176,206.86754808759213,203.4220711892264,206.68882751464844,4579300
2026-05-05,207.49309242759287,208.03920829775223,204.3752851836201,204.65330505371094,4490500
2026-05-06,204.65330144761927,205.5469345641726,202.12132074945646,203.5809326171875,7290000
2026-05-07,203.47171598154063,205.53701729713268,200.60214180502433,201.27734375,6681100
2026-05-08,200.49291420797542,200.96951753154104,198.60634865360774,200.1255340576172,4915400
2026-05-11,200.58227007975088,203.92846259391789,200.58227007975088,201.34683227539062,4931700
2026-05-12,203.1440369712674,209.8264829612744,202.07166815644783,206.39093017578125,7044100
2026-05-13,205.39800437440988,208.04913216115733,202.85609976169084,207.0264129638672,5705700
2026-05-14,208.01935177404684,212.0010055111805,206.8774854977185,209.28038024902344,5006500
2026-05-15,211.59391456232896,213.40104377193384,207.54274828298603,208.90306091308594,5385000
2026-05-18,208.88319936472857,209.86620796671846,206.21220858989463,207.92999267578125,5069000
2026-05-19,208.4165171613416,214.27482776219156,207.25478800199255,212.24923706054688,7220300
2026-05-20,211.8520665116434,212.98400888991557,210.0052115627839,210.799560546875,5129000
2026-05-21,209.45909559010315,214.11595116679868,208.01934657952725,212.9840087890625,3813800
2026-05-22,215.4663370381466,218.455058194335,214.17552185058594,214.17552185058594,5406100
2026-05-26,214.3939681019095,215.51598659419918,210.41231451873963,211.61375427246094,4706700
2026-05-27,211.61375503785547,214.41383176826292,209.8661994120553,213.8776397705078,4640100
2026-05-28,214.37410714597283,217.82952293635012,214.37410714597283,217.08482360839844,5189300
2026-05-29,217.47207439989498,218.04797705213986,213.38118230997378,216.18125915527344,7618500
2026-06-01,213.7386289796587,214.9698706446199,210.01513237495973,211.4250946044922,4858400
2026-06-02,209.51866700051227,215.03938404866173,207.51295439675928,213.8776397705078,5861800
2026-06-03,213.28189403213514,217.9883841649017,212.21944903448474,215.59542846679688,5667500
2026-06-04,220.92746221119617,223.39986937747335,218.28625835257904,223.3502197265625,6782000
2026-06-05,225.76304863468368,228.84114532178216,224.40273601246867,225.62403869628906,6248900
2026-06-08,225.147438206934,226.9645064502679,219.60687319060779,221.4934539794922,4915600
2026-06-09,223.21121474064327,225.53467300567257,220.1529810183117,223.8268280029297,4257500
2026-06-10,225.32615522106838,225.53467770347956,222.5360174407216,223.3601531982422,4147300
2026-06-11,224.41265352113243,225.941777951073,222.45657541784976,223.18142700195312,4569000
2026-06-12,225.89212843996987,226.7857615690241,222.73461057642814,226.12049865722656,4086500
2026-06-15,224.40273095075224,224.89919716966983,218.4451363237411,220.02389526367188,5261900
2026-06-16,221.7317341490814,221.92039373121457,217.60113168546346,220.89767456054688,5945500
2026-06-17,220.8281720258257,221.26506473036358,217.2834110384559,219.66644287109375,5624200
2026-06-18,219.80544559961086,220.7785302826924,213.84785106246724,214.95994567871094,9646100
2026-06-22,220.37142727506134,230.67807080928134,220.37142727506134,228.38438415527344,9912800
2026-06-23,231.32347241312564,233.64693069306986,229.66527705174937,233.10081481933594,7365600
2026-06-24,234.67959222816853,235.68244855520894,231.20432862932248,233.2299041748047,7311000
2026-06-25,232.00859009712372,242.88119693489142,232.00859009712372,241.4215850830078,10278100
2026-06-26,243.52659824465232,251.55943298339844,242.93084788720816,251.55943298339844,52635100
2026-06-29,251.26156010049706,254.18078393459402,247.43876409852305,252.5126495361328,9760500
2026-06-30,253.19776473656486,253.6942309419307,248.3324019843584,249.86151123046875,6999700
2026-07-01,248.97780738382934,250.0203894678692,245.81035050083676,249.28561401367188,6988000
2026-07-02,250.51686213593447,259.79086280661,248.7395045519223,259.2248840332031,7113400
2026-07-06,258.0830074623675,259.07593988053287,251.80766730710835,252.95945739746094,8580200
2026-07-07,255.39213955934298,258.50996190666103,252.4729309679583,252.85023498535156,8238300
2026-07-08,251.4601407009564,254.0119843469605,248.9281599460388,250.95375061035156,7578700
2026-07-09,249.42462925015664,253.0587656656278,246.2373245594484,248.1437530517578,5526000
2026-07-10,249.2359601195237,249.88137528006084,243.31809140864215,246.32667541503906,5780700
2026-07-13,246.61461830329182,247.9749460102823,242.88119788876747,246.2472381591797,4156400
2026-07-14,244.25145797848666,244.678411658044,241.47124409798792,243.0500030517578,5246800
2026-07-15,243.32000732421875,247.75,243.07000732421875,244.11000061035156,6389000
2026-07-16,244.75,254.5399932861328,243.5,254.38999938964844,6555500
2026-07-17,257.0,260.9599914550781,254.2899932861328,254.49000549316406,6872400
2026-07-20,253.10000610351562,256.1499938964844,252.67999267578125,253.3800048828125,4332400
2026-07-21,253.6999969482422,257.05999755859375,252.60000610351562,256.1000061035156,4819300
2026-07-22,257.80999755859375,257.80999755859375,252.25,253.3000030517578,4953200
2026-07-23,253.97999572753906,258.3800048828125,253.10000610351562,256.9200134277344,4622700
2026-07-24,258.5400085449219,260.2200012207031,256.7699890136719,259.3599853515625,4195000
2026-07-27,259.0,262.1000061035156,257.29998779296875,261.0249938964844,343553
