datetime,open,high,low,close,volume
1999-10-01,8.285161921408324,8.433111241433473,8.285161921408324,8.359136581420898,3162400
1999-10-04,8.359134708132062,8.359134708132062,8.285160064697266,8.285160064697266,533400
1999-10-05,8.285161921408324,8.359136581420898,8.285161921408324,8.359136581420898,270600
1999-10-06,8.359136292914384,8.802984237670898,8.359136292914384,8.802984237670898,205400
1999-10-07,8.802984541496345,8.802984541496345,8.322149251414611,8.359136581420898,214200
1999-10-08,8.396122974819606,8.396122974819606,8.322148323059082,8.322148323059082,65600
1999-10-11,8.322148323059082,8.359135648939345,8.285160997178819,8.322148323059082,77500
1999-10-12,8.322149251414611,8.359136581420898,8.285161921408324,8.359136581420898,49200
1999-10-13,8.359135648939345,8.507084952460396,8.285160997178819,8.322148323059082,49900
1999-10-14,8.2851621295334,8.322149460468816,7.841314158308396,8.063238143920898,430900
1999-10-15,7.767340692036459,7.804328028665204,7.5084293356352445,7.730353355407715,158200
1999-10-18,7.693365180783156,7.693365180783156,7.397466519983803,7.582403182983398,83800
1999-10-19,7.5454152035263355,7.84131383895874,7.5454152035263355,7.84131383895874,58200
1999-10-20,7.915286604563396,7.98926124572754,7.767337322235108,7.767337322235107,62600
1999-10-21,7.76733864185422,7.952275276184082,7.693363988122275,7.952275276184082,98200
1999-10-22,7.915286037656997,8.026247991455927,7.87829871972402,7.989260673522949,191200
1999-10-25,7.952275105121425,8.248173713684082,7.952275105121425,8.248173713684082,153100
1999-10-26,8.17419809954507,8.359134708132062,8.17419809954507,8.285160064697266,65600
1999-10-27,8.285160997178819,8.396122974819606,8.285160997178819,8.322148323059082,100900
1999-10-28,8.396123911427186,8.581060561458623,8.359136581420898,8.359136581420898,255300
1999-10-29,8.359132626017587,9.024904251098633,8.359132626017587,9.024904251098633,123200
1999-11-01,8.87695797419144,8.87695797419144,8.655034024836654,8.729008674621582,41800
1999-11-02,8.729008674621582,8.802983324406512,8.470097400374332,8.729008674621582,66600
1999-11-03,8.692021349729119,8.802983324406512,8.692021349729119,8.729008674621582,18500
1999-11-04,8.80298136467714,8.95093063131037,8.581057464727298,8.83996868133545,72100
1999-11-05,8.876959482828777,9.394782119327122,8.80298482047187,9.320807456970215,122900
1999-11-08,9.394781765184904,10.282477680005526,9.357794435400711,9.838629722595215,240000
1999-11-09,9.912604590719061,9.912604590719061,9.542731285095215,9.542731285095215,42400
1999-11-10,9.468751899927042,9.542726524145223,9.357789963599773,9.505739212036133,59900
1999-11-11,9.50574395453283,9.616705946219984,9.50574395453283,9.542731285095215,20000
1999-11-12,9.616698357794021,10.948241207334732,9.616698357794021,10.652342796325684,248500
1999-11-15,10.763310567229038,10.763310567229038,10.356450030323472,10.467411994934082,99200
1999-11-16,10.467414965339032,10.467414965339032,10.282478305174031,10.319465637207031,95300
1999-11-17,10.467410118239266,10.800295952388218,10.208498913901193,10.35644817352295,107900
1999-11-18,10.3564453125,10.3564453125,10.20849609375,10.20849609375,67500
1999-11-19,10.208500760666867,10.50439933343982,10.171513439070248,10.430424690246582,31200
1999-11-22,10.393437318634568,10.57837392572771,10.393437318634568,10.541386604309082,36500
1999-11-23,10.541388941746131,11.466072182250178,10.541388941746131,11.318122863769531,65500
1999-11-24,11.244144529605954,11.244144529605954,10.87427135428997,10.985233306884766,53800
1999-11-26,10.948246972035554,10.948246972035554,10.87427233033261,10.911259651184082,2600
1999-11-29,10.874270478610335,10.874270478610335,10.578371962185564,10.72632122039795,20200
1999-11-30,10.763313215606068,10.948249868795175,10.763313215606068,10.874275207519531,38100
1999-12-01,10.87427135428997,11.022220624416363,10.800296719226772,10.985233306884766,43800
1999-12-02,10.98523135561692,11.244142532348633,10.98523135561692,11.244142532348633,33200
1999-12-03,11.318124740053854,11.466074083061093,11.281137404302044,11.355112075805664,62000
1999-12-06,11.355110505811211,11.355110505811211,10.80030054624389,10.874275207519531,38200
1999-12-07,10.94825071296436,11.244149380882314,10.911263379474615,11.022225379943848,112500
1999-12-08,10.948246067741893,10.948246067741893,10.652347525370491,10.763309478759766,27700
1999-12-09,10.800295829772951,10.874270458743998,10.726321200801902,10.80029582977295,15500
1999-12-10,10.726323263019534,10.726323263019534,10.430424690246582,10.430424690246582,22400
1999-12-13,10.504402297372032,10.652351625504032,10.319465637207031,10.319465637207031,44500
1999-12-14,10.208499936291771,10.208499936291771,10.097537980462514,10.134525299072266,19400
1999-12-15,10.134525299072266,10.134525299072266,9.986576024633255,10.134525299072266,11100
1999-12-16,10.097537083253542,10.208499029223361,9.94958782196045,9.94958782196045,90700
1999-12-17,9.875614068803996,10.208499936291771,9.875614068803996,10.134525299072266,37300
1999-12-20,10.060551660967048,10.060551660967048,9.949589694118147,10.023564338684082,31300
1999-12-21,10.023561470648822,10.097536094048444,9.98657415894901,10.060548782348633,11800
1999-12-22,10.134528135819869,10.282477451671253,10.134528135819869,10.171515464782715,6300
1999-12-23,10.17151261768202,10.208499936291771,10.06055066185276,10.134525299072266,3700
1999-12-27,10.097537980462514,10.134525299072266,10.097537980462514,10.134525299072266,2400
1999-12-28,10.097537925775104,10.430423791459996,10.097537925775104,10.282474517822266,65600
1999-12-29,10.3194580078125,10.3194580078125,10.134521484375,10.20849609375,9600
1999-12-30,10.134529974486423,10.282479317179655,10.134529974486423,10.245491981506348,5100
1999-12-31,10.208502793745561,10.282477451671253,10.171515464782715,10.171515464782715,13000
2000-01-03,10.319465009789718,10.35645233957391,9.838629722595215,9.838629722595215,64600
2000-01-04,9.838629039253775,9.838629039253775,9.24683180380994,9.394781112670898,81900
2000-01-05,9.320807456970215,9.320807456970215,8.876959482828777,9.320807456970215,38100
2000-01-06,9.320807352662086,9.616705998778343,9.320807352662086,9.468756675720215,41200
2000-01-07,9.394781112670898,9.616705075962336,9.320806458240419,9.394781112670898,34700
2000-01-10,9.764655321836472,9.764655321836472,9.468756675720215,9.468756675720215,94200
2000-01-11,9.542731158180382,9.986579119025981,9.468756498039449,9.727667808532715,39700
2000-01-12,9.764652112974737,10.134525299072266,9.764652112974737,10.134525299072266,25100
2000-01-13,10.208500950098918,10.356450239230785,9.986577016401114,10.023564338684082,62000
2000-01-14,10.060549654279438,10.504397433144707,9.986575024468559,10.35644817352295,183100
2000-01-18,10.504393590821161,10.800292001830208,10.504393590821161,10.652342796325684,77300
2000-01-19,10.652346571830854,10.874270458743998,10.61535925734533,10.80029582977295,34500
2000-01-20,10.800295952388218,10.800295952388218,10.282473543712072,10.35644817352295,42200
2000-01-21,10.319461836231698,10.356449154641131,10.2084998810034,10.282474517822266,16000
2000-01-24,10.356449210730784,10.356449210730784,10.06055066185276,10.134525299072266,10700
2000-01-25,10.134521484375,10.3564453125,10.0975341796875,10.20849609375,19200
2000-01-26,10.208503641108031,10.356452969240031,10.208503641108031,10.319465637207031,16600
2000-01-27,10.31946085861751,10.652346692766463,10.31946085861751,10.35644817352295,33600
2000-01-28,10.430423791459996,10.430423791459996,10.245487199412834,10.282474517822266,3900
2000-01-31,10.134524284090315,10.35644817352295,10.134524284090315,10.35644817352295,53900
2000-02-01,10.28247443723007,10.504398345947266,10.28247443723007,10.504398345947266,15400
2000-02-02,10.652348534986118,10.726323177590187,10.578373892382047,10.615361213684082,92700
2000-02-03,10.689330097701815,10.726317399077946,10.615355494949554,10.652342796325684,35200
2000-02-04,10.726323046926725,10.985234292887025,10.726323046926725,10.911259651184082,51500
2000-02-07,10.911264387336939,10.985239061149391,10.874277050430711,10.948251724243164,25200
2000-02-08,10.948245989353167,11.170169894542758,10.948245989353167,10.985233306884766,45300
2000-02-09,11.09619919134646,11.09619919134646,10.874275207519531,10.874275207519531,9100
2000-02-10,10.948247122597861,10.948247122597861,10.578373908996582,10.578373908996582,9700
2000-02-11,10.578373892382047,10.652348534986118,10.578373892382047,10.615361213684082,24700
2000-02-14,10.689330097701815,10.689330097701815,10.578368193573423,10.652342796325684,7100
2000-02-15,10.578373908996582,10.652348551716837,10.578373908996582,10.578373908996582,4900
2000-02-16,10.578378355180895,10.948251724243164,10.578378355180895,10.948251724243164,69000
2000-02-17,10.948249868795175,11.05921186070864,10.83728787688171,10.874275207519531,28100
2000-02-18,10.874277050430711,10.985239061149391,10.874277050430711,10.948251724243164,5000
2000-02-22,11.022220624416363,11.133182577011159,10.985233306884766,10.985233306884766,10700
2000-02-23,10.9852294921875,11.2071533203125,10.9852294921875,11.1331787109375,5700
2000-02-24,11.170167910425286,11.31811715427198,11.170167910425286,11.244142532348633,61800
2000-02-25,11.244145331444678,11.392094612121582,11.244145331444678,11.392094612121582,41400
2000-02-28,11.39209622922151,11.909918785095215,11.39209622922151,11.909918785095215,35700
2000-02-29,12.871586772373744,12.945561408996582,12.797612135750907,12.945561408996582,79900
2000-03-01,13.315441526215652,13.463390876506939,12.871593475341797,12.871593475341797,140600
2000-03-02,13.019536004863447,13.167485277645985,13.019536004863447,13.056523323059082,26600
2000-03-03,13.093513488769531,13.093513488769531,13.05652616253007,13.093513488769531,17300
2000-03-06,13.056523323059082,13.167485277645985,13.056523323059082,13.056523323059082,9900
2000-03-07,13.093507777560841,13.093507777560841,12.871583916924218,13.019533157348633,26200
2000-03-08,13.019533157348633,13.130495087666946,13.019533157348633,13.019533157348633,31700
2000-03-09,12.945558537136426,13.019533157348633,12.871583916924218,13.019533157348633,7800
2000-03-10,13.019538836290607,13.093513488769531,12.982551510051145,13.093513488769531,5200
2000-03-13,13.241463473585785,13.685311411247879,13.16748881730877,13.537362098693848,27900
2000-03-14,13.537362098693848,13.611336754970864,13.537362098693848,13.537362098693848,1300
2000-03-15,13.685309133381425,14.277106285095215,13.38941055752453,14.277106285095215,29000
2000-03-16,14.27710621662629,14.794928721892529,14.27710621662629,14.425055503845215,19500
2000-03-17,13.833256456587051,14.646977424621584,13.833256456587051,14.646977424621582,73300
2000-03-20,14.20312786102295,14.351077109575272,14.129153236746788,14.20312786102295,134700
2000-03-21,14.055178612470627,14.20312786102295,14.055178612470627,14.20312786102295,172200
2000-03-22,14.055187794385036,14.055187794385036,13.389415740966797,13.389415740966797,35900
2000-03-23,13.389409091737535,13.389409091737535,13.315434455871582,13.315434455871582,1300
2000-03-24,13.3154402071387,13.3154402071387,13.241465539321263,13.27845287322998,5600
2000-03-27,13.13049795945035,13.13049795945035,13.019536004863447,13.056523323059082,19600
2000-03-28,13.05652065873146,13.05652065873146,11.687990164756775,11.835939407348633,42600
2000-03-29,11.68799686431885,11.76197152801707,11.68799686431885,11.687996864318848,77000
2000-03-30,11.724979283977357,12.131839763863006,11.724979283977357,12.094852447509766,18700
2000-03-31,12.094853445335671,12.094853445335671,11.983891487121582,11.983891487121582,23500
2000-04-03,11.983895145763052,12.242806460640647,11.983895145763052,12.205819129943848,4000
2000-04-04,12.205817182380033,12.353766481560397,12.205817182380033,12.279791831970215,77700
2000-04-05,12.279793464060079,12.686654090881348,12.205818804638032,12.686654090881348,32700
2000-04-06,12.649669135749006,13.278453858871034,12.501719789132059,13.241466522216797,12500
2000-04-07,13.167483093812294,14.462039015956762,13.167483093812294,14.35107707977295,44500
2000-04-10,14.351077109575272,14.351077109575272,14.20312786102295,14.20312786102295,16100
2000-04-11,14.277103433980571,14.277103433980571,14.20312880478896,14.240116119384766,6300
2000-04-12,14.20312979333688,14.20312979333688,14.092167841826434,14.129155158996582,3800
2000-04-13,14.055176750223906,14.055176750223906,13.833252906799316,13.833252906799316,4900
2000-04-14,13.759275415669316,13.759275415669316,13.611326217651367,13.611326217651367,10200
2000-04-17,13.537364210591011,13.537364210591011,13.241465539321263,13.27845287322998,15500
2000-04-18,13.204470683366825,13.204470683366825,12.945559493496887,12.98254680633545,2900
2000-04-19,12.908573298227221,12.982547930308751,12.427738189697267,12.427738189697266,20400
2000-04-20,12.427739115156365,12.520207412144135,12.390751796361256,12.501713752746582,78800
2000-04-24,12.464729110629571,12.797615051269531,12.427741783891799,12.797615051269531,15100
2000-04-25,12.945559248328209,14.499026358127594,12.834597311913967,14.20312786102295,74600
2000-04-26,14.351080929059439,14.351080929059439,14.092169675184657,14.277106285095215,67700
2000-04-27,14.203134414162918,14.425058389384214,14.203134414162918,14.388071060180664,12600
2000-04-28,14.499036018665022,15.38673210144043,14.425061345100403,15.38673210144043,43100
2000-05-01,15.53467109799385,15.682620346546173,14.20312786102295,14.20312786102295,97500
2000-05-02,14.277106372703091,14.277106372703091,14.055182439448638,14.092169761657715,6100
2000-05-03,13.944216647098974,14.425051703895491,13.944216647098974,14.35107707977295,23000
2000-05-04,14.203130812872024,14.203130812872024,13.981206893920898,13.981206893920898,6300
2000-05-05,13.907236969879877,14.129160964080087,13.907236969879877,14.01819896697998,6200
2000-05-08,13.944216676056385,14.27710248529911,13.907229363918304,14.20312786102295,20400
2000-05-09,14.27710621662629,14.425055503845215,14.240118894821558,14.425055503845215,19900
2000-05-10,14.499032760201546,14.831918716430662,14.425058103261742,14.831918716430664,23400
2000-05-11,14.868905024953406,15.238778284280606,14.868905024953406,14.942879676818848,30200
2000-05-12,14.794928356281762,15.238776206970215,14.720953714500352,15.238776206970215,32300
2000-05-15,15.238776206970215,15.682624057658668,15.164801565188805,15.238776206970215,73700
2000-05-16,15.275763400395713,15.682623926798504,15.164801438649496,15.534674644470215,26100
2000-05-17,15.608659744262697,15.6826344349938,15.534685053531593,15.608659744262695,5300
2000-05-18,15.608646420135136,15.608646420135136,15.423709851176188,15.497684478759766,9400
2000-05-19,15.497694047444174,15.497694047444174,15.38673203755794,15.46070671081543,38200
2000-05-22,15.386725474212131,15.386725474212131,15.275763511657717,15.275763511657715,6700
2000-05-23,15.016856911307888,15.016856911307888,14.055186271667482,14.05518627166748,63200
2000-05-24,13.75929069519043,13.981214738661244,13.611341332876554,13.75929069519043,33100
2000-05-25,13.833252906799316,13.90722752127418,13.833252906799316,13.833252906799316,12500
2000-05-26,13.833265376347368,13.981214738661244,13.75929069519043,13.75929069519043,64800
2000-05-30,13.75929069519043,13.75929069519043,13.500379311141147,13.75929069519043,89000
2000-05-31,13.759281029639306,14.314090748576374,13.759281029639306,14.240116119384766,68300
2000-06-01,14.240118894821558,14.646979434673602,14.240118894821558,14.425055503845215,38200
2000-06-02,14.499029789156126,15.386725490533031,14.499029789156126,15.238776206970215,62400
2000-06-05,15.164804015048714,15.978525206100109,15.016854707584825,15.904550552368164,145400
2000-06-06,15.904549740730449,15.904549740730449,15.608651140902905,15.645638465881348,61200
2000-06-07,15.645639603396495,15.645639603396495,15.349740982055662,15.349740982055664,16400
2000-06-08,15.275765545538075,15.275765545538075,15.016854265105225,15.053841590881348,32200
2000-06-09,15.016854265105225,15.053841590881346,14.942879613552982,15.053841590881348,29700
2000-06-12,15.053841654617006,15.053841654617006,14.499031765626206,14.942879676818848,75500
2000-06-13,14.646985365794256,15.38673210144043,14.646985365794256,15.38673210144043,185700
2000-06-14,15.386728922526041,15.941538859636356,15.386728922526041,15.86756420135498,162900
2000-06-15,16.0155104377053,16.570320268110795,16.0155104377053,16.27442169189453,104300
2000-06-16,16.27441948857801,17.310064365123882,16.27441948857801,17.1621150970459,222700
2000-06-19,17.31005859375,17.384033203125,17.01416015625,17.0511474609375,197500
2000-06-20,16.94019514649779,16.94019514649779,16.57032189002404,16.829233169555664,68600
2000-06-21,16.86621837126903,17.31006622314453,16.86621837126903,17.31006622314453,35700
2000-06-22,17.27308391076833,18.567640520783087,17.16212191562421,18.27174186706543,53000
2000-06-23,18.271736318773858,18.290229979015532,17.75391383200699,17.86487579345703,53900
2000-06-26,17.75391547910629,18.345712661743164,17.60596618344707,18.345712661743164,85500
2000-06-27,18.49366707231087,19.30738842349255,18.419692404021628,19.159439086914062,58000
2000-06-28,19.159429121017457,21.304693385532925,18.937505231584822,20.7128963470459,128800
2000-06-29,20.71289880979107,20.71289880979107,19.30738067626953,19.30738067626953,292000
2000-06-30,19.45532875225462,20.121100458605536,17.1621150970459,17.1621150970459,583600
2000-07-03,17.273078902154907,17.531990149082283,17.23609158116528,17.31006622314453,80300
2000-07-05,17.310062392214512,17.45801164343002,16.79224001296023,17.384037017822266,80400
2000-07-06,17.23608975596242,17.310064390108185,17.01416585352514,17.0881404876709,56000
2000-07-07,16.940196558207024,17.605968475341797,16.755259914558476,17.605968475341797,36300
2000-07-10,17.67994410544634,19.011488012969494,17.67994410544634,18.93751335144043,76900
2000-07-11,19.011476445287354,20.01013376828883,19.011476445287354,19.751222610473633,106000
2000-07-12,19.566291544559228,20.26905059814453,19.122443721242195,20.26905059814453,286500
2000-07-13,20.269048786340264,20.269048786340264,19.9361629486084,19.9361629486084,87400
2000-07-14,19.936166710519263,20.047128677368164,19.788217421387394,20.047128677368164,13700
2000-07-17,20.047128911730475,20.121103557161213,19.566293716430664,19.566293716430664,49800
2000-07-18,19.455330027832975,19.455330027832975,18.678596319497437,19.12244415283203,60500
2000-07-19,19.122440360399533,19.122440360399533,18.900516487744994,19.011478424072266,98500
2000-07-20,19.04847888250955,19.307390245961134,18.97450420723767,19.270402908325195,28000
2000-07-21,19.34435666378677,20.04711531887654,19.34435666378677,20.010128021240234,20000
2000-07-24,20.01014130268622,21.526621512316783,20.01014130268622,20.158090591430664,103000
2000-07-25,20.195072216457792,20.416996086968314,19.973148345947266,19.973148345947266,76600
2000-07-26,20.01014130268622,20.34302720236122,20.01014130268622,20.158090591430664,62200
2000-07-27,20.121103269244554,20.158090591430664,20.121103269244554,20.158090591430664,18100
2000-07-28,20.30603412319632,20.30603412319632,20.121097564697266,20.121097564697266,129100
2000-07-31,20.084110281202527,20.121097592954282,19.93616103419551,19.973148345947266,69000
2000-08-01,19.973150274567445,19.973150274567445,19.862188328597625,19.8991756439209,4900
2000-08-02,19.86219596862793,19.89918329817845,19.825208639077413,19.86219596862793,4400
2000-08-03,19.8991756439209,19.973150274567445,19.825201013274352,19.8991756439209,26700
2000-08-04,19.973148345947266,19.973148345947266,19.93616103419551,19.973148345947266,14900
2000-08-07,20.047135106384985,20.047135106384985,18.419692404021628,19.159439086914062,77600
2000-08-08,19.23341163664263,19.529310277206363,19.23341163664263,19.45533561706543,16000
2000-08-09,19.529306165406624,20.047128677368164,18.93750900887915,20.047128677368164,57000
2000-08-10,20.04712490521399,20.04712490521399,19.825201013274352,19.8991756439209,15600
2000-08-11,19.825204902920895,19.825204902920895,19.67725561260059,19.714242935180664,8300
2000-08-14,19.751235904978284,19.899185237599845,19.714248571822893,19.825210571289062,16400
2000-08-15,19.825197226992263,19.89917184351089,19.71423530221432,19.751222610473633,17600
2000-08-16,19.825201002697778,19.9361629486084,19.825201002697778,19.9361629486084,36700
2000-08-17,19.936164622684178,20.638923672463395,19.936164622684178,20.56494903564453,34400
2000-08-18,20.56495863435931,20.56495863435931,20.41700929166608,20.490983963012695,20400
2000-08-21,20.453994614249062,20.712905938480063,20.453994614249062,20.638931274414062,15200
2000-08-22,20.712900060646945,21.0087986329419,20.712900060646945,20.934823989868164,6200
2000-08-23,20.93482221973886,20.97180953814829,20.490974398825667,20.56494903564453,8500
2000-08-24,20.564947087424144,20.749883661951337,20.453985142707825,20.7128963470459,92100
2000-08-25,20.63893485280265,20.93483356036971,20.63893485280265,20.897846221923828,33300
2000-08-28,20.897846221923828,21.008808237261476,20.860858883477945,20.897846221923828,31200
2000-08-29,20.860848661328927,22.784189318047197,20.860848661328927,22.562265396118164,24900
2000-08-30,22.63623430854396,23.080082040084033,22.044437333157187,22.488285064697266,36300
2000-08-31,22.488286553359615,24.2636775970459,22.488286553359615,24.2636775970459,45700
2000-09-01,24.411622981081482,25.22534374711753,24.411622981081482,24.670534133911133,38900
2000-09-05,24.522596339145338,24.707532963120794,24.337659715169885,24.55958366394043,17500
2000-09-06,24.411626930767454,24.485601557830385,23.89380454132693,23.9307918548584,21100
2000-09-07,23.449963553366807,23.523938201800142,21.008800155066794,21.674571990966797,241400
2000-09-08,21.600604753236514,21.933490785392557,21.3047060579867,21.896503448486328,59900
2000-09-11,22.044442790997454,22.858163833618164,22.044442790997454,22.858163833618164,40900
2000-09-12,22.932142214759754,23.080091519371106,22.710218257842723,23.00611686706543,41300
2000-09-13,22.932136498905873,23.04309844970703,22.932136498905873,23.04309844970703,7300
2000-09-14,23.006113114094656,23.15406239457115,22.858163833618164,22.858163833618164,21800
2000-09-15,22.710208930467303,22.78418355239065,22.414310442773917,22.488285064697266,66200
2000-09-18,22.414310442773917,22.710208930467303,22.266361198927225,22.488285064697266,97200
2000-09-19,22.488300137100467,22.710224151611328,22.377338129845036,22.710224151611328,20000
2000-09-20,22.562271068298738,22.636245727539062,22.488296409058414,22.636245727539062,22100
2000-09-21,22.48828720719847,22.48828720719847,21.600591659545902,21.6005916595459,21400
2000-09-22,21.452654690518706,21.822528047251787,20.490983963012695,20.490983963012695,66400
2000-09-25,20.490976065920112,21.304697137129935,20.490976065920112,21.082773208618164,60500
2000-09-26,21.082782914153242,21.156757591045007,20.860858883477945,20.897846221923828,49400
2000-09-27,20.93482221973886,20.93482221973886,20.26905048836907,20.56494903564453,32600
2000-09-28,20.527967900537245,20.527967900537245,19.677259320875343,19.86219596862793,82000
2000-09-29,19.899183951318264,20.56495590507984,18.93751335144043,18.93751335144043,72800
2000-10-02,19.0854510827498,19.529298782348633,18.863527232950382,19.529298782348633,121600
2000-10-03,19.751226159504483,21.304693385532925,19.751226159504483,20.7128963470459,105500
2000-10-04,20.712898227243663,20.860847500295403,20.158088453299634,20.78687286376953,99000
2000-10-05,20.786872514034975,21.78553009033203,20.786872514034975,21.78553009033203,40800
2000-10-06,21.785541437767648,22.85817420804823,21.748554100861423,21.896503448486328,130100
2000-10-09,22.04444119762816,22.192390467410902,21.89649192784542,22.11841583251953,77500
2000-10-10,22.192394180803113,22.488292769880488,22.192394180803113,22.340343475341797,69600
2000-10-11,22.26637732176888,22.26637732176888,21.304706540430026,21.341693878173828,32600
2000-10-12,21.34168439127427,21.452646355180374,21.156747784764093,21.230722427368164,37900
2000-10-13,21.378671028853233,22.858163833618164,21.30469638861499,22.858163833618164,70500
2000-10-16,22.932147441612887,23.67189413327782,22.932147441612887,23.597919464111328,72700
2000-10-17,23.59791020424135,23.67188484438004,22.784189162715787,22.932138442993164,112000
2000-10-18,22.488288214972783,24.855476448127817,22.488288214972783,24.63355255126953,228500
2000-10-19,24.855474647568776,25.15137315527793,23.745855243659456,24.1157283782959,125300
2000-10-20,24.115730047580215,25.225349528297098,24.115730047580215,24.89246368408203,59200
2000-10-23,24.89247350606313,24.89247350606313,23.856828248752926,24.485612869262695,96200
2000-10-24,24.411639020412785,24.411639020412785,22.858171082750154,23.375993728637695,122100
2000-10-25,23.30201122495863,23.967782974243164,23.30201122495863,23.967782974243164,44600
2000-10-26,23.893815810245904,24.26368912000203,23.893815810245904,24.152727127075195,46800
2000-10-27,24.263679245961434,25.447273355520526,24.263679245961434,25.11438751220703,124300
2000-10-30,25.15138053894043,25.4472791335162,24.596570674110865,25.15138053894043,114300
2000-10-31,25.2253475189209,25.447271397386476,25.077398266610512,25.2253475189209,85200
2000-11-01,25.077411651611328,25.22536098288927,24.559588992138526,25.077411651611328,94000
2000-11-02,25.00343253787628,26.556900239933682,24.85548323291843,26.187026977539062,58400
2000-11-03,26.334970651607485,26.334970651607485,25.780160876643844,25.854135513305664,36600
2000-11-06,26.002082879358852,26.187019457448176,25.595222407562343,25.81714630126953,141800
2000-11-07,25.817148194974752,26.150034059952937,25.743173558312936,25.854135513305664,49000
2000-11-08,25.706199613110773,25.891136300974882,25.706199613110773,25.743186950683594,50200
2000-11-09,25.669204410186595,26.33497628249691,25.299331147791975,26.187026977539062,91200
2000-11-10,26.113046646118164,26.33497055529197,26.00208469153126,26.113046646118164,15600
2000-11-13,26.03907632266774,26.03907632266774,24.263684755213124,25.15138053894043,64900
2000-11-14,25.00343097389947,25.89112674812075,25.00343097389947,25.66920280456543,41200
2000-11-15,25.595218499941836,26.92676165889835,25.595218499941836,26.704837799072266,90700
2000-11-16,26.630855643230937,28.369258719941843,26.630855643230937,27.222652435302734,100100
2000-11-17,27.370614941488174,27.666513481396155,27.222665671534184,27.555551528930664,24300
2000-11-20,27.481589094177927,27.481589094177927,26.150045073464057,26.55690574645996,59200
2000-11-21,25.59522472313064,25.59522472313064,23.52393486114319,24.707529067993164,237700
2000-11-22,24.2636850655797,24.55958366394043,24.004773792014063,24.55958366394043,41000
2000-11-24,24.411634052501007,25.15138053894043,24.411634052501007,25.15138053894043,13400
2000-11-27,25.447277035920514,25.66920096355936,25.151378465735394,25.521251678466797,49800
2000-11-28,25.521245858608147,26.039068238348023,25.521245858608147,25.9650936126709,22400
2000-11-29,26.113040934909474,26.113040934909474,25.669193213636227,26.039066314697266,86800
2000-11-30,26.039070194976716,26.039070194976716,25.447273145090882,25.81714630126953,35800
2000-12-01,25.817142470246885,26.260990191798406,25.817142470246885,25.928104400634766,14000
2000-12-04,25.891111329285025,26.03906053688094,25.299314498901367,25.299314498901367,36700
2000-12-05,25.225345492362976,26.039066314697266,25.225345492362976,26.039066314697266,80000
2000-12-06,26.187021096547447,27.88843772146437,26.187021096547447,26.630868911743164,30900
2000-12-07,26.70484345552846,27.00074199797199,26.630868819917577,26.889780044555664,31300
2000-12-08,26.926777909931385,28.406271201685858,26.889790577637523,28.11037254333496,31800
2000-12-11,28.11036309765884,28.11036309765884,27.814464538736118,27.888439178466797,66200
2000-12-12,27.814463085598415,28.036386993196277,26.630868911743164,26.630868911743164,31600
2000-12-13,26.667869727704776,26.852806410975962,26.482933044433594,26.482933044433594,102100
2000-12-14,26.48292558745476,26.51991291369422,26.11305232506014,26.187026977539062,34800
2000-12-15,26.11305269939682,26.11305269939682,25.151382203385037,25.558242797851562,87100
2000-12-18,25.70619872920421,27.0747301723417,25.70619872920421,26.778831481933594,30200
2000-12-19,26.63087913458296,26.77882846310842,25.706195831298828,25.706195831298828,83900
2000-12-20,25.59522472313064,25.81714863691501,24.26368124042442,24.707529067993164,95100
2000-12-21,24.707525485029844,24.818487425830877,23.37598219541746,23.7458553314209,83300
2000-12-22,23.745859548643036,23.745859548643036,22.266366741874002,22.784189224243164,101000
2000-12-26,22.747211031769723,23.265033721923828,22.710223696758714,23.265033721923828,31700
2000-12-27,23.302016562603892,24.337661743164066,22.821181300200955,24.337661743164062,82800
2000-12-28,24.337659143233505,26.187025339527846,24.337659143233505,25.66920280456543,57300
2000-12-29,25.706184648332144,26.039070492699036,24.855476379394535,24.85547637939453,71700
2001-01-02,25.003421998023985,25.188358551263807,23.671878814697266,23.671878814697266,54000
2001-01-03,23.523935303021826,23.74585922097486,23.228036745751112,23.560922622680664,54000
2001-01-04,23.70887394859677,24.078747177124022,23.302013397216797,23.302013397216797,65700
2001-01-05,23.302012456880583,23.302012456880583,20.934823889832398,21.156747817993164,94500
2001-01-08,21.30469314366171,22.00745211888666,21.30469314366171,21.6005916595459,75800
2001-01-09,21.822521386991884,21.89649603576135,21.489635467529293,21.489635467529297,17900
2001-01-10,21.526627814415658,22.488298472791616,21.526627814415658,22.414323806762695,42500
2001-01-11,22.266369178433468,22.93214101433347,21.674571990966797,21.674571990966797,53700
2001-01-12,21.822528774673877,22.044452796111237,21.15675671036179,21.896503448486328,51800
2001-01-16,22.19238657700388,22.525272375658936,21.341678424885398,22.488285064697266,116400
2001-01-17,22.78419245844302,24.559584078581434,22.78419245844302,23.81983757019043,128800
2001-01-18,23.81983562741117,23.96778491702242,23.671886337799922,23.893810272216797,67600
2001-01-19,23.89380849961022,24.41163097483397,23.560922622680664,23.560922622680664,62200
2001-01-22,23.5609225928317,23.634897232055664,23.302011355547837,23.634897232055664,41200
2001-01-23,23.634895253735916,23.89380646934805,23.375984038123786,23.85681915283203,46500
2001-01-24,23.893806688713305,23.893806688713305,23.19104766845703,23.19104766845703,23300
2001-01-25,23.191057069392144,23.3759937286377,22.932145746448374,23.375993728637695,140000
2001-01-26,23.375993701518993,23.486955696937596,23.33900636971279,23.412981033325195,29500
2001-01-29,23.37599300037731,24.44714691006653,23.37599300037731,24.411638259887695,74000
2001-01-30,24.411632350446382,24.58917104330787,24.11573377650158,24.139406204223633,63400
2001-01-31,24.263682312532275,24.263682312532275,23.470674068602094,23.624540328979492,42000
2001-02-01,23.671880582483805,24.411626850686424,23.52393132884328,24.2636775970459,120700
2001-02-02,24.263684755213124,25.210559354844737,24.263684755213124,25.15138053894043,65800
2001-02-05,25.299322372529566,25.44727162617009,24.2636775970459,24.2636775970459,50500
2001-02-06,24.11572711461767,24.41162560682157,23.671879376311825,24.382036209106445,35000
2001-02-07,24.382044335297955,26.039075992399795,24.382044335297955,25.36442756652832,76500
2001-02-08,25.44728660583496,25.68400645401663,25.175060360695486,25.44728660583496,48200
2001-02-09,25.447276048573933,25.447276048573933,24.973838806152344,24.973838806152344,27200
2001-02-12,24.973839909630225,25.867452603090136,24.855480029413346,25.678077697753906,33100
2001-02-13,25.530128665685627,26.03315759722676,25.530128665685627,25.80235481262207,33900
2001-02-14,25.71949986471113,25.71949986471113,25.151375224965363,25.506452560424805,20800
2001-02-15,25.654408348508618,25.743178833704693,25.269741513555797,25.68400001525879,18400
2001-02-16,25.565645558517314,25.565645558517314,24.81406266525508,24.9146671295166,29600
2001-02-20,24.9146571674845,24.9146571674845,23.139265856047786,23.31680679321289,52200
2001-02-21,23.198444961901945,23.553522291193293,23.13926390200232,23.299049377441406,48400
2001-02-22,23.257622117774105,23.257622117774105,23.080083465697108,23.086000442504883,85500
2001-02-23,23.08600258780131,23.523933410644535,23.08600258780131,23.52393341064453,62700
2001-02-26,23.553533698009936,25.240157472780805,23.553533698009936,24.9146671295166,50100
2001-02-27,25.062602663694147,25.15137311888904,24.2636775970459,24.2636775970459,30400
2001-02-28,24.322860063672262,24.322860063672262,23.080087048677278,23.31680679321289,59400
2001-03-01,23.316808289097807,23.93819483646022,23.2280378148202,23.849424362182617,19700
2001-03-02,23.790245805950676,24.589171052902604,23.70147533072181,23.97370147705078,11000
2001-03-05,24.086137686873915,24.14531648223038,23.109671760807895,23.411489486694336,20500
2001-03-06,23.464760887258898,24.086147522347655,23.22804109411687,23.435169219970703,13600
2001-03-07,23.494349154594456,23.772492301855134,23.375989263778756,23.612709045410156,23300
2001-03-08,23.61270643235466,24.263682373511276,23.61270643235466,23.642295837402344,20700
2001-03-09,23.642296294682367,23.642296294682367,22.04444355840657,22.251571655273438,74300
2001-03-12,22.488289290279713,22.7545984307489,22.103620280987922,22.50604248046875,38200
2001-03-13,22.49420231468338,23.139261116000338,22.49420231468338,23.07416534423828,21400
2001-03-14,23.080088302454882,23.796162295160485,22.801942926144893,23.198448181152344,40500
2001-03-15,23.109673668098743,23.198444125986192,22.84336455196292,22.926218032836914,12300
2001-03-16,23.020914231784026,23.032748190316113,22.517885208129883,22.517885208129883,67800
2001-03-19,22.500129617785884,22.813781408629378,22.145049946380343,22.458703994750977,117300
2001-03-20,22.4587033505595,22.4587033505595,21.36387721703798,21.417139053344727,90500
2001-03-21,21.423055706677832,21.452645110497294,21.24551702623425,21.27510643005371,31600
2001-03-22,21.215921088001135,21.215921088001135,20.079671956195583,20.121097564697266,49700
2001-03-23,20.121106229494536,20.121106229494536,19.115050466514347,19.29258918762207,131600
2001-03-26,19.292590312423847,19.8252087643272,18.49366489209627,19.67725944519043,103500
2001-03-27,19.64766892787885,20.67739486694336,19.529309027720537,20.67739486694336,37600
2001-03-28,20.71289814693827,21.03838609488481,19.884381318050043,21.00879669189453,37200
2001-03-29,21.008795160088212,21.896490730232784,20.94961635842254,21.511821746826172,34700
2001-03-30,21.45263479815589,21.630173393256175,20.92001675532932,21.304685592651367,51100
2001-04-02,21.245516430870236,21.281022811447873,21.00879669189453,21.00879669189453,96900
2001-04-03,21.156746130195454,21.186335533417648,20.535359632422338,20.56494903564453,31900
2001-04-04,20.56495590507984,20.70698824852775,18.203684844523764,18.93751335144043,97400
2001-04-05,20.12110116681509,20.416999713385902,19.848875045776367,19.848875045776367,334400
2001-04-06,19.82520948375083,20.26905745726764,19.612162095258352,19.64767074584961,115900
2001-04-09,19.789694945381022,20.29864083146445,19.789694945381022,19.94356346130371,72400
2001-04-10,20.269047918408447,20.59453582763672,20.12109866352955,20.59453582763672,96300
2001-04-11,20.860839338686628,21.748534629694568,20.860839338686628,21.541406631469727,46500
2001-04-12,21.4230589913883,21.659776515765746,20.251300811767578,20.251300811767578,69700
2001-04-16,20.150687335900752,20.150687335900752,18.641605442093685,18.83098030090332,159500
2001-04-17,18.830978221044376,19.647658620413548,18.77771640679147,19.529298782348633,247100
2001-04-18,19.67725665115726,20.357824325561523,19.623994813529734,20.357824325561523,258300
2001-04-19,20.26904923980128,20.405162292260254,20.121099975277183,20.180278778076172,17500
2001-04-20,20.12110506704006,20.12110506704006,18.90792124244455,19.115049362182617,60800
2001-04-23,19.085462674498558,19.085462674498558,18.46999294877014,18.93751335144043,72100
2001-04-24,18.937506809919583,19.92580686294943,18.937506809919583,19.766023635864258,78400
2001-04-25,19.706839249829365,20.073752750299388,19.671332875364545,19.973148345947266,47800
2001-04-26,20.06192838938697,20.417005848966724,19.174232482910156,19.174232482910156,28100
2001-04-27,19.085463908181264,19.825210571289062,19.085463908181264,19.825210571289062,23700
2001-04-30,19.7660271519659,20.032334082831312,19.73643548629007,20.002744674682617,36000
2001-05-01,19.854792178209948,20.30455923671953,19.2985037190289,20.26905059814453,36400
2001-05-02,20.26905394603808,20.417003244914273,19.85479545767932,20.044170379638672,38200
2001-05-03,20.085586131508865,20.12109475849794,19.837032515163447,20.067832946777344,65900
2001-05-04,19.943566077785736,20.07967916278884,19.908057433100385,19.913976669311523,66700
2001-05-07,19.919895673069345,21.038392132802876,19.919895673069345,20.375579833984375,86100
2001-05-08,20.357817057101144,20.78982858249119,20.357817057101144,20.67146873474121,25300
2001-05-09,20.712897454175074,21.06797479323598,20.712897454175074,21.03838539123535,74400
2001-05-10,21.186325776742606,21.36386437184289,21.138983204894533,21.304685592651367,24100
2001-05-11,21.417140007538034,21.54141913614214,21.304699351448505,21.322452545166016,33400
2001-05-14,21.32837422642965,21.47632354444174,21.32837422642965,21.399389266967773,29500
2001-05-15,21.452646687155966,22.352178626044775,21.452646687155966,22.014854431152344,80300
2001-05-16,21.896489697785242,21.896489697785242,21.39346313476563,21.393463134765625,53700
2001-05-17,21.440819186898267,22.014863378091835,21.440819186898267,21.896503448486328,73700
2001-05-18,21.837321594466637,21.937926053334362,21.837321594466637,21.908336639404297,114400
2001-05-21,21.98526502515821,22.014854431152344,21.60059597465359,22.014854431152344,42700
2001-05-22,22.01485246341189,22.251569947733536,21.926081995837045,21.99709701538086,86200
2001-05-23,21.997095144569744,21.997095144569744,21.511821746826172,21.511821746826172,37000
2001-05-24,21.511825200039617,21.54141686314927,21.097569006827737,21.156747817993164,45200
2001-05-25,21.15674751637964,21.39938425074194,21.15674751637964,21.369794845581055,53800
2001-05-29,21.423062356931734,21.77813982804382,21.363881273394718,21.748550415039062,67800
2001-05-30,21.718952067709186,21.718952067709186,21.42305354432766,21.511821746826172,13200
2001-05-31,21.511814982415437,21.884647636746013,21.511814982415437,21.541406631469727,62500
2001-06-01,21.54142238370285,21.547339363325,20.860854593252405,20.991050720214844,67400
2001-06-04,20.991044785879208,21.423056417043465,20.991044785879208,21.24551773071289,67400
2001-06-05,21.3047001023567,21.81364607711736,21.3047001023567,21.689369201660156,124800
2001-06-06,21.689355846637717,21.831385828984505,21.304686984190596,21.541406631469727,27200
2001-06-07,21.541418305348706,21.541418305348706,20.92594869490398,21.097570419311523,19300
2001-06-08,21.008804651779236,21.30470330884655,20.920034151648004,20.985132217407227,9900
2001-06-11,20.86084758291999,20.949618050113333,20.4169997620068,20.56494903564453,41600
2001-06-12,21.15675316755528,21.15675316755528,20.39333411984249,20.553119659423828,44500
2001-06-13,20.5945507657039,20.6833212860307,20.387422561645508,20.387422561645508,30900
2001-06-14,20.399248090011614,20.405165068085786,19.80153171580875,19.854793548583984,105400
2001-06-15,19.854793178587084,19.943563650733868,19.434617759816316,19.49971580505371,93300
2001-06-18,19.505631286232862,19.529303711325728,19.428699290971114,19.517467498779297,26100
2001-06-19,19.558892501400102,19.653579941279517,19.558892501400102,19.588481903076172,13700
2001-06-20,19.59440818767823,19.67725944519043,19.588488950697386,19.67725944519043,246200
2001-06-21,19.67134425867481,19.825210571289062,19.641752586128373,19.825210571289062,45600
2001-06-22,19.795612849803696,19.884381057611876,19.499714308723,19.517467498779297,46100
2001-06-25,19.499709387213937,19.600313782177125,19.470119992079244,19.529298782348633,70900
2001-06-26,19.529311906045944,19.825210571289062,19.410951988443163,19.825210571289062,59500
2001-06-27,19.884380843426626,20.955534363310385,19.884380843426626,20.949617385864258,76200
2001-06-28,20.94961582761129,21.600591659545902,20.742485511976444,21.6005916595459,100100
2001-06-29,21.600599816351643,21.8964984439729,20.12702365748575,20.292728424072266,295700
2001-07-02,20.564954832430825,21.215930916921273,20.564954832430825,21.1922607421875,122600
2001-07-03,21.12715966223474,21.15674906956788,20.44659200593711,20.470264434814453,31100
2001-07-05,20.458425645243512,20.920026662613928,20.42883624163483,20.854930877685547,53700
2001-07-06,20.789833008759643,20.80166922180727,20.541277049813143,20.772077560424805,27900
2001-07-09,20.777996350887143,20.777996350887143,20.357820955562413,20.56494903564453,62600
2001-07-10,20.683311440712735,20.683311440712735,20.304561614990234,20.304561614990234,92000
2001-07-11,20.31047450512915,21.363872528076172,20.03232917018295,21.363872528076172,234700
2001-07-12,22.044433087828434,22.902538988390017,22.044433087828434,22.725000381469727,162900
2001-07-13,22.730933305453963,23.37599242729302,22.730933305453963,23.09784698486328,90300
2001-07-16,23.0800807939744,23.73105652874269,23.0800807939744,23.387815475463867,96300
2001-07-17,23.387817094699244,24.382036209106445,23.375980884107925,24.382036209106445,45000
2001-07-18,24.32286033751752,24.83180621373043,23.967782974243164,23.967782974243164,133500
2001-07-19,23.9086075708033,24.648354064237473,23.9086075708033,24.518157958984375,44300
2001-07-20,24.500408346553233,24.500408346553233,23.938200477865006,23.997379302978516,46000
2001-07-23,23.961858176887525,24.026953941474318,23.683712903323812,23.736974716186523,46800
2001-07-24,23.736976842641887,23.819828057289122,23.583108366131636,23.671878814697266,218300
2001-07-25,23.67780876159668,23.90861160279394,23.6718917819633,23.67780876159668,69800
2001-07-26,23.37598032951355,23.671878814697266,22.72500456511989,23.671878814697266,196300
2001-07-27,23.642299603351795,23.642299603351795,23.346400990687883,23.435169219970703,29700
2001-07-30,23.464760887258898,23.600873978181028,23.22804109411687,23.435169219970703,53200
2001-07-31,23.299063580018824,23.583126068115234,23.2221315415432,23.583126068115234,36800
2001-08-01,23.58312070480793,24.39388460382148,23.58312070480793,23.766578674316406,30000
2001-08-02,23.79025115755376,23.997379302978516,23.79025115755376,23.997379302978516,21400
2001-08-03,23.849421345953154,23.95002802124587,23.523933410644535,23.52393341064453,8400
2001-08-06,23.553530922277773,24.263688098620946,23.553530922277773,24.16900062561035,28000
2001-08-07,24.168987694412973,24.648344039916996,23.95594042974452,24.648344039916992,72200
2001-08-08,24.618746396103056,24.618746396103056,23.62452757457527,23.701461791992188,68100
2001-08-09,23.70147225408055,23.967781387671117,23.70147225408055,23.944108963012695,20100
2001-08-10,23.94411048923368,24.097979001794478,23.375985806378758,23.589033126831055,70400
2001-08-13,23.58903144921159,23.612703873695363,23.523933410644535,23.52393341064453,36900
2001-08-14,23.55353532893708,24.086153875224564,23.55353532893708,23.908615112304688,68900
2001-08-15,23.938193300710385,23.955946491416178,23.31680679321289,23.31680679321289,13600
2001-08-16,23.168857517259834,23.31680679321289,22.665828624503355,23.31680679321289,36500
2001-08-17,23.32272445262436,23.32272445262436,22.861123420567544,22.932138442993164,28300
2001-08-20,22.932132165759942,23.168851852416996,22.837444742602372,23.168851852416992,64000
2001-08-21,23.168851852416996,23.819827604434522,23.13926019844018,23.168851852416992,24300
2001-08-22,23.20437098511728,23.233960397838924,22.837457300808428,23.050504684448242,24300
2001-08-23,23.062340901042393,23.28722224374888,22.99132360147747,23.050504684448242,30400
2001-08-24,23.026829222894182,23.831673785227945,23.026829222894182,23.81983757019043,18000
2001-08-27,23.819829336903364,23.87309115739874,23.405570983886722,23.40557098388672,29200
2001-08-28,23.375981682373943,23.375981682373943,22.96172332763672,22.96172332763672,13700
2001-08-29,22.961714085026326,23.08599086416535,22.872945924580815,23.062320709228516,7400
2001-08-30,23.13926343288433,23.269459504497352,22.754596710205078,22.754596710205078,15200
2001-08-31,22.784194425649442,22.81378383703442,22.488295796744904,22.517885208129883,17300
2001-09-04,22.523795870126452,22.932135009850366,22.523795870126452,22.926218032836914,13200
2001-09-05,22.843373588013296,23.68964385986328,22.843373588013296,23.68964385986328,75500
2001-09-06,23.64229831900091,23.961869345124008,23.375989130565,23.93227767944336,171600
2001-09-07,23.967774760499466,23.979610969555925,23.731055094422388,23.890840530395508,105700
2001-09-10,23.890847517481465,23.93819236755371,23.790243097368,23.93819236755371,38100
2001-09-17,23.790251912145614,25.831953048706055,23.67189200063692,25.831953048706055,121200
2001-09-18,25.83193503431056,25.861524427171116,24.944239703338045,25.062597274780273,47400
2001-09-19,25.062610378142807,25.062610378142807,23.879015984699898,24.55958366394043,186800
2001-09-20,24.47081784836033,24.476737085671633,23.3759937286377,23.375993728637695,28800
2001-09-21,23.375982829886986,23.417408441641626,23.22803357146998,23.287212371826172,88100
2001-09-24,23.287230292022297,23.84352137656927,23.228051446126276,23.52986717224121,110200
2001-09-25,23.53576892091535,23.55352210998535,23.31680464478783,23.55352210998535,121500
2001-09-26,23.642297528629083,24.115734815839538,23.58311645677336,23.73106575012207,79100
2001-09-27,23.731059380929434,24.2636775970459,22.725006262195034,24.2636775970459,218700
2001-09-28,24.29326796238813,26.334968195329058,24.29326796238813,26.169265747070312,65200
2001-10-01,25.743169696920177,25.743169696920177,23.6127013836339,23.760650634765625,155500
2001-10-02,23.81983831944469,24.26368623844055,23.375990400448824,23.435169219970703,60200
2001-10-03,23.375988966002346,23.731066376399127,23.31681015011192,23.660051345825195,77700
2001-10-04,23.660046465136258,23.967781210845374,23.40557354575231,23.52393341064453,46200
2001-10-05,23.52394511796514,23.766581945861912,23.381912757902942,23.665977478027344,17400
2001-10-08,23.67189721789801,23.754748496956168,23.67189721789801,23.719242095947266,3300
2001-10-09,23.719230032723615,23.99737314845568,23.6718851787532,23.790245056152344,29200
2001-10-10,23.796162529121442,23.849424362182617,23.34639769468136,23.849424362182617,104200
2001-10-11,23.849427529612274,24.618763464594497,23.636380169072872,23.7073974609375,50800
2001-10-12,23.665964757566503,23.665964757566503,23.275378799245207,23.281295776367188,9300
2001-10-15,23.316821486392946,24.180845260620114,23.062348390794394,24.180845260620117,47200
2001-10-16,24.18083000714921,25.293409193695688,24.18083000714921,24.707529067993164,69400
2001-10-17,25.210556298599716,25.210556298599716,24.470809901838845,24.973838806152344,97600
2001-10-18,25.062604446212177,25.115866271611942,24.624675888504413,24.85547637939453,91600
2001-10-19,24.796303747660613,25.328919876680935,24.796303747660613,25.080366134643555,41400
2001-10-22,25.16912809701171,25.16912809701171,24.76670591788605,24.85547637939453,19900
2001-10-23,24.861404326087253,24.985683478539343,24.76671684554561,24.796308517456055,48200
2001-10-24,24.825895637896362,24.88507446119384,24.790386989401433,24.802223205566406,97000
2001-10-25,24.796305357997227,24.973844079200493,24.73712427924459,24.748960494995117,61400
2001-10-26,24.748963648421427,25.086287938946512,24.748963648421427,24.796308517456055,30500
2001-10-29,24.94425242574824,25.15138053894043,24.796303128460355,25.15138053894043,153400
2001-10-30,25.12179277180102,25.595230102539062,25.080367146456894,25.595230102539062,131900
2001-10-31,25.5064596153575,26.275797817524996,25.5064596153575,25.595230102539062,141900
2001-11-01,25.595228660310244,25.743177958924754,25.388100545260787,25.6307373046875,43300
2001-11-02,25.630740100887678,25.831951259255742,25.630740100887678,25.707672119140625,48600
2001-11-05,25.743163137809336,26.1100765550226,25.092187501702654,25.09810447692871,52300
2001-11-06,25.062614362794346,25.417694091796875,25.003435536724343,25.417694091796875,60500
2001-11-07,25.35850545632177,25.559716565576707,25.21647541303995,25.269737243652344,12000
2001-11-08,25.21056675765329,25.44728660583496,25.21056675765329,25.44728660583496,69500
2001-11-09,25.388102311522754,25.388102311522754,25.038941852200168,25.382183074951172,37000
2001-11-12,25.322986913922893,25.322986913922893,25.08626727875913,25.299314498901367,68400
2001-11-13,25.358509120742255,25.358509120742255,25.10403614410242,25.1868896484375,47900
2001-11-14,25.180969946892585,25.299329836228317,24.950169404327823,25.15138053894043,106200
2001-11-15,25.151375618910752,25.151375618910752,24.589167947688587,24.82588768005371,52200
2001-11-16,24.885076686711162,25.175058364868164,24.855487272416187,25.175058364868164,36300
2001-11-19,25.175045078997137,25.565631011134865,24.35836458179046,24.39387321472168,35000
2001-11-20,24.334686972327855,24.44121059088709,24.080214134383684,24.305097579956055,27100
2001-11-21,24.26368402681485,24.26368402681485,24.026964255249737,24.234094619750977,6400
2001-11-23,24.204511930709778,24.435312530405163,24.157167060245246,24.370214462280273,5200
2001-11-26,24.382039185578055,24.855476379394535,24.382039185578055,24.85547637939453,56300
2001-11-27,24.825892517028674,24.885071332886774,24.145324847024938,24.204505920410156,80800
2001-11-28,24.17491554302904,24.17491554302904,23.849427523412775,23.896772384643555,48100
2001-11-29,23.967777794627626,23.967777794627626,22.872954279858874,23.07416534423828,138800
2001-11-30,23.020916978291428,23.080095808121705,22.920310258546774,22.949899673461914,93600
2001-12-03,23.080077595310307,23.13925637844178,22.488280733892093,22.725000381469727,59600
2001-12-04,22.79603223864713,22.878883499340027,22.168726288714772,22.54155921936035,45100
2001-12-05,22.600732191029604,23.086005670104488,22.600732191029604,23.026826858520508,39600
2001-12-06,23.145193215086728,24.145329858860077,23.145193215086728,23.837594985961914,42300
2001-12-07,23.89677819300209,24.198593855362375,23.08009719848633,23.080097198486328,80000
2001-12-10,23.080086511812304,23.257625187320894,22.754598563792094,22.90254783630371,43300
2001-12-11,22.973565025084145,23.074171713809257,22.878877572033606,23.026826858520508,39600
2001-12-12,23.08008548434876,23.08008548434876,22.517877822327247,22.618484497070312,45900
2001-12-13,22.618482856796224,23.58311037525607,22.618482856796224,23.2280330657959,55800
2001-12-14,23.346399862166873,24.618762480601717,23.346399862166873,24.55958366394043,149700
2001-12-17,24.64835091178566,24.70752972068074,24.050634557321818,24.299190521240234,37700
2001-12-18,24.411625731518413,24.91465226782401,24.25775950809801,24.2755126953125,69600
2001-12-19,24.17491143784166,24.512235615483966,24.17491143784166,24.322860717773438,56400
2001-12-20,24.2636775970459,24.447135484269673,24.210415775434253,24.2636775970459,98400
2001-12-21,24.263676270518967,24.512229919433594,24.257759294008473,24.512229919433594,52700
2001-12-24,24.453063407756847,24.458982644767087,24.263688458923543,24.352458953857422,11200
2001-12-26,24.411642982812594,24.94426155090332,24.26369363140161,24.94426155090332,18200
2001-12-27,24.885079611754595,25.257912596772123,24.618770336742074,25.12179946899414,31800
2001-12-28,25.180971740026337,25.186890976554547,24.583257529732062,24.713451385498047,20100
2001-12-31,24.71345630151861,24.71345630151861,24.541836786025584,24.677949905395508,11000
2002-01-02,24.72528824922013,24.72528824922013,24.34653837246753,24.453062057495117,56200
2002-01-03,24.535902340528224,24.7962944575165,24.41162551607091,24.512229919433594,34500
2002-01-04,24.45305295143555,25.180963023039784,24.45305295143555,24.808130264282227,29000
2002-01-07,24.808129182212745,24.808129182212745,24.50039672851562,24.500396728515625,41600
2002-01-08,24.58916613517083,24.707525992628845,24.5240681006926,24.529987335205078,81100
2002-01-09,24.559585108393463,24.914662544299084,24.524076461791992,24.524076461791992,24500
2002-01-10,24.45305351046908,25.06852297383194,24.45305351046908,24.88506507873535,11800
2002-01-11,24.944252406271993,25.003431222130093,24.18675046963103,24.204505920410156,35300
2002-01-14,24.02695788821048,24.453052461103653,24.02695788821048,24.2636775970459,113200
2002-01-15,24.411628586905344,25.16912809701171,24.322858125396863,24.85547637939453,58200
2002-01-16,24.944246457834808,25.21055332321736,24.666101123071204,24.861392974853516,108600
2002-01-17,25.003430604256916,25.506457299201557,25.003430604256916,25.388099670410156,118300
2002-01-18,25.394013501668432,25.41768592750373,24.9442486984317,25.003427505493164,47700
2002-01-22,25.015270211637922,25.328922034026643,24.488571016484276,24.618764877319336,49500
2002-01-23,24.677937713904182,25.12178550639337,24.677937713904182,24.85547637939453,24500
2002-01-24,24.94425964206747,25.098125962448123,24.707539794913476,24.73712921142578,49700
2002-01-25,24.796312199492334,25.003440388456536,24.796312199492334,24.94426155090332,20500
2002-01-28,25.033021531256672,25.033021531256672,24.257768630981445,24.257768630981445,32400
2002-01-29,24.849557634774012,25.157290095723024,24.157153953822604,24.2636775970459,116000
2002-01-30,24.26368632665633,24.754879109077336,24.26368632665633,24.630599975585938,65800
2002-01-31,24.64836106889544,25.44728660583496,24.64836106889544,25.44728660583496,108200
2002-02-01,25.44727093351685,25.44727093351685,25.281568496358208,25.42951774597168,51500
2002-02-04,25.370335566621304,25.370335566621304,25.09810950121009,25.12769889831543,68100
2002-02-05,25.186883998710755,25.44727389563087,25.121785960099064,25.39992904663086,58400
2002-02-06,25.340740096426163,25.41175508396499,25.2401357188733,25.299314498901367,46700
2002-02-07,25.240155356059365,25.459119721551378,25.240155356059365,25.417694091796875,23100
2002-02-08,25.465036969954202,25.77277183532715,25.09220629822811,25.77277183532715,57600
2002-02-11,25.74316738236809,25.831937828076395,25.447268906708683,25.536039352416992,94400
2002-02-12,25.44727375702378,25.595223023052988,25.328913892695084,25.506452560424805,90400
2002-02-13,25.53605783925035,25.53605783925035,25.210567474365234,25.210567474365234,100400
2002-02-14,25.092197973612134,25.210555587735055,24.766707762193757,25.003427505493164,71700
2002-02-15,24.914657658010405,25.03301753260851,23.938193772011427,24.40571403503418,83300
2002-02-19,24.316951877354697,24.831814911704416,24.234100614071707,24.796308517456055,109000
2002-02-20,24.88507679633794,25.346680239977953,24.88507679633794,25.027109146118164,40300
2002-02-21,25.02710303302602,25.44136150637711,25.02710303302602,25.388099670410156,27800
2002-02-22,25.447282943368812,25.530134201049805,25.388104118604517,25.530134201049805,102400
2002-02-25,25.447269019457938,25.80234628881198,25.24014098858912,25.74908447265625,83200
2002-02-26,25.802358379515297,26.45925366740783,25.713590149344075,25.867456436157227,49500
2002-02-27,25.89112226564856,26.334970075916818,25.743172995559135,25.97989273071289,33700
2002-02-28,26.06865755642723,26.3349666595459,25.962133915179763,26.3349666595459,27400
2002-03-01,26.27580160480312,26.56578102400835,26.246209933125876,26.559864044189453,11300
2002-03-04,26.630862716165154,27.37652587890625,26.630862716165154,27.37652587890625,40300
2002-03-05,27.370620646911423,27.370620646911423,27.086558260289983,27.139820098876953,21300
2002-03-06,27.163504918844918,27.163504918844918,26.039088816921133,26.045005798339844,94600
2002-03-07,26.192942202803962,26.62495613098145,26.192942202803962,26.624956130981445,28000
2002-03-08,26.62495193418565,26.642705124384925,26.03907182481554,26.630868911743164,75100
2002-03-11,26.5421007142009,26.5421007142009,26.098252861070268,26.269874572753906,26300
2002-03-12,26.269875434809233,26.269875434809233,26.06866431115279,26.13376235961914,43100
2002-03-13,26.133752328182698,26.388225188584336,26.062737328718047,26.246192932128906,33800
2002-03-14,26.246202401800137,26.39415168762207,26.192940568603163,26.39415168762207,38400
2002-03-15,26.334968195329058,26.334968195329058,25.920709817155654,26.169265747070312,33200
2002-03-18,26.175187376713154,26.39415168762207,26.157434184823146,26.39415168762207,23200
2002-03-19,26.323143364816275,26.334979581598947,26.00949152142177,26.110095977783203,120500
2002-03-20,26.039066314697266,26.216604951701317,25.979887521538,26.039066314697266,44500
2002-03-21,26.12783530389112,26.370471954345707,26.08640969948615,26.370471954345703,18500
2002-03-22,26.394158047569892,26.394158047569892,26.127851074942523,26.323143005371094,12200
2002-03-25,26.364573044664578,26.38232850132977,25.997659298150033,26.003576278686523,10300
2002-03-26,26.044982079240913,26.044982079240913,25.91478828884264,26.009475708007812,22800
2002-03-27,26.068654304704214,26.3941421645705,26.062737328718047,26.246192932128906,20800
2002-03-28,26.29946423499711,26.39415168762207,26.204776782372154,26.39415168762207,40000
2002-04-01,26.394152466165387,26.630872233473735,26.334973653101805,26.571693420410156,26700
2002-04-02,26.630865161338548,26.6545375832883,26.3349666595459,26.3349666595459,13500
2002-04-03,26.394148211410005,26.43557382538208,26.14559452757758,26.198856353759766,18000
2002-04-04,26.198866580586643,26.22253901424749,25.80236121811376,25.962146759033203,30200
2002-04-05,25.814193867345224,25.867455706957426,25.44728022642073,25.68400001525879,30300
2002-04-08,25.672171894651598,25.86154688242221,25.494633125807642,25.743186950683594,55600
2002-04-09,25.80234708543291,25.80234708543291,24.867309043251616,25.12769889831543,54800
2002-04-10,25.186883543829374,25.32891357321101,24.855476379394535,24.85547637939453,32700
2002-04-11,24.677938718482277,24.70752812101408,23.879011304963402,23.93819236755371,132800
2002-04-12,24.5595812022755,26.98594856262207,24.5595812022755,26.98594856262207,266900
2002-04-15,26.926754039266836,28.16952639960737,26.364546635293507,27.222652435302734,181600
2002-04-16,27.163500767382025,28.021605166225488,27.151664548825362,27.488988876342773,105600
2002-04-17,27.42980795977091,27.42980795977091,26.405998752084976,26.482933044433594,74400
2002-04-18,26.27579570435618,26.71372435349677,26.27579570435618,26.624956130981445,68300
2002-04-19,26.63086918422154,26.63086918422154,25.536045465214244,25.891122817993164,62400
2002-04-22,25.831941527131043,26.690045423400186,25.74317106871108,26.636783599853516,113700
2002-04-23,26.83800018004839,26.83800018004839,26.21661361640027,26.6782169342041,67300
2002-04-24,26.67822171431877,26.796579360961914,26.216618313806382,26.796579360961914,59100
2002-04-25,26.7965755975219,27.222670289682117,26.62495613098145,26.624956130981445,54000
2002-04-26,26.772901205917556,26.985946260889047,26.630868911743164,26.630868911743164,18800
2002-04-29,26.482917363788985,26.808405282117956,26.482917363788985,26.636783599853516,18000
2002-04-30,26.44739782497946,27.222652435302734,26.275778470998098,27.222652435302734,54000
2002-05-01,27.311442396499075,27.429800033569336,26.867594484903925,27.429800033569336,57200
2002-05-02,27.48899144364755,27.855905223060205,27.48899144364755,27.672447204589844,34300
2002-05-03,27.76118560486019,27.820364377175444,27.376516812234687,27.8144474029541,31200
2002-05-06,27.814474223865716,28.110372885821736,27.104316983665747,27.246349334716797,70500
2002-05-07,27.281858444213867,27.400218372280065,27.08064724375968,27.281858444213867,36300
2002-05-08,27.459384261336297,27.518563063839288,27.335105164037447,27.34102439880371,40200
2002-05-09,27.341039537010897,27.341039537010897,26.802504008961147,27.281858444213867,56000
2002-05-10,27.341030767025682,27.341030767025682,26.70780795114286,26.914936065673828,49200
2002-05-13,26.974117302030304,26.98595125933727,26.695971897246537,26.808412551879883,61500
2002-05-14,26.95636055034772,28.11036547942972,26.95636055034772,28.021595001220703,38700
2002-05-15,27.932836924050786,27.932836924050786,27.577757139798326,27.719789505004883,21300
2002-05-16,27.66061165142296,27.861822859048804,27.335121273257673,27.394302368164062,15400
2002-05-17,27.32328408040786,27.335120298967265,27.163500773675523,27.281858444213867,8400
2002-05-20,27.28184953011102,27.28184953011102,26.99187017150127,27.021459579467773,18400
2002-05-21,27.09247614504758,27.151657221860688,26.838003158569336,26.838003158569336,12200
2002-05-22,26.832073427624785,26.903088428523166,26.761058426726404,26.76697540283203,6900
2002-05-23,26.86760208227395,27.394301391764294,26.69006106141072,27.281858444213867,33200
2002-05-24,27.281843800923554,27.281843800923554,26.867587661331985,26.873504638671875,6100
2002-05-28,26.932697807633556,26.932697807633556,26.690060971800023,26.778831481933594,17500
2002-05-29,26.849835691007275,26.849835691007275,26.435577240247305,26.54210090637207,39800
2002-05-30,26.39415851446983,26.39415851446983,25.65441189402474,25.962146759033203,72400
2002-05-31,25.861545211388993,25.879298409867893,25.15138792437176,25.44728660583496,47200
2002-06-03,25.299324887257285,25.305241864679406,24.784462065518817,24.82588768005371,72700
2002-06-04,24.677943695157825,25.186889648437496,24.618762620632772,25.1868896484375,56100
2002-06-05,25.186883679009203,26.263954147294882,25.186883679009203,26.098249435424805,41500
2002-06-06,26.187027643028536,26.246206463504688,25.74317971687551,25.950307846069336,73400
2002-06-07,25.95030017046769,26.15743049592363,25.565633436095162,26.098249435424805,61400
2002-06-10,26.157442783882328,26.394160364500348,26.03316588474329,26.340898513793945,90000
2002-06-11,26.40008242718137,26.45334428358735,25.65441643749765,25.743186950683594,72500
2002-06-12,25.74317798348496,25.77276739173066,25.654407501220707,25.654407501220703,136400
2002-06-13,25.71359263264781,25.7431820455625,25.565643310546875,25.565643310546875,69500
2002-06-14,25.56564837532387,25.571565356068014,24.914669874598765,24.94426155090332,63300
2002-06-17,25.003436675663526,25.210564833870997,24.20451119968887,24.796308517456055,138400
2002-06-18,24.825897187173478,25.88521489600859,24.64835844867421,25.831953048706055,69100
2002-06-19,25.778683123386998,25.778683123386998,25.269737243652344,25.269737243652344,60600
2002-06-20,25.32891892291984,25.672162371887204,25.32891892291984,25.36442756652832,78400
2002-06-21,25.417686644208867,25.417686644208867,24.82588952680017,24.973838806152344,39200
2002-06-24,24.914675156566762,25.275672011746195,24.500418690815042,25.180984497070312,42300
2002-06-25,25.06260170060678,25.683990348039874,25.033012302521005,25.47686004638672,48500
2002-06-26,25.240140876757586,25.60113512074004,25.062599985340974,25.536039352416992,39500
2002-06-27,25.68399327015317,26.187019867420656,25.68399327015317,26.0745792388916,51800
2002-06-28,26.133760626910245,26.74923017111478,25.873370707836102,26.216611862182617,131300
2002-07-01,26.364566361984288,26.423747439987732,25.790524579278266,25.950307846069336,54900
2002-07-02,25.92069912390785,25.92069912390785,25.506440916631288,25.5715389251709,30400
2002-07-03,25.571549322376473,25.571549322376473,24.944245910539117,24.950162887573242,42200
2002-07-05,25.021193455931392,25.151389606893662,24.979767818357566,25.09221076965332,17500
2002-07-08,25.092206033356852,25.476872917866878,25.092206033356852,25.417694091796875,22600
2002-07-09,25.41176555996276,25.41176555996276,25.003426391369523,25.015262603759766,23300
2002-07-10,25.015273851305817,25.180976384220177,24.914667129516598,24.9146671295166,65800
2002-07-11,24.914663929835402,25.328922466447594,24.49448841389089,25.033023834228516,143500
2002-07-12,25.447288447648916,25.891136501968372,25.151389744769276,25.63666343688965,275000
2002-07-15,25.488693773836278,26.033148127180645,25.210548492370886,26.009475708007812,121500
2002-07-16,25.950307687327946,26.216616892896173,25.861539457156724,25.867456436157227,64000
2002-07-17,25.98581480568733,26.240287780761715,25.86153793623997,26.24028778076172,50300
2002-07-18,26.216623880049895,26.216623880049895,25.62482649107573,25.873382568359375,129300
2002-07-19,25.725416373739243,25.908871999359718,25.109946950465595,25.322994232177734,119800
2002-07-22,25.382185867853497,25.80236140957757,25.358513434016988,25.642578125,97700
2002-07-23,25.642560210971833,25.642560210971833,24.814043665720433,25.062597274780273,100900
2002-07-24,24.766708170373875,24.766708170373875,22.784188753292884,23.967782974243164,423100
2002-07-25,23.879006851315353,24.06246472483872,23.494340175092294,23.671878814697266,150500
2002-07-26,23.61270797483969,24.293273365501488,23.61270797483969,24.02696418762207,70700
2002-07-29,24.026972714863994,25.352599838817635,24.026972714863994,25.210567474365234,82300
2002-07-30,25.151384277477643,25.234235535069647,24.967926308861454,25.10995864868164,49200
2002-07-31,25.05077120004791,25.086277579634007,24.60100416005951,24.82588768005371,48600
2002-08-01,24.973840315447557,24.973840315447557,24.618760669026976,24.790382385253906,27200
2002-08-02,24.672020214635538,24.796299320994947,24.06246992581442,24.26959800720215,46400
2002-08-05,24.25777155154389,24.25777155154389,23.938200477865006,23.997379302978516,48900
2002-08-06,24.086140472624802,24.26367913675427,23.93819120959581,24.097976684570312,55000
2002-08-07,24.245932115225138,24.245932115225138,23.80800119194774,23.926361083984375,64700
2002-08-08,23.967794801863374,25.09221076965332,23.967794801863374,25.09221076965332,50900
2002-08-09,25.092197880858908,26.482920159403463,25.092197880858908,26.352724075317383,72900
2002-08-12,26.263958386117565,26.542101514009232,25.92071495240714,26.28171157836914,59300
2002-08-13,26.192939681233067,26.630870545741526,25.784600478908036,25.79051971435547,43800
2002-08-14,25.731337551085584,26.98594676678435,25.38809640814685,26.690048217773438,102400
2002-08-15,26.630871447947943,26.630871447947943,25.62481585285341,26.39415168762207,79100
2002-08-16,26.334965194378636,27.78486822400137,26.169262765002195,27.471214294433594,91200
2002-08-19,27.412040885885492,27.412040885885492,26.358642793562872,26.630868911743164,131800
2002-08-20,26.542090156539658,26.630860594866288,26.33496214381222,26.512500762939453,45100
2002-08-21,26.542103361930227,26.808412551879883,26.376400869306952,26.808412551879883,92800
2002-08-22,26.90901351804756,27.104305377398724,26.861668668794753,26.974111557006836,80000
2002-08-23,26.97410915097168,26.97410915097168,26.57168699832472,26.601276397705078,48500
2002-08-26,26.66045966628861,26.737393923597306,26.246201232930726,26.553936004638672,29700
2002-08-27,26.542081941828844,26.636769326559584,26.216594197912247,26.30536460876465,16900
2002-08-28,26.246210563637007,26.30539165088561,25.71951130352651,25.861543655395508,48400
2002-08-29,25.861542462201346,25.985819353398078,25.766854984499897,25.831953048706055,21400
2002-08-30,25.891128367623367,26.394155101469153,25.83194954865112,26.187026977539062,39900
2002-09-03,26.098249594135805,26.187020056660565,25.35850326485161,25.4827823638916,36400
2002-09-04,25.44728660583496,25.47687602247572,25.38218853470861,25.44728660583496,48700
2002-09-05,25.35851754767801,25.447288060201505,25.18097878015893,25.411779403686523,32800
2002-09-06,25.44727375702378,25.536044219651963,25.417684355323267,25.506452560424805,51800
2002-09-09,25.447274543329478,26.021318435668945,25.447274543329478,26.021318435668945,21100
2002-09-10,25.950310702687208,26.009491787205324,25.74318255069265,25.831953048706055,51500
2002-09-11,25.902961829621717,26.42374395982551,25.891125615579927,26.13376235961914,27900
2002-09-12,26.03906681762918,26.03906681762918,25.891117574347195,25.926626205444336,29800
2002-09-13,25.867453354307674,26.571693420410153,25.796438327125973,26.571693420410156,87800
2002-09-16,26.482912403642434,26.482912403642434,25.891115478421373,26.163341522216797,31000
2002-09-17,26.16334838080668,26.18110382833557,25.76092618556132,25.97989273071289,69900
2002-09-18,25.92072078057812,25.92072078057812,25.565643310546875,25.565643310546875,37000
2002-09-19,25.44727817414603,25.45319515250254,25.015266513255632,25.24606704711914,84200
2002-09-20,25.305241149138535,25.305241149138535,24.601003464431937,24.85547637939453,67200
2002-09-23,24.849561098301354,24.849561098301354,24.441219656522023,24.583251953125,77900
2002-09-24,24.58917627769543,24.677946771786555,24.382048134852727,24.441226959228516,54100
2002-09-25,24.529987967253795,24.529987967253795,24.06246775988792,24.14531898498535,50300
2002-09-26,24.2045030998495,24.44122059322423,24.086143224398707,24.322860717773438,75100
2002-09-27,24.322869885140385,24.944258901078825,24.257774073758142,24.7430477142334,48500
2002-09-30,24.737113404779922,24.737113404779922,23.938188381809955,24.512229919433594,52900
2002-10-01,24.51222972516975,24.51222972516975,24.026956384207356,24.429378509521484,47800
2002-10-02,24.44121512938468,24.666098616715743,24.269593461223437,24.2755126953125,28600
2002-10-03,24.26368230822203,24.26368230822203,23.6718851787532,23.790245056152344,127300
2002-10-04,23.790246336432393,23.849425149553245,22.10954230799219,22.221982955932617,121500
2002-10-07,22.074031620813233,22.074031620813233,21.27510643005371,21.27510643005371,91100
2002-10-08,21.27510327948852,21.60059118835571,21.27510327948852,21.393463134765625,122200
2002-10-09,21.393473863921038,21.547340172679064,20.801676548266546,21.423063278198242,156700
2002-10-10,21.428967797023752,22.66582355780685,21.2455121806686,22.109535217285156,84400
2002-10-11,22.109556246672422,22.54748515791812,21.423071197060747,21.878755569458008,229900
2002-10-14,21.878746541292998,22.044449060141638,21.65977991849729,21.748550415039062,50800
2002-10-15,21.866906743945446,22.440948486328125,21.778136261939572,22.440948486328125,181000
2002-10-16,22.440948486328125,22.440948486328125,22.044445450430057,22.440948486328125,95500
2002-10-17,22.26342056038254,22.932152344736966,22.044456124940695,22.801956176757812,114600
2002-10-18,22.801932348035468,22.801932348035468,22.393593326366215,22.725000381469727,38500
2002-10-21,22.577051166115172,22.926211404652953,22.310742126971803,22.725000381469727,63600
2002-10-22,22.636239567206005,22.636239567206005,22.334424032955063,22.42911148071289,72600
2002-10-23,22.133208653093785,22.133208653093785,21.22775771001789,21.571001052856445,100600
2002-10-24,21.689354429973417,21.83730363547794,21.304685592651367,21.304685592651367,75100
2002-10-25,21.15674596437266,21.30469523685079,20.819421803724662,21.00879669189453,102900
2002-10-28,21.008797977254204,21.304696540314122,21.008797977254204,21.24551773071289,58800
2002-10-29,21.156752310922563,21.156752310922563,20.41700572662457,20.706987380981445,47000
2002-10-30,20.712901360851102,20.949621136557383,20.624130880579475,20.742490768432617,87200
2002-10-31,20.742490837272708,21.138996124267578,20.7247376441703,21.138996124267578,109500
2002-11-01,21.138995404968274,21.138995404968274,20.47618095635546,20.979209899902344,85500
2002-11-04,20.979206942215207,21.002879367226928,20.476178069586254,20.505769729614258,82500
2002-11-05,20.269053304411187,20.564951892796753,20.002744123358763,20.470264434814453,56000
2002-11-06,20.322309812807962,20.36965240062397,19.94356008017398,20.29863739013672,77300
2002-11-07,20.298639247293664,20.73065084170018,19.854791440468613,20.44658851623535,280000
2002-11-08,20.564950807720212,20.979209261107734,20.564950807720212,20.860849380493164,225200
2002-11-11,20.860851044273357,21.15674964064603,20.801672228009675,20.925949096679688,121000
2002-11-12,20.890436822406677,21.056141542700367,20.68922572153535,21.00879669189453,221400
2002-11-13,21.008798532552653,21.45264638887419,21.008798532552653,21.156747817993164,72800
2002-11-14,21.27511579073524,21.76630643132873,21.13308342937252,21.61244010925293,50400
2002-11-15,21.494069273164115,21.74262521499047,21.192253762582098,21.647937774658203,55900
2002-11-18,21.60060213113173,21.8965007904623,21.008804812470586,21.695289611816406,56500
2002-11-19,21.784055072125557,21.843233887287543,21.144913032246077,21.476320266723633,57300
2002-11-20,21.547332074247105,22.192390996170186,21.488153267934685,22.103620529174805,53300
2002-11-21,22.78419956244548,23.60088059445393,22.57707137852531,23.25763702392578,157200
2002-11-22,23.168854266728026,23.375982320992048,23.05049441106581,23.2280330657959,84300
2002-11-25,23.228035889703115,23.476589585037416,23.228035889703115,23.470672607421875,74900
2002-11-26,23.618628024834454,23.618628024834454,23.458842497326646,23.46476173400879,77400
2002-11-27,23.553527049609034,23.760657414813462,23.464758828116043,23.73106575012207,95900
2002-11-29,23.69556421555187,23.731070608407197,23.642302368741348,23.67780876159668,8000
2002-12-02,24.00329155465199,24.062470362543493,23.55352448758007,23.589033126831055,104900
2002-12-03,23.529846101155947,23.529846101155947,23.08008140553904,23.168851852416992,56600
2002-12-04,23.174777582474483,23.375988714878318,22.843370347477848,23.346399307250977,57000
2002-12-05,23.494346222997674,23.61270609904457,22.784189224243164,22.784189224243164,97200
2002-12-06,22.636233686201752,23.168851852416996,22.547463239323797,23.168851852416992,40900
2002-12-09,23.228037066273874,23.228037066273874,22.559305685506747,22.784189224243164,26400
2002-12-10,22.784193175121004,23.435169219970703,22.784193175121004,23.435169219970703,49500
2002-12-11,23.435169219970703,23.642299603351795,23.269466719287635,23.435169219970703,63600
2002-12-12,23.435165698485424,24.11573330835782,23.417412506801995,24.103897094726562,61500
2002-12-13,24.174902952931216,24.559571848753443,23.967774936735285,24.417539596557617,107800
2002-12-16,24.382044625511572,24.382044625511572,24.080226795064757,24.204505920410156,150800
2002-12-17,24.263693775905576,24.293283194858407,24.02697390922702,24.127580642700195,75300
2002-12-18,24.03879799539267,24.03879799539267,23.908604166206377,23.967782974243164,82000
2002-12-19,23.967791848768783,24.056562351219732,23.967791848768783,24.01513671875,51300
2002-12-20,24.0151408924154,24.068400494108932,23.707405956638276,23.784337997436523,126000
2002-12-23,23.784325820642596,23.879013271056536,23.73106398868933,23.790245056152344,160600
2002-12-24,23.790242725428335,23.90860259123179,23.60678482055664,23.60678482055664,58500
2002-12-26,23.612707519495768,23.731065145135744,23.186612843105443,23.251710891723633,83000
2002-12-27,23.310874267506563,23.3167934993849,22.967633316904667,23.062320709228516,42000
2002-12-30,22.973565025084145,23.22212100029616,22.90254999967798,23.026826858520508,100200
2002-12-31,23.026825219033107,23.31680679321289,22.9084653467653,23.31680679321289,58700
2003-01-02,23.423334525305897,23.879016387850836,23.423334525305897,23.81983757019043,25700
2003-01-03,23.7606573341478,24.334699055273564,23.707395498422006,24.234094619750977,28400
2003-01-06,24.38205067989641,24.926503145072434,24.222265128370136,24.370214462280273,79000
2003-01-07,24.45897394142647,24.559578359527404,24.210417998572815,24.240007400512695,27500
2003-01-08,24.26368190881147,24.464893019819762,24.21633705562041,24.322860717773438,40700
2003-01-09,24.382037719546645,24.873228073120117,24.32285666292386,24.873228073120117,30200
2003-01-10,24.855470021509376,25.21054726166338,24.855470021509376,25.050764083862305,83100
2003-01-13,25.198731839552213,25.447285638923756,24.914667129516598,24.9146671295166,110900
2003-01-14,24.944246840903016,25.12178550639337,24.784461364703716,24.85547637939453,59500
2003-01-15,25.0922020440006,25.0922020440006,24.168997604405355,24.55958366394043,113900
2003-01-16,24.589162989994524,24.938323283195327,24.240002696793717,24.648344039916992,65400
2003-01-17,24.648360961888862,24.973849058579773,24.595099109155605,24.73712921142578,77400
2003-01-21,24.737121242791503,24.737121242791503,24.02104720923677,24.02696418762207,84900
2003-01-22,24.22817221326382,24.352451318711914,23.884931072691543,24.18674659729004,59700
2003-01-23,24.245922010238882,24.364279595420392,23.938187322209256,24.056547164916992,32600
2003-01-24,24.11573681165653,24.11573681165653,23.66597191596584,23.748823165893555,31700
2003-01-27,23.6718782404984,24.11572595750775,23.547601421542083,24.056547164916992,121800
2003-01-28,24.204497565289376,24.387953185638935,24.204497565289376,24.382036209106445,42200
2003-01-29,24.311031590017176,24.311031590017176,24.145326828467425,24.245933532714844,37800
2003-01-30,24.263688937100497,24.642438842231325,24.263688937100497,24.411638259887695,57900
2003-01-31,24.322859936652456,25.092197973612134,24.204502322529535,25.003427505493164,125000
2003-02-03,25.00342821051741,25.00342821051741,24.731202078315853,24.973838806152344,91000
2003-02-04,25.180975455646426,25.654412859034476,24.973847297141532,25.027109146118164,113100
2003-02-05,25.033019127754162,25.323000726121286,24.73712055116717,24.790382385253906,56900
2003-02-06,24.843646517146528,24.91466154998808,24.559584128253128,24.5950927734375,29700
2003-02-07,24.66610878090877,24.76671322661554,24.601010724262135,24.713451385498047,34900
2003-02-10,24.71345339394376,24.89099438378222,24.46489962021385,24.56550407409668,52500
2003-02-11,24.683857083617127,24.71936572316748,24.192666652901455,24.387958526611328,50000
2003-02-12,24.47673233595423,24.618762398478392,24.44122369155962,24.518157958984375,40000
2003-02-13,24.45897277611613,24.529987788893777,24.26959564616482,24.399791717529297,60300
2003-02-14,24.45898551836804,24.67794990539551,24.352461814943275,24.677949905395508,47000
2003-02-18,24.76670591788605,24.86731259143077,24.364283738760392,24.85547637939453,69500
2003-02-19,24.79630278903818,24.902826462229488,24.559583013607035,24.6069278717041,71000
2003-02-20,24.606924644023774,24.707529067993164,24.15124060348332,24.707529067993164,70500
2003-02-21,24.648368073591634,25.180984497070312,24.518171894339137,25.180984497070312,35300
2003-02-24,25.062607623426295,25.09811626403648,24.30510801729088,24.547744750976562,54800
2003-02-25,24.547745642753654,24.79038238525391,24.192668253860056,24.790382385253906,42700
2003-02-26,24.79038746495898,24.8436493099594,24.092066500521195,24.25185203552246,54400
2003-02-27,24.287359859709326,24.642437309299297,23.6718901733945,24.618764877319336,260100
2003-02-28,24.68978217325922,24.831812250084262,24.559586054896794,24.618764877319336,37400
2003-03-03,24.766708341751585,25.79051933658162,24.707529533305298,25.269737243652344,168100
2003-03-04,25.299329115065202,25.299329115065202,24.85548123585353,24.991594314575195,129200
2003-03-05,25.003434575859714,25.033023987757613,24.85548525884279,24.902830123901367,90600
2003-03-06,24.837720966273224,25.062602202247312,24.69568869208175,24.879146575927734,89000
2003-03-07,24.81997873008566,25.05078158066947,24.701621072384356,25.027109146118164,56700
2003-03-10,24.85548820809804,24.885077623506906,24.796309377280313,24.849571228027344,43800
2003-03-11,24.908741251348605,24.967920061241266,24.180831053539823,24.316944122314453,85000
2003-03-12,24.316944205607864,24.553663961043124,23.49434655463703,23.642295837402344,157600
2003-03-13,23.8020873033333,24.35245895385742,23.429254385149466,24.352458953857422,190200
2003-03-14,24.411635800511576,24.67202576967388,24.411635800511576,24.524076461791992,37500
2003-03-17,24.529986037418613,25.44727093351685,24.482641193929634,25.42951774597168,80900
2003-03-18,25.48870500902305,25.814193014780077,25.405853762924224,25.654407501220703,127800
2003-03-19,25.29933889980974,25.979906814160824,25.251994024103123,25.743186950683594,170000
2003-03-20,25.743170897825156,25.950298956061417,25.565632239690288,25.731334686279297,91500
2003-03-21,25.93846980836767,26.672296999974986,25.93846980836767,26.54210090637207,146800
2003-03-24,26.334977928627175,26.370486576746416,25.796442515219265,25.855621337890625,75300
2003-03-25,25.94438621689267,26.660460200934207,25.94438621689267,26.441495895385742,58900
2003-03-26,26.441497168277674,26.86759184393444,26.346809713412505,26.6782169342041,81700
2003-03-27,26.61903311964912,26.61903311964912,25.459111352752064,25.78459930419922,121400
2003-03-28,25.784602100340496,26.157434943533527,25.772765886228193,26.027238845825195,26700
2003-03-31,25.820117087698563,25.92072154608511,25.435447935864843,25.766855239868164,68700
2003-04-01,25.707678293903633,25.932561938454207,25.565648181839638,25.743186950683594,62100
2003-04-02,25.950293254431518,26.761056635738406,25.950293254431518,26.512500762939453,115200
2003-04-03,26.542101756351354,26.74923211712791,26.37048229545616,26.571693420410156,60300
2003-04-04,26.642713122165336,27.222674170547627,26.642713122165336,27.027379989624023,39000
2003-04-07,27.37062752398454,27.70203485374169,26.843928242024734,26.89719009399414,87800
2003-04-08,26.897179030527248,26.897179030527248,26.157432644965592,26.725557327270508,58200
2003-04-09,26.82616532214662,27.045129630878645,26.74923106217653,26.98594856262207,45100
2003-04-10,26.985947507576693,27.18124163889777,26.778819420593884,27.015539169311523,34400
2003-04-11,27.104305377398724,27.341025108609426,26.950439132380435,26.974111557006836,30400
2003-04-14,26.914930023298623,27.015536697432662,26.737391356768317,26.938602447509766,33600
2003-04-15,26.94452683930568,26.94452683930568,26.22253576240375,26.838003158569336,268900
2003-04-16,26.71964325057232,27.613255988042653,26.39415299956377,27.577747344970703,203300
2003-04-17,27.72569560794084,28.110364658915735,27.329192600575393,27.986087799072266,109500
2003-04-21,28.04524961507844,28.04524961507844,27.062867030540275,27.222652435302734,92800
2003-04-22,27.074708271447392,27.074708271447392,26.429649557848478,26.512500762939453,129000
2003-04-23,26.61312679708123,26.61312679708123,26.09826149176438,26.423751831054688,256900
2003-04-24,26.423737743896467,26.73738944087589,26.12783923503996,26.601276397705078,104800
2003-04-25,26.71963882446289,26.926766897587505,26.589442745626457,26.71963882446289,75300
2003-04-28,26.71963359461394,27.19307071018029,26.71963359461394,26.926761627197266,82300
2003-04-29,26.926779874135473,26.980041726824982,26.352735712651608,26.45334243774414,66200
2003-04-30,26.553939416753742,27.127983416349753,26.477007407086315,26.914936065673828,75300
2003-05-01,26.92676619003488,27.157566681888063,26.74922752380371,26.74922752380371,66200
2003-05-02,26.808420899468835,26.897191409602407,26.63088213672954,26.778831481933594,52300
2003-05-05,26.926774290792054,27.015544779377013,26.25804278069331,26.577613830566406,82900
2003-05-06,26.577619341510406,26.630881194199915,26.2994738599621,26.45334243774414,177100
2003-05-07,26.477002662453742,26.630868911743164,26.27579156259728,26.630868911743164,152300
2003-05-08,26.630879640414182,26.66046905517578,26.275802148219714,26.66046905517578,53500
2003-05-09,26.642700956500423,26.749224596085377,26.482915497122995,26.488832473754883,38100
2003-05-12,26.4533279237238,26.938601311963268,26.364557465437287,26.784732818603516,96800
2003-05-13,26.86759973435891,26.86759973435891,26.58353502881283,26.59537124633789,69600
2003-05-14,26.654543875485917,26.82024635319786,26.340889854425097,26.39415168762207,35100
2003-05-15,26.45333607539139,27.015543883556603,26.45333607539139,26.903100967407227,77000
2003-05-16,26.96226643770933,27.37060546875,26.873496003448963,27.37060546875,68200
2003-05-19,27.311442742965205,27.317359721882895,26.761071145003168,26.838003158569336,69800
2003-05-20,26.897175700103304,27.163484817436313,26.648619771416985,26.784732818603516,30400
2003-05-21,26.843927299308795,26.903106129406424,26.51251998119014,26.59537124633789,25800
2003-05-22,26.666383434908923,27.080639681162758,26.571695970404154,26.903100967407227,45900
2003-05-23,26.962286969106817,27.04513823349273,26.784745965391135,26.867599487304688,16600
2003-05-27,26.89718325528352,26.968198287344304,26.63087406314662,26.909019470214844,24800
2003-05-28,26.938614534274375,27.22267697968077,26.778828985446843,26.867599487304688,43600
2003-05-29,26.86758939164149,27.045128071118278,26.684131476916967,26.7906551361084,119800
2003-05-30,26.772905133556957,27.015541884491515,26.71964329761878,26.86167335510254,73900
2003-06-02,26.98004580185948,27.53633459144953,26.98004580185948,27.51858139038086,124300
2003-06-03,27.577751147080306,28.73767548121696,27.488982913452656,28.35300636291504,173800
2003-06-04,28.39443498444851,28.47728624758234,28.06302767438557,28.11037254333496,72300
2003-06-05,28.080771647081793,28.258310317993168,27.648760053437663,28.258310317993164,99700
2003-06-06,28.412186407296794,28.524629335266127,28.157715653931252,28.193222045898438,62400
2003-06-09,28.193196963832808,28.193196963832808,27.636908828482888,27.8144474029541,40100
2003-06-10,27.885485704601685,28.453612778625544,27.885485704601685,28.210973739624023,57800
2003-06-11,28.19912978439659,28.19912978439659,27.82629701807566,28.003835678100586,27300
2003-06-12,28.00385291654198,28.00385291654198,26.985960661438874,27.1457462310791,143400
2003-06-13,27.216753324578452,27.459390078283004,26.962280356360615,27.003705978393555,71000
2003-06-16,27.015524461087846,27.222652435302734,26.849819824190334,27.222652435302734,87000
2003-06-17,27.22267134611731,27.22267134611731,26.985951561835854,27.139820098876953,72600
2003-06-18,27.21082704356916,27.222663255018,26.76106229614574,26.95635414123535,43400
2003-06-19,27.045113849186315,27.459372055141696,27.045113849186315,27.222652435302734,89400
2003-06-20,27.370623521877356,27.577751661734652,27.23451042175293,27.23451042175293,38500
2003-06-23,27.086559950712488,27.341032944561736,27.02146189309608,27.039215087890625,38400
2003-06-24,27.039220559800984,27.045139797615246,26.22254182859885,26.45334243774414,153700
2003-06-25,26.45333268204496,26.820246277743557,26.340889780319383,26.707805633544922,95000
2003-06-26,26.766995068918757,27.127991829798017,26.766995068918757,26.88535499572754,99600
2003-06-27,26.89127217157865,27.086566390861368,26.778831481933594,26.778831481933594,41200
2003-06-30,26.778831274266395,26.985959452934672,26.65455436706543,26.65455436706543,128300
2003-07-01,26.548016254619963,27.34102439880371,26.33496895356663,27.34102439880371,66500
2003-07-02,27.27001897319931,27.38245964050293,27.13390361603256,27.38245964050293,91900
2003-07-03,27.264107090374665,27.264107090374665,27.009634017944336,27.009634017944336,31500
2003-07-07,27.110225364864164,27.22266599867079,26.41782159924494,26.630868911743164,124900
2003-07-08,26.630868911743164,26.654541337026686,26.40006840904567,26.630868911743164,249400
2003-07-09,26.701870626172383,27.222652435302734,26.672281238073914,27.222652435302734,97900
2003-07-10,27.21675712920762,27.38245964050293,26.997790516393206,27.38245964050293,56400
2003-07-11,27.323276354184323,27.471225658049374,27.15757385626418,27.429800033569336,50300
2003-07-14,27.577754055973013,27.986095649324994,27.577754055973013,27.690196990966797,55200
2003-07-15,27.696102198041768,27.696102198041768,26.820242812506297,26.873504638671875,195400
2003-07-16,26.87349981060066,27.116136473423808,26.57168435490406,26.926761627197266,138300
2003-07-17,27.015553256388582,27.127993954021143,26.855767681314095,27.009634017944336,167200
2003-07-18,26.938590246011344,27.27591423689022,26.719626065051948,27.222652435302734,78400
2003-07-21,27.275933102977255,27.382456779832015,26.713725310138727,26.909019470214844,74100
2003-07-22,26.690050890726123,26.83800018004839,26.642708292057037,26.6782169342041,115600
2003-07-23,26.76699862714797,26.861686129676563,26.695983564633558,26.74332618713379,56000
2003-07-24,26.814339315619808,27.394300460140258,26.814339315619808,27.187170028686523,126300
2003-07-25,27.098388591048863,27.169403607902062,26.63678533768636,26.71963882446289,138200
2003-07-28,26.601270801459442,26.601270801459442,25.8023436411054,25.902950286865234,200000
2003-07-29,25.97988607172305,26.607189371298936,25.84377079150544,26.370471954345703,205500
2003-07-30,26.429662386396576,26.83208465576172,26.423745407814938,26.83208465576172,91500
2003-07-31,26.761069402670312,26.914935677312126,26.577611462784944,26.731477737426758,179900
2003-08-01,26.731482725116283,26.737401962280273,26.21661971069765,26.737401962280273,223500
2003-08-04,26.678216042451314,26.678216042451314,26.192940312770393,26.269874572753906,172800
2003-08-05,26.269874076345346,26.45924897616707,26.157433435053346,26.210695266723633,112400
2003-08-06,26.269866212460617,26.630862712658626,26.021312577421714,26.275785446166992,95600
2003-08-07,26.216623496042903,26.32314720510018,26.157444661023458,26.317230224609375,50400
2003-08-08,26.31722205266354,27.08655795666365,26.31722205266354,26.808412551879883,170400
2003-08-11,26.867594825739513,26.897184235382444,26.57169621425572,26.838003158569336,47900
2003-08-12,26.778823143558174,27.033296118673718,26.74923373523647,26.808412551879883,148800
2003-08-13,26.86759400761962,27.234507642579352,26.820249147610788,27.181245803833008,119300
2003-08-14,27.21082633171826,27.406120429225364,27.15164753354871,27.299596786499023,58100
2003-08-15,27.240425740971386,27.51857116113785,27.16349372658569,27.169410705566406,13700
2003-08-18,27.16941393503011,27.329199476829505,26.974122000071436,27.2581844329834,75600
2003-08-19,27.55408966391042,27.81447972522368,27.417976523392483,27.524497985839844,85200
2003-08-20,27.59549396084384,27.93873503721252,27.53631290800349,27.86180305480957,93300
2003-08-21,27.861799683727245,27.932814681017014,27.28183672369496,27.435705184936523,117300
2003-08-22,27.52448004107894,27.65467611561745,27.31735197479187,27.34102439880371,61700
2003-08-25,27.400203665461135,27.400203665461135,26.837996002052606,26.873504638671875,248200
2003-08-26,26.932680862955028,26.932680862955028,26.571686584099847,26.755142211914062,58400
2003-08-27,26.755146259760124,26.80840808888316,26.559854391326844,26.690048217773438,29000
2003-08-28,26.636798855008127,26.87351870801544,26.60720943776417,26.843929290771484,40300
2003-08-29,26.843921416856137,26.997787695909032,26.65454649300927,26.909019470214844,36400
2003-09-02,26.909014327806073,27.76120132226101,26.84983326445916,27.51264762878418,98300
2003-09-03,27.571821557193065,27.66650898427134,27.09838442180171,27.40019989013672,99900
2003-09-04,27.328869812103694,27.382362688955176,27.043575224669084,27.340757369995117,141500
2003-09-05,27.412097281503037,27.673619181053397,27.311056378364928,27.40615463256836,49100
2003-09-08,27.412104202333108,28.143172641220133,27.412104202333108,28.089679718017578,105900
2003-09-09,28.089682275828178,28.33337177764724,27.976753768704906,28.05402183532715,122200
2003-09-10,28.059941300906956,28.291743041918302,27.964843092612043,28.048053741455078,136100
2003-09-11,28.10749727314329,28.23231327187252,27.976736359815185,27.982681274414062,89200
2003-09-12,28.101557654723624,28.642429351806637,28.071839878090255,28.64242935180664,62100
2003-09-15,28.58891989633384,28.79694874697809,28.392780870244945,28.767230987548828,133900
2003-09-16,28.707809448242184,28.796965044306315,28.51761295947163,28.707809448242188,82500
2003-09-17,28.767253112797512,28.975279856117982,28.749420629569006,28.939617156982422,25300
2003-09-18,28.97527009935172,29.8846470815426,28.70186296667378,29.813323974609375,124200
2003-09-19,29.944083839795304,30.877235913903192,29.884646030008444,30.538448333740234,261800
2003-09-22,30.44931375127666,31.115001808719207,30.282892303746564,30.49091911315918,176800
2003-09-23,30.46117933125211,30.72864379835648,29.985688204911305,30.639488220214844,106600
2003-09-24,30.698936929273053,30.698936929273053,30.122402458489677,30.1937255859375,40200
2003-09-25,30.19371857119404,30.19371857119404,29.48048066045449,29.71822738647461,67100
2003-09-26,29.718226498150145,29.718226498150145,28.886115249273644,29.06442642211914,55300
2003-09-29,29.123855241289892,29.314051665561678,29.034699675459894,29.18923568725586,95100
2003-09-30,29.218951890520824,29.349712775458435,28.86233418091656,29.12385368347168,141300
2003-10-01,29.12386456649807,29.96786118602947,28.963385857012323,29.902482986450195,93600
2003-10-02,29.843055195928407,30.128350019552673,29.59936572570841,30.04513931274414,91500
2003-10-03,30.342304031427812,30.55033294460579,29.896530704029793,30.086727142333984,92400
2003-10-06,30.175884582845818,30.34230590983456,29.747941436508437,30.134279251098633,170600
2003-10-07,30.13429064068227,30.336374728685858,29.932206552678682,30.22344398498535,115800
2003-10-08,30.223425140199723,30.75835394176714,30.187764731641877,30.502777099609375,49500
2003-10-09,30.621665517312753,31.11498697327365,30.26504538465417,30.38391876220703,90400
2003-10-10,30.47306377888062,30.71080818409641,30.47306377888062,30.532499313354492,27200
2003-10-13,30.609774498443446,31.560756876903646,30.609774498443446,31.263574600219727,64100
2003-10-14,31.32303112789852,31.32303112789852,30.782159151917117,30.817819595336914,166300
2003-10-15,30.776208091132084,30.94263177405936,30.728660086954104,30.90696907043457,67300
2003-10-16,30.906967063093568,31.447838896004843,30.823756360695157,31.323022842407227,108300
2003-10-17,31.293299043452837,31.293299043452837,30.62760901757406,30.92479133605957,124600
2003-10-20,30.9842301069772,31.055553230743318,30.08673820802521,30.152118682861328,61400
2003-10-21,30.09268109942088,30.2828775948802,29.83115921767351,29.89653968811035,114700
2003-10-22,29.807382243412242,29.92625333618169,29.498312414106003,29.848987579345703,70900
2003-10-23,29.777670631999037,30.015417419477917,29.676629721079422,29.997587203979492,93000
2003-10-24,29.997577790450958,30.01540800035409,29.545859489458913,29.813323974609375,75400
2003-10-27,29.837096225170963,30.015405108987984,29.718222880186122,29.82520866394043,51800
2003-10-28,29.825231879168662,29.908442605231095,29.62909036717387,29.807401657104492,79800
2003-10-29,29.866814938323866,30.021348704562815,29.71228117208492,29.83709716796875,45700
2003-10-30,29.896535768206792,30.360141649008845,29.896535768206792,30.05701446533203,69200
2003-10-31,30.1164597777193,30.52062797546387,30.074854428009257,30.520627975463867,29700
2003-11-03,30.46117737219803,30.51467026217861,30.021346691544345,30.086727142333984,84600
2003-11-04,30.02731198655645,30.02731198655645,29.700411778046117,29.712299346923828,96200
2003-11-05,29.652852981869263,29.67662811279297,29.12386878908384,29.67662811279297,200000
2003-11-06,29.73606119542086,29.825216795296416,29.56963982746231,29.59935760498047,171100
2003-11-07,29.302167161744073,29.866813847144225,29.302167161744073,29.52208137512207,77000
2003-11-10,29.599361275194926,30.217501100432486,29.432939886600725,30.128345489501953,91500
2003-11-11,30.068895763545097,30.068895763545097,29.58745977247266,29.843036651611328,52100
2003-11-12,29.783614768960838,30.1937255859375,29.771727203165977,30.1937255859375,27200
2003-11-13,30.193728529758317,30.46119311791653,30.03324977686339,30.43741798400879,50700
2003-11-14,30.312608651779403,30.461199870660675,29.569652557373043,29.569652557373047,86500
2003-11-17,29.421051531518994,29.65879830940929,29.3556710542331,29.587472915649414,121200
2003-11-18,29.64689978012341,29.979742425296394,29.51019622695301,29.82520866394043,38900
2003-11-19,29.914383483201078,29.914383483201078,29.59936857624653,29.712299346923828,61700
2003-11-20,29.71824199770172,29.92626878475686,29.539932999179896,29.712299346923828,55300
2003-11-21,29.640968611410013,29.985701244998676,29.587475694726308,29.646913528442383,46100
2003-11-24,29.70633556816766,30.057010691788555,29.64690002883686,29.944082260131836,60700
2003-11-25,29.985680897797497,30.163989743308726,29.95596313476562,29.955963134765625,25600
2003-11-26,29.985686861821755,30.193713511740462,29.890588640813142,30.16399574279785,65000
2003-11-28,30.223450569336606,30.395816913456827,30.193732781428057,30.282888412475586,13400
2003-12-01,30.312717893620366,30.7602481842041,30.14564064687127,30.7602481842041,62600
2003-12-02,30.760258618346864,30.87960052490234,30.509642663212144,30.879600524902344,55900
2003-12-03,30.87958388790442,31.130199708014818,30.70057226264609,31.088430404663086,110500
2003-12-04,31.028759422139828,31.59563144375709,30.861682215191834,31.50612449645996,116200
2003-12-05,31.43451774629846,31.43451774629846,30.503654219933818,30.527523040771484,73600
2003-12-08,30.45592265172128,31.058595657348633,30.45592265172128,31.058595657348633,33200
2003-12-09,30.998924503872182,30.998924503872182,30.628966856139325,30.71847152709961,28700
2003-12-10,30.62897656818072,30.62897656818072,29.91292759216773,29.948728561401367,41100
2003-12-11,29.94873233192715,30.43206596374512,29.895028595058488,30.432065963745117,52700
2003-12-12,30.372381250618165,30.90345001220703,30.223204529890683,30.90345001220703,37900
2003-12-15,31.052618535785506,31.052618535785506,30.730396357771625,31.004880905151367,41600
2003-12-16,31.00488659050977,31.01085493356121,30.503652758217783,30.73040199279785,51600
2003-12-17,30.760219157105038,31.130176544189453,30.664746209591172,31.130176544189453,52600
2003-12-18,31.13019850337728,31.386782657612557,30.992956186781516,31.231639862060547,32600
2003-12-19,31.082465307937355,31.219707634131648,30.676704397338415,31.18987274169922,60200
2003-12-22,31.130204524288317,31.16004169666119,30.790081700798893,30.933292388916016,34300
2003-12-23,31.00488090515137,31.088419482505593,30.891507446778565,31.004880905151367,33200
2003-12-24,31.05859647486975,31.05859647486975,30.879584844068454,30.951189041137695,13000
2003-12-26,30.909420150868872,31.207773631622928,30.909420150868872,31.13616943359375,17700
2003-12-29,31.177928674190234,31.762701034545895,31.10035615688372,31.7627010345459,42100
2003-12-30,31.70303766521433,31.96558787704877,31.60159631038221,31.94171905517578,15500
2003-12-31,32.00139276050118,32.00139276050118,31.691104888916016,31.691104888916016,17500
2004-01-02,31.71497547977704,32.25201037201657,31.64336900647333,32.216209411621094,85500
2004-01-05,32.222187434031234,33.92280197143555,32.222187434031234,33.92280197143555,101900
2004-01-06,33.9227962101038,34.41209582815976,33.916830140923196,34.16147994995117,101500
2004-01-07,34.16148226836632,34.692551235498755,34.107778537068825,34.609012603759766,77800
2004-01-08,34.698506206594544,34.698506206594544,34.23904163287647,34.59109878540039,62400
2004-01-09,34.51949227251415,34.603033148192836,34.32854625204653,34.37031555175781,41900
2004-01-12,34.42999585486946,35.0744382592851,34.250984202323814,35.026702880859375,78000
2004-01-13,35.17587294579254,35.504061292403854,34.978958572072024,35.14603805541992,44200
2004-01-14,35.14604323297517,35.14604323297517,33.29625016603846,33.70201110839844,406800
2004-01-15,33.71393733226597,33.761674973303926,33.45138713532527,33.49315643310547,101900
2004-01-16,33.55283204560119,33.62443624335966,33.51702880859375,33.51702880859375,64800
2004-01-20,33.51703209085493,33.779584635441296,33.49913160872646,33.56476974487305,82000
2004-01-21,33.56477076411693,34.12567455832265,33.51106703984407,33.94666290283203,115700
2004-01-22,34.012297746885274,34.394189848614175,33.50509772607466,34.37628936767578,167200
2004-01-23,34.459824719006505,35.77854646931114,34.459824719006505,35.35488510131836,138200
2004-01-26,35.23554859614343,35.30715280021694,34.16147643001439,34.913326263427734,102000
2004-01-27,34.98492345361,35.63533401489258,34.81784398679716,35.63533401489258,91600
2004-01-28,35.7427488936329,35.99336473179632,34.31065123589304,34.37628936767578,103300
2004-01-29,34.13761435458797,34.304693898811394,33.886998452638416,34.24502182006836,87600
2004-01-30,34.16150283751803,34.788045229068,34.06006365968749,34.620967864990234,57200
2004-02-02,36.33944512144504,36.81681010738853,35.706935092410035,35.8143424987793,363500
2004-02-03,35.81434903251692,36.339451750978995,35.63533741466237,35.98142623901367,158000
2004-02-04,35.98740088973687,35.98740088973687,34.84769058227539,34.84769058227539,96100
2004-02-05,34.847689781308965,34.847689781308965,34.322586982890186,34.69851303100586,54300
2004-02-06,34.60899448661211,35.85014572632098,34.412080149516534,35.8143424987793,56200
2004-02-09,35.20570268242395,35.69500209692666,34.7701069732328,35.336978912353516,222900
2004-02-10,35.38471377515706,35.7129020690918,35.33697841347397,35.7129020690918,63800
2004-02-11,35.65324481328328,35.939663912691074,35.56373784885606,35.80242156982422,78500
2004-02-12,35.80240828791836,35.80240828791836,35.52792370401238,35.53388977050781,30500
2004-02-13,35.47422901977372,35.59357086632701,34.996863909816966,35.050567626953125,50000
2004-02-17,35.14007131949644,36.19027680821438,35.14007131949644,35.736778259277344,61300
2004-02-18,35.80240197800999,36.01124841237955,35.77853316372335,35.88594055175781,65900
2004-02-19,35.8859514743285,36.23204255805793,35.80241287515412,35.93368911743164,76800
2004-02-20,35.93369166440167,35.94562607602336,35.35488522015908,35.3608512878418,74400
2004-02-23,35.420517312730986,35.46228660816416,34.984921605887976,35.1102294921875,40300
2004-02-24,34.87751468082477,34.98492209236242,34.525457559952656,34.77010726928711,66400
2004-02-25,34.85961765228305,34.972993425443256,34.54933205272955,34.78801345825195,98800
2004-02-26,34.877531766172154,35.6174473233851,34.75818988641802,35.563743591308594,73900
2004-02-27,35.527946745350214,35.802431507270875,35.372801600781294,35.50407791137695,60500
2004-03-01,35.59356609736758,36.3931534030096,35.59356609736758,35.99335861206055,40200
2004-03-02,35.93369304749756,36.781015818944915,35.93369304749756,36.45282745361328,99500
2004-03-03,36.45281903276842,36.75713850363812,36.24397256023586,36.56022644042969,54700
2004-03-04,36.63182501421709,36.84663979666574,36.45877951988285,36.54828643798828,63600
2004-03-05,36.54830504626762,37.35116954362545,36.54830504626762,36.84788131713867,52300
2004-03-08,36.90778996997414,37.29124945749385,36.90179945113744,37.1534423828125,64300
2004-03-09,37.06358452671623,37.06358452671623,36.50637236084718,36.58426284790039,87400
2004-03-10,36.734016453758954,36.734016453758954,36.48237138065251,36.5782356262207,51600
2004-03-11,36.506365304143856,36.506365304143856,35.35000069188452,35.51177215576172,38000
2004-03-12,35.58366129115999,36.57825420108996,35.49978031939006,36.104923248291016,55200
2004-03-15,36.17684074093371,36.17684074093371,35.64958572387695,35.64958572387695,20900
2004-03-16,35.70948817064539,36.08096436714987,35.70948817064539,35.94915008544922,31100
2004-03-17,35.94915588432927,36.428477505669846,35.94915588432927,36.37455368041992,19900
2004-03-18,36.37455368041992,36.40451085320637,36.04502020859739,36.37455368041992,26900
2004-03-19,36.284664740473154,36.66212905040251,36.2187576206359,36.48837661743164,28600
2004-03-22,36.36855729356321,36.42847162947146,35.8652691009435,35.94915008544922,50200
2004-03-23,36.00905602141228,36.00905602141228,35.625598875644734,35.89521789550781,80700
2004-03-24,35.74543059494987,35.79336388202242,35.46982105103749,35.67952346801758,55200
2004-03-25,35.67953455879643,35.85927987002144,35.38595108376557,35.70949172973633,101500
2004-03-26,35.70948817064539,36.00307390200081,35.56569285023143,35.94915008544922,35100
2004-03-29,35.949148819825695,36.48838696635721,35.835310671373634,36.464420318603516,26100
2004-03-30,36.368567597841526,36.72805828631607,36.1948127746582,36.1948127746582,31100
2004-03-31,36.28466171074375,36.7879497008769,36.26668558873523,36.650142669677734,38400
2004-04-01,37.21934413145032,40.10126781888583,37.21934413145032,39.5440559387207,305900
2004-04-02,39.51410499537955,39.51410499537955,38.85503816880653,38.94491195678711,199900
2004-04-05,38.9449121399619,38.9449121399619,38.31580247789498,38.40567398071289,187500
2004-04-06,38.40567864811172,38.84306203353806,38.399685842511,38.57943344116211,82300
2004-04-07,38.489541966160466,38.813084752448084,38.297813415527344,38.297813415527344,82800
2004-04-08,38.387681667282685,38.72320543997109,37.80650329589844,37.80650329589844,78800
2004-04-12,37.81250060358975,38.47156719469083,37.80051728376806,38.285831451416016,54600
2004-04-13,38.375727771321166,38.375727771321166,37.29725120909547,37.30324172973633,46500
2004-04-14,37.24332088329221,37.50095665203236,36.82391365844183,36.82990646362305,41300
2004-04-15,36.85386380627062,37.1474494934082,36.596230372199756,37.1474494934082,35000
2004-04-16,37.44702827273391,38.046180725097656,37.43504494941641,38.046180725097656,67400
2004-04-19,37.97428606420624,37.9802765835446,36.991676330566406,36.991676330566406,57200
2004-04-20,37.231328223600514,37.806513955165094,36.91377819617974,37.36913299560547,89400
2004-04-21,37.36913515231867,37.36913515231867,36.524330346081044,36.757999420166016,131100
2004-04-22,36.757999798698634,37.39909270082066,36.757999798698634,37.38711166381836,66700
2004-04-23,37.315204289439606,37.315204289439606,36.656137677615185,36.69807815551758,57800
2004-04-26,36.698075552071636,37.26127784793792,36.680101715841325,37.105499267578125,38300
2004-04-27,37.027617413269724,37.59681264347519,37.01563409114503,37.39310073852539,34900
2004-04-28,37.33318417569145,37.33318417569145,36.847869943864154,36.961708068847656,77600
2004-04-29,36.90179709624616,37.51892334837847,36.847873287816206,37.1474494934082,41400
2004-04-30,37.075559579274504,37.51893117612569,36.859864300553156,37.26728820800781,73300
2004-05-03,37.207369568063555,37.72863389193947,36.97370045729835,37.45302200317383,62200
2004-05-04,37.363148238933675,38.08213165704958,37.29125058279767,37.9503173828125,82900
2004-05-05,37.89040653370018,37.90838037799026,37.48298263549805,37.48298263549805,64500
2004-05-06,37.423079281407325,37.423079281407325,36.937767028808594,36.937767028808594,62300
2004-05-07,36.877834202770636,37.03960564451723,35.87725067138672,35.87725067138672,40500
2004-05-10,35.81732527540782,35.81732527540782,35.31403723072736,35.469818115234375,96400
2004-05-11,35.469830763760626,35.505778453323686,35.152278363911755,35.224178314208984,90600
2004-05-12,35.2002067565918,35.21818059886746,34.75084241501828,35.2002067565918,87700
2004-05-13,35.20020811632222,35.61961530844228,35.1702509495105,35.18822479248047,53500
2004-05-14,35.12831115722656,35.42189459763747,34.92459921903751,35.12831115722656,55500
2004-05-17,35.12829851614169,35.12829851614169,34.63100103091123,34.72087478637695,34100
2004-05-18,34.78080148651786,35.20020868541864,34.77481096729279,35.008480072021484,26300
2004-05-19,35.158266267558425,35.89522351346876,35.14628294417957,35.2002067565918,76700
2004-05-20,35.17025534965346,35.48181495176222,35.17025534965346,35.39793395996094,36800
2004-05-21,35.338017986626255,35.61362761780785,35.25413699327409,35.445865631103516,53100
2004-05-24,35.505787265917654,36.35658527091986,35.48781341667499,36.09894943237305,48600
2004-05-25,36.03901247231377,36.434452906714704,35.94913871130164,36.33259582519531,37800
2004-05-26,36.27269141027722,37.213360613834865,36.24872476272007,36.883827209472656,66600
2004-05-27,36.82391168226,37.686692735212844,36.662140234831334,37.40509033203125,72100
2004-05-28,37.255284363290755,37.80650329589844,37.177393936523394,37.80650329589844,48900
2004-06-01,37.89640844144207,38.13607043672914,37.66273925310958,37.866451263427734,65200
2004-06-02,37.95630683935109,38.621366425352214,37.89639250851243,38.42364501953125,68300
2004-06-03,38.315371203673976,38.315371203673976,37.96048777218458,38.12890625,39800
2004-06-04,38.22515668829384,38.826656341552734,38.22515668829384,38.826656341552734,55400
2004-06-07,38.76648682565697,38.92287735887788,38.67626593058602,38.760475158691406,27600
2004-06-08,38.82063759868004,39.1815350730092,38.82063759868004,38.98303985595703,45000
2004-06-09,38.922895798676045,38.922895798676045,38.453728565803196,38.519893646240234,38100
2004-06-10,38.459735972458226,38.586052147450324,38.12891292121146,38.2371826171875,31100
2004-06-14,38.16500862534159,38.171022589454516,37.67178096498791,37.68381118774414,27400
2004-06-15,37.743974004984985,38.10487164339546,37.413150787353516,37.413150787353516,49700
2004-06-16,37.44320373307601,37.87628248640694,37.15448532903202,37.29884338378906,55400
2004-06-17,37.23870818269677,37.960505603796,36.99810827748678,37.89434051513672,70000
2004-06-18,37.90034758510282,38.189068336640794,37.4311803792817,37.44321060180664,48100
2004-06-21,37.503356376107135,37.58155166890772,37.2206542005714,37.250728607177734,21500
2004-06-22,37.25073559471455,37.52742385864258,36.87780783487543,37.52742385864258,40500
2004-06-23,37.46726941461869,37.64170419183573,37.17855097018889,37.52140426635742,24900
2004-06-24,37.46124267578125,37.87627718784025,37.310868384636294,37.46124267578125,37200
2004-06-25,37.35298610001011,37.59358596801758,37.11238852653304,37.59358596801758,96500
2004-06-28,37.59357767365566,37.67778692051987,37.383054556495146,37.61162185668945,24700
2004-06-29,37.61765666755307,38.02667517793788,37.49735670075795,37.92441940307617,29500
2004-06-30,37.86425925661488,38.68229373850065,37.86425925661488,38.393577575683594,48800
2004-07-01,38.37552651341136,38.64620075190268,38.345452107919,38.58605194091797,82800
2004-07-02,38.555969033875655,39.57851701223903,38.46574583192337,39.17551040649414,73300
2004-07-06,39.17550752303891,39.662723332557,39.127391238974845,39.578514099121094,68700
2004-07-07,39.57250730136916,39.57250730136916,39.00108212183263,39.10334014892578,160000
2004-07-08,39.0311642687258,39.0311642687258,38.76650395541553,38.97703170776367,72800
2004-07-09,38.946941581576205,39.031150817871094,38.826643983743274,39.031150817871094,35800
2004-07-12,39.025146190826064,39.24168560270183,38.78455092346239,39.019134521484375,29400
2004-07-13,39.01911570455199,39.01911570455199,38.86272518493633,38.928890228271484,98300
2004-07-14,38.92890386826613,38.97702475101755,38.61612271944186,38.62213897705078,99700
2004-07-15,38.616114521413806,38.646191214013285,38.195068359375,38.195068359375,37600
2004-07-16,38.20109576841455,38.53793511114652,37.9905726132885,38.18906784057617,22200
2004-07-19,38.18905931266892,38.18905931266892,37.10636248656569,37.689815521240234,78400
2004-07-20,38.35145308216401,39.3439264835169,38.01461618348295,38.88678741455078,165900
2004-07-21,38.85672747771939,39.06725063016171,38.25523013413531,38.29132080078125,102000
2004-07-22,38.14093927973743,38.14093927973743,37.32290267944336,37.32290267944336,84600
2004-07-23,37.32891460026146,37.695825940698725,36.992075364408564,37.599586486816406,105300
2004-07-26,37.59357786840042,37.86425208795889,37.53342906162294,37.695831298828125,80400
2004-07-27,37.749982754971725,37.8823129415512,37.605624637367676,37.70787811279297,57000
2004-07-28,37.774036976875216,37.780053235926296,36.571042154079635,36.98006057739258,109100
2004-07-29,37.052237412265974,37.63569060073933,37.052237412265974,37.59358596801758,41700
2004-07-30,37.593567841665255,37.593567841665255,37.01011493451323,37.26274490356445,47300
2004-08-02,37.202599503119416,37.78605249942716,37.178541359866756,37.70184326171875,50500
2004-08-03,37.73793745907714,37.92440013306034,37.56350271058394,37.84019088745117,73600
2004-08-04,37.74393222260029,38.20106887817383,37.62363237812452,38.20106887817383,35500
2004-08-05,38.1349290921939,38.225152308948374,37.32290637422325,37.930419921875,68100
2004-08-06,37.8582308256415,37.8582308256415,36.709371329645535,37.016136169433594,42600
2004-08-09,37.07627239397606,37.07627239397606,36.48680564618716,36.51688003540039,47700
2004-08-10,36.58908408883868,37.250730241324305,36.58908408883868,37.12441635131836,56600
2004-08-11,37.05222771905696,37.84018990083928,36.781555806521844,37.467262268066406,57500
2004-08-12,37.395086828703526,37.83418188615541,37.395086828703526,37.81613540649414,26500
2004-08-13,37.74393299864881,37.786037600901736,36.943940966785725,37.02815246582031,29000
2004-08-16,37.08831392403322,38.429652284032954,37.05222326924897,38.31536865234375,52200
2004-08-17,38.38755803093619,39.57852472051925,38.33943943942938,39.079280853271484,76500
2004-08-18,38.94695245044287,38.95296870873123,38.6161270804906,38.87477111816406,61900
2004-08-19,38.81461917212049,38.82063542992364,38.28530321194587,38.375526428222656,71100
2004-08-20,38.43567523988958,38.537928671140456,38.16500101815206,38.42364501953125,96100
2004-08-23,38.48379064894333,39.09130181242824,38.48379064894333,39.06122970581055,37200
2004-08-24,38.94695360172644,38.95296986019264,38.68830955640738,38.850711822509766,39300
2004-08-25,38.850698307744814,39.915350821937004,38.850698307744814,39.49430465698242,41100
2004-08-26,39.64470691589043,40.64319049261574,39.64470691589043,40.42665100097656,58000
2004-08-27,40.72739047179064,43.061198850259025,40.72739047179064,42.89278030395508,152900
2004-08-30,42.146914062274625,44.68523330826153,42.146914062274625,44.34839630126953,258200
2004-08-31,44.420799801232995,44.78292497314247,43.90778875730528,44.11299133300781,160600
2004-09-01,44.26391358367865,44.81314081945409,43.96214159162845,44.493263244628906,87700
2004-09-02,44.40268658982069,44.75877958091468,44.40268658982069,44.65617370605469,35800
2004-09-03,44.54152242534197,45.22352508011682,44.49323782907316,45.19938278198242,74700
2004-09-07,45.26577304927078,45.53133372465505,45.114887139106536,45.157135009765625,72300
2004-09-08,45.17525459867643,45.57359573534537,45.054547674962556,45.25975036621094,81600
2004-09-09,44.541520676969625,44.541520676969625,43.41289245801876,43.79916000366211,245600
2004-09-10,43.455145534331805,44.85536670625114,43.455145534331805,44.420814514160156,235200
2004-09-13,44.541539428589694,45.68826909735389,44.541539428589694,44.78899002075195,127900
2004-09-14,44.78898598471291,45.36235537210166,44.72863252411248,44.87348175048828,63800
2004-09-15,44.8070705556431,45.13902134032865,44.577725671015095,44.92174530029297,64400
2004-09-16,44.831218210126444,45.56754214443979,44.831218210126444,45.096778869628906,86200
2004-09-17,44.945901798395056,45.86932295803946,44.945901798395056,44.99418640136719,59000
2004-09-20,44.843289797339224,45.26576846110739,44.843289797339224,45.102813720703125,65300
2004-09-21,45.102822652706585,45.24767185115937,44.83726195164898,44.891578674316406,59800
2004-09-22,44.8915923537609,44.92177138977656,44.360475394475806,44.39668655395508,34800
2004-09-23,44.30616597446669,44.52343757190918,44.058710731347915,44.161312103271484,43800
2004-09-24,44.16733887353673,44.66224464350755,44.16733887353673,44.33633041381836,40100
2004-09-27,44.245796874770214,44.30011821411059,43.65432649770221,43.9923095703125,62800
2004-09-28,43.99230748661255,43.99230748661255,43.394800410213485,43.6663932800293,140600
2004-09-29,43.666379359166655,43.666379359166655,43.24390067310095,43.46720886230469,174200
2004-09-30,43.52757537622902,44.63809362691385,43.376689444037716,44.354427337646484,123700
2004-10-01,44.35442047152402,45.114886741355505,44.17939226471592,44.867431640625,57200
2004-10-04,44.92779718063484,45.44684516196061,44.92779718063484,44.96400833129883,93400
2004-10-05,44.96400061213407,45.700324580382386,44.95193176554241,45.464942932128906,166800
2004-10-06,45.428738289530436,45.80293709077164,44.89762142087155,45.17525100708008,81500
2004-10-07,45.084700027983864,45.265764929570835,44.10696245249504,44.92174530029297,141600
2004-10-08,44.84329358544059,44.84329358544059,43.21975974599375,43.334434509277344,152600
2004-10-11,43.34046807469153,43.67241892437986,43.17751331509075,43.55171203613281,92000
2004-10-12,43.461188507495905,43.461188507495905,42.74296994207364,43.340476989746094,98700
2004-10-13,43.4853328299817,43.6241453259968,42.827467690554215,42.942142486572266,76400
2004-10-14,42.942134691060595,42.972309112916086,42.25409524920332,42.567935943603516,94300
2004-10-15,42.49552529656816,42.54984203360147,41.91611914016751,42.1213264465332,117000
2004-10-18,42.127362942985066,42.64037429906954,41.79541198069113,41.84369659423828,105600
2004-10-19,41.69281131003272,42.670549424592366,41.584173230117834,42.31446075439453,194300
2004-10-20,42.20580358374687,42.47136423779118,41.54190655330828,42.3023681640625,98200
2004-10-21,42.22995200927713,43.03266620847413,42.22995200927713,43.00248718261719,116900
2004-10-22,42.97835780107733,43.21373953855817,42.519663177282304,42.81540298461914,111800
2004-10-25,42.36274480013053,42.76108135135571,42.229964414830725,42.525699615478516,135800
2004-10-26,42.44723883303802,44.432898593971494,42.44723883303802,43.9923095703125,120600
2004-10-27,43.907815284102156,44.90366356199601,43.83538836409517,44.16733932495117,61400
2004-10-28,44.01644875687831,44.1311235503905,43.37065708623488,44.10094451904297,82300
2004-10-29,44.088876946812626,44.680347299103495,44.05869791459064,44.360469818115234,69100
2004-11-01,44.269920476303824,45.70635713734203,44.18542474385123,45.13298797607422,117100
2004-11-02,45.042472619257005,45.26578548533389,45.01229819173774,45.12696838378906,97900
2004-11-03,45.265789602286,45.75465865649493,45.15111479513112,45.41667556762695,105600
2004-11-04,45.41667568156127,45.784837806290724,45.2657897158418,45.73655319213867,102500
2004-11-05,45.748604446416664,45.75463656675262,44.752756635013874,44.93985366821289,86200
2004-11-08,44.957968668204046,45.446842193603516,44.90365194575576,45.446842193603516,89000
2004-11-09,45.35631864463945,45.35631864463945,44.36047042837384,44.87348175048828,110800
2004-11-10,44.939866769581585,45.14507403762882,44.6260260477529,44.66827392578125,64900
2004-11-11,44.75880792150717,45.14507556358648,44.662238708650584,44.84330368041992,72000
2004-11-12,44.84328865387142,46.406464274626,44.84328865387142,46.1107292175293,129900
2004-11-15,46.00208934856716,46.10469064523036,45.1148796081543,45.1148796081543,86500
2004-11-16,45.22353127457963,45.8934651743873,45.20542569966696,45.3864860534668,89300
2004-11-17,45.295964394097496,46.412519512091734,45.295964394097496,45.585662841796875,43200
2004-11-18,45.688262348956634,45.869327325003724,45.446848520458666,45.537376403808594,28300
2004-11-19,45.44681787569605,45.44681787569605,44.49321824025045,44.60185623168945,32900
2004-11-22,44.51135762082197,44.770881652832024,44.17940667127166,44.77088165283203,54400
2004-11-23,44.81916656655229,45.49513271612046,44.66828060749882,45.060585021972656,37700
2004-11-24,44.96400290112782,46.291797118083984,44.95796617518843,46.098663330078125,46400
2004-11-26,45.99002157720369,46.06244846861656,45.91156256501068,46.05641174316406,10400
2004-11-29,45.90556024391182,46.34614943870054,45.88745465865729,46.02627182006836,28300
2004-11-30,45.92966362104407,45.92966362104407,44.90967814412709,45.000205993652344,66100
2004-12-01,45.09105840858726,46.168979841723925,45.09105840858726,46.14475631713867,31700
2004-12-02,46.053920135622114,46.73821732397286,45.84196546775289,46.42332077026367,81500
2004-12-03,46.42330389193809,46.73214329766546,46.0236228442963,46.235572814941406,41000
2004-12-06,46.114457993914854,46.647361415639836,45.71477696249912,45.97517395019531,29400
2004-12-07,46.02363852140349,46.10236150298354,45.00021666004072,45.097110748291016,23200
2004-12-08,44.60055161787595,45.76931029336984,44.60055161787595,45.44835662841797,33400
2004-12-09,45.38780407578867,46.29011335062801,45.351471086524384,45.70270538330078,37100
2004-12-10,45.59974787696366,47.08340310420693,45.59974787696366,46.598941802978516,64100
2004-12-13,46.508102634631484,47.004673317598126,46.508102634631484,46.58076858520508,29700
2004-12-14,46.58076620441921,46.93200034812205,46.24164613196929,46.68976974487305,42100
2004-12-15,46.56865779162209,46.932001394514444,46.326427182972324,46.84722137451172,28500
2004-12-16,46.992572994103384,46.992572994103384,46.538392189482224,46.8714599609375,29700
2004-12-17,47.234793328619624,47.38012986059993,46.586829040841316,46.62921905517578,42300
2004-12-20,46.55049206581379,46.6292150513425,45.7753531814246,45.781410217285156,41400
2004-12-21,45.872214557451215,46.326394899604196,45.696597604066035,46.290061950683594,31200
2004-12-22,46.35671686373271,46.683722936569175,46.235599225491896,46.45966339111328,25200
2004-12-23,46.36881949493602,46.93806076049805,46.36881949493602,46.93806076049805,29200
2004-12-27,47.150014029144195,47.150014029144195,45.714801315626744,45.96308898925781,42500
2004-12-28,46.05391946430951,46.689769598155024,45.96308241085602,46.51415252685547,17200
2004-12-29,46.42331356389299,46.65948709755439,46.38697597552398,46.47175598144531,8800
2004-12-30,46.47176916389797,46.859336335239,46.4112126596569,46.7321662902832,14200
2004-12-31,46.641314318097116,47.22266950948291,46.641314318097116,46.78665542602539,20400
2005-01-03,46.63527741672174,46.84117045786398,45.884361969794895,45.890419006347656,25900
2005-01-04,45.88434775743321,46.17502535978324,45.38777717771488,45.75112533569336,24500
2005-01-05,45.84196955694235,45.84196955694235,45.26667585897454,45.327232360839844,24600
2005-01-06,46.17504566907883,48.79718379755286,46.15082213988171,48.44594955444336,300600
2005-01-07,48.44596802938788,49.051542629755225,47.20453825056779,47.440711975097656,147300
2005-01-10,47.84035471022573,48.833495881432505,47.68896118266173,48.56098937988281,80400
2005-01-11,48.62761171659979,48.77900527160768,47.991756937500796,48.41565704345703,75200
2005-01-12,48.52465401137516,48.9606681299317,48.52465401137516,48.86983108520508,45000
2005-01-13,48.778998460044,49.63891262356975,48.59732437133789,48.59732437133789,157400
2005-01-14,48.748717849708385,49.23317900559717,48.748717849708385,48.997005462646484,53400
2005-01-18,48.84561394616604,49.263456974708006,48.506489274973205,48.736610412597656,80300
2005-01-19,49.58438944667351,49.77817291056241,48.1067922670815,48.13101577758789,72400
2005-01-20,48.25215465899377,48.51255176177099,47.05311565500068,48.04625701904297,162200
2005-01-21,48.052307321408406,48.203700857153336,47.507289668693836,48.02808380126953,79500
2005-01-24,48.0704848509702,48.24004953090089,47.622361175851886,47.979652404785156,43200
2005-01-25,47.88879502625842,48.26424796501409,47.84034799539861,47.846405029296875,36500
2005-01-26,47.35588214931798,48.30058067511962,47.35588214931798,47.985679626464844,66200
2005-01-27,48.07655606337068,48.29456323882698,47.93727652470867,48.022056579589844,67600
2005-01-28,48.02202568941569,48.18552865575138,47.555731067346834,47.87063217163086,84300
2005-01-31,47.99175450604565,48.68210871229234,47.99175450604565,48.62760925292969,63300
2005-02-01,48.53677151139871,48.53677151139871,47.99781086014154,48.32482147216797,108300
2005-02-02,48.37932597472386,48.37932597472386,47.59813464568655,47.882755279541016,49100
2005-02-03,47.77982292516664,48.748741078469436,47.77982292516664,48.476234436035156,82400
2005-02-04,48.47622131993159,48.930402014546196,48.47622131993159,48.68817138671875,80300
2005-02-07,48.960680896214285,49.32402454969699,48.80323028564453,48.80323028564453,32100
2005-02-08,48.694244384765625,49.051531097300625,48.44595663930926,48.694244384765625,34700
2005-02-09,48.57311961760388,48.89407329417554,48.40961657073058,48.44594955444336,31400
2005-02-10,48.355111374334044,48.99702333303192,48.20371778542244,48.96068572998047,19700
2005-02-11,48.86984335151889,49.92959835894483,48.73056385212112,49.051517486572266,71400
2005-02-14,49.081805815981845,49.23925182976662,48.29455726639432,48.379337310791016,78700
2005-02-15,48.258218557087694,48.60339573123229,48.0826014516225,48.143157958984375,83600
2005-02-16,47.84036785521184,47.84036785521184,46.72611340385829,46.98045349121094,498700
2005-02-17,46.780601964932735,49.045447937938576,46.780601964932735,48.59732437133789,398600
2005-02-18,48.86984181139828,48.972792948772145,48.22793456272554,48.76689529418945,172700
2005-02-22,48.676049376456255,48.676049376456255,47.65868460161831,48.040199279785156,78500
2005-02-23,48.04021056574007,48.06443409227986,47.35590864644557,47.39224624633789,69400
2005-02-24,47.483073331722835,47.483073331722835,47.11367271495286,47.30139923095703,41900
2005-02-25,47.422529527125896,47.53759014095201,47.15002289667728,47.33774948120117,84900
2005-02-28,47.156062027193336,47.156062027193336,46.635267874185004,46.99861145019531,109700
2005-03-01,46.998609360626915,48.7123852851417,46.998609360626915,48.451988220214844,151200
2005-03-02,48.3611780334712,49.29376328113363,48.16133734750784,48.427791595458984,145100
2005-03-03,48.47030340067623,48.68305149052953,48.14206150309091,48.36088943481445,61700
2005-03-04,48.31835943543877,49.06602261199299,48.23326016494479,48.96268844604492,40500
2005-03-07,48.87150466782531,49.18151177365063,48.73777593050608,48.816795349121094,13800
2005-03-08,48.81680796446372,49.22407412542668,48.76818311451443,49.145050048828125,31600
2005-03-09,49.11465209157882,49.33955531892902,48.79856511183336,48.96268844604492,46500
2005-03-10,48.96266807556496,49.14502159180163,48.360888950570626,48.403438568115234,66200
2005-03-11,48.50680297943536,48.97484901993268,48.50680297943536,48.60405731201172,47700
2005-03-14,48.695220961749385,49.5522933352998,48.695220961749385,49.059932708740234,53200
2005-03-15,49.21190590912499,49.21190590912499,48.689150602837834,49.0052375793457,27400
2005-03-16,48.91405012107253,48.91405012107253,47.929324206563635,48.518943786621094,47300
2005-03-17,48.50679519209088,48.6040495090539,48.172473332863156,48.33051681518555,17100
2005-03-18,48.42169795765,48.50071738334609,47.91717754439343,48.40953826904297,16100
2005-03-21,48.3244190216881,48.3244190216881,47.13910493844447,47.55852127075195,37700
2005-03-22,47.68621775185754,47.81387136914742,47.02365809934829,47.041893005371094,48200
2005-03-23,46.93246766934423,46.93246766934423,45.674208442497175,45.87480163574219,92400
2005-03-24,45.75320235569418,46.04497453186868,45.52829917750521,45.55868911743164,42600
2005-03-28,45.680261727037106,46.348900678160604,45.680261727037106,46.23948669433594,96300
2005-03-29,46.14832830232136,46.14832830232136,44.82928469943457,44.969093322753906,79900
2005-03-30,44.97516853078616,45.224391187010056,44.76242031057271,44.969093322753906,98800
2005-03-31,44.98124195301502,45.55870198792729,44.88398298762705,45.546546936035156,89100
2005-04-01,45.546534377306635,45.97203063964844,45.31555135454415,45.97203063964844,53100
2005-04-04,45.86261497519517,45.86869481802382,44.65906579855374,45.34593963623047,73500
2005-04-05,45.431056580119964,45.662044321961275,44.92046088511658,45.10889434814453,78100
2005-04-06,45.20006805497276,45.32163711894712,44.46456455153404,44.59829330444336,84000
2005-04-07,44.68945717612576,44.853580474853516,44.25180586716171,44.853580474853516,57500
2005-04-08,44.7441490514146,44.920427329933965,44.628655266766835,44.634735107421875,14700
2005-04-11,44.55573219579279,44.55573219579279,43.18805970920713,43.49806213378906,154000
2005-04-12,43.43727389924821,43.455508788831985,42.24587985831247,43.15766143798828,305900
2005-04-13,43.06040485992538,43.06040485992538,42.42824034457333,42.80510711669922,122400
2005-04-14,42.90236604986796,43.352177021870396,42.70177297837833,42.80510711669922,81700
2005-04-15,42.80509088985439,42.89019010533645,42.17292197658805,42.5497932434082,117000
2005-04-18,42.79297027602171,43.07866271680737,42.60453217222254,42.665321350097656,70900
2005-04-19,43.27315643529191,44.90220642089844,43.27315643529191,44.90220642089844,188100
2005-04-20,45.14534512489339,45.14534512489339,43.25492217070831,43.923561096191406,163100
2005-04-21,43.98436421016892,44.9083012663179,43.97828436496259,44.604373931884766,185300
2005-04-22,44.75633596712716,46.196953149332955,44.616531995420985,45.74106216430664,190800
2005-04-25,45.6802809386494,46.294215474841735,45.406743545266316,46.17264175415039,162600
2005-04-26,46.19694562166466,46.64068148197905,45.71673997251095,46.01458740234375,102200
2005-04-27,45.905182919113884,45.905182919113884,44.817127134203346,45.570865631103516,126000
2005-04-28,45.57084405914219,45.741042545207634,44.98730440510599,45.418880462646484,126300
2005-04-29,45.52832283117293,45.63165702821932,44.98125261509816,45.56479263305664,111900
2005-05-02,45.52829091507457,45.68025449981276,45.26083352191597,45.467506408691406,104800
2005-05-03,45.46751939245965,45.893015696207684,45.32163097040728,45.589088439941406,125500
2005-05-04,45.589102024446,45.59518186990031,45.22439013576309,45.303409576416016,162700
2005-05-05,45.285169486526485,45.58909679851659,44.84751341525069,45.20615005493164,101200
2005-05-06,45.31556329512258,45.753214721325406,45.242619071974104,45.44928741455078,107200
2005-05-09,45.297313291636094,46.25772447208,45.28515824270207,46.2090950012207,66200
2005-05-10,46.05713260035609,46.148311701236956,45.89301392881992,45.92340850830078,73900
2005-05-11,45.92342045212939,46.2881323129459,45.8383211725243,46.130088806152344,72200
2005-05-12,46.04497548350532,46.373217449400066,45.89909171118371,45.95379638671875,90600
2005-05-13,46.10576729690038,46.26989062459564,45.68635080542168,46.020668029785156,112000
2005-05-16,45.98418868284646,46.86557575373384,45.98418868284646,46.55556869506836,88400
2005-05-17,46.73794174194336,47.017554312916076,46.348915152975856,46.73794174194336,90300
2005-05-18,46.82910880036242,48.616202421413966,46.82910880036242,47.74089050292969,98600
2005-05-19,47.61930577597154,47.92323293962996,47.212044489683784,47.55852127075195,42000
2005-05-20,47.63147756169034,47.655792297468125,47.13911691548476,47.54029846191406,49300
2005-05-23,47.564619441807906,47.92933125122944,47.412655801418744,47.443050384521484,55200
2005-05-24,47.4126460905998,47.44304066747728,46.59204352808245,47.10871887207031,92400
2005-05-25,47.108726786058135,47.31539510334781,46.86558404287574,47.15735626220703,63500
2005-05-26,47.13912784966019,47.56462423056346,47.13912784966019,47.46736526489258,52600
2005-05-27,47.467346976445015,47.77735401312653,47.22420893107068,47.473426818847656,23400
2005-05-31,47.62539394892176,47.62539394892176,47.01753951527231,47.424800872802734,48100
2005-06-01,47.36402583279005,47.5342243662527,46.8595054389099,47.23029708862305,70700
2005-06-02,47.2424475902331,47.2424475902331,46.80479165354083,47.10871887207031,55900
2005-06-03,47.26126278686085,47.48094108408048,47.084304111039245,47.21854782104492,22300
2005-06-06,47.06599205603156,47.33448877779105,46.99276906324766,47.279571533203125,31500
2005-06-07,47.13924967666276,47.53589154357042,46.95618276714078,47.090431213378906,20500
2005-06-08,47.09042146887732,47.261281399429535,45.961521508656766,46.132381439208984,45300
2005-06-09,45.9798222362658,46.88904371331823,45.89439228033246,46.84632873535156,36800
2005-06-10,46.95615291127376,47.62739471567249,46.95005409892973,47.279571533203125,49700
2005-06-13,47.5969049748435,47.932526038822864,47.352817351547976,47.688438415527344,49900
2005-06-14,47.68843441822136,48.518329474512754,47.50536755219858,47.603004455566406,43300
2005-06-15,47.60300844571154,47.79217414236308,47.41383809347581,47.688438415527344,26400
2005-06-16,47.59689559823062,47.74944975078905,47.413828752927195,47.737247467041016,19300
2005-06-17,47.676221797136314,47.749449465937495,47.36501467979359,47.639610290527344,26500
2005-06-20,47.52978371861302,47.74946212768555,47.29179955138185,47.74946212768555,27600
2005-06-21,47.657926122647474,47.657926122647474,47.224672799010634,47.44435119628906,29700
2005-06-22,47.566400535041204,47.68234322374414,47.206374836246795,47.535892486572266,20800
2005-06-23,47.53587560847509,47.61520209303064,46.83412556466314,46.84022903442383,44300
2005-06-24,46.90124323133334,46.92565245139222,46.327638198906314,46.52901077270508,67500
2005-06-27,46.376449159018804,47.279571533203125,46.3642468787488,47.279571533203125,55500
2005-06-28,47.38943709999633,48.57935795199592,47.38943709999633,48.51223373413086,54100
2005-06-29,48.40236452255725,48.74408421578823,48.377955307957656,48.68306350708008,27900
2005-06-30,48.83565188368661,49.13465682513101,48.7258126686847,49.091941833496094,31000
2005-07-01,49.00038470376153,49.54957580566407,48.73799143382894,49.54957580566406,59400
2005-07-05,49.70214994638981,50.35508165010171,49.677745374521194,49.91572952270508,62900
2005-07-06,50.02556945022369,51.16667175292969,50.00725903767823,51.16667175292969,104300
2005-07-07,51.160555912966984,51.34972621886091,50.31845870725273,50.39778518676758,87200
2005-07-08,50.18420879036238,50.48321825797088,49.897406261128836,50.12929153442383,91500
2005-07-11,50.239146738390076,51.24600531890246,50.239146738390076,50.965301513671875,56800
2005-07-12,50.96531006033796,51.569428103304055,50.87378125587507,51.410770416259766,62600
2005-07-13,51.52056771319607,51.52056771319607,50.861532923830836,51.09341812133789,48400
2005-07-14,51.117853780831624,51.42906561886981,50.95309731103742,51.35584259033203,43400
2005-07-15,51.203288768320824,51.2276933409496,50.294062475826756,51.10565185546875,54400
2005-07-18,51.25819511128417,51.44736077012251,50.74561539485129,50.946983337402344,47100
2005-07-19,50.83714964220594,52.17352564860616,50.48322750938303,50.824947357177734,107100
2005-07-20,50.89207520609267,50.89207520609267,50.6174748896758,50.73952102661133,116000
2005-07-21,50.73951946595938,50.74562293651445,50.312364983199636,50.45882034301758,67700
2005-07-22,50.45881694892334,50.46491576348423,50.14150167957917,50.22083282470703,101700
2005-07-25,50.129307864508405,50.7822396127796,49.98285714538167,50.64799118041992,71100
2005-07-26,50.647988638478694,51.313122640134935,50.525947154595556,51.25210189819336,93000
2005-07-27,51.34363711701923,52.197941500539855,50.922586068547524,52.051490783691406,87800
2005-07-28,52.0575861806265,52.204041543441754,51.80739974975586,51.80739974975586,132500
2005-07-29,51.886702507113874,52.24673262316741,51.75855761496727,51.8683967590332,48400
2005-08-01,51.95993494368322,52.106385597407495,51.245982769247256,51.48396682739258,59700
2005-08-02,51.48397367474227,52.14910750120526,51.30701031081414,51.55109786987305,83000
2005-08-03,51.459572208490464,51.6792505791918,51.31922032781541,51.63043212890625,66000
2005-08-04,51.84399782090504,51.84399782090504,50.91647070814498,51.014102935791016,60600
2005-08-05,51.014101217465694,51.014101217465694,50.06826838485475,50.31845474243164,84100
2005-08-08,50.22692963718606,50.8493532107751,50.12319392678238,50.17811584472656,51700
2005-08-09,50.1781163715279,51.00190790467176,50.1781163715279,50.8432502746582,41300
2005-08-10,50.843252857589064,51.65484214761603,50.843252857589064,51.56330871582031,52600
2005-08-11,51.563316636859,51.59992815296797,50.9836125724062,51.23990249633789,72700
2005-08-12,51.331425136040195,51.837901406068575,51.209379015395704,51.50838851928711,62400
2005-08-15,51.63653849820555,52.85086841983904,51.63653849820555,52.10029983520508,143200
2005-08-16,52.143021264503545,52.25896394088017,51.429068759160586,51.502296447753906,66600
2005-08-17,51.471746547775645,52.57013780493407,51.46564308090778,51.84397888183594,34500
2005-08-18,51.84400600377269,52.02096939086914,51.435161965782754,52.02096939086914,41600
2005-08-19,52.02098679425533,52.43593444112499,51.752489888755804,52.149131774902344,31100
2005-08-22,52.1185877310208,52.14909575929462,51.78296683093547,51.8683967590332,56400
2005-08-23,51.94774213555842,52.027073280238284,51.490079644560225,51.78298568725586,63500
2005-08-24,51.66096156335212,51.71587884602985,51.319236956211704,51.410770416259766,93100
2005-08-25,51.319218563043826,51.422954274645605,51.16056093286354,51.26430130004883,46500
2005-08-26,51.25211358496129,51.441283980375204,50.55646672591724,51.34975051879883,57700
2005-08-29,51.288699534588986,51.453455943854706,50.843239433773135,51.441253662109375,36500
2005-08-30,51.41076312048214,51.41076312048214,50.397801042715514,50.666297912597656,59400
2005-08-31,50.64792585190459,50.64792585190459,49.74765826831606,50.311092376708984,79000
2005-09-01,50.31108034089845,51.474697232447866,50.17634511406581,51.339962005615234,38300
2005-09-02,51.38283286231984,51.41957713489794,50.73365445448878,50.85001754760742,16600
2005-09-06,50.941887642960594,51.83603418115679,50.81940360798934,51.59718704223633,69300
2005-09-07,51.689041904241584,51.689041904241584,51.12560798188723,51.40119934082031,33900
2005-09-08,51.40731530800596,51.40731530800596,50.93574214537063,51.076602935791016,28300
2005-09-09,51.04598917011042,51.45019481384212,50.9847471650659,51.40119934082031,20400
2005-09-12,52.160620398840656,52.57094705035651,51.99526648653914,52.33209991455078,66000
2005-09-13,52.30148262648955,52.40559452485918,51.29097297078087,51.4440803527832,31000
2005-09-14,51.4440787138619,51.572688349950596,51.045998598844704,51.14398956298828,22000
2005-09-15,51.23585828995295,51.321598052978516,50.84389908009324,51.321598052978516,21000
2005-09-16,51.321595627317784,51.66455466321045,51.22360466136763,51.59718704223633,77000
2005-09-19,51.6584418131707,52.436230111904685,51.53595774796054,52.325992584228516,41800
2005-09-20,52.38720021325894,53.71617060514852,52.38720021325894,53.379337310791016,94000
2005-09-21,53.46509264719807,53.46509264719807,51.88502355091752,52.032005310058594,62000
2005-09-22,52.06876729306673,52.828183430622516,51.848296915594446,52.49747085571289,65100
2005-09-23,52.50357060570719,52.70566874157454,52.43620300292968,52.43620300292969,23300
2005-09-26,52.45456872434165,53.042500271973445,52.19734954833985,52.197349548339844,28100
2005-09-27,52.25858905458646,52.74240872306636,52.25858905458646,52.31370544433594,44100
2005-09-28,52.32597334179504,53.15887776183978,52.32597334179504,52.88328170776367,22200
2005-09-29,52.944516342886494,54.31023587259971,52.76079033822726,54.053016662597656,39800
2005-09-30,54.16329150489323,54.68385588596092,54.01630499279274,54.273529052734375,43000
2005-10-03,54.426596950167905,54.78180241513461,53.83253974471328,54.57970428466797,83200
2005-10-04,54.5797195809769,54.95942288657365,54.5797195809769,54.867557525634766,40200
2005-10-05,54.94718445480951,55.11866399519985,54.1387775697786,54.17552185058594,44900
2005-10-06,54.26738994357628,54.26738994357628,53.336494288442935,53.69783020019531,44600
2005-10-07,53.697835006176334,54.1204129843188,53.697835006176334,54.01629638671875,27200
2005-10-10,53.95504263090482,54.230638732959505,53.28749666158572,53.47734832763672,37600
2005-10-11,53.385479200104,53.942792296307154,52.61382138262226,52.82817077636719,119800
2005-10-12,52.736299224881655,52.736299224881655,51.676794242363606,51.738040924072266,42400
2005-10-13,51.73805826862756,52.01977534355957,51.05826099146673,51.119503021240234,82800
2005-10-14,51.14399017468316,52.019764569208945,51.14399017468316,51.934024810791016,38200
2005-10-17,52.087132189746804,52.71793384345004,51.76254062148875,51.934024810791016,54500
2005-10-18,52.05649621638928,52.18510582281629,50.83776308384879,51.254215240478516,76000
2005-10-19,52.362725805303015,57.445892869424334,51.53594685865997,56.09854507446289,447000
2005-10-20,56.15976870658281,56.94980311725118,55.02677536010742,55.02677536010742,177800
2005-10-21,54.93491107572001,55.80456430774651,54.93491107572001,55.05739974975586,181300
2005-10-24,55.1186501394554,56.04954084148122,55.08802679816936,55.486106872558594,140900
2005-10-25,55.522860196711925,56.64972822345413,55.259515327261,56.637481689453125,209300
2005-10-26,56.79060156140238,57.139686263085004,56.60687080368848,56.955955505371094,189800
2005-10-27,56.83347333503453,57.831731981498606,56.73548234834319,57.21317672729492,87800
2005-10-28,57.36624757812498,57.568350355018104,56.45372929036208,57.09065628051758,78600
2005-10-31,57.182544710503514,58.63399965069532,57.17029350379097,58.058319091796875,173900
2005-11-01,58.06442031637324,58.18690897959591,57.71533580300191,57.7827033996582,153800
2005-11-02,57.83172469019148,58.48702414555187,57.83172469019148,58.364540100097656,187100
2005-11-03,58.57888488394953,58.695243316190336,58.211428104175454,58.3584098815918,123200
2005-11-04,58.43801526599809,59.270919667115095,58.12567961992853,59.11168670654297,46800
2005-11-07,59.344433471479206,59.47304313609547,59.01984650757138,59.25869369506836,46200
2005-11-08,59.442405492578274,59.98746737119301,59.20968396577109,59.9384765625,62400
2005-11-09,59.90174915644126,60.81427279943353,59.90174915644126,60.78364944458008,124300
2005-11-10,60.875473491091746,61.70225211345401,60.72236616574819,61.48177719116211,77500
2005-11-11,61.63490299521248,62.21670913696289,61.322562649579,62.21670913696289,57800
2005-11-14,62.40043824984102,62.40043824984102,61.702269028673655,62.143218994140625,47800
2005-11-15,61.95947254155705,62.057463474525726,60.722367383849054,61.2429313659668,149300
2005-11-16,61.36543473368201,61.39605807801917,59.889482051463986,60.09770584106445,67000
2005-11-17,60.25081054216636,64.30509538063313,60.25081054216636,63.69879150390625,220300
2005-11-18,63.698795772092204,65.31560933334379,63.613056012970254,64.10299682617188,237000
2005-11-21,63.980489270741714,64.4214391112495,63.692646754162205,64.32344818115234,173900
2005-11-22,64.48882974780257,66.55271422135199,64.4520807996543,66.2342529296875,192600
2005-11-23,66.29549895519307,66.96917052740378,66.01990752598263,66.61396026611328,67200
2005-11-25,66.94468295717662,67.98581615649478,66.77320340428048,67.97969055175781,40200
2005-11-28,67.97968178069085,67.97968178069085,66.44860786671133,66.6935806274414,69000
2005-11-29,66.69971306217523,66.75482948593897,66.30775380138608,66.68746185302734,53600
2005-11-30,66.53433323280952,66.90791556076759,66.0015179439679,66.04438781738281,72800
2005-12-01,66.37605617048169,67.81927996837386,66.32692399115282,67.21742248535156,96300
2005-12-02,67.37093308645981,67.65957868054751,66.95331908159905,67.57974243164062,41500
2005-12-05,67.59205058806306,67.59205058806306,66.60328768495869,67.18672180175781,94300
2005-12-06,67.34021322153487,68.71588063296142,67.34021322153487,67.55516052246094,80800
2005-12-07,67.40163196285263,67.40163196285263,66.36373745194615,66.5234146118164,71200
2005-12-08,66.48659022843731,67.23583943995138,66.48659022843731,66.73224639892578,75800
2005-12-09,66.88576170585803,67.35864583266637,66.68923307752165,67.09456634521484,160300
2005-12-12,67.3095195793703,68.66062590468752,67.3095195793703,67.8561019897461,96900
2005-12-13,68.00964558771805,68.93699534483169,67.80084090208398,68.53166198730469,60100
2005-12-14,68.68518348059719,69.61253306195572,68.66062208676698,69.28704071044922,95500
2005-12-15,69.4405946632731,69.74152101982855,69.20108117951442,69.67396545410156,71600
2005-12-16,69.91961201584976,69.93189740002082,69.20107166338322,69.20721435546875,85600
2005-12-19,69.36074007138443,69.36074007138443,68.16931097480689,68.32284545898438,86300
2005-12-20,68.16933792849622,68.16933792849622,67.00861714401339,67.37095642089844,67200
2005-12-21,67.52448272207427,67.55519150150297,65.811041533596,65.88473510742188,164500
2005-12-22,65.88472082798008,66.87962602851701,65.31357232710718,66.71380615234375,172000
2005-12-23,66.56025975078927,67.38320692176066,66.32688905017054,66.80591583251953,31700
2005-12-27,66.81204478800252,67.80080691671179,66.63394428249909,66.64622497558594,54400
2005-12-28,66.52341296633435,66.52341296633435,65.90313241431593,66.32688903808594,34000
2005-12-29,66.20406284167036,66.4497142360068,65.80487229762365,66.17949676513672,30200
2005-12-30,66.17338879858913,66.62171173095703,65.83561092588026,66.62171173095703,37300
2006-01-03,67.2358359950397,67.266540086339,64.93895630698294,66.94104766845703,124500
2006-01-04,67.09457944028419,67.39550576153138,66.73224025344594,67.05158996582031,78200
2006-01-05,67.20510636739911,67.20510636739911,66.22248672615711,66.32688903808594,35800
2006-01-06,66.1979367004543,67.81311798095703,66.1979367004543,67.81311798095703,69100
2006-01-09,68.65447223179697,69.08436686147633,67.8683765172404,68.59919738769531,95900
2006-01-10,68.45796477003903,69.46515073227069,68.23073201940704,68.88172149658203,76900
2006-01-11,68.32900013336044,69.12123877291373,67.79469834794038,67.8745346069336,88200
2006-01-12,67.75172644494437,68.77733612060547,67.56748310963282,68.77733612060547,94400
2006-01-13,68.62379500293657,69.31777410543293,68.62379500293657,69.18266296386719,47400
2006-01-17,69.79676915249257,70.3187853995816,68.18772626268283,68.65447235107422,111000
2006-01-18,68.34742361906063,68.38427040241568,66.95947032483639,68.10791015625,129200
2006-01-19,70.53374985228801,74.15102237383012,70.53374985228801,73.29737091064453,553600
2006-01-20,80.08359471139843,80.31083215292962,76.80409990694726,77.99552917480469,674100
2006-01-23,76.76724536105645,78.9719983987856,75.42842441453959,78.72019958496094,245100
2006-01-24,79.21765739757488,79.2667895580042,78.43769957863674,79.19923400878906,121000
2006-01-25,79.6966923906412,80.28012162747119,79.05184560424917,79.52473449707031,126300
2006-01-26,79.58616700587072,83.86671100508225,79.58616700587072,82.914794921875,295200
2006-01-27,82.92091134486563,82.92091134486563,80.8635453966775,81.75404357910156,228800
2006-01-30,81.85230894381492,82.29448903757756,81.08463647144944,81.9260025024414,229000
2006-01-31,82.17169436226953,82.28838212151629,81.20135486606615,81.55755615234375,86200
2006-02-01,76.14696467016974,80.91267657184441,75.53896939914127,79.55542755126953,385300
2006-02-02,78.75705475498582,79.50630381007251,78.75705475498582,79.2606430053711,96200
2006-02-03,79.11324630221834,79.75194557500599,78.64035751012533,79.62911987304688,80500
2006-02-06,79.47554274619138,80.691532473633,79.38956386386714,80.1756591796875,67200
2006-02-07,80.39068373744564,80.77759378823814,79.56774082811374,79.95465087890625,98300
2006-02-08,80.10815911260686,80.69772632198104,79.84407490992741,80.5196304321289,82400
2006-02-09,81.37330524167987,84.75106508190055,81.37330524167987,82.48489379882812,255700
2006-02-10,82.48490104789747,82.48490104789747,80.53194604854663,80.76531219482422,211500
2006-02-13,88.988588542123,92.1206959529231,87.05405767551234,87.20145416259766,1449400
2006-02-14,87.36109410143708,90.28438638990117,86.74081835343266,89.6395492553711,450600
2006-02-15,95.52919319369022,99.17717538374698,92.88839721679688,92.88839721679688,2536000
2006-02-16,92.7348871243926,93.96316377504681,91.19954131107484,92.67346954345703,338500
2006-02-17,91.99788826440829,92.00402627178092,88.44202345590325,90.0203628540039,442700
2006-02-21,91.19945981871588,91.76446544862847,89.02541621294354,89.2157974243164,209700
2006-02-22,88.28235335867167,90.1554764693521,87.88316733536445,88.6938247680664,266100
2006-02-23,88.55867437745384,88.55867437745384,86.15739318150708,87.08474731445312,473600
2006-02-24,88.74291436597444,88.74291436597444,87.422521810659,88.12877655029297,247000
2006-02-27,88.06122101572802,88.73677636137741,87.35496627609407,88.12877655029297,168400
2006-02-28,87.97529815844356,88.2885052704719,86.63648136517949,87.26904296875,184400
2006-03-01,87.4225418603317,88.55255345130506,86.59345187061669,87.58221435546875,204500
2006-03-02,87.72345306894235,88.22705063171554,86.68555854600773,87.5146484375,108900
2006-03-03,87.51466105495194,87.83495945771843,86.44906429417681,87.06501770019531,122800
2006-03-06,86.94185400448167,87.21904066615903,84.59507209998073,84.71210479736328,205900
2006-03-07,84.57039088316182,84.57039088316182,83.31384087431734,83.98523712158203,110300
2006-03-08,83.15370736536676,83.46168405931256,81.9526001387187,82.36528778076172,132200
2006-03-09,82.1681784710152,83.33849555130094,80.59750484539153,81.3366470336914,394400
2006-03-10,81.24427424077058,82.09429319710814,81.19500622474756,81.4598617553711,195500
2006-03-13,81.45985772045853,83.17836400499095,81.45985772045853,82.69176483154297,235400
2006-03-14,82.78415993329547,85.12478548887414,82.71640466146772,84.73057556152344,482800
2006-03-15,84.38561316762419,85.93165276986302,83.83125888439825,85.50665283203125,554200
2006-03-16,86.78780521082143,87.36680274323011,85.58054215910572,86.227294921875,267400
2006-03-17,86.23350291525853,86.94184578686578,86.14111363590312,86.516845703125,219600
2006-03-20,86.23345107056223,86.7446933726103,85.99322968995652,86.227294921875,236100
2006-03-21,86.07330026354985,86.23344470590038,85.40190415818508,85.89466857910156,178000
2006-03-22,85.91930697913978,86.49213888861101,85.27255430166976,86.04249572753906,172100
2006-03-23,85.94397633684898,86.04868728601377,85.03852409552069,85.54976654052734,71600
2006-03-24,85.61749152942967,86.23344470590038,85.46965938354484,85.89466857910156,115200
2006-03-27,85.77150363336236,86.11027985420405,85.18018428437485,85.98709106445312,109000
2006-03-28,84.38561886264681,86.325868383584,84.38561886264681,85.06317138671875,181400
2006-03-29,85.01390863815007,86.22117229077708,85.01390863815007,86.0487060546875,196600
2006-03-30,86.11029021243927,86.52913402771571,85.51281464163944,86.0794906616211,123400
2006-03-31,86.22728806566947,86.78164216185023,85.9685888608718,86.23344421386719,145000
2006-04-03,86.38746349007968,88.80815581660613,86.38746349007968,87.62552642822266,226400
2006-04-04,87.89657603461905,90.04009191133437,87.89657603461905,89.37487030029297,206400
2006-04-05,89.38715373510459,91.15494637106491,89.38715373510459,90.48971557617188,141300
2006-04-06,90.33570689944001,91.15492585884138,89.8059867226354,90.95166015625,69100
2006-04-07,90.95166714409321,92.08501896801114,90.26795860055657,90.89006805419922,148400
2006-04-10,91.16106437016968,92.02956054992461,90.7853325802636,91.14874267578125,152100
2006-04-11,91.14877365122776,91.57378296442121,87.31138693131521,87.7179183959961,255700
2006-04-12,87.2498060137891,89.62123065309493,86.96647267843508,89.24549865722656,160300
2006-04-13,89.32555774851683,89.32555774851683,87.90270700903245,88.08132934570312,92300
2006-04-17,88.08134708134223,88.97447774193668,87.92120256109148,88.1860580444336,78200
2006-04-18,88.20452502538387,90.94551577642402,88.20452502538387,90.8531265258789,203700
2006-04-19,93.62490574908149,98.15832261393247,93.07055151399533,96.2796630859375,626200
2006-04-20,96.39666707892167,96.39666707892167,93.6248779296875,93.6248779296875,277600
2006-04-21,93.62489951004919,94.24085279629952,91.77703965129822,92.88575744628906,148300
2006-04-24,92.88577565969413,93.07056356154342,90.66833963490896,91.2473373413086,177000
2006-04-25,91.06871755497433,91.23501821249216,89.9291999603786,90.99479675292969,69900
2006-04-26,90.85313811629692,94.73364691219146,90.82233856261836,94.17928314208984,195100
2006-04-27,94.05610939071613,95.71918216998111,92.23904821709874,94.53655242919922,217800
2006-04-28,94.85687941941282,95.25724560553081,93.2122840014797,93.34162902832031,225700
2006-05-01,93.34157204026656,93.92673527631281,87.69328061478419,87.98894500732422,408300
2006-05-02,88.14292485996567,89.86758665673692,87.90885958810304,89.313232421875,145900
2006-05-03,89.92919979044429,90.11398769715163,88.08133952077762,89.28861236572266,62900
2006-05-04,89.621177863832,91.08098373279334,89.57805663458403,90.33568572998047,228800
2006-05-05,90.4527806920798,92.85499572753906,90.11400436689833,92.85499572753906,75500
2006-05-08,90.3911388406255,90.99477039000337,86.88020721854916,87.76718139648438,495500
2006-05-09,87.76717559710218,88.2044971095452,87.21281207317297,87.45303344726562,237000
2006-05-10,87.31141446735529,88.01975728027153,86.38748415553144,87.53931427001953,139400
2006-05-11,87.53931302754577,88.42628761810039,86.80632682010952,86.81249237060547,131500
2006-05-12,86.81248638162258,86.9726309054839,85.8639127437784,86.16573333740234,171500
2006-05-15,86.1410890669226,86.14724521755515,85.00157148678512,85.31570434570312,342900
2006-05-16,85.31567108942716,86.75700866538033,85.31567108942716,85.89466857910156,95500
2006-05-17,85.74071708209567,86.23348171449064,83.46169123081057,83.70806884765625,328000
2006-05-18,83.68340169449446,84.20080012412652,81.18263321923965,81.18878936767578,208300
2006-05-19,81.19497124099492,81.97722519116992,80.52974052683612,81.58301544189453,119400
2006-05-22,81.4290338960029,81.61382178733739,79.0452973540255,80.51742553710938,159000
2006-05-23,80.93629643417502,83.01822253654441,80.93629643417502,81.76783752441406,162000
2006-05-24,81.9340941897789,84.38558520121481,80.83769828723574,83.46781158447266,215400
2006-05-25,83.7081143346928,85.5313416456858,83.34470386282172,84.06536865234375,327400
2006-05-26,84.06531775124873,86.23347635993538,83.89901709962075,84.57040405273438,173800
2006-05-30,84.41640950412807,84.6997427852343,81.61381984845937,81.84788513183594,134600
2006-05-31,82.35298519333175,83.15372666316246,81.92797575326057,82.53777313232422,176900
2006-06-01,82.51926565316091,82.52542180272539,81.49062475379668,82.22976684570312,176700
2006-06-02,82.59936110147115,84.81678787411441,82.59936110147115,83.80046844482422,480400
2006-06-05,83.41125678291944,84.27625863769113,83.3494668956587,83.7140121459961,302200
2006-06-06,83.70779261139893,83.71397725423513,81.47113915642532,81.85420989990234,292200
2006-06-07,81.92837267111939,82.71304935596895,80.93979129637526,81.56382751464844,390500
2006-06-08,81.718254713086,82.1136851932892,80.47635807083994,81.78004455566406,463100
2006-06-09,82.17548284906907,83.56566958899693,81.43405180666899,81.99630737304688,100900
2006-06-12,82.30524204522507,82.87367285492283,78.82050276556872,79.3271484375,124800
2006-06-13,79.02443471069599,79.02443471069599,75.99691441324096,76.3614501953125,370700
2006-06-14,76.51587353494556,77.04723416065241,74.56961593040214,75.69412231445312,226700
2006-06-15,76.46027362790696,79.5557528268321,76.09573802035479,79.29007720947266,298700
2006-06-16,79.29010318671263,79.58049861066418,78.38802669323027,79.06149291992188,103800
2006-06-19,78.90700178775288,79.17268211891314,78.21499599838332,78.5857162475586,122800
2006-06-20,78.46831465985312,79.43217591415498,78.00491910083824,78.6227798461914,169100
2006-06-21,79.0614561184518,81.66882436264146,79.0614561184518,81.08804321289062,101600
2006-06-22,81.08802839397484,81.4154937571688,80.35894798481152,81.29192352294922,152100
2006-06-23,81.44640328250392,82.1631145406628,80.89032298705943,81.58850860595703,109200
2006-06-26,81.88509297273507,83.13317445752584,81.61941734790858,82.88602447509766,140100
2006-06-27,82.79334619753295,83.17641687199628,81.84801993920364,82.40409088134766,112000
2006-06-28,82.40411843030887,83.04669914892531,81.58854681398572,82.62654876708984,222500
2006-06-29,82.7809727275018,84.75194983993379,82.66976232848597,84.64073944091797,88400
2006-06-30,84.79524191277868,86.30281474236742,84.51102172170754,85.98770904541016,131200
2006-07-03,86.14217745540574,87.58796989860542,85.96300191787161,86.8897933959961,70500
2006-07-05,86.77851749772152,86.90208772947398,84.98672556780005,85.89498138427734,51700
2006-07-06,86.34603007799818,87.06275072986998,85.83937979476975,86.79706573486328,94000
2006-07-07,87.04426285680749,88.00812453227495,85.78382110595703,85.78382110595703,76200
2006-07-10,85.8888333127301,86.75384415889386,85.68493810101597,86.01241302490234,56500
2006-07-11,85.85797687746862,87.0442689790049,85.01768546040398,86.80947875976562,81800
2006-07-12,86.96391188489615,87.66209764019567,85.63551487056625,86.22248077392578,101200
2006-07-13,85.88265954297776,85.88265954297776,83.17025074459605,83.92404174804688,239500
2006-07-14,84.07850408550428,84.1464691548929,81.63177101532199,82.16313171386719,186500
2006-07-17,82.00864077842722,83.63979250426146,80.96445477983464,83.46061706542969,99400
2006-07-18,80.32189880049727,82.05191081406939,78.08524115227816,79.06764221191406,1065600
2006-07-19,79.17886845974608,81.7182770683752,79.06765802604981,80.88417053222656,577300
2006-07-20,81.03862897884306,81.69973516654983,79.37658183249734,79.52487182617188,204500
2006-07-21,79.67936228780101,79.85853783761371,77.54155898352434,77.98641967773438,278200
2006-07-24,78.3756389091073,80.29100638209995,78.33856877079957,79.70404052734375,222300
2006-07-25,78.77727055383565,81.34138970662087,78.62280531745557,80.85945892333984,181600
2006-07-26,80.7049625444747,80.7049625444747,78.77724015522139,79.1170654296875,116100
2006-07-27,79.2715449271563,81.18690780849917,78.93171959129948,79.42601013183594,78300
2006-07-28,79.58047894719724,81.86656219461733,79.58047894719724,80.31573486328125,156000
2006-07-31,80.3157278107897,80.42693822809169,78.79578611301,79.80290222167969,159700
2006-08-01,79.74109843008307,80.38367882150986,77.95548142905832,78.62895202636719,114200
2006-08-02,78.474475232341,79.30241087814288,78.16554493585865,78.59186553955078,130600
2006-08-03,77.85046363288329,79.81525652303205,77.84428370476535,79.27154541015625,140800
2006-08-04,79.27154552836794,80.3219070425941,78.43742964564858,78.56100463867188,141400
2006-08-07,78.4065404030751,78.62279075116192,77.19553373988482,78.2520751953125,138500
2006-08-08,78.1284916615085,78.78342727629382,77.44884576441751,77.49827575683594,83600
2006-08-09,78.00491503039278,78.46213063820281,76.02158270697157,76.68269348144531,352000
2006-08-10,76.30579909725901,78.36945164417936,76.05865386590426,77.78866577148438,385700
2006-08-11,77.81956796776491,77.85046289415749,77.2326020775372,77.45503234863281,119000
2006-08-14,77.60949299094145,78.46213917075394,76.2440212321408,76.51587677001953,196000
2006-08-15,77.13375658458003,79.88942049297931,77.13375658458003,78.66605377197266,205700
2006-08-16,79.08621621891828,80.4393334579887,77.93699426237465,80.15511322021484,272900
2006-08-17,80.00062615478534,82.05192885435349,79.83381050092856,81.68739318847656,152800
2006-08-18,81.58850679664336,82.89219324238401,81.27957644862714,82.20636749267578,143000
2006-08-21,82.05191692147419,82.58327759174075,81.1930907782558,81.31048583984375,77100
2006-08-22,80.93974391039514,82.34229020420041,80.63698880252196,81.83563995361328,124200
2006-08-23,81.99010160933513,83.38647263106134,81.60085583334121,81.86653137207031,201400
2006-08-24,82.02104458040675,82.39794015295456,79.72877621075169,80.3281021118164,123500
2006-08-25,80.26007319782724,80.59989834999998,78.95021198705538,79.33328247070312,72800
2006-08-28,79.17886876253867,80.48255560899186,79.17886876253867,80.16744995117188,50400
2006-08-29,80.19833676347479,80.3404421130716,78.21499937211061,78.56100463867188,100700
2006-08-30,78.28295131043159,80.29099864971317,78.28295131043159,80.192138671875,64500
2006-08-31,80.14875534293614,80.68803627218018,79.5908697134707,80.6756362915039,70800
2006-09-01,80.83060453800248,82.90716152594315,80.73762832713342,82.5538330078125,117000
2006-09-05,82.39887877778902,82.8761788018674,81.73562630392802,82.51665496826172,100800
2006-09-06,82.51665875259567,82.82039686519643,81.92159196916953,82.59104919433594,100400
2006-09-07,82.59106230677402,82.59106230677402,81.69845253150504,81.89060974121094,102300
2006-09-08,81.93398054395146,82.69021871780183,81.51867096624933,82.44847106933594,195600
2006-09-11,82.29349015079036,82.34928533572038,81.0475616331982,81.76660919189453,103300
2006-09-12,81.82859094759402,84.1468955637345,81.69221953144375,83.81836700439453,260000
2006-09-13,83.97336437958865,89.41579466011311,83.09315457236403,89.19264221191406,326500
2006-09-14,89.19881186158928,90.66169761117044,88.96326895387375,90.43854522705078,132800
2006-09-15,91.0584002163755,92.24855241778847,90.92823352642999,91.7402572631836,121200
2006-09-18,91.74644784186758,92.32912393241851,90.20918139291702,90.83524322509766,161000
2006-09-19,89.69470793064187,90.28357939301006,88.78350314191049,89.97985076904297,240100
2006-09-20,90.74850210284183,91.7092976019271,89.00667778599568,89.92408752441406,177000
2006-09-21,90.07903741355663,90.58112794967029,89.16783256712237,89.5521469116211,80100
2006-09-22,89.38477946275216,89.80629375228648,88.88888419323584,89.50875091552734,51700
2006-09-25,90.1285955303735,91.24435724849857,89.40955749728244,91.05839538574219,54600
2006-09-26,91.21339306490569,92.65768380002761,90.87247390199869,92.32295989990234,83800
2006-09-27,91.74647086268952,93.32713290829929,91.64729937476059,92.55229949951172,103600
2006-09-28,92.82504592651391,93.45110793975313,91.7712743419028,92.91802215576172,64300
2006-09-29,92.91802953486487,94.43050604018276,92.02542928795192,92.36015319824219,301800
2006-10-02,92.36016205319402,92.36016205319402,88.78352762599862,89.69473266601562,228500
2006-10-03,90.0666220753446,90.56251726466628,89.7690887451172,89.76908874511719,88800
2006-10-04,89.82485810886793,92.050176606646,89.28556781419952,91.3993148803711,214300
2006-10-05,91.49231918733265,93.17835719264258,91.13899066504273,92.422119140625,186700
2006-10-06,92.51511767657246,92.88704153100066,91.92624612240823,92.37255096435547,111900
2006-10-09,92.26715824915526,93.37052017269104,92.08119635518987,92.99240112304688,106300
2006-10-10,92.85603734846347,95.92437574724138,92.85603734846347,95.27351379394531,179100
2006-10-11,94.09578851075251,94.6226696514215,92.98622156681787,94.535888671875,305300
2006-10-12,94.6908161289532,95.45325883863643,93.84160193411137,94.14533996582031,270200
2006-10-13,93.99038586256572,94.67223352207772,92.47790967982985,92.6700668334961,182000
2006-10-16,92.67002988046683,92.81880122644,91.5542684316954,92.0439682006836,210400
2006-10-17,92.19894688007918,93.27131327980658,90.87243294460224,92.01918029785156,116100
2006-10-18,92.20512649269807,93.74859722523391,91.90138855334138,92.18033599853516,120300
2006-10-19,91.74023983053965,92.08116828915986,90.81044010252742,91.02739715576172,77600
2006-10-20,90.90342320640522,91.24435169095767,89.74427581733956,90.2587661743164,120500
2006-10-23,90.25879302935385,92.00681225269794,89.8496787261656,91.8952407836914,87100
2006-10-24,91.49234623792677,92.14940355250575,90.86007943439621,91.12042236328125,76900
2006-10-25,91.12039928186849,91.71547543888109,90.58111831281133,91.12659454345703,38000
2006-10-26,92.05019573761992,94.28791467900571,91.0398100910464,94.20113372802734,196400
2006-10-27,93.90980016906126,94.79620496395128,92.5770906166946,92.6700668334961,161600
2006-10-30,92.36015989242063,98.24889491911858,90.81049278013168,96.07936096191406,632900
2006-10-31,97.00914219888827,97.33767080557229,93.227951403297,93.50069427490234,425100
2006-11-01,92.7320800709634,93.43252314595762,91.13282254008438,92.39115142822266,562800
2006-11-02,92.23617152348504,92.65767636079514,90.93444760418608,91.10181427001953,234400
2006-11-03,91.89525088450583,92.20518427703368,89.58315042460474,90.09764099121094,137300
2006-11-06,89.88068461796284,90.38277520489585,89.11204639275167,89.42818450927734,339000
2006-11-07,89.27939716055073,90.5067305385509,89.27939716055073,90.38275909423828,308000
2006-11-08,90.38276829442651,90.41995878566448,88.74012520864397,89.53974914550781,187600
2006-11-09,89.50873584999519,89.58932153702241,88.45496449114674,88.78349304199219,220100
2006-11-10,89.44679695922825,89.44679695922825,87.283458039397,87.87232971191406,220300
2006-11-13,87.71111861193069,88.53554227523614,87.28340917037093,87.7854995727539,137100
2006-11-14,88.17601853390205,88.5603327760395,87.22762344975351,87.7854995727539,102600
2006-11-15,88.23802696909601,89.74429848343911,88.23802696909601,89.26080322265625,219200
2006-11-16,89.41575107025633,90.2897651878253,89.30417962975633,90.11620330810547,193700
2006-11-17,90.11621195836675,91.58529281644569,90.11621195836675,91.22576904296875,187700
2006-11-20,90.99643292724788,92.0811996459961,90.53153290492722,92.0811996459961,253900
2006-11-21,92.23615725828368,93.9036000212009,92.20516203482443,92.422119140625,137600
2006-11-22,92.51507418895005,93.17833587727715,92.21133620199484,93.07915496826172,91300
2006-11-24,93.16596366003552,93.36431607875805,91.8394493465273,92.82503509521484,35700
2006-11-27,93.13494499755566,93.13494499755566,90.71746934338012,91.10797882080078,373800
2006-11-28,91.23200091302442,91.3373866037851,89.39720028406184,90.01087188720703,195400
2006-11-29,89.75669238499339,90.18440188480643,89.16782096197568,89.63272094726562,435200
2006-11-30,89.3653888889362,89.88137801179346,88.82453704908272,89.129150390625,238300
2006-12-01,89.1354581232565,89.39655958737255,87.61235202028355,88.46405029296875,89800
2006-12-04,88.96128684868121,90.68331184310856,88.96128684868121,90.60250091552734,124700
2006-12-05,90.39111185610899,91.55364503466828,90.23569384433029,91.19928741455078,221700
2006-12-06,91.07498049729814,92.00127552276425,90.85739142527343,91.44176483154297,109700
2006-12-07,92.06345933464297,93.0519161299395,91.49152189045944,91.89561462402344,158300
2006-12-08,91.78993167799005,92.0510424496072,90.95067957825587,91.47909545898438,99800
2006-12-11,92.94000103545531,92.94000103545531,90.3289794921875,90.3289794921875,79900
2006-12-12,90.40359756494794,91.07500488260342,89.5581227374523,90.82633972167969,107300
2006-12-13,89.89382651058932,91.0750001931096,89.89382651058932,90.87606048583984,123500
2006-12-14,91.01283423177782,92.08833429791284,90.79525458654736,90.80146789550781,92400
2006-12-15,90.91955289687365,90.93820230269331,90.23570973027213,90.6771011352539,116200
2006-12-18,91.1434441203521,91.1434441203521,89.62656106158393,90.13633728027344,106100
2006-12-19,89.83170429838255,90.67717954180623,89.52086795132932,90.60879516601562,83800
2006-12-20,90.08033073736595,92.10076612196359,90.02438249565566,91.29881286621094,112100
2006-12-21,92.16292635244045,93.52439032356348,92.03237098445625,92.87784576416016,190100
2006-12-22,92.81568938597648,93.30059308953209,92.62918577246253,92.97110748291016,127300
2006-12-26,92.81566398427904,93.34407967765652,92.6291604218072,92.71619415283203,75700
2006-12-27,92.71618707838971,94.66202400650263,92.71618707838971,94.27658081054688,91900
2006-12-28,94.43203241596186,95.42671203613281,94.2455382874017,95.42671203613281,119800
2006-12-29,95.42670931593811,95.58212740928654,94.30769714663586,94.4320297241211,81900
2007-01-03,95.05370910231957,98.4791302031683,95.05370910231957,96.43382263183594,243200
2007-01-04,96.51466668317862,98.11858305526385,95.42673968352926,97.47203826904297,248600
2007-01-05,97.47818327926997,97.91956514048063,97.05544133547343,97.44709777832031,165500
2007-01-08,98.22421702884307,99.33700619983853,97.35387965968272,99.24375915527344,260600
2007-01-09,99.46755230017826,100.306813567097,99.26239933524333,99.87163543701172,243200
2007-01-10,99.74733830330442,102.52621479104586,98.78374415113554,102.51377868652344,293800
2007-01-11,102.60705434866709,104.68343835005861,102.51379777633541,104.45342254638672,313500
2007-01-12,103.83166610733336,108.10254995908548,103.83166610733336,107.2384262084961,427900
2007-01-16,107.54930534957319,107.85392818429729,105.25533309921786,106.59193420410156,333200
2007-01-17,106.91525243944197,108.8548774263485,106.49873293050887,107.66748046875,210900
2007-01-18,107.97827716779219,108.10882305541138,105.32373344991191,105.72160339355469,305700
2007-01-19,106.05730609827708,106.05730609827708,104.98802890351055,105.48535919189453,159100
2007-01-22,105.6221128416059,106.03241880852467,104.81394649496487,105.23667907714844,219600
2007-01-23,108.7926641907263,109.97383789326717,104.87612638266665,109.50758361816406,786900
2007-01-24,106.40543570598598,107.58660931003217,103.58303808390498,106.92142486572266,1242700
2007-01-25,106.86543372599739,107.4871058465348,105.00041736438511,105.49775695800781,390900
2007-01-26,105.07506501307891,105.6843012702128,104.13633367783612,105.1683120727539,303800
2007-01-29,106.10081417910762,106.53598290781333,104.5404200640461,104.80152130126953,198000
2007-01-30,104.956970879044,105.0999529001055,102.98627016296182,104.51557922363281,428000
2007-01-31,103.35305647398442,104.92588719107184,103.19763834394836,104.29177856445312,214700
2007-02-01,105.37345499360342,106.29352734278667,104.42851044024502,105.26155853271484,303700
2007-02-02,105.26153994588319,105.68427248255027,104.53417513467775,105.11233520507812,183600
2007-02-05,105.61590375682445,106.46759174884295,105.3237170249997,106.08837127685547,293000
2007-02-06,105.6905293383362,106.40545834423001,105.44186415383238,106.18165588378906,157900
2007-02-07,106.89655939871943,107.38146307607823,106.41786902995389,107.26334381103516,243800
2007-02-08,107.58043170210249,108.53780321102384,107.58043170210249,107.82288360595703,326700
2007-02-09,109.94898438195774,112.08753902064824,107.3628248427986,107.97206115722656,324700
2007-02-12,107.56172362509402,107.81038870359919,105.74644199130512,106.5048828125,314700
2007-02-13,106.92761484742599,107.30062194941914,105.7277920945522,106.0013198852539,183200
2007-02-14,105.84594698272913,108.39480779949696,105.84594698272913,107.01469421386719,466400
2007-02-15,106.86548914298032,109.48273430148552,106.15056962801367,109.15946197509766,419900
2007-02-16,109.46409372788521,109.78736608038201,107.30067610787931,107.88504028320312,179300
2007-02-20,108.1087960851922,108.7926393267752,107.45604783800381,108.17096710205078,219000
2007-02-21,107.7668996352972,108.13989733284058,107.26955988593927,107.32550811767578,188800
2007-02-22,108.54399544874185,109.35216191008644,107.99692074853687,108.79887390136719,304300
2007-02-23,108.80512264344785,108.89836972323505,107.97207429148115,108.38860321044922,214300
2007-02-26,108.38857988478077,108.6372450346792,103.69495166420057,104.17985534667969,427700
2007-02-27,103.97472055188827,103.97472055188827,99.09458787061081,101.35747528076172,283800
2007-02-28,101.82991522727126,101.82991522727126,98.3982817923118,99.00130462646484,515800
2007-03-01,98.22423000330026,99.30594329296832,95.91782144142255,98.55992889404297,258000
2007-03-02,98.22421296448289,98.34854551408027,96.483528812223,96.79436492919922,218300
2007-03-05,96.4760071798544,97.11284684258743,95.0212487850414,95.22103881835938,235200
2007-03-06,96.3073812118641,97.33132964885662,95.8078920781442,96.83184051513672,326000
2007-03-07,96.71949762798725,98.30536599546258,96.55715811914267,97.27517700195312,246400
2007-03-08,97.43123702042244,99.5228342368643,97.43123702042244,98.37401580810547,216600
2007-03-09,98.76110052723787,99.64144899016127,98.27410127688921,99.03582000732422,169900
2007-03-12,99.04206948867791,99.66017879062564,98.51136053716279,99.46662902832031,228100
2007-03-13,99.46663568325197,99.57902526282881,95.63931177540361,95.75170135498047,272100
2007-03-14,95.74544530237078,96.60081398405605,94.47799744223931,95.90153503417969,308300
2007-03-15,95.358375084955,98.04312146972843,95.358375084955,97.35008239746094,212600
2007-03-16,97.9120255572731,98.7049549728866,97.29390644860533,97.44375610351562,174400
2007-03-19,97.44377203269694,98.97345059296872,97.44377203269694,98.84233093261719,154900
2007-03-20,99.36055867215457,99.36055867215457,96.20130150092251,96.35739135742188,491700
2007-03-21,96.40728169857573,99.1357276560411,96.40728169857573,98.91719818115234,329500
2007-03-22,99.70391975300217,99.9536596161561,98.49890157221992,98.7611312866211,194600
2007-03-23,99.27931163231533,100.1409300182525,98.96089200258093,100.12220001220703,138600
2007-03-26,100.36574581409127,101.07751495231629,98.5988080571454,99.6040267944336,164200
2007-03-27,99.67893051387654,99.71015037552515,98.71118149151914,99.00463104248047,103800
2007-03-28,99.29184768924115,99.58529728980726,97.71221959783595,97.83708953857422,152900
2007-03-29,98.18046632615665,98.6487356409078,96.4759686880123,97.40625762939453,146900
2007-03-30,97.64971875668333,98.77356657397709,97.34378902236435,97.5935287475586,202200
2007-04-02,97.50616355384912,97.69347319702212,95.97648560070411,96.2137451171875,184700
2007-04-03,96.6195686103195,97.63102728155363,96.6195686103195,97.40625762939453,153600
2007-04-04,97.40624180571763,97.74964115280919,97.10031200036866,97.26264190673828,143700
2007-04-05,97.15029283669303,98.02439188346658,97.02541337832673,97.71845245361328,111700
2007-04-09,97.56233194978643,98.19294062437027,96.88802310010114,97.00665283203125,211500
2007-04-10,97.00666808467473,99.06081481147523,97.00666808467473,99.01710510253906,182200
2007-04-11,98.80482492281209,98.8110650839376,97.48742687609605,98.04310607910156,113200
2007-04-12,97.24394290350267,98.43022154226176,95.9764945221985,97.71845245361328,288200
2007-04-13,97.9432137338548,98.673712773162,97.56860397180624,98.56133270263672,193800
2007-04-16,99.02333861235691,100.48433634754856,99.02333861235691,100.27205657958984,248900
2007-04-17,100.52178251442263,101.45208070156009,100.24082291589247,100.89015197753906,201200
2007-04-18,100.4593421523627,101.6643597708252,99.89742295900257,100.14092254638672,306300
2007-04-19,98.64874183263257,98.64874183263257,95.63932627466893,97.6872329711914,1000600
2007-04-20,98.33655581313167,98.59254532425932,96.2137387365225,96.6757583618164,354900
2007-04-23,96.83186275943967,97.38754204752647,94.97127507405406,95.33340454101562,346300
2007-04-24,95.14612519547379,95.87038436014548,93.65390666371073,95.31470489501953,332800
2007-04-25,95.83910268200015,95.89529270329072,94.19079536874324,95.41454315185547,319100
2007-04-26,95.68305928684546,100.80280345748565,95.39584982730027,95.47077941894531,288800
2007-04-27,95.47075629665005,95.9078057797022,93.84117859579798,94.58416748046875,358200
2007-04-30,94.58419170951036,94.62789190552787,93.32922344681238,93.46658325195312,463500
2007-05-01,93.41662468531837,93.66012440326554,92.09298617001232,92.93587493896484,385900
2007-05-02,92.57996430840494,94.15335186924997,92.33022448533399,92.81097412109375,400900
2007-05-03,92.96704011920437,93.59764873069247,92.71106020045175,93.01074981689453,286500
2007-05-04,93.05448853485088,93.4915475849569,92.66738888963535,92.97956848144531,266000
2007-05-07,93.80372720347063,93.97854701277677,91.81201988284162,92.66738891601562,441400
2007-05-08,92.30523539308282,92.62366459110034,91.53727646467827,91.98057556152344,304600
2007-05-09,91.56222383764373,92.13039269186099,90.28229578461746,91.23756408691406,451500
2007-05-10,90.68815690582545,91.71210542199685,90.5320671349032,90.93789672851562,343800
2007-05-11,91.93687493360292,94.52796131619239,91.93687493360292,93.085693359375,424700
2007-05-14,92.96706992678126,93.21681929302711,90.9441524584929,91.5997314453125,446600
2007-05-15,91.69337367855726,92.44260265943024,90.1949157168113,90.41968536376953,390800
2007-05-16,90.7693262090136,91.21886550931538,89.71415783822088,90.34475708007812,273000
2007-05-17,90.63820566115373,92.7735125517475,90.25110608376617,92.46758270263672,528900
2007-05-18,92.65485339031939,93.08566253908562,92.28024378088469,92.52998352050781,350000
2007-05-21,93.77869227071378,93.84113196310616,91.59968609982796,92.60490417480469,644000
2007-05-22,92.60494257285465,93.07945204012687,91.8432237392312,92.0180435180664,247200
2007-05-23,92.4676070356643,93.40414589344496,91.53106817788363,92.0118179321289,337900
2007-05-24,92.00553131454957,92.52999052362802,90.71935345692151,91.33122253417969,327600
2007-05-25,91.1751713370546,91.46238075500732,89.97016267880237,90.51959228515625,308600
2007-05-29,91.78081475949352,92.23035420618714,90.53209619133715,91.41244506835938,284700
2007-05-30,91.09399428913385,91.46861358216738,90.60699492436888,91.4249038696289,190600
2007-05-31,95.0836335402791,96.4447411947796,93.65385553760203,95.86408233642578,999000
2007-06-01,95.73927195391325,96.52597092676271,95.57070176856159,96.33866119384766,410000
2007-06-04,95.15236665462928,95.71429581844059,94.60917703721636,95.4832763671875,215000
2007-06-05,95.69642779692575,97.46486263495737,95.06932147995738,95.4455795288086,249100
2007-06-06,94.81850016432982,95.82187438424504,94.73698282679278,94.84358978271484,254500
2007-06-07,94.84988887931979,95.13208498204246,93.46397885463976,93.66465759277344,369200
2007-06-08,93.66464255352243,95.45190019861009,92.87449167899163,95.33274841308594,520500
2007-06-11,95.7403878119357,96.98833370797597,95.2261652450364,96.78138732910156,305900
2007-06-12,96.26088490559938,99.08286524485148,96.26088490559938,97.38967895507812,892000
2007-06-13,98.01672579279872,98.78179631603435,97.08233387340213,98.43061828613281,403100
2007-06-14,98.46820861567552,99.41513544067831,98.34905691825604,98.5936279296875,287200
2007-06-15,99.22081268870414,99.77266959029073,98.44947420590496,99.02013397216797,247100
2007-06-18,99.08282462769336,100.71330531620963,98.65011962203174,100.51262664794922,395800
2007-06-19,100.43107805670338,101.34038991869232,99.05144600141756,101.00174713134766,428000
2007-06-20,101.34668648866443,101.98006063786927,98.83826037379755,99.00130462646484,479000
2007-06-21,98.87584576421106,99.05143475664741,96.29217095931995,98.22992706298828,444800
2007-06-22,98.33657217945056,100.08620473432944,96.12915454282003,97.52133178710938,1890100
2007-06-25,97.45861792009883,98.76300051419878,96.5304934632736,96.9067611694336,267500
2007-06-26,97.45236769378512,99.02013428840128,96.5932346619796,98.01676940917969,584100
2007-06-27,97.82235044410794,100.07992819657397,97.46489513119126,100.02349090576172,316900
2007-06-28,99.86671445607847,100.33704435147601,99.20825068874467,99.58451843261719,203400
2007-06-29,99.64720745547265,100.02347513935011,97.38963005886202,98.19859313964844,480100
2007-07-02,99.11417283710377,104.24389882393669,98.86332452462881,103.77984619140625,600200
2007-07-03,103.78609451593137,104.78946844152375,103.20289023950988,103.94287109375,145000
2007-07-05,104.25648033068468,104.28156038631816,102.28736583681855,102.78277587890625,211300
2007-07-06,103.15900418734718,103.94288719788933,102.65731714682332,103.88017272949219,130200
2007-07-09,104.09964044795643,104.1623549022852,102.60712446864822,103.03356170654297,200900
2007-07-10,103.04613697769919,103.10884188168498,101.60379022163481,102.75139617919922,420100
2007-07-11,102.7137723168301,103.38478088378905,102.12430022809625,103.38478088378906,333600
2007-07-12,103.78614022891507,104.40070200536285,103.14022120931557,103.66072082519531,359700
2007-07-13,104.75811615750557,106.35723924052205,104.1623670474478,105.88690948486328,332200
2007-07-16,105.85559022697204,106.2569380463519,104.30036862298593,104.77069854736328,365400
2007-07-17,104.53864517956065,105.15948402101442,102.26225523200058,102.93952178955078,517000
2007-07-18,103.4725505945281,110.3707206341633,103.46000578789585,109.30464172363281,1449800
2007-07-19,112.03255130988018,112.86033632713377,107.93754740118187,109.68717956542969,1370600
2007-07-20,108.81555186893412,109.1792748851698,105.89323249527004,107.55506134033203,753100
2007-07-23,108.48940451409749,109.49277855681038,107.24145936419487,108.06924438476562,424900
2007-07-24,107.23518159522656,107.23518159522656,103.23424017892931,104.63896179199219,790600
2007-07-25,105.66745693572967,106.38235804203492,104.60137768160948,105.8555908203125,487400
2007-07-26,104.63272364268866,104.71424098107235,101.27770003083124,103.7234115600586,553900
2007-07-27,103.22797974189368,104.41321039606665,101.03310745128567,102.50053405761719,465900
2007-07-30,101.90479977108102,104.01814547967494,100.09246248406151,103.09629821777344,619500
2007-07-31,103.78613006209132,104.7581470912537,99.84163422351573,100.02349090576172,458900
2007-08-01,100.21162641782,100.83873295414068,96.19813884403592,97.49625396728516,816000
2007-08-02,97.43350198862166,100.52514099868004,97.37079710045352,99.05143737792969,471800
2007-08-03,99.05147312607752,99.23960699624574,94.00954090510896,94.69308471679688,784300
2007-08-06,94.71191474844021,98.01676940917969,94.37954899589262,98.01676940917969,517100
2007-08-07,97.2015102696366,99.77265082045238,96.6998231415645,99.1267318725586,571800
2007-08-08,99.67858928234578,103.46631839571702,99.67858928234578,101.89855194091797,595600
2007-08-09,99.67856217879772,102.78273700146778,94.94390685892496,98.09825134277344,751200
2007-08-10,95.94728489163556,102.01140299109562,94.09732281567184,99.08281707763672,789700
2007-08-13,100.69450699154602,105.82423416418729,95.3829135542089,95.80934143066406,786200
2007-08-14,96.88796373848736,97.640489698407,90.65452298700875,92.12822723388672,1530500
2007-08-15,89.46301527826478,94.46732245173312,89.46301527826478,91.11857604980469,717800
2007-08-16,90.773690419993,96.76256102814673,87.29324649011197,96.12290954589844,1015300
2007-08-17,99.08283719794696,102.22463764151298,98.33031123427155,101.12093353271484,1009200
2007-08-20,101.32780382288699,101.32780382288699,96.9192487473119,99.14547729492188,366000
2007-08-21,98.75672240961427,99.99212289842416,97.8286075302815,99.40264129638672,269100
2007-08-22,100.65056693918764,102.4942610982539,99.14551556017366,100.58785247802734,807300
2007-08-23,100.74466603779149,101.5912637297609,99.64722954688358,100.25552368164062,545300
2007-08-24,100.46245915784644,100.46245915784644,97.22031970848293,99.49671936035156,269700
2007-08-27,99.39637600381916,100.46245509449945,98.45571629400384,98.6563949584961,232600
2007-08-28,98.02927987825221,98.39299318016073,94.07223034186352,94.28545379638672,311700
2007-08-29,95.27445555568156,97.52954795463745,94.22250073700222,97.466552734375,356800
2007-08-30,96.43347554433332,97.92637738703188,95.99883360070156,97.09488677978516,212900
2007-08-31,98.82086877539116,98.95945056456033,97.19569020290594,97.69962310791016,183000
2007-09-04,96.97517831725445,100.00506061797971,96.43975762631995,99.27436828613281,126200
2007-09-05,98.42401248165787,99.27439979418739,97.13268751555452,98.73267364501953,208300
2007-09-06,99.79091980394462,99.79091980394462,97.63661626303119,98.701171875,196000
2007-09-07,97.47911523820972,97.64919457643283,95.69016318459205,96.11849975585938,243100
2007-09-10,96.27599779792224,96.92480807391978,94.39885785434295,95.80986785888672,148600
2007-09-11,95.93584433617997,99.66493173884666,95.93584433617997,99.26178741455078,292100
2007-09-12,98.70119709633713,98.9027645188091,96.31381835767752,97.46026611328125,257800
2007-09-13,97.95154589003131,99.96097142397805,97.32163241163883,99.95466613769531,133900
2007-09-14,99.3247521277638,100.27592762654503,98.2035069111629,99.65861511230469,185300
2007-09-17,100.03030008294537,100.59721858299609,99.26810025697269,99.5263671875,153600
2007-09-18,100.15622663919905,107.08527376518138,100.15622663919905,106.77031707763672,532200
2007-09-19,107.07901667523538,110.23488036136189,106.8333507548988,107.5136489868164,517100
2007-09-20,107.33726512661546,107.7152171014833,103.99242571239165,105.04438018798828,235600
2007-09-21,105.25856424237051,107.77821859060948,105.19556903897711,107.13570404052734,236300
2007-09-24,107.17978933726826,107.17978933726826,103.9357383192634,103.99873352050781,149000
2007-09-25,104.20027892324941,106.3797836303711,103.40659145796498,106.3797836303711,247000
2007-09-26,106.45541533718948,106.97194918499567,104.51527998710527,106.29164123535156,209200
2007-09-27,106.31050322915797,108.7104721069336,106.26640467088924,108.7104721069336,187400
2007-09-28,108.71047750461538,109.44747517686064,108.53410248621742,109.23330688476562,187500
2007-10-01,109.63644583435466,111.0033569664359,109.07582320772487,110.71359252929688,363100
2007-10-02,111.24277416568333,112.14354623132681,110.67584601309626,111.3372573852539,221200
2007-10-03,110.99705128058625,113.43481321300365,110.54980850988115,112.62852478027344,310600
2007-10-04,112.38289473816707,112.43958465891353,108.45852584335921,111.51361083984375,450600
2007-10-05,111.77819335874867,113.03802086262122,111.30575804479646,112.95613861083984,184300
2007-10-08,112.95612265238833,113.44745454054552,112.18762721466149,112.89312744140625,200600
2007-10-09,112.92456670176959,117.35285669533445,112.62850666421564,117.34025573730469,425300
2007-10-10,117.34029205291088,117.41587860105332,115.40015721960732,116.73558044433594,314000
2007-10-11,117.63638343545833,118.47416980958316,114.486814936517,115.81593322753906,263400
2007-10-12,115.77811771731332,116.61590393060696,114.83324734901923,115.90409851074219,343600
2007-10-15,115.58912346716714,115.66471000894394,113.57340225547817,114.20331573486328,219700
2007-10-16,114.64426104184913,116.28204004427685,113.81907586563152,116.02377319335938,257200
2007-10-17,121.25838347843715,125.21424062245845,118.2662934965017,123.46308135986328,1284500
2007-10-18,118.10883563133906,120.9434476864912,117.66159261125753,120.65998840332031,1196700
2007-10-19,120.47099329510573,121.91979670544318,116.91828046553847,117.61748504638672,493100
2007-10-22,117.16391334898115,120.25679100280138,116.09306229985545,119.58277893066406,230800
2007-10-23,120.1560049507268,120.91189925874171,119.11034619191874,120.7229232788086,408800
2007-10-24,120.43948562811123,120.58436307352754,116.03639545127643,119.19855499267578,515400
2007-10-25,121.25831531704112,124.67874006534818,120.99375287339151,122.92758178710938,1198000
2007-10-26,124.09297968796187,127.83466802455004,123.24259247993045,124.9937515258789,723500
2007-10-29,125.51028504758804,125.51028504758804,123.48825815844305,123.960693359375,263500
2007-10-30,123.80943107557644,125.47869707192996,123.48816921882444,124.51493072509766,563800
2007-10-31,124.72291564901465,130.59371609015977,124.52133864646112,130.3606414794922,598100
2007-11-01,129.1322908105245,129.31496152934403,125.17013840944573,126.26618194580078,400200
2007-11-02,127.14810647975835,127.38117151386602,122.46784187017636,125.54182434082031,596400
2007-11-05,125.28974198369437,125.28974198369437,122.39214679139339,123.14804077148438,773700
2007-11-06,123.77804971279285,124.20009076451393,120.78595945255994,123.96702575683594,401200
2007-11-07,121.65517984237158,123.45673257786046,120.61581694975347,121.1008529663086,535000
2007-11-08,120.94342002467943,122.35443005185303,117.08204629918293,120.2505111694336,474100
2007-11-09,117.6741706568439,122.39222748539687,116.98127138980804,120.43949127197266,378400
2007-11-12,121.71818767626233,123.4630508308155,118.70090612235887,119.03475952148438,485800
2007-11-13,119.28671577846647,123.51343956991695,119.28671577846647,123.25517272949219,327800
2007-11-14,123.70243210624206,125.10084102492846,122.36071310303035,123.58904266357422,358000
2007-11-15,123.46931597876538,124.30710191281428,122.58744110698508,123.7779769897461,495200
2007-11-16,124.40789982824337,124.40789982824337,119.23001077278377,121.09455871582031,483100
2007-11-19,119.06629149814293,119.891476915812,115.52616993151727,116.12459564208984,494900
2007-11-20,116.84899810912924,120.49619441394435,115.06634108160502,118.26630401611328,371600
2007-11-21,117.6048388757191,119.9418219980763,114.7072427805578,118.0457763671875,633200
2007-11-23,119.9922706892411,120.75446092506748,119.0285034448426,120.06156158447266,229400
2007-11-26,119.99850418551293,120.49613154851836,117.66782649900361,117.7308120727539,272100
2007-11-27,118.4993598555011,121.13869974486443,117.32142433524132,120.94342803955078,311000
2007-11-28,121.72449683706363,126.92128358079667,121.72449683706363,126.25987243652344,730600
2007-11-29,126.40525545326238,126.8097518849546,124.23108351643336,124.90735626220703,289300
2007-11-30,127.4797176462424,128.19391053458824,124.85048561710597,125.37506866455078,293500
2007-12-03,127.5681975361323,128.81329023048795,124.64192206217271,128.5920867919922,406000
2007-12-04,128.30132246094848,129.48953483877057,127.44808320769032,128.44668579101562,485100
2007-12-05,132.3019784519692,132.3019784519692,126.00067966474545,127.66922760009766,457300
2007-12-06,128.30136578166167,134.65323335629415,127.82734595734519,134.59002685546875,458500
2007-12-07,135.47479937506503,136.73885158423212,133.7620043883043,134.72268676757812,355400
2007-12-10,135.90456617190713,141.91513067493403,135.6011963561331,139.70936584472656,555200
2007-12-11,141.32734292433517,141.32734292433517,134.09064670873707,135.09556579589844,605500
2007-12-12,139.03947043317132,139.03947043317132,129.56539264092078,131.4614715576172,886400
2007-12-13,129.57166583691594,132.07449340820312,128.0042438267907,132.07449340820312,340600
2007-12-14,131.46142104129717,132.97827973419274,130.11520244168452,132.0618438720703,309500
2007-12-17,132.40313505665176,132.40313505665176,128.45297241210938,128.45297241210938,277300
2007-12-18,130.7030208312411,131.3350470348313,127.33432000883087,129.12295532226562,414700
2007-12-19,127.2015812421815,131.8343341432384,127.2015812421815,130.4501953125,407000
2007-12-20,130.8862790986907,131.4235051263488,128.53514130048438,129.66647338867188,121900
2007-12-21,132.05555384061884,137.76274957167357,131.91019051705103,136.61245727539062,489100
2007-12-24,137.7690627892238,139.19744811543433,137.18128307615612,138.71710205078125,113000
2007-12-26,138.34424926502072,141.0682813278849,135.73397731761906,140.3288116455078,316800
2007-12-27,137.93968867120887,139.7915204123598,136.95372955294877,137.95864868164062,433000
2007-12-28,136.51770221216609,139.46926433883016,136.26489551009695,138.63499450683594,522900
2007-12-31,138.8561261465012,138.8561261465012,135.13349296665407,137.02325439453125,236600
2008-01-02,137.0233114567787,137.39620468015127,134.4572860778393,136.0815887451172,218500
2008-01-03,137.6742383276434,143.53312262630345,137.6742383276434,142.71148681640625,824100
2008-01-04,143.77963742866882,143.77963742866882,131.8280201942379,133.34487915039062,659900
2008-01-07,135.46854363356238,135.46854363356238,129.4200556712654,130.63986206054688,844600
2008-01-08,132.4283751423575,133.0920042114593,127.11936187744139,127.1193618774414,560300
2008-01-09,128.04854671883265,129.41371635181568,124.19318199523983,126.26622772216797,599300
2008-01-10,125.96278534583399,133.96423692310074,123.47891811909268,131.98599243164062,1560900
2008-01-11,130.82944179122603,131.34138154215876,127.41017725401706,128.97128295898438,303700
2008-01-14,130.20373667933737,132.06189557417082,130.01413650146142,131.7142791748047,367400
2008-01-15,132.9340774991013,132.9340774991013,127.5997745995097,127.8968276977539,486500
2008-01-16,126.47471203696352,129.5400417228799,122.18326012063116,128.74368286132812,1047200
2008-01-17,135.73395916539806,137.76908453968903,128.13701029372012,129.53378295898438,1578100
2008-01-18,129.63490184427127,131.59418703636348,125.77953794136269,127.35328674316406,919000
2008-01-22,123.24512049482374,131.22128879667943,120.08498920008466,128.30133056640625,1110900
2008-01-23,126.84131697671003,134.57099332246372,122.35392790023855,131.46774291992188,942600
2008-01-24,134.7922282293548,138.61598860729808,132.97830650633074,134.93759155273438,679600
2008-01-25,136.10686638876643,137.80069222905962,131.16441613629235,131.49307250976562,439300
2008-01-28,131.49299598613393,133.84413320510643,129.40730849911637,132.91505432128906,296800
2008-01-29,134.4951653758378,138.86878513516845,134.05274900381585,138.69813537597656,553500
2008-01-30,132.8645141814486,146.62372369811055,132.8645141814486,136.5176239013672,1066500
2008-01-31,132.57383947923108,139.74102538922995,132.57383947923108,139.29859924316406,468600
2008-02-01,141.08722795093578,141.08722795093578,136.3849507458267,139.39340209960938,695300
2008-02-04,137.4530368247463,139.27327512247288,136.14474778122022,138.91934204101562,330100
2008-02-05,136.83365524903087,137.68689437028974,132.47899565942723,132.5042724609375,534600
2008-02-06,131.85327699628206,134.7289975732112,128.58570333797908,129.2935791015625,520700
2008-02-07,129.67273955981767,130.98103766887797,128.62990078843978,129.3756866455078,573400
2008-02-08,129.94454687805825,132.02390813344232,128.73104849547008,129.5021209716797,332200
2008-02-11,130.19738842590434,130.19738842590434,126.65803808684191,127.76408386230469,374300
2008-02-12,127.66928233257381,131.56888252179434,127.66928233257381,130.6082000732422,364000
2008-02-13,131.06965733055196,132.03665709425593,128.69323154245112,130.184814453125,372200
2008-02-14,130.69673387234928,132.13143648813983,125.18547258487513,125.5394058227539,729100
2008-02-15,124.82518406333341,124.83150085399376,121.27951642392811,123.73809814453125,422700
2008-02-19,125.45719146580369,125.91856785753713,113.87215091523865,119.04844665527344,2422500
2008-02-20,116.60877990051884,122.26540984224181,114.28924597792886,120.6158218383789,667400
2008-02-21,120.08498195286859,122.12642394576001,118.42907634042614,118.83988952636719,297700
2008-02-22,118.79564538175171,119.26966501813078,113.30965310853517,117.29141998291016,796500
2008-02-25,116.7289299419237,123.03654923209177,115.8124938059663,122.30972290039062,488700
2008-02-26,119.45295102734796,127.03094858815517,119.45295102734796,125.04638671875,562700
2008-02-27,123.49790014727846,129.3757449995348,123.18188708687707,127.22686004638672,439700
2008-02-28,127.73246183265422,128.37080463769863,124.14886583128765,124.63552856445312,333600
2008-02-29,124.59761911365572,124.59761911365572,121.53861524794074,122.1390380859375,522100
2008-03-03,121.03297455613537,121.70924698040194,116.11581322819072,121.4248275756836,947200
2008-03-04,120.40104677058596,126.1777685238468,120.40104677058596,125.74166870117188,750300
2008-03-05,126.8393368266163,130.18956976338248,124.9865572238528,128.4446563720703,959600
2008-03-06,126.7441195739186,126.7441195739186,116.75052816821537,117.37870025634766,901300
2008-03-07,117.23905614437773,120.96998875096418,114.73907153239566,116.4712905883789,871400
2008-03-10,115.83685795164615,117.6515681229507,112.27089287285254,112.6896743774414,472100
2008-03-11,116.11598333794763,119.39007568359375,114.52969941256582,119.39007568359375,588400
2008-03-12,119.92309654959917,122.67054219851723,116.02084093146402,116.42057800292969,514200
2008-03-13,113.95870257718828,119.73277337277402,111.3889192947425,118.31781005859375,887900
2008-03-14,120.58305906942772,120.58305906942772,112.46128608134094,113.57168579101562,545000
2008-03-17,110.08812736967754,113.83175434118469,105.15161153941143,112.40409851074219,893000
2008-03-18,115.00563865169009,118.73023196112155,111.07799625704487,118.56526184082031,877600
2008-03-19,123.73015546412077,125.9509531262973,120.10073679595381,120.57662200927734,1631600
2008-03-20,120.54493096552935,131.57912573897357,118.10840025772383,130.77330017089844,878100
2008-03-24,127.0804585426593,147.15648038823971,124.23783863655379,142.46742248535156,1552700
2008-03-25,140.9318701643617,146.54097021713514,139.71994639964083,143.8569793701172,597400
2008-03-26,143.20978909205678,144.03465912031808,139.28214639777536,140.29103088378906,459000
2008-03-27,134.2758253077724,136.3570300769847,128.17180482945335,128.5017547607422,1090800
2008-03-28,126.90910275884595,132.61338535606163,126.52204895019531,126.52204895019531,558000
2008-03-31,126.42693436433667,132.0994919647215,125.35460398674451,129.55508422851562,326300
2008-04-01,131.9789151033145,140.28470123495472,131.9789151033145,139.8849639892578,779400
2008-04-02,139.9039342263374,140.52575496374934,135.05624977139837,138.89505004882812,597500
2008-04-03,138.1653795821984,143.01306461401717,135.49407223126812,141.6742401123047,382100
2008-04-04,140.7034603803155,142.91156608932772,137.79738549338168,139.5803680419922,441200
2008-04-07,143.40016778278795,144.14888967521932,139.41542053222656,139.41542053222656,310900
2008-04-08,139.61202189288252,143.60945937353026,138.2351285894644,141.00794982910156,496100
2008-04-09,140.89377281361226,141.6805636263663,136.42044917182827,139.12347412109375,419400
2008-04-10,138.88234203608044,141.9977965025047,138.17168020927897,139.8404541015625,212900
2008-04-11,131.9915709997157,136.28722270249602,130.77330559528016,131.66162109375,580000
2008-04-14,131.3444267020752,131.9472131974162,127.70231206069163,128.71119689941406,373100
2008-04-15,130.20229502482795,130.95102671836355,125.62745365776225,130.19595336914062,737000
2008-04-16,128.17814566865866,132.13751577323507,127.5119138388622,130.3291473388672,820000
2008-04-17,128.0131245225963,128.62860351666293,125.44969372404279,128.1717529296875,693700
2008-04-18,131.31901519484808,133.52076975841698,129.0030334004265,129.66293334960938,858000
2008-04-21,126.95354331818395,129.92941508277048,126.67435565078107,128.08297729492188,375000
2008-04-22,126.82028267096969,127.35962332716322,121.64899856145233,123.45736694335938,565900
2008-04-23,122.77838438241088,124.17431239766364,121.06519955996842,122.81011199951172,291200
2008-04-24,121.69970512467746,128.9395073095371,121.69970512467746,128.48899841308594,509400
2008-04-25,129.69463210823133,131.14767430307975,125.78603399856505,129.0220489501953,299400
2008-04-28,128.55249763866064,129.87862913519288,126.5855010182439,128.59690856933594,248700
2008-04-29,128.17180750308384,128.74286613899545,125.91928122691918,127.41039276123047,324600
2008-04-30,129.75811139755737,130.53221924255078,127.48020848934792,128.03857421875,417300
2008-05-01,127.06141255750663,134.85958437902127,127.06141255750663,134.4788818359375,514900
2008-05-02,135.78590645321532,138.05746623701873,134.0092664884737,137.21356201171875,360900
2008-05-05,134.8405411626218,139.5930536096388,134.81516486746196,136.67428588867188,389900
2008-05-06,137.37226170241814,139.68189195069263,133.74284135771336,138.92681884765625,696500
2008-05-07,139.88489271587994,139.88489271587994,134.0092897350016,134.61207580566406,469600
2008-05-08,136.09051974125296,136.35701438057006,133.24790057329156,136.0587921142578,254100
2008-05-09,135.77324117518486,137.53718851729437,132.9940777045745,134.51690673828125,231100
2008-05-12,135.9191758135018,139.0219472337807,135.15141002234844,136.95977783203125,639800
2008-05-13,138.1526583238235,138.15900965693066,134.2884724065336,136.26181030273438,404100
2008-05-14,135.75423854991772,137.82910158518249,134.9420615828374,135.29104614257812,377300
2008-05-15,135.29105824133794,139.16793866389287,134.4217772727204,139.02200317382812,239100
2008-05-16,139.04733263016328,139.04733263016328,135.48136871387254,137.3087615966797,175000
2008-05-19,137.6894851809789,139.54860584048285,134.39635723514826,135.31005859375,273600
2008-05-20,134.1362247392705,134.1362247392705,129.61848920116432,131.12228393554688,412700
2008-05-21,131.34435100291694,131.50297944615716,126.6679875944065,127.39767456054688,207100
2008-05-22,126.52202012876484,130.00550361309095,126.0207585966227,129.03469848632812,321000
2008-05-23,129.28223736693198,134.55504756025096,129.28223736693198,132.30252075195312,664800
2008-05-27,132.58165379402485,136.2301080675345,132.08039216257524,136.17300415039062,364600
2008-05-28,137.05499808946354,137.15017129870475,133.86973570070785,136.67428588867188,195000
2008-05-29,136.19839140206668,142.44835657675165,135.79865426797963,140.54481506347656,362100
2008-05-30,141.49654590098504,144.35819901645456,141.3442591373977,142.7592315673828,283800
2008-06-02,142.0042017805576,142.0042017805576,137.2136202694497,139.675537109375,268900
2008-06-03,139.10443926108874,139.85317048063425,135.6082721710813,137.91156005859375,583700
2008-06-04,137.6831579157642,139.1679179376826,136.45854120297975,137.0740203857422,397900
2008-06-05,138.00673231249905,141.82650756835938,138.00673231249905,141.82650756835938,366400
2008-06-06,140.0561954370708,140.11330902389722,135.47500610351562,135.47500610351562,270900
2008-06-09,135.4940478309985,138.0321025671798,133.27324993683987,135.72247314453125,256900
2008-06-10,135.98356108843865,137.22538907817994,133.69094809403612,135.00283813476562,434500
2008-06-11,134.5507272247,134.56346666725383,129.15035994623082,129.27772521972656,487100
2008-06-12,129.91455995253122,132.59564411738052,127.82573839342734,129.24588012695312,646400
2008-06-13,130.869804246247,133.894775390625,129.25860986673447,133.894775390625,538400
2008-06-16,132.95869538692276,134.91378769003134,130.55781957218815,132.90138244628906,454900
2008-06-17,133.89478121835535,135.50597566799465,129.6025026884257,130.29666137695312,398100
2008-06-18,129.11851269767803,132.8822161891177,128.64725050943903,130.5259246826172,477400
2008-06-19,130.23297800343673,131.53849390733185,127.21437149425627,131.20733642578125,526200
2008-06-20,130.0419603925716,130.38585740951515,123.59081578360124,125.45674133300781,583600
2008-06-23,130.31569094863985,131.2518401945971,125.68589274036701,127.08692932128906,738700
2008-06-24,129.08025386285158,129.08025386285158,122.07505984544153,123.62256622314453,730400
2008-06-25,123.25964016084713,125.09372168565689,119.88440658445516,120.71229553222656,740700
2008-06-26,118.45151188256051,118.80177367299457,114.83428758187148,115.07627868652344,643200
2008-06-27,116.25444902975433,116.70659728527936,112.47164048679699,113.10211181640625,2915100
2008-06-30,115.94874954616684,115.94874954616684,109.44664890516029,112.71998596191406,989700
2008-07-01,110.64391392638778,113.7962508606625,108.45956092373777,112.10226440429688,1029600
2008-07-02,113.35044715682477,114.63048406396092,106.23698995071501,107.05213928222656,1207600
2008-07-03,107.88002582617034,108.24939191098638,105.07795101926223,107.98829650878906,587300
2008-07-07,108.25573198761268,109.42114278446957,103.32661890346542,104.57482147216797,1093300
2008-07-08,103.42858771970633,110.8413619995117,102.75354278405213,110.84136199951172,794100
2008-07-09,110.84766432826265,111.77107451584264,105.72113296758998,106.14781188964844,847200
2008-07-10,107.14767277876977,113.36318955583396,105.84215684304779,110.14080047607422,926400
2008-07-11,107.89910181880373,112.6626413449136,106.7973784332103,111.26160430908203,1165200
2008-07-14,112.32515706462056,113.993664576241,105.9122127227363,106.11600494384766,669700
2008-07-15,105.23717496770357,107.76541528894491,99.47380580209939,104.55575561523438,1475400
2008-07-16,104.69584794787181,114.52859860440823,103.32665425911223,113.9618148803711,2457100
2008-07-17,122.26617048095339,137.3209760064801,118.06941305453732,132.6274871826172,2561100
2008-07-18,132.3982422342481,141.9380555169127,130.22663817511776,138.83029174804688,1673700
2008-07-21,138.23162492552217,142.00806757657128,133.93298179117218,135.7734375,746600
2008-07-22,135.009286850525,140.6898651123047,129.94644053710033,140.6898651123047,865100
2008-07-23,138.2826205319093,143.05252745971828,137.02168749969184,141.7406463623047,958800
2008-07-24,142.59396675125836,142.59396675125836,134.29599353739607,135.00924682617188,698500
2008-07-25,135.16848601919588,140.15491472605663,133.37897781795792,139.02134704589844,502600
2008-07-28,138.46729581652986,140.7981187335254,133.1433543011439,133.38534545898438,566700
2008-07-29,134.85000554959132,140.86810302734375,133.7419075547413,140.86810302734375,595300
2008-07-30,141.34576312945862,144.24336917782477,135.84987447895614,141.05918884277344,501400
2008-07-31,138.82395404022526,140.8872975149414,137.58849001445756,138.00880432128906,417200
2008-08-01,138.5118823328386,140.7026005553156,134.84370908516664,139.67092895507812,567700
2008-08-04,138.7538389291873,140.48603372818974,136.60133001336513,138.44815063476562,372800
2008-08-05,138.25713003891943,145.35784912109375,138.25713003891943,145.35784912109375,686700
2008-08-06,145.1986357168935,145.26868807895963,141.17382676427363,142.3965606689453,371500
2008-08-07,141.53047781550987,142.09088705274127,136.7605712726444,138.314453125,461300
2008-08-08,137.7603883154442,143.89948786386557,137.08533389422678,141.74697875976562,311300
2008-08-11,141.37763449688518,147.3384216373397,139.39707355285196,146.949951171875,693100
2008-08-12,146.1538482288336,148.95592247787312,141.55589196468267,143.01425170898438,702800
2008-08-13,143.03339129661833,143.51101836944673,139.4352615175691,140.199462890625,519400
2008-08-14,138.83668488571098,141.9508141525261,136.2320266266621,138.51190185546875,1519000
2008-08-15,139.35885977695744,141.52409886071197,136.44214896211716,138.0023956298828,311900
2008-08-18,138.00241440147178,138.4418329718362,133.88208305762427,133.92666625976562,235800
2008-08-19,132.14352624610697,133.73561692377092,130.16932991886358,132.5893096923828,438400
2008-08-20,132.07982270482515,135.2767431185019,130.67878502195995,134.11770629882812,390600
2008-08-21,130.78700213890997,135.17480165361923,130.78700213890997,134.65896606445312,250100
2008-08-22,135.26395423144209,136.2637913545526,133.02229864517807,135.8371124267578,290300
2008-08-25,135.32766813912778,135.32766813912778,131.58306884765625,131.58306884765625,370700
2008-08-26,131.90780636549783,132.8821643916714,129.67888099787453,132.2707977294922,327700
2008-08-27,132.14345809235684,136.24468311756473,131.0226303316009,135.6142120361328,300800
2008-08-28,135.56948300279038,139.82000732421875,135.05174129737702,139.82000732421875,319200
2008-08-29,138.86123657226562,140.20990075602467,138.16453581581575,138.86123657226562,252800
2008-09-02,141.25180559287162,145.15717957781595,139.2000420152061,140.42726135253906,509000
2008-09-03,140.42730462830937,142.65803777055189,137.2058540941833,141.6097869873047,275400
2008-09-04,140.1715489722959,140.89381250954085,134.55957445454615,134.80885314941406,318200
2008-09-05,134.22082639295567,136.04247559713176,129.6826642819979,135.2179412841797,440100
2008-09-08,142.53649580124124,144.24309751782062,135.12203740990435,142.9967041015625,622300
2008-09-09,141.57778207423834,142.90088386132783,134.73858642578125,134.73858642578125,754800
2008-09-10,135.72933235231426,141.25821326908283,132.35447627255672,138.3179931640625,524200
2008-09-11,134.22720972382905,141.49465124360827,133.01916522643737,141.1303253173828,606800
2008-09-12,139.6602059350225,139.85196102879655,128.3148116313765,129.75296020507812,1393300
2008-09-15,128.47467041015625,139.9159431275425,128.12312085394151,128.47467041015625,1443300
2008-09-16,122.57505568946331,135.55674743652344,122.57505568946331,135.55674743652344,927700
2008-09-17,123.83418650115888,133.36431054532295,115.45457354264751,120.1653060913086,1537500
2008-09-18,124.30081572938033,137.42312549012152,108.16797646306199,132.84022521972656,2173700
2008-09-19,144.02595411226417,159.39178618856127,126.38464057096502,134.22735595703125,1975800
2008-09-22,134.22720640068812,134.22720640068812,120.64469146728514,120.64469146728516,887100
2008-09-23,123.43152182536097,127.49668961400339,118.24779382486176,118.27975463867188,494500
2008-09-24,121.20718763926733,126.94699673656858,118.93171814093313,125.86039733886719,395400
2008-09-25,130.64780843289088,134.60431663892112,122.14675995333192,122.31294250488281,808900
2008-09-26,121.12404812853427,129.48448491642864,116.63063435287678,128.48097229003906,442200
2008-09-29,126.55713553703268,127.49033890860777,117.35298412647805,122.08289337158203,545300
2008-09-30,125.27871962991043,130.99935309096853,121.47561759175912,124.31995391845703,410900
2008-10-01,122.08286068995652,122.10203522814379,112.93623535791767,115.2628402709961,683200
2008-10-02,115.05192466938627,115.05192466938627,106.66592083668975,109.97046661376953,762900
2008-10-03,111.88796570701844,124.6395483147608,111.88796570701844,116.64983367919922,725400
2008-10-06,111.22966352975412,114.8793613387009,107.63747959798688,109.93852233886719,385200
2008-10-07,113.77358469719434,119.02123578834436,109.45913696289062,109.45913696289062,348800
2008-10-08,106.74258422851561,115.39703856263877,104.99123532348172,106.74258422851562,491500
2008-10-09,111.24879291892154,111.24879291892154,95.87657940388469,98.14566040039062,1134000
2008-10-10,94.59823838719782,104.24342129823647,84.51202158805177,101.62918853759766,1483900
2008-10-13,108.91578889486544,115.0518937986902,103.93021463271144,114.94962310791016,275800
2008-10-14,118.88694366331042,120.14612336300067,104.42236239662564,108.16155242919922,785400
2008-10-15,103.55308351811294,107.2475265563285,91.37036895751953,91.37036895751953,939400
2008-10-16,93.15369095288277,94.86668120995687,84.390567031871,93.55636596679688,918400
2008-10-17,90.91019190180532,97.02712383234572,90.12400649093614,95.05845642089844,1010100
2008-10-20,97.22524614750402,97.73019185384116,87.65676249967575,91.54296112060547,745800
2008-10-21,87.88687462255884,87.88687462255884,80.70252347338835,83.22087860107422,1451100
2008-10-22,79.36663859218656,83.20809038407657,71.92661573324649,76.61817932128906,1088300
2008-10-23,77.01445279186385,80.61941149749289,68.16824345082652,72.15031433105469,839800
2008-10-24,63.527826359490525,77.46828059343594,63.527826359490525,74.46414947509766,1024600
2008-10-27,71.74764709265555,74.37466600884355,68.4239273071289,68.4239273071289,432800
2008-10-28,73.02601563075137,81.80831146240234,69.29961033673028,81.80831146240234,845500
2008-10-29,82.12151605031401,88.76256936610953,77.34047145487344,83.93038940429688,803100
2008-10-30,87.94439039722269,87.94439039722269,81.03488628508262,82.94602966308594,572500
2008-10-31,83.06106808390722,85.18314088784763,81.39920848137841,83.94952392578125,494500
2008-11-03,82.38993547697503,88.46211875155167,81.17550272328765,88.00830841064453,541600
2008-11-04,89.44649704413405,94.54074227917938,88.35989729171766,92.07351684570312,724700
2008-11-05,90.1239850006458,91.2808941695955,86.92809900771509,87.29243469238281,670300
2008-11-06,86.34646430498783,88.70503024421005,78.63798716426209,79.0342788696289,749400
2008-11-07,79.82686214991942,82.58171508176169,76.96973849711382,80.27428436279297,441400
2008-11-10,82.26213606912326,82.85657617070115,73.44149016309217,73.8569564819336,526100
2008-11-11,70.34146080363097,75.205600238474,68.05320499724425,73.50538635253906,1508700
2008-11-12,70.25197854958162,73.02600565790628,67.3756807337341,68.04681396484375,735900
2008-11-13,68.70517802079335,76.06211133092017,67.38208098514049,75.86396789550781,1168800
2008-11-14,74.27240999455604,76.28581972741314,70.31590530766961,70.38621520996094,599000
2008-11-17,69.62557867560872,72.6552775029429,66.9410361516218,68.00846099853516,876400
2008-11-18,67.11359546786379,69.28679858213005,65.84802266479471,67.90617370605469,702200
2008-11-19,67.17755077290651,67.82951451978228,63.048464923329185,63.201866149902344,1142100
2008-11-20,61.34822912169008,69.68309542595537,61.34822912169008,63.73875045776367,1098900
2008-11-21,65.1257801799463,69.83651903238234,60.58122880490642,69.60641479492188,1007200
2008-11-24,71.57510120068403,75.07139815664196,68.27694283990817,74.2276840209961,911700
2008-11-25,76.61818020139256,77.27013886338155,71.84991840895135,75.05858612060547,647600
2008-11-26,73.34558087228328,80.28704538678947,73.07073449181811,79.72457122802734,284400
2008-11-28,78.93838634207884,80.37653508110456,78.45900342907026,80.35096740722656,101000
2008-12-01,77.5660452476332,78.1384642675443,68.69675960491219,68.85755157470703,580900
2008-12-02,69.81590849651921,73.03817757273973,67.40402780097364,72.9095458984375,602400
2008-12-03,70.1053150194462,78.37002319401189,69.71941518422192,78.3378677368164,503900
2008-12-04,76.63348275196205,79.04536321054047,73.35975445788691,74.44027709960938,470600
2008-12-05,73.52053480397944,82.66638483449357,72.67798626792202,82.52488708496094,601300
2008-12-08,83.59253710220474,89.25241687980379,83.16161576443493,88.84078979492188,601900
2008-12-09,85.92726566976539,88.30054781402745,84.20356998660448,85.61853790283203,693000
2008-12-10,85.23261258486188,87.05920705970195,83.34169739464105,85.36124420166016,423000
2008-12-11,84.1520947546345,86.5382522390739,75.94527499873305,76.31831359863281,615400
2008-12-12,73.3726178389626,77.93911035594547,73.3726178389626,77.2830810546875,473100
2008-12-15,76.4083395335801,76.86498810025802,73.21179465985357,74.47883605957031,252500
2008-12-16,75.68159705175177,83.11019134521484,75.68159705175177,83.11019134521484,1020500
2008-12-17,81.180656648489,84.66019749394363,79.1096551354361,83.83050537109375,552600
2008-12-18,85.81789878132388,87.2328761871868,80.67255985306508,81.81739807128906,684900
2008-12-19,82.64711072974393,87.94682004030602,81.58588225648666,87.73457336425781,635200
2008-12-22,87.47083354845681,87.67665198515553,83.95913253049994,85.72784423828125,283900
2008-12-23,86.3903458363205,86.3903458363205,82.10041078399456,82.92366027832031,574900
2008-12-24,82.293337629321,83.44461376109155,81.41862882062117,82.48628997802734,298200
2008-12-26,82.8078840164247,82.8078840164247,79.83644594578757,81.29644012451172,212600
2008-12-29,80.92338054577705,80.92338054577705,77.74612972370898,79.8814468383789,591700
2008-12-30,80.87836820314334,83.41245144908639,79.24472105179271,83.40601348876953,480700
2008-12-31,83.64401486127635,86.87272152883622,83.00084674979243,86.28099822998047,541800
2009-01-02,85.5413390136276,90.04351475118696,83.10373675386477,89.47752380371094,687800
2009-01-05,88.757187452653,92.17884605645858,88.40988103728732,89.25885772705078,692900
2009-01-06,90.0435296687651,91.32986580689033,88.74432742134819,89.94062042236328,776400
2009-01-07,89.39396790873062,89.40039605887124,83.59901509188765,84.11997985839844,963700
2009-01-08,83.67617844426958,86.28743950697763,81.41222385696021,85.6249771118164,704600
2009-01-09,86.18452969788198,86.18452969788198,81.34147444848402,81.87530517578125,494700
2009-01-12,81.69520132397818,82.09396727061706,78.20923176572161,79.45054626464844,492500
2009-01-13,79.20614054434674,82.8979235073087,78.73019759612087,81.6759033203125,515600
2009-01-14,79.73354346708294,79.83644780283686,76.07391571422052,76.92289733886719,483500
2009-01-15,76.50481301114516,77.69467744704359,72.34994933153703,75.03839111328125,606100
2009-01-16,76.53699585501703,77.35381709708642,72.88380123473354,75.35356903076172,699400
2009-01-20,73.26968609976352,73.52695424154412,66.08550182370848,66.52928924560547,1897000
2009-01-21,63.191271223780205,70.33043676232201,61.86634639481915,69.78374481201172,3231600
2009-01-22,67.26895442608595,70.25325915531027,64.26536034447035,68.99264526367188,1462800
2009-01-23,66.37493509725921,72.51075835618332,66.29775807835578,71.93833923339844,678500
2009-01-26,73.44977431528585,74.24730606709397,67.96355275669006,68.85112762451172,674400
2009-01-27,69.55217494710404,70.31111325047412,66.342768563107,69.71296691894531,594400
2009-01-28,71.2179857962872,77.2380330008591,71.2179857962872,76.85856628417969,878900
2009-01-29,74.60748206039426,75.84236334440786,69.35922924286344,69.67438507080078,787300
2009-01-30,70.10533914551064,71.30806553773238,68.7546868039206,69.9767074584961,749300
2009-02-02,68.58744765783264,71.9576472195867,67.87353065484699,71.04434967041016,465800
2009-02-03,71.50100108844822,72.26637274680643,68.7675364880072,70.27255249023438,594300
2009-02-04,69.08910121240766,74.44025845315586,68.33659587550137,73.19894409179688,838400
2009-02-05,71.39163392395747,76.06746220296826,71.37233967287884,74.78755950927734,759000
2009-02-06,74.35019081233008,79.28328627010355,74.31803536906435,78.7816162109375,691400
2009-02-09,78.12562279298614,78.22852712800416,75.75876420377888,76.42122650146484,551400
2009-02-10,75.26996818376742,77.94555005642759,72.63297973704803,73.28900909423828,851500
2009-02-11,71.71323268543455,74.60105565908127,71.21156242575678,73.3597412109375,791500
2009-02-12,72.49786536463968,73.68129160072212,70.1631634269432,73.30825805664062,547700
2009-02-13,72.66515414746661,73.65562897662174,71.15370476982795,71.78401184082031,398900
2009-02-17,70.61985754139702,70.61985754139702,67.53908183214455,67.7899169921875,477800
2009-02-18,70.29827620167619,70.29827620167619,66.18843238209887,68.5295639038086,463900
2009-02-19,66.82513550746656,69.89947681122946,65.7832019032996,66.20769500732422,637700
2009-02-20,64.48404268505065,67.62913467241671,63.435675417939464,66.29134368896484,1572300
2009-02-23,67.01811551397647,67.28181679606047,62.387307056110075,62.94686508178711,897500
2009-02-24,64.2524760267558,69.23059434099991,63.22340833875702,68.85112762451172,943900
2009-02-25,68.20797668194122,69.80946382331534,65.35230884340852,67.89925384521484,805100
2009-02-26,68.98618153051557,70.24035681278463,64.31678179802431,64.792724609375,760400
2009-02-27,63.918055960287035,65.84756062098741,62.13004909315547,62.265113830566406,1370700
2009-03-02,61.61548071680457,62.96613219243783,58.89487860857345,59.377254486083984,1166900
2009-03-03,60.695788399043444,61.242480420058904,57.76293789641165,58.251747131347656,1399600
2009-03-04,59.77606504879571,63.77657277211693,58.9142169509911,61.962833404541016,1517000
2009-03-05,59.96568088320684,62.39724765601628,58.54564430483484,59.27835464477539,754100
2009-03-06,61.61265449651047,61.61265449651047,57.65082646229238,59.91380310058594,786000
2009-03-09,58.68181306389009,60.711359071796856,58.0333952399797,58.94118118286133,539000
2009-03-10,60.1861435417335,65.17895891688433,59.81654557185387,65.1659927368164,807500
2009-03-11,65.47722145467087,69.0564849782572,64.20631841060089,68.28486633300781,886800
2009-03-12,68.08386893468264,72.42826621170069,66.65735175486527,72.10405731201172,758400
2009-03-13,70.84616779243785,72.13651851371483,68.440537072052,70.02915954589844,710400
2009-03-16,70.6126702413537,71.58529653958988,67.07879172287565,67.3705825805664,735900
2009-03-17,67.64291962955761,71.12492370605469,66.61193808421773,71.12492370605469,534900
2009-03-18,69.70492085636593,79.40525157445406,69.14728109375214,79.10049438476562,1301300
2009-03-19,78.18623617733174,79.10050289775694,73.50465787188894,73.78347778320312,1146800
2009-03-20,74.37999768780055,75.5666033285371,73.12206570054752,73.89368438720703,779600
2009-03-23,76.39009950186498,86.93337927130577,75.16459025455428,86.86205291748047,1516500
2009-03-24,83.58102718436805,90.13004909803973,83.08823335548054,83.28276062011719,1223800
2009-03-25,84.32673238071011,87.16679546558613,81.29861765612806,85.9477767944336,879700
2009-03-26,85.94775371589745,88.72298021546766,82.78347270387387,88.6322021484375,1220600
2009-03-27,86.72590712987846,86.72590712987846,82.46580108594085,82.66680908203125,1154800
2009-03-30,80.10554053107211,83.93768739223998,80.001791302116,80.98090362548828,1179300
2009-03-31,82.02488635404922,84.87792192177761,80.0342430649194,84.32028198242188,970500
2009-04-01,83.5551314153895,85.8570169509296,83.12717322463223,84.74173736572266,1303100
2009-04-02,86.23958373183369,90.03931315517964,84.82603740929369,88.45069122314453,1203800
2009-04-03,87.45857613761167,89.58538524634238,87.03709872703463,89.48163604736328,711700
2009-04-06,87.82820038650505,89.81235752798571,86.4405865108631,88.42474365234375,830800
2009-04-07,86.10990546442365,87.19276225018439,83.01694908243906,83.37358093261719,817500
2009-04-08,83.39302081630794,85.50037884730686,81.49964186497591,83.65887451171875,1228800
2009-04-09,87.86061434315188,90.01984686448239,85.59115198004463,89.5075912475586,844700
2009-04-13,88.0291987856474,91.4009793305965,87.17977303314153,90.36998748779297,959800
2009-04-14,89.72156496677312,90.36998274615358,85.54575288451167,85.71434783935547,755100
2009-04-15,85.35771817815736,90.39592721801513,84.28783277353263,90.13007354736328,673100
2009-04-16,88.9629048449477,92.39952057132658,85.90886307411076,88.57386016845703,702000
2009-04-17,85.05941631495959,89.35194756986873,84.09328041979937,88.13291931152344,855300
2009-04-20,87.50397309388725,87.50397309388725,80.00826551176296,80.13794708251953,1123500
2009-04-21,77.81013113719926,90.0587422179506,77.23952528979238,89.993896484375,1560400
2009-04-22,88.50901972303359,92.39952608448561,86.8036779351616,88.30152130126953,1693700
2009-04-23,90.40888972979239,95.99825793239648,88.47012682659589,95.7842788696289,1468800
2009-04-24,94.27349496663933,99.02640021202302,92.76267980181147,98.0148696899414,1273100
2009-04-27,97.25622791730649,99.37654783965795,95.9788435536743,96.91256713867188,687600
2009-04-28,96.4780815736282,96.91901082924034,95.0191415014742,95.21366882324219,516000
2009-04-29,97.6517270803668,98.51411406915726,95.69998312133923,97.9305419921875,639500
2009-04-30,97.91108881329384,99.18847268403928,94.96727632421896,95.00617980957031,675000
2009-05-01,95.80372048390163,96.89305753111347,93.69636284212376,96.2381591796875,1159700
2009-05-04,97.37940512717047,102.61214284810566,97.35995337976776,102.44355773925781,802000
2009-05-05,101.31530760891904,104.13592973038055,100.85492649775199,102.24903106689453,1020400
2009-05-06,102.44997408339177,103.9932110363189,99.53857568839845,100.91970825195312,1084500
2009-05-07,102.83906927861783,102.84554989489368,93.15170555246699,93.68340301513672,1634100
2009-05-08,96.05013445905429,96.92549257611545,92.73022850594671,96.19278717041016,1207400
2009-05-11,94.21512338474126,95.53141093770299,91.90675723066202,92.1077651977539,620700
2009-05-12,92.10773276973384,94.98670883157175,90.22731557462558,92.74317932128906,803400
2009-05-13,91.16752468619407,92.50974406409613,89.31304982895409,89.52053833007812,861200
2009-05-14,89.82530887428483,92.20500079660108,88.98236383212326,90.79793548583984,617100
2009-05-15,90.79146521709494,93.5342698039168,88.71653018812721,91.3037109375,942700
2009-05-18,92.88584464710547,94.0400274749296,90.94059135606662,93.57316589355469,991800
2009-05-19,94.35773505723043,94.35773505723043,89.8966186549151,90.57096862792969,842100
2009-05-20,91.93916443755762,92.77562902147284,88.49606716822214,88.93699645996094,523000
2009-05-21,87.78281961455022,92.00401663681332,87.21220868899499,91.91323852539062,1386600
2009-05-22,92.82100475399164,96.77635731896096,91.73814820779491,95.7842788696289,884500
2009-05-26,94.4679988292205,100.4593734741211,94.23456800577819,100.4593734741211,1014400
2009-05-27,100.47882543464974,101.80159337737243,96.29004214356564,96.68557739257812,588800
2009-05-28,96.8930775187358,99.7915061877792,96.51051335019541,99.42191314697266,476800
2009-05-29,99.83686624258482,103.42261505126953,98.13152465902321,103.42261505126953,1062800
2009-06-01,105.64023038117422,107.47525400486553,102.43704475719356,106.98246002197266,802500
2009-06-02,107.53361490983588,109.13520780635736,105.74398518838642,108.57756805419922,745400
2009-06-03,107.78649721695443,108.75912399900906,105.28360390203767,106.68418884277344,807000
2009-06-04,107.66145284650572,108.60613531592027,105.77859939406963,107.59629821777344,763400
2009-06-05,109.33579748093673,110.59319993076048,106.3258314650748,106.67765045166016,1061700
2009-06-08,110.10454581452301,111.12089387760425,107.30306721680196,110.3390884399414,899500
2009-06-09,112.67798590995122,119.74683156723496,110.37165852831174,118.66532897949219,1840100
2009-06-10,117.27118804439887,118.90646603218535,115.03652517732968,116.30696105957031,975700
2009-06-11,117.4014588360322,119.72082017848363,116.32647718343287,118.96508026123047,742700
2009-06-12,117.01053776100784,117.27113630966146,110.89289388116839,115.02995300292969,1602800
2009-06-15,112.61290087792224,113.76606020863278,108.24779943789439,110.52156066894531,1236600
2009-06-16,110.91244644661926,112.3848472432649,109.66155542676843,110.39775085449219,1168100
2009-06-17,110.8212675438019,112.41093516676312,107.98069860321722,108.96446990966797,708300
2009-06-18,109.6159597317907,112.58682754017035,109.15990720703057,110.99063873291016,478100
2009-06-19,112.40442093621537,114.33288464104139,111.68775977602986,113.98758697509766,531000
2009-06-22,112.99073448780774,113.68785101076597,108.9709417510298,108.99048614501953,560500
2009-06-23,109.5182500140688,111.33594883116525,109.1012862388194,109.32930755615234,502100
2009-06-24,109.22504319320737,113.9289201624677,109.22504319320737,113.01681518554688,558200
2009-06-25,113.18619852880737,115.91601180131192,112.31969386642585,114.20906829833984,685500
2009-06-26,115.12119368127667,115.95512118511468,114.30681057665359,115.88997650146484,886200
2009-06-29,114.99086831487031,115.93555051392006,114.07876342086318,114.63253784179688,391400
2009-06-30,115.90301067385352,115.90301067385352,113.13410785055999,114.28727722167969,276500
2009-07-01,114.73028030841678,114.80845789475072,112.39788621786741,112.61288452148438,423000
2009-07-02,112.09167055258456,112.09167055258456,109.22503662109375,109.22503662109375,317600
2009-07-06,109.29018866171796,109.6354862270225,107.33566963945177,108.29989624023438,597700
2009-07-07,109.40100202375555,109.40100202375555,105.58969385783371,105.65483856201172,585200
2009-07-08,107.66143690633935,107.66143690633935,103.88269764695418,105.14662170410156,709500
2009-07-09,104.60585319663917,109.04913107285415,104.59934171226729,108.33898162841797,454800
2009-07-10,108.47584334285753,109.0426508746358,106.8470769262981,108.25433349609375,331100
2009-07-13,109.86358418300938,112.13733633155847,107.8634537297063,112.12431335449219,524200
2009-07-14,112.39791016584428,112.83441835121079,110.43035764723635,112.52169799804688,600100
2009-07-15,113.65525506561394,117.47960323523505,112.83436082909414,117.31672668457031,463200
2009-07-16,117.26468589453312,117.36891940355892,114.31987304339839,116.69786834716797,359800
2009-07-17,115.76621098185579,117.329822867489,115.76621098185579,117.13436889648438,308000
2009-07-20,118.24186767282575,120.72410478518289,117.31673003159949,120.41138458251953,545000
2009-07-21,118.26144026355988,120.48306945244745,116.22873360855999,119.9683837890625,859300
2009-07-22,118.02040820166386,121.0694640417686,116.93239345015587,120.86097717285156,767200
2009-07-23,121.18019805430772,130.06023402839588,120.97171122136332,128.93312072753906,1371100
2009-07-24,127.92331105712081,128.88753793734497,123.55820935605588,125.2065200805664,685500
2009-07-27,124.63971926230987,126.06652022913883,123.37579493660382,123.78624725341797,568700
2009-07-28,123.45394146370124,125.61693736967948,122.24213925875026,123.89044952392578,526500
2009-07-29,123.13467344426515,124.11193275731486,122.73725425931042,123.2910385131836,327800
2009-07-30,123.65590814668717,127.28479337401104,123.65590814668717,124.67225646972656,466600
2009-07-31,125.57133767224784,125.57133767224784,123.29757692839621,124.13801574707031,276600
2009-08-03,125.15435229465757,127.44764709472656,125.15435229465757,127.44764709472656,411500
2009-08-04,126.63334097825656,129.643308380434,125.65608102950334,129.38922119140625,517500
2009-08-05,128.84839219074286,131.1286640364486,128.0796096561971,130.71170043945312,461800
2009-08-06,130.54232291476964,132.64017413692062,127.82554265430157,128.9265899658203,547300
2009-08-07,129.18071963266146,132.54900734738598,129.03087590773282,131.90402221679688,315400
2009-08-10,132.58156166874357,132.58156166874357,128.34676977269035,129.49993896484375,210300
2009-08-11,129.49991436992048,130.54231852009966,127.4346405227231,129.49339294433594,467500
2009-08-12,129.32404062109978,132.89429346780867,129.02434325611168,131.0049285888672,432700
2009-08-13,131.3502121197851,132.77049136940852,128.63343149197948,129.38265991210938,326200
2009-08-14,130.2035690682104,130.9202202043208,128.086173088485,128.8484344482422,310500
2009-08-17,125.56486879747851,128.20998409900946,122.80899856286696,123.10869598388672,686800
2009-08-18,124.71135947615599,128.54873194623866,123.36274633722601,127.80601501464844,384000
2009-08-19,125.95572862490837,128.8809958264032,125.77330763527199,128.11221313476562,279900
2009-08-20,127.4216723570435,134.86187713962846,127.4216723570435,134.36021423339844,612100
2009-08-21,135.89123506642633,136.82940607296348,134.3862565522733,135.18760681152344,383000
2009-08-24,136.49057505293823,137.1616257722225,132.97244487530813,133.42849731445312,446500
2009-08-25,132.6467388964936,133.1809691034659,130.74433100301835,131.8388671875,536600
2009-08-26,131.59784541688623,133.24615661649202,129.53257031582288,129.78013610839844,431300
2009-08-27,129.84521282393806,130.731261825382,127.92978263396384,130.46414184570312,419900
2009-08-28,130.92675550430448,132.76399873350223,130.39902686898535,131.31114196777344,434900
2009-08-31,129.04162272137043,130.81405905951175,128.72768746225785,130.5262908935547,290600
2009-09-01,130.67673122586893,132.67808494162733,126.52358794159792,126.9617919921875,524900
2009-09-02,125.53601328349072,127.74666417684236,125.36595707334087,125.82379150390625,238400
2009-09-03,126.29464360888089,128.93695068359375,126.29464360888089,128.93695068359375,267800
2009-09-04,128.9369518596506,129.46672063586132,126.98792291142466,127.83162689208984,268100
2009-09-08,130.04887459822993,130.63096784480294,128.91085520595507,130.38897705078125,243300
2009-09-09,130.3889206493007,132.59302390260234,129.80029087204207,132.1221160888672,224500
2009-09-10,132.0109899981447,132.50806512393126,130.31703445484328,131.90634155273438,236200
2009-09-11,132.25950968273378,132.76965831036802,130.8467858001357,131.96519470214844,282800
2009-09-14,130.42164100320807,131.65122491239651,129.24437132009413,131.6119842529297,216100
2009-09-15,131.61194110407033,132.31830268235865,130.52624662208544,131.2456817626953,290600
2009-09-16,132.73693707527104,135.38579151389877,131.97171423385814,135.35963439941406,386200
2009-09-17,133.43018524524496,135.81088131862825,132.3052399598179,132.3968048095703,323800
2009-09-18,132.3249253391519,135.56894706323314,132.3249253391519,135.5100860595703,413700
2009-09-21,134.6140214722209,135.3857810375797,133.20783466678787,133.63296508789062,278200
2009-09-22,134.4373980344685,136.5237790686652,134.4373980344685,136.17059326171875,204200
2009-09-23,139.7416673855237,143.99944830597394,137.67490630193848,138.02154541015625,739700
2009-09-24,138.78028025888133,139.99024418250403,133.29944038505806,134.89529418945312,446300
2009-09-25,134.90833991660617,134.90833991660617,132.76963414853336,133.26016235351562,262500
2009-09-28,134.33274379689297,139.91168212890625,134.2411789583066,139.91168212890625,406400
2009-09-29,139.92477377674558,141.70375644074548,139.48656988242627,140.04249572753906,417000
2009-09-30,141.50104268318333,142.97916410751344,139.07455872864793,141.80844116210938,410100
2009-10-01,140.53311506491926,142.37750666348663,136.5173229099774,136.5631103515625,393700
2009-10-02,135.5427563777802,138.67559210362617,134.73174615768738,135.33999633789062,364300
2009-10-05,136.268703651709,139.48001987472347,135.39228590364772,139.37538146972656,349700
2009-10-06,141.25901186063217,143.27344849268295,137.54408377178888,139.38192749023438,558700
2009-10-07,139.97053361455397,140.21907100808073,137.72719023131876,139.63697814941406,325100
2009-10-08,140.55261568443342,142.08960737407773,139.44730099976002,139.87242126464844,318400
2009-10-09,140.29108716915187,142.0504501854342,139.65013301513054,141.63186645507812,321300
2009-10-12,141.57957192079252,142.90726793664626,141.31796077691192,142.40365600585938,330800
2009-10-13,141.82150730072976,141.86074795899316,139.08108822735915,139.82669067382812,228500
2009-10-14,141.59911820856982,148.46651193231108,141.37020109251702,147.85171508789062,514400
2009-10-15,147.05379519055936,149.02899131665112,146.24279504408167,147.91712951660156,289000
2009-10-16,146.8314469735946,148.54502235943156,145.69996467545343,147.5181884765625,183300
2009-10-19,150.1670421988307,152.98594275655284,149.42797649146445,150.7098846435547,515800
2009-10-20,154.22202259494154,156.96897770888322,152.81583618174147,154.74525451660156,736600
2009-10-21,153.20831037216539,155.51052555716663,152.4169204717574,152.9205322265625,480400
2009-10-22,152.6588814857015,153.83615087536307,149.87922236169305,152.91395568847656,285400
2009-10-23,152.90088843395802,153.78384306522088,150.5986736022319,151.21347045898438,294100
2009-10-26,152.43657217591428,152.73088714619803,148.36191010215776,149.1140594482422,257900
2009-10-27,148.0152126809174,149.0878336922474,144.5945996356119,145.1309051513672,256900
2009-10-28,145.6083993282952,148.9636055509156,143.88827718477057,144.94781494140625,458800
2009-10-29,146.32124749147337,147.65547939238738,145.29440398621247,147.32846069335938,342700
2009-10-30,146.77255062343792,146.77255062343792,140.32374078825364,141.5925750732422,414000
2009-11-02,141.93923048297765,145.04590881456454,141.34405392324294,144.35263061523438,429300
2009-11-03,142.9725986046359,144.75158136709544,141.35057845192154,144.56190490722656,253200
2009-11-04,145.20944445633472,146.88377927364596,143.68553550687588,144.11720275878906,174100
2009-11-05,144.3657270004469,148.2507122196581,144.31340279111816,148.2114715576172,148200
2009-11-06,147.4070163829295,150.18012977542833,146.88378423987328,148.80010986328125,172200
2009-11-09,149.4868704642104,155.3993774679946,149.25141646884157,154.02589416503906,434400
2009-11-10,154.38557730878497,154.80416097313883,151.59937074871613,151.78904724121094,273400
2009-11-11,151.710565382222,153.914668890438,151.5078053441138,152.56080627441406,341100
2009-11-12,151.67130572354873,153.1559737747082,150.5725274163122,151.24618530273438,240400
2009-11-13,151.28538323563967,152.90085634622977,150.1408178322558,152.45611572265625,127000
2009-11-16,153.0316749974934,157.09325182680234,153.0316749974934,156.28224182128906,236900
2009-11-17,156.3084138632199,157.296006820585,154.73218121260538,156.3214874267578,224300
2009-11-18,156.7727881797055,156.7727881797055,152.4561466283427,154.2220458984375,160000
2009-11-19,153.4698997130421,154.11086366659674,149.70264719948887,151.16114807128906,174100
2009-11-20,149.77463243602242,150.3044013731947,147.39393562094844,147.59014892578125,267200
2009-11-23,148.6888994216603,150.76219733008733,147.89097278437023,149.37564086914062,237000
2009-11-24,149.65781000850347,150.70786007209884,147.85304334633742,150.41253662109375,228200
2009-11-25,149.46754447040973,151.88264641955624,149.46754447040973,151.1738739013672,205800
2009-11-27,145.05074154619678,148.31244794658124,144.99823804110574,145.1623077392578,166700
2009-11-30,146.63893190119995,149.09997732109383,145.83827099013956,149.0277862548828,357000
2009-12-01,149.60533325110086,150.86538745993894,147.59711152880632,148.80467224121094,257600
2009-12-02,148.9752912963792,150.45191863301733,148.48964136728213,149.44125366210938,218000
2009-12-03,149.29034994129918,149.9663165365532,147.15744310807435,147.66278076171875,274100
2009-12-04,150.29443597464825,150.29443597464825,141.95313628116895,146.67178344726562,880400
2009-12-07,146.12049671107852,148.2599723872268,144.38136158846248,145.38546752929688,548300
2009-12-08,144.38131664942694,148.06959980662185,144.05317729340553,146.92111206054688,313100
2009-12-09,147.32802465437842,149.29686096400465,145.72670285363932,148.97528076171875,229000
2009-12-10,148.73250357769135,150.9441604634734,148.73250357769135,149.32315063476562,194500
2009-12-11,149.3296365184174,149.8415430676989,147.81363447059516,148.32553100585938,189400
2009-12-14,148.38466870995876,149.75628925764218,147.1574203126437,148.43060302734375,156500
2009-12-15,148.81779875947294,149.29688956335065,146.82271532304154,148.9228057861328,375600
2009-12-16,149.9597321179908,154.60618803912797,149.9597321179908,153.9302215576172,404400
2009-12-17,152.74887109967088,155.5249272635292,152.13196750458715,154.1598663330078,355300
2009-12-18,154.42903629087388,157.2904136206516,153.87776423998702,156.72601318359375,878500
2009-12-21,157.11320099970422,158.07793200699908,156.1747267623353,158.03199768066406,259400
2009-12-22,157.9532102184492,158.43886023831607,156.45033585443576,157.0803680419922,223000
2009-12-23,157.0803559263057,157.73663481463115,156.1024967776532,156.64064025878906,191200
2009-12-24,156.27973052836006,157.78916430458898,156.27973052836006,157.2772674560547,77300
2009-12-28,157.50694954763557,157.50694954763557,156.0040751435383,157.09349060058594,214200
2009-12-29,157.3100440226612,158.59635502127892,156.66689353036278,156.78501892089844,332200
2009-12-30,157.30347987745674,157.36254257086165,155.51840059617913,155.7152862548828,166500
2009-12-31,156.1878463329308,156.22065227245145,152.3879852294922,152.3879852294922,260300
2010-01-04,154.91467277706897,157.2444654227402,153.25428757073954,156.57505798339844,238700
2010-01-05,156.88349245286332,157.29038221670507,155.3806079781183,157.25100708007812,198800
2010-01-06,156.52904978758056,156.62092841714417,153.60861119000214,154.00894165039062,278500
2010-01-07,154.00247926789055,155.99756362703133,153.56933259310787,155.70223999023438,218300
2010-01-08,155.83999513287216,157.11973701079333,155.37403269833598,156.79815673828125,224400
2010-01-11,157.4741312890445,160.00080923994867,157.4741312890445,159.35108947753906,207900
2010-01-12,158.32073358520572,159.6004755032325,156.50283813476562,156.50283813476562,208100
2010-01-13,153.71366356123167,157.47413931428355,153.71366356123167,157.12631225585938,203400
2010-01-14,156.96221536806723,157.69724449438343,155.5380914288192,156.1287384033203,163900
2010-01-15,156.09597843846947,156.6538096310976,154.9868652247414,156.25347900390625,197000
2010-01-19,155.99098743600194,158.0713910687378,153.7202572484149,157.5135498046875,187600
2010-01-20,156.85065547919328,157.1066038469876,154.44211314276436,156.36500549316406,203000
2010-01-21,157.52006074543817,157.52006074543817,150.86539325362781,151.10165405273438,354700
2010-01-22,150.60947719174538,154.67183594847717,146.09427429107743,147.66278076171875,282600
2010-01-25,147.95151861327273,149.82190749255255,146.91459673700967,148.6209259033203,195600
2010-01-26,147.3674813386596,150.2157303729138,146.6783862461078,147.4724884033203,203100
2010-01-27,149.8678677679956,151.68576334039182,143.42977259814893,148.8243865966797,560200
2010-01-28,148.9753561941451,149.92695888949663,141.58565710868254,144.1451416015625,632900
2010-01-29,147.53815660303312,147.53815660303312,139.56436663954096,140.32565307617188,483100
2010-02-01,141.26403236790867,143.87601957013499,141.11309102575044,142.1303253173828,426400
2010-02-02,139.68892122921963,142.0055841715765,137.35256071354013,141.75619506835938,716700
2010-02-03,141.63156297343738,145.62174031440992,141.1327945610742,144.8013916015625,601700
2010-02-04,142.27468101430202,142.8193936367095,138.14669164172292,138.63890075683594,540500
2010-02-05,138.10732597470104,139.45925883457167,131.62328758298818,137.0244598388672,884900
2010-02-08,137.4247810807712,137.79230563222512,134.28120993505965,134.31402587890625,356400
2010-02-09,135.76441485257436,137.40511212691405,134.63561432670693,137.0835418701172,564800
2010-02-10,136.59131369109673,139.7283256422261,136.59131369109673,138.56015014648438,619400
2010-02-11,138.32391965920542,138.63893075711786,135.26565729215645,136.046630859375,437100
2010-02-12,134.78658189176883,135.9547576904297,133.1065092830891,135.9547576904297,396400
2010-02-16,136.70288249170025,138.08763122558594,135.84971800864867,138.08763122558594,277100
2010-02-17,138.0810742506633,140.233668205628,137.7857507533947,139.84646606445312,372500
2010-02-18,140.70618513155864,141.2574669906996,138.64546988897254,140.2664794921875,350900
2010-02-19,140.60776922743057,141.88095203061332,140.18119190282795,141.43467712402344,294800
2010-02-22,142.75377251161478,143.92194801648657,141.7824726426044,142.56344604492188,374900
2010-02-23,142.78004033581524,143.8629065630083,140.94902655386568,141.0146484375,276000
2010-02-24,142.57659894967597,143.71195870585544,142.08438974731806,143.30506896972656,280500
2010-02-25,142.08442740992928,143.80387547479023,140.8309319056259,143.26573181152344,359100
2010-02-26,142.74064654724222,144.28290581439526,142.74064654724222,143.59381103515625,302500
2010-03-01,143.0097849390239,144.25671125702354,141.99255030380067,143.06884765625,389700
2010-03-02,144.30920853407648,144.59141374974547,142.02536010742188,142.02536010742188,568200
2010-03-03,143.17374603297154,143.86939976739632,140.83082655463676,141.80868530273438,500900
2010-03-04,143.67470969236925,143.67470969236925,139.962675809065,142.3098907470703,300600
2010-03-05,143.07467630342634,144.97355080278433,142.05931205954198,144.94058227539062,557200
2010-03-08,144.9405695013354,144.9405695013354,142.70544036494738,143.8131103515625,293900
2010-03-09,143.06806002609073,144.31419366949495,142.32301369994053,143.05487060546875,323100
2010-03-10,143.60215762559318,144.31423563755808,142.013169007984,142.21755981445312,502000
2010-03-11,141.28785418896572,142.0592793219916,138.22856267867027,138.7296600341797,730900
2010-03-12,139.76488325655728,140.92531143082306,137.3715202683051,138.45941162109375,601600
2010-03-15,137.81324987968077,140.57584600278338,137.56929077834965,139.89013671875,384800
2010-03-16,140.7736352259806,140.7736352259806,138.8483915949033,140.00881958007812,290400
2010-03-17,145.05267672235462,149.43721951722907,144.71642186630802,146.8988037109375,895300
2010-03-18,147.03722329110806,149.66795439322073,146.5493253851615,148.78445434570312,406000
2010-03-19,147.92079162597656,149.00209316991763,145.81752586451324,147.92079162597656,514700
2010-03-22,147.03063203635878,148.87675857628562,146.37789152793107,148.81082153320312,296900
2010-03-23,148.79763280923194,150.1756405556987,148.21742908182628,149.66795349121094,301200
2010-03-24,149.01522412070383,149.61521705444903,147.525141398112,148.34930419921875,327500
2010-03-25,148.35586031563744,150.12945987205123,147.9207101011435,148.61959838867188,486500
2010-03-26,148.96248201876634,148.96908176019184,143.78674547221084,144.57135009765625,538100
2010-03-29,144.39331832163447,145.33615570808053,142.03950460484688,145.0856170654297,314600
2010-03-30,145.05926881674975,145.13179555874055,143.5494067196832,144.47906494140625,222800
2010-03-31,144.24164392863656,146.2262238408875,142.8834255781424,143.57571411132812,324800
2010-04-01,139.40871907541305,139.76475280346767,136.44832413019907,139.15158081054688,1632300
2010-04-05,138.9142973447282,138.9142973447282,135.53852955379875,135.82203674316406,645300
2010-04-06,134.25286489418633,135.22208147413843,130.58698915042012,130.91006469726562,1399900
2010-04-07,131.04185720665723,132.79567768494312,130.45505382083422,131.21987915039062,1117600
2010-04-08,130.257292276557,134.89238347424305,130.15179701416454,134.8726043701172,1329100
2010-04-09,134.49013977583294,137.7340423902939,134.49013977583294,135.89451599121094,774700
2010-04-12,135.4066225893657,136.48133389692487,134.93190410139962,135.6901397705078,561300
2010-04-13,135.61766692713584,136.95610678831287,134.85943095683166,136.4154510498047,335900
2010-04-14,137.27257176973583,139.4022059043356,136.8176322354054,139.36924743652344,586400
2010-04-15,139.77800624539958,139.9560282212596,136.23080645242766,136.28355407714844,579800
2010-04-16,135.88798651360392,136.27038925584606,131.35838025609544,132.36056518554688,821200
2010-04-19,131.54963090422154,134.2594798002227,131.48369382661562,133.5869598388672,454800
2010-04-20,135.06378244164344,135.06378244164344,133.03304441462467,133.9626922607422,319500
2010-04-21,133.4485128434392,135.39354621186732,131.3914045379893,132.65731811523438,386700
2010-04-22,133.18471007455358,137.35827175099126,132.30120995691533,137.00222778320312,698700
2010-04-23,136.4220337980979,139.70549585132065,136.4220337980979,139.1318817138672,591600
2010-04-26,134.70123256487125,134.70123256487125,126.85519303083124,127.21782684326172,1816800
2010-04-27,126.5914099351415,127.76501699323536,121.98268779538097,122.3057632446289,1042000
2010-04-28,123.81564615708892,125.92551139639613,119.45747199483516,121.60689544677734,1106400
2010-04-29,123.19587468405554,126.04417644345685,122.3189641485675,125.52989959716797,699500
2010-04-30,124.89693108002615,125.22000654154134,120.31458761060165,121.3167724609375,846600
2010-05-03,122.37833833286138,123.5651352820766,121.48823810580363,122.47723388671875,421000
2010-05-04,121.34312057484765,121.64641688098934,116.67507180475751,117.1497802734375,668200
2010-05-05,114.98716981151964,117.65086915127223,114.38718704362337,115.25090789794922,766600
2010-05-06,114.59159623465231,118.29702891590308,110.26639152616438,113.15425109863281,1279100
2010-05-07,113.14107275651529,116.03553209613588,111.77625433608544,113.48391723632812,1232400
2010-05-10,116.38497733754276,119.4113007390551,115.12565415858958,116.4179458618164,597500
2010-05-11,115.13228491444404,115.13228491444404,111.92793838711847,112.73892211914062,940400
2010-05-12,113.09492208288081,114.84214330001979,112.75206752044126,114.70368957519531,463900
2010-05-13,114.88173554443357,115.55424532653109,113.43780032069893,113.6487808227539,314000
2010-05-14,113.14105602836388,113.88609224523897,111.19602406724181,111.9015121459961,517100
2010-05-17,111.78287184437362,113.86635832766709,110.20048290499683,112.74549865722656,552400
2010-05-18,113.57623658968525,115.9168612231346,110.45101733124153,111.09056854248047,582900
2010-05-19,110.71475611074817,111.85539485024135,108.13018223055609,110.73453521728516,535600
2010-05-20,109.29719395802125,109.29719395802125,105.55879211425781,105.55879211425781,657800
2010-05-21,104.95216020122798,110.14109491519777,104.17415551443852,109.75868225097656,1070800
2010-05-24,110.44442403889903,111.87516970061445,106.77854887828876,106.78514862060547,586400
2010-05-25,104.1873697553268,107.1873244289388,102.5258546950741,107.10160827636719,701800
2010-05-26,108.62465354017594,109.30376286064894,107.03566529843278,108.15652465820312,1075000
2010-05-27,111.18941577076039,113.72124066946307,109.67955442988267,113.66190338134766,725200
2010-05-28,113.72787488127906,114.7762075313959,109.9301263214884,110.68836212158203,575900
2010-06-01,108.84880223088358,110.68833881738342,107.4048677229326,107.60266876220703,338500
2010-06-02,109.05320379876576,109.25100485771908,107.18070856991123,108.63783264160156,495900
2010-06-03,111.36424518622351,111.36424518622351,107.60964656072274,108.68428039550781,353600
2010-06-04,106.79370975768606,107.71577439720669,105.51342713043138,105.79867553710938,580600
2010-06-07,106.54830651727933,107.58314092826275,104.35923839651402,104.4786376953125,546200
2010-06-08,104.0938625994276,105.06236718801361,100.70411172239633,103.80862426757812,992100
2010-06-09,105.37416187271016,105.37416187271016,102.41558805235944,102.76053619384766,507800
2010-06-10,103.60296475770254,105.15522593296518,102.13032333011434,104.13365173339844,580800
2010-06-11,102.22983932704663,105.64612020750693,102.22983932704663,105.56652069091797,328900
2010-06-14,105.44706891627551,106.93297980354096,104.77707291184858,105.32102966308594,421400
2010-06-15,106.13033771496444,108.31940457475649,105.36747218690691,108.31277465820312,342900
2010-06-16,107.00602303383177,108.40570549201706,106.34266661046462,107.14533233642578,331800
2010-06-17,107.63617714434314,107.72241669241268,104.6046444674324,105.71907806396484,341500
2010-06-18,105.37409935506096,106.43546282853502,105.07558107245038,105.32102966308594,329100
2010-06-21,106.65443221539138,107.36422836228348,104.16021600501524,104.75723266601562,406600
2010-06-22,104.08057440755505,105.34758706533776,103.37078860058476,103.3774185180664,246100
2010-06-23,103.12536441003795,103.88159011058804,102.12369002037059,102.85338592529297,296600
2010-06-24,102.54160927473167,102.6809084174577,99.8682844247556,99.99432373046875,301200
2010-06-25,99.94124578323576,103.26465664351491,99.68916719257564,101.05567932128906,676800
2010-06-28,101.36083696319847,102.05072300909613,100.5183716920435,100.92301940917969,243400
2010-06-29,99.15184072411046,99.45697887300906,96.31930723875128,96.58465576171875,470000
2010-06-30,96.09374062473033,97.54649173397601,94.86652810287221,95.12523651123047,311400
2010-07-01,96.41881862299171,96.41881862299171,91.82175532721612,93.08213806152344,639800
2010-07-02,93.16176835420653,95.53658532582757,92.39227255115317,94.72064971923828,533600
2010-07-06,95.64269962900542,97.91801683857771,95.09212284678975,96.32596588134766,473100
2010-07-07,96.31928000680138,98.58132618075555,95.93453234878504,98.49508666992188,332600
2010-07-08,99.44373577540473,100.99598693847655,98.76047966203518,100.99598693847656,462800
2010-07-09,100.79031736725736,102.99265413542003,99.8682528854104,102.80028533935547,373300
2010-07-12,102.10377857414885,103.27792180739058,101.45369237379408,102.25634765625,194300
2010-07-13,102.97942563630438,105.10879348379487,102.88655616822088,104.0805892944336,366900
2010-07-14,103.93460180769387,103.98767149650705,101.5664264112036,102.98600769042969,267000
2010-07-15,102.66767813410087,103.07232596375995,100.18009150636448,102.15026092529297,278700
2010-07-16,101.46029950754412,101.47356946188093,98.81351551088372,98.93291473388672,360400
2010-07-19,99.50343526186235,99.64274452491462,97.40722712972936,98.2629623413086,201900
2010-07-20,97.0888192289301,99.15185753038614,96.31932356491144,99.07888793945312,443100
2010-07-21,99.6692896912951,100.16017702488125,93.53987348998179,95.07886505126953,1127600
2010-07-22,95.95448091082861,100.96282280004455,95.5233033818686,100.30610656738281,587200
2010-07-23,99.68919870386179,103.21161955850316,99.51008964219764,102.48193359375,466000
2010-07-26,102.98607463407099,106.06404773194139,102.82686546414132,105.90483856201172,439300
2010-07-27,106.32930489874992,107.88819519733885,104.27290783393839,104.5316162109375,388500
2010-07-28,104.94295232207811,106.1303656280803,103.1054527525179,104.14692687988281,308600
2010-07-29,104.81031138863558,106.11049438866239,103.29122968358833,104.96952056884766,438100
2010-07-30,103.88155265742868,105.63281207583549,103.48353501242339,104.47193908691406,313700
2010-08-02,106.13698072567182,108.4653570964172,106.13698072567182,108.02754974365234,369200
2010-08-03,108.02755864612705,108.08725827342234,106.36916818562165,106.69420623779297,345300
2010-08-04,106.56154284151428,106.96619054084387,104.27296590550806,106.42223358154297,489400
2010-08-05,105.80530747666384,107.17845958586705,105.51342914686153,106.48193359375,222000
2010-08-06,106.02423468624518,106.02423468624518,102.31607553693702,104.2530746459961,542700
2010-08-09,105.01594347110424,106.37582603012777,104.55159604466112,105.90483856201172,294200
2010-08-10,105.40063462577982,106.80694610928074,104.47857018899226,105.7455825805664,329600
2010-08-11,102.67425474837414,103.67591879984236,101.31437274016159,101.46031188964844,336700
2010-08-12,100.6642656740935,100.6642656740935,99.06557540115698,99.17171478271484,423300
2010-08-13,98.84009880463425,102.09718099989604,98.83346888488144,100.55155944824219,295200
2010-08-16,99.73561555370092,100.33263212580962,98.83345065499495,100.04739379882812,303100
2010-08-17,100.99600323176946,101.75885897748934,100.41224641082691,100.76382446289062,203300
2010-08-18,100.63774302766664,101.32099889664298,99.17835173275674,99.82180786132812,227500
2010-08-19,99.47025927653125,100.45202360959277,97.5133605284245,97.73226928710938,411100
2010-08-20,97.51334677100293,97.84502482124442,95.8549565197954,96.45197296142578,536800
2010-08-23,96.65766592078184,96.85003482393712,94.62115690530014,94.95946502685547,433800
2010-08-24,93.84498559467926,94.3292326996765,92.92292104691222,93.79191589355469,434900
2010-08-25,92.88313053045454,93.95776424947393,92.44531304418311,93.66588592529297,428400
2010-08-26,94.04402687299373,94.36243506752868,92.49840545654297,92.49840545654297,265500
2010-08-27,93.14849653886226,94.0174917293178,92.31267118998436,93.63274383544922,302900
2010-08-30,93.75875461852952,95.05893710966829,93.45361646173923,94.30934143066406,337700
2010-08-31,94.41623813489667,94.98407891157846,93.69473733007196,94.83042907714844,360800
2010-09-01,96.62085626229785,98.28430769289835,95.67221881265135,97.91688537597656,318600
2010-09-02,97.20202705292286,99.94773420422817,97.20202705292286,99.74063873291016,317300
2010-09-03,100.34191087873025,101.27050740144293,100.26842438295951,101.24378967285156,300400
2010-09-07,100.80951057906903,101.43080712320936,100.43540135381595,100.7293472290039,220600
2010-09-08,100.37529566790592,102.09887933922607,100.37529566790592,101.50431060791016,367300
2010-09-09,102.91388983157998,104.21659523325327,99.23289971955809,100.70262908935547,463300
2010-09-10,100.72935112206433,101.257120380289,100.04125515751296,100.98321533203125,292600
2010-09-13,102.0187017958832,102.88048841490458,100.19490397996442,100.66922760009766,385900
2010-09-14,100.82955376890801,107.22284612226407,100.17486260944136,106.58819580078125,1011900
2010-09-15,105.75981872012271,110.77023279777653,105.75981872012271,110.16230010986328,735900
2010-09-16,109.1401957641109,109.82161505347773,107.2495979610532,108.58570861816406,429600
2010-09-17,109.0533339325143,110.5297302081119,107.59696830359877,110.26251220703125,544100
2010-09-20,110.75018247040443,115.03241844845915,110.75018247040443,114.69170379638672,749500
2010-09-21,115.35303672388524,115.48664566324872,111.35138425989918,112.06620788574219,764700
2010-09-22,112.37350781111151,113.16848449872572,110.06871048502416,110.7234115600586,469400
2010-09-23,110.72346789813055,110.72346789813055,107.46335539616074,108.00447845458984,676200
2010-09-24,109.70134514503061,111.8324325978086,109.5610490725698,111.71886444091797,299300
2010-09-27,109.2804549859857,111.73221599106438,109.16688684170657,110.83033752441406,377200
2010-09-28,111.56522664236888,112.76104105348102,110.088820056059,112.68087768554688,394600
2010-09-29,111.9727302975165,113.74307246552904,111.9727302975165,112.7409896850586,561300
2010-09-30,113.5627137265741,114.90550108698146,113.23536298978696,113.73640441894531,728700
2010-10-01,114.7718713018909,114.7718713018909,113.13513830166526,114.46456146240234,416400
2010-10-04,114.61154655351268,114.61154655351268,112.94140858160043,114.17731475830078,453400
2010-10-05,111.56520315540112,115.219465415569,111.01071619192224,114.44451904296875,846400
2010-10-06,113.60940259769036,114.48455279275602,113.29541601253902,114.47119903564453,439900
2010-10-07,114.63827488846117,115.48002075964415,114.1038286967536,114.20403289794922,306000
2010-10-08,114.90552230004253,116.80279708222585,114.18402128561033,116.5756607055664,406600
2010-10-11,117.39071125054078,118.78026788981747,117.04331954229215,118.40615844726562,566900
2010-10-12,117.7246457468681,119.41482397845094,116.66244080803962,119.32129669189453,454000
2010-10-13,119.84912964744149,120.918022320022,118.9272201658997,119.74224853515625,401600
2010-10-14,119.32129279069822,120.33673914990345,118.43277850060733,118.74676513671875,724500
2010-10-15,117.91174048910955,118.81361906891946,116.90965770874885,117.40402221679688,339600
2010-10-18,116.9898842811669,118.46629152719787,116.9898842811669,117.91180419921875,447500
2010-10-19,116.74262367369208,117.57769251255968,115.57352729927742,116.66246032714844,380800
2010-10-20,116.56227797248017,116.86290079831794,112.28005153756591,113.2420425415039,1435400
2010-10-21,113.55601255322823,113.6161452644849,110.3426688841286,111.07084655761719,923300
2010-10-22,111.79902992727271,113.59608966175145,111.51176092104242,111.93931579589844,593300
2010-10-25,112.03957032107894,113.32223540517796,112.03957032107894,112.49384307861328,765300
2010-10-26,112.1330733840802,113.06166973734545,111.56522236640642,112.64746856689453,329600
2010-10-27,112.04626222381933,112.69427683353369,111.03750215204452,112.56734466552734,314300
2010-10-28,113.00154606723353,113.46919291627141,112.0328679539821,112.32013702392578,319600
2010-10-29,112.62077332740688,114.40447990768519,112.40031383630968,114.23078918457031,578400
2010-11-01,114.73181136691461,116.55559933026693,113.67628285729684,114.8052978515625,302900
2010-11-02,116.12801181842191,116.47540330241132,115.30630695229019,115.6002426147461,211500
2010-11-03,111.21780565726532,112.83449771007618,109.56770881207464,110.67000579833984,1959200
2010-11-04,111.89262112996126,113.5427190564907,111.37153864723807,112.9080581665039,2337800
2010-11-05,112.96144194577384,116.21487743146565,112.92136026809473,115.67374420166016,1184600
2010-11-08,114.89883034066445,115.09256188505137,112.8278549120543,112.96146392822266,2274300
2010-11-09,110.63658267540431,111.89920614595958,109.78815001934248,109.90171813964844,16343600
2010-11-10,110.6499660709526,112.86790363398981,110.30257457540043,112.55391693115234,5091100
2010-11-11,112.23325840305183,115.17938388262283,110.92386590311628,114.37103271484375,3135500
2010-11-12,113.78317881266565,115.62700769352922,111.89925805276452,115.62033081054688,3350200
2010-11-15,116.05456915037173,116.07460999415409,114.18401224553588,115.62701416015625,1715400
2010-11-16,114.14393578794406,115.1393419141752,110.75021343786106,111.7522964477539,2319400
2010-11-17,112.4002882057766,113.57606169646868,111.5919369227478,112.85456085205078,1929800
2010-11-18,114.45796870105096,114.85211906382636,112.81454741784901,113.00160217285156,2262700
2010-11-19,113.32216603420702,113.56934310721796,111.43824615556544,112.88792419433594,842100
2010-11-22,112.60739331955065,113.43578551407825,111.07086417837392,111.47837829589844,1077000
2010-11-23,110.89714164682609,110.94391039471887,108.59235369351083,108.91301727294922,1200500
2010-11-24,110.26916724836131,111.19776337970352,109.84828929599448,110.82365417480469,948900
2010-11-26,110.32262884651945,110.87711585322776,109.56772325282903,109.96188354492188,230900
2010-11-29,109.65458895776463,109.84832049614435,107.91096433749023,108.9598159790039,1046000
2010-11-30,108.4120123729644,109.56106829496981,108.22495770600676,108.89301300048828,1147600
2010-12-01,110.57341392156535,112.7579950476753,110.06927981553997,112.67060852050781,1506800
2010-12-02,113.00671934852872,115.53411871013073,112.98655480099565,115.51395416259766,1048400
2010-12-03,114.63341440301888,116.12565276309134,112.96641317665129,115.85006713867188,719600
2010-12-06,116.07858457308971,116.25334740778557,114.23681055680356,115.26524353027344,747600
2010-12-07,116.29369208310956,117.27507799497972,114.00156935047148,115.20476531982422,1323500
2010-12-08,115.28544099107239,117.16082654160577,115.11067810648352,116.75751495361328,848900
2010-12-09,119.73526205868556,120.92501163811447,117.71872483121302,120.87124633789062,1489600
2010-12-10,120.85782178255504,123.08273328559912,119.98398677432706,123.04240417480469,1982000
2010-12-13,123.68095977008795,124.54134823491391,122.04756940935475,122.25594329833984,925700
2010-12-14,122.29626552421263,123.83555113051987,121.89295396673738,122.78023529052734,713800
2010-12-15,123.06921834523912,123.76829006546404,121.42910037467473,121.5971450805664,753100
2010-12-16,122.1013318767788,123.21043356814783,119.80248053917659,123.08271789550781,937900
2010-12-17,122.82054262655703,127.06199030027193,121.83243871684667,125.83190155029297,3979700
2010-12-20,126.05371983969135,127.04182373370669,124.6623147227258,126.70573425292969,1502200
2010-12-21,127.33759975018017,129.44824153830268,126.86707647065698,129.40118408203125,888800
2010-12-22,129.99275046739834,130.2280173179075,127.92243705549987,128.35935974121094,678600
2010-12-23,128.19799942575148,128.88362498310394,126.64526733790193,126.82003021240234,356200
2010-12-27,126.74606764364619,127.69384247314028,125.71763461815678,127.21659088134766,387900
2010-12-28,127.17624362121396,127.71398878320727,125.93271883178004,127.3174057006836,304400
2010-12-29,128.0769934399929,128.70212529856408,127.28382707324317,128.2652130126953,379600
2010-12-30,127.57963416535726,128.11737966079122,126.1814999798859,126.3831558227539,379000
2010-12-31,126.57128430281277,128.11729776772682,125.93943451880683,128.10385131835938,480700
2011-01-03,128.7356891154085,131.0748685123872,127.39804958538076,127.84169006347656,1085200
2011-01-04,128.56093433294987,128.72226096336084,126.8468863217754,127.74087524414062,794400
2011-01-05,127.73417144976702,129.62299275286932,127.20987266302109,129.05836486816406,925300
2011-01-06,129.51541535271213,129.58935543616806,126.61160806631672,127.66692352294922,727300
2011-01-07,128.73570582805,128.73570582805,124.66230333421973,126.61161804199219,886200
2011-01-10,126.4435916717053,128.7491607107049,125.98650461980299,128.50045776367188,898300
2011-01-11,128.97098364014215,131.53198403261237,128.1979818796576,130.0128631591797,734000
2011-01-12,130.8732403264807,131.23622270545167,128.41306289260856,130.295166015625,818100
2011-01-13,130.29511562356058,131.80751768552713,129.3876805403604,131.6193084716797,609000
2011-01-14,131.29676013242155,133.83087850655457,130.18094023481348,133.80398559570312,808200
2011-01-18,133.971993530974,134.4290805799289,130.23467996880225,132.09661865234375,812000
2011-01-19,131.5857846109464,132.3789613287367,128.38621560041537,128.76263427734375,774300
2011-01-20,129.55577926451207,129.7372602028861,127.20987095062891,128.29879760742188,806800
2011-01-21,129.36754313210932,130.83960616558514,128.5878132217054,129.77757263183594,627400
2011-01-24,130.5573193352287,131.00767801731257,128.5945579606362,130.1204071044922,789900
2011-01-25,133.99218981132952,134.34844394165944,131.02115918777537,133.0981903076172,1361900
2011-01-26,133.87117502501536,134.99371274873238,132.36549033974532,134.40892028808594,1313700
2011-01-27,134.9466337108045,135.82046834145106,133.5955577997844,135.59864807128906,729600
2011-01-28,135.36338601148006,135.4238796490316,130.369091604243,130.59091186523438,1041700
2011-01-31,130.8060979398154,133.22593730388638,130.76575856560157,133.10494995117188,699800
2011-02-01,133.91815485396373,135.7800926598194,133.42746729195122,135.26251220703125,639200
2011-02-02,134.14672136363401,134.42903521478908,132.43938155288114,132.8494110107422,778200
2011-02-03,132.41926610824763,132.97045782437166,130.745536666571,132.29827880859375,462100
2011-02-04,132.48652379713187,132.8562141500739,130.443093295061,130.63803100585938,702200
2011-02-07,131.24966941296705,133.42753309133101,131.07490656327226,131.74708557128906,808400
2011-02-08,132.27138788620448,134.06610465442705,131.11523914121167,134.0123291015625,727600
2011-02-09,133.27295376824597,134.87273306060683,132.59404630923044,134.18038940429688,447000
2011-02-10,133.09817891678753,135.50458130783298,133.09817891678753,134.91307067871094,486900
2011-02-11,134.44254683425245,136.85567775509563,133.76364959152997,136.73468017578125,473000
2011-02-14,136.78835863253678,138.7645655531049,136.17667358443092,137.8033447265625,672500
2011-02-15,136.86240234290702,138.46891016219308,136.14316570188697,138.24037170410156,457800
2011-02-16,138.48904320375877,139.14105767620245,137.1245206084314,138.02523803710938,458200
2011-02-17,137.81009934404105,138.11929584584917,136.31786159946267,137.52105712890625,379000
2011-02-18,138.0991305078815,139.4569345370504,136.38507254014684,138.919189453125,516900
2011-02-22,136.7278672647703,137.23200127294288,133.0308845381714,133.36697387695312,537500
2011-02-23,133.76360638534132,134.32151612518206,130.65814302676006,131.1622772216797,682900
2011-02-24,131.60592543255194,135.40374303855936,130.1204155463621,135.24241638183594,832500
2011-02-25,136.4456030132862,137.4942004901149,135.40372363328564,137.0707244873047,863900
2011-02-28,136.52624666373126,138.20669378910011,134.77857755069357,137.11776733398438,685300
2011-03-01,141.0029835028994,141.0029835028994,135.0407491450744,135.39700317382812,748100
2011-03-02,134.92645473879008,135.8002892760128,133.5888254207808,133.6627655029297,710100
2011-03-03,134.94543261326666,140.21817223758993,134.8371429767721,140.15048217773438,704800
2011-03-04,140.23168852475936,140.40767853226737,136.05546836830882,136.65110778808594,537400
2011-03-07,137.0640357648641,137.4769204338706,133.09763905750927,134.1806182861328,654600
2011-03-08,134.74917090508146,135.635855068657,133.23977733142272,134.5799560546875,564300
2011-03-09,134.06549384706622,134.54605804928002,132.42748565143532,133.2735595703125,552300
2011-03-10,131.56792634483455,132.80658021905515,127.8655048012941,128.86048889160156,944700
2011-03-11,129.1108602493918,129.90278407682428,127.46609776042804,128.5896759033203,593700
2011-03-14,127.70978791881907,128.04821751622285,125.61829548559622,127.54057312011719,584400
2011-03-15,124.06152343359629,126.42376585889683,122.03094574832258,125.69275665283203,792200
2011-03-16,125.35431836487818,126.05148249567189,121.50976317091107,121.6789779663086,924900
2011-03-17,124.06154793411852,124.90762213673774,122.99211923069555,124.51505279541016,675100
2011-03-18,125.40847966048925,126.4102284478248,123.9261562664964,124.91437530517578,748500
2011-03-21,125.2257186526643,126.66066720012216,125.21895377866684,125.89581298828125,461800
2011-03-22,125.64539277478788,126.12595708493994,125.00236818957258,125.23927307128906,509900
2011-03-23,125.0700288731578,125.31369857241353,122.761936767437,124.33901977539062,525700
2011-03-24,124.50826096326108,126.23425417170188,124.50826096326108,125.59123992919922,1010400
2011-03-25,126.29518604723184,127.93995966969901,125.59125685414602,127.4120101928711,592500
2011-03-28,128.1294078811886,129.06346625708815,126.70123501021736,126.89075469970703,570300
2011-03-29,126.74862395059479,127.16150839062003,125.35429593845865,126.23421478271484,975700
2011-03-30,132.8945069923228,135.4395036991024,131.90629853630497,134.58665466308594,4569000
2011-03-31,134.0858583657165,136.0758164314393,134.0858583657165,136.05551147460938,2705100
2011-04-01,136.75941732222927,138.41772046512511,136.7255722931798,137.01661682128906,18680000
2011-04-04,136.31945085846507,137.26706001947522,135.2500223161499,136.0419464111328,1768900
2011-04-05,135.54105140616383,136.86092474750495,134.64759232707047,135.01986694335938,1303700
2011-04-06,135.87271617961648,135.87948105335124,134.49191766191592,134.84388732910156,1058800
2011-04-07,135.13499247352559,135.229752388601,133.20594913204957,134.01141357421875,959400
2011-04-08,134.69500459475506,135.3109490542981,132.19739205304717,132.73211669921875,817000
2011-04-11,132.56287447807827,133.53754302130227,132.3395097094067,132.63055419921875,797900
2011-04-12,133.48345793155596,133.48345793155596,131.25658453644616,131.83868408203125,904900
2011-04-13,132.68469904712708,133.2938681541153,130.82333637482301,131.77093505859375,1179600
2011-04-14,130.74211189382615,131.5069556868578,130.05847756328328,130.89102172851562,679400
2011-04-15,131.97405453327357,132.04850948694747,130.329291004008,130.79632568359375,681600
2011-04-18,129.33430536212245,130.62710939452163,127.96704637686116,128.97557067871094,971100
2011-04-19,129.4967153840581,129.97727966308594,128.163301848529,129.97727966308594,708700
2011-04-20,131.56117033944196,132.98934421755223,130.4985063545659,131.1212158203125,984100
2011-04-21,132.52902680129745,134.8371190366625,131.39189803154864,134.61375427246094,959000
2011-04-25,134.53933972398423,135.3651089807523,132.59674631106873,133.42929077148438,803400
2011-04-26,133.61876455697734,135.03339767291376,133.16527017508602,134.6475830078125,565700
2011-04-27,134.78972895442212,135.64934295553005,133.19234096819872,135.30413818359375,746400
2011-04-28,134.6272812885905,134.92510096815113,133.02312840229004,134.0181121826172,534200
2011-04-29,133.91664434122248,134.20092406666856,131.90637097808798,132.62384033203125,454000
2011-05-02,133.24653768950205,133.67972727870074,132.2041787907615,132.3463134765625,462900
2011-05-03,133.75412410012083,133.75412410012083,129.96370909573048,131.35804748535156,570700
2011-05-04,133.38186638167303,133.91659090965757,130.3766100145209,131.31744384765625,574300
2011-05-05,130.7827859174346,131.2295156405536,129.10417734553826,129.59828186035156,516700
2011-05-06,131.37162500429895,133.72032770784824,131.23625520378263,132.4884490966797,746600
2011-05-09,133.55788467240012,133.55788467240012,131.46638154475417,133.117919921875,431600
2011-05-10,133.34801790360572,134.12641212573942,132.44102911807178,134.0181121826172,423100
2011-05-11,133.44277595623294,133.44277595623294,131.42573860126694,131.6626434326172,503200
2011-05-12,131.419007326522,132.6644259897336,130.01113870930533,132.5832061767578,485000
2011-05-13,132.81332295534483,133.11790755245013,131.23623966236113,131.47314453125,299600
2011-05-16,130.13296621147347,132.59673366760987,129.77423160620484,129.9231414794922,457900
2011-05-17,129.33424445697665,129.92310859809274,126.89078257213819,128.96873474121094,608300
2011-05-18,128.92815172717212,131.14148444685253,128.26483252995382,130.8030548095703,361900
2011-05-19,134.03839982009396,135.27705314845048,132.68468169004964,134.08578491210938,916100
2011-05-20,134.01811184551318,135.365065273574,133.56461745388688,133.6864471435547,566300
2011-05-23,132.37336361006558,132.79977789880246,130.97902493079795,131.8115692138672,542500
2011-05-24,130.32250444632712,131.4663984858224,129.6321152939191,130.66770935058594,1056300
2011-05-25,130.6338573946288,132.56967559090452,130.6338573946288,132.2650909423828,625500
2011-05-26,132.2718335439537,134.16704151168935,131.31069464724226,133.70677185058594,629900
2011-05-27,134.01818006374975,136.170588301246,133.81512014955706,135.8253936767578,663000
2011-05-31,137.06403517627479,139.13522338867188,136.30595591632692,139.13522338867188,897700
2011-06-01,140.27911586973718,140.3941807326521,134.89131030091468,134.9319305419922,1055300
2011-06-02,134.98605035354157,136.069029405776,133.94369153641023,135.08758544921875,600600
2011-06-03,133.77564520195202,133.80972503969693,131.90818033041882,131.9695281982422,753800
2011-06-06,131.45827926431105,132.20798322528984,127.79832330316165,128.03005981445312,795600
2011-06-07,128.84113917674523,130.5654827145,128.45947008053338,129.2500762939453,678000
2011-06-08,128.99107515842036,130.08156714585968,128.7729830007539,129.28414916992188,600300
2011-06-09,129.62491452573357,131.64231099471783,127.75063874693394,131.07662963867188,440500
2011-06-10,129.57039594970078,130.6472538855997,126.271672895247,126.64653015136719,896000
2011-06-13,126.91229422618721,128.96376995089284,126.7691631757666,128.76611328125,762100
2011-06-14,130.66093403313113,131.54013554457933,130.2588086165502,131.24024963378906,516900
2011-06-15,129.85662917958436,130.43595489255236,126.43522133060827,126.98728942871094,826600
2011-06-16,127.44394463812752,128.81386613728222,126.21714383307022,128.22091674804688,826800
2011-06-17,130.14292432600752,130.17700415572727,127.38262451396885,127.68251037597656,659200
2011-06-20,127.34856034324437,129.3523233772497,126.8646517005284,129.08651733398438,407300
2011-06-21,129.7340123597713,130.7563449696995,128.58899442880505,129.9929962158203,543000
2011-06-22,129.28417436030432,130.45644983531787,128.86842537905295,128.90931701660156,590300
2011-06-23,126.89189745759464,128.12552067091292,125.89002123414816,127.70294952392578,690500
2011-06-24,127.7779308995784,128.03692513237155,125.07215666653723,125.67192840576172,771700
2011-06-27,125.78779485508264,127.73704265969478,125.47428536466292,127.49850463867188,434200
2011-06-28,127.77106471289903,129.00467709719197,126.90548730304332,128.9910430908203,593300
2011-06-29,129.8226047244112,131.19934885548744,128.97066090067426,130.78359985351562,829200
2011-06-30,131.4106046137812,131.73093626340452,129.38638563624784,130.7290496826172,782100
2011-07-01,130.89259591562853,134.02092982014722,130.2451209627964,133.87098693847656,741100
2011-07-05,133.2031265347599,133.82334415365494,132.344360477919,132.56927490234375,402300
2011-07-06,132.35116099871462,133.43483090271508,131.60144637347332,133.278076171875,570600
2011-07-07,134.78430249397562,135.69759402618217,134.30040430572964,135.28184509277344,414300
2011-07-08,133.07360624875722,133.48254338558738,132.1262452681473,133.2099151611328,618200
2011-07-11,129.61127101883142,131.16521508230835,126.64651397127437,127.02818298339844,835600
2011-07-12,126.36028500201749,128.5140011643519,125.06533474222456,125.19483184814453,943500
2011-07-13,126.24442478125509,127.4507799958062,125.74689256270719,126.12174987792969,765300
2011-07-14,127.00774223134934,127.32125161821104,123.87939776869253,124.22699737548828,672400
2011-07-15,127.98917734993218,127.9959995540624,124.28152779889103,125.77412414550781,745700
2011-07-18,125.56967318222706,125.56967318222706,121.84837901054128,122.85026550292969,701000
2011-07-19,123.69541302109396,125.36522058757535,122.48224602832275,125.19483184814453,1211500
2011-07-20,129.20238360508944,130.5109679294065,125.50153462563486,125.74689483642578,915900
2011-07-21,125.91727123277717,128.5276278194237,125.91727123277717,127.94149017333984,728600
2011-07-22,128.2754001948116,129.4885665920038,127.79149183652342,128.07774353027344,572500
2011-07-25,126.4284181492303,127.7370021457218,125.54239481002323,126.76919555664062,393400
2011-07-26,128.62984441621094,128.62984441621094,125.07894945808269,125.69234466552734,762200
2011-07-27,125.80141557914641,125.80141557914641,119.71512438748088,120.52617645263672,1612500
2011-07-28,120.8669154780828,121.49394459290266,118.62460495225636,119.31979370117188,1279500
2011-07-29,117.56819342904205,122.39360226818066,117.48641018760414,121.63026428222656,1276300
2011-08-01,123.6340173360548,123.7021769653369,119.33340888071591,121.56209564208984,978800
2011-08-02,122.35271143739797,122.35271143739797,118.55644649407725,118.92449188232422,1141800
2011-08-03,119.00630444162533,120.43757392682477,115.55081602149943,118.2156982421875,1490600
2011-08-04,116.46408308599185,117.6908733591888,111.01164489507013,111.2638168334961,1276000
2011-08-05,112.89274424992823,114.20132830598817,107.00411079780764,110.1256332397461,1897300
2011-08-08,104.979868460344,108.8715503306293,98.92084765962922,98.99581909179688,1855300
2011-08-09,102.24685984297358,106.79282937044034,98.58009148181294,106.69058990478516,2030800
2011-08-10,103.29642150929102,105.72275440918685,99.41837387109965,100.91098022460938,1944200
2011-08-11,102.26728862433094,112.12938633266373,101.3267397753923,110.39823150634766,1968300
2011-08-12,113.8606000649027,114.84204113080439,108.98748497205368,109.77809143066406,947800
2011-08-15,110.84126493288622,112.89274121992895,110.4186938680063,112.55196380615234,782900
2011-08-16,109.15786902261965,112.32709612740464,108.30592513426824,109.83942413330078,874900
2011-08-17,110.63678339612669,112.238430812736,108.62619897118728,109.85298919677734,867500
2011-08-18,107.52208012493823,107.52208012493823,102.5739960842989,103.78716278076172,1029400
2011-08-19,102.4036516203628,106.34985099046185,102.23326284894787,103.13973236083984,1195500
2011-08-22,105.80459800218848,106.6429077090405,103.24194464184849,103.71221923828125,1197200
2011-08-23,104.48238136168169,108.66712855684742,102.39682476991266,108.64668273925781,1118000
2011-08-24,107.92422962930128,111.59098815917969,106.84054936369313,111.59098815917969,707600
2011-08-25,112.6064648345937,114.4807402008157,107.01089634720516,108.12183380126953,1036700
2011-08-26,107.71978291126685,111.10029029795628,105.35478594208891,109.72355651855469,742600
2011-08-29,111.61822235868007,114.69884228678039,111.09342229848289,114.62387084960938,594300
2011-08-30,113.99006036084569,115.14188983950564,112.8927565237457,113.81967163085938,627400
2011-08-31,114.46907066470733,114.99821710729286,112.0638252441038,113.21833801269531,1460800
2011-09-01,113.19772729046596,114.35224010830076,111.43158483013644,111.79580688476562,814200
2011-09-02,110.08464419827476,110.6893949501364,106.55237005279076,107.23270416259766,769100
2011-09-06,103.25376873108671,104.88246042974816,102.32602684757285,104.73815155029297,1055400
2011-09-07,106.38742481435665,109.28059566767935,105.98884008361169,109.20500183105469,924700
2011-09-08,108.4078562644789,108.79269388628866,106.87537413261546,107.10902404785156,909800
2011-09-09,106.16752766764809,106.47677138409662,103.13691617717116,103.8172607421875,879100
2011-09-12,102.5734212321131,104.49075161032346,101.77626202336953,103.975341796875,939700
2011-09-13,105.39102318613598,105.61092597077906,103.13009623438133,103.9203872680664,1192300
2011-09-14,105.14359892809763,106.05072520705063,102.46347216944416,104.66255187988281,1101800
2011-09-15,105.98888377472778,109.58301618688023,105.48722109907764,109.39058685302734,1009800
2011-09-16,109.94037020616406,111.25294999935933,108.3804037154033,110.55886840820312,1152900
2011-09-19,107.54887087402345,108.38727185646147,106.1744444091797,107.37706756591797,714100
2011-09-20,108.26351156111737,109.55547511982881,106.75164533545461,106.91658020019531,702200
2011-09-21,106.78603024790505,107.77561866974082,101.16463280447466,101.17150115966797,895800
2011-09-22,98.03780275691037,99.95512228906766,96.36100146757673,99.47407531738281,1301400
2011-09-23,98.65629286243413,101.62505794319442,98.12713593640237,101.45325469970703,770800
2011-09-26,101.71438534016698,103.52175876105144,99.42596494966617,103.32247161865234,872500
2011-09-27,105.76209916488881,108.4078739761557,103.86539465349767,104.79313659667969,1188000
2011-09-28,108.38722895433374,108.38722895433374,101.88618973502345,102.08548736572266,952700
2011-09-29,104.95805272991387,104.99241548176268,101.75564768677481,104.22274017333984,1147400
2011-09-30,102.64212767265421,104.160872921417,101.43950499795469,101.71438598632812,1095600
2011-10-03,100.88975806169866,102.18859045955553,97.19254806221564,97.42620849609375,1041900
2011-10-04,96.25103799933657,101.41201363782434,94.14816818337167,101.1577377319336,1300000
2011-10-05,101.37766250825038,103.86537015903072,99.996357696996,103.41868591308594,869300
2011-10-06,103.4049833054108,104.58699098846532,99.85209189840762,104.2296371459961,781000
2011-10-07,104.69694319281743,105.14362761244038,101.49452692012831,101.5563735961914,1009800
2011-10-10,105.06112786489217,107.70002329510287,103.72105411242171,106.6898193359375,1081400
2011-10-11,105.452903577633,106.82046214109371,104.47019336091826,105.18489074707031,776200
2011-10-12,106.16755794269743,110.08467060214697,106.05760132761534,107.20524597167969,1219000
2011-10-13,106.88223476397967,106.88223476397967,102.75208849733305,105.59027099609375,1038100
2011-10-14,105.86517771420966,109.60361856988244,105.86517771420966,107.14339447021484,1061300
2011-10-17,106.00260318360324,106.7722783730671,103.2537512371889,103.58361053466797,619700
2011-10-18,103.78291584277102,108.4147250037167,103.27437442012825,107.4113998413086,1155200
2011-10-19,105.14359015580625,105.83080316336054,101.74875622072194,102.33975982666016,1540800
2011-10-20,102.42224821151487,105.49409197933949,100.69734689663667,104.56636047363281,1160300
2011-10-21,106.18127424396653,107.03342211798547,104.55945118440658,106.05071258544922,941300
2011-10-24,106.99908956976613,108.8133319377414,105.92017033453598,108.22232818603516,776400
2011-10-25,108.73770158068547,108.73770158068547,103.03383202794339,103.34308624267578,915900
2011-10-26,105.30166806544749,106.68984156489527,104.05781394139458,106.08509063720703,963700
2011-10-27,109.9334492878674,117.11482205027052,109.72041496501326,116.22144317626953,2000000
2011-10-28,116.207718519828,117.37597848266303,113.54819717028414,116.67501831054688,939300
2011-10-31,114.42785552629691,114.70961542877038,108.40787222854823,108.43535614013672,1355800
2011-11-01,104.51821220706528,106.60734539044401,102.97198311160629,103.08193969726562,1845900
2011-11-02,104.88936603227361,107.19840306701929,103.59053335560682,106.87541198730469,772200
2011-11-03,107.9817697304905,110.1052551416633,105.17793975193547,109.44552612304688,841000
2011-11-04,107.9062018334306,109.04696758821316,106.22253186785362,108.3047866821289,541100
2011-11-07,108.58649849496854,110.11899069817665,106.93032349827419,109.98841857910156,720700
2011-11-08,112.28371979454442,112.64107345290222,109.56235198803626,112.12566375732422,816900
2011-11-09,109.30808843622535,109.30808843622535,105.13671134783607,105.3016357421875,1086900
2011-11-10,107.3908106034897,110.47639118637996,106.14695637879268,109.87165069580078,1170000
2011-11-11,111.31476320925015,114.07736251467217,110.29769086508966,112.92971801757812,946200
2011-11-14,111.87828758249942,113.5207263664353,111.1704589739019,112.09819030761719,762300
2011-11-15,111.93326442394938,115.67857343199007,111.60339461152076,113.99490356445312,1068200
2011-11-16,112.31119030549415,113.30765732028654,110.6000370312815,110.86804962158203,810000
2011-11-17,110.61378623688232,112.12565242726619,109.08817285324845,109.6791763305664,1014700
2011-11-18,110.56568654082771,110.77872086876557,108.6621038118357,109.44552612304688,667800
2011-11-21,107.50073924455766,108.57966883527045,106.03010364306584,107.62444305419922,640400
2011-11-22,107.4251313048963,108.3459941234824,105.87202335679426,107.07464599609375,562800
2011-11-23,105.67963230857607,106.44930764419398,104.0715561312144,104.10591888427734,894700
2011-11-25,103.9272175222863,105.67274438874307,103.32247722170462,103.9547119140625,217100
2011-11-28,108.44912935745266,110.18777817016992,108.13301711116377,109.8373031616211,975200
2011-11-29,109.64486136204965,111.8714252809936,109.20504536074857,110.66193389892578,877300
2011-11-30,115.17687971332549,118.56483408520855,114.1254448747386,118.22809600830078,1388200
2011-12-01,117.42109594762081,117.93373462617294,114.61545702768801,115.97325134277344,752500
2011-12-02,117.5249794946669,119.99810093686763,116.46507332530123,117.08855438232422,618200
2011-12-05,119.8041541677062,122.27034180691896,119.23609424806652,122.13871765136719,1009300
2011-12-06,122.08327673500783,122.08327673500783,119.15294846222359,120.16436767578125,530100
2011-12-07,119.769525321278,121.37671010318856,118.44637052470023,120.79479217529297,497900
2011-12-08,119.60325621973391,119.7695199875175,115.7792846954247,116.03559875488281,715000
2011-12-09,116.80455231118896,120.22673825209341,116.5828672859451,119.62403869628906,729600
2011-12-12,115.23197027113441,117.98912139384898,115.23197027113441,117.4072036743164,532000
2011-12-13,118.4602074431236,119.3884895727116,114.56002296169805,116.20877075195312,498100
2011-12-14,115.55068999354101,116.85305266897333,114.4977071442452,115.64767456054688,691200
2011-12-15,117.68434132802382,117.73282831814348,116.03559339453699,116.27112579345703,443600
2011-12-16,116.88075841185749,118.38402435486144,116.29191679666773,117.99608612060547,940900
2011-12-19,118.16230380526929,118.38397817958474,114.36602840386244,114.7193374633789,667500
2011-12-20,117.44879219952915,120.47611590415879,117.22711776820651,119.94269561767578,608400
2011-12-21,120.081223392083,120.85711019836242,117.84364495255174,120.0881576538086,601900
2011-12-22,120.45534343600501,122.06251753976973,120.19901881177245,121.57067108154297,588600
2011-12-23,122.40885360246378,123.81513446086649,121.23118138313167,123.59346008300781,313100
2011-12-27,123.43416369965041,124.53564399921481,122.63058190399015,123.1986312866211,310700
2011-12-28,123.22635179976679,123.22635179976679,121.85469942922963,122.22879028320312,301000
2011-12-29,122.89378987577477,124.34856844230553,122.30495898590951,124.27928924560547,342200
2011-12-30,124.2792588948943,124.30004053472489,123.21935298145918,123.47567749023438,252200
2012-01-03,127.22351324835172,128.82377437573197,125.29766939709828,125.57477569580078,654300
2012-01-04,124.3832597081632,125.29768417542275,123.06010472342498,124.66728973388672,481600
2012-01-05,124.34857826002496,124.63953188219858,121.35589431105842,124.2308120727539,812200
2012-01-06,124.47324320392525,125.3530381567295,122.96997783857883,124.09223937988281,413100
2012-01-09,124.21002412081086,124.59796226401572,122.824524711924,124.17538452148438,632100
2012-01-10,126.3713997382558,127.18884988566668,125.38769642701475,126.83554077148438,540600
2012-01-11,126.10117521682247,127.53517158028947,124.02985065976476,127.3758316040039,534800
2012-01-12,129.48183092342816,129.66194201494582,126.26053892493272,129.5857391357422,632600
2012-01-13,128.67130870373865,129.48874812100618,127.743016248028,129.2462921142578,911900
2012-01-17,130.66643556408692,131.89952909510228,129.48876327351866,129.86285400390625,1336800
2012-01-18,129.890637831185,130.7565754167262,128.58134062466772,130.0984649658203,720800
2012-01-19,129.5442241689822,130.09842617257996,125.42236460498302,129.91830444335938,919300
2012-01-20,127.98552344146191,129.26018051553663,125.26994553866332,126.64852142333984,1275000
2012-01-23,126.07349003086756,128.65051911299892,125.82409977870908,128.54660034179688,708500
2012-01-24,127.62528059241458,131.10288721840323,127.62528059241458,130.9435577392578,633900
2012-01-25,130.26457888512596,130.79799882701695,129.0730597667641,130.40313720703125,638000
2012-01-26,131.48393591536043,132.78629856695233,129.12857986322325,130.13999938964844,719300
2012-01-27,128.8514962345405,130.9643857869002,128.56054251150624,129.88369750976562,506600
2012-01-30,128.6297564503164,128.85144142338967,126.64156823672661,126.92559814453125,597600
2012-01-31,127.74995044450876,128.0755435872956,124.97895217093175,126.0804214477539,758400
2012-02-01,128.49124056318917,128.49124056318917,125.46392706956948,126.77322387695312,1086800
2012-02-02,126.75930915758613,127.75687019660643,126.32288413090416,127.30658721923828,1007400
2012-02-03,128.33880057497848,130.71493744930603,127.94393875816135,130.6802978515625,1331900
2012-02-06,127.47294083532327,131.76106560321227,127.47294083532327,131.74720764160156,734900
2012-02-07,130.91584361996405,131.61552762631695,129.76588707888467,131.2552947998047,417600
2012-02-08,131.46310689980984,132.0727194171159,130.92276300669803,131.79562377929688,565600
2012-02-09,131.94110420485865,132.28747903304784,130.61101556255375,131.75405883789062,605500
2012-02-10,130.25081024445274,131.906481715103,129.93214071016072,131.62245178222656,419500
2012-02-13,132.5715158933393,133.49980858926426,132.01039028873802,133.31968688964844,554600
2012-02-14,132.31518226372958,133.5690574305476,131.53930604349318,132.6754150390625,646100
2012-02-15,133.4790126838179,133.66605807035754,131.22757606500733,131.53932189941406,781500
2012-02-16,133.75610814066985,133.84616898073293,132.01037600484167,133.7838134765625,855100
2012-02-17,134.8991338574353,136.33313067991952,133.14647812141274,135.91055297851562,716500
2012-02-21,136.03524642843394,136.32620001519686,134.30337229018724,134.76058959960938,582200
2012-02-22,133.49284485618927,134.80907542913724,133.2850178635638,134.05397033691406,483500
2012-02-23,134.1093974667286,137.22677078155087,133.5621299135999,136.56173706054688,652500
2012-02-24,137.50388108860056,137.92645879563096,135.2455104767079,135.7789306640625,585700
2012-02-27,135.08619042977364,137.4415351629047,134.39344073526198,136.9635467529297,477000
2012-02-28,137.12286395480496,138.48064731507753,136.7487732337458,137.39303588867188,567100
2012-02-29,139.99780256677906,139.99780256677906,136.86658112580267,137.85720825195312,1230900
2012-03-01,137.1782863559694,138.54992768025818,136.58252124412346,137.51080322265625,706600
2012-03-02,137.02586551911747,138.72309983242656,136.8873177207795,137.3376007080078,831200
2012-03-05,137.33064653467048,137.38649030246523,135.80195667600685,136.28359985351562,456400
2012-03-06,135.17382785211194,136.08127114807954,133.93831947217308,134.83877563476562,870600
2012-03-07,135.52272078226065,137.31666564941406,134.91543719196915,137.31666564941406,516000
2012-03-08,138.59407805664415,138.88724984267168,136.13002910757314,136.49998474121094,685200
2012-03-09,137.0375353507567,137.8681838049183,136.31157669945915,137.44937133789062,437600
2012-03-12,137.49816176155662,137.49816176155662,135.77402410919703,136.0323028564453,627300
2012-03-13,137.51211585434788,141.70727860007383,136.2975380017429,141.70030212402344,773000
2012-03-14,144.08754571277112,144.08754571277112,138.7964698963617,140.07386779785156,491300
2012-03-15,140.47182968599444,143.15924393500387,139.15255088892468,143.1522674560547,537600
2012-03-16,142.42623001000925,143.59892754177304,141.71424611151346,143.51516723632812,736100
2012-03-19,142.41229203283993,144.15736958713032,142.26570083179197,143.1591796875,308900
2012-03-20,142.83118597632998,142.83118597632998,141.65151117049928,141.9097900390625,320200
2012-03-21,141.4769393251333,142.58681687752474,140.09484071879888,140.5415802001953,652600
2012-03-22,139.2921065486988,139.68997873259025,138.31485662916398,138.57313537597656,572100
2012-03-23,138.92219015987553,140.61142460161798,138.37772660638464,140.38107299804688,364400
2012-03-26,140.66724601907094,143.23599564242156,140.10184246888292,143.22901916503906,385300
2012-03-27,145.67210269430473,145.67210269430473,142.02140325590324,142.10516357421875,555500
2012-03-28,142.32159013847956,142.78229331651585,139.7458531398631,141.51187133789062,351500
2012-03-29,140.46480852779627,141.15586321641754,138.69879053020776,139.32003784179688,478600
2012-03-30,140.8137932600509,143.02655029296875,139.0338120468073,143.02655029296875,658400
2012-04-02,144.98111399893696,146.1468251133681,141.96562400704912,143.99688720703125,479800
2012-04-03,143.4035278737719,144.68092621620792,141.26755415895155,144.1923065185547,605400
2012-04-04,143.50819707513344,143.89211627231978,141.69332278560168,142.27268981933594,681600
2012-04-05,141.60956416297665,143.93400897644042,141.30242877845518,143.7804412841797,969300
2012-04-09,140.75097569764685,145.33704465233635,140.15066858906744,141.51881408691406,762200
2012-04-10,141.2675703829898,142.14010946154642,137.81929424035604,138.62901306152344,998200
2012-04-11,140.05297467145107,140.3391700097649,137.6168420337705,138.07754516601562,564700
2012-04-12,138.69883027099897,140.93951564197764,138.55224964878676,140.79991149902344,459200
2012-04-13,140.66025838597662,140.80684961936748,137.84719359989307,138.07754516601562,387100
2012-04-16,139.2572370688341,140.49973186578035,137.8751381494096,138.33583068847656,464800
2012-04-17,140.14372692154504,141.69335703669663,139.35494825766668,140.8696746826172,736700
2012-04-18,139.60622343130714,139.60622343130714,135.45294041444768,136.82107543945312,1287900
2012-04-19,136.47204790025935,136.80711047587891,132.42347629705534,133.0447235107422,1673100
2012-04-20,132.9400703241841,134.89456026156003,132.33976292879964,132.90516662597656,1177400
2012-04-23,131.2298711157183,131.4253190078443,128.43774619836262,130.48995971679688,1021400
2012-04-24,130.8459899111258,133.02385522360356,130.46905762401076,131.62779235839844,812800
2012-04-25,132.62595556774417,133.71488276191178,132.45144773147084,133.6031951904297,461200
2012-04-26,133.1354745597522,135.2016513928588,132.63987842163755,134.89451599121094,713800
2012-04-27,134.85963720749072,135.3761841739298,133.58922585375703,134.3710174560547,642300
2012-04-30,133.99407606955336,134.37798471505695,133.15643009471748,133.72882080078125,398600
2012-05-01,133.5612734004958,134.88753893361928,132.8492893191333,132.9749298095703,655500
2012-05-02,133.19135576872463,133.19135576872463,130.7552332547915,131.77435302734375,894900
2012-05-03,131.46022245350997,131.8860219286543,127.41861567857899,127.85140228271484,1197200
2012-05-04,127.6629505156611,128.89148183166452,126.88115882830554,127.8583984375,1263900
2012-05-07,126.37158171949228,129.01014982946688,126.37158171949228,128.31211853027344,692900
2012-05-08,127.38374857177543,128.0817799419183,126.09936275586631,127.27903747558594,621500
2012-05-09,125.79218813687712,127.00675542373348,125.32449793091858,125.83406829833984,522300
2012-05-10,126.20399733790161,126.99975219137478,125.03828693463606,125.42219543457031,550700
2012-05-11,124.91267858991598,126.29477735572388,123.63528024155161,125.48506927490234,552700
2012-05-14,123.57247357718491,124.41010896215843,123.1327104733513,123.19554138183594,494900
2012-05-15,123.32116434275062,125.60372922906495,123.13269294634772,123.44681549072266,576400
2012-05-16,124.13089277156143,124.89174424289324,122.17640323099451,122.20433044433594,558900
2012-05-17,122.15545655415724,123.38398759710212,121.38761799537261,121.43648529052734,562800
2012-05-18,120.94088617787907,121.92511276114168,119.61463111116592,119.99855041503906,772200
2012-05-21,116.64798125371613,120.49412890253413,115.88014275887313,117.08075714111328,1838700
2012-05-22,116.56421030215701,117.02490270595936,113.58361469982546,114.0373306274414,3999900
2012-05-23,112.1387163447508,117.3111304770182,111.85950810446667,116.92023468017578,22888000
2012-05-24,118.17671777708836,119.29356162289366,116.43861576217527,118.97247314453125,3906300
2012-05-25,118.99337669620414,120.23587135067085,118.39306945238569,119.6146240234375,1494500
2012-05-29,120.85015207448761,121.93907910547506,119.37730573100805,121.87625885009766,1629300
2012-05-30,120.75244258636266,120.75941906520283,118.79096561877351,119.20281219482422,1355600
2012-05-31,119.03523773488669,120.01247697424824,116.96208460106857,119.22370910644531,1346400
2012-06-01,117.31813467656738,118.19765034743635,115.45438159004004,116.27108764648438,1686700
2012-06-04,116.68989762545309,117.51358014379035,114.22584785165434,115.1751708984375,1086400
2012-06-05,114.61866328434482,117.46457694071003,114.61866328434482,117.13349151611328,1329600
2012-06-06,118.7466412848177,120.2541321125517,117.80974122265752,120.1484603881836,772300
2012-06-07,121.14872450373859,122.57168616893392,120.96557527904008,121.24734497070312,857400
2012-06-08,120.31044864763938,122.52237411266948,119.72577705793154,122.50829315185547,597300
2012-06-11,123.54384271785172,123.55792368200046,121.00787182348878,121.12762451171875,862500
2012-06-12,122.66325558559471,123.24793785679599,119.98640075016584,121.88133239746094,837300
2012-06-13,122.06451564407378,122.10678003108418,119.86668152891755,121.10648345947266,795300
2012-06-14,121.1064848396552,121.9799882601903,120.53589411085822,121.6489028930664,910200
2012-06-15,122.26180648601913,125.14999592984702,121.99411759399504,124.49486541748047,1763700
2012-06-18,123.88194082540065,123.88194082540065,121.10646517656517,122.18424987792969,864300
2012-06-19,123.12118126380904,124.93158485589291,122.35334948882554,124.03694915771484,646600
2012-06-20,124.85407467049613,124.85407467049613,122.74076947752188,123.7410659790039,709100
2012-06-21,123.74108939558029,124.75547779998142,120.33866610116318,120.4231948852539,945500
2012-06-22,122.11385658531596,123.2127738707864,120.21892401664978,121.1628646850586,3065000
2012-06-25,119.12703337900862,119.41585438170118,116.7319580733905,117.57727813720703,1224000
2012-06-26,117.75336798502559,119.04952592424587,117.3025299736087,118.47893524169922,667700
2012-06-27,119.23272309641848,119.23272309641848,116.91513553169298,117.2039566040039,1230500
2012-06-28,116.35156231528661,117.08418095283805,114.9920075197812,116.99964141845703,1163600
2012-06-29,119.66239516517821,119.66239516517821,117.62657801717239,119.62718200683594,1101200
2012-07-02,119.62017853277958,120.01466065338494,118.66919715249844,119.4933853149414,853300
2012-07-03,119.0706684000408,122.47309134597023,119.0706684000408,122.45899963378906,517600
2012-07-05,121.83914212770678,122.945100031118,120.20484696616441,120.98677062988281,666200
2012-07-06,119.86673643447212,120.77545341791888,119.2750132476309,120.65570068359375,671500
2012-07-09,120.81768287101704,121.4798537094592,119.36654801170522,121.06423950195312,775300
2012-07-10,121.90951550408208,123.42405715522237,121.13464347801414,122.22650909423828,1109000
2012-07-11,122.55065763561741,123.54391437440951,121.69124537566262,123.36780548095703,826100
2012-07-12,122.2265271278733,122.2265271278733,120.6274672319397,121.4939193725586,754100
2012-07-13,121.71936487323285,124.26237661324916,121.50804289251252,123.82563018798828,541900
2012-07-16,123.63543011019397,124.31169269746799,122.59286892244113,123.48045349121094,472200
2012-07-17,123.81858747692596,124.29055780675732,121.38828800291051,124.08626556396484,575900
2012-07-18,121.78978086379175,123.98057439816697,120.97968481924335,123.31136322021484,896900
2012-07-19,123.32546856372754,124.6497993547137,122.95915927102487,124.06511688232422,665700
2012-07-20,123.46632198545586,124.20598086440764,121.9447398485536,122.08562469482422,735300
2012-07-23,119.97236651229508,119.97236651229508,116.69674687735834,117.53502655029297,1184100
2012-07-24,117.27430755374208,118.34505150560595,115.42165125901431,115.82317352294922,1179100
2012-07-25,116.59106234134634,117.12643995541761,115.49214518441997,115.56963348388672,961800
2012-07-26,117.38710026695732,117.80976575478826,115.8232530103446,116.23182678222656,1041400
2012-07-27,117.1897787166252,120.83874597559004,116.71780867051328,120.22589111328125,631200
2012-07-30,120.3527772294483,121.54326387647197,118.84528609329074,121.18400573730469,530600
2012-07-31,120.38791062442925,120.94442017091993,118.80293222431862,119.93707275390625,504000
2012-08-01,120.2892688343734,121.81085040823733,119.25374893678442,119.48621368408203,423200
2012-08-02,118.5142093000999,119.47224182340494,116.93627021794144,118.70439910888672,569200
2012-08-03,120.36679675605593,122.38148114784916,119.75394178770733,122.00109100341797,596700
2012-08-06,122.43084861498807,123.48045025836808,121.6489250574377,121.80390167236328,501800
2012-08-07,122.38855325071562,123.0155000346984,121.87430790911901,122.57874298095703,747200
2012-08-08,121.86729360635908,122.50833223915183,121.59256429928055,122.33926391601562,451300
2012-08-09,122.2194953844322,123.66358955459003,121.95885782525433,123.12821197509766,427800
2012-08-10,122.27586740131532,123.09301484040327,121.82502928816827,122.86054992675781,382300
2012-08-13,122.64921329010787,123.5156655777652,122.01522590866652,123.24093627929688,353700
2012-08-14,123.63543060238976,123.67770574768639,121.45168771054945,121.86730194091797,474500
2012-08-15,121.84618429286442,124.2976163201734,121.8320925760828,124.00175476074219,466800
2012-08-16,124.02289447272224,125.38246038048086,123.43821180242513,124.84004211425781,374200
2012-08-17,126.41087548155234,126.79831693305755,125.08654481389799,125.9459457397461,389000
2012-08-20,125.19224494134043,126.29820279561226,124.86115948364947,125.6501235961914,410400
2012-08-21,125.95297969482387,127.74223985887804,125.0090393779514,125.76277923583984,460900
2012-08-22,125.6008007208011,126.0798115065587,124.84000940033755,125.41764068603516,326600
2012-08-23,125.56558893115584,125.87554217483788,124.52302772417669,124.89637756347656,300200
2012-08-24,124.41732649061741,126.00935672872937,123.63540308352377,125.57965087890625,299500
2012-08-27,125.76281305217832,126.08685796762327,124.50891927945412,124.68502807617188,287500
2012-08-28,124.53000943498435,126.39675775046459,124.13552758332244,125.6148452758789,652000
2012-08-29,126.00935275108829,126.23476639123601,124.50890256485481,124.7906723022461,303600
2012-08-30,124.64148120509407,125.62900731310253,123.97365576618135,125.04643249511719,434700
2012-08-31,125.70720073482687,126.44606499943013,124.22946136499847,125.30223846435547,395000
2012-09-04,125.53664971120932,126.46023788636829,124.58464827493678,125.7000503540039,376400
2012-09-05,125.89188360666196,126.43893377548109,124.98250742091079,125.03934478759766,434200
2012-09-06,125.90602964740295,128.16525687546746,125.42291770416435,128.0089569091797,514200
2012-09-07,128.16533115297682,129.82068296211003,127.81010572201998,129.31626892089844,441600
2012-09-10,129.08885653058374,129.26646915950326,126.26126651355708,126.33941650390625,613100
2012-09-11,126.18315061069124,127.4193387445398,125.43007459513267,125.55084991455078,586500
2012-09-12,125.74975607873047,126.51704402686443,124.54909283138983,125.5295181274414,497200
2012-09-13,125.59347345475628,129.28781491416098,124.53489801270769,129.223876953125,1088100
2012-09-14,131.64650506212357,131.7601797656688,129.3446410981063,130.01246643066406,1090400
2012-09-17,129.65725283509335,130.68740418264596,129.50805341812378,129.8135528564453,572800
2012-09-18,129.83485939311038,130.54531006010413,128.99653280955383,129.8277587890625,669700
2012-09-19,130.01254571548387,130.49564723923362,129.50812068627644,129.5365447998047,668700
2012-09-20,128.76207721351565,130.2753296970731,127.83137777393246,130.01246643066406,581300
2012-09-21,130.65897911138416,130.91474177405274,129.74960316425506,130.01246643066406,915700
2012-09-24,128.9041360354465,129.47959918622038,128.27893614788283,128.6199493408203,591500
2012-09-25,129.1172667172674,129.47249193685212,126.38202819021987,126.396240234375,595800
2012-09-26,126.87229625604188,127.39092226825123,125.43008210056207,125.50823211669922,440000
2012-09-27,126.46733539570677,127.8811363052597,126.2328853449396,127.1209487915039,301200
2012-09-28,126.88651539578854,127.4761800115839,125.83504042162859,126.67337799072266,612000
2012-10-01,127.57568937600438,129.94859307896178,127.34833985588732,127.7817153930664,466000
2012-10-02,128.37134161888272,128.52053019850888,124.67700006350856,125.87055206298828,1123100
2012-10-03,126.63076412761647,129.30205543620283,125.43720105569851,128.99656677246094,1118700
2012-10-04,129.40150119967595,130.7726768057898,128.97522640674705,130.73715209960938,806700
2012-10-05,131.44764333802232,136.39948753523345,131.44764333802232,133.13140869140625,1531000
2012-10-08,133.52207846787385,134.9145554789503,133.0887031975601,134.05491638183594,1199500
2012-10-09,134.2325417071718,135.22716823766473,134.0549290523969,134.26806640625,1362700
2012-10-10,133.998079059226,134.26805373800877,133.02476527188927,133.11001586914062,564800
2012-10-11,133.4226417309397,133.9981050552582,131.78860297605118,131.99462890625,632100
2012-10-12,131.91649033005177,133.38712858909807,130.19720081236073,130.94317626953125,688300
2012-10-15,132.51331415893844,133.56477852900562,130.97163689913245,131.6962890625,1377600
2012-10-16,133.024812548879,135.60374159781946,132.7406257226827,134.96434020996094,1569100
2012-10-17,136.04421791324503,136.40654389283785,134.0549536466842,134.3675537109375,1348700
2012-10-18,134.1402033588849,136.46338032919448,133.8489159518387,134.9856414794922,1147800
2012-10-19,134.56647190585247,135.12772319822793,133.84180914454012,134.23255920410156,807700
2012-10-22,133.91285980498094,134.56647316499158,132.61983429408198,134.46701049804688,497400
2012-10-23,132.86139350100345,134.4812203760152,131.93781618010357,133.47238159179688,738100
2012-10-24,133.77788729626815,135.18457683951263,132.37829835837368,132.84719848632812,748900
2012-10-25,133.88443013592115,134.3320175388616,132.27170403697613,132.9395294189453,648400
2012-10-26,133.06743649898644,133.848925871625,132.45644837969942,132.84719848632812,686000
2012-10-31,134.33913741647066,135.6890004232197,133.8062993234268,134.75830078125,909300
2012-11-01,134.64468067811418,135.31250637306212,134.16156834619815,135.03543090820312,811100
2012-11-02,135.5966395276044,136.62679101496772,134.50255007026968,134.64463806152344,686400
2012-11-05,134.14730036049335,135.16323961242836,133.11003761514678,134.63040161132812,530000
2012-11-06,135.76001104602813,136.30706107762657,134.6374977269246,135.9944610595703,963200
2012-11-07,134.26097868459763,135.41191626251674,133.91996536254882,134.9856414794922,1383400
2012-11-08,135.20586404557608,136.1152400276699,132.92532348632812,132.92532348632812,570100
2012-11-09,132.6411584374288,134.28940945027162,132.4777577934272,132.7335205078125,446200
2012-11-12,133.03192320716715,134.6304376382279,132.3640976659137,133.94129943847656,622300
2012-11-13,133.04609784662276,135.049563066381,133.02478519411804,133.8062744140625,739800
2012-11-14,134.1046949505474,134.41019444498494,132.32146726744537,132.57012939453125,694900
2012-11-15,132.49910027340295,133.2450759283211,131.57551188353384,132.82591247558594,1046400
2012-11-16,133.6571119616045,135.09932621283684,131.72468492574876,132.84719848632812,941900
2012-11-19,134.60201968670353,135.84530864534628,134.38177082219508,135.80978393554688,928000
2012-11-20,135.56109700458828,137.6853485107422,135.1987710484142,137.6853485107422,730200
2012-11-21,138.34609538716296,138.5308195520373,136.4563043049026,137.6498565673828,550100
2012-11-23,138.3318443170735,138.96414493217264,137.88425695965387,138.9215087890625,167200
2012-11-26,138.16844801786806,138.68708483004826,137.31590935267246,137.89137268066406,397500
2012-11-27,139.4969923115507,139.4969923115507,136.98199088846215,138.41000366210938,704100
2012-11-28,138.1897974649254,141.29447519784568,137.82747141691655,140.26431274414062,906900
2012-11-29,140.84411635955894,141.41681927026937,139.03291664159812,140.0423126220703,570800
2012-11-30,139.92065208234519,141.19493498740428,139.2548798456663,141.0589141845703,742700
2012-12-03,141.83930272554002,142.71268948274113,139.66299080071855,139.83480834960938,530500
2012-12-04,139.6128497866001,140.13544634911165,136.87099018960004,136.9210968017578,928100
2012-12-05,136.8781767957006,138.56052280010488,136.19092845779335,137.76588439941406,752500
2012-12-06,137.73726399622856,138.77531347904235,137.22898809401738,138.70372009277344,468600
2012-12-07,139.18329686131622,139.49113516279596,138.38865872778146,139.42669677734375,272500
2012-12-10,139.44099929092357,140.18553071963214,138.88260618119727,140.1139373779297,388900
2012-12-11,140.14978606784112,142.9274317943822,140.14978606784112,142.7842559814453,704600
2012-12-12,143.4213935495605,144.4164801680118,142.49073440655377,143.6576385498047,1020700
2012-12-13,143.636163160505,144.1301289876405,143.27821817546348,143.6934356689453,545800
2012-12-14,142.36903028986958,144.67419679351215,142.36903028986958,144.27330017089844,606300
2012-12-17,144.83164802327363,147.00795889707683,143.81508592807208,146.96499633789062,1126600
2012-12-18,147.2800189321485,149.34894020595738,145.9055117015818,147.9529571533203,988900
2012-12-19,147.10108102791116,149.51363786891264,147.10108102791116,147.3373260498047,959200
2012-12-20,148.39677282947105,149.92877636831292,147.5520282169965,149.82855224609375,612600
2012-12-21,147.48767248246403,150.27248436499707,147.0223373916212,148.01026916503906,1182800
2012-12-24,150.19373840840478,150.19373840840478,145.11091455760425,148.34674072265625,307000
2012-12-26,148.56867080963508,148.60446749917287,146.73599391090553,147.00086975097656,443500
2012-12-27,147.36589512001305,148.06746394838586,146.07012562230324,147.5233917236328,373000
2012-12-28,146.69299396815535,147.66660461558845,145.95562828557132,146.40663146972656,320500
2012-12-31,146.15609164157704,148.10331313720474,145.97711915796134,147.9816131591797,427900
2013-01-02,150.7806853250531,152.39143715226024,149.45629593240432,152.31985473632812,951600
2013-01-03,152.70646570998554,154.62505623291932,151.89035169893486,152.735107421875,596200
2013-01-04,152.50604501417405,156.6796850027875,152.49889004671337,156.0854949951172,805200
2013-01-07,155.83496484626883,156.2716582809839,154.0953570001262,155.79917907714844,722300
2013-01-08,155.36242927877532,155.6631017261782,153.23623540021444,153.38656616210938,630400
2013-01-09,154.05232078672836,155.43398279440663,153.36506180367059,153.78744506835938,685100
2013-01-10,154.646545187518,157.4957840401786,154.50336938674963,156.60092163085938,829400
2013-01-11,156.37187424308894,158.3978446009704,155.58440166236397,158.2188720703125,823800
2013-01-14,158.37632424313114,160.69581152082765,157.53873434597742,159.06358337402344,869400
2013-01-15,159.9083367712704,159.93697848687654,157.91816355758382,159.8224334716797,637900
2013-01-16,159.235375130928,160.35932744609389,158.4908544884605,159.099365234375,758200
2013-01-17,163.7598291758833,167.84756567448895,162.5070217395651,166.0864715576172,1721800
2013-01-18,166.6591610198962,167.51822666422103,165.55668452206262,167.46810913085938,1425400
2013-01-22,167.60411746176845,169.67303855893755,167.55401085575303,169.6372528076172,1137000
2013-01-23,169.88065448161328,170.82562335267065,168.33432986685216,168.94284057617188,888500
2013-01-24,169.8949683373119,170.6752855781618,167.94058136710976,169.1862335205078,1002900
2013-01-25,170.0453401915451,170.2028368555845,168.84265031009582,169.25070190429688,1080700
2013-01-28,168.6565230347135,169.17913060143997,166.91691557230968,168.13392639160156,914300
2013-01-29,168.3414859624989,170.38893127441406,167.5969653598078,170.38893127441406,879200
2013-01-30,170.20280579828858,170.66812981483287,169.01442606778826,169.95223999023438,743800
2013-01-31,169.47264576915137,170.7755708826616,168.5706282530701,169.15049743652344,696900
2013-02-01,167.97640592594928,170.2314547445501,167.51823682627494,169.587158203125,1021800
2013-02-04,166.20814313825807,169.12897500149836,165.84304325170757,167.86184692382812,966900
2013-02-05,168.51331310306196,171.44846588796221,168.2341164956095,170.99745178222656,828300
2013-02-06,170.0596207999846,171.06186213065112,169.84485167952428,170.95448303222656,571700
2013-02-07,170.73973810707517,170.95450725797016,167.92629609355058,169.53704833984375,503400
2013-02-08,169.40816704376775,170.8757433636129,168.77102553912232,170.49632263183594,552300
2013-02-11,170.5105864006884,171.75623828625078,169.88776591971163,171.41976928710938,931900
2013-02-12,171.097675925322,172.54377649593826,170.90438260520494,170.99745178222656,1094900
2013-02-13,171.95676011320862,173.98272993904283,171.63461182734818,173.6176300048828,986000
2013-02-14,173.51021496727395,175.85833274073443,173.50306000145915,175.8010711669922,895500
2013-02-15,176.64582930718817,176.82480177862402,173.5102281120759,173.92544555664062,1001000
2013-02-19,174.26189506816064,175.65072303800423,173.71782274871748,174.7630157470703,1005600
2013-02-20,174.34781033687423,174.66280362059305,171.09767520423753,171.18357849121094,741200
2013-02-21,170.49634158459915,170.739741529473,168.44889602910413,169.10751342773438,955000
2013-02-22,170.3817404864264,172.44350621980035,170.3817404864264,172.43634033203125,836700
2013-02-25,173.74645219530504,174.43371120937775,169.3079376220703,169.3079376220703,793600
2013-02-26,170.44626255263788,171.2480668516075,167.76167481521233,169.05743408203125,876800
2013-02-27,168.97151343634422,172.98050174909085,168.26994430487858,172.57960510253906,520400
2013-02-28,172.48652381310092,173.3241137316872,171.49859220079293,171.63461303710938,565500
2013-03-01,170.50344851173176,170.50344851173176,167.37501401877196,169.54415893554688,836200
2013-03-04,169.11467176829527,172.8015113892141,168.95002014625595,172.72276306152344,688600
2013-03-05,174.6331995253807,176.341752286232,171.7855969236806,176.1831512451172,1033400
2013-03-06,177.1779306202238,180.2273747204359,177.1779306202238,179.91738891601562,1117800
2013-03-07,180.55183356178915,181.45297069376076,178.98746082071156,179.1244354248047,769500
2013-03-08,180.29952120408063,180.96275681112343,178.38189875316027,178.98025512695312,582000
2013-03-11,178.98023446183586,179.1027877772276,177.54562035776564,178.69186401367188,565300
2013-03-12,178.8432775895008,180.43648184761798,178.5765445237094,179.82371520996094,1014500
2013-03-13,180.4725335914547,183.11106576177295,179.86697207701715,182.89479064941406,776800
2013-03-14,183.75265812737473,185.82887041526672,183.19034948688233,184.5817108154297,967100
2013-03-15,183.88244260756676,185.12960230930614,183.2984965099197,185.0863494873047,981400
2013-03-18,183.1903400047063,184.93493992723998,182.70011575363145,184.01217651367188,449300
2013-03-19,183.88963237770653,184.81238483711573,180.7248394966265,182.5198974609375,565300
2013-03-20,184.012166553892,187.12650115627466,184.012166553892,186.4993133544922,755000
2013-03-21,184.75468851617453,186.85253783229282,182.25313163411036,182.39010620117188,1039600
2013-03-22,182.76502579614095,183.48593547867517,181.75574564046772,182.48387145996094,692800
2013-03-25,183.83199281160904,185.51170290887916,181.26555577003745,181.5395050048828,853300
2013-03-26,182.24599416539604,186.48493618191557,181.69809569372006,186.29029846191406,635900
2013-03-27,185.41796748505004,185.7063269398422,183.74545184667284,184.9637908935547,349900
2013-03-28,185.53326308914254,186.46324252796356,184.01935970067595,185.18724060058594,547100
2013-04-01,184.9133127562472,185.1656355168163,182.00804794266662,182.36129760742188,389600
2013-04-02,182.68570803423088,185.90817489077563,182.5415283113853,185.59097290039062,644200
2013-04-03,185.87214270043097,185.99470703253584,178.30980680734285,178.951416015625,882500
2013-04-04,178.9441598421928,181.05641943099712,178.4971994650847,181.027587890625,806900
2013-04-05,178.23050984471772,178.78561341805016,173.76807684654818,177.19239807128906,1332600
2013-04-08,176.96168208122313,179.80206769236952,175.97403943986188,179.7804412841797,470200
2013-04-09,181.60437755134257,184.2356937356984,180.02558344064516,183.13990783691406,760100
2013-04-10,184.14193770268852,187.99880854351045,183.8031203037867,187.99159240722656,657300
2013-04-11,188.40978279411618,191.4520230650755,188.40978279411618,190.42112731933594,735800
2013-04-12,189.5631736908829,191.02661918747089,188.95039617744365,189.69293212890625,421900
2013-04-15,187.4365324597287,189.2099642605764,182.95247299548302,183.01014709472656,939700
2013-04-16,185.82884924567423,185.92257100848227,181.29433295618065,185.43235778808594,1039800
2013-04-17,183.50756058893538,184.1419536249287,179.520930952784,180.96995544433594,864600
2013-04-18,180.95552984529584,181.07808316750388,175.59917635015225,176.83914184570312,1012500
2013-04-19,177.6754548432223,180.5590943791004,177.43033712251165,180.3428192138672,737100
2013-04-22,181.1213647972787,181.3664714657965,178.3386527952913,180.5950927734375,605600
2013-04-23,182.02971788412563,187.41491477441738,181.6260101708321,187.06167602539062,985700
2013-04-24,187.39323890131715,187.96276363241734,185.7567820668664,186.47769165039062,574200
2013-04-25,187.3428028841897,190.55805403181483,186.9030585211343,190.0101776123047,755900
2013-04-26,189.31808476370372,190.7671202932364,189.02253114862202,190.1543426513672,481200
2013-04-29,190.43550343339794,193.73726008283847,189.82994194312394,193.3551788330078,608200
2013-04-30,193.53544412817854,194.5086767853187,191.60341109056898,192.12246704101562,950400
2013-05-01,191.3150223915177,192.12243774678433,187.93395409102487,188.1141815185547,793100
2013-05-02,188.654842756301,189.89480819940215,188.14300307933027,189.13064575195312,670800
2013-05-03,191.53126686114342,195.7990615875331,191.14199149790392,195.6116180419922,835400
2013-05-06,195.76299507496,198.4015268779005,194.8186052493684,197.78155517578125,659400
2013-05-07,197.91851800421497,198.84128136678765,196.38297711171512,198.64662170410156,431800
2013-05-08,198.5024685032659,199.95869801724893,193.22540479848738,199.8721923828125,495600
2013-05-09,198.05553236940125,201.00405044058547,196.3974268376492,198.82688903808594,891700
2013-05-10,199.14404795790813,200.02355849292616,198.40151199804637,199.4540557861328,555900
2013-05-13,198.79804209225497,202.575601427496,198.55293546367372,201.41494750976562,465800
2013-05-14,201.8547026464731,205.4448406351211,201.8547026464731,205.06275939941406,573200
2013-05-15,204.72389778618003,208.6384312833629,204.0173985213285,208.5519256591797,695400
2013-05-16,207.93930045987494,209.66226407128337,205.28635670650334,205.75494384765625,607700
2013-05-17,206.97327131743796,209.93620094194287,206.68491170927925,209.748779296875,567100
2013-05-20,208.4149697667202,210.38303889451726,206.94430802255715,208.52310180664062,552000
2013-05-21,209.49643735149456,211.45009716969025,208.29972418598118,210.2822265625,737200
2013-05-22,210.2604828269392,214.93198464961517,203.95252423942193,205.69711303710938,1172100
2013-05-23,202.4675603552756,204.51494193780863,200.01647096776,203.87332153320312,748300
2013-05-24,201.7681876159659,204.40671946064273,201.7105025262331,204.26974487304688,417500
2013-05-28,205.76208811433906,210.71473500013892,205.5602342471008,207.85272216796875,564200
2013-05-29,206.40366802373535,208.24197907948806,203.8516413577517,204.47885131835938,749600
2013-05-30,203.6570361337406,206.670434078556,202.79193549866702,205.4449005126953,781900
2013-05-31,204.52927220521676,206.17294533976764,201.23473179984325,201.27798461914062,812600
2013-06-03,201.81149410618792,201.8187102444276,196.83000467571108,200.65081787109375,774700
2013-06-04,200.9391807875187,202.99375595678814,198.02669926276823,199.17294311523438,719000
2013-06-05,198.89902339723724,200.25433743654722,189.67858024716693,192.4613037109375,1305900
2013-06-06,192.53380054135394,195.31962159034236,189.00071906714194,195.14549255371094,1409400
2013-06-07,198.04739684176326,203.63356273723466,195.7113666487146,203.2998504638672,899200
2013-06-10,202.44374371015232,205.24408808396817,200.52850165974564,204.10508728027344,695300
2013-06-11,202.69054965897163,202.9372085980744,199.62904308343363,200.37628173828125,644000
2013-06-12,201.95041761529367,203.13294508798472,194.81174820182684,195.18174743652344,866600
2013-06-13,194.99311938255042,197.83699039143104,192.04043157964992,197.64109802246094,1162700
2013-06-14,197.59035363442482,198.5625095842422,194.46355826223834,195.682373046875,761600
2013-06-17,197.73541211968822,201.7400250940478,196.60367318911412,200.22378540039062,762700
2013-06-18,201.23220052329253,202.64686307805943,199.33869981126472,200.58651733398438,506500
2013-06-19,200.87681954049282,201.83442988668693,194.5942022526781,194.76104736328125,832100
2013-06-20,192.04772613074525,192.91830491068922,181.76774760598713,182.82693481445312,2373400
2013-06-21,187.54252042396064,187.64407539564056,175.5576721719302,180.40383911132812,2622500
2013-06-24,178.74978230008227,180.13544218741598,174.5492869797407,178.19842529296875,1564400
2013-06-25,181.08577162209704,184.1762903933401,179.6638360934834,183.2404327392578,1258400
2013-06-26,183.05911654985985,188.1882192808883,183.05911654985985,187.2015838623047,1028400
2013-06-27,186.70096322782953,192.61357902222167,186.70096322782953,191.5688934326172,1042100
2013-06-28,191.4383138107711,191.4383138107711,185.88843543762175,186.33822631835938,1407100
2013-07-01,186.88957340512212,189.78423323436922,185.5837274756514,185.80136108398438,835800
2013-07-02,185.6562520664866,188.18815194296897,184.78568455168156,186.31643676757812,483300
2013-07-03,184.62608476037462,186.60662785326093,183.54512332952692,185.1846923828125,248300
2013-07-05,187.04196061998476,187.8544890376887,183.82085000713073,186.6356964111328,596200
2013-07-08,188.60895402737793,189.02245785373944,185.62724096731,186.46153259277344,844400
2013-07-09,188.1881787994123,191.3585004717945,185.17021172205017,191.07557678222656,939100
2013-07-10,192.25086024156974,193.20849248159325,190.36462095842177,192.04046630859375,885000
2013-07-11,194.11535457012053,197.35096692944282,193.66556360435374,195.7984619140625,932200
2013-07-12,195.51546831937222,195.7258622209567,192.7804361577138,195.6895751953125,675100
2013-07-15,196.00163056411057,196.7271057124343,195.16731643174268,195.74044799804688,463100
2013-07-16,195.92173867122423,198.39561059744594,192.6135750850108,194.68118286132812,661300
2013-07-17,195.0148752988784,197.53953552246094,194.53605928372997,197.53953552246094,1074800
2013-07-18,198.50444040715558,202.86455168066095,197.54680821687955,202.3422088623047,1233700
2013-07-19,203.11844442385123,203.65528869628906,199.71596580801526,203.65528869628906,775200
2013-07-22,203.31434384592765,207.48582458496094,202.35671164969088,207.48582458496094,769400
2013-07-23,207.5003319266361,209.53167501857422,206.60075009633857,206.72409057617188,706100
2013-07-24,206.8837377071943,207.80508308582438,204.98297440570389,205.9986572265625,856300
2013-07-25,204.73633036376236,207.87038824082344,204.03988043766347,206.74591064453125,580400
2013-07-26,205.36024531204652,207.77606769404488,204.35182427907034,207.76156616210938,421300
2013-07-29,208.07348897330223,208.07348897330223,204.6057192589873,205.396484375,424000
2013-07-30,206.60800768891673,206.97074514720143,204.4896111910497,204.90313720703125,494500
2013-07-31,205.07725924592705,207.34799944482668,204.0543368812595,204.55491638183594,733900
2013-08-01,207.48582719627993,208.21130211654662,205.80272006772412,206.9562225341797,774500
2013-08-02,207.12309478081474,209.16893941933225,206.2888030301356,207.9356231689453,610600
2013-08-05,206.73856294552803,207.50756449323734,205.62132550952717,207.2826690673828,334500
2013-08-06,206.90550297440825,207.94292703180088,205.2514206671852,206.46295166015625,335500
2013-08-07,205.41101359398417,205.41101359398417,201.79087808686972,203.7859344482422,478000
2013-08-08,205.54882874752357,205.98411818974273,201.96500249858704,202.05929565429688,501200
2013-08-09,202.30591553794486,205.67212962699097,201.1451734352607,203.54649353027344,576200
2013-08-12,202.53085300117618,203.35062110323855,200.68814041569118,201.83438110351562,356500
2013-08-13,202.07378728248136,203.6117905466744,200.45597026566242,202.99513244628906,383000
2013-08-14,203.13303449613096,203.72792941069383,201.16700311138592,201.1887664794922,300000
2013-08-15,199.09936319686503,199.25896858439916,194.11535342850178,195.94354248046875,593000
2013-08-16,195.21078180983986,197.94583642876086,194.43454047133133,195.98704528808594,622100
2013-08-19,195.15282563906837,196.53848590539405,193.3173742983874,193.51324462890625,712200
2013-08-20,193.76709488001137,194.1878827343704,192.50477559640964,193.65101623535156,833100
2013-08-21,193.13590113272613,194.55058584122995,190.8578996455532,191.53260803222656,809900
2013-08-22,192.54102883901382,195.02940236536284,191.8953677080912,194.47079467773438,355500
2013-08-23,195.8275114489909,196.05966882181934,193.27384676711503,195.00772094726562,443200
2013-08-26,195.12378026341767,197.829810406187,194.1589081042683,195.53004455566406,988500
2013-08-27,192.59182143371564,193.44063680310998,187.8182063618248,187.8689727783203,625000
2013-08-28,187.1725384145775,190.6620711774066,186.58490547212944,188.21722412109375,511400
2013-08-29,188.05659735448168,191.75142492270064,187.88133337836476,190.24720764160156,335600
2013-08-30,191.0431124897039,191.96317587272546,189.29791572781875,190.0865478515625,573700
2013-09-03,193.50391673877252,194.70146110851445,190.49548205152573,192.61306762695312,517000
2013-09-04,192.40861072197984,195.22718536676666,191.37902117458185,194.30714416503906,486500
2013-09-05,194.13919986905552,194.87671253073043,191.35712633269267,191.8755645751953,536200
2013-09-06,192.36475005739854,193.1460728996981,189.42934095216793,190.75100708007812,616500
2013-09-09,191.56882714995984,192.14569395715716,189.77253339396773,192.0799560546875,613600
2013-09-10,194.23406504065042,195.70906758750357,193.59879177682768,194.60647583007812,604700
2013-09-11,193.05119119766022,193.40898375637977,190.59040914270972,191.13075256347656,788900
2013-09-12,189.47317882945572,192.66416399696575,189.47317882945572,191.50314331054688,608700
2013-09-13,191.5980704752943,193.3578409643052,190.9992983714609,193.2337188720703,561000
2013-09-16,197.88508888499138,199.5645475154195,196.43199148864613,199.09722900390625,1277600
2013-09-17,199.09725375218832,199.56457232179045,198.08956953505955,199.3382110595703,604300
2013-09-18,199.02427023908766,205.5961019392502,198.46930843129127,204.0261688232422,1183400
2013-09-19,205.07031583456083,208.3416350194652,204.471543711085,207.11489868164062,895400
2013-09-20,207.15873861361464,208.42197638700927,203.01847502859036,203.2156219482422,947800
2013-09-23,203.5661159120751,203.5661159120751,199.31632650552237,200.7767333984375,629800
2013-09-24,200.72561976504298,201.11991354954694,198.68834607561692,198.9804229736328,431000
2013-09-25,197.1695392766048,198.46201372178183,196.08885236809954,197.33018493652344,635900
2013-09-26,198.03844709290436,199.52806818733774,197.57112853004645,199.11184692382812,314200
2013-09-27,197.04535897373512,198.4911472020154,195.92083968637832,197.8485870361328,507500
2013-09-30,193.9858030077906,197.9581105716448,193.9858030077906,197.60760498046875,538000
2013-10-01,197.15492645511023,197.6514594402349,194.85479010327532,197.22064208984375,595600
2013-10-02,196.59993545271533,198.03843688964844,194.41663464895782,198.03843688964844,589600
2013-10-03,196.87750522759032,198.60808431862043,194.59927339716853,197.10386657714844,574800
2013-10-04,197.40318539905246,198.79787657361692,196.69488720640013,198.6226348876953,336600
2013-10-07,196.29326232378654,197.35204377002478,194.99350130228217,195.10302734375,392500
2013-10-08,195.80405619878013,196.8482418136439,191.80984232294685,191.8609619140625,640400
2013-10-09,192.11646829061536,196.62911876340112,192.07994475983162,194.81820678710938,908600
2013-10-10,195.86972884059864,202.8066602890372,195.86972884059864,202.44886779785156,577900
2013-10-11,202.46345705253253,205.31855457439124,201.47039128007862,204.81471252441406,459400
2013-10-14,204.01153491790365,206.39198280553282,202.6314398206245,206.114501953125,441400
2013-10-15,206.7205832431818,208.02034438021923,205.28939084470036,206.114501953125,740100
2013-10-16,207.9180845796465,214.329268787739,205.8370229611533,212.10215759277344,887300
2013-10-17,211.6786283102057,218.39648475953598,210.47377513487064,217.9729766845703,992400
2013-10-18,218.6666609872564,220.8426747142302,216.57098120620873,220.2731170654297,807800
2013-10-21,220.28779429847992,221.72629613555864,219.41156343801222,220.18557739257812,581800
2013-10-22,222.23742836342697,224.61058961756368,220.79892665032705,223.6029052734375,686500
2013-10-23,222.50760523377448,222.6390365119553,219.1486647702219,221.2735595703125,770100
2013-10-24,222.51487297837167,225.20932509971598,221.4268548429644,224.13592529296875,610000
2013-10-25,224.13588334480042,225.25309336036113,222.98945896142484,224.6177978515625,123500
2013-10-28,224.90263147323597,226.54558900834888,223.39841435714447,225.2239227294922,507100
2013-10-29,225.45757596566202,226.2461857174343,224.49370227035678,225.8226776123047,423700
2013-10-30,225.67664336774487,227.32691005354553,223.18664729443984,223.5736541748047,612100
2013-10-31,223.7124257062282,225.76429560236843,219.5867807019763,219.65249633789062,882200
2013-11-01,219.7327860664504,222.10594678308536,219.1705152656491,221.72622680664062,494400
2013-11-04,221.7846626466044,222.4783424309353,221.2589153642722,221.60211181640625,431000
2013-11-05,221.80661759911504,222.17171934139222,219.4188379428356,220.41192626953125,431200
2013-11-06,223.44220870777005,224.18700804787628,221.33191048474822,222.7193145751953,477300
2013-11-07,225.26041830069812,225.26041830069812,216.53450187142676,216.63671875,480900
2013-11-08,216.90691614513185,220.59445677206705,216.87041488789123,220.2220458984375,863200
2013-11-11,219.5940959487097,221.75549196456438,218.87848853109048,220.66018676757812,423500
2013-11-12,219.49911199140757,220.79156378397917,216.4614636508431,217.02371215820312,463900
2013-11-13,215.52678437122026,218.22852290579868,214.9499175898127,218.0970916748047,639500
2013-11-14,217.9145759786034,221.1420845252088,217.51297305785275,220.95953369140625,639600
2013-11-15,220.88649303517994,223.12822246142454,220.3534366165116,221.3903350830078,494700
2013-11-18,223.2596390950515,223.88760318079764,221.2442710356165,221.93797302246094,555700
2013-11-19,222.15710938580727,223.44958386398486,220.23667058357722,220.81353759765625,341600
2013-11-20,221.0690642631637,222.8872634741883,217.14787583821112,218.3527069091797,490300
2013-11-21,218.53537848389206,221.894320207229,217.46197807474866,221.5657196044922,400400
2013-11-22,221.95985497844208,221.96716414091722,219.73274425865156,221.8065185546875,615100
2013-11-25,222.3688367933051,222.71203327692947,219.9445561976623,220.2439422607422,304200
2013-11-26,218.38920829774807,223.2523652869461,218.38920829774807,221.57290649414062,674700
2013-11-27,222.09863358769584,224.80037236870905,221.67510320381632,224.61053466796875,421500
2013-11-29,227.49609377082902,227.49609377082902,222.03354266634432,222.28317260742188,231700
2013-12-02,222.09947992543707,227.02604393362543,222.09947992543707,223.9350128173828,489300
2013-12-03,222.32719951264193,223.60472389792275,217.62088804818376,219.09666442871094,650300
2013-12-04,218.0833872695791,220.60908294920952,214.40497126974265,218.3990936279297,466500
2013-12-05,217.07750973450462,217.80437374072037,215.4402059883208,216.99673461914062,544500
2013-12-06,219.95567038250192,221.79120413176193,219.6766880740054,221.60765075683594,496000
2013-12-09,222.20965687904283,223.88366235285585,220.60172791527884,222.2537078857422,375900
2013-12-10,220.48428920804025,222.18766978290216,219.1994156755775,219.82350158691406,483700
2013-12-11,220.029137305287,220.83677678707565,214.42708367130732,214.62533569335938,669900
2013-12-12,214.61058303893458,216.8572744093518,214.14804738560335,214.22145080566406,717300
2013-12-13,215.38150647291883,219.5738587345658,215.38150647291883,218.64874267578125,612300
2013-12-16,218.7956356740423,223.89842875719586,218.4211795972977,223.75892639160156,934300
2013-12-17,223.57539353107845,224.52986226142426,221.82796155440798,222.195068359375,809400
2013-12-18,221.57830351386264,227.5033895656942,218.70752597433972,227.3785858154297,960400
2013-12-19,227.3418696207632,227.5914995118095,224.75742386608715,226.42410278320312,701700
2013-12-20,227.2022961863352,232.85572469312112,226.43135884013034,230.79258728027344,1260700
2013-12-23,233.89100483375438,233.89100483375438,230.82199838401522,231.58558654785156,460800
2013-12-24,231.4681474769781,232.5914931983373,230.51365651489206,232.15830993652344,188100
2013-12-26,237.15095242242154,237.15095242242154,229.84551938368415,231.5635986328125,340500
2013-12-27,232.01137015608933,234.20666044416106,230.6971222602082,232.29037475585938,284300
2013-12-30,232.22437612652564,232.7383120927013,230.42554422887056,232.07017517089844,339000
2013-12-31,233.05398740327584,234.0378305021367,231.25515591855182,232.35647583007812,325600
2014-01-02,231.55619387013306,231.55619387013306,227.95120388254992,229.6619110107422,396500
2014-01-03,229.0378919439735,232.00409811378987,227.91454627519872,230.6678466796875,442900
2014-01-06,232.21701145555483,233.22288022073076,229.3535836990356,230.5944061279297,502400
2014-01-07,230.63111466337082,234.67663775583767,230.63111466337082,232.71627807617188,422700
2014-01-08,233.24491316327195,234.4637101254545,231.31392828964587,232.64285278320312,689100
2014-01-09,232.9806150764491,234.15536106636165,230.55037037298553,232.07017517089844,472600
2014-01-10,231.820500716902,234.2140432505804,228.61199217338546,231.23313903808594,517500
2014-01-13,230.1832578188764,231.84991422570266,224.58120580652533,225.01438903808594,789400
2014-01-14,226.13775091966986,228.49456990708129,224.94097936711367,227.9879608154297,608400
2014-01-15,228.6560770611969,230.12450388224005,226.93067106518814,229.625244140625,1043600
2014-01-16,238.1127569430691,239.35357943880808,230.16123531317336,233.31834411621094,1526000
2014-01-17,234.83814570380306,236.84988312324492,231.65898933412774,232.54005432128906,1024100
2014-01-21,234.06720677863507,235.16852680251148,232.74563171254866,234.04518127441406,669200
2014-01-22,234.94099251825912,238.42850696720907,234.00854935295632,237.804443359375,1001400
2014-01-23,235.3373856248132,236.60758268647734,231.51946754325957,231.69569396972656,1136500
2014-01-24,230.337408954887,230.337408954887,222.39321527187047,222.54739379882812,1046400
2014-01-27,225.11708913654846,225.86600090951026,219.67658926840426,220.2272491455078,1133700
2014-01-28,220.99815516825214,223.34764617911526,220.06571254663942,222.9731903076172,1063700
2014-01-29,221.61503692410975,222.43735259553083,218.97186340424085,219.68405151367188,747200
2014-01-30,221.3139903924216,225.4843180805126,221.3139903924216,224.25819396972656,689200
2014-01-31,220.99826311744468,223.88371678990958,217.3271956237994,220.609130859375,920100
2014-02-03,218.09805653487405,219.33887883131118,209.08926721470348,210.2713623046875,1583700
2014-02-04,210.55033288218365,214.80143401977818,210.19057554735403,212.73829650878906,918300
2014-02-05,213.54597979682677,216.1377522987612,210.0144150042695,212.3859100341797,917900
2014-02-06,213.88371477134834,217.06287150459065,213.2155778541856,216.4975128173828,858300
2014-02-07,218.0614052415292,220.26404569851437,216.66640410005544,220.16859436035156,864900
2014-02-10,218.6633543043736,221.7617345320087,217.870391596149,221.02017211914062,734700
2014-02-11,220.99826080303785,225.03643500375782,220.27139661696188,224.0452423095703,763800
2014-02-12,223.79557866133615,225.76326514304122,221.86459388608114,222.8411102294922,659700
2014-02-13,219.52239341108003,224.49303102264275,217.4225544532491,223.5972900390625,550500
2014-02-14,223.55332699771253,225.1025066753217,222.2684534160981,222.48870849609375,664300
2014-02-18,222.69420158207566,225.22724605827963,222.46659728495686,224.63986206054688,513800
2014-02-19,222.66492247011803,226.09370941076716,220.35950370669505,220.62380981445312,592500
2014-02-20,220.55029255016927,221.6956632387658,218.42840585252674,220.64572143554688,606400
2014-02-21,220.7045769841086,221.9453995601542,219.38297927377425,219.5298309326172,567600
2014-02-24,219.49309390559625,223.6046708146549,219.48574460191142,222.16561889648438,635100
2014-02-25,221.81324736831735,223.05407007449992,219.9336624513678,220.41091918945312,716100
2014-02-26,220.4768898208797,221.3359067239887,217.23900689486447,218.5238800048828,681100
2014-02-27,218.5973362284218,225.1318301874807,218.56061211917944,224.52976989746094,792500
2014-02-28,224.50037886743547,226.79846994012382,222.76029703848013,223.81756591796875,887400
2014-03-03,220.82201099270003,221.44607440567734,218.6487233767903,220.52098083496094,683400
2014-03-04,223.3844485712455,226.7544857146596,223.20824450824358,225.5650634765625,732900
2014-03-05,225.8975254848295,227.493455025923,225.35077998810823,226.88758850097656,540400
2014-03-06,228.1583291827719,230.67782649109313,227.03527812239412,229.86508178710938,737400
2014-03-07,232.17783618886276,232.17783618886276,228.66827421021534,229.62879943847656,760300
2014-03-10,229.54008653266538,229.77650298971048,226.5551061003335,227.9145965576172,809800
2014-03-11,228.40966579428272,229.75436487709436,227.27919589781166,228.15106201171875,845800
2014-03-12,226.14133349179693,228.23228301936072,225.00349058787432,228.21751403808594,555100
2014-03-13,229.37016093580607,229.96863171570283,220.67384521280854,221.1023712158203,1027800
2014-03-14,220.7476493460685,222.46179796245954,218.48675537109375,218.48675537109375,718100
2014-03-17,220.19349649629763,223.21540988297275,219.8979590897781,220.70330810546875,746400
2014-03-18,221.73774705620303,222.94947999090596,221.03584838622967,222.45443725585938,410000
2014-03-19,222.63175508434514,222.83863354624984,218.66410803577918,220.4742889404297,668400
2014-03-20,219.42513144384912,223.50360228392634,219.19608823378326,222.38792419433594,646000
2014-03-21,223.6366129361358,224.75968690135042,220.98412634671337,223.03074645996094,1333100
2014-03-24,222.99380344724017,224.55279906633777,220.62945866444363,223.56271362304688,882900
2014-03-25,224.863130269814,227.43435381313788,222.80911425095027,227.2718048095703,907700
2014-03-26,230.21247408931612,231.52763533367562,227.81859065640927,228.49095153808594,963100
2014-03-27,228.6757027406677,229.5918760467655,225.75721544736533,226.45913696289062,665200
2014-03-28,228.6017730172619,231.9414126400801,227.87031365296855,229.7026824951172,701500
2014-03-31,232.34032626777224,233.26389497516442,231.10645110161227,232.35511779785156,652100
2014-04-01,233.56687036547436,234.32789021577344,231.12126179082057,234.13580322265625,758300
2014-04-02,234.2244384086103,237.5123297370619,233.06443060922118,235.3622589111328,586400
2014-04-03,236.14536851912013,236.14536851912013,231.5940428567409,232.47328186035156,554500
2014-04-04,236.10107912028252,236.4483418323304,227.74463183366336,228.2470703125,875800
2014-04-07,228.8382162548477,229.43668711804293,223.9913283108075,224.53070068359375,833300
2014-04-08,224.2942494460007,225.4173010873428,221.68609182948728,223.42977905273438,831200
2014-04-09,224.22032082376782,228.1953642086339,223.65141060864997,227.80377197265625,569900
2014-04-10,228.3800612653967,228.40222601116966,218.66412353515625,218.66412353515625,875600
2014-04-11,218.51631864701903,219.8684130813215,215.89339298763986,217.00904846191406,929600
2014-04-14,220.3339067517818,220.91021265442959,217.88829891059154,220.52601623535156,729100
2014-04-15,221.56047100099534,222.94952217017726,217.96225034035558,222.1811065673828,633500
2014-04-16,222.9494466444193,229.52525017170979,222.9494466444193,229.15582275390625,1089800
2014-04-17,231.22467137188767,231.41675833098125,222.21063173849845,227.8480987548828,1011700
2014-04-21,227.66340035336023,227.8037846106559,225.49116479612428,226.0009765625,651400
2014-04-22,226.27432109350087,229.23713656221958,225.36552141719412,227.7667999267578,581900
2014-04-23,227.57473806840378,228.99332705584317,226.03053380854448,227.2718048095703,485100
2014-04-24,225.779357122035,227.2644632567082,223.71796739404866,224.33120727539062,545100
2014-04-25,223.86562775438122,224.3089451818516,221.0505925298265,221.98895263671875,394100
2014-04-28,223.14897925935847,224.33115177043717,218.23559801287985,220.5482177734375,807600
2014-04-29,222.75007192494067,223.56279459959376,221.51617383024967,222.02598571777344,492300
2014-04-30,221.01368481691222,223.2376454319508,220.17877511566263,222.3953399658203,423000
2014-05-01,221.64175421550433,223.70314364665336,220.18620881123664,222.43231201171875,588700
2014-05-02,222.2475783161626,224.79663712364373,220.74033032814944,220.9176483154297,605300
2014-05-05,220.3635040232085,221.32400650517326,218.16910376856524,220.5482177734375,509600
2014-05-06,220.35614550372168,221.10979216280361,218.7897762447131,218.93016052246094,591400
2014-05-07,219.28478505438267,221.32400955230207,218.0434914992244,220.9176483154297,611700
2014-05-08,220.47429976723737,223.77698210387004,220.47429976723737,221.93724060058594,581900
2014-05-09,221.83388232842498,223.62931763572772,220.63694048893765,223.38548278808594,524400
2014-05-12,219.7502540728055,226.45904724794215,219.7502540728055,225.04043579101562,694200
2014-05-13,225.34334989458844,227.0944324089045,223.18590620240724,223.84347534179688,595000
2014-05-14,223.99127415629917,224.65623911596157,222.5209599896156,222.98641967773438,474900
2014-05-15,222.55788109633002,222.94947330410486,218.07302629637434,219.45468139648438,662500
2014-05-16,222.24760630071384,222.24760630071384,217.71104768639944,219.83155822753906,544600
2014-05-19,219.5729267837131,221.41269109400773,218.8488633036084,220.9176483154297,402100
2014-05-20,220.91761556024872,221.80425046132072,217.96219595409153,219.0187530517578,437400
2014-05-21,219.7428693402854,222.39535609760864,219.7428693402854,221.58261108398438,450200
2014-05-22,221.01365342039296,222.94944950684723,220.20090858117842,222.07760620117188,410600
2014-05-23,221.97424176876666,222.55054786947557,221.08023337301535,222.16635131835938,358100
2014-05-27,223.9986858236329,226.01574559287013,223.06772128517528,225.07740783691406,464000
2014-05-28,225.18082719396492,225.94924269705368,222.58746151164573,222.74261474609375,623000
2014-05-29,223.74745189934157,225.52072195499554,223.09727843340923,225.21778869628906,406400
2014-05-30,224.8187385809483,226.08217398076803,224.10944428344274,225.27682495117188,365100
2014-06-02,225.32117524723628,226.56246856759668,223.3779833279495,226.11175537109375,404200
2014-06-03,225.2547705631099,229.29630921789223,224.8040797354991,228.01808166503906,719300
2014-06-04,227.1314243274941,229.8578011542214,226.40733829083422,229.5991973876953,558200
2014-06-05,230.14194576177684,231.1084738034943,227.8446180355857,230.42446899414062,566400
2014-06-06,231.77009874233138,233.87413852196454,230.9151099462489,233.4206085205078,457000
2014-06-09,232.6771126449745,234.7514069644144,232.36486694723837,233.87411499023438,401500
2014-06-10,233.56184074284138,234.75140107388515,232.06003472189659,233.97076416015625,392700
2014-06-11,232.58055908208425,233.43557085416998,230.3352796543741,231.50997924804688,408200
2014-06-12,231.62138205016203,231.85927595831288,228.42443733483742,229.59913635253906,519900
2014-06-13,230.20882750300163,231.21993917589032,229.0564315561008,230.06756591796875,340700
2014-06-16,229.3241550830372,230.46908666349054,227.88181628216884,230.0155792236328,471700
2014-06-17,228.7590657361712,232.1046921382146,227.38363701086826,232.00059509277344,453200
2014-06-18,232.1492424155686,238.4167089111696,230.811001254656,237.7996368408203,935200
2014-06-19,237.97062565743923,238.75872724167908,235.14543973354753,237.01898193359375,700900
2014-06-20,237.59901448963143,238.30532268672718,235.50243855154488,236.4615020751953,670100
2014-06-23,235.79974549843902,237.11568368150043,235.09343753384135,236.3647918701172,466700
2014-06-24,235.67328974514626,237.90370676466378,234.31274534638968,235.1305694580078,584200
2014-06-25,234.48386700524233,236.92987586533187,233.49503560309012,235.68084716796875,514600
2014-06-26,235.866670268132,236.2830130876869,232.36492085441841,234.357421875,605300
2014-06-27,234.1938562548813,236.1789379720033,233.30912209391096,235.74771118164062,521300
2014-06-30,235.7626139155321,238.387094293553,235.3091064651908,237.61387634277344,503500
2014-07-01,239.17516912295616,241.524522814559,238.17147647181142,239.68072509765625,494600
2014-07-02,239.91857801761492,240.06725890000786,237.80709621122824,239.30148315429688,540100
2014-07-03,238.64723248027778,241.25682823724682,238.34984801562422,240.58770751953125,276500
2014-07-07,238.84804948244576,239.96325854467872,238.00047970443524,238.78855895996094,387200
2014-07-08,238.66954358472142,238.78850191228494,236.17892875860971,236.6547393798828,451300
2014-07-09,238.28297842480572,239.17515465830814,237.1083016500455,238.62496948242188,345500
2014-07-10,235.2941722892329,236.3052839440388,233.46521370172044,234.86294555664062,538900
2014-07-11,235.0116730775828,236.93726422240914,233.82211248264116,236.2830047607422,614800
2014-07-14,237.3387823231415,240.7438770783599,237.2049400024592,240.33497619628906,650700
2014-07-15,240.14906729801802,242.52074646529206,239.56171765099592,240.69178771972656,1063000
2014-07-16,243.145233683381,246.75849885928733,239.79960769577366,241.75494384765625,883300
2014-07-17,240.13421727673665,242.29772535067417,235.91129818767578,236.26817321777344,761700
2014-07-18,236.50606370311277,239.19001165329308,236.17151463828722,238.5506134033203,672800
2014-07-21,236.47633778879802,238.32757732159266,236.02280769980607,236.88523864746094,558100
2014-07-22,237.279296902247,238.94469110320156,236.9001412709593,237.21238708496094,520400
2014-07-23,237.82201359099,237.9112266707543,235.30907262904293,235.3462371826172,688900
2014-07-24,236.63238407743796,237.29408537482186,235.26439764474122,235.94837951660156,395600
2014-07-25,234.69201484245534,235.50239728560433,233.1678823392066,234.12696838378906,508300
2014-07-28,234.119506922474,236.11200795763122,232.89278172413373,235.25701904296875,558900
2014-07-29,235.79236634196835,237.3536635767466,233.74039708301856,233.85191345214844,454500
2014-07-30,235.06378182951133,235.79237058024714,232.43188202580552,234.06008911132812,504000
2014-07-31,231.7775644508934,231.9559906001009,226.5583953857422,226.5583953857422,843500
2014-08-01,223.56214052895885,229.04894731034568,223.04170081812651,225.606689453125,770000
2014-08-04,227.86683457638281,227.86683457638281,225.4877366563481,227.03414916992188,881200
2014-08-05,226.11223247304596,227.23488289779814,223.31676938628635,223.85951232910156,755400
2014-08-06,222.88564319733575,227.48774011925227,222.55107147262206,226.030517578125,668900
2014-08-07,227.13833532086275,228.7962648003534,224.17186403506233,225.24990844726562,431500
2014-08-08,226.34280894659514,229.0713407886964,224.98224132994224,228.8408660888672,395800
2014-08-11,229.88168143173527,231.05635787265595,229.07871851198593,229.31663513183594,355700
2014-08-12,228.75908838950485,231.50250412597129,228.69959787508125,231.13076782226562,554100
2014-08-13,232.6548606556016,233.63624987129967,231.74040393600353,232.7069091796875,383600
2014-08-14,232.94481500866758,234.0971883370812,232.6325465676564,233.9856719970703,334300
2014-08-15,235.2792966422654,235.79229447288864,232.1492838281137,234.27560424804688,588400
2014-08-18,235.74028964900018,237.80714263628562,235.22731441227438,237.71051025390625,465200
2014-08-19,237.5542743931488,239.28657765470712,237.02641538358554,239.0635223388672,708900
2014-08-20,238.9594422859463,241.5987599595229,237.76244004650815,241.4203338623047,527400
2014-08-21,241.21972050870076,242.66947862375616,240.11193078512093,242.58770751953125,516000
2014-08-22,241.70297993613588,243.62857151146338,241.10818816119792,242.37210083007812,457500
2014-08-25,243.58396190852056,247.93328169805892,243.4650035550254,247.54666137695312,706800
2014-08-26,248.4016275500442,250.75844575161977,247.6879001838159,250.15623474121094,696900
2014-08-27,250.21564686800323,251.03347111026477,246.84771753808062,247.9852294921875,553600
2014-08-28,247.2599179548879,247.80581984485485,245.3380676241459,245.90640258789062,555200
2014-08-29,246.77386366500667,247.37957950468365,245.70451573283938,247.17019653320312,492500
2014-09-02,248.57598486956354,248.7629347072121,244.5453354157684,245.89138793945312,772500
2014-09-03,247.95530149632125,248.8152890162702,246.59432400647947,247.67861938476562,446200
2014-09-04,249.05458275361755,250.47541988020583,247.39446716136467,248.0675048828125,441100
2014-09-05,247.5215903112694,248.83772449903637,245.45019428163556,248.82275390625,395100
2014-09-08,248.2395004043379,249.951967544192,247.25242246886287,248.57601928710938,334100
2014-09-09,247.8282193152993,248.344202763256,245.16605508982641,245.6072540283203,373100
2014-09-10,246.743867140808,247.77583389519162,246.08580006143146,246.66908264160156,468800
2014-09-11,245.1137355641497,246.39995170287543,244.38836908787357,245.65963745117188,505000
2014-09-12,245.54746078049035,246.676645456589,244.54541207509794,246.0784149169922,377000
2014-09-15,245.27819167931892,245.9512065435022,243.89475829009325,244.49301147460938,380900
2014-09-16,243.99945280465053,246.10076712235477,241.81586869269228,245.4053192138672,589000
2014-09-17,245.64468773897264,248.16476878513402,244.53047361757422,246.57943725585938,534700
2014-09-18,247.46179867273344,249.91457990274031,246.87103073014754,249.47335815429688,481700
2014-09-19,251.13345465319932,251.26059058849847,247.0878801074766,248.0824432373047,804000
2014-09-22,247.5216850778808,247.5216850778808,243.89485219757807,244.98663330078125,395100
2014-09-23,243.9695339164213,245.69694856076825,242.50385360446552,243.07965087890625,423000
2014-09-24,243.42372635310787,246.34016315508663,243.0348787626597,246.0260772705078,399400
2014-09-25,244.50047980890957,245.96618303032741,239.70708302666768,240.4324493408203,676100
2014-09-26,244.9043527326288,251.9187161660764,244.9043527326288,250.56520080566406,1289400
2014-09-29,247.52171372102273,249.27904767267546,245.86159738684992,247.25997924804688,760300
2014-09-30,246.96077987737942,248.51619276465027,244.48556540815147,245.5175323486328,770900
2014-10-01,244.88198163155482,244.88198163155482,240.79151614323663,241.71878051757812,808300
2014-10-02,240.7689763251547,242.78055855851187,238.63774344798512,241.98040771484375,476500
2014-10-03,242.97490760050437,245.62958542991836,242.97490760050437,244.5901336669922,492100
2014-10-06,245.6446413272924,246.26532766901232,242.5711964505561,243.8723602294922,432600
2014-10-07,242.42917582727176,242.42917582727176,238.39852466876235,238.43592834472656,494400
2014-10-08,237.81515932629304,243.27410869294096,235.5642986283124,242.9525604248047,818200
2014-10-09,243.0048334477679,243.0048334477679,235.56424473890175,235.7137908935547,685200
2014-10-10,234.3528614221072,236.3270399417065,230.69611145659562,230.97279357910156,795700
2014-10-13,231.47386299392485,232.78251211538594,227.12914973635642,227.2637481689453,578300
2014-10-14,228.07881074763196,231.21957726994415,227.33101136813153,229.37997436523438,816700
2014-10-15,228.45274826837297,234.25567971697018,219.39690723709904,232.0945281982422,1566900
2014-10-16,226.1943596278998,236.11016366701946,225.84289301430567,232.3337860107422,916800
2014-10-17,235.08572262602237,239.15375368779272,233.59760893981516,236.06533813476562,698900
2014-10-20,234.61450224852615,235.9755022031104,233.3133390067914,234.15835571289062,782800
2014-10-21,236.35707190221532,239.65487153046354,235.72143755200668,238.6677703857422,769700
2014-10-22,238.5480663441395,239.32578429828527,236.0803368551992,236.21493530273438,716300
2014-10-23,239.6398257634249,242.43661146288179,239.17619371630923,240.85125732421875,540400
2014-10-24,240.51475897153304,243.30403652583584,240.36518994179337,242.9376220703125,378200
2014-10-27,241.81590708676543,243.22925901650635,240.843776919758,242.87779235839844,426000
2014-10-28,244.65759577778402,246.31771173887267,243.67795734405453,246.3102264404297,406500
2014-10-29,245.9886687118459,248.8901117680006,244.44071818133227,248.261962890625,681700
2014-10-30,246.78878663822954,249.99685293334431,246.7738388635662,249.18923950195312,601500
2014-10-31,251.283082242575,255.91196328955328,250.79701709856764,255.08189392089844,761400
2014-11-03,256.45040889217773,257.24307468033555,252.04585808381643,253.35450744628906,669800
2014-11-04,253.0404168034199,256.41300009561667,252.33748339678422,255.39598083496094,753700
2014-11-05,258.55172264082495,259.75566909367524,257.10847482880064,257.4300231933594,691900
2014-11-06,258.20764129122256,260.4211209545313,257.4299235853479,259.9574890136719,481700
2014-11-07,260.42857233495636,263.6366146644829,258.8581893564417,262.83648681640625,732300
2014-11-10,262.8515263748617,263.1656122086538,261.75974548592416,262.2532958984375,542900
2014-11-11,262.8963720857729,263.6366862364867,261.901808861289,262.61968994140625,323200
2014-11-12,261.2063755171025,262.46269611389044,260.11459455634014,261.6550598144531,456700
2014-11-13,261.9690635337244,262.3279926022447,258.81334948717944,260.6678771972656,395800
2014-11-14,261.70746015040135,261.804677762109,259.73325800166714,260.0174255371094,234900
2014-11-17,259.0228427517539,260.40627664887745,258.47694079940914,259.4715270996094,286700
2014-11-18,259.77050426980185,260.76506722015375,259.2993870961008,260.18927001953125,379900
2014-11-19,259.4864456870614,259.6509625020674,256.6448165053563,259.0078430175781,325400
2014-11-20,256.95884437463013,260.95209071491126,256.8391937236332,259.8902282714844,305300
2014-11-21,263.6890557674079,266.6727684666094,262.9786599357564,266.1493225097656,842600
2014-11-24,267.2112263233393,268.19832729195326,264.99026055447456,266.05963134765625,457600
2014-11-25,266.70259649482455,268.3178456045444,265.10231797547715,266.9792785644531,544900
2014-11-26,267.8318355887888,267.9664340036149,265.5510337283336,267.4205322265625,306900
2014-11-28,268.65445768077,269.8359708583481,267.48789227773295,268.51983642578125,286300
2014-12-01,268.1965767909996,268.96344593457184,266.0613522638781,266.92596435546875,584500
2014-12-02,267.72286012460677,268.88070082921223,265.8282304715383,267.5273742675781,571800
2014-12-03,267.1891152110487,268.8356479551245,267.0537894101435,268.32440185546875,456600
2014-12-04,267.21157500043853,271.4068339551469,266.4071003390041,271.1963195800781,581900
2014-12-05,272.7752489701235,274.3917014503313,271.9933284285698,273.9706726074219,479400
2014-12-08,271.99344038912614,277.1586060045934,271.10627374383654,273.3918762207031,489200
2014-12-09,269.90322375296057,273.391774815503,269.0837203309194,272.7226257324219,440800
2014-12-10,272.65489233630217,273.80520712870486,268.2340675045284,268.4220275878906,511400
2014-12-11,270.7753185289276,271.7226447858169,265.11396117076924,266.023681640625,622200
2014-12-12,266.4973484020129,266.8807943577617,256.22720552870845,256.2948913574219,761200
2014-12-15,260.21205284230325,261.5127224788588,253.67855577612107,255.197265625,640000
2014-12-16,253.18980849699463,259.8285498689851,251.56583029975292,253.32513427734375,609000
2014-12-17,255.0092279201258,262.3772777961234,253.75366726868776,262.0389404296875,664000
2014-12-18,267.00105362326167,269.79790050116856,264.29442391168317,269.7903747558594,579700
2014-12-19,273.3391698539002,275.1886913268185,269.69273831296135,270.775390625,1060400
2014-12-22,271.5496780939259,271.6775010423425,269.2641000677952,271.54217529296875,337900
2014-12-23,273.0535163271939,275.6774561300299,271.5122519773219,273.8279113769531,600400
2014-12-24,274.40684558350205,275.79022981213774,272.459580791568,273.42193603515625,153300
2014-12-26,273.85048809951263,274.7677348014922,273.1813617125944,273.3918762207031,155200
2014-12-29,272.6473938525597,275.62467519574557,271.10610737797555,273.2638854980469,204900
2014-12-30,272.9632830942811,273.8128667575854,271.03857273509504,272.2264709472656,253300
2014-12-31,272.42186032452213,272.8879977228866,268.3393722712148,268.82806396484375,298800
2015-01-02,269.14387167419665,270.5798897890507,264.97866886083244,268.2040710449219,367000
2015-01-05,265.58011373399404,266.354508481231,260.5879050673153,261.2645568847656,465900
2015-01-06,262.16692740999514,264.3698157101174,254.53572402422841,257.20477294921875,626400
2015-01-07,259.4977357877277,263.1291381368362,258.82860969493026,262.64794921875,388300
2015-01-08,265.2794042720758,266.6402337672044,264.3396036293433,265.7154846191406,480600
2015-01-09,266.1439605606547,266.54243503198364,260.84349522296907,262.5652160644531,542500
2015-01-12,263.30206506850527,264.9335691109082,258.82110194294575,260.8360290527344,331500
2015-01-13,262.9787614461727,266.51992367271856,259.3097762428676,261.6254577636719,406700
2015-01-14,259.82109056385696,261.3849320178575,256.0092757764883,259.94891357421875,717400
2015-01-15,262.4449224795848,262.82834546469263,256.0542793585203,257.4677429199219,661800
2015-01-16,257.46771545743064,262.0990314342651,254.94904590714552,261.69305419921875,916300
2015-01-20,263.1516261421598,264.3470494449281,259.1368017637082,260.580322265625,939800
2015-01-21,259.10682011314685,263.8960408877917,257.51292177090403,262.7682800292969,822300
2015-01-22,266.1516173537837,272.1964232231882,261.9939390513139,271.2566223144531,714600
2015-01-23,271.61740573618306,271.95574313464,266.9860655614967,266.99359130859375,415000
2015-01-26,266.15156678925274,269.4972665664636,265.1365774117789,268.7003173828125,470000
2015-01-27,265.5876156749279,266.90333634706127,263.7305690084857,264.2568664550781,435800
2015-01-28,265.76806479915916,266.68531103649644,259.2120153677849,259.4075012207031,562200
2015-01-29,259.97886358624845,261.76072142495264,257.70829119739744,260.8434753417969,593600
2015-01-30,259.45269756336955,261.61047664433397,255.82881997834883,256.00927734375,663200
2015-02-02,257.4076284084567,261.71568273500554,255.20474124929177,261.3698425292969,610100
2015-02-03,261.68555022435197,265.70037493755876,261.68555022435197,265.362060546875,655300
2015-02-04,260.5428549677788,266.399676879634,259.34743113489503,263.73065185546875,543800
2015-02-05,264.90351627495943,270.5272922659015,264.65541897057943,269.77545166015625,743600
2015-02-06,272.3542371969398,276.2788457563095,270.77536746489864,272.48956298828125,653700
2015-02-09,270.6850767406559,272.6097861758511,269.78285915475664,271.3166198730469,402500
2015-02-10,274.4217772514092,279.72224349729197,273.9255597775777,278.6847229003906,726700
2015-02-11,277.8426251831398,279.8726035471178,276.1434813923719,278.10577392578125,461300
2015-02-12,278.180990206176,282.2860329885838,278.180990206176,281.8499755859375,444700
2015-02-13,281.8574949508611,284.2182621805229,281.037968618052,282.72210693359375,553700
2015-02-17,285.3310179448311,287.83463691128196,284.04535406875215,285.947509765625,1122400
2015-02-18,286.1053734430121,286.5790366012099,283.2859717340729,284.0904235839844,583200
2015-02-19,283.21087677384423,285.2709129616903,282.72968770974035,283.9025573730469,498700
2015-02-20,282.4815144158707,283.947612572961,280.5492788184937,283.1732177734375,774200
2015-02-23,283.5717585631523,284.19577623025737,280.96287049321137,283.015380859375,443600
2015-02-24,283.9777107273142,285.6092149485332,283.4439103179782,284.2784423828125,451700
2015-02-25,284.0001986092391,284.68437615849416,282.3611919673836,282.6318664550781,443200
2015-02-26,281.7823830710099,283.45147034689256,280.6245419657399,281.9552917480469,397700
2015-02-27,281.9551727022333,283.33105345454203,279.2184856340343,279.2485656738281,702200
2015-03-02,279.2485798692649,283.2107706365668,276.5870583487321,283.0077819824219,478000
2015-03-03,281.3989378584893,282.42895595217647,278.8201297496531,280.93280029296875,428900
2015-03-04,279.0950334065329,280.5016753474769,277.7035312892653,279.1631164550781,371000
2015-03-05,279.813317622206,280.9325792011297,277.80168397468697,279.7679443359375,366100
2015-03-06,279.4579562253076,284.0030406610609,275.9187004337789,276.3875732421875,538700
2015-03-09,276.38767403460287,278.2783057766846,274.92811186867596,275.72216796875,519200
2015-03-10,273.18866454531803,274.3306132843096,269.27885177505595,269.3695983886719,531200
2015-03-11,270.0956067868979,272.12992809191365,269.70236375016157,271.0484924316406,464700
2015-03-12,272.7046930962185,279.00426712072147,272.7046930962185,278.837890625,474400
2015-03-13,279.04965540352276,279.7983612139416,275.427221859806,278.1043395996094,521700
2015-03-16,280.3201552984475,283.3980857734494,279.6017061124781,282.8989562988281,491800
2015-03-17,282.1125878254763,284.45697642751617,280.97063856302634,283.03521728515625,531500
2015-03-18,282.8157122123044,288.12459577554097,280.90996446424316,285.6819152832031,595700
2015-03-19,284.35095337422365,284.69127624682835,279.14793223686445,279.775634765625,632600
2015-03-20,280.2823727387377,287.06596039922835,280.13113604572953,286.3475341796875,681600
2015-03-23,285.8030105252947,287.99613858591994,282.8536067386272,283.0880432128906,453000
2015-03-24,282.324168222534,282.7854711359304,279.1327819824219,279.1327819824219,452800
2015-03-25,279.73034504631073,281.3638307017285,275.09451192539103,275.21551513671875,391300
2015-03-26,272.8106642820596,275.8961890441999,272.25861443456904,273.8769836425781,417600
2015-03-27,273.6423880978806,275.0792631599726,272.4399494527039,273.48358154296875,386900
2015-03-30,274.59520349862703,279.5259599842318,274.59520349862703,278.37646484375,470900
2015-03-31,276.947229173644,278.4068140787907,275.80530356097927,276.66741943359375,426400
2015-04-01,275.6616816586856,277.49180028568264,273.6424767759067,274.1945495605469,593800
2015-04-02,274.7616945769935,277.6581318212649,274.27013501280084,277.0909423828125,351800
2015-04-06,274.4138519635369,279.1480013943433,273.42316274282206,277.5296325683594,345000
2015-04-07,277.3555566341086,280.49399935309316,277.0379204840253,278.7697448730469,448700
2015-04-08,279.85120875583726,280.9099806447375,277.88497085700686,279.5940856933594,569400
2015-04-09,279.8135152795295,281.15964424068716,278.05900337449197,280.9705810546875,392300
2015-04-10,281.7191998287887,282.0746394608085,278.31606325459796,279.39752197265625,348300
2015-04-13,279.7757652162888,282.0823272936557,279.5488755024288,279.5791320800781,421000
2015-04-14,279.7001298149687,282.9822645157175,277.6128644993104,282.5814514160156,581700
2015-04-15,283.1259033741851,285.3190316957117,282.4225938677269,284.85015869140625,710800
2015-04-16,286.256705016062,286.4609079737632,275.55573612044395,281.4620666503906,901800
2015-04-17,279.57904716392204,281.32598895871666,274.64071822713464,276.334716796875,798800
2015-04-20,278.3009004712226,280.5167146017769,277.8698310375126,279.5940856933594,416500
2015-04-21,281.08397146823,281.24280113712024,277.62034458388877,277.9379577636719,448500
2015-04-22,279.1252348862262,280.73605641789294,276.33466129060554,279.44287109375,451600
2015-04-23,278.6790695014409,281.7494530612972,277.49174743841854,281.27301025390625,432600
2015-04-24,281.8780754980028,282.7477614820148,279.6471208147104,282.067138671875,355700
2015-04-27,283.28466607759606,284.9030577618655,280.7058418746329,281.2427978515625,354400
2015-04-28,279.9419865775964,285.85586334457304,279.9419865775964,285.75,395400
2015-04-29,284.06367582977134,286.46855421840013,276.652407548675,277.29522705078125,981700
2015-04-30,276.9926800500182,278.9816284293179,274.020612349978,275.2306213378906,673300
2015-05-01,277.1892681368318,279.2235895034402,276.0473193107956,278.78497314453125,412900
2015-05-04,279.65474412031284,281.0840499865981,278.8606647910387,280.0177307128906,375400
2015-05-05,278.6638826812235,281.15193637125,276.1228627071441,276.826171875,380700
2015-05-06,277.0834156757614,278.2177946350582,273.04500627114555,274.82220458984375,427700
2015-05-07,274.8978529454621,277.97580693418297,274.39115348816136,276.5464782714844,431300
2015-05-08,277.80942843117185,280.7663791987957,276.55404620467937,279.84375,445800
2015-05-11,279.4730799948547,281.4317941241398,278.0664615342482,278.134521484375,431700
2015-05-12,276.6901601397065,276.9245966206285,274.0508457118427,276.1607971191406,452300
2015-05-13,275.63896409293,277.19684264859666,274.9053981261162,276.1305236816406,435000
2015-05-14,277.93793352668575,280.9553969454855,277.4690606304654,280.9251403808594,419000
2015-05-15,281.3259541443874,281.82508360670386,278.732013385725,280.4562683105469,415800
2015-05-18,279.93453406644255,281.30334976293483,278.8606449554413,280.3504638671875,391900
2015-05-19,281.09154461571046,282.0444303240266,278.99673311874443,280.6302185058594,406000
2015-05-20,280.2899431965385,281.06888255799925,278.0589884895678,280.0025634765625,447900
2015-05-21,280.1915705695579,281.1520030023428,278.32362584260096,278.4673156738281,390500
2015-05-22,278.5959097368054,279.4050824884822,277.9455204919179,278.3614501953125,303700
2015-05-26,277.55222829716365,278.6109771466019,275.89603353022335,276.0548400878906,695400
2015-05-27,276.81109060010846,279.5714074991034,275.86577501285035,278.8151550292969,352500
2015-05-28,277.52955317524805,279.63193422039643,276.848907456125,279.44287109375,358100
2015-05-29,279.4126133790339,279.4126133790339,276.03216376537756,276.6220397949219,627000
2015-06-01,276.8489177807105,277.7488601434288,274.25497712534406,275.4801025390625,418400
2015-06-02,274.3684483903252,275.79020704528375,272.659333118704,274.82220458984375,430800
2015-06-03,275.57085470182164,277.55223252430267,274.1566431653616,275.9943542480469,464400
2015-06-04,274.3079805840203,275.6692262139924,269.52845797553914,270.6098937988281,640000
2015-06-05,272.3980006743893,274.21653478560967,266.63807089727294,270.35882568359375,740500
2015-06-08,271.2186082037306,272.2305792928213,268.7152795237646,268.9359436035156,683000
2015-06-09,269.2630781736459,270.9598437354119,267.8402211755786,268.3880615234375,539000
2015-06-10,270.10762936606227,272.32943258975786,269.56740537643736,270.5793762207031,768500
2015-06-11,271.4315708207164,273.02941696323796,270.12284259833285,271.492431640625,585800
2015-06-12,270.8761728712946,271.4088038477098,268.4565542033891,268.9206848144531,517200
2015-06-15,267.55110154409203,271.4848802414971,265.1466922248063,270.3283386230469,1096900
2015-06-16,269.2325500805434,272.3674042609638,269.2325500805434,271.8500061035156,351900
2015-06-17,273.1284030395704,274.0034197654702,271.15770552317343,271.8653259277344,462700
2015-06-18,272.39790277063213,275.2968841799119,271.32504790901896,274.5892639160156,445300
2015-06-19,273.82842042231186,274.817565690421,272.1848992961676,273.30340576171875,658900
2015-06-22,274.5665077925573,276.60568256726356,272.8773350832493,273.12841796875,430600
2015-06-23,273.53930183677437,275.0534618906629,273.242544299529,274.03387451171875,420700
2015-06-24,273.93498054231674,274.673043076698,270.1229461839161,270.5490417480469,558700
2015-06-25,270.54909218102154,271.24150340692285,266.9805237508608,267.1707458496094,482300
2015-06-26,268.6391506082586,270.0391819251772,267.75651762619776,269.7120056152344,642900
2015-06-29,266.5999244071278,267.83255917441863,262.00415467411136,262.1563415527344,558700
2015-06-30,264.75096430981836,265.65642280339614,261.6313191553413,263.25201416015625,776700
2015-07-01,266.31092546006744,267.90117934278686,262.9782307347491,264.3326110839844,495400
2015-07-02,264.96399464783525,265.1694260159442,261.4867314654773,262.8106689453125,433900
2015-07-06,260.4977093822029,263.0695155726056,258.7096404388882,260.8401184082031,698100
2015-07-07,261.0454539947425,262.0574480737556,255.4225035518207,260.6878356933594,853300
2015-07-08,258.7019150849198,259.4856287812117,253.86267864268083,254.22789001464844,955600
2015-07-09,259.50096853522905,260.5053467535807,255.89436510261282,256.335693359375,797300
2015-07-10,258.6563724413381,259.6226922299995,256.63240676215776,258.2911376953125,1156400
2015-07-13,260.65748692426627,262.82602302718936,259.97269216030793,261.9433898925781,800700
2015-07-14,260.87804021877156,262.0117790925461,259.1812748939492,260.7791442871094,1213800
2015-07-15,261.2965811069519,264.6521003617495,259.38674457537496,263.6401062011719,1106400
2015-07-16,266.04452811557326,270.107667914379,265.58039750540115,269.56744384765625,805900
2015-07-17,268.6695477334493,270.6402447957665,267.528215774701,269.7652282714844,729200
2015-07-20,270.85345432244526,270.8838963612613,267.73380712725424,268.6697082519531,441800
2015-07-21,268.16742565607365,269.67399257610606,266.72174279245723,267.6956787109375,481700
2015-07-22,267.83265904017856,268.0989745668402,265.85434498272036,266.3108825683594,719500
2015-07-23,266.37173281026077,267.216330793153,262.9477358849217,263.60211181640625,526600
2015-07-24,263.1304537686079,264.5685208886003,258.89229945805624,259.7749328613281,630500
2015-07-27,258.3215676436697,259.75204130642635,254.28886910118956,255.841064453125,882100
2015-07-28,257.84979532435364,257.84979532435364,255.19430295345154,256.2975769042969,713200
2015-07-29,256.5868285688872,259.4629862560443,255.65854364231933,258.5803527832031,663400
2015-07-30,258.4812699924838,259.4932640908087,257.02037795673493,257.7508239746094,622300
2015-07-31,258.38998166166664,260.01067699587657,255.48338360784706,255.90188598632812,507800
2015-08-03,256.1682162881506,258.04761089325666,253.0029188890002,254.6692657470703,528500
2015-08-04,255.31599688032412,256.5029804782761,251.2909154836304,252.94964599609375,676200
2015-08-05,254.13654557686144,257.2866324672552,254.13654557686144,254.66156005859375,662800
2015-08-06,255.25509688276318,255.8029371685638,252.40938320898547,253.42897033691406,583600
2015-08-07,252.85059694303283,254.57021062463627,250.45380526374382,252.50059509277344,368900
2015-08-10,254.21276527775382,257.4541333857697,253.1475263873151,255.3464813232422,513400
2015-08-11,253.41383968124336,254.1290765427279,250.33225134647256,251.0931396484375,695100
2015-08-12,247.82129823021234,249.80720530403494,243.4233653239529,248.90936279296875,786700
2015-08-13,249.51812633857014,250.63663321045573,247.3115546323966,247.98114013671875,474900
2015-08-14,248.03435036213313,250.1115603420301,247.28867154702368,249.67787170410156,450000
2015-08-17,248.23966650558287,250.7353777794875,247.41030151735214,250.58319091796875,387600
2015-08-18,249.57126980585892,250.3625998459964,248.86364952230747,250.11911010742188,442500
2015-08-19,249.35067563352564,250.33222795306602,245.77451488076144,245.96473693847656,720300
2015-08-20,244.8614110563826,245.3255648975241,240.96566748561906,241.2471923828125,744500
2015-08-21,238.31778876828827,241.04178155230073,233.5546443832731,233.79811096191406,1195700
2015-08-24,221.72280242212838,232.94590264253594,209.24424139742897,227.63491821289062,1578300
2015-08-25,235.8600881901842,237.14599086372556,224.19566127677572,224.20327758789062,1259700
2015-08-26,230.16866301108183,231.42412380159507,224.91092316212516,230.61758422851562,1351700
2015-08-27,233.2351100638657,239.67221914298457,233.2351100638657,239.2765655517578,945500
2015-08-28,237.8384139736887,237.8384139736887,234.0492057479931,236.8112335205078,782900
2015-08-31,235.43956426324144,236.58894698526976,231.43971145521283,231.76919555664062,786800
2015-09-01,225.0721634115489,227.40156253913642,223.3327490249519,225.5089111328125,1541500
2015-09-02,227.80775669168887,228.75025939941406,225.46301667175075,228.75025939941406,1341800
2015-09-03,229.5394633124298,231.0030139169781,228.47438047757018,230.0758514404297,1149300
2015-09-04,226.54345109723832,227.89206836258867,224.0531205331734,225.46302795410156,985500
2015-09-08,229.59308559122113,231.78456458501464,227.44755666169416,230.9723358154297,934600
2015-09-09,233.66958272201734,234.97987284751846,226.87287799717166,227.40159606933594,698200
2015-09-10,228.1907774794293,232.8189651971746,227.4092056339258,230.88034057617188,952900
2015-09-11,230.64288517136066,232.6274839353286,228.95711386623807,232.41293334960938,804800
2015-09-14,232.36694392595174,232.75007161585438,230.08349447579897,230.6888427734375,567400
2015-09-15,232.6350742810149,236.42037669142758,231.0336037818791,235.92996215820312,950600
2015-09-16,237.38596529308046,240.78049522679086,235.86112419777803,240.22879028320312,959300
2015-09-17,239.24788954921843,242.70368488931862,238.04486317225494,238.7881317138672,964300
2015-09-18,235.80746736056005,240.28239681247862,235.80746736056005,236.67333984375,1570800
2015-09-21,237.69242802332107,240.52755889630436,237.20968339285886,239.3705291748047,728200
2015-09-22,235.81501505171585,235.81501505171585,231.21748429522424,233.1944122314453,814600
2015-09-23,233.01050841563566,234.1215876541444,230.98760713000036,232.37452697753906,454800
2015-09-24,230.64288321286486,231.34017845659633,229.14867577854602,230.26742553710938,726500
2015-09-25,233.04895438336837,234.84963606533063,230.57394074900432,232.16009521484375,645700
2015-09-28,229.9685793466366,232.17539875949564,225.0952059634565,225.3250732421875,732500
2015-09-29,226.25221705315747,227.18704954972677,222.98031500729408,224.91127014160156,794100
2015-09-30,230.64285339097822,231.15625474906102,225.72348390333352,227.93797302246094,756200
2015-10-01,227.63152483312948,228.92649848655913,223.36347612648294,226.75033569335938,814300
2015-10-02,222.98031250943112,232.47422776133843,221.5627353991003,232.4512176513672,854600
2015-10-05,234.61968209105532,240.84167058769157,233.87641360999885,240.30528259277344,936200
2015-10-06,239.60807101281245,240.81874424603274,238.09854695154365,239.6310577392578,725600
2015-10-07,241.7612297778681,246.2131714320028,241.46237897085987,245.69212341308594,1103200
2015-10-08,244.5273880934074,245.1020795695799,242.6500766351309,244.10595703125,653500
2015-10-09,244.10592746022132,245.96025197018804,241.43935091547826,243.75343322753906,580800
2015-10-12,244.19794318719636,244.19794318719636,238.88779870583863,241.87619018554688,613200
2015-10-13,239.60809247846734,243.18649239317133,239.33222835215048,241.46241760253906,890000
2015-10-14,245.40854378629828,250.09037520476744,242.90289770777,247.0943145751953,1124700
2015-10-15,248.6115561163637,250.76473176574353,245.6537983239289,249.51573181152344,736500
2015-10-16,250.8336452253719,253.84502255909797,249.25516137889826,253.5001983642578,741900
2015-10-19,252.3585640423504,252.89495220456217,250.10577117587727,251.23983764648438,584300
2015-10-20,250.1594176046568,251.61529828226801,249.74563311421636,250.6804656982422,443200
2015-10-21,251.05591061482173,252.1899535511611,246.49668199188204,246.71890258789062,625700
2015-10-22,248.2283795439748,257.3621283647311,247.35483739804278,256.96368408203125,722000
2015-10-23,259.20119315071787,261.48464255014795,257.5690888707639,261.1321716308594,959000
2015-10-26,260.45783616122156,260.8256471155497,257.3928150279203,258.24334716796875,600100
2015-10-27,257.2625134724665,257.56903425999684,255.18596842719018,257.13226318359375,388400
2015-10-28,257.94452173083147,265.37718400511335,257.45410712132747,265.3695373535156,950900
2015-10-29,264.87909014769724,268.9479033616746,263.20865943511865,268.08203125,929500
2015-10-30,269.15478742076334,271.7064067427869,267.45370007799727,269.6988220214844,1601900
2015-11-02,270.99392782085084,273.25436755603863,269.7219408618115,271.69122314453125,812200
2015-11-03,270.63367784569243,275.8518739233353,270.63367784569243,274.67950439453125,850900
2015-11-04,275.0550358340815,276.61053338331885,272.0666444074997,273.1623840332031,749300
2015-11-05,272.77916659672474,275.43042628379106,272.1585017886128,273.782958984375,510700
2015-11-06,275.8135716147774,277.0012578340853,271.0551099339943,273.3232421875,560900
2015-11-09,272.4036893993824,274.12009334892485,266.00545460583805,267.85980224609375,1278900
2015-11-10,266.07448756990027,269.0322452397471,264.1512026343593,268.396240234375,713300
2015-11-11,269.88279991332286,270.3502278533284,268.0208049585535,268.572509765625,454500
2015-11-12,265.52272691144714,268.0130561559981,264.3733441831929,264.925048828125,637000
2015-11-13,264.57261761775254,266.13578490980746,262.4194421885211,263.0171203613281,590600
2015-11-16,263.0247538764458,270.45741490275196,262.503682595274,269.97467041015625,672700
2015-11-17,270.0359808196734,274.25805418854725,268.84062465374836,270.8099060058594,578100
2015-11-18,271.77542732052933,276.6641399322904,270.06669294778175,276.33465576171875,535900
2015-11-19,276.25795023021556,276.64107778016364,274.28102236155325,275.154541015625,489500
2015-11-20,276.67185558152045,278.5874941693933,276.46495164810375,277.7369384765625,530100
2015-11-23,278.0357266929249,279.3460166442932,276.6717932609571,278.34222412109375,423900
2015-11-24,276.2580021813041,276.97061394599626,273.0780475955854,273.40753173828125,807800
2015-11-25,274.3270503480494,277.58363517019575,273.39986465613975,276.32696533203125,415300
2015-11-27,275.5837520429076,275.8519461118126,272.2275496237324,274.6182861328125,263500
2015-11-30,275.20833037621605,279.58364276844134,274.5799952489929,278.70245361328125,870200
2015-12-01,279.78159934848713,281.22313299355574,277.7002257648034,278.8488464355469,739000
2015-12-02,278.0548358373446,280.1439021075444,274.53192873086596,276.68267822265625,1080100
2015-12-03,276.8060566127745,277.99321186622944,269.8913001279685,271.3482666015625,890900
2015-12-04,272.8205419959393,278.7948269231526,271.10148121876,278.1010437011719,684100
2015-12-07,277.0681310093424,277.8158813161044,272.2886926635068,274.0231628417969,583000
2015-12-08,272.42747906144007,273.61463427613154,267.1546918760876,268.9893798828125,758300
2015-12-09,268.2955755095735,272.4968338074388,264.5105731364635,265.6206359863281,663500
2015-12-10,265.3739302936971,269.0664310742528,264.2715838110151,266.1448059082031,659400
2015-12-11,262.59101305965896,263.5314584831578,247.620602126334,248.8231658935547,1636100
2015-12-14,248.74620490822522,252.70080164407688,242.53294765714983,246.37191772460938,1267900
2015-12-15,250.496016366524,255.4912748142159,248.72298850771912,254.03433227539062,1032500
2015-12-16,255.23686703057464,257.47240113779856,248.3452386031296,255.15977478027344,1142500
2015-12-17,256.5859345355986,259.2839989922815,253.29428084228212,254.55081176757812,1127000
2015-12-18,252.0609947800907,252.9629063535845,247.7826196825296,247.81346130371094,1025200
2015-12-21,251.02025561726612,252.93972856430688,248.59200188993256,250.9585723876953,534100
2015-12-22,251.30544797524541,255.48360411784859,248.584258022536,254.7821044921875,711700
2015-12-23,257.3259426793925,262.2287229764243,256.38547365065307,261.8201599121094,678400
2015-12-24,262.38294649167227,262.76838432440684,258.38209990586705,260.09344482421875,240300
2015-12-28,259.73885658484664,264.271609401101,258.1508545472145,263.98638916015625,865800
2015-12-29,265.7747138142923,267.6094011036811,263.63168105762617,264.872802734375,480200
2015-12-30,263.9169480595861,266.09853909027,263.03816214556105,263.677978515625,356900
2015-12-31,262.0514986172797,266.5302847450014,260.4018132561618,262.49859619140625,500000
2016-01-04,256.73240535387185,257.0561599177845,253.62577776068136,256.7786560058594,958900
2016-01-05,257.6190213535634,259.09139715960094,253.7106748573225,257.44171142578125,803200
2016-01-06,252.29218815076726,255.85362997950278,252.0763439043366,254.51231384277344,1138500
2016-01-07,247.1426945356793,251.035606471943,240.98338318059436,243.38853454589844,1285300
2016-01-08,244.79929555331472,246.49523157369015,236.68197503698138,237.2601318359375,1500200
2016-01-11,238.25453305665036,238.97144173579608,234.6314082395855,237.67637634277344,1258400
2016-01-12,240.83698026766524,242.51748353402283,237.11363771416953,241.7388916015625,1096800
2016-01-13,242.98770814053273,245.46992868568915,234.0532621399447,234.81642150878906,1200000
2016-01-14,235.31744766145226,243.17267038786426,230.7307293186595,238.9713897705078,1373700
2016-01-15,230.46098486485664,231.22416777913648,223.9085416371961,228.6262969970703,1972600
2016-01-19,231.57101966416917,232.6194226867234,223.92394708018102,226.63742065429688,1070400
2016-01-20,222.5286672401006,226.75305042328145,216.26913767898046,225.09567260742188,1685900
2016-01-21,225.70469439929465,228.8652893568485,223.15309780917332,223.4768524169922,1100300
2016-01-22,228.05584773262333,232.71965949468745,227.40059873007212,231.6943817138672,780600
2016-01-25,231.3089401991514,231.98731451918616,222.9372421298088,223.3380889892578,1010500
2016-01-26,225.45027715419576,231.59415678431876,224.53293328471673,230.69224548339844,1066100
2016-01-27,230.49184413367936,239.74235292834206,229.24302921044156,232.89697265625,1147300
2016-01-28,233.27463875796846,237.28320102574355,229.75175537570706,230.6228485107422,1023800
2016-01-29,233.86058352403637,242.31709184069447,232.7273951771734,242.25543212890625,986500
2016-02-01,240.4438224651704,242.4403875395238,236.41213441950632,240.70591735839844,754900
2016-02-02,235.74918334517938,235.74918334517938,229.7363395064851,232.1954345703125,1061300
2016-02-03,232.5732613137159,236.58951804257748,223.60797110738324,234.39251708984375,1372000
2016-02-04,232.99720848563746,243.59675064172518,232.99720848563746,241.82374572753906,1037600
2016-02-05,240.53628472216386,242.95684511848188,236.15771746636648,237.2369384765625,1057600
2016-02-08,232.3110737978041,232.3110737978041,223.0682823139798,226.22116088867188,1162100
2016-02-09,221.24131252008178,229.42029191032057,220.87128373736647,227.04600524902344,878800
2016-02-10,230.71525899542863,235.67969746239876,229.05016564080086,230.1525115966797,711700
2016-02-11,223.14541842431277,229.12742215120983,222.7831058578587,226.7993621826172,1266300
2016-02-12,231.4014456617875,237.04426103392524,228.98090836761577,236.504638671875,941700
2016-02-16,240.5364494989064,243.32701699593588,238.45507478357857,242.41738891601562,764600
2016-02-17,245.78599025374916,247.65921244351895,244.35986559137714,246.58770751953125,888100
2016-02-18,246.3102078640932,246.71877106509763,242.16291614599143,243.5736083984375,660800
2016-02-19,241.33812542481158,242.4790067089889,237.11371699280815,242.27859497070312,835300
2016-02-22,242.27856994356935,248.00617168475605,240.70597667143645,243.94366455078125,817400
2016-02-23,242.82579111698712,244.69132024429928,236.20397316003374,238.8634796142578,758700
2016-02-24,234.72391936360245,240.4129854300531,229.63615888897112,237.41429138183594,845000
2016-02-25,238.65538085314927,241.86222626183505,234.24597135686346,241.7620086669922,608600
2016-02-26,244.0592733253481,245.5778995322524,240.45158037020119,241.9933319091797,678200
2016-02-29,240.9757172571616,243.31146938407485,239.81168757311767,240.4823455810547,870100
2016-03-01,243.03391064745534,249.01591206123567,242.15512480974982,248.66131591796875,832300
2016-03-02,246.75728556119108,252.2536323821027,245.4467876242049,251.86819458007812,1051400
2016-03-03,251.1074274203622,252.27967337857177,248.7551884459735,250.85902404785156,837700
2016-03-04,250.96763049774393,252.97828765677838,248.96474408595714,251.34027099609375,671700
2016-03-07,248.82503674872282,254.523198863764,246.73674279115465,253.64598083496094,682400
2016-03-08,250.9831863102229,252.3029342118535,245.8983212664757,248.73187255859375,674500
2016-03-09,251.45664908648902,254.90349581313876,249.1975655094756,254.8724365234375,1179000
2016-03-10,256.00598999666164,256.1845513946869,248.42138317060545,252.29519653320312,688300
2016-03-11,256.184483233122,264.0951514440187,253.58381783173732,263.6759338378906,905900
2016-03-14,261.97585421560325,263.1015230242882,259.4528246779994,262.2553405761719,631300
2016-03-15,258.61439981145963,259.54596568620525,256.48729952158504,259.3907165527344,627100
2016-03-16,258.6299248823055,260.45427401380823,255.8662391010403,259.3441467285156,674500
2016-03-17,259.4683700337408,267.6196963533445,258.2573177329901,265.4537658691406,864400
2016-03-18,267.21597646702224,269.3508474862449,263.6604562482737,265.93505859375,763600
2016-03-21,266.0980754013382,268.4658556282792,263.2024291784147,265.48480224609375,684600
2016-03-22,261.7507430182711,266.1446752098776,261.7507430182711,264.1184997558594,490100
2016-03-23,264.70849940890736,265.39163826231317,261.85163570453267,263.3499450683594,466500
2016-03-24,261.2073379876829,262.29417686655165,257.5276036080447,259.5072021484375,662300
2016-03-28,260.8425293529351,262.89201774111143,259.45291519692086,261.5489807128906,444600
2016-03-29,261.0287149550049,264.2814837650927,257.7371397871338,263.8778076171875,635000
2016-03-30,266.76574452734377,267.75942907904545,264.5765254756654,265.0112609863281,463100
2016-03-31,264.2116058779182,267.20820046707536,263.8933132083896,264.3901672363281,511500
2016-04-01,261.82837007120804,267.4877264245677,260.12048725121406,265.91180419921875,717200
2016-04-04,265.5002965484358,266.50175166898197,261.02870502535006,262.7987060546875,553100
2016-04-05,260.78029164166077,261.3547583641498,257.3101553729734,259.9107971191406,523900
2016-04-06,259.60034648538243,262.96181166877903,259.3596901603543,261.7740478515625,463500
2016-04-07,259.577044474042,260.74151967336303,253.8012455901049,254.9191436767578,529800
2016-04-08,258.31168575136115,260.25247806166783,256.8056290232582,257.42669677734375,360500
2016-04-11,259.9962183377953,261.74293084223945,258.34266004297945,258.4823913574219,434400
2016-04-12,259.32086738199393,263.84678384730256,257.993348612242,263.41204833984375,559600
2016-04-13,266.2767298237141,270.6396275538305,265.050159393311,270.3834533691406,959400
2016-04-14,266.27658860411685,276.52397700067945,265.5002720192652,275.52252197265625,833300
2016-04-15,275.14215964689436,278.1620191192913,274.4978035552765,277.7195129394531,1108100
2016-04-18,274.0398031053596,279.04705544315567,272.5259760196149,277.92138671875,842000
2016-04-19,280.6695400282865,284.3725620749901,280.40559519918963,283.0916442871094,834200
2016-04-20,284.08542279408977,286.39108505252926,282.9287181352181,284.8462219238281,610100
2016-04-21,282.85879746109435,285.59144794873845,281.2130095217506,282.6492004394531,607900
2016-04-22,283.479772216341,286.6238449666855,282.447257872241,283.7204284667969,512100
2016-04-25,282.5870842689899,283.35563031520144,279.83891617976377,282.31536865234375,482700
2016-04-26,282.37752752471096,284.13201146085356,281.2673999418038,284.1009521484375,413400
2016-04-27,284.13191529754744,286.71703951255546,282.43177981070846,285.2731018066406,451200
2016-04-28,281.95819725467396,284.03872004686013,277.6729144806342,278.565673828125,509400
2016-04-29,276.8578176629224,277.95242700998676,274.15622712391433,276.6249084472656,586700
2016-05-02,278.51922649801304,281.5546286468076,275.68567433952256,280.6385803222656,739000
2016-05-03,276.36876909547203,276.8578524493682,273.325596944178,276.12811279296875,485300
2016-05-04,273.7214559512958,276.0038285572131,272.277518506202,273.3954162597656,599400
2016-05-05,273.5894994913506,275.2042275532447,272.6191037665507,273.3255310058594,521600
2016-05-06,272.14568038655005,277.21502935132474,271.88950620565925,276.3766174316406,509500
2016-05-09,276.3299287757067,277.7272893082831,274.2649235859716,275.6001892089844,410700
2016-05-10,277.9213136539094,279.706832170138,276.19011928859385,279.6136779785156,456600
2016-05-11,278.23197363257066,279.30329475061285,274.36593061340653,274.67645263671875,482900
2016-05-12,276.80348494905354,277.69624442963635,273.7913723157362,276.0582275390625,393800
2016-05-13,275.3751458769271,277.8050216894943,268.81525825805767,269.60711669921875,559100
2016-05-16,269.8554427492346,274.93256071432626,269.8554427492346,273.1315002441406,489000
2016-05-17,272.31634322994023,273.9310713766357,269.86317986585607,270.7947692871094,647200
2016-05-18,269.42074479951145,276.91996817641615,269.42074479951145,274.42022705078125,625500
2016-05-19,272.00584876197684,274.2105853439836,268.364921548687,272.1533508300781,554900
2016-05-20,274.51336790611555,277.4012673037946,273.3954935279152,274.82391357421875,516000
2016-05-23,274.8160702344093,276.7801502406924,274.17173789503823,274.7384338378906,341100
2016-05-24,277.92139412559845,280.80152260992634,276.67928259794894,280.39007568359375,611400
2016-05-25,282.1445992227766,283.7205214882399,281.90394289341845,282.6492004394531,485700
2016-05-26,282.6569013788143,283.2391388753274,280.5918962148914,281.8805847167969,342700
2016-05-27,282.0669521490271,284.1707641096925,282.0669521490271,283.4255065917969,314400
2016-05-31,284.3648526928098,284.3648526928098,281.01892896444593,282.462890625,625700
2016-06-01,280.6850236490113,284.06977629201214,278.58121232919314,283.0372619628906,447500
2016-06-02,281.92799983108273,283.70918883232207,278.6702866603802,282.107666015625,518900
2016-06-03,280.0608409501064,281.1467531986461,274.8969643938427,280.7483215332031,473900
2016-06-06,280.3655375990938,284.74039465551584,280.3655375990938,282.8498229980469,435600
2016-06-07,283.7873134486574,284.08418225307196,280.31085863640897,280.50616455078125,484500
2016-06-08,280.1155798927385,282.5451981005465,279.9905812344891,281.51397705078125,335700
2016-06-09,278.6234189612442,280.4592993659733,277.63909334251747,279.6468200683594,331400
2016-06-10,274.6000373982597,275.27969797213166,270.02207951293303,271.06109619140625,768400
2016-06-13,270.42840071861195,273.873600120307,269.10813074921896,269.2018737792969,532800
2016-06-14,268.02220454232406,269.2018599058059,265.2176144454382,265.4519958496094,748600
2016-06-15,267.43626599857555,268.80340730624687,264.8426217512218,265.26446533203125,747400
2016-06-16,263.17863674822,265.53792367559123,259.3740812467508,265.1941833496094,660600
2016-06-17,265.87386672229877,268.17066644054427,265.28794891338015,267.08477783203125,596900
2016-06-20,273.0454866052643,274.96729011626246,271.7408326146137,272.2017517089844,677600
2016-06-21,272.7330528105256,273.88927271666176,270.70188982883235,271.86590576171875,343200
2016-06-22,272.2564373548765,274.78759430832133,270.8814761253245,271.6080322265625,442300
2016-06-23,275.6235430499349,278.8421810120268,274.92044645916684,278.7796936035156,421200
2016-06-24,263.37389739889244,268.64715632480886,258.5928131206297,259.7646484375,1480700
2016-06-27,255.0538180262255,255.1709967651731,248.11655058798198,249.6321258544922,1230200
2016-06-28,253.37431511675055,255.43675747835746,248.42917874685568,253.08526611328125,648600
2016-06-29,257.02252132804847,263.2098216932408,255.6553802571546,263.0691833496094,852800
2016-06-30,264.0222412511198,267.7018204587315,261.108293363554,267.5924377441406,753600
2016-07-01,267.2019150321661,270.5377313222327,265.30354734862885,266.6159973144531,475700
2016-07-05,264.5691896420781,264.9676213108369,259.7802851159746,262.5536193847656,513800
2016-07-06,259.75685108808597,264.2098352145885,257.4756676501214,262.5770568847656,708100
2016-07-07,261.7099142473411,263.7020249536982,258.7490700345405,261.79583740234375,776600
2016-07-08,266.8504165986511,269.8269012269855,264.8661253011728,269.678466796875,533900
2016-07-11,271.8969954801522,272.99070345854267,269.6314524161194,271.4751281738281,403800
2016-07-12,273.4360881420188,279.55305862511585,273.07670810958274,279.1858825683594,874800
2016-07-13,279.3499629925077,280.3733879836706,276.56101247439017,279.2874755859375,569300
2016-07-14,276.94371148357584,282.8028873259646,275.76405645150635,277.4827575683594,799400
2016-07-15,278.0687771462876,279.35779153620507,274.31109290169366,278.7796936035156,654400
2016-07-18,279.3343859102495,280.9983964539032,278.7406481805924,279.5062561035156,448400
2016-07-19,277.6937588906483,279.2718459613454,277.6468873777617,278.5687255859375,353200
2016-07-20,280.1936369677338,281.8107754130597,277.7874551199828,281.068603515625,433400
2016-07-21,280.6780138876631,281.47485337641103,279.4124354709831,280.8498840332031,589400
2016-07-22,281.55293153482336,283.7481675604239,280.67014520631994,283.6231689453125,503900
2016-07-25,283.58420700614056,284.1935605468917,281.3030232806548,282.3498840332031,419400
2016-07-26,281.8264223436266,283.3810497261704,280.2014876958528,282.7482604980469,358300
2016-07-27,282.9513579063305,285.6700244279714,282.18575024881505,283.8263244628906,458400
2016-07-28,283.3029519820889,285.13101243701243,281.7795563491259,283.87322998046875,407300
2016-07-29,283.48265936385855,286.8809874567486,283.4279679793089,286.1231994628906,648500
2016-08-01,286.44343093308714,287.84182776908204,285.5528246385611,287.7402648925781,806300
2016-08-02,286.0059311128336,287.42776361957266,285.1309645982401,286.7715148925781,745200
2016-08-03,286.7715301079897,288.27148981334096,286.21686806324686,287.6152648925781,821800
2016-08-04,287.23254768193124,288.39656344446456,285.65446044299944,286.1231994628906,452400
2016-08-05,289.27147929100016,293.1619814775879,288.27933388244634,292.7635498046875,675500
2016-08-08,292.5994777457434,293.701005822158,289.7792483073236,290.37298583984375,550600
2016-08-09,291.00579304189273,291.00579304189273,287.67777285340435,287.9980773925781,534600
2016-08-10,288.67773410916743,288.67773410916743,285.5450437065702,286.2715759277344,489000
2016-08-11,286.154443085069,288.12311827676297,286.154443085069,287.0137939453125,495600
2016-08-12,285.1466437865305,286.76378252930994,284.36542010492354,286.3966064453125,360400
2016-08-15,287.49019295367754,290.4353964019758,287.2792712318409,289.6307373046875,369000
2016-08-16,288.36535439596145,289.79500744549597,286.701343719156,286.76385498046875,312300
2016-08-17,286.72461680674263,289.3807955611356,286.3652607017902,289.13079833984375,338300
2016-08-18,288.28714076569645,289.7558450322057,288.28714076569645,289.669921875,291200
2016-08-19,288.99804559394266,291.3807919195327,287.2871639732489,290.65423583984375,378900
2016-08-22,290.537196591957,290.99811588430305,288.85756978468083,290.2637634277344,390600
2016-08-23,292.5526555088765,292.5526555088765,290.73239096332844,290.8339538574219,284000
2016-08-24,290.341698285797,291.20886873612193,287.77146639021015,288.3652038574219,401400
2016-08-25,287.4902476255088,288.5527001404212,286.4512308619239,287.880859375,485300
2016-08-26,289.0526746282055,292.1072611588509,287.8964553469156,289.9042053222656,362000
2016-08-29,290.72461291661705,293.52138340487494,290.50584738285363,292.02142333984375,362900
2016-08-30,292.2557920373164,294.2479029433861,291.8651801858474,293.7401123046875,631400
2016-08-31,292.80470398401246,293.9994556269404,291.34273556261087,293.03265380859375,618100
2016-09-01,294.06227778984,295.4063491809559,288.24580422726154,292.5295715332031,457500
2016-09-02,294.3688675837557,295.296354429686,292.32523501734784,293.85009765625,293500
2016-09-06,293.81861388599555,294.35309532511053,290.6352806221527,292.07366943359375,532200
2016-09-07,290.7139379062716,293.69292550274105,289.2519693575876,293.6064758300781,378500
2016-09-08,292.41169530232855,293.52784106335815,291.75144918528105,292.6946716308594,380100
2016-09-09,290.55667492377154,290.9575479968944,284.638016194621,284.67730712890625,648200
2016-09-12,282.9638445880131,290.28946987703915,281.7219582688861,289.3305358886719,868700
2016-09-13,287.3419820108557,289.05547984623087,282.06783212347324,283.6791687011719,689200
2016-09-14,284.36304143058766,286.6896271335415,282.3980140493748,283.51416015625,394500
2016-09-15,283.51411441869004,288.3559199962077,282.45299500658876,287.2869567871094,588900
2016-09-16,285.03893643318196,288.1357965737633,283.05030630193414,287.6563415527344,1122300
2016-09-19,289.9357927081031,292.7182775869269,288.0886625768621,289.22052001953125,547500
2016-09-20,292.2466974351864,292.2466974351864,287.4520263671875,287.4520263671875,461800
2016-09-21,288.98460346624734,291.7985103086992,287.9391961402303,291.11468505859375,488100
2016-09-22,293.7164397561444,295.5006991972811,292.6317412735648,293.86578369140625,556900
2016-09-23,292.4667266419857,293.38636974097915,287.32620980420705,287.4048156738281,549700
2016-09-26,285.3219757521056,286.5481509190103,282.8853370019715,283.51416015625,487000
2016-09-27,282.17787279520644,285.0153602250832,281.61981185231866,284.370849609375,496200
2016-09-28,285.93499016824205,285.9428579516418,282.2879127552725,284.28436279296875,503400
2016-09-29,282.9637699130331,285.82485954486793,278.2634186552199,280.7865295410156,665600
2016-09-30,282.9245901886384,286.0136068007568,281.3918595709774,284.8974609375,580400
2016-10-03,284.3000917135591,286.2100920377848,281.1796281441445,283.0188903808594,623200
2016-10-04,283.3568834183596,284.1586057707453,279.2381946473329,279.8434143066406,711500
2016-10-05,281.1010198244043,282.7437793635622,279.5604455175865,281.5804748535156,705800
2016-10-06,281.588394792442,282.3586940820975,279.85131748234994,280.44866943359375,707800
2016-10-07,280.59810320473207,281.86359358644773,279.42695430701446,280.7710266113281,789300
2016-10-10,282.9717201016268,284.5358737205029,281.37611933831516,282.0206298828125,461400
2016-10-11,280.81021800234055,280.81021800234055,275.4103277996894,276.5736083984375,557300
2016-10-12,277.04527597014453,278.22429237584146,275.41038377525757,275.96844482421875,500400
2016-10-13,273.9404568856785,275.8426134475996,270.71783201296915,274.5849914550781,576400
2016-10-14,278.876600076027,280.8180475571787,275.7168455465822,278.96307373046875,790300
2016-10-17,279.3639559693617,280.58226305728266,277.4225084250605,278.71942138671875,624200
2016-10-18,279.42679007604875,282.7044650878233,279.3796313553448,280.2835388183594,704700
2016-10-19,280.40148451012686,280.7473311803511,277.2417297363281,277.2417297363281,813700
2016-10-20,277.1553020597993,278.80592980752743,274.14489075717296,274.4514465332031,1139100
2016-10-21,271.5116090888935,273.24084183362197,270.7098869911399,271.6059265136719,906900
2016-10-24,274.56927146741,274.6321417708958,269.11435513176946,269.71173095703125,987200
2016-10-25,268.8864895533989,270.7257523427199,268.29698132654664,268.4541931152344,790300
2016-10-26,267.38518215071235,268.0297168454971,264.75990862370406,267.3616027832031,1149800
2016-10-27,268.5248644591196,269.2637165053749,265.00352755754454,267.4637451171875,703500
2016-10-28,268.619149562275,269.16936663246065,265.4908184243205,266.9999694824219,614000
2016-10-31,268.41485599753304,269.71179317917347,266.47340810468637,268.2183532714844,809100
2016-11-01,269.8846203307316,269.93180304053465,266.0881992337195,267.9981994628906,796000
2016-11-02,267.9196474636424,268.5956292695902,265.2236359985525,266.151123046875,668000
2016-11-03,266.82706101132106,269.6881275688152,266.22968518614533,268.13970947265625,714000
2016-11-04,268.3126309361051,274.0976828060447,267.16506190263215,271.8025207519531,1034800
2016-11-07,276.70722186890106,282.12282328151053,276.65219536133134,281.10888671875,1080300
2016-11-08,279.8513270469506,280.48012617095526,276.6365453502148,277.84698486328125,776600
2016-11-09,277.3989552065878,287.63280767110206,274.3492293204444,286.4380798339844,1107400
2016-11-10,289.9121749117191,298.9198505439675,288.55236780661306,294.7618713378906,1442300
2016-11-11,292.27810836332975,293.92873577065086,289.0869065698432,291.75933837890625,660000
2016-11-14,293.79508518872905,295.0998658589516,290.65891010007067,293.81866455078125,772900
2016-11-15,293.826564613118,294.14096413740106,288.8668383570786,292.513916015625,1096500
2016-11-16,290.41524187370953,292.6317738159723,288.7724823902848,288.81964111328125,659000
2016-11-17,289.60577067222357,292.51399706154746,288.52107162383874,291.9009094238281,569100
2016-11-18,291.782888964689,294.9112201426516,291.25625124865377,293.0090637207031,468900
2016-11-21,294.3138609093014,294.81689530532157,292.47459867175246,294.4160461425781,375600
2016-11-22,294.84827528182046,295.5792593403833,291.92431506043073,293.2290954589844,529100
2016-11-23,292.6947392066224,293.78728187096675,291.2170348947189,293.1741943359375,517800
2016-11-25,293.2055902857991,294.06233912826866,291.6964390854191,293.7086486816406,227100
2016-11-28,291.59429702611817,293.02481846075085,289.41703174485417,289.76287841796875,501800
2016-11-29,290.14016482469407,291.58642179023633,287.8528705625196,289.68426513671875,694500
2016-11-30,292.8441058579281,293.1270582865398,289.73148522029555,291.44500732421875,621900
2016-12-01,293.8187790340791,299.6588351869058,292.12099234336694,296.4833679199219,930200
2016-12-02,296.49111207962113,296.68761476963203,290.3523699626527,291.8929443359375,569000
2016-12-05,294.22742849385565,296.11387370797894,292.0344755112304,294.2431640625,589200
2016-12-06,295.0213808473007,295.0528280053007,291.9244954310207,293.9445495605469,644200
2016-12-07,294.29811362101276,299.0298890261883,293.787187516623,298.5346984863281,503800
2016-12-08,300.511626654346,310.0246907202635,298.62959415982243,308.66455078125,1115200
2016-12-09,309.90611942463966,309.9456728330683,305.3986960164206,307.2491149902344,934600
2016-12-12,311.7881753325885,313.6544253170499,304.65536127963173,308.62506103515625,1460900
2016-12-13,309.4158006978027,312.38913548591347,307.7156318032732,310.49127197265625,907000
2016-12-14,309.36840686944004,313.86793906331684,307.4626275351271,308.4036560058594,942700
2016-12-15,309.6056345910165,312.12032892699284,307.4626313019651,311.36907958984375,630200
2016-12-16,312.539408387971,313.4646057576032,309.19440650453015,310.4754638671875,1023400
2016-12-19,310.1829108878394,311.2109134314766,307.61288039609826,308.2217712402344,812200
2016-12-20,310.3094747729502,315.884454994595,310.159224888268,315.0857849121094,716400
2016-12-21,315.3783243929325,315.59182592538474,310.1512653418916,311.1950988769531,671700
2016-12-22,308.6092156654673,308.6092156654673,304.7106594392505,306.12615966796875,862400
2016-12-23,306.12625163010455,307.4863919822805,303.93580328202773,305.03497314453125,579600
2016-12-27,306.83004360102103,307.28076910817674,304.94007097059813,306.4188232421875,285500
2016-12-28,307.12262231156404,307.4072910477905,301.05733932203043,301.3103942871094,506100
2016-12-29,301.555589201462,303.80931364166446,299.641917991157,299.7051696777344,485300
2016-12-30,301.729436929779,302.3541586903257,299.42037726691245,300.9228515625,515600
2017-01-03,304.149289455803,306.78259595211,302.2988702562453,305.5805969238281,743900
2017-01-04,304.17297849045957,306.0075906030941,302.99472611894515,305.762451171875,680800
2017-01-05,304.43389587674307,305.7940357738506,300.55906217189084,302.50439453125,468400
2017-01-06,303.3188958580328,304.8213700865027,301.6266183913658,303.8961486816406,453400
2017-01-09,303.93575700795225,304.7897872699202,300.50378081068044,300.8280029296875,505300
2017-01-10,301.9034121471021,302.2988013936739,299.34918892649586,300.740966796875,452800
2017-01-11,300.2348748277622,302.4490449091749,298.20256835107466,301.2470703125,948800
2017-01-12,300.1953711700268,300.39306582193615,294.33569879151713,299.1436462402344,777400
2017-01-13,299.4599557765466,305.99179486176416,297.293230092942,299.98187255859375,620400
2017-01-17,298.2025634910378,298.2025634910378,295.2292287450475,296.3837585449219,647300
2017-01-18,297.4592465637621,298.94591402051793,295.2687987836285,298.9142761230469,508500
2017-01-19,298.653354007227,300.2586335436273,297.4118258569293,298.4002990722656,456100
2017-01-20,299.9264891170812,301.78482354626186,299.5706291145788,301.6029357910156,660900
2017-01-23,301.55560671543145,301.55560671543145,297.35657291143366,298.96185302734375,502800
2017-01-24,300.5749016902711,303.17656961731853,299.3412892059722,301.58709716796875,615100
2017-01-25,304.433949367514,307.4705362482348,303.57200360287544,307.0830383300781,597000
2017-01-26,302.5123174589802,307.04348713053076,299.2385068887719,300.0372009277344,836500
2017-01-27,300.85172469441875,301.57922748408686,294.88133185088685,296.58941650390625,686900
2017-01-30,296.3916809595507,296.96104243199585,293.14159298163247,296.68426513671875,591800
2017-01-31,296.2968586903353,296.75549969576684,294.3278275451013,295.73541259765625,714600
2017-02-01,296.7079405601938,299.00119296886805,293.2759653868768,294.9603271484375,618900
2017-02-02,289.78086635249133,294.52553858662037,289.2905632835379,293.885009765625,832400
2017-02-03,294.1696050734747,299.42038595200415,293.8295761067568,298.9142761230469,953400
2017-02-06,296.1861334813466,299.57066513549137,296.1861334813466,298.4556884765625,546500
2017-02-07,298.62169792642135,299.7050606432489,297.74392121566734,298.0365295410156,546900
2017-02-08,296.6051658264599,297.538302723856,295.5929703913994,296.1939697265625,433800
2017-02-09,297.71235729091984,300.42472229091584,297.0876353951345,299.3650817871094,493000
2017-02-10,300.6460470769226,303.611466128709,300.3771853121444,302.7811584472656,578300
2017-02-13,304.24413337297,306.2527176587858,303.1370482230643,305.1060791015625,453300
2017-02-14,305.08231891941875,305.64378899913777,303.07375901505134,304.43389892578125,772300
2017-02-15,304.6791131606386,311.3453713958512,304.6791131606386,310.8076477050781,640000
2017-02-16,310.4833730160077,311.3295118211009,308.3482613668772,309.9614562988281,503700
2017-02-17,308.2138437056186,308.9492619374505,306.82998129549304,307.4230651855469,607400
2017-02-21,309.146978158115,310.64153711645423,307.5970589076695,308.48272705078125,434300
2017-02-22,307.6444404205966,309.15483008470505,306.65596740476445,308.96502685546875,421900
2017-02-23,309.566068404773,309.8032923078797,306.8220659731608,308.885986328125,387300
2017-02-24,306.8457962703424,307.7393798828125,305.0270152792702,307.7393798828125,483500
2017-02-27,308.04775848172017,309.4869811597192,306.99603368327155,309.19439697265625,368600
2017-02-28,307.64455495543865,309.2577261423516,305.96810795767556,306.3951110839844,781800
2017-03-01,311.7645715663716,315.6552142509586,310.6100411656538,314.5797424316406,791500
2017-03-02,314.45240478492605,314.635442894239,311.4841614689297,311.66717529296875,475100
2017-03-03,311.96951848527516,312.6857153666367,309.8925451007996,310.4893798828125,340900
2017-03-06,308.53965767345755,309.5105097260002,306.9799365069231,308.4919128417969,366100
2017-03-07,308.0144935493913,308.48400066549124,305.73857522877785,306.6537170410156,360700
2017-03-08,308.7465712340157,309.5821300817319,305.87379431217363,306.01702880859375,416200
2017-03-09,306.62977252587234,307.9348383190646,303.93206827810116,305.794189453125,393700
2017-03-10,308.22925661643546,308.7544739897052,305.49179753601095,306.0408630371094,483400
2017-03-13,306.868531751155,307.27438712675223,304.8711171429619,306.2876281738281,404300
2017-03-14,304.9348214707907,307.24257771562145,303.4626241866727,305.014404296875,353400
2017-03-15,306.6934264115397,309.53436516586936,305.65892273527385,308.9375305175781,433500
2017-03-16,309.64574849681975,312.0410525546624,308.16561028896234,310.35400390625,535600
2017-03-17,311.332882996327,311.332882996327,304.48120754222344,304.66424560546875,672200
2017-03-20,304.0833943245799,304.3380497066604,301.49710979568,302.75445556640625,436100
2017-03-21,304.78358688590146,304.8790765522858,297.69318773367115,298.544677734375,610500
2017-03-22,297.2873770262205,299.3802815748592,296.03005575450237,298.7914123535156,343800
2017-03-23,298.0193990670921,301.85506178074405,298.0193990670921,298.735595703125,418100
2017-03-24,299.8259043838067,300.7728841555969,296.2130820847314,297.9478759765625,318400
2017-03-27,293.84953103625776,298.4570766221583,292.8468411458333,298.41729736328125,614100
2017-03-28,297.4465779762951,303.8923993282836,297.3112847223629,302.8976745605469,593800
2017-03-29,301.2184718260266,303.1283622078604,300.4784026599617,301.9267272949219,461600
2017-03-30,300.8843367054336,305.6828877600627,300.8843367054336,304.81549072265625,483800
2017-03-31,304.449359613625,307.36191596843116,303.6456387027486,305.189453125,434600
2017-04-03,305.4441583963528,306.5343971521349,300.9321004053122,304.05950927734375,502200
2017-04-04,303.37494891445317,303.89220059836566,301.65606272563485,303.0327453613281,407500
2017-04-05,305.1655511213166,307.7995794936963,302.5553951640689,303.1203918457031,467000
2017-04-06,303.39101951353183,306.72533849703984,302.5872742216982,305.65899658203125,330700
2017-04-07,303.76498609011827,309.79698469727606,303.76498609011827,307.18682861328125,550100
2017-04-10,307.2345497914656,309.582109115515,305.6907598480471,307.0833740234375,390300
2017-04-11,305.3247365516764,305.9931885571672,302.0381626440621,305.6191711425781,442000
2017-04-12,304.7278484995459,306.18413863396125,302.69862041944253,303.5421447753906,377900
2017-04-13,301.48907357423826,306.0091205484708,300.81268028417566,301.6004943847656,366700
2017-04-17,303.33513665873556,305.6588228153186,302.23695737923254,305.4200744628906,426700
2017-04-18,303.6615766968648,305.7624467886937,302.17347252445416,305.26904296875,498500
2017-04-19,306.4786103839364,307.05157268445356,298.83115557127394,300.0885009765625,687200
2017-04-20,301.0831811932174,304.65622340673394,298.950497943893,303.6614990234375,725800
2017-04-21,302.1496335015463,303.49450330323776,299.8498182279686,300.8525085449219,493800
2017-04-24,307.11517865391045,309.6457516523173,305.6748196921294,307.6881408691406,595800
2017-04-25,309.43103989716724,309.43103989716724,306.6617172233306,308.9137878417969,545100
2017-04-26,309.1205896407015,311.86601463897637,308.04628234343494,309.4548034667969,465300
2017-04-27,310.48127638090256,311.1815660996654,306.780907233392,310.9189453125,371400
2017-04-28,310.3541291218013,311.43637801770535,305.8102331594072,306.0330505371094,580500
2017-05-01,308.1258531785315,308.1258531785315,304.7835693359375,304.7835693359375,585700
2017-05-02,305.23722562868204,306.28766066208,304.23453543450495,305.977294921875,379800
2017-05-03,305.63504716247274,306.812785313695,304.79152281109214,305.81011962890625,375400
2017-05-04,307.4891986987217,307.4891986987217,303.43071832889865,305.0302429199219,460200
2017-05-05,304.6005588726323,305.4281764840125,303.5103446700419,305.3883972167969,536300
2017-05-08,306.08872262087885,306.34335367402724,303.00903471025373,304.2902526855469,336900
2017-05-09,304.2424530735565,305.4679361341935,302.1177109218742,302.79412841796875,472700
2017-05-10,302.85782811553116,304.36186340831614,300.68536507297847,304.20269775390625,404900
2017-05-11,302.7145382711953,305.0620976757017,301.25030680226206,304.68011474609375,454300
2017-05-12,303.7809635993068,306.534379106765,303.3432944370759,306.470703125,458100
2017-05-15,307.6483308264336,311.5078658980525,306.6615478246083,309.84466552734375,556000
2017-05-16,310.16309709553025,312.1684531544989,308.53173417380793,311.3885803222656,594000
2017-05-17,311.38861271083425,311.38861271083425,303.70934282625626,305.31683349609375,859400
2017-05-18,304.48912460266075,312.60606121492657,303.86045197583536,309.1444396972656,1011300
2017-05-19,309.97208593845255,314.3090948207983,309.20017869306173,312.9960632324219,681900
2017-05-22,314.88199447083525,317.5160226911917,313.9986665914026,315.35150146484375,663900
2017-05-23,315.3992013351241,316.9668877088941,314.47609432610244,315.1047668457031,726200
2017-05-24,315.8926180198786,315.8926180198786,312.7413380546216,315.3753662109375,493000
2017-05-25,317.97766115272424,324.6224269083452,316.4656844879488,323.373046875,969600
2017-05-26,321.68592711579925,324.4791211908979,320.79465787885727,323.898193359375,737300
2017-05-30,322.16339192885124,325.1157272761657,322.08380911634845,323.7390441894531,746500
2017-05-31,324.67800568770593,325.93532649480534,323.15806407037775,325.6647644042969,917200
2017-06-01,326.8978366966859,331.54973156980213,326.50551586760145,330.98126220703125,1324100
2017-06-02,329.7163090987137,333.51150626654606,328.4592741948749,332.0462646484375,878700
2017-06-05,332.0622501232693,334.4482337597637,331.4056941230173,331.6539001464844,424700
2017-06-06,329.3239319833765,333.527454030434,329.1157497391374,331.34161376953125,667200
2017-06-07,332.65469689972247,332.9589557120097,330.8932113730769,331.31756591796875,584300
2017-06-08,331.3176074959459,334.38419071564016,331.16547807071106,332.46258544921875,683300
2017-06-09,333.535430264262,335.5130880538668,332.56660103464105,335.0807189941406,679200
2017-06-12,334.4802151893803,336.2817244273841,333.7996401458945,334.9285888671875,783700
2017-06-13,335.729248046875,337.2825512465475,333.7675949483048,335.729248046875,373800
2017-06-14,334.5762767709628,337.5707775065948,333.69553407385587,337.4747009277344,519300
2017-06-15,335.3208601545565,338.379427917426,334.24796441023386,338.17926025390625,475400
2017-06-16,338.8598436439604,339.06001131247,336.0334771419856,336.6900329589844,1182100
2017-06-19,338.87587370566894,343.06339044174285,337.85101614332893,342.9913330078125,573000
2017-06-20,341.4860773476058,342.41485835647467,339.91676950791185,340.036865234375,487500
2017-06-21,340.90950135122176,341.1096689861087,336.55385166132044,336.8741149902344,580500
2017-06-22,336.51397966813937,340.0769505152281,335.8414190437532,338.8199157714844,359800
2017-06-23,339.7646363221113,341.1898292741625,336.489895899548,337.57879638671875,811800
2017-06-26,339.1561225160914,341.26189051336377,338.091241162075,340.036865234375,389600
2017-06-27,340.98162213740454,341.4860485805889,337.73891562340566,337.98712158203125,416700
2017-06-28,341.34203332817856,342.0386131207861,338.3795411429909,341.7663879394531,391400
2017-06-29,344.20832421147986,344.9609566136777,337.1223837290383,338.8758544921875,748900
2017-06-30,340.92568765084076,341.782411449006,338.1073346461127,338.21142578125,502000
2017-07-03,341.02174832450964,345.01708815405607,340.3171540480969,343.34368896484375,379900
2017-07-05,343.34366758656665,344.2244103772432,341.29395223801095,343.3036193847656,446700
2017-07-06,341.8784230331086,343.1434966025022,340.2370576383072,340.4372253417969,335400
2017-07-07,342.32683762022765,346.72253752934705,341.0457837125177,346.194091796875,390000
2017-07-10,345.65756934314663,351.37437033757107,345.2732630137955,349.28460693359375,517000
2017-07-11,349.6848858929986,349.90108260290685,344.0241630643665,345.8176574707031,507200
2017-07-12,347.0906881181257,349.5087044153911,346.0017878839748,348.5238952636719,468600
2017-07-13,349.6208371127226,351.15012093453964,348.4038265623967,350.59765625,477600
2017-07-14,349.43671939779125,354.56902168820534,348.5079384226531,350.96600341796875,766200
2017-07-17,342.6871178924437,345.705638148475,338.5876871206391,339.9888610839844,1247300
2017-07-18,337.8190240371501,342.0065165510341,336.44186932718475,341.79034423828125,848100
2017-07-19,343.51978474159216,343.95212935287304,340.0929149157577,341.45404052734375,517200
2017-07-20,341.5341422542218,342.36684674681356,340.3011023525329,342.1106262207031,396600
2017-07-21,341.08571655580596,343.9280877532921,340.64535744674095,343.2074890136719,440700
2017-07-24,342.38287998160786,343.55185263219965,342.166707639061,342.943359375,372400
2017-07-25,345.88978538081034,347.4911269797956,344.40054942233024,345.3693542480469,531000
2017-07-26,346.24204913693796,348.71611873692103,345.2972635488275,346.4582214355469,739200
2017-07-27,347.8435290124244,348.5721425918911,337.85114562414816,340.69354248046875,538300
2017-07-28,340.2851068748618,341.15783515799666,337.8030223848676,339.48443603515625,444400
2017-07-31,341.47004703981537,342.6790431746336,340.00480598359934,341.51007080078125,578000
2017-08-01,344.02413294641605,345.7215506373151,342.1425522288528,344.2723388671875,440900
2017-08-02,343.135460164786,344.2403897270202,339.7646430949298,340.7254333496094,394800
2017-08-03,339.7646336385461,341.95846364859807,339.48439399244785,341.09375,442000
2017-08-04,343.17546856890885,343.6078376031552,341.07771517370605,341.49407958984375,412600
2017-08-07,341.9184618064337,343.29561654584995,341.1017619606139,342.5830078125,279500
2017-08-08,342.52698903784903,345.8257735532847,341.89447664225946,343.34368896484375,397800
2017-08-09,341.33404560126587,345.54558280068653,340.4933508409777,345.3614196777344,350600
2017-08-10,343.3837175838046,344.32850336118383,338.18737137368254,338.4355773925781,488200
2017-08-11,338.00316223633183,342.8712542238495,337.99517214407706,339.6125183105469,807100
2017-08-14,342.5189656216221,344.0882735353437,341.28592575785984,342.7351379394531,453300
2017-08-15,344.19233473845725,345.18515861715514,341.8383608551634,342.8872375488281,372800
2017-08-16,345.6815932079441,345.7056123538565,341.50209077746393,341.9424743652344,326100
2017-08-17,341.81441118879377,342.95135016461916,336.0415809370943,336.2337341308594,443900
2017-08-18,334.04788540134825,336.0896107718314,331.7819976001417,333.5194396972656,1015000
2017-08-21,333.3672105450782,333.3672105450782,329.71615444054595,332.5745544433594,526100
2017-08-22,333.5355122575036,338.1073366602941,333.5355122575036,337.37872314453125,355900
2017-08-23,335.0087058799845,336.48193736724704,333.4073641197597,334.7364807128906,387400
2017-08-24,335.77733153701456,336.24972440789264,332.87089243262295,333.0310363769531,308500
2017-08-25,334.22401428961234,336.12160022213163,333.25520943977386,333.37530517578125,466700
2017-08-28,334.1439368567356,335.28891468004093,331.2455124473271,331.74993896484375,499400
2017-08-29,328.6754088292799,332.67876338262073,327.1701436076978,331.58184814453125,505500
2017-08-30,332.08622887043043,334.63235615047495,331.41366833048664,333.23919677734375,404800
2017-08-31,334.8582233422143,338.53940629356066,334.72130054395717,337.51641845703125,501600
2017-09-01,340.20682682302055,341.7614537308707,338.82134996976885,339.7476806640625,441900
2017-09-05,337.8870144982998,339.514134566869,332.70759517834097,333.1989440917969,615500
2017-09-06,334.5924956316801,336.46128332335803,331.7812757161255,332.0229187011719,430000
2017-09-07,333.27952677899987,333.80310299224345,329.7836188014415,333.6822814941406,483300
2017-09-08,332.8122903401509,336.5176134771419,332.385371391818,335.0516052246094,316400
2017-09-11,336.29207551540037,343.17919489695566,336.29207551540037,341.56817626953125,443200
2017-09-12,343.259659801619,345.321761131814,342.09166177330815,345.217041015625,333900
2017-09-13,345.0559906841027,345.0801549781186,341.6003491466829,342.7602844238281,401000
2017-09-14,342.97786420837366,343.95252372749036,341.8823586100122,342.8973083496094,468300
2017-09-15,343.74300400339376,345.8776231476457,340.83512745666377,345.3379211425781,850200
2017-09-18,345.87767259768304,347.7464356126275,345.20102310939217,345.9179382324219,455400
2017-09-19,346.9247225725422,349.3573512493195,345.523144579281,348.2940979003906,361900
2017-09-20,349.88907337888935,350.5576598690214,347.46448250107835,349.6474304199219,398900
2017-09-21,350.1791255978527,351.09739357119565,347.49676541273067,349.2930603027344,293300
2017-09-22,348.80965295273654,352.1203085955015,347.90748656879964,350.79119873046875,285800
2017-09-25,350.7912434338837,352.6519679834244,348.93051888434303,352.5150451660156,288600
2017-09-26,353.34465441052293,353.34465441052293,349.4298670732349,349.9131774902344,308400
2017-09-27,353.0305642780534,353.3608260523453,349.4863281518435,353.1352844238281,410200
2017-09-28,356.03516276908704,359.78077664648544,354.03749056278286,359.3457946777344,473500
2017-09-29,358.45162043365144,361.29506713605093,357.291685133538,360.1351318359375,457700
2017-10-02,360.65070262308166,362.87389166694413,360.07073491985795,362.4389343261719,416300
2017-10-03,362.0119044826561,363.2040421981152,359.9578415627031,363.1154479980469,540500
2017-10-04,363.1638452654733,368.8749028192694,361.66558529841717,368.8507385253906,839700
2017-10-05,369.3742654282082,375.0530949732405,368.08544590118174,374.10260009765625,642200
2017-10-06,374.1025888243747,375.26252390552605,370.04284062253214,373.1279296875,458400
2017-10-09,374.4893279580691,375.2142814045554,371.87142275861834,372.5077819824219,339300
2017-10-10,373.15217950346863,374.9565124511719,371.8472583836338,374.9565124511719,687300
2017-10-11,381.8114269538868,382.10946147637486,370.6631806441683,381.7550354003906,1031800
2017-10-12,383.42234495830036,390.8572030599155,381.8032637445923,387.11962890625,1241700
2017-10-13,387.05520728666585,389.5120003470334,382.67323556952,383.01153564453125,639700
2017-10-16,383.92987371051265,385.6375493693475,382.399411068096,385.0011901855469,425400
2017-10-17,384.40514786618223,385.40397152859845,380.8447859557162,383.0599365234375,431700
2017-10-18,384.57434574713574,384.9368348088876,382.093387619012,384.6307373046875,414800
2017-10-19,381.811368740141,384.74343408856737,380.3936646523577,384.0587463378906,464100
2017-10-20,394.53044430206586,394.53044430206586,382.7700024916148,383.921875,531300
2017-10-23,384.21982303998493,386.21749469308605,381.59387978028855,382.1255187988281,436600
2017-10-24,384.75146065462286,385.25893537874936,380.2325658868099,381.5858154296875,510400
2017-10-25,381.58581547608986,382.46381754564186,374.6825957998649,377.9046325683594,644000
2017-10-26,380.34530991317905,382.85849456348484,379.12900779540763,381.3924865722656,495200
2017-10-27,381.56168335132173,384.9206431996294,379.1209912767112,382.72161865234375,432600
2017-10-30,382.8827210275113,383.14855285995293,379.87818710034793,380.4339904785156,320900
2017-10-31,379.9749413757146,381.1509783597661,378.78277846909594,379.2580261230469,413100
2017-11-01,381.1750694317389,381.69060721086595,377.6227702781857,378.0174865722656,449300
2017-11-02,378.1302575955074,384.15547653167994,378.04970174208194,382.5525207519531,528800
2017-11-03,381.19111691969186,386.78135257814307,380.28088761596234,385.927490234375,435600
2017-11-06,385.63755671556135,386.475293225696,382.65716263235026,383.1082458496094,241600
2017-11-07,382.7860280520937,386.26583376857343,380.3856263185088,381.30389404296875,240400
2017-11-08,380.3131216103804,381.75496536450487,379.36260208160604,380.3614501953125,362200
2017-11-09,378.0738052425029,380.1922984777251,372.55608661198556,375.8506164550781,454700
2017-11-10,375.4881766052106,377.68722596869975,373.40997330933953,375.23040771484375,304000
2017-11-13,372.4514268104371,374.9082205585438,371.3962115012455,374.65045166015625,499100
2017-11-14,373.1280024306427,379.0807031116911,372.62859061987615,378.95184326171875,366000
2017-11-15,376.8655397624775,380.42590140560634,373.5549085983941,378.9920959472656,470400
2017-11-16,381.1750540732776,382.09334648702463,379.04045931613757,381.8275146484375,247000
2017-11-17,379.999011763294,386.04033150515875,379.92651887625476,381.8033447265625,505600
2017-11-20,382.60882312215745,383.72042979802694,380.88504614444855,382.4316101074219,392100
2017-11-21,384.79982528932106,388.85153592150476,384.24402192817803,387.73992919921875,440900
2017-11-22,387.6111084083376,389.8504234143262,385.2912375510441,385.7906494140625,265400
2017-11-24,387.5546672092579,388.9965356416744,386.11279877684143,386.43499755859375,134400
2017-11-27,387.2082502566362,390.00336793280997,386.8215970230181,388.2231750488281,339000
2017-11-28,388.94009566887985,397.5670917307955,387.2082559231703,397.1643371582031,447600
2017-11-29,399.39571356042075,407.04805283311015,398.0021980359996,403.41522216796875,684200
2017-11-30,405.92822356855555,410.0040973040604,402.40009007510776,403.71307373046875,1071200
2017-12-01,404.5066536577157,408.3357979326645,397.2692962536615,406.4576416015625,574700
2017-12-04,412.1485600904965,417.4025134739721,411.3309342242186,415.7024841308594,716900
2017-12-05,415.79977043205434,417.30551687794616,413.59780031037866,414.58544921875,501400
2017-12-06,410.44053538308674,418.1474425098396,409.79290733960346,414.3425598144531,386900
2017-12-07,414.010606762598,418.1068896077684,413.8972582767644,414.82012939453125,416700
2017-12-08,416.26923934897576,418.77881626170256,414.17249006188064,417.31353759765625,471700
2017-12-11,417.02211731584015,417.4916685991925,413.5086848913751,414.5934753417969,398100
2017-12-12,416.05878631423684,419.79078791206183,414.22112263853836,419.126953125,430200
2017-12-13,418.55205078233155,420.0577965057319,414.00237540029684,414.933349609375,482100
2017-12-14,416.56072261656044,416.71453860432985,410.02766894265005,410.2381591796875,336300
2017-12-15,410.0358209071794,417.49177139115034,409.9305757761903,414.3830871582031,896400
2017-12-18,418.5359713478482,420.5274755758225,416.97355092376245,420.0417175292969,433300
2017-12-19,421.563708920109,421.563708920109,416.9654855765096,417.58074951171875,424500
2017-12-20,421.3046516755718,421.3046516755718,414.92541409558777,416.5526123046875,294700
2017-12-21,418.17171092374673,419.89605088535876,415.20068572024593,415.7754821777344,374900
2017-12-22,416.64978539919605,416.64978539919605,411.768239815358,414.58544921875,258200
2017-12-26,415.5649598340342,416.099239350462,412.8772566715359,415.8806457519531,176600
2017-12-27,416.4068310072748,417.418765108603,414.6986981028356,416.3663635253906,216000
2017-12-28,416.91691026684,419.58840679997166,416.68215930915954,419.329345703125,222400
2017-12-29,420.9646550725499,420.9889652121673,415.87261962890625,415.87261962890625,306700
2018-01-02,419.97692872621286,419.97692872621286,410.01948313922486,412.0352478027344,526400
2018-01-03,411.7843814091815,416.70641870641634,411.3796077111862,416.38262939453125,448700
2018-01-04,418.1312167713687,422.0251376461841,416.92499909532484,421.8794250488281,389800
2018-01-05,424.0895329680386,425.77340556923644,421.68520065857285,425.473876953125,483000
2018-01-08,424.1542087061279,428.83336634435386,423.81421267967954,428.6471862792969,561500
2018-01-09,428.25055935175664,437.1555804346854,427.90245991145326,432.2497253417969,547700
2018-01-10,432.67880421134765,433.82029379206574,428.88207408484874,430.3311462402344,483800
2018-01-11,432.4197805038437,436.31370167475956,429.55395097203666,435.47174072265625,765200
2018-01-12,447.4369936713211,450.4080196960688,442.58781117920023,449.72802734375,941800
2018-01-16,455.46754504329334,462.91539085515797,454.204653101214,455.7751770019531,1370600
2018-01-17,459.18340763380263,468.4284252898167,457.6290410192124,466.7121887207031,983900
2018-01-18,467.327428010074,472.94568875737485,465.5059464200956,468.906005859375,819600
2018-01-19,471.65849097724123,478.0862991562517,470.3713383120411,477.84344482421875,591300
2018-01-22,479.6243752644474,480.4177157476256,471.14838997390933,480.2720031738281,843600
2018-01-23,480.0615739551865,481.2921017268804,476.3376759451686,477.3738708496094,643400
2018-01-24,479.17112318407305,479.61636436944934,472.11184420132713,475.7467041015625,642200
2018-01-25,473.58532465612444,474.3381979608897,463.83028639794423,465.8946228027344,892500
2018-01-26,468.08840464731134,475.16384078638805,467.2059762693694,475.0423889160156,516600
2018-01-29,474.01428067509534,474.01428067509534,464.84209542043294,465.0201721191406,611000
2018-01-30,461.48250492994595,462.6806687318036,455.1113705764002,455.2004089355469,851100
2018-01-31,457.240364428438,458.9889646869854,453.0631225041719,454.8036193847656,665800
2018-02-01,454.48807376289557,460.21158093943535,452.3346989948135,457.5481872558594,659600
2018-02-02,457.6047247504567,457.6047247504567,441.8590195375902,443.8909912109375,808200
2018-02-05,437.1475479609022,447.7040790162502,419.75038003824625,424.9881286621094,1129400
2018-02-06,413.52488964972275,435.9574650362678,410.6510063714753,433.2859191894531,1076700
2018-02-07,433.2535433740217,438.49939437275515,430.6791887390563,430.8896789550781,672400
2018-02-08,432.4844811715185,434.31406615675513,412.06771995730963,412.36724853515625,1038700
2018-02-09,418.5764735596548,425.81382929678887,404.7818036426032,422.18707275390625,938600
2018-02-12,426.0810144115836,430.7925864401544,420.8675269232444,425.3200378417969,614700
2018-02-13,421.6608862341029,426.2429526155537,419.9689596803725,421.9928283691406,517500
2018-02-14,419.2646182378176,437.43891783972015,418.05029713777856,437.1070251464844,656700
2018-02-15,442.3448061150285,443.3972573422775,430.0073107237495,437.6818542480469,648000
2018-02-16,436.6294040016048,444.02057628483965,435.39892545836284,438.0461120605469,534400
2018-02-20,437.9651199701956,442.3609561877294,434.92931738260177,439.2603759765625,532100
2018-02-21,439.260444801726,450.15697171801514,439.11473218399254,440.0376281738281,486300
2018-02-22,443.5996563509302,447.0078196297087,435.1236685145098,436.7751770019531,626100
2018-02-23,440.1995549699213,445.1782424310362,438.8152109618422,445.0487365722656,366700
2018-02-26,447.80110552827716,456.76275059307096,445.8096013967421,456.56036376953125,639600
2018-02-27,454.9252314944264,457.791011881635,447.4854879277854,447.49359130859375,616400
2018-02-28,449.08833724755993,458.52768803204765,444.3039336361781,444.7896423339844,721100
2018-03-01,444.11772821419106,444.457773731953,426.655832534431,433.57745361328125,779700
2018-03-02,429.2382565022456,436.9937354734604,426.7044182570804,435.1965637207031,636500
2018-03-05,431.2055568638609,442.1425036366173,430.2097796980924,441.4139404296875,384600
2018-03-06,442.0485662910649,446.80144873123385,439.5907851778356,446.52471923828125,387400
2018-03-07,439.8186437205368,446.4108261590763,438.117733388609,445.5237121582031,465500
2018-03-08,446.6957281546176,451.1718819373104,445.19013266063877,450.37432861328125,595200
2018-03-09,454.39461953761275,470.9319750701277,454.39461953761275,469.735595703125,814700
2018-03-12,470.6796993387898,471.05403669348965,463.08650254321185,465.3489685058594,410700
2018-03-13,469.80076078173363,470.8587506715783,457.52794890916584,459.0579833984375,477500
2018-03-14,461.17395362708015,461.17395362708015,453.7679748783283,454.9073791503906,341400
2018-03-15,455.95722047341,458.70802392107396,452.3762782121854,454.069091796875,313200
2018-03-16,454.7689957651705,460.53918585410554,454.1586112553624,458.732421875,616900
2018-03-19,458.8870953548287,458.992899319782,446.06092277523345,450.7323913574219,554600
2018-03-20,453.75165573896544,453.99584926396784,449.2429670319084,453.73541259765625,381200
2018-03-21,454.61430099826794,466.7161855874266,453.3528497847816,459.1392822265625,480100
2018-03-22,452.6123220811504,454.2644036154532,438.1584093101284,439.0047912597656,699200
2018-03-23,441.259162559996,441.259162559996,422.01983129290414,424.11956787109375,655400
2018-03-26,431.25718430459773,440.7547569387597,427.7332158348442,440.0629577636719,672000
2018-03-27,440.94171096982154,443.78202529223773,429.3444065717252,433.0555419921875,511300
2018-03-28,434.89498654311234,436.64477572881697,426.5123806828506,429.7352294921875,496800
2018-03-29,433.1695798649998,445.2144920196027,430.2316074121015,440.8766784667969,488100
2018-04-02,437.6537736874928,439.28961187385755,415.1102326032822,422.3860168457031,746200
2018-04-03,425.19394247563287,431.24895998195126,421.7920714376236,430.30487060546875,566000
2018-04-04,419.757375595429,438.0363253251343,419.65971804736006,436.4737548828125,471200
2018-04-05,437.6294615007021,443.2043372685292,435.8146005348965,438.1747741699219,397400
2018-04-06,430.84999673692016,434.39835258857096,417.7226596937871,423.13470458984375,518500
2018-04-09,428.99456098113683,434.72401975927664,423.3790029076629,424.1277770996094,559600
2018-04-10,430.4594631822252,438.5653881806404,429.7107386824175,434.561279296875,612800
2018-04-11,428.9783428476152,434.1462963913625,426.1868561426491,427.5215759277344,549400
2018-04-12,431.60692378176424,440.68942245839906,430.5244947918408,433.78802490234375,668600
2018-04-13,438.94774609078615,438.94774609078615,424.0950590994609,427.0819091796875,489200
2018-04-16,429.71069904416044,432.52662415889205,427.0005778860056,427.1470642089844,789500
2018-04-17,429.9223100471626,431.49302691803484,426.69946189881,428.76666259765625,1367900
2018-04-18,430.1338268191829,430.1338268191829,424.9251934822689,425.8204040527344,671800
2018-04-19,426.170583428516,428.8074371745486,424.82771732629607,427.3180847167969,525400
2018-04-20,427.93649284751444,429.36072329149107,423.69633747194644,426.7970886230469,639400
2018-04-23,427.4156637082676,428.38414249725696,422.0117140004069,423.0778503417969,489300
2018-04-24,425.4380822741293,425.70666541678025,414.37791588464165,418.0727844238281,1028800
2018-04-25,418.3168949974095,419.952733604551,414.34532205937387,416.86822509765625,715800
2018-04-26,417.50295472665186,428.48987458787957,416.6891088110054,425.41351318359375,712900
2018-04-27,426.6100488943613,428.05057258854396,423.05354491311664,426.98443603515625,370900
2018-04-30,427.5947347982418,430.3455384227654,423.74520920162036,424.42071533203125,480900
2018-05-01,421.5478210449219,424.1033096021082,416.85196304325785,421.5478210449219,417100
2018-05-02,421.1734648527717,424.55089605665825,418.3412965777905,418.95977783203125,438700
2018-05-03,418.18661936075944,418.47959197737435,407.6147437189785,416.4205627441406,682500
2018-05-04,412.36772467317024,429.29571535403653,411.5213176881426,423.52557373046875,601900
2018-05-07,425.03920444129363,428.68521849319194,422.3535226736644,426.1297302246094,366600
2018-05-08,419.74107402060895,429.72698032463364,419.74107402060895,423.1429443359375,634100
2018-05-09,425.299676772958,433.34857634330825,424.94972893713583,432.43707275390625,475200
2018-05-10,432.9986794690412,438.74443119104546,432.28249089690246,436.4331359863281,527500
2018-05-11,437.64574166756546,441.3243419467022,435.562297631865,439.82684326171875,395700
2018-05-14,441.09638534174263,443.2042683367612,436.3028204828931,439.2815246582031,415500
2018-05-15,436.18079691049934,438.3781911624022,431.94878755002367,433.95086669921875,461200
2018-05-16,434.8297828582707,437.3852713456141,431.558155555042,434.5124206542969,474900
2018-05-17,434.5938089854259,437.0434936467111,432.1522707326988,435.87969970703125,365700
2018-05-18,436.44935693467517,439.41171862446544,434.935565622296,438.2479248046875,518700
2018-05-21,441.10463608005773,445.9714204129615,441.10463608005773,442.3091125488281,359100
2018-05-22,444.7180471008017,447.27353567426275,444.24600247316107,445.0761413574219,406200
2018-05-23,440.8765539521684,441.7473749802225,434.39022631294034,441.6415710449219,377700
2018-05-24,441.8694549693876,441.8694549693876,435.14708049565854,440.1522521972656,413100
2018-05-25,437.14933920466683,439.73736403801183,436.17271387600914,439.1595153808594,290000
2018-05-29,435.2041058732803,437.70261880934584,421.5966259292299,426.6668701171875,714200
2018-05-30,429.1491436145221,435.64361897072683,428.1399824955671,434.82977294921875,404100
2018-05-31,435.0982650750811,438.5489635370933,431.94053919798495,434.7808532714844,543000
2018-06-01,440.00592072039206,441.84517120966837,436.3354668042336,438.7118835449219,446500
2018-06-04,442.3578594088298,442.6752712865118,437.9793637327486,440.0221252441406,417100
2018-06-05,439.0374898198744,439.3792913160594,432.1930154470607,434.90313720703125,495000
2018-06-06,439.25622156666265,451.5627746582031,438.3806815944702,451.5627746582031,682100
2018-06-07,454.1321268718511,455.76863904075867,447.34061135936224,449.337158203125,428400
2018-06-08,448.0278791678167,449.7462467597378,445.3931187795414,449.5580139160156,370500
2018-06-11,450.6707808630333,452.0863474717476,446.93134571529544,449.27154541015625,391800
2018-06-12,451.58731301865225,451.9636788131874,444.7139426844309,447.676025390625,425200
2018-06-13,447.070539464906,448.0115538686755,433.93754027912775,435.4512939453125,839600
2018-06-14,434.8457942869227,436.0977499801494,427.25240432899756,428.2424621582031,989500
2018-06-15,426.1641538258803,430.18995990909264,422.22015337683166,429.19171142578125,753100
2018-06-18,428.76617230972505,432.2764728022384,424.73217595646224,431.66278076171875,483500
2018-06-19,427.31782903959953,432.31741132126086,424.7321619686809,430.90179443359375,448500
2018-06-20,432.1454838970115,434.15022080075175,430.45987877411625,430.877197265625,346100
2018-06-21,431.46641426830695,432.9965491186588,425.7304312461576,429.56805419921875,571000
2018-06-22,433.59390986427195,433.59390986427195,427.546985543192,427.73516845703125,514300
2018-06-25,425.50132128214193,426.2132000247052,416.6723318275367,421.51641845703125,666000
2018-06-26,422.21192658110874,422.21192658110874,415.44495811204797,418.006103515625,740200
2018-06-27,417.68689527296704,422.997392987809,412.0163879394531,412.0163879394531,558200
2018-06-28,411.9672778573365,413.77561631172125,406.9513654520264,410.57623291015625,636700
2018-06-29,415.8294432754216,418.80788159060893,408.0805593609322,408.3424072265625,701800
2018-07-02,404.26752852522935,408.7351989746094,401.4118232797128,408.7351989746094,564000
2018-07-03,411.2227434363616,411.8364354513957,401.69006579707013,402.0010070800781,307500
2018-07-05,408.2606059018335,408.2606059018335,399.8080083641743,402.5655517578125,513900
2018-07-06,402.1565423407398,406.70604454551864,399.3171924961031,402.328369140625,556300
2018-07-09,404.99578185102683,413.3665240190847,404.1693353723563,412.4828186035156,748400
2018-07-10,413.1537606913212,418.0551053122956,411.5336050954713,413.16192626953125,484800
2018-07-11,409.0298218626713,413.98026077812557,408.81706730742343,411.5009460449219,468600
2018-07-12,414.42212372110447,414.96217568599053,407.53239710734334,414.5857849121094,574500
2018-07-13,419.1352663290563,419.3562114366444,412.752879343473,414.929443359375,786500
2018-07-16,409.12802964751637,414.4057912184466,407.3115001970337,412.3683166503906,1212800
2018-07-17,410.19172328276744,414.004799243691,410.1590110219877,413.12109375,758800
2018-07-18,413.1538511858536,418.6361516775303,413.1211139522815,418.006103515625,487600
2018-07-19,415.50211772282324,417.5641133395138,410.79714689491675,413.1291809082031,684100
2018-07-20,410.4371739695912,413.08012460643215,409.9625715526996,411.4027099609375,812400
2018-07-23,410.84637576645207,418.3579604598602,410.84637576645207,416.0914001464844,646700
2018-07-24,418.8489214102897,419.7653642139623,414.5612675911668,416.40234375,688300
2018-07-25,415.6167164907762,419.65071211571984,411.6727170293543,419.34796142578125,492800
2018-07-26,419.52804053608077,419.52804053608077,413.05560778118775,413.30926513671875,407600
2018-07-27,413.76759943790506,414.381291552007,409.1689788870964,411.51739501953125,571600
2018-07-30,412.15551484274613,412.7692067796941,407.8514807341705,409.2752380371094,492100
2018-07-31,411.9183361186406,413.4484711410246,409.70086891904003,411.386474609375,512900
2018-08-01,413.3748007299924,417.2042332809528,389.9563151675571,392.3128967285156,1716500
2018-08-02,388.0824293075455,389.33435990684416,382.24826041360456,388.92523193359375,1637700
2018-08-03,389.5879777115232,396.78864429261586,389.1052097486288,394.72662353515625,824100
2018-08-06,394.71857064761144,397.78703101159164,392.0183105445923,395.5940856933594,639300
2018-08-07,397.52519939556527,404.9631446268192,396.49418868013754,398.86712646484375,1000900
2018-08-08,397.7051640912042,400.43813620928455,396.45323337586814,398.5315856933594,535200
2018-08-09,397.9669477463233,398.49064353508663,395.6349382898561,396.1177062988281,634600
2018-08-10,392.01006934408935,395.7331490874034,388.9416093765624,391.9037170410156,646600
2018-08-13,392.05912106729784,393.8674595089951,387.5505233302288,388.99066162109375,382700
2018-08-14,389.9317019246057,391.61730720344826,387.85332479558224,390.47991943359375,408600
2018-08-15,387.01874828737886,388.67980703899514,381.3155027265934,385.2513122558594,721000
2018-08-16,387.3869114742273,393.352004388761,386.45411266888067,388.3524475097656,681600
2018-08-17,388.0906115173909,389.15433423650575,385.2021690871658,387.9760437011719,472800
2018-08-20,389.85808160429235,390.32446854668433,387.66513654384795,389.12982177734375,465500
2018-08-21,388.2625052481908,390.782722956681,387.59152927764694,388.6143493652344,640100
2018-08-22,388.3606955608266,392.5583532343673,386.84691682300564,391.14276123046875,603500
2018-08-23,390.47175775912507,391.20818313578724,384.64575429353675,384.9566955566406,579200
2018-08-24,387.5669521819652,390.8481667562503,384.9976413085803,390.7254333496094,580800
2018-08-27,391.89549465457026,398.53972876911826,391.89549465457026,395.71673583984375,607000
2018-08-28,395.94592408797195,397.1814737183068,394.27667478748106,395.5040588378906,517400
2018-08-29,395.93768920420166,397.8442145617086,390.92177628442926,397.0341491699219,634600
2018-08-30,396.13411871331056,397.2715066198441,386.920547511548,388.8925476074219,559800
2018-08-31,387.6650718297822,392.60734424195914,387.3295839288854,391.99365234375,506700
2018-09-04,389.6779785257999,391.7645208803473,385.5785088728483,389.30975341796875,499400
2018-09-05,388.8106662410379,393.5319937853115,388.26242380177155,391.32269287109375,544700
2018-09-06,392.52529566602567,393.3406978178236,387.0974671807791,388.728271484375,670900
2018-09-07,387.3693239237897,389.0742788298355,385.8126445446607,388.300048828125,666400
2018-09-10,391.2403478414371,393.70304293267645,388.73645534211266,390.2025451660156,453000
2018-09-11,388.7282322999284,389.77427954187175,385.87017766600945,388.04461669921875,495400
2018-09-12,387.93756398815475,389.6178101568002,386.22439005190677,387.1221618652344,579700
2018-09-13,389.75787443773964,390.77921350763927,384.89011909263365,386.27386474609375,528600
2018-09-14,387.4351319969233,394.3125609230595,387.4351319969233,392.1051940917969,416700
2018-09-17,392.8876262582113,392.8876262582113,386.78440265751317,387.8551330566406,443300
2018-09-18,389.411943426104,391.2404401670206,386.32326819723835,388.9259948730469,557500
2018-09-19,390.16140326115556,399.8886675660548,389.6754296492511,398.2660827636719,418700
2018-09-20,400.8935030627354,405.2341114269326,397.8789536077878,401.231201171875,480400
2018-09-21,403.15852631045675,403.21616246639354,399.2956219420849,401.6182861328125,700100
2018-09-24,399.8556910906178,401.1158693049776,394.99618147936036,397.0552978515625,433600
2018-09-25,398.77672419808465,399.6086152727243,393.1841569799329,394.600830078125,382800
2018-09-26,396.15754872385753,396.70115849340664,390.67205937917004,391.09210205078125,416700
2018-09-27,392.7311798938023,396.5528870671799,390.1614065101054,393.61248779296875,344400
2018-09-28,390.83675459210116,393.2994748861091,387.6574909519887,388.2093200683594,532200
2018-10-01,390.7049867447,392.9700148809827,388.2340469596644,389.9719543457031,395500
2018-10-02,389.32949475883015,393.612466928427,388.1516862096854,393.0523681640625,363700
2018-10-03,396.05859180374256,396.783404650069,389.0328890887496,390.713134765625,645800
2018-10-04,390.97669746460184,394.9219706156873,387.52561716275403,390.53192138671875,917200
2018-10-05,392.3027821168998,397.3929361257965,387.21265324369716,387.8221435546875,712000
2018-10-08,392.8794461783798,392.8794461783798,384.75005788608644,388.3164367675781,560400
2018-10-09,387.9210938086702,387.9210938086702,378.11967893039207,378.6385803222656,875400
2018-10-10,376.41466368235194,377.58422753902823,351.0792914073955,351.4993591308594,2075300
2018-10-11,349.34143483106664,352.42186466462925,342.10157513566486,344.0206604003906,1737100
2018-10-12,354.9916747735299,360.3206691334468,346.104521167538,352.2736511230469,1593400
2018-10-15,352.3066123481848,355.2305730563652,348.27074876374115,351.647705078125,992900
2018-10-16,337.69514495251224,342.9335258676141,331.59191992623255,336.0478515625,2053500
2018-10-17,334.0874843671969,344.226570621386,333.6921501398895,339.21881103515625,1821100
2018-10-18,337.99160730578404,339.6965618033529,328.63499397845067,329.3515625,1735800
2018-10-19,329.6233545544704,336.30311591236546,329.03032804169584,330.817626953125,1029100
2018-10-22,332.02839968395426,333.4450727829865,323.0424126320761,323.16595458984375,1036000
2018-10-23,316.2638936580831,322.2600410977697,309.94651191512713,319.1548767089844,1300500
2018-10-24,319.64906286585176,320.0114694452054,311.4043508891116,311.882080078125,1229800
2018-10-25,313.6445885265867,326.7240994428995,313.1668845989592,322.83648681640625,1393000
2018-10-26,318.0593437078661,322.75411379824715,315.53074285469813,318.69354248046875,1006300
2018-10-29,324.179060845958,327.74546468419845,316.4120794748293,321.7575378417969,952600
2018-10-30,323.18236241399967,334.57338050095234,321.93040386129127,332.61309814453125,1489700
2018-10-31,336.75612670105164,343.6912419245591,334.9935361005304,338.86468505859375,1415200
2018-11-01,340.77554135575684,343.6830128919712,337.7527723643755,340.1578063964844,1021600
2018-11-02,343.4360145940022,345.2562670231862,334.38414411058346,337.4975280761719,869900
2018-11-05,337.30788511321754,339.85294929129543,336.2536188018873,338.5186462402344,761400
2018-11-06,339.6719085401201,340.9732844576182,337.9587343907611,340.520263671875,882100
2018-11-07,343.96306830251143,350.0498291617787,337.9669216460624,349.82745361328125,1078300
2018-11-08,347.2740220653124,350.3791598229626,345.68439060807907,347.07635498046875,698800
2018-11-09,340.1660425289477,345.62682345614843,336.83028388530425,340.9485168457031,617100
2018-11-12,340.12487903803526,340.12487903803526,333.42038354021315,333.9228210449219,577400
2018-11-13,336.69028431381184,340.98972093097836,334.77941800935974,335.4795227050781,582900
2018-11-14,338.123401580038,340.1248819708739,327.27598966464717,331.0894775390625,746900
2018-11-15,327.16075131570904,335.86670436823954,325.11812325785894,335.12542724609375,685200
2018-11-16,332.8766637757588,338.75751071718093,329.8456512726458,338.5186462402344,738100
2018-11-19,337.7774431087035,339.5400335921389,330.78466705687697,335.8665771484375,725500
2018-11-20,330.1999262302982,336.41847331719015,327.18537657295104,331.86370849609375,632300
2018-11-21,336.0807754053677,339.6306903430054,332.1519649230869,335.7348327636719,673700
2018-11-23,332.47327214469226,338.43646696627576,332.2014546231925,334.90301513671875,299400
2018-11-26,340.28134677185295,349.4073394603921,338.8893820954253,344.6878356933594,815000
2018-11-27,342.0192392566838,343.95481372934603,340.9485087666317,343.5924072265625,626000
2018-11-28,347.29066471611543,352.28196226329084,341.00623567331627,351.9195556640625,701500
2018-11-29,350.04982899794777,351.85361718646385,344.8690844907818,348.3531188964844,616000
2018-11-30,347.0023048780497,352.52899169921875,345.10792773948754,352.52899169921875,1066400
2018-12-03,359.76070373521924,360.9714655734159,354.4481716596059,358.1792907714844,998600
2018-12-04,356.08710193484563,356.56483100988083,333.1073682148522,336.66552734375,859700
2018-12-06,331.81829184163803,332.36609635521813,316.55456394147024,332.1918029785156,1383100
2018-12-07,332.68151375924583,340.1598169387451,325.49369110861466,326.2738952636719,969500
2018-12-10,324.4312982662168,327.3944125123994,315.11036345674603,326.4067077636719,876100
2018-12-11,332.1918019104481,332.9055916706115,317.10234210584065,320.0986633300781,793700
2018-12-12,325.8090479545786,330.091862047404,322.5554284124749,323.7589416503906,736800
2018-12-13,325.51021937996865,325.69282085621,319.12750116771133,321.4349060058594,595200
2018-12-14,317.9157251463421,323.09493049994285,315.9320331627588,317.309814453125,678700
2018-12-17,315.40089891513134,322.8709202052266,312.4544006492364,313.9483947753906,900200
2018-12-18,316.8450491797481,322.6882720819966,315.23484279665786,318.1813659667969,997100
2018-12-19,316.77039430198755,322.3563192800817,306.5530673195328,308.9185791015625,997400
2018-12-20,306.4949128704744,313.70763424064893,305.81433029570735,308.4869384765625,1107200
2018-12-21,308.2295230935135,317.16866062789904,304.9925204378747,306.4035339355469,1722800
2018-12-24,303.05877972563735,307.90599069185566,299.45657235679346,300.26995849609375,499000
2018-12-26,302.344955473071,316.6044155001984,299.58105871439574,316.42181396484375,873400
2018-12-27,312.5539684239827,322.00768133564645,309.21734300720516,321.8748779296875,784000
2018-12-28,325.30280492594915,327.2367245264289,319.9907951156727,322.2318115234375,619100
2018-12-31,322.9953843730689,326.8964052472257,320.2563869624717,326.04150390625,612300
2019-01-02,320.6132026952849,324.66361690153815,319.63380631925,323.21942138671875,926800
2019-01-03,319.57574858863114,320.8373428239653,313.14323148758945,313.7242431640625,781000
2019-01-04,319.6920369336588,326.13283836130284,317.05261003971634,325.2115478515625,647800
2019-01-07,324.48110537223056,330.490313996222,323.21951097864115,326.1162109375,714500
2019-01-08,330.141709559967,332.7064135233603,326.68889709248504,330.2662048339844,642900
2019-01-09,331.5858962791265,334.6153994019778,328.0998767245539,332.1585998535156,640500
2019-01-10,331.2705020669647,332.76452135128926,328.03349827875024,331.5859069824219,487100
2019-01-11,327.8592033275661,331.69380974525427,323.4269942649356,330.2662048339844,706500
2019-01-14,326.0830477349863,331.95947907198206,324.62223536562436,329.0295715332031,919700
2019-01-15,329.1373974009234,332.93051393881075,326.52289525785704,332.5902099609375,846600
2019-01-16,333.7356223812637,350.11985970790715,333.1878178226969,342.82415771484375,1331500
2019-01-17,341.1309836060116,346.0611998480044,335.06366813807824,342.392578125,917200
2019-01-18,346.1773738583588,349.06579119563276,343.2806737216384,348.1445007324219,1031800
2019-01-22,345.6213062080087,347.9370200216708,341.2056873125399,343.28900146484375,905600
2019-01-23,342.8158373636383,344.09404795472096,335.12172542148915,339.0393371582031,660100
2019-01-24,338.5662785581354,341.40487255246944,333.49495077461864,337.4457702636719,838400
2019-01-25,341.3135542745659,343.6790659471683,339.5954433969185,340.25946044921875,573000
2019-01-28,336.8564559210057,338.5413596638518,333.99293770622876,336.4497375488281,640400
2019-01-29,341.54597476718385,341.96097595159114,337.2216695179655,338.3255615234375,602800
2019-01-30,339.63685696407697,341.08105245948747,333.5114376385521,338.91473388671875,869900
2019-01-31,337.1635259685566,345.2477400408641,337.1635259685566,344.517333984375,750100
2019-02-01,346.4761219938935,346.5923091310082,342.06050419039093,345.9532165527344,585900
2019-02-04,345.69590407501437,347.5551008317766,342.9320079918042,346.92431640625,534800
2019-02-05,347.0406355476337,347.8872542947156,343.6625193489943,346.5758361816406,523400
2019-02-06,347.3062312385229,349.2484339545229,344.5091270022794,345.604736328125,424600
2019-02-07,343.91142401231656,346.8413308279724,340.3092174266135,344.459228515625,469400
2019-02-08,342.0854369875803,343.66243626448875,337.08883234631077,341.7617492675781,567000
2019-02-11,343.4134539589809,344.3430524885532,341.130947618468,342.5419616699219,595600
2019-02-12,345.43862854389613,353.37344779988854,344.8078187465021,353.17425537109375,617300
2019-02-13,354.1620745451229,360.01358199964847,353.6640679824755,354.7845764160156,803500
2019-02-14,352.2613345957644,352.97512452781183,346.8995259866187,351.40643310546875,542500
2019-02-15,352.9087372040293,359.08395734400284,352.9087372040293,358.5195617675781,600300
2019-02-19,355.5979051457172,359.39102201142316,355.3821217562084,357.78912353515625,438000
2019-02-20,358.3783407952744,363.1176461577539,356.7100283055262,362.8935546875,563300
2019-02-21,362.37901427234664,363.2007084552528,359.26650560417426,361.0675964355469,451800
2019-02-22,361.4826551486205,362.669577893614,359.7645693407679,362.4786682128906,400300
2019-02-25,364.6034636779062,369.1850679381537,363.5742687779875,364.3129577636719,516300
2019-02-26,363.26710531990085,367.6993144102426,361.6236917036199,365.6408996582031,472000
2019-02-27,365.342183323262,369.1020933443742,364.2714730887385,366.869384765625,461100
2019-02-28,366.86933100111804,369.1186301802711,365.5247313048741,367.8736267089844,512100
2019-03-01,371.47591676167093,375.0947408320067,366.9441102053433,368.3302001953125,657200
2019-03-04,370.089643427472,371.010933587543,360.2707045351689,362.98480224609375,686100
2019-03-05,363.16893768104643,364.38994757342203,360.5763621521609,361.72210693359375,433500
2019-03-06,361.7220318108756,362.95978404123576,359.10439397755744,359.4974365234375,272700
2019-03-07,363.3278017373178,363.77941787865666,351.7030567824539,353.9192810058594,467400
2019-03-08,351.7281824140991,352.832121755553,348.91815731969353,352.3470458984375,587100
2019-03-11,354.6051173300137,359.104485785396,353.6935391351955,358.025634765625,593100
2019-03-12,359.3051126950813,360.4675743460524,357.00525223682257,357.80810546875,504700
2019-03-13,359.89051021488206,362.4579968803528,356.6874431161003,361.1533508300781,606700
2019-03-14,364.1808014559241,364.1808014559241,360.5428353047216,362.6503601074219,501700
2019-03-15,362.81766271618784,366.99088200062135,362.06498610994106,362.58349609375,1756900
2019-03-18,364.63248926172446,368.6049762433602,364.58231252057845,368.3791809082031,550700
2019-03-19,370.11025334114726,370.78766472943335,362.6670738436405,363.4364929199219,948500
2019-03-20,363.1270868000524,363.54524326779904,357.5739566576997,359.54766845703125,881600
2019-03-21,358.4353238121169,362.7088957769102,354.76392364664474,359.91558837890625,472400
2019-03-22,356.6958634183275,358.30157007516067,347.17861745823814,349.0435791015625,585300
2019-03-25,349.5787976260923,350.8332669955639,345.64811672618333,347.4127502441406,411000
2019-03-26,351.72811285360973,354.01960196978695,350.3649187803532,353.484375,494900
2019-03-27,354.26213974656747,355.8762174735881,349.3362446511265,350.9503479003906,425000
2019-03-28,352.4222244776172,355.968208262329,351.44375275058786,355.4078674316406,342700
2019-03-29,359.37200818075536,361.28717186301685,356.428195968398,357.4150390625,455900
2019-04-01,360.9443125796719,367.6766473186803,359.1127851289236,366.6312561035156,498900
2019-04-02,366.6312075377195,368.0612953843992,364.1891627527918,365.0087585449219,423100
2019-04-03,367.3253930161057,370.3193822948159,365.72803214024253,367.199951171875,337800
2019-04-04,367.2837203961105,370.2359053017569,367.07464207270135,369.51666259765625,375200
2019-04-05,370.6288115783917,373.6896944356829,368.48782700197563,372.2428894042969,458400
2019-04-08,371.77459548522336,374.4006050853521,370.5703026997351,373.1127014160156,398400
2019-04-09,372.50211321363406,372.9453580075667,366.73990537026725,367.8187561035156,460900
2019-04-10,369.3157931328685,370.43644939075637,367.28355884854005,370.2859191894531,402900
2019-04-11,372.15922937349313,375.2954026547304,370.3778788661914,373.0875244140625,412700
2019-04-12,375.2451956942306,382.47092508052947,375.2451956942306,379.9787292480469,628700
2019-04-15,381.6597398076689,382.2786287039536,376.14844090245214,377.8963317871094,590800
2019-04-16,378.9334431436741,390.4662070997931,378.8498067353093,390.1734924316406,1030700
2019-04-17,390.54148475201276,392.0468380619258,386.72789921280025,390.9679870605469,628200
2019-04-18,392.04669727980115,392.5401187488901,389.4624938964844,389.4624938964844,530400
2019-04-22,387.8401226648564,389.43748342949857,386.50201686765524,388.06591796875,432900
2019-04-23,388.04919096517966,396.4374084472656,387.96555456957446,396.4374084472656,687400
2019-04-24,396.4373538398021,403.4121994988136,395.24977843917833,401.57232666015625,1008500
2019-04-25,399.6656149292525,401.83166244503724,395.2498579745222,396.7886962890625,598700
2019-04-26,397.34062645664307,400.9785928298022,394.6142636425757,400.5771789550781,469000
2019-04-29,401.4302303757897,402.7515936543214,400.2677430829813,401.2964172363281,366900
2019-04-30,401.21283897882836,406.3227252984282,399.398053841792,405.81256103515625,567600
2019-05-01,407.15054054295155,407.66070464764437,400.3513130605067,400.70257568359375,488600
2019-05-02,401.020339551974,401.5723090360188,394.29637781807554,398.4277648925781,436100
2019-05-03,398.51154999612527,403.85557725316426,398.4279135844984,403.52105712890625,403300
2019-05-06,395.5090841262924,400.2760520564342,392.95831462125614,398.39434814453125,434400
2019-05-07,396.0861582876883,396.3537845531684,383.917815249541,387.8568420410156,709500
2019-05-08,386.5271181828327,392.6154755179156,384.3861590444901,389.2785949707031,454800
2019-05-09,383.641865206599,388.4339222815265,379.81990873572977,388.23321533203125,435500
2019-05-10,386.2511662917059,389.4207997254737,379.058869347459,387.2129211425781,484000
2019-05-13,378.95011556550025,380.01224933431166,368.136595368756,370.3026428222656,703900
2019-05-14,371.6240095810339,377.2273165454288,371.6240095810339,372.87847900390625,426800
2019-05-15,369.22377894866145,373.32173263078323,367.5009763936019,371.6239929199219,424200
2019-05-16,373.4221006587734,376.9095113415464,372.8032117253081,374.0325927734375,449100
2019-05-17,369.508082871563,374.1328917557962,368.1783485474064,369.28228759765625,496900
2019-05-20,367.6430894411192,368.2117759849103,363.3611722512386,366.3802490234375,465700
2019-05-21,368.66346700772004,371.5905622236548,368.13658578529265,369.365966796875,307000
2019-05-22,368.11148332569,369.7171897759293,364.95022163439734,367.2584533691406,331000
2019-05-23,363.6790885790743,363.6790885790743,358.86194266147385,362.8678894042969,577600
2019-05-24,365.4687826528834,366.49745683554477,363.6288838356633,364.4317626953125,277300
2019-05-28,364.77456413102107,365.2178088928255,359.0374450683594,359.0374450683594,462600
2019-05-29,356.5954279595304,358.3182302901807,353.4508836563282,357.8833312988281,390700
2019-05-30,358.3433695011061,360.8523082635671,354.4377769310874,356.7627258300781,412400
2019-05-31,351.87867426693117,351.87867426693117,347.08659186787213,347.5382080078125,534600
2019-06-03,347.6635720853359,352.82363307062116,347.22869863592587,351.167724609375,581400
2019-06-04,362.46640972300656,363.6288714872194,353.8858304284678,363.403076171875,558300
2019-06-05,365.4508165810401,371.20653338451274,360.5209418185992,369.2345886230469,605800
2019-06-06,369.3610024396485,372.1503796935043,367.63345152181085,370.1447448730469,675300
2019-06-07,370.7852292221742,374.5015960828267,369.55487562698175,374.2572021484375,504000
2019-06-10,376.60837419780535,378.37807635768877,373.7178752432774,374.00439453125,525000
2019-06-11,377.6027919764709,377.8219055641859,370.71784185657185,373.4229431152344,536800
2019-06-12,373.69264751871424,377.5017009464048,371.68698650286314,376.0606689453125,430100
2019-06-13,376.57460733056286,378.71510491767106,375.58864781434227,377.7712707519531,325900
2019-06-14,378.4960872391807,378.4960872391807,374.6954438005512,376.6673889160156,343500
2019-06-17,376.4145290163627,377.36677285567083,370.4649531253353,370.8947448730469,346400
2019-06-18,373.59144083595976,384.3697189207589,372.81613375218916,378.6392822265625,535400
2019-06-19,380.2320993367707,384.46250915431335,378.6140791314715,383.39227294921875,544300
2019-06-20,384.69842863112353,393.4205120579472,384.69842863112353,392.3502502441406,729100
2019-06-21,391.9625676103654,397.9121178327593,390.7827748513665,394.5918273925781,1056900
2019-06-24,394.28004995939006,396.85033953643006,388.911973315756,390.51312255859375,397500
2019-06-25,390.2013496651272,390.20978502367205,384.2686436998018,386.265869140625,454100
2019-06-26,387.7743138267563,388.8867009639609,383.830423850364,388.4569091796875,434300
2019-06-27,389.7378530871406,393.6227470306634,388.80242843860526,391.42327880859375,352900
2019-06-28,394.8615691173538,398.06386796995866,392.3755556824616,395.48516845703125,634300
2019-07-01,400.1874591850578,402.09199834556017,395.19858808577646,398.5441589355469,471100
2019-07-02,398.5779303291368,398.68748712341625,394.1115621454485,395.96551513671875,347000
2019-07-03,397.22114564148046,402.0414645242209,397.08633420708355,400.5835876464844,343900
2019-07-05,400.5414452182858,403.4572504718269,397.9374653514968,403.39825439453125,383100
2019-07-08,399.4964774114433,402.1510179168517,397.71836552754667,398.13128662109375,414600
2019-07-09,396.2941339095837,401.3335400496904,394.54127686450437,399.294189453125,445500
2019-07-10,399.2942157054107,401.679081796674,398.07227176463147,400.7436828613281,504900
2019-07-11,401.9741136158857,405.1005717430923,399.79148996349164,404.5612487792969,390600
2019-07-12,402.96844618374587,406.88705600417114,401.62010040748214,406.57525634765625,472400
2019-07-15,406.9208047365678,407.03036153667693,403.8449075620488,405.9348449707031,416400
2019-07-16,406.5920819740243,407.4432044161219,401.8728851392353,402.1172790527344,409700
2019-07-17,400.28863732728735,401.63698314390126,394.5244840358813,396.91778564453125,511200
2019-07-18,396.7997500983879,400.44871104776416,396.08346476817894,400.4065856933594,498300
2019-07-19,401.38408846421106,407.0302744002629,398.1817901741702,398.8053894042969,887400
2019-07-22,398.2408082763955,400.3223099953602,392.58618667001485,399.066650390625,647800
2019-07-23,401.5273254310235,405.07513873451404,400.8700105467954,402.3616027832031,449200
2019-07-24,401.0975421124928,405.93473065063995,400.9711403470255,402.1003723144531,593400
2019-07-25,401.59482918511776,401.59482918511776,396.15934631621803,399.33636474609375,494900
2019-07-26,399.75763710501406,403.5414090661283,397.64241990463256,402.9599609375,418000
2019-07-29,401.94033537741916,405.6567023321322,400.0189510046651,403.0780029296875,363300
2019-07-30,400.2885777275201,403.2127921556212,398.39247393828447,403.1622314453125,391300
2019-07-31,402.7577094890187,403.09478945475945,392.2912312485942,394.1199035644531,421000
2019-08-01,392.02167860781867,394.11161619186777,379.010187296693,380.8641662597656,734500
2019-08-02,379.2207920421987,380.66182385104344,372.2936912121923,377.72076416015625,527700
2019-08-05,369.07451230006563,370.1110583630851,359.678269173333,363.4789123535156,647600
2019-08-06,366.908787692365,369.01556997576574,362.55195061456715,367.1784362792969,418100
2019-08-07,359.6191772228621,364.71760403265597,356.85508084264023,362.6950988769531,574000
2019-08-08,365.73743850389246,369.4790862455306,363.7149324667377,368.7880554199219,499900
2019-08-09,366.5969813660756,366.6728224461131,358.8693179507374,359.2738037109375,650000
2019-08-12,354.1416910961716,358.9451653232223,349.27081114709205,350.93939208984375,665900
2019-08-13,351.04038836785537,360.00686353666174,348.53753070490376,358.43096923828125,877200
2019-08-14,349.5151520923351,353.1978031062629,346.36341428500197,346.6667785644531,793400
2019-08-15,348.495452461564,351.57978434211344,342.3183533429944,344.9223327636719,612700
2019-08-16,348.37750638533964,356.22316139695687,348.37750638533964,353.4843444824219,544300
2019-08-19,359.9816283565451,360.6305079366778,356.6107772477049,358.6248474121094,473000
2019-08-20,356.8130375666865,356.8130375666865,351.8578820791048,352.49835205078125,401700
2019-08-21,356.29898292940874,358.1276811308465,354.032083304,354.7231140136719,351200
2019-08-22,356.4675310448986,357.2428381728244,351.09945437305015,353.0966796875,551900
2019-08-23,351.36071417469276,353.07142031152534,341.3577162920148,343.19482421875,853300
2019-08-26,346.92794054881,347.0964933672721,340.06827289223025,341.6947021484375,812300
2019-08-27,342.6892227300366,346.27075283814577,341.5178650795738,345.9421081542969,1068800
2019-08-28,343.8352862995182,348.85784780352793,342.47009556500177,348.748291015625,590700
2019-08-29,353.09674514605,358.0097505945277,351.40288379532456,355.6585998535156,699700
2019-08-30,358.1192771150737,358.8693039621398,354.72314505879524,356.0967712402344,466300
2019-09-03,354.77371212964664,354.77371212964664,347.77920501962495,350.4169006347656,540200
2019-09-04,353.6107452883161,355.640952993616,350.0770131857066,353.0671081542969,525000
2019-09-05,358.31683055546335,365.24838097687484,357.4758531436183,360.7802429199219,888800
2019-09-06,360.91608181184273,361.97789949467114,357.77309110135724,360.0241394042969,467200
2019-09-09,362.68300651678163,367.70328462151485,360.89914727336406,365.9873962402344,724700
2019-09-10,366.9642302262528,368.75656622237506,357.9939955612518,363.855224609375,734800
2019-09-11,364.6451956059615,368.78205934124253,360.0496452668111,367.66925048828125,605100
2019-09-12,367.7371784613231,371.42380615374765,364.1949434492217,369.3001708984375,602200
2019-09-13,372.1883884522868,377.82877732762114,371.27098923402593,376.2742614746094,586500
2019-09-16,373.05488393401794,375.99398877091784,367.3465495788118,370.1157531738281,697400
2019-09-17,371.1690878862447,373.36917153770844,369.24931276349315,373.0633544921875,675300
2019-09-18,375.92591130237486,377.9646219336956,372.85089152861883,376.444091796875,641700
2019-09-19,376.77546200254375,381.3625361755298,375.543768763959,377.1407470703125,517700
2019-09-20,378.9924159133014,379.8163873653716,375.305788506875,377.4888916015625,1228200
2019-09-23,374.5583215374975,380.62341079465654,373.980698926965,379.0264587402344,647100
2019-09-24,381.4898993118801,382.22892034315834,373.0293424521478,375.5606994628906,765400
2019-09-25,375.458696491757,378.4827508873757,371.466252019478,378.16845703125,597500
2019-09-26,377.76926706043895,379.8843996905108,375.5861635783712,378.8565673828125,516700
2019-09-27,381.0481270714459,381.84661603765556,374.5668137527401,378.96697998046875,539200
2019-09-30,380.6318977958309,381.38792441429933,378.007087646339,378.5507507324219,362500
2019-10-01,378.54229647317663,381.12464461689154,368.04302860457835,368.3998107910156,597000
2019-10-02,363.991107388251,364.6961429344735,354.62162904480334,357.0765380859375,743200
2019-10-03,355.8278405415158,358.1383308081349,349.3040133490835,356.4394226074219,505400
2019-10-04,357.7476241698489,363.31156462533215,355.9977506258314,363.0906982421875,349800
2019-10-07,360.8142524065024,362.9208826877017,357.8581418180993,359.463623046875,566900
2019-10-08,356.23558274948215,356.991609386183,349.76274627399476,350.9604797363281,498400
2019-10-09,353.2114892566423,356.2015582039645,351.63999406702857,354.36676025390625,380800
2019-10-10,354.2818452406756,360.91608001611655,354.2818452406756,357.0935363769531,587400
2019-10-11,363.56642143847205,370.27710487382393,361.4088003704805,368.66314697265625,733500
2019-10-14,367.210554193046,369.08784066957764,364.9510029667603,368.84149169921875,709800
2019-10-15,371.90806174826736,380.5385199414039,369.55505691148943,377.5399475097656,834700
2019-10-16,378.0071194010515,380.04580429855747,377.2086303783415,379.19635009765625,482800
2019-10-17,382.245929259546,385.97504605141285,381.40497780438267,382.8235778808594,544600
2019-10-18,381.17547218996293,382.41566767200675,377.6672233035276,378.0409851074219,527900
2019-10-21,379.7569588287231,385.98347207840567,379.7399790786147,385.3548583984375,568600
2019-10-22,385.33790587654437,386.7225203450555,381.40492885444013,382.5262145996094,403100
2019-10-23,382.1100228878032,388.4724533312862,380.83584141604484,388.2515869140625,374000
2019-10-24,388.69328263490536,390.3072665246308,383.70699010003693,386.212890625,404600
2019-10-25,387.1811933905479,391.2585888875793,383.67296950676376,390.5790100097656,475400
2019-10-28,391.99769169297707,398.81880894318886,391.99769169297707,396.3214111328125,584100
2019-10-29,394.9537350738679,399.9145444209178,394.65642092341557,395.9815673828125,473700
2019-10-30,395.3360286674105,397.1623502399122,391.2841409618175,396.6441955566406,323600
2019-10-31,394.33363898332124,396.6441554982893,389.05003269882064,392.1930236816406,429500
2019-11-01,396.15143157999495,400.602589028313,396.1089692410977,398.5384216308594,441500
2019-11-04,403.38881104061363,405.0197485730064,401.7153852446295,404.7904052734375,544100
2019-11-05,404.79042186911573,411.8918726889397,404.1618340364106,409.8106994628906,716800
2019-11-06,411.9088804231381,417.5747259866757,410.354364564649,415.84185791015625,792800
2019-11-07,418.10133240129716,420.8110931449729,415.84178130877814,416.3684387207031,756500
2019-11-08,416.10512813306536,417.88048422807344,412.54591310594384,416.4109191894531,356200
2019-11-11,413.174498773839,415.22168641288135,412.31656769896205,413.50579833984375,414100
2019-11-12,413.68417645515507,414.21083388731097,411.48409328870304,413.50579833984375,365300
2019-11-13,409.88716471995434,414.44872996711473,408.22224162205436,412.4695129394531,330100
2019-11-14,411.9598512237658,412.52049417026836,409.30105512790936,411.6370544433594,413300
2019-11-15,412.89424724506904,417.8295745277729,411.13587066752604,417.0480651855469,342100
2019-11-18,416.9206460786983,418.4156938817977,415.1198071831215,417.71063232421875,303700
2019-11-19,418.78089363001277,421.1423751169992,417.192418526038,418.6109924316406,350600
2019-11-20,416.72526545207575,418.53460719959827,412.1297406519394,415.22174072265625,438800
2019-11-21,415.3830578929733,415.8077849460336,409.8955916259532,411.96826171875,526700
2019-11-22,411.9853210449219,414.33830004098064,411.22081738640316,411.9853210449219,483100
2019-11-25,413.03857189071994,418.4071282660932,411.4415939630711,417.8125,434700
2019-11-26,416.87818374108963,417.47278617312276,414.10895453938474,416.9886169433594,525100
2019-11-27,416.5978408333547,420.17406188398905,415.2641914417392,419.80877685546875,299700
2019-11-29,421.796503374633,422.0938175509536,419.17169281617197,420.4034118652344,239600
2019-12-02,420.71760335381094,421.0658826271797,415.30658517079553,415.9776611328125,379800
2019-12-03,411.6795053146187,413.01312873731956,406.61673950245756,412.6308898925781,465700
2019-12-04,412.545931128212,418.7809218642403,412.545931128212,413.4208679199219,730800
2019-12-05,414.89189150426733,419.53593648712257,412.67678871919924,419.3306579589844,460600
2019-12-06,423.7523049567557,427.3700353966063,420.65629254215725,424.0003356933594,507000
2019-12-09,422.75165939761195,425.9930764339561,420.87011795956073,425.1207275390625,372800
2019-12-10,425.73648169849054,425.8476687863431,421.5115289616249,422.5207214355469,354100
2019-12-11,422.73468301524315,425.35175653865946,421.3149591266799,422.4182434082031,469600
2019-12-12,422.52929348895464,430.7824815561788,422.0845451257873,429.4397277832031,535800
2019-12-13,428.98646922532583,430.92788468270146,423.7694192448527,426.43780517578125,455600
2019-12-16,430.71413701646014,433.45095823979517,428.67009503487094,429.37994384765625,426900
2019-12-17,430.64561908302153,432.09099899960165,427.71210703231355,429.5851135253906,425100
2019-12-18,430.337719941371,430.337719941371,426.0614543804546,427.19036865234375,542900
2019-12-19,427.0621698466381,430.9279052774436,426.788482532884,429.6279296875,428300
2019-12-20,433.0660255982328,433.0660255982328,427.13059202180415,427.2759704589844,967600
2019-12-23,429.0120737499953,430.03838795292796,425.58250032378726,427.3357849121094,361200
2019-12-24,427.8832308510501,428.2766661753061,425.4372188537049,427.31878662109375,126400
2019-12-26,427.48987910082366,430.4148573687833,427.3958137499378,430.3977355957031,157000
2019-12-27,430.4061190894755,431.51793767037043,429.01205237172445,430.20086669921875,221700
2019-12-30,431.04763512226924,431.04763512226924,427.27596518291847,428.34503173828125,276200
2019-12-31,428.2766281312366,430.09832173959995,426.1555906637077,429.9358215332031,296900
2020-01-02,436.1791726797351,436.1791726797351,431.83449750264685,435.30682373046875,560400
2020-01-03,429.0976773326094,433.35684806952463,428.926616236248,430.6799011230469,337300
2020-01-06,427.7719991908572,431.70614298156624,426.3522757645401,431.047607421875,411300
2020-01-07,430.08968779187,436.0251464585847,430.08968779187,433.8014831542969,453900
2020-01-08,434.27188805822703,436.2988599735136,429.5423391230687,433.6988830566406,726500
2020-01-09,439.4976280895484,440.3015683858646,436.6923979386568,438.83050537109375,477100
2020-01-10,440.0363643364369,440.6606825137483,436.52982074096815,438.0436096191406,484000
2020-01-13,438.97590724447025,447.682380154527,438.97590724447025,447.3915710449219,651800
2020-01-14,444.8599276176565,449.0078843356015,441.75535464135265,443.2947998046875,923600
2020-01-15,443.4488351742332,454.6697542720315,443.4488351742332,453.5066223144531,1005100
2020-01-16,459.1940578217819,459.1940578217819,453.4980934214369,457.560546875,778100
2020-01-17,459.3223448907595,461.1525995194588,456.04671006657617,457.7657775878906,669100
2020-01-21,455.0032479624137,456.8335022769052,451.36842198481196,452.5486755371094,775800
2020-01-22,455.4480058749532,461.5202826377222,454.43025249184274,459.1512145996094,778100
2020-01-23,456.36313624809725,465.2577913751831,455.74737893340836,463.4959716796875,804500
2020-01-24,465.61706080133166,468.12294710362016,455.6448287102935,459.13427734375,751200
2020-01-27,446.4421975592696,453.56647176481766,444.39812975879585,447.9902038574219,516500
2020-01-28,451.5395905222347,456.5086105414786,449.1363306272239,453.25860595703125,496600
2020-01-29,457.09014091101506,463.69267139267475,455.31119941418956,458.8348388671875,434700
2020-01-30,454.17375340980254,462.0592170178119,452.3520594650232,461.57171630859375,511000
2020-01-31,460.074946859506,461.0585090017257,449.1619067654369,451.0177917480469,646400
2020-02-03,453.4809788534894,459.39936977369956,453.11322616749317,453.35272216796875,503100
2020-02-04,460.271663545643,462.11047905960584,454.52438630476115,457.7657775878906,851800
2020-02-05,465.12091910288996,467.5498089369139,459.67290824306673,464.81298828125,943000
2020-02-06,468.7386502683344,474.87080139289964,462.9742517735017,474.38330078125,824400
2020-02-07,470.3892559057176,475.5293359450602,469.9616293094397,475.29840087890625,712900
2020-02-10,473.33141176196847,480.0109382760608,473.21166376594374,479.88262939453125,744100
2020-02-11,482.40567623000896,488.61482434847017,482.26029776622715,487.8707580566406,598900
2020-02-12,491.6338856873147,493.3187098231104,487.50299716376196,489.6154479980469,426300
2020-02-13,486.37395940559975,489.8462854167358,485.2450188826989,486.25421142578125,479700
2020-02-14,483.85100310551644,486.57070238894084,481.2596126998229,484.0220642089844,472400
2020-02-18,483.21810323857744,483.406233903944,480.917469827173,483.05560302734375,403200
2020-02-19,485.76670088007825,490.0600886928605,484.23581642835336,489.26470947265625,383200
2020-02-20,487.49436314067293,490.01737072334646,479.4720833045272,484.86016845703125,475200
2020-02-21,481.8581877012454,483.08975441070334,474.6655311789932,476.37603759765625,494200
2020-02-24,458.4585708774499,462.9572120767129,451.2744736965661,451.57379150390625,1063700
2020-02-25,453.5066325482526,454.25069875853217,429.7391355437827,432.7581787109375,1064600
2020-02-26,434.6140704426318,442.9870073553718,432.3219718178234,434.8706359863281,959600
2020-02-27,423.89771935747524,428.36211611877593,406.91237680133924,406.94659423828125,1286000
2020-02-28,392.77511418798105,398.0434781330728,384.02586272734015,395.9908752441406,2039300
2020-03-02,399.52305785893066,417.5175693440906,394.759290490076,417.31231689453125,1278200
2020-03-03,417.6543595122814,431.0305325674087,407.2544770958281,412.29193115234375,1589800
2020-03-04,420.6077490459803,428.94940726616505,413.03302771197633,426.82952880859375,1175000
2020-03-05,411.36987039355876,415.7044326138155,400.34818027630405,407.1473388671875,1022200
2020-03-06,389.5419731736155,395.5052148031052,379.6146856451361,388.1373291015625,1460300
2020-03-09,354.5121418223391,375.80578455364724,349.13485252745625,361.07861328125,1478200
2020-03-10,380.3126764888419,395.55689822831283,374.1943278602671,395.5396728515625,1608300
2020-03-11,383.4752824046127,386.05188319003736,363.80171937519003,371.3850402832031,1263400
2020-03-12,343.3009340669981,361.9318001428136,330.4178749473603,332.8221435546875,1669700
2020-03-13,357.7177913436069,361.2767908306147,334.3559729688807,356.5716857910156,1579400
2020-03-16,317.50034840765124,324.5063178076742,305.06541280966604,307.88330078125,1569300
2020-03-17,315.5785969410085,343.18019796404513,306.2545665233601,333.28741455078125,1609700
2020-03-18,307.788469415038,322.78277825365916,279.18724403980445,321.74005126953125,1969400
2020-03-19,316.50930650061645,357.7522764163091,302.73003055684364,342.421875,1593700
2020-03-20,345.5672031624554,346.76501098980117,302.4369958743281,305.6771545410156,1363100
2020-03-23,305.6771602534486,305.6771602534486,281.1692127061626,282.151611328125,1422800
2020-03-24,301.00652495488634,321.48152702297665,298.4126989448554,320.3095703125,1319600
2020-03-25,331.684528126595,379.1578971304494,324.87677081480064,345.88604736328125,1951000
2020-03-26,351.6424926929882,391.66179945392514,349.496763197239,389.4212646484375,1598200
2020-03-27,369.2910290335021,387.33591374755173,362.8968900043963,374.28912353515625,1044200
2020-03-30,377.443114491215,393.16991092834894,374.4356423825245,392.39434814453125,1177300
2020-03-31,389.4126951416618,395.2208291506382,376.5727153309313,379.1407165527344,1389200
2020-04-01,360.30304953337924,365.8095952870261,346.3342146363515,352.9179382324219,1163700
2020-04-02,351.7459535260962,373.88411455060725,350.03109482391125,367.5589294433594,649300
2020-04-03,367.71405564457933,373.11719678721977,354.2019424652567,360.26861572265625,612600
2020-04-06,380.89869500408497,390.3520084061381,373.47908066037564,387.370361328125,957900
2020-04-07,404.1571184221437,404.21744669170596,380.8728521117735,381.855224609375,831100
2020-04-08,384.1733707351066,392.644313110715,380.57129387568875,388.6199645996094,772300
2020-04-09,396.40138583022963,412.50734858880315,395.04844435396024,406.24249267578125,1154600
2020-04-13,404.03637243998935,405.2255806987896,387.1376231489709,389.843505859375,689100
2020-04-14,402.2526979114932,403.28677289851265,393.368136850872,394.7038269042969,566300
2020-04-15,381.3123085717232,388.64574331898064,379.16657884778596,381.8121337890625,590400
2020-04-16,383.63897516429853,398.85734410604294,383.33736016369744,395.531005859375,764900
2020-04-17,410.46507815688125,417.6778566400881,404.4587335737907,410.93902587890625,977200
2020-04-20,403.1574415349835,409.5343281415883,399.977610919431,405.70819091796875,589500
2020-04-21,396.46176428159373,411.58533028840253,390.65360361892573,408.78466796875,1200700
2020-04-22,417.3589761701186,420.4267762067753,409.79288093166775,414.49798583984375,842800
2020-04-23,414.7738063030659,417.73820189145204,404.4242729605432,406.052978515625,512300
2020-04-24,410.21517914654515,410.21517914654515,404.7086596168813,409.4482421875,517600
2020-04-27,414.55838031608107,429.27692743275225,411.10278522975347,427.98431396484375,613900
2020-04-28,437.8253622205443,440.1693020369616,426.35557573789697,428.94940185546875,655700
2020-04-29,440.06585444394364,444.65892831439663,431.37947925681044,440.6863098144531,638000
2020-04-30,431.93964930308454,437.71333252751816,428.98387988652956,432.6290588378906,580300
2020-05-01,423.4772945878042,424.3821132312598,416.35067092253286,417.2210388183594,526300
2020-05-04,412.77448827870495,416.83328642623513,407.6988144113503,414.9374694824219,634900
2020-05-05,420.62491704037154,425.46792965500885,417.84150693305435,418.3671569824219,525900
2020-05-06,422.0210357210232,423.7186689819671,410.76668419559536,416.5661926269531,520900
2020-05-07,426.45037151758754,433.29260690142087,425.1232811249549,428.6219787597656,537100
2020-05-08,435.6365228944679,436.041542770712,427.95839692031996,429.81976318359375,450500
2020-05-11,424.20979454206764,428.44095161275874,421.0816926588828,424.93365478515625,699600
2020-05-12,407.45750024085316,407.8969971215533,388.94729700592876,391.6100769042969,3499000
2020-05-13,396.3927749309718,423.78756605627484,393.3853031536381,418.63433837890625,9666100
2020-05-14,414.4981182256583,430.9918813329117,406.2684883519295,429.3200988769531,11804100
2020-05-15,426.5624046566976,444.30570034844453,422.7017899916137,442.70281982421875,5957000
2020-05-18,447.24422489557907,455.68066253446943,443.44396473982533,445.029541015625,5587200
2020-05-19,441.60840703919285,444.29703837548226,429.8628308713499,431.9051818847656,2099700
2020-05-20,439.10934486290324,442.07374007761786,433.85271228458464,438.4027099609375,1496400
2020-05-21,437.83402066428346,439.1697370218367,434.44737970244006,438.20458984375,1007600
2020-05-22,436.0415074744584,442.5649015559703,433.4562811455584,442.33221435546875,632700
2020-05-26,452.4146218263479,456.85261486955653,449.32094441270345,451.2340393066406,1064300
2020-05-27,462.10927353432,463.05716895422313,452.69906305484307,462.2385559082031,1182100
2020-05-28,472.64837672372795,473.9582417864777,461.04073375760345,462.61773681640625,1132800
2020-05-29,457.31801379572505,460.6012497866933,448.57993443197256,455.55145263671875,1159300
2020-06-01,454.9999147233726,468.02082769010053,453.9054852187973,463.8155212402344,668000
2020-06-02,469.13241207446043,472.0364786929492,463.98778447721634,466.4954833984375,846800
2020-06-03,473.95814214924735,475.6299238817817,467.7622145143792,471.9847717285156,1071500
2020-06-04,470.1196632771358,475.50680456509804,468.44541103214436,473.815185546875,913400
2020-06-05,484.06031297007695,487.6083769122172,478.52571232433354,482.7851257324219,1438000
2020-06-08,483.3837531916311,487.46097522266217,477.59759773713984,483.4792175292969,1133400
2020-06-09,475.3593820473179,487.9640613490491,474.4745765536977,484.1123962402344,851900
2020-06-10,485.31822236145433,492.3709338306184,482.00439784890517,484.1123962402344,779700
2020-06-11,471.9761431361956,475.9665831647666,452.08456786175265,455.6152648925781,1250800
2020-06-12,467.0575037126252,467.690755644336,447.71239846366325,457.2027587890625,1065600
2020-06-15,449.56022859844717,476.7648098728054,447.3828158540165,471.0740661621094,1242900
2020-06-16,484.8410549829759,484.8410549829759,467.881552594809,477.4673767089844,826900
2020-06-17,481.4231314001705,487.0965070967126,479.54931999476486,481.6573181152344,704600
2020-06-18,477.00757327249994,484.36388465649276,475.8451642487467,482.9932861328125,531800
2020-06-19,491.8503422682161,491.8503422682161,474.3877331240862,481.7787780761719,1875200
2020-06-22,477.78846928539167,484.55489464605137,475.8973435402007,479.9051513671875,478600
2020-06-23,485.7953255204522,487.52162543775705,479.9050762596126,481.1542663574219,605900
2020-06-24,475.9492550946931,478.7686026026235,465.1836554215136,467.2049255371094,868800
2020-06-25,466.5110315075208,477.4674559860771,462.15620620180243,474.4919128417969,713900
2020-06-26,470.27587242907833,472.27977596624015,458.58210225962233,463.9778747558594,1167800
2020-06-29,468.445442447903,468.93991899085154,460.6293350199065,462.2602233886719,774400
2020-06-30,463.2144365764135,473.6330185418668,463.2144365764135,471.9934997558594,1067100
2020-07-01,472.1670650671041,474.06687411557533,466.24213454281454,472.193115234375,548600
2020-07-02,481.87421319551856,486.28108531379456,475.92323357420537,478.6558532714844,742000
2020-07-06,485.795378799481,489.6123636690461,483.2710011101169,483.6700134277344,703100
2020-07-07,480.04385124246284,486.20302079280884,476.3916923263631,476.4524230957031,557300
2020-07-08,477.9965312490368,485.74322449861745,476.6779271393268,483.7219543457031,435700
2020-07-09,480.9894072554175,483.60051247196054,472.1409824257912,476.63458251953125,462700
2020-07-10,477.5801749375923,482.25591441146616,474.3270814445755,480.6597595214844,489500
2020-07-13,484.2338829916023,490.3323221786965,478.85542380143556,479.3412170410156,786400
2020-07-14,479.5145667710797,487.97260813337067,478.38683851226915,486.948974609375,567300
2020-07-15,496.44817785379223,497.07274646596915,486.0035438496833,493.24713134765625,767600
2020-07-16,490.3930031051953,494.2620347986598,488.5018777237895,491.83306884765625,729900
2020-07-17,501.71386071871547,513.9715240730676,496.76919982294504,509.8422546386719,1150200
2020-07-20,503.3359362438393,507.4825713872315,500.6554169276156,502.798095703125,706700
2020-07-21,507.26572681295465,507.26572681295465,501.6617118643661,503.1451416015625,523000
2020-07-22,503.4314794998927,508.8879833013103,501.39284221042607,505.3486022949219,460500
2020-07-23,503.4141030010722,507.5260051604535,498.9985469801914,501.54034423828125,453600
2020-07-24,501.4101180249775,501.4101180249775,492.44023206307094,495.0080261230469,421600
2020-07-27,493.368396716724,501.6529824440582,490.43627137219147,499.0938720703125,618500
2020-07-28,496.9860375779576,498.1050828582015,493.6027986228107,495.0775451660156,488900
2020-07-29,494.2534130050326,503.3273955589475,494.2534130050326,501.0632019042969,724800
2020-07-30,493.87155272198765,497.15069580078125,489.2651752642604,497.15069580078125,341200
2020-07-31,496.4913829926058,499.0851738864463,491.5900352535101,498.8162536621094,375900
2020-08-03,502.581218896019,506.22469407223366,500.81155515785,503.10174560546875,496400
2020-08-04,497.6366300786673,499.40629406848194,492.67455006988706,495.3724365234375,513100
2020-08-05,500.29106727262666,507.41313896064594,497.2721606959956,505.0102233886719,465800
2020-08-06,503.1105112189761,506.0512678759357,498.8684640494564,505.0796813964844,455000
2020-08-07,505.461307433251,510.38002284654107,502.6419597796216,510.2498779296875,469900
2020-08-10,508.5322978247016,509.35637253196984,502.8588685627372,503.31866455078125,465800
2020-08-11,507.74275052712403,517.4673490382712,506.0338177334737,508.90521240234375,576800
2020-08-12,513.6765145792771,525.4570129778749,506.9621377290115,512.0282592773438,612200
2020-08-13,508.9746246377841,516.4177170766789,508.9746246377841,511.4383239746094,359700
2020-08-14,510.61416178141246,513.9540358423891,506.6670860252396,510.48406982421875,316700
2020-08-17,512.6269040446379,516.6260283872048,509.98974813135527,513.5811767578125,411100
2020-08-18,512.7655929056715,515.9492720025617,510.7790034111628,511.13470458984375,456200
2020-08-19,513.8412311703169,516.6345282558758,510.77896090266233,511.60308837890625,418700
2020-08-20,507.37851023039815,510.31063618392,504.0473190648482,506.0599060058594,552400
2020-08-21,507.8383618986573,510.085189004266,504.8195073150969,506.64990234375,418400
2020-08-24,509.5472445603416,513.2861314168688,506.8666720915261,513.0779418945312,381600
2020-08-25,515.6805224722281,515.8106144765985,511.92426807008894,512.8178100585938,373300
2020-08-26,513.086508313811,516.7646635632299,509.9982408923673,513.6416625976562,540200
2020-08-27,514.3704729107225,519.5407419227823,513.54634529884,516.14013671875,428900
2020-08-28,516.6866500203064,521.6313626422539,513.6331156466614,521.4144897460938,436000
2020-08-31,522.6810538105085,524.0343385835223,515.0037214108753,515.454833984375,581700
2020-09-01,515.9319169693681,521.3797893286552,514.552635052801,517.233154296875,402800
2020-09-02,518.5345235031932,528.9010607716812,515.4549383010262,527.4349975585938,684200
2020-09-03,527.225455116409,528.3774281299051,500.66914007162023,505.399169921875,739200
2020-09-04,507.74676821264813,509.73655441738214,486.84554384764584,492.7537536621094,822100
2020-09-08,488.70439954285587,489.38513269131016,478.240710762343,482.2027587890625,837100
2020-09-09,490.12693236943096,492.29121645840985,484.63765552384814,488.8702392578125,830500
2020-09-10,490.1445048346398,490.4237759467076,472.3152042458735,474.1478576660156,891000
2020-09-11,475.1688317307417,477.76078471690545,469.3915479760863,472.306396484375,660900
2020-09-14,475.6574997896058,482.7875137938329,474.11285340232547,477.69964599609375,631400
2020-09-15,482.70016486527055,482.97943588233653,477.6123508259593,478.3802795410156,626400
2020-09-16,481.5744765813044,494.7173680048376,478.93889920874904,490.2229309082031,1003900
2020-09-17,484.3059545111261,485.04772985738026,475.19494408448344,478.59844970703125,1033500
2020-09-18,478.6510449205275,487.9802354179079,478.6510449205275,486.025390625,2989100
2020-09-21,478.7904496939306,485.8855204323367,473.4582538459788,482.2463684082031,659600
2020-09-22,480.98977334201044,485.70233262101357,475.21248982591817,480.6842956542969,565600
2020-09-23,480.2565193470038,482.4906337960988,469.5571868919862,469.98480224609375,511400
2020-09-24,468.8853400807352,473.10045224531893,464.11163260604474,466.9391784667969,552800
2020-09-25,465.1065212489909,479.0261281944345,463.74510831904314,478.0748596191406,486400
2020-09-28,483.86087870315066,492.1515473551942,483.4768877086465,487.53497314453125,567000
2020-09-29,488.85265704182183,490.63300295010566,482.0543286364793,484.17498779296875,409700
2020-09-30,486.2695515047419,498.2168436824887,484.4455809387398,491.8111877441406,741100
2020-10-01,503.4095493194586,504.63130041305175,494.0977787008181,495.61627197265625,551300
2020-10-02,489.1843907558094,501.5156750547467,487.9975287446783,497.5448913574219,523400
2020-10-05,501.54173819243726,507.49357089683895,500.0581344702302,507.02227783203125,435300
2020-10-06,507.0224159365977,515.41780532967,504.5352364200566,506.3678894042969,704300
2020-10-07,509.93725787475046,517.3290185204448,509.93725787475046,516.6832275390625,573500
2020-10-08,519.5719432524655,529.0407936123922,518.6818232731401,527.49609375,538100
2020-10-09,532.8718960651473,536.1009045798185,529.363669744206,533.7184448242188,525100
2020-10-12,537.0347858018076,541.6513615844307,535.5424457607127,536.6159057617188,644700
2020-10-13,553.4413667415475,564.0185098472114,546.4510157760893,557.6216430664062,1154900
2020-10-14,560.126301492748,561.5488099172754,553.3366548269178,558.3983154296875,694200
2020-10-15,553.3716175373472,566.2963316278139,552.1061890233034,563.9749145507812,792700
2020-10-16,569.036586316042,575.6080578673981,565.510889452444,573.6968383789062,765500
2020-10-19,574.4561315772928,581.7781146518363,552.4466111692262,554.06982421875,775700
2020-10-20,555.5795754726316,568.1115641418623,555.5795754726316,562.9539184570312,473500
2020-10-21,564.2716210889262,570.5026723020449,554.0086380101454,554.156982421875,452600
2020-10-22,554.1657349831922,556.635496401473,549.6451453007011,554.3228149414062,483300
2020-10-23,556.6703515538695,557.7961178189001,552.8653840887074,556.181640625,494200
2020-10-26,549.8021887664668,551.1898082035051,537.4360179429948,542.9863891601562,686100
2020-10-27,541.3546232289947,545.0723430419821,535.3765813307284,536.3016967773438,349800
2020-10-28,525.9687776651057,529.250145752221,520.3573101206362,524.2408447265625,645600
2020-10-29,523.8044172816881,529.3722595661479,515.1210228776421,525.654541015625,447400
2020-10-30,521.5091933645217,524.3803633135815,513.0614457361698,522.9317016601562,530400
2020-11-02,531.4405608455954,539.635191091422,529.2500705844276,536.5982055664062,462400
2020-11-03,541.8606576466278,552.7170719468,540.2025026489371,549.1564331054688,560400
2020-11-04,548.3099069021874,574.2204307747561,547.8910269974633,568.652587890625,811700
2020-11-05,576.8735997919069,586.455852479419,575.7914576342187,583.130859375,714400
2020-11-06,581.2718000457695,582.9648437885896,570.9128332055561,571.532470703125,493900
2020-11-09,597.905586303045,604.5468356984961,578.7585024101344,581.2369995117188,870000
2020-11-10,576.917155672993,581.6908103611473,562.9975471996396,576.5069580078125,758000
2020-11-11,585.3998703336894,589.7284922790918,582.1185549125039,585.2515258789062,455800
2020-11-12,581.0102307805975,583.5497707701871,571.5064909475002,575.8001708984375,501700
2020-11-13,575.9832075638137,585.6701765666444,574.4908682595483,584.509521484375,664100
2020-11-16,595.6192693538691,595.6192693538691,584.073435946744,590.3219604492188,607600
2020-11-17,590.3478771779679,590.3478771779679,579.919080043587,582.5197143554688,768900
2020-11-18,585.4084541809601,590.5137925196267,583.7939768885568,584.6143188476562,509000
2020-11-19,581.193374393007,589.370641826977,578.8109147770207,587.7473754882812,471200
2020-11-20,588.2185547471481,589.7283119970539,583.8375741413674,587.0753173828125,396200
2020-11-23,590.7146005901039,601.2917457608243,588.0616053867134,595.9420776367188,505400
2020-11-24,606.2399029269081,611.4673795525828,599.1099422718956,610.280517578125,652000
2020-11-25,609.2508049948052,614.6092088414283,607.7672007249391,614.0419311523438,401200
2020-11-27,616.7821656372516,627.3418389956561,615.3771281391533,624.0779418945312,313400
2020-11-30,619.8890131166763,622.4023993715707,608.9104060217214,609.4514770507812,888400
2020-12-01,619.3305780141003,628.7906936449679,615.4296246048549,624.1828002929688,549500
2020-12-02,623.9819186871953,627.306911116293,618.7282356974837,626.9141845703125,484100
2020-12-03,630.0982474625199,633.1331517244626,624.3091819037536,627.5194702148438,604400
2020-12-04,625.7650940449593,631.7910019863922,610.9678437100548,617.03759765625,816100
2020-12-07,616.3622102112772,622.3968977623931,613.1431427021748,622.3179321289062,680600
2020-12-08,619.9496423500399,630.26474878177,617.0463303812469,626.20361328125,598200
2020-12-09,627.8877797562014,628.1596892212956,611.2222296782418,615.467529296875,489400
2020-12-10,613.6344308578053,616.3973718818879,608.9505099692391,612.599365234375,438600
2020-12-11,607.2401024360979,611.3889843341256,604.7402909421497,609.7838134765625,488100
2020-12-14,614.4588891914556,614.476395472167,599.4862009407361,599.8896484375,658500
2020-12-15,606.5558924704243,617.616542492011,605.5121005735846,612.3975830078125,617300
2020-12-16,617.502601883886,621.7128361895238,608.3365369299653,612.5643310546875,849400
2020-12-17,616.6254420663548,622.4846930431737,613.3712543864615,619.265625,832200
2020-12-18,618.5113024766829,619.7831044433484,606.538397297823,612.9414672851562,1610700
2020-12-21,608.7312604222791,617.0815968610435,604.4946863719019,612.9678344726562,631800
2020-12-22,613.9940552505792,617.2043434693206,606.7576967422689,608.3102416992188,596900
2020-12-23,615.7483763194979,621.1602808192811,610.6697871894944,617.1868896484375,752600
2020-12-24,616.941089027626,623.5020891520292,616.941089027626,620.291748046875,173300
2020-12-28,626.7914713502034,627.2563247263321,621.9496725091263,622.9232788085938,272300
2020-12-29,626.0458907253666,627.4317780511527,618.9147838543748,619.5025024414062,318400
2020-12-30,625.6598024457021,628.8525837226056,621.0110019798932,621.8355102539062,355300
2020-12-31,620.5550051423179,633.6593947332578,620.0638120379949,632.8875122070312,361500
2021-01-04,640.8343707563388,640.8343707563388,615.7834144521236,623.4846801757812,623600
2021-01-05,621.7215716794673,629.0895213399475,618.6077555683944,626.7826538085938,431400
2021-01-06,630.4491636927697,653.2809455094864,628.1159560835637,644.6587524414062,730700
2021-01-07,656.3946545197456,660.7189198577927,651.7195140746013,658.2190551757812,656000
2021-01-08,664.122305543651,666.069518135686,655.5877517719459,663.50830078125,622900
2021-01-11,660.3242546107153,675.7442906989635,658.2980765054699,672.4813232421875,614400
2021-01-12,669.7008299019681,683.5595413819136,669.6920499930469,682.1824340820312,675900
2021-01-13,683.0245762167355,691.1819155278134,681.191341742792,683.945556640625,848600
2021-01-14,657.8507875546402,671.7621260268141,648.2549352587351,652.1494140625,1642900
2021-01-15,650.9915232352934,661.745198234574,635.0452282108957,638.34326171875,1174500
2021-01-19,647.0795332822222,652.956344191623,639.4485071917811,643.5096435546875,852400
2021-01-20,647.9478025536275,651.2019360640862,639.5624020226217,650.4300537109375,747600
2021-01-21,653.2108324007135,654.1405928002818,646.448106343602,651.0092163085938,639600
2021-01-22,648.9916208161892,652.3510062812118,641.0272272309302,644.7374877929688,565700
2021-01-25,641.027330574046,645.3691563034755,625.9493889917934,634.1505737304688,806400
2021-01-26,637.6678458706464,643.7288737657256,631.5717518771053,633.1593627929688,827900
2021-01-27,625.5723367005023,626.2652536831846,601.4423580168508,612.0556640625,1104400
2021-01-28,615.3097439127835,641.2027669463882,613.4940693916678,631.457763671875,822400
2021-01-29,627.4668160910294,628.9755150125444,612.7835956302202,615.0992431640625,801100
2021-02-01,621.0111287725691,626.2300889376808,615.1080316433096,625.5458984375,483100
2021-02-02,630.9840714206243,643.2201051146988,630.9840714206243,639.8694458007812,879300
2021-02-03,631.5367552458092,638.0626371914573,628.5106309197163,635.115478515625,685300
2021-02-04,635.3084859747113,647.0269896463855,635.3084859747113,642.4571533203125,636400
2021-02-05,643.9833138992108,646.8690668319109,636.0276983850828,637.0890502929688,474900
2021-02-08,640.9044747718161,641.8342349751332,632.1068457068484,637.1942138671875,532900
2021-02-09,638.3344518715425,641.4570476671164,630.9665027405797,639.2554321289062,451000
2021-02-10,642.4220975561842,642.9132907668304,632.4140158132517,634.3173828125,663100
2021-02-11,639.9746862278486,640.0536518660798,628.7912245573738,632.7909545898438,803900
2021-02-12,627.458034372927,641.6237755063104,625.1248805633037,634.1505737304688,862800
2021-02-16,639.1413820389633,647.0794360841331,637.6063971420953,640.5798950195312,571400
2021-02-17,636.7819368344318,639.1677699498788,630.1946497289218,632.7559204101562,567100
2021-02-18,628.4053947586401,629.0106196389622,610.9065526881454,617.0903930664062,1078700
2021-02-19,620.5023230300767,628.5369030883741,619.6953744752004,622.86181640625,804200
2021-02-22,618.7129410344062,619.2392001525476,611.5993953514026,616.7481689453125,829900
2021-02-23,614.4414340408701,618.9674240400693,603.7403835329517,616.7658081054688,926300
2021-02-24,617.9411006864976,625.5984658246538,614.3360916418562,624.6072998046875,583200
2021-02-25,626.4756265777221,626.7124699750225,607.1085393895161,609.4241333007812,591000
2021-02-26,612.0555525135122,614.8887328393515,604.5911842421116,609.1697998046875,768500
2021-03-01,619.9759746958861,633.2645251261457,618.563801543969,630.8348999023438,652800
2021-03-02,631.2998330511098,634.6943384040727,625.9317755842834,628.300048828125,455100
2021-03-03,630.2561567794652,632.7472421272732,615.1343677067642,615.301025390625,703000
2021-03-04,611.8069750695248,616.6244571398382,596.8249914189786,602.8160400390625,915400
2021-03-05,610.4834495861877,621.1861045407496,591.4075011348859,619.6420288085938,698500
2021-03-08,617.2421444746785,628.3683015267629,614.842235166593,616.7127685546875,649800
2021-03-09,624.6713544552181,639.9003637148651,621.0714904122942,637.0416259765625,959700
2021-03-10,641.1797199211937,647.2678121013455,638.9827291332108,642.7767333984375,823300
2021-03-11,646.2882533164264,647.3558906690297,634.6856606313819,637.1473388671875,751600
2021-03-12,634.641703830085,637.5886528799696,628.6594866549566,631.915283203125,528700
2021-03-15,635.9034737735212,635.9034737735212,624.0449676067524,634.4035034179688,526800
2021-03-16,636.9885596886229,641.7972632017988,631.5357732796142,637.985595703125,562200
2021-03-17,636.4679456364651,644.4530654541619,635.1973898360731,642.529541015625,463600
2021-03-18,643.209114113482,652.8794609195198,637.4475328063656,638.5680541992188,640100
2021-03-19,635.5062815738984,653.4969824524359,629.5505609418176,643.7825317382812,1452200
2021-03-22,643.7823903181147,649.5616331135412,640.1913056857014,644.9117431640625,524700
2021-03-23,643.9060114189926,643.9060114189926,630.1328163418106,632.2504272460938,556700
2021-03-24,636.247321869285,645.1588757016519,636.247321869285,637.7031860351562,544700
2021-03-25,638.409137820414,642.9354899032061,628.4564946940264,641.8943481445312,462800
2021-03-26,645.2650249793528,668.9996491764157,645.2650249793528,667.8350219726562,803700
2021-03-29,658.729180901109,672.2023077224438,657.2733165518608,668.6818237304688,581700
2021-03-30,666.2113082778164,673.5875655239377,659.0644651798187,661.0938110351562,598800
2021-03-31,661.7203065021346,672.5553333266952,660.7321022523946,665.2408447265625,638100
2021-04-01,670.3758447706389,676.9138779051633,668.4523204718131,676.5962524414062,549200
2021-04-05,681.5550576847467,695.0635127359507,681.0080180042738,691.7636108398438,593500
2021-04-06,693.9340754251087,693.9340754251087,687.0960258649162,689.7254028320312,492300
2021-04-07,691.1459145260748,697.2339519247375,689.0989049146623,695.2752075195312,477100
2021-04-08,697.922241239061,707.6366921767209,696.2370165390133,706.392578125,558500
2021-04-09,708.2278007131928,715.2334947856074,705.5014343939032,713.2305908203125,484200
2021-04-12,709.9306087941623,714.3951906570132,707.1954108783546,712.904052734375,482800
2021-04-13,710.0102083170735,711.7130969476124,705.4485821366934,708.0602416992188,376200
2021-04-14,705.4484228771965,715.9039983802011,704.2219728308127,706.8071899414062,552900
2021-04-15,716.6187626883856,730.4360105550594,714.686460105089,721.6039428710938,766900
2021-04-16,726.8801628919864,728.3801327142523,710.7335556360164,715.9657592773438,774600
2021-04-19,715.621697642075,719.5392402335212,711.5365104003135,715.648193359375,491100
2021-04-20,712.2689701036732,717.7305891737913,706.6044325814593,710.2396240234375,525200
2021-04-21,708.474932821931,716.7952890596827,705.5014883179393,716.0364990234375,388500
2021-04-22,715.5778172056065,715.5778172056065,700.1547199342923,701.7340698242188,520000
2021-04-23,704.4779985285554,720.7834226394934,702.2369020599559,717.4835205078125,489800
2021-04-26,718.6745656759867,725.5214466785696,718.2334012181202,722.0274047851562,478200
2021-04-27,721.4804354912727,725.8832485934481,717.0511266695628,723.9597778320312,328200
2021-04-28,723.3950700019857,724.4097698891255,719.3628200258901,720.2275390625,335300
2021-04-29,727.303793974428,731.9007475150299,720.9245724493106,729.9684448242188,455200
2021-04-30,725.0801797954442,726.0066142554788,718.0215494666851,722.8919677734375,451200
2021-05-03,727.9214661566925,734.4507226670921,724.4362556390209,728.468505859375,490100
2021-05-04,725.4949904477276,738.65049160196,722.6274213155232,738.0064086914062,557900
2021-05-05,741.2888896127554,751.8503441546452,740.2476937791013,750.8709716796875,569900
2021-05-06,751.1795342677342,765.3232926645449,749.1766842451334,765.0673828125,666600
2021-05-07,759.1910960323705,773.8553983349933,757.2146878733917,771.0054931640625,474200
2021-05-10,772.4261302260883,777.1554009146904,756.5265438303277,756.5530395507812,566400
2021-05-11,748.4532766752893,754.6648537686294,736.7447530082646,744.77392578125,671900
2021-05-12,740.9709575556096,749.9618910795352,723.4567506679339,726.5978393554688,649700
2021-05-13,726.5978702768483,745.7532506399274,725.3625882396979,740.26513671875,554700
2021-05-14,748.7884202030133,759.544011327486,745.9208513635025,756.0411376953125,481500
2021-05-17,756.06770341031,758.93527251531,746.5297295567258,749.503173828125,347600
2021-05-18,752.4677086958986,755.0970314791601,740.7856831462462,741.27978515625,373700
2021-05-19,730.6389477803482,740.247468799062,724.4097077539183,739.8504638671875,632900
2021-05-20,742.5239266478314,751.3648800734788,738.2005470491009,745.4620971679688,360800
2021-05-21,748.6738304435892,763.0822244343312,748.6738304435892,759.4823608398438,692800
2021-05-24,764.4939555171343,773.8819487893886,764.2468775532442,769.70849609375,566800
2021-05-25,773.8906286803534,777.5964206970425,768.9143347925392,771.3936767578125,625600
2021-05-26,779.4758849608647,783.7639908823447,767.9173968548787,773.5642700195312,616200
2021-05-27,775.3377994774069,780.375917601593,772.1878783930828,773.2996215820312,704600
2021-05-28,775.7789642176966,776.4495428939631,771.6320070248041,773.8378295898438,435400
2021-06-01,783.4199860397681,785.264023598899,772.9290806970877,773.72314453125,407400
2021-06-02,775.1082545419025,783.463937009702,773.6347803963502,782.9962768554688,543400
2021-06-03,780.0798921027085,787.5261308965518,774.229314553892,780.9752197265625,430800
2021-06-04,783.5461038862637,786.2852725539653,778.1653717867334,786.1522827148438,647000
2021-06-07,787.7565224797296,788.944395150486,779.6100045948232,784.4766845703125,400300
2021-06-08,783.8916218176643,785.8684519379277,778.3867745736079,784.086669921875,303300
2021-06-09,784.9554197170871,785.8064354714452,771.0735667612161,772.0486450195312,463100
2021-06-10,779.849547561258,780.54988131019,768.8575431756894,768.9461669921875,423300
2021-06-11,775.3638763126477,780.9042159426069,773.8746395127001,780.6648559570312,444000
2021-06-14,780.9663978775321,781.5869268353023,774.3357356722267,777.2255859375,363700
2021-06-15,778.8832002738229,784.4146672155879,773.0236954191121,780.9752197265625,442600
2021-06-16,780.0799217604186,780.0799217604186,764.939264493246,770.63916015625,595600
2021-06-17,771.2152600955957,774.902886268757,763.4499115785424,770.1692504882812,569900
2021-06-18,754.3019016062237,759.5763170771056,743.7442515669396,745.3132934570312,1059000
2021-06-21,752.5998331500706,764.3896665939884,750.8003046340307,763.4677734375,575800
2021-06-22,763.7336476104978,770.7100393818876,759.4698041279403,766.5703125,668500
2021-06-23,768.0950350612762,770.0629920761975,765.4267985081227,767.1553955078125,566400
2021-06-24,773.3871911022607,774.743438268116,763.2815887906903,768.857421875,662000
2021-06-25,772.8110723775561,777.6422605367222,770.0275920819398,774.7879028320312,742100
2021-06-28,776.507516435592,780.6827365763106,769.4602464985852,778.9630126953125,373700
2021-06-29,780.9042120481047,786.2761231623273,772.3765256605908,774.344482421875,742800
2021-06-30,772.1018344798105,777.562370145986,770.7367140894883,775.6210327148438,575600
2021-07-01,777.4826210365072,779.858312500729,773.1567189360179,779.3973388671875,426300
2021-07-02,781.8707500537176,793.2794171050742,780.8247400561653,792.1624755859375,430300
2021-07-06,793.3768937338866,793.9619299834463,785.4254216743008,791.3203125,527400
2021-07-07,788.8825816828347,800.2203172001425,788.8825816828347,798.6424560546875,468500
2021-07-08,787.7743650897232,787.7743650897232,773.6354052356428,776.9773559570312,629800
2021-07-09,789.4143248305863,799.4933078221519,787.8009712032311,798.9702758789062,764400
2021-07-12,798.9702394575144,815.8128736131462,797.4278174074118,811.9213256835938,861900
2021-07-13,813.7651321070649,813.7651321070649,802.3032833075546,804.962646484375,590200
2021-07-14,784.538744993348,792.4813416018272,771.2064365064608,780.363525390625,993900
2021-07-15,776.6405082836916,788.474654156884,775.8959168061953,780.0799560546875,620000
2021-07-16,782.6505476343813,782.8809803115048,773.8746281474587,775.665283203125,983100
2021-07-19,760.2588507736751,765.5332658724869,744.3469816691476,749.1958618164062,946300
2021-07-20,751.2434516159894,781.2410910091446,749.0539353138761,779.0515747070312,899800
2021-07-21,782.6505534591926,791.2668636189488,782.0300246041562,782.4555053710938,445500
2021-07-22,783.4307328828796,784.4855617283876,767.9089069434729,768.431884765625,601000
2021-07-23,772.3943116555458,778.3778787327918,769.2562285167993,770.2845458984375,528500
2021-07-26,769.2031771708384,776.3036866606221,768.5028975651945,772.5362548828125,414400
2021-07-27,767.3417219360583,771.0205302744945,760.4185134738713,764.0175170898438,476100
2021-07-28,763.7868743479382,766.0473223610464,757.138466012393,762.980224609375,389200
2021-07-29,767.7937055225533,773.3074264840915,759.4787580718025,770.6746826171875,335200
2021-07-30,769.6641120741953,775.8338548114268,765.8878072844605,768.7067260742188,503700
2021-08-02,774.1407853856518,781.4717821846514,772.5008660302638,774.1053466796875,386100
2021-08-03,778.1207327605379,781.6133650114496,769.1498192012198,780.2659912109375,391600
2021-08-04,779.0961432514049,787.6592713964287,776.6229001414761,781.8618774414062,390700
2021-08-05,785.1328129816427,791.7014174514418,785.1328129816427,788.3063354492188,349400
2021-08-06,788.9444859970062,797.8090307834893,786.8081545096143,794.343017578125,472000
2021-08-09,796.0272872042736,802.7643740314479,788.9179046273921,799.5553588867188,347000
2021-08-10,799.5464755614536,812.8077995123257,798.7486449141384,808.94287109375,382600
2021-08-11,813.4107866696933,817.6126272697239,810.529808981144,812.958740234375,349200
2021-08-12,810.6892593895242,815.5381395313914,809.9711793042435,814.243896484375,299100
2021-08-13,812.0808636281142,815.9635382735913,808.8985225938945,812.7545776367188,292700
2021-08-16,811.8505223095234,819.9438022099728,804.0231138362279,819.8729248046875,320600
2021-08-17,813.5524219281738,816.814567720323,798.7840609056094,806.336669921875,381700
2021-08-18,801.7273292470447,809.4483690137153,799.2895788688022,799.5023193359375,384000
2021-08-19,791.2581759176087,805.60100391763,787.6148607343883,801.159912109375,427500
2021-08-20,803.0303613767571,817.8429829458773,801.0003457388875,813.029541015625,384700
2021-08-23,818.1532083913332,827.8864616875767,817.8074781440627,822.5056762695312,351300
2021-08-24,823.5160807887677,827.6646806019857,819.7840885444658,823.6845092773438,288500
2021-08-25,827.5496350722194,838.4618884282908,824.6597845798501,832.841796875,329900
2021-08-26,835.4035096251221,835.5719381338511,828.0991336558135,829.614990234375,272300
2021-08-27,832.2033556040122,846.6791706827782,832.2033556040122,846.5107421875,454600
2021-08-30,850.3845529183778,850.898711610445,839.986460308017,840.4296875,284000
2021-08-31,842.2559006381407,845.0038879756239,833.31155083117,836.1836547851562,595000
2021-09-01,837.6993299144109,839.9065925078811,830.6165685754071,836.6533203125,324200
2021-09-02,841.5732669947668,846.4310201256567,838.6745435948229,842.7256469726562,349400
2021-09-03,841.0874995862483,845.2186081585668,831.667874303417,834.4813232421875,418700
2021-09-07,830.9288814454433,832.8965132950755,817.8322751647906,823.3967895507812,357500
2021-09-08,824.7144190406373,827.8928760627182,817.8678386165884,822.9605102539062,258500
2021-09-09,822.0344588042591,832.4334153568574,817.8677575183209,821.001708984375,478300
2021-09-10,827.2606913226359,827.6168419510568,814.6626643713544,816.087158203125,332200
2021-09-13,821.989944846804,822.8357617779292,806.6318873882527,815.7666015625,422800
2021-09-14,815.5352631211035,816.3187511272741,798.8328073346805,803.0262451171875,574200
2021-09-15,803.0707264354248,813.638847944898,801.2900818091822,809.8817138671875,494600
2021-09-16,808.5282430912201,809.6767390801938,787.1426880647408,792.7784423828125,726600
2021-09-17,781.7120478047343,790.2146166036306,773.5210701368297,780.4833984375,1272100
2021-09-20,759.5162510579235,763.5672071249332,748.9926337295125,763.2467041015625,767800
2021-09-21,767.2263908911887,768.8289602899606,747.2297852271664,752.5360717773438,596700
2021-09-22,762.5164406998489,764.7689275543216,754.824044035222,757.7086791992188,544100
2021-09-23,766.5673754868368,784.667640114205,766.4694530916112,780.0735473632812,526000
2021-09-24,774.5803799836619,780.456485267844,771.8738198278437,778.6936645507812,322500
2021-09-27,777.251430314354,779.6285758307731,772.8176422934222,779.4505004882812,416800
2021-09-28,775.1234472465943,777.9279840929677,761.6350976555021,766.1846313476562,642500
2021-09-29,767.0928486206221,769.3809292137482,762.0180004158188,762.6234130859375,547200
2021-09-30,767.6002473094761,768.0454084577661,746.2325121915537,746.6776733398438,562700
2021-10-01,750.7197257257268,756.5245897948331,733.1714547637388,749.5534057617188,477400
2021-10-04,745.3066506894207,751.4676662136941,728.9336094244852,735.0145263671875,596000
2021-10-05,738.2018261027332,751.2895744483056,732.6550813628483,746.7845458984375,445200
2021-10-06,738.0059671058691,745.920945624268,730.9190361705325,745.689453125,472500
2021-10-07,752.7853124164028,761.2789674143543,749.1706061291995,749.9629516601562,434000
2021-10-08,747.8353567747519,753.8004744516926,744.826062175823,751.7883911132812,350300
2021-10-11,748.8322166067023,766.2201810411483,746.6509163327372,747.6302490234375,531600
2021-10-12,750.8889693946034,750.8889693946034,740.3564409247042,744.4786376953125,823300
2021-10-13,767.457905322608,780.9284875208494,758.5635932814633,772.6306762695312,1453900
2021-10-14,785.2643460756441,798.369865540998,772.1320908549914,794.6216430664062,802800
2021-10-15,805.3944084488201,814.849626524721,795.9748380416153,807.7537841796875,1023000
2021-10-18,803.0706352672221,807.6735858880423,796.4021305935361,798.0046997070312,541000
2021-10-19,800.6846890169417,805.4212103611446,796.6871504264279,802.7591552734375,408400
2021-10-20,805.9642970222607,806.462875358241,798.6725548954464,803.8987426757812,380500
2021-10-21,803.8987157200824,810.0597308811737,802.0913896906167,804.60205078125,333100
2021-10-22,805.5634808255527,815.5885170582036,801.298857234877,814.6180419921875,372100
2021-10-25,817.7967624111747,829.718193040299,811.9918969979003,823.3167724609375,452400
2021-10-26,831.1514911349816,835.9503415513876,826.5307160533571,829.406494140625,377800
2021-10-27,828.1689654004351,836.3242943786995,816.0606029358681,816.666015625,452800
2021-10-28,815.7488702806133,833.1903075093329,815.7488702806133,832.878662109375,352200
2021-10-29,828.8722007095188,843.9008448143679,828.4982805755689,839.9834594726562,484700
2021-11-01,843.3043999378754,845.2542079911195,827.7148474296708,833.5464477539062,399200
2021-11-02,832.9409541415379,846.6252025142651,830.0919121279977,843.8919067382812,381700
2021-11-03,847.7381885905155,849.1449130722015,840.7313562763212,847.3197631835938,387200
2021-11-04,851.0677910781682,858.3506738163481,843.2329673155916,849.4028930664062,351000
2021-11-05,856.7660442734318,861.7785631342199,847.0170042892631,850.355712890625,340100
2021-11-08,854.7093596171178,860.7902757973619,852.4924659101641,859.935546875,372400
2021-11-09,857.1312126834663,865.1975863391125,848.3882939455458,860.71923828125,394100
2021-11-10,856.490022046111,857.5227719672466,846.9279695797753,854.0060424804688,340400
2021-11-11,853.6054769364877,863.0072789105344,852.937735164635,859.6952514648438,266900
2021-11-12,864.9658226631498,866.4259097408465,856.7659358135015,864.9390869140625,387500
2021-11-15,864.5119022718146,864.9481515229592,846.7054555086039,848.6908569335938,678600
2021-11-16,848.690678284278,851.7088834171414,837.9979005592446,844.8712158203125,472100
2021-11-17,840.8649414021581,842.5476636596271,821.0196217474507,829.370849609375,677300
2021-11-18,832.34447255161,837.3748150193752,817.9657464237541,821.5626831054688,681600
2021-11-19,821.2333148643642,823.9843803525126,810.2200323122556,814.6004028320312,738700
2021-11-22,819.0964396347623,827.9195088951554,812.8374483656337,818.4999389648438,520600
2021-11-23,821.1176704877321,833.9293687313435,817.547468911564,832.8342895507812,686100
2021-11-24,830.0651730783273,836.3864387567369,823.6281611703989,828.640625,438900
2021-11-26,803.7562516160168,813.8079704633005,798.4855046617071,802.7501831054688,543200
2021-11-29,814.4490210122173,832.2376423326065,806.4717140201889,826.2190551757812,610600
2021-11-30,818.7493051700732,823.5392436546258,803.0885658101798,805.3944702148438,1057500
2021-12-01,820.4319694919811,827.5011304694897,801.0941959257598,801.5838623046875,707900
2021-12-02,802.6343536631258,822.7111078658066,802.3227082969219,818.072509765625,630700
2021-12-03,821.8564817268117,822.6577935218208,790.4103463572561,800.9072265625,641300
2021-12-06,806.0860357628454,810.307768012151,796.4172627887366,802.0343017578125,442800
2021-12-07,815.4505987657792,826.8813683519264,812.6152752738923,823.6972045898438,616200
2021-12-08,830.4591606166457,833.7506517558104,818.3486153987736,826.326904296875,413500
2021-12-09,821.8815090191249,829.0726953072053,818.1248979823467,822.0514526367188,376600
2021-12-10,828.1694596487772,831.1032121766009,822.4093362682737,827.4896850585938,453500
2021-12-13,826.4610882181067,827.7937782728911,817.6330811412925,820.7814331054688,463300
2021-12-14,813.9302283173957,818.8138293402772,798.7606958377561,807.1146850585938,828900
2021-12-15,810.1287736530334,818.6079400360343,796.980661191574,818.3217163085938,465900
2021-12-16,827.7579889105413,834.5556250670718,819.6276081589372,824.2607421875,474000
2021-12-17,820.8440906469001,826.4342704118924,808.0269657876773,817.123291015625,724700
2021-12-20,804.8963899900107,805.7997170987733,790.9701289083515,802.5618896484375,549500
2021-12-21,809.3774979732459,817.677822995991,805.20948400912,814.7083129882812,381500
2021-12-22,815.3254621965023,821.3270987106725,812.1592041015446,815.3075561523438,350300
2021-12-23,817.3111007658723,825.8618371328572,815.7995140476272,817.436279296875,416300
2021-12-27,821.8010212352084,825.6739125213164,815.7189174183897,825.1730346679688,410900
2021-12-28,826.255358179211,830.9779132560748,823.8851003234622,824.5022583007812,385200
2021-12-29,824.0103213146618,825.5219079561921,811.8550116242983,813.6796264648438,392000
2021-12-30,815.4686042242097,821.1393068705341,810.7728529960389,817.2932739257812,315900
2021-12-31,818.706450117773,822.7134735173369,817.060677169181,818.9031982421875,215100
2022-01-03,821.3896933460874,824.725894996694,809.8425880192606,815.4774780273438,470800
2022-01-04,820.8350317063046,829.5646640355243,819.7975184961035,820.3878173828125,495800
2022-01-05,821.2198538474335,827.7938839252714,796.7840516088792,797.6248168945312,573300
2022-01-06,799.0467669020909,803.3579195527727,790.7017868905865,800.951904296875,637000
2022-01-07,800.7553079470434,801.9717180414685,790.675077666306,798.072021484375,643300
2022-01-10,794.8787304100885,795.925196616291,771.7488192563516,781.1403198242188,788500
2022-01-11,779.7182577194159,795.0666309488577,770.7918763220341,794.4226684570312,744500
2022-01-12,801.0057471089425,804.9591073472511,787.8665850956535,791.6679077148438,650900
2022-01-13,796.694518603219,797.0791164222506,772.8937822021098,775.988525390625,795900
2022-01-14,755.7922854034484,768.0906805801318,744.9428604184357,759.01220703125,1239700
2022-01-18,746.847958931556,751.2753918818646,737.1791869403096,744.1646728515625,1018400
2022-01-19,751.3199830358494,751.3199830358494,737.9035547673521,738.3507690429688,795100
2022-01-20,740.7299950290488,757.2858778129252,736.7766357443238,739.2899780273438,945800
2022-01-21,738.7087745123397,738.7087745123397,714.4607680329676,716.3659057617188,1248100
2022-01-24,697.2608939227597,705.1765667479057,674.4440071291026,703.7544555664062,1688700
2022-01-25,692.2967719085385,720.6412198034727,683.2272517219143,714.2460327148438,1220000
2022-01-26,725.3817778435937,733.4047782083752,701.3127221576462,711.4912719726562,942700
2022-01-27,722.3942493119384,728.5747821103145,700.954819888816,704.7740478515625,696600
2022-01-28,701.9029084179634,723.2261122237817,691.0803431990327,722.8236083984375,602800
2022-01-31,720.2028941103748,736.7140116195449,720.0239974667285,736.0610961914062,611200
2022-02-01,740.5064021550204,743.556434433331,733.9413264126708,738.7533569335938,631900
2022-02-02,742.4204860034694,742.5188600524558,729.4334191979111,735.676513671875,1030400
2022-02-03,730.3010602544998,736.7677625226535,717.7701049746323,720.703857421875,582600
2022-02-04,717.331794151849,731.1417750159424,713.1279684797726,724.3262329101562,667400
2022-02-07,724.487325820766,737.6891036037117,718.8881928149518,730.6767578125,568500
2022-02-08,729.835944321029,731.535380760234,716.6878855428771,722.15283203125,971600
2022-02-09,732.7607730992165,737.7874584417666,727.1437341945308,727.1705932617188,1197800
2022-02-10,718.8792764926227,724.5320733311986,688.89805879849,696.0355834960938,2082100
2022-02-11,700.4986394939267,702.117553203597,687.153779017947,690.9371948242188,1271900
2022-02-14,684.2379636569846,692.1715419532352,673.4601086118179,680.0430908203125,951400
2022-02-15,694.2554382843406,701.4555770572068,692.6901883514746,698.7186279296875,550400
2022-02-16,695.1230779398666,704.5861480607808,694.5685365607036,700.7132568359375,627200
2022-02-17,692.1179405673605,695.516759054778,680.5976933721636,682.001953125,497600
2022-02-18,680.3024377342931,684.6762071172407,673.0128766876419,676.2059936523438,494300
2022-02-22,670.8215216968409,678.3347445764836,658.9703414801967,666.7786865234375,690100
2022-02-23,671.7159798305424,677.4850560882854,653.9794427339235,655.1600952148438,814100
2022-02-24,635.2948799890704,657.1099557543671,630.9032042467372,654.5339965820312,1173900
2022-02-25,658.344230588156,671.6890914430932,655.9740272993769,671.5996704101562,676400
2022-02-28,661.9488570002214,668.8001573334113,657.7807883757558,665.3566284179688,795800
2022-03-01,662.1902462745531,663.4067107595467,636.5469915031348,639.3465576171875,863400
2022-03-02,643.9886116883271,667.0648593555072,642.2176604754933,660.1240844726562,948200
2022-03-03,668.111466542444,673.0576840993291,652.5484378976336,659.8291015625,694400
2022-03-04,650.07772464409,653.148012155024,626.2265437889562,627.198974609375,2160700
2022-03-07,626.6677498610625,631.8449618750009,607.6156338300224,609.6234741210938,1154400
2022-03-08,607.7598080081676,610.7310671896254,594.3891142140412,596.838134765625,1180200
2022-03-09,618.5193591223506,632.4122902112148,612.2616736724667,624.1917724609375,1432500
2022-03-10,613.6481150012505,635.5094799843105,613.5040776420972,627.7481689453125,1007800
2022-03-11,630.6024863469078,634.7532470091085,617.8440493536973,618.600341796875,814600
2022-03-14,626.5687659556004,639.6243450199818,625.1911508896575,628.04541015625,758700
2022-03-15,632.5923045374724,643.7750672411362,630.5934219058787,637.1752319335938,639400
2022-03-16,650.7620828477978,659.045633438836,640.6147292521418,658.2802734375,1162300
2022-03-17,649.2314296167361,669.0129112721656,649.2314296167361,667.1220703125,544800
2022-03-18,668.4906697052745,668.4906697052745,656.7226344092047,665.0151977539062,1227100
2022-03-21,666.1765638993847,669.8681187865097,655.4169569116318,660.729248046875,589300
2022-03-22,666.5008422687142,674.5052764105237,663.9347675449328,672.4703979492188,565600
2022-03-23,672.4434726606821,672.4434726606821,656.9838245953048,663.0974731445312,761300
2022-03-24,666.3207761731574,669.3461109967492,661.1796139160383,664.7361450195312,463000
2022-03-25,666.2486934115474,669.8502322710949,662.070895145243,667.2210693359375,419800
2022-03-28,670.3364674882066,677.3774830495882,666.2847359855915,675.1805419921875,448900
2022-03-29,689.4966054117396,699.3828115950499,686.2371623171831,696.2134399414062,795100
2022-03-30,699.1938472049318,705.0643740371612,696.1865925682092,699.9231567382812,791800
2022-03-31,705.5775166797998,706.3338090927873,688.0469970703125,688.0469970703125,931600
2022-04-01,691.4954532868877,697.64509620811,688.3981277041687,693.0801391601562,683300
2022-04-04,694.6468118975135,710.0884318368435,693.0261303915638,704.3079223632812,882000
2022-04-05,702.057004015598,703.4346191017518,686.264274823662,688.2811279296875,754100
2022-04-06,677.3145551648145,682.5638146288368,663.6557313341062,670.9938354492188,845600
2022-04-07,670.9936846978675,678.2057750699187,662.7821804797212,674.2891235351562,475500
2022-04-08,672.5874710682074,672.5874710682074,661.0625561828301,662.7732543945312,820900
2022-04-11,659.5769161271087,664.1058783371244,654.8408829855862,655.8223266601562,591700
2022-04-12,655.8401862523805,662.5210248172898,640.5696431488998,645.4227294921875,955300
2022-04-13,645.5758998878115,654.6337687535832,640.2456372733839,644.44140625,908700
2022-04-14,644.6844080745201,647.6556663641347,619.5906928189958,619.61767578125,1103900
2022-04-18,618.5643512501437,622.6070701678229,609.9747001301662,612.2616577148438,834100
2022-04-19,613.6121942163237,634.4650804073831,613.6121942163237,631.6829223632812,998200
2022-04-20,637.2112668953697,639.984412164839,628.0453573723719,629.368896484375,928200
2022-04-21,638.3458990820857,638.4629535233644,611.9646307298486,613.5763549804688,804900
2022-04-22,613.1620709233779,615.7011627456056,596.5319894458122,596.901123046875,797000
2022-04-25,594.5241198690445,602.4295254220515,583.4493969367346,601.709228515625,1138200
2022-04-26,596.6489881689276,602.2044021461131,582.4229188244615,582.593994140625,806200
2022-04-27,581.7747729555034,590.2473715650412,577.8310822871138,578.965576171875,631800
2022-04-28,585.2501272327615,589.2118423837728,575.634024044537,586.1234741210938,1127300
2022-04-29,584.3858174021246,586.4027258152956,561.1378718266415,562.4524536132812,1011600
2022-05-02,566.9813450478002,567.9177254771864,549.2347404535611,562.5604248046875,1537000
2022-05-03,567.701454776472,577.7767597939134,562.8843646020729,568.1966552734375,887200
2022-05-04,569.3313126293731,600.0974452796524,567.2424133380212,598.9629516601562,1038100
2022-05-05,586.4116219974389,591.4628227100322,564.2081560483733,570.6729125976562,889500
2022-05-06,568.4130251444028,573.6352470214024,555.5015353455717,566.0,725700
2022-05-09,555.2852072118436,562.1551466392136,543.3281273728886,545.2369384765625,1079400
2022-05-10,554.1868792763519,562.9836569115955,536.4763245332183,549.4418334960938,1179800
2022-05-11,544.5167484549685,559.4901528457262,539.9067824382064,540.5460205078125,1170600
2022-05-12,533.9280742799041,544.5886522535344,527.6703902429362,540.5909423828125,1117500
2022-05-13,546.2363297124907,561.2998019864845,543.012992295228,554.03369140625,1684400
2022-05-16,540.2308364794072,544.8767974928762,524.9693043578394,538.9702758789062,2287300
2022-05-17,554.3759064599166,563.0735988431271,538.7451856524342,550.7833251953125,1564500
2022-05-18,544.6337736957936,545.9933635337045,528.8950100559858,532.9017333984375,967300
2022-05-19,527.1751913111659,539.6635215065345,524.5460836266451,534.0001220703125,1301100
2022-05-20,537.3946694414435,546.6956602203595,528.6609804629184,540.6270751953125,1200800
2022-05-23,548.9915880478676,554.0697713382456,540.0868244413595,550.5942993164062,918600
2022-05-24,547.6499923383568,560.2373531162156,535.3057530201104,556.7528686523438,1133600
2022-05-25,553.7365897496389,570.4477275607891,553.7365897496389,564.1810302734375,959300
2022-05-26,568.4310183063051,587.8973360178692,568.3319891536374,587.4471435546875,1651200
2022-05-27,591.417710999661,605.7068128260108,590.7784729876921,600.1334838867188,980700
2022-05-31,593.9567920948542,605.2296267400513,589.2027891959225,602.429443359375,2519000
2022-06-01,605.670739529227,609.1102154854887,593.2094467529929,594.7130737304688,919900
2022-06-02,596.4239407106339,620.5452874856496,595.613627269255,618.105224609375,955500
2022-06-03,610.7871314552175,614.3056413131566,605.654490670944,609.1548461914062,788500
2022-06-06,617.1801745815161,623.854437889755,611.3038716842278,612.4193115234375,605300
2022-06-07,604.9199211318988,616.7087272367617,604.72038947809,616.2915649414062,545100
2022-06-08,611.331198373394,614.3055759277496,600.5761936264311,600.6940307617188,481900
2022-06-09,599.2066998066559,607.82159376356,598.0187534854887,598.3723754882812,969000
2022-06-10,582.8022311855017,588.1706560438116,560.1223754882812,560.1223754882812,1149800
2022-06-13,544.1894198545323,550.0929002440186,533.1079683662533,542.93798828125,1226200
2022-06-14,541.1152241888136,548.1884959419998,532.5456589298124,536.145751953125,750400
2022-06-15,542.6659088334567,553.8108996558162,534.830929364641,544.008056640625,922800
2022-06-16,527.1499714764534,532.1466195695243,521.9719460981573,531.1944580078125,1005900
2022-06-17,532.6998373823518,539.4285092903277,525.1459180992397,528.0115356445312,1436700
2022-06-21,541.151490303093,559.3878514978504,540.2446591505114,557.2839965820312,1130200
2022-06-22,548.8957357732181,563.9763402725895,546.9279279301619,552.5140380859375,942900
2022-06-23,556.2592940696535,570.1157011744668,552.5594626776377,566.5065307617188,849900
2022-06-24,573.5162498814765,587.9348861786356,573.2713877785743,587.4270629882812,1013800
2022-06-27,589.4401615977006,591.9339468967677,574.8038956860632,577.5787963867188,637200
2022-06-28,582.5482972889282,587.6265291047239,568.1296612409097,570.5055541992188,518300
2022-06-29,569.1361390541466,571.0405171907247,556.6037291279407,560.38525390625,535200
2022-06-30,550.319440769157,558.4628206884156,540.7614620693968,552.2963256835938,721800
2022-07-01,550.6732922602139,561.5734219074852,549.5215988283354,559.2428588867188,502700
2022-07-05,548.6055340344072,563.3052847520879,541.8315329016795,562.8881225585938,572800
2022-07-06,564.5476187766901,566.1708816633127,553.1124933367697,557.4652709960938,512800
2022-07-07,561.518973926591,568.4471223117054,560.5395807213903,565.5906372070312,507900
2022-07-08,561.1742737213533,565.3638287411246,555.7695407421787,561.8362426757812,347000
2022-07-11,555.0168217382217,556.6944922865546,547.4810583907217,548.6327514648438,460100
2022-07-12,545.9122392342687,558.9978033767435,544.7787005315397,547.08203125,499700
2022-07-13,539.5645475581537,544.1440339088888,528.9092812828457,540.8159790039062,601500
2022-07-14,530.3874687320211,536.1367478922085,526.1706812577924,533.7880859375,1136500
2022-07-15,539.5555691437132,547.5447510205535,530.9588257677905,544.434326171875,1053000
2022-07-18,549.0499898231343,556.2229996287302,539.1564313090464,541.8588256835938,830900
2022-07-19,551.643561531068,570.9862865003105,549.9477916170904,569.79833984375,922700
2022-07-20,570.3695394333115,579.7371203422789,568.1206159812375,575.5928955078125,671500
2022-07-21,575.1486358345705,582.6118392156716,572.0019580043839,579.7462768554688,722000
2022-07-22,581.6777021661081,585.0239109041586,569.0183209732664,574.6044311523438,512600
2022-07-25,577.3976435141374,579.7191849566918,570.5873864161919,576.8807983398438,472100
2022-07-26,575.0488094021721,575.0488094021721,562.4892208168404,564.9013671875,498500
2022-07-27,570.224500386825,586.1937838554427,567.168483800789,583.3826293945312,468600
2022-07-28,587.2910147845716,602.0814274354703,579.2927580441584,598.4903564453125,550900
2022-07-29,599.3336804782807,611.9658856182848,598.6898658606208,606.8331909179688,894300
2022-08-01,599.6875114551717,611.9297336751716,594.4097467896077,608.8374633789062,569900
2022-08-02,601.9365189459459,614.7318955617422,601.2200867814888,604.0947265625,711600
2022-08-03,610.3608718139158,627.0193562403997,606.6065774275288,626.2031860351562,901800
2022-08-04,627.9713893220396,634.2194681856259,626.6837048017153,631.1634521484375,746300
2022-08-05,623.2196553061154,634.7817514940427,622.3490775500077,631.0909423828125,549000
2022-08-08,634.7817541994486,639.5970250066471,629.5583983376923,631.3992919921875,490600
2022-08-09,630.4743882332219,633.4850744420196,624.7976160975636,631.6170043945312,486200
2022-08-10,644.8567134340262,657.6974740636389,643.8954745877669,657.64306640625,822200
2022-08-11,663.900173757906,668.2257762752721,659.6743647370445,660.7625732421875,692300
2022-08-12,664.2538953008784,682.3361127671079,660.2003861521663,681.782958984375,765900
2022-08-15,675.7797180549558,688.3846388909723,674.2743472241378,685.4011840820312,720500
2022-08-16,679.2619851838599,692.5198545764482,678.463969199063,686.5347900390625,664300
2022-08-17,675.1085144475014,677.2123692163934,666.1036883730666,673.9749755859375,594100
2022-08-18,670.9462488482991,678.273460181601,665.7773001222109,675.7886962890625,785600
2022-08-19,667.4639542948203,668.5612398700105,645.9448696365922,647.3413696289062,774900
2022-08-22,633.9567861250098,636.7588641484836,627.7268035025589,630.2931518554688,675600
2022-08-23,628.0531110748934,638.4544374289297,627.5271335289578,632.0340576171875,403500
2022-08-24,630.1479112123313,638.699322316429,629.3498953723117,635.1626586914062,386000
2022-08-25,638.1280468599678,645.5640737407624,635.0629529880026,644.3942260742188,363700
2022-08-26,646.8878550409902,647.7221793904622,612.8091867901313,613.416748046875,633200
2022-08-29,609.3451133617771,616.3004917693484,607.7128285997694,612.9180297851562,379500
2022-08-30,617.5973146182546,618.1504683101036,606.1349561371859,610.0433959960938,486400
2022-08-31,615.4210435566474,618.5405452381739,603.0790283074762,604.3032836914062,651400
2022-09-01,599.6059145750531,603.4599474122164,590.156693038602,602.90673828125,485400
2022-09-02,613.9790583662739,616.2189599499936,593.112866034959,596.749267578125,502000
2022-09-06,602.0573654667486,609.5854719410444,591.9345927428938,604.4692993164062,656300
2022-09-07,606.6528789137944,618.6485342073403,602.8157212650428,615.9716186523438,482700
2022-09-08,610.5172926331132,632.608282029756,603.3089269286618,632.142333984375,860100
2022-09-09,634.9563079883771,640.6572017453587,633.0194673084306,635.3765869140625,536600
2022-09-12,636.9753890956908,641.1688102631854,630.6075249821782,636.6099243164062,756400
2022-09-13,615.8251761396128,616.1083917314227,587.7317953799172,589.1935424804688,1239900
2022-09-14,594.3921146890126,599.1794575602914,581.7478373145008,587.9786376953125,831800
2022-09-15,586.0966142629359,592.9029352277136,575.6906272031208,577.709716796875,778000
2022-09-16,569.9349365152349,574.1740266448755,562.6443215667357,572.593505859375,2693900
2022-09-19,567.1848923215665,581.4371238356005,567.1848923215665,579.8931274414062,566400
2022-09-20,572.529574245387,575.2886827771374,565.8602602251173,568.5462646484375,561600
2022-09-21,574.9690041695638,577.5453248236548,555.125446655052,555.5548706054688,816600
2022-09-22,552.9145048929877,555.4634462157505,541.3756536773215,548.6205444335938,854700
2022-09-23,541.9786116759692,547.4693940979207,532.7237760078202,540.297607421875,978900
2022-09-26,539.0276634930962,542.4902109520272,532.5593159177917,534.139892578125,692600
2022-09-27,542.0607991062978,544.3813386165424,524.3733977026577,528.6124877929688,769400
2022-09-28,531.8742342446892,537.9588842324084,526.3743615111464,534.8526000976562,885400
2022-09-29,527.5801588333719,529.8276502163217,511.3454141687852,515.2008056640625,877300
2022-09-30,513.0901892671636,518.5261554520179,502.0812494715312,502.73907470703125,851300
2022-10-03,507.05140458023726,528.4571896172815,496.2982425347289,523.240478515625,948900
2022-10-04,533.1440892390552,540.2519730060866,531.9837913962681,540.2153930664062,778800
2022-10-05,530.8874437002455,537.419694479559,524.3551371588358,532.7694702148438,556600
2022-10-06,530.0742185260955,534.4595162247532,521.4497755551647,522.226318359375,566700
2022-10-07,516.0321764668538,516.0321764668538,499.7334182424121,502.8488464355469,625900
2022-10-10,509.38107927346164,509.9201314176984,494.5624148246523,498.4086608886719,512400
2022-10-11,488.9436643201722,496.04240095726885,481.41555961839856,485.2527160644531,932700
2022-10-12,485.2619114389696,491.91293497566954,481.4704237478828,485.2161865234375,797100
2022-10-13,461.42605039326264,517.9234952237094,459.65365173049287,517.128662109375,2345300
2022-10-14,518.2431188388088,532.3400558647354,500.2816454166685,503.3513488769531,1276400
2022-10-17,517.1010924462012,525.0768564699196,517.1010924462012,520.0703125,890900
2022-10-18,539.027750481692,539.2561520708792,523.6517398842227,530.860107421875,800600
2022-10-19,531.4720939069651,537.2826714669718,523.925698099255,527.9730224609375,815400
2022-10-20,530.2294917569138,539.7035811942869,520.0976327876739,522.9114990234375,820800
2022-10-21,524.1999188137568,546.738571232727,521.6143973012357,545.6605224609375,830800
2022-10-24,553.471870215383,561.8679149472746,550.6762369666175,558.615478515625,948900
2022-10-25,557.2997716436352,581.3732722614357,557.2997716436352,580.9987182617188,956000
2022-10-26,580.1399727169593,586.2154766258433,579.2538014142078,582.6980590820312,1069200
2022-10-27,588.024399243458,600.4494220251455,586.4164433103242,592.9121704101562,943600
2022-10-28,592.747644141249,607.53892957026,589.7692792448115,606.4060668945312,862600
2022-10-31,601.1619672272227,605.3919679906072,589.476909356349,590.1072998046875,1037400
2022-11-01,600.0017492762464,601.2808203088588,592.4827878132828,595.6712646484375,771100
2022-11-02,594.2916404069613,605.921828555431,582.7893704991258,583.6207275390625,1061500
2022-11-03,572.3193405959438,583.4470549013829,569.1582437852028,579.0526123046875,717200
2022-11-04,590.2535417621774,603.3363887375187,587.1564034796666,599.4627075195312,707300
2022-11-07,603.2083990757095,619.9456687297758,598.9144394558085,617.8717651367188,798500
2022-11-08,619.4340690211924,631.6672678508118,616.5105184042862,627.0352783203125,1084300
2022-11-09,618.849430015428,623.8377399642109,609.4301522815621,611.7689819335938,539200
2022-11-10,640.1820438796525,696.3688194029651,639.6521924868376,694.1670532226562,1795700
2022-11-11,683.3774403033236,717.7747361742323,683.3774403033236,707.81640625,1278600
2022-11-14,694.3406548067767,697.0083690776485,660.3636407969983,677.1192016601562,1183000
2022-11-15,691.6546481412338,694.2949832153814,669.033751650013,676.3517456054688,851300
2022-11-16,669.6733182444764,669.6733182444764,657.9152113741937,664.2191162109375,806400
2022-11-17,653.5115884033517,659.1668124901262,648.8339295518458,658.9932250976562,781200
2022-11-18,667.1426470736984,667.5264018318682,656.873722161536,658.353759765625,626800
2022-11-21,654.6719471571937,665.562117460246,653.6669468787875,661.1768188476562,656800
2022-11-22,664.365228458333,673.3551371038336,663.3693732644663,670.0844116210938,605500
2022-11-23,668.28454303201,676.9820905684719,666.2563643442876,672.7064208984375,489000
2022-11-25,671.0072867752617,675.9315822327305,664.7856302547816,674.0404663085938,301600
2022-11-28,665.1051790722626,672.6880978460813,657.2847138125557,658.865234375,480100
2022-11-29,660.0438860155047,662.1543138854059,650.0764121934093,652.3147583007812,698400
2022-11-30,652.31481643762,655.7773638062606,633.3940122618325,654.1420288085938,2757000
2022-12-01,656.7458833371958,662.3645845315118,649.7568284197467,659.7882080078125,1103900
2022-12-02,645.2526726189918,651.8032134992084,639.2502731572504,651.3829345703125,1142800
2022-12-05,647.746716949852,652.4700448154946,638.3822545397873,651.181884765625,1100300
2022-12-06,650.5471836140896,655.2755056233551,643.9790528366905,653.3988647460938,841000
2022-12-07,650.5932351553846,663.8582420299181,648.256697989994,652.3594360351562,877800
2022-12-08,653.132166223101,657.7132724643733,645.0001860969281,647.0975952148438,625800
2022-12-09,644.3194134330009,656.8485066613308,643.9330693124357,650.326416015625,549000
2022-12-12,649.1488490059369,654.1899627289481,645.8004400389689,652.4237060546875,701300
2022-12-13,679.4964450758272,683.6452222052465,659.2401917755211,666.148681640625,949800
2022-12-14,661.3652784502533,667.4918170390525,647.9622646281612,654.5303955078125,549200
2022-12-15,643.5558244325995,646.646689167658,637.337262859554,642.2587280273438,566500
2022-12-16,634.7524569761787,647.2815505095972,629.1410064047673,644.1354370117188,1697100
2022-12-19,643.4178040317423,644.8528523560327,632.0845774068212,637.0060424804688,606700
2022-12-20,635.6539231786293,639.6923168603818,632.5078659368859,636.1690673828125,590100
2022-12-21,646.1959691371683,658.76183667185,643.3810643367783,655.8365478515625,652200
2022-12-22,646.3616626227765,650.7127926128387,633.0966003074042,646.9963989257812,623200
2022-12-23,652.0006490184077,653.2240814251503,644.117061700227,647.5574951171875,363200
2022-12-27,648.1371405578935,650.9244220838128,644.3931223883053,646.9320678710938,325100
2022-12-28,647.6126665659771,654.7971173398331,644.1998011927806,644.2366333007812,457700
2022-12-29,650.0412510565557,663.1958725927554,648.0818502158477,658.78955078125,395300
2022-12-30,651.5591559991244,655.8091104142052,642.4245108006578,651.8719482421875,413000
2023-01-03,662.3311257619645,665.5875669175522,647.4010962689619,655.0086669921875,540800
2023-01-04,662.0091946835913,669.2120053920214,656.2597924374909,664.0789794921875,710200
2023-01-05,655.919500969911,659.7278627449961,645.0462235664228,645.0737915039062,686700
2023-01-06,656.278139852795,679.4045484824595,653.5644108149902,678.889404296875,1215700
2023-01-09,682.7622923735015,701.7123013164029,682.339116119753,692.6788330078125,1102800
2023-01-10,689.5879528890966,697.0483642388515,684.758454697874,696.625244140625,758900
2023-01-11,697.2875624556267,702.5770129623812,688.2356781013422,695.3741455078125,788000
2023-01-12,702.0341193045363,702.0341193045363,681.7870734469487,693.571044921875,938600
2023-01-13,686.8281506529464,697.7382021543768,676.2032672380964,693.5986328125,984100
2023-01-17,690.0937777206266,691.8691862220616,676.2216056242967,689.6798095703125,823800
2023-01-18,690.8390134054263,701.9422665247617,686.5982674920314,687.499755859375,728800
2023-01-19,678.7146262815339,682.1642675943078,671.1806074085755,671.4105834960938,650700
2023-01-20,675.918228863582,683.1946485542234,672.4869469932135,682.3023681640625,724300
2023-01-23,682.449438325254,689.9466812658254,676.4976841076825,688.1068725585938,730200
2023-01-24,681.4008388845057,696.441311071625,667.4643194676414,691.8325805664062,558200
2023-01-25,683.5809426565039,691.5657623213857,673.8299783970076,691.0781860351562,1070300
2023-01-26,689.9283068161365,698.5570146651044,686.4326812909032,698.115478515625,488700
2023-01-27,691.5289555871764,702.8989610043072,691.5289555871764,698.373046875,489400
2023-01-30,690.3053393886248,697.5266216048376,686.7453143511005,687.9595947265625,458300
2023-01-31,689.9282347944516,698.8605258869983,686.3314336348514,698.4005737304688,572000
2023-02-01,693.3502519868152,706.7624725941381,684.7675851702404,701.546630859375,702200
2023-02-02,702.7151389491005,719.1538294851116,702.0160024770687,708.998046875,1101700
2023-02-03,689.9282799001621,708.1515832873981,688.0792631265886,696.5147705078125,1201800
2023-02-06,687.1501165492153,690.0386296125589,679.6253058882824,682.9185791015625,691500
2023-02-07,676.4057518893381,684.0501558606895,670.0675965565828,681.483642578125,730300
2023-02-08,676.4701105732573,682.357521334914,671.4014282226562,671.4014282226562,517600
2023-02-09,679.9198358963558,680.1957960277467,657.2258067229468,658.6240234375,723700
2023-02-10,655.1833895766405,668.2092652695773,654.0611333358521,665.5599365234375,626000
2023-02-13,664.9620134394135,678.6042100241467,663.2602129311996,677.8866577148438,583100
2023-02-14,674.9890366682805,683.3969760497868,668.7704741698625,670.748291015625,466700
2023-02-15,661.5493096808508,669.5340735934662,660.8317572573507,666.1856079101562,479200
2023-02-16,653.8771310997774,664.6860059282284,652.6444347127541,655.8917236328125,492600
2023-02-17,651.7156078964558,659.3231804642813,649.8021906815112,658.798828125,519200
2023-02-21,649.5719869899162,651.8257636124448,636.7760875397905,640.0233764648438,646400
2023-02-22,640.0234676060652,643.0591408080969,627.448390546383,632.3514404296875,937900
2023-02-23,641.4217710257647,645.9017010463516,631.4867584015911,636.4266967773438,614800
2023-02-24,627.8990203700417,635.9114062137618,624.2286115730434,628.6901245117188,553500
2023-02-27,639.2231295049561,640.7133700375873,627.0987970937996,628.349853515625,560000
2023-02-28,630.5944990541025,638.7632550434171,628.4143300042359,634.209716796875,859100
2023-03-01,628.4326868634456,633.133384674398,621.2390280206963,626.0501098632812,635000
2023-03-02,619.0955574722755,632.342201071441,618.8747894367059,630.9714965820312,490200
2023-03-03,638.0548726365569,639.6463454162795,632.9494144840445,639.5543212890625,812200
2023-03-06,637.8031110439163,647.4764839975029,637.0711426247016,637.8402099609375,543300
2023-03-07,637.8401020921174,638.3867454934618,623.7377089847035,625.1182861328125,417200
2023-03-08,626.9345070686745,630.3720950995136,623.256058835099,624.8404541015625,554800
2023-03-09,624.9608692802184,625.6465205824314,602.2692269917677,603.4552612304688,787100
2023-03-10,600.1381614004351,603.6220664568837,582.3294933564654,588.3985595703125,960900
2023-03-13,579.1235554381354,595.9963226983324,578.2618539756227,579.8184814453125,997600
2023-03-14,598.9427712803337,600.4160392229551,578.836291752635,590.9928588867188,928600
2023-03-15,575.3987657321996,587.9074345524648,574.4721976714393,585.35009765625,1130000
2023-03-16,581.2362100728346,597.9885786617866,575.6768009730405,590.2053833007812,726200
2023-03-17,591.8083976375342,591.8083976375342,578.0395511525796,589.9552612304688,2701500
2023-03-20,599.9251029790366,604.5301764763597,592.5682055454472,596.30224609375,924200
2023-03-21,611.4699064960402,616.3343876451511,610.1819636285521,613.5269165039062,791200
2023-03-22,611.609096554067,618.437899030324,600.314228981723,600.712646484375,480100
2023-03-23,605.308370066132,612.4521731506602,598.1459609713536,603.9185180664062,483400
2023-03-24,595.6070223554224,600.2491359034517,591.2336496531149,597.5250244140625,574100
2023-03-27,606.4666548317604,608.5421583587056,599.0077362711103,600.712646484375,411100
2023-03-28,598.877969049622,602.1765487741128,594.2821715405655,598.7852783203125,373300
2023-03-29,604.1502113738085,609.4408789080121,603.1958191073982,608.9590454101562,589300
2023-03-30,614.7871264280883,618.595307234345,608.8477940357587,612.4984741210938,392300
2023-03-31,616.2511895354972,620.0130536801514,613.9532622396911,619.9852294921875,516300
2023-04-03,615.7230115152436,620.9951859204979,608.2733682859023,617.4741821289062,622800
2023-04-04,616.9924247638467,620.4763297502483,605.8272908480246,610.7102661132812,525100
2023-04-05,604.474447561692,608.6347289102425,603.4644635395649,607.8656616210938,426100
2023-04-06,608.3847313105147,610.664109718223,605.966401587889,608.199462890625,441700
2023-04-10,604.4466106768655,611.3773777558363,603.0011668625858,611.3681030273438,393800
2023-04-11,613.3880534671912,622.1348581835956,613.2490456374112,620.5040893554688,535800
2023-04-12,626.4990413131886,627.8796187289935,614.6481991602827,617.0665283203125,481200
2023-04-13,614.6574622550642,622.2646065454533,610.1729044209568,621.4769897460938,694000
2023-04-14,630.2794514180981,652.3132697593778,628.2688143137802,640.5643920898438,1117700
2023-04-17,640.5643198386861,647.7637152883101,640.0639368866875,647.0780639648438,586100
2023-04-18,648.9403881144473,649.7372229756013,639.2021499489899,643.0659790039062,593800
2023-04-19,640.2400056817809,648.1343839666566,639.3412617730809,644.1871948242188,348100
2023-04-20,639.7674808587504,647.6062677359615,639.7674808587504,645.2435302734375,580400
2023-04-21,644.4558463700156,645.1414976182899,629.0655094305461,630.9371948242188,774500
2023-04-24,632.1788210813028,632.1788210813028,623.6728773584236,624.682861328125,451800
2023-04-25,621.3937415558839,622.4036692733749,610.1081471153336,611.266357421875,552200
2023-04-26,607.5413428302801,613.1470676303551,599.8786077686802,602.8899536132812,434700
2023-04-27,608.9868090267707,614.8056831265783,607.152222510834,614.01806640625,393900
2023-04-28,611.3774015660804,622.6815428888805,610.5620171720931,621.9124755859375,529000
2023-05-01,625.507586470416,625.9801452330759,613.5548357854912,614.2868041992188,560200
2023-05-02,609.4316754228448,610.2285670439716,588.6302648712289,603.6221313476562,719700
2023-05-03,609.1443056607021,614.286746639767,593.2351492768101,595.2365112304688,430700
2023-05-04,591.6600689744641,591.6600689744641,582.0978790723576,585.2760009765625,589300
2023-05-05,595.0328422399307,597.321438577685,590.733552164099,597.1546630859375,484300
2023-05-08,598.7945768071726,599.4895028150726,593.7262769351024,595.9129638671875,374500
2023-05-09,592.0769863842733,596.2372678973618,587.1013204595743,588.8988647460938,441700
2023-05-10,596.66351679666,597.5900848617055,578.6417566208808,582.9780883789062,622400
2023-05-11,583.8953786946919,596.2372720436482,581.5326414516921,594.875244140625,726100
2023-05-12,599.081813567426,603.3811027301668,595.7369166057641,597.72900390625,906200
2023-05-15,597.8031415787893,602.51012290192,595.5052710122762,597.4047241210938,501900
2023-05-16,595.4034278366778,596.6357227070293,586.7307073298963,587.2866821289062,362700
2023-05-17,593.2166987362074,603.7703233624021,591.6415781499236,602.8623046875,478300
2023-05-18,602.797443205024,623.7378606025783,601.7689661397058,620.1798706054688,1125900
2023-05-19,623.9878561216111,626.8509756659092,614.0458011729156,617.7427978515625,1362500
2023-05-22,617.4001297497991,626.1469347603512,617.363030832223,622.0885620117188,648800
2023-05-23,617.576141102154,622.6258916202086,610.8770157928631,612.9525756835938,713300
2023-05-24,605.0581773070661,608.3011652994475,600.833029499121,606.9020385742188,554500
2023-05-25,607.1985586420581,614.4257778515779,605.4195638873817,612.0167236328125,522800
2023-05-26,616.0567031441273,625.6652113811003,614.1016577076276,622.9318237304688,533900
2023-05-30,627.7869715758196,630.7056839048719,619.7721909134361,624.1177978515625,504200
2023-05-31,622.4683643651815,625.0720181549268,608.1621523375945,609.2647705078125,1898400
2023-06-01,614.8426770077484,622.1440366887254,611.8776483745793,619.7257080078125,569800
2023-06-02,626.5174984195534,634.6991100822318,626.5174984195534,631.7896728515625,559800
2023-06-05,631.4098238744558,632.8089507114693,624.7106982587686,626.8140258789062,551600
2023-06-06,623.8953222391107,635.2642731472142,623.8953222391107,634.6249389648438,748600
2023-06-07,633.7662686328082,634.7276792720761,625.5431769106077,633.0475463867188,534100
2023-06-08,630.3315513715187,636.4732210026705,621.6417670607807,635.2411499023438,521800
2023-06-09,636.9304120455753,640.7199398264461,632.1515018480958,638.8065185546875,465300
2023-06-12,639.0026272101439,643.2121890784211,636.8092023325873,636.9212036132812,435000
2023-06-13,639.6746787938847,646.9177319660513,639.3666467937124,643.1842041015625,624000
2023-06-14,644.7054621802203,658.1928408482506,644.061483415945,646.3202514648438,678000
2023-06-15,646.9549549747782,665.2585590617504,645.7322270513486,663.8118286132812,644400
2023-06-16,667.788153045439,668.637505585993,655.5608148516193,655.9622192382812,1281900
2023-06-20,649.3444480858273,650.063170369862,641.7000481426436,644.9202270507812,698100
2023-06-21,644.7055871293619,649.7739015177389,640.6734270257208,643.1375122070312,489300
2023-06-22,638.8158528047056,638.9092251720341,630.3781013114879,634.1209716796875,361200
2023-06-23,625.6925592232152,637.434519952215,625.3658983326267,635.1197509765625,686000
2023-06-26,632.9075403281271,639.357183432798,632.9075403281271,634.8582763671875,403800
2023-06-27,637.9011051118314,642.4840415690046,632.608846353633,639.030517578125,528600
2023-06-28,639.0305179622014,640.0852439351411,634.8116140704428,639.5718383789062,368100
2023-06-29,640.9532553491706,644.8827560333353,636.5476638911488,642.3626708984375,524700
2023-06-30,648.8124370341221,649.6151318144194,644.4535594099281,645.0975952148438,921900
2023-07-03,644.0335377430509,655.3834370519393,643.7908493239158,647.3750610351562,376900
2023-07-05,645.5922329029023,653.9553551072926,640.1786293598979,646.6749877929688,681400
2023-07-06,639.3665940243424,640.7666668579723,629.8460873618368,635.2877197265625,675300
2023-07-07,633.0941966058961,645.8908238547073,632.7768217465617,638.5264282226562,435200
2023-07-10,647.6084594912675,657.9689770712799,646.6284197692312,649.7925415039062,568600
2023-07-11,653.2926243863213,663.6251685533637,653.124622485529,662.8878173828125,504900
2023-07-12,674.5271370082982,678.5686969179096,670.970953956585,677.6353149414062,642000
2023-07-13,684.0475398697216,691.0759324222788,678.9886262826869,690.515869140625,928100
2023-07-14,693.5027908180084,694.4361727706571,674.2844313465612,679.5300903320312,1064100
2023-07-17,676.2819022944306,684.1689914201778,672.5017166688106,679.3807373046875,648400
2023-07-18,677.1872915561594,691.477366952196,675.0498104273903,689.7039184570312,790000
2023-07-19,690.6652445711212,702.789865517917,690.6652445711212,697.5162353515625,718900
2023-07-20,694.4547416072575,703.181838606149,693.0359830482106,700.8577270507812,621600
2023-07-21,703.0605069387545,705.9353388709941,699.8030135300104,701.165771484375,512300
2023-07-24,701.6231316715085,706.5793869006259,700.4937191504767,706.1780395507812,385400
2023-07-25,702.4165485173667,702.8178959043964,692.76541142202,696.3215942382812,610700
2023-07-26,693.7361900931945,699.9151745412714,691.6454234722173,693.6521606445312,552800
2023-07-27,696.4148820430919,698.16030159689,679.8753825151565,680.500732421875,555200
2023-07-28,689.0225111071795,696.5362238026189,685.830361047937,689.1531982421875,522800
2023-07-31,690.6933416205436,693.8015196523968,686.6051238760497,689.6292724609375,367700
2023-08-01,684.4676540663313,686.8850813987858,681.8355101477426,683.478271484375,359600
2023-08-02,674.312355818508,675.5723984719806,665.753260588362,669.6454467773438,649200
2023-08-03,663.1490872920313,665.389226414057,658.6128653874887,662.8597412109375,585500
2023-08-04,662.7665547229554,672.9124123698963,661.8425156703576,662.9625854492188,475100
2023-08-07,665.790678227049,670.9429648347179,664.2319463178006,665.081298828125,387900
2023-08-08,656.5314714599145,656.5314714599145,641.7187060959417,650.5484619140625,676900
2023-08-09,648.9429960516159,653.3391875758454,644.9667807340604,645.9841918945312,447400
2023-08-10,650.585881020151,659.0516618306568,648.2990839331843,650.5765380859375,496900
2023-08-11,647.5523845825029,651.7805750020615,644.2948908384433,649.269775390625,381100
2023-08-14,646.6562482522645,647.9256338388158,642.764062063468,646.7682495117188,395000
2023-08-15,639.3572270515881,640.4026101705317,625.8325331022871,627.9979858398438,519700
2023-08-16,625.3657769489322,631.3954436057044,625.3657769489322,627.45654296875,494700
2023-08-17,629.7620868549989,635.6796958656313,627.6899495295495,629.099365234375,471200
2023-08-18,620.913587033015,630.32209198975,620.913587033015,625.5991821289062,530500
2023-08-21,627.4193248726223,631.8528888997337,622.0990366462665,626.8499755859375,434300
2023-08-22,626.8501013007726,629.8089065672194,620.3350555900821,621.483154296875,332500
2023-08-23,623.8724702220755,635.0077091935215,622.67771407272,633.5516357421875,386800
2023-08-24,633.5609660803468,642.7080969117009,628.1379627850779,628.3153076171875,317900
2023-08-25,630.9660867351836,636.7530651966937,626.5418661888128,630.9287719726562,275200
2023-08-28,635.9224674931024,638.0038910554023,629.6874827718436,633.766357421875,430900
2023-08-29,633.4396613807137,645.3962814704414,631.4795251716253,644.9949340820312,502600
2023-08-30,645.6949823593662,652.9006635526143,643.8561903234212,649.4564819335938,483900
2023-08-31,651.3792849632235,657.5116114753185,647.5804134266998,653.8713989257812,617100
2023-09-01,657.2874767888087,659.8915915092012,654.6740191353333,659.1448974609375,454500
2023-09-05,658.5662350665416,661.105006339206,649.1577301196833,649.5684204101562,556800
2023-09-06,646.7964818449173,652.7327783404431,642.8202649757427,647.9351806640625,426600
2023-09-07,641.8240835471092,651.1974452275606,639.2574824583776,649.7025756835938,453000
2023-09-08,650.7555778989956,652.0435838709072,645.6223180652034,649.2889404296875,352400
2023-09-11,653.8391612663826,656.1801342554371,650.5767988449021,654.281005859375,563500
2023-09-12,651.8554893439941,660.6741348884289,650.66153326688,655.6067504882812,404000
2023-09-13,657.0169868506453,662.0749605790788,652.4666180413984,655.5032958984375,645200
2023-09-14,661.5954348217186,666.6252330532997,656.537404441805,664.5098876953125,660100
2023-09-15,659.8562416987895,662.9493840008628,653.717068066556,655.6725463867188,2816100
2023-09-18,654.647818640892,657.6186790273118,648.7624474112398,653.3034057617188,494400
2023-09-19,652.1469476796976,653.942673263517,644.6257185711665,647.728271484375,428100
2023-09-20,649.6460219808012,653.1151904426811,641.8145278195144,642.5760498046875,334100
2023-09-21,636.239506843062,636.239506843062,625.8132360651546,628.8029174804688,547700
2023-09-22,630.8336228702877,631.5199166010858,619.8714576988436,620.5953369140625,468300
2023-09-25,615.819378439542,620.4730924682393,613.9484821116549,618.1979370117188,458300
2023-09-26,613.0930272576936,615.3211869397493,607.1700704144771,608.0161743164062,589000
2023-09-27,608.91861384616,609.642550405735,601.9896871206787,604.8853759765625,548800
2023-09-28,604.5375813924974,608.7870366104157,602.3281860207398,606.6246948242188,696100
2023-09-29,613.732232389978,617.511668062927,606.9067083643201,607.7998657226562,539900
2023-10-02,606.1264332380289,607.5742490888246,600.5136865449184,604.5563354492188,569000
2023-10-03,599.564071826645,599.564071826645,586.2796983113174,588.0377807617188,678600
2023-10-04,591.384822408949,600.1658245403183,587.9532389560708,598.4359741210938,546700
2023-10-05,595.7283595852639,604.3965483499939,594.186493888797,601.9803466796875,496900
2023-10-06,597.0163646250759,612.5194884946142,596.5650518715933,609.4639892578125,608300
2023-10-09,603.1085025988448,609.0878654077792,602.1683490484179,605.1016235351562,536100
2023-10-10,605.1015954650842,610.5357102780293,603.2965167990777,603.5315551757812,626700
2023-10-11,607.0007207983684,609.8211813043466,599.9119266685971,604.2084350585938,515000
2023-10-12,604.7349549711421,605.712751396568,594.2334557915186,598.0974731445312,744200
2023-10-13,590.5762282052247,597.9470571453153,582.895189914875,590.0967407226562,1263400
2023-10-16,592.7762929244944,603.2213863078537,590.8113465282304,597.420654296875,695400
2023-10-17,593.5189514785039,601.5760746522518,591.9959072492227,598.0316772460938,578500
2023-10-18,596.9975981430443,596.9975981430443,578.617604826307,579.7833862304688,664500
2023-10-19,588.2071008484586,591.826669120453,582.0584598090987,585.2550048828125,1040800
2023-10-20,585.9506835345651,588.6019233567848,576.4269237507024,578.0346069335938,850300
2023-10-23,574.8475280604679,582.396931742304,573.9167851637615,577.9406127929688,469500
2023-10-24,580.3286156581262,583.2900649902072,574.2082067031035,575.7406616210938,657200
2023-10-25,571.8484873773804,574.9886259800925,567.37334658926,572.2527465820312,562000
2023-10-26,570.8518885527602,580.9115439347028,570.1937695310586,570.7390747070312,856400
2023-10-27,570.7389575767957,572.5252146892012,560.5006728098696,562.2869873046875,543000
2023-10-30,566.7622440479233,574.142427148927,564.3366315962265,570.7860717773438,528100
2023-10-31,572.5065405422481,576.191926550772,568.2382065156534,575.6372680664062,508900
2023-11-01,577.7149373287376,580.9866532726252,571.3030833254043,579.33203125,537100
2023-11-02,586.4397196879552,606.5308006213961,586.4397196879552,605.919677734375,1174000
2023-11-03,615.631324329569,622.5320189142649,615.1048406626646,618.5927734375,894200
2023-11-06,617.3236815753306,620.7458546137264,611.4383105784826,614.1271362304688,469400
2023-11-07,613.7510007739049,614.3902982534511,608.1946615813322,609.774169921875,440800
2023-11-08,609.6237813465838,616.421073393846,609.6237813465838,615.7536010742188,482200
2023-11-09,617.4269804181789,621.065369817933,611.6920671072901,612.8108520507812,437100
2023-11-10,617.2860108740404,625.625167960528,614.747584907352,625.2020874023438,522700
2023-11-13,621.2722006976287,624.6097339202046,618.7525963740883,621.864501953125,356400
2023-11-14,632.7233716999572,657.2331828952355,632.7233716999572,655.6160888671875,1011000
2023-11-15,656.3870977297631,668.7501419331871,655.9452530309172,666.4185791015625,747400
2023-11-16,666.8886534641824,672.3038905965255,666.3339375307032,672.1159057617188,558900
2023-11-17,676.7601315536176,677.7002850687118,670.9405789998883,673.9584350585938,715600
2023-11-20,671.6362790850711,678.4711560756491,669.4927015409313,677.7754516601562,668300
2023-11-21,676.7223984586776,683.1154300324307,675.7164274457663,681.2727661132812,642900
2023-11-22,683.4916557420505,686.5753870419178,682.5326807237516,683.623291015625,498100
2023-11-24,683.2284648888609,687.0079011007236,683.1532939086967,686.4061889648438,279600
2023-11-27,683.6796391510001,688.2393606895373,681.1787986977957,686.9513549804688,868100
2023-11-28,682.4199650784868,694.6137886595152,682.4199650784868,692.6676635742188,610200
2023-11-29,697.8571894928729,706.3091605427637,697.8571894928729,702.5767211914062,750000
2023-11-30,703.385267075067,706.8920788982108,700.1229617428239,706.2715454101562,961300
2023-12-01,705.1151917061584,715.8141441389068,703.8553606487114,711.0851440429688,746700
2023-12-04,706.8450060520786,712.5610978013386,704.6450216967181,711.1602783203125,767900
2023-12-05,710.3988465307968,710.3988465307968,703.4041015707437,709.1578369140625,860700
2023-12-06,714.098198597877,716.0573096393936,702.6842900086299,703.2615966796875,624800
2023-12-07,705.5045166015625,709.7161281339601,702.8166386137423,705.5045166015625,784300
2023-12-08,703.3373283620729,707.728706241206,702.4571003182135,704.8326416015625,456000
2023-12-11,705.8452664578194,714.7700664067031,704.4445729402337,712.1011352539062,781300
2023-12-12,714.5525191019732,718.7546580812126,712.3473276038294,718.6126708984375,607600
2023-12-13,718.3383006321794,735.5538150488527,714.3727680453488,731.9952392578125,600000
2023-12-14,740.98610290558,764.3344414113881,740.0491493943509,763.8896484375,1197400
2023-12-15,749.4755694937411,775.1237182617188,747.1757010346477,775.1237182617188,2703000
2023-12-18,768.4988654575764,771.3381469802029,753.166733682327,753.7724609375,916300
2023-12-19,758.1543638159068,770.7891424928943,756.1479429854317,758.44775390625,756400
2023-12-20,755.0217206242569,762.2618535493847,746.5796067525127,746.9486694335938,547900
2023-12-21,752.4095887600598,756.5454708091246,749.2484966433669,756.2899169921875,341100
2023-12-22,759.0155156054335,764.2587582148561,757.2835957667711,759.4319458007812,426600
2023-12-26,760.397485937791,765.7542385720873,760.397485937791,763.3976440429688,280600
2023-12-27,765.8203850651599,769.6818237304688,765.3093352368656,769.6818237304688,298000
2023-12-28,766.4923783943269,773.8177148487729,766.4923783943269,770.7796630859375,311500
2023-12-29,769.0666394053137,772.4453910887721,765.3188250539985,768.3095092773438,318500
2024-01-02,761.0692544887069,764.8454887744741,752.8163814517294,757.4254760742188,660000
2024-01-03,749.9582471603491,749.9582471603491,740.4183039107353,742.1408081054688,638700
2024-01-04,741.2984692461561,750.0339725366964,740.7968351763321,743.8443603515625,580200
2024-01-05,740.8725324669039,746.5037847832775,739.5948790973234,740.8914794921875,471000
2024-01-08,742.4058194652168,755.2583159404556,740.967231756642,754.4822387695312,513200
2024-01-09,750.1853863226065,752.5419803153903,744.970564298571,751.9552001953125,454700
2024-01-10,752.3053154945613,756.2424261026617,745.6613799677441,749.9108276367188,510800
2024-01-11,754.2645756241262,757.1227462357718,744.913871091102,750.1475830078125,735800
2024-01-12,742.9452494174715,759.3563202162509,740.8252620246428,756.7630615234375,880500
2024-01-16,760.7285939976689,765.650026316014,746.4091478036181,748.9834594726562,895200
2024-01-17,732.884721005812,745.7182696843937,727.1872115950271,745.2450561523438,617100
2024-01-18,751.9930071494297,753.3463907778108,743.0019509801405,752.655517578125,506700
2024-01-19,755.0121956833601,765.4986238014574,751.5104039685549,762.2902221679688,681500
2024-01-22,763.2081814071248,764.0505153115666,750.9993076102862,751.4819946289062,760500
2024-01-23,750.772264816777,752.9679826811991,746.2388419128849,750.1002807617188,718300
2024-01-24,755.1162466196888,755.1162466196888,743.1250324774767,743.655029296875,659700
2024-01-25,748.5479903275003,752.3148088850578,745.301752806927,748.1126708984375,723800
2024-01-26,748.9361380385443,750.7816823499213,743.4089786174206,745.1220092773438,687900
2024-01-29,745.1315349565458,750.0245470019785,739.2920957893094,746.4470825195312,622200
2024-01-30,741.0334977829131,742.7749491236052,737.3329931112678,739.8504638671875,936600
2024-01-31,737.7114801565459,743.3332592601469,730.9729240427424,732.8279418945312,730800
2024-02-01,734.8911207815688,743.4657474269214,724.6129370225326,742.8789672851562,626600
2024-02-02,738.8283903684543,749.8921262514707,735.6199884114948,745.7846069335938,509900
2024-02-05,740.3047238374234,745.0652218626363,735.5158052733452,741.2132568359375,501100
2024-02-06,742.878973032475,745.784510990635,737.0395343427904,745.7655639648438,666300
2024-02-07,747.6773915324186,756.6211389715359,744.3933172994991,752.1256103515625,700600
2024-02-08,751.5198460002515,756.1384145332182,745.3112869868847,750.7059326171875,545500
2024-02-09,751.6808284721297,757.9083353896291,749.3526546169729,754.501220703125,536600
2024-02-12,755.5611959190795,765.1768702583344,754.9081588809428,758.8074340820312,499300
2024-02-13,743.1819368430829,748.8415528469662,728.7489224694987,736.3865966796875,637400
2024-02-14,743.0398782024968,746.0495671536255,737.4180990306263,743.3238525390625,420900
2024-02-15,746.1632159350885,759.4888691119745,746.1632159350885,755.2962036132812,508200
2024-02-16,752.4947657452085,755.2488432531093,748.7468935470813,751.463134765625,393700
2024-02-20,746.9959957224224,758.5897274880057,745.3775846151383,755.3529052734375,582200
2024-02-21,756.0154536434801,762.8770503381475,752.8070518080881,762.2997436523438,419100
2024-02-22,767.5901243858299,772.5967601275928,764.788737468111,769.861572265625,549600
2024-02-23,773.2877364719202,779.5814998944338,768.4988175793908,770.003662109375,492500
2024-02-26,767.5050377850885,771.1677058952491,760.3121574518534,762.8486328125,577800
2024-02-27,764.0790483239939,766.4829524930627,752.6651391885746,757.6527709960938,555900
2024-02-28,755.9871054552542,769.5588384170409,754.6053010228361,766.2841796875,513000
2024-02-29,769.8238441035811,771.3002681032164,764.1358078581846,767.8742065429688,758800
2024-03-01,767.8741030554232,771.6692267801096,762.0725009585091,771.1771240234375,431300
2024-03-04,772.2561128497483,796.853802331971,772.2561128497483,789.7650146484375,858900
2024-03-05,787.7016667489786,794.8093423979211,779.259554515024,782.6383056640625,497600
2024-03-06,786.4570877392076,792.6851681737262,781.3051692918206,790.7901000976562,538000
2024-03-07,798.0180234161229,799.1893340450694,790.0568078123712,792.028076171875,384700
2024-03-08,795.9801039970905,804.6936741321806,793.9516999082504,796.2372436523438,396200
2024-03-11,795.7897890871246,796.1897389485846,783.0480061007077,785.8001098632812,428600
2024-03-12,790.523426667762,794.4754956937543,783.0288288451673,790.0187377929688,438600
2024-03-13,789.6187618443388,791.9519090219894,783.9430896985716,786.5904541015625,510800
2024-03-14,785.6476729704887,785.9238191067252,762.4305892090453,770.2203979492188,859000
2024-03-15,763.3543580056958,774.9819064786766,760.2593822944201,764.239990234375,1576700
2024-03-18,767.7445064634085,767.8111744586545,755.9645565100449,762.0783081054688,634800
2024-03-19,758.3261875125692,765.5255748664757,755.0026690373475,764.0304565429688,593900
2024-03-20,765.7541062892993,780.1624130859441,762.4972558526686,778.8768310546875,451400
2024-03-21,784.2477683548198,804.3508105184441,783.0001993627824,801.8938598632812,643300
2024-03-22,800.7131117035389,802.1415620937449,783.228892877128,785.48583984375,615100
2024-03-25,781.305311542142,787.5428672902215,776.2866700333858,777.277099609375,378100
2024-03-26,780.3813804834422,784.5810567182782,778.9148591686202,781.0765991210938,374000
2024-03-27,787.3616468780174,795.6562009974976,783.2572361065161,795.2847900390625,466500
2024-03-28,796.3324351718223,798.6751145584607,791.3805206941138,793.9326782226562,532100
2024-04-01,795.1515377248578,795.2848736917232,785.8761438310538,787.3331909179688,395900
2024-04-02,786.1238859882842,786.5143035310216,771.3632315572504,777.638916015625,530700
2024-04-03,776.5532835751121,786.6762403138407,774.7534220762118,775.9342651367188,369600
2024-04-04,783.1526474083541,787.0951842076228,752.488569175918,754.3074951171875,1189400
2024-04-05,755.7740077391595,765.9064957547057,752.4314247578599,759.5165405273438,687300
2024-04-08,763.2876413596199,769.0204487875036,758.821351292947,765.0017700195312,760200
2024-04-09,767.7730169665928,767.7730169665928,756.2978105039911,765.55419921875,802100
2024-04-10,755.9263604926157,757.2024683446374,743.6702614767647,746.2700805664062,654400
2024-04-11,748.0317696381868,751.6695631948592,741.6513469929632,748.4698486328125,812000
2024-04-12,748.0889077841937,764.6970248200566,725.7098541313029,726.9859619140625,1453600
2024-04-15,734.0233882928102,741.0989712068816,720.2341011600337,726.595458984375,935200
2024-04-16,728.1286617113885,730.2713370202586,713.0727988660132,713.9108276367188,662900
2024-04-17,717.1200644577759,722.7005873585358,712.3966930419241,717.8342895507812,585800
2024-04-18,718.7390465051774,725.1004048916088,711.1587740822724,711.6539306640625,614900
2024-04-19,715.5488916109958,719.3961636577918,709.9874326323796,714.2061157226562,867800
2024-04-22,720.6531904883728,729.7476459520371,714.7489175077795,723.8529052734375,617200
2024-04-23,726.8526534703051,732.7187970755272,724.6433100511513,730.0523681640625,461000
2024-04-24,726.4146118164062,731.0237705548179,723.2148969580907,726.4146118164062,751200
2024-04-25,718.3295457337575,724.3576221418011,712.3395985321016,721.51025390625,510100
2024-04-26,723.5292047954033,730.871402779939,721.6055396236475,726.4908447265625,447900
2024-04-29,726.9479057591728,732.6998364752764,719.7961215733176,724.9671630859375,483700
2024-04-30,721.8816457725658,725.1290221077552,717.8439020952266,718.6438598632812,418600
2024-05-01,718.9866477579337,729.3000751520899,715.1012466847923,715.7297973632812,614800
2024-05-02,721.9960002418671,724.7576944775476,713.0634765260444,720.891357421875,632500
2024-05-03,729.1762120277486,734.747144468919,726.3193116735512,727.4715576171875,558300
2024-05-06,732.0616927689649,738.1849759012999,729.3000571438843,737.6898193359375,450100
2024-05-07,743.2416803526529,748.7650677973478,739.6324836592748,743.6702270507812,777400
2024-05-08,740.8895210607083,742.0798962552145,736.9660490695187,741.2037963867188,665700
2024-05-09,740.7942748474206,753.7550653253345,740.7942748474206,751.4885864257812,654800
2024-05-10,754.7264668599323,761.1068313750403,754.2979201670609,758.6689453125,607100
2024-05-13,760.8878965850571,762.306814651848,752.1362549990081,752.6314697265625,416800
2024-05-14,754.7168595940482,764.9921562820765,754.3835196999077,764.6588745117188,492200
2024-05-15,770.5251689194274,779.1530068067286,769.1538542428592,776.7913208007812,667300
2024-05-16,772.6868306147525,776.1246201974516,769.1347115404702,769.182373046875,486300
2024-05-17,771.7726374679563,774.6486026468142,767.8491653276317,773.4772338867188,394400
2024-05-20,770.3917895711492,774.0391155757101,765.8398248845756,766.7825927734375,366300
2024-05-21,766.2398234267841,768.1920273168735,762.0592113745447,766.5350341796875,461800
2024-05-22,765.2112214810589,770.2869974217247,757.6023527824815,761.4686889648438,391600
2024-05-23,760.354538301775,760.354538301775,744.5177820696684,747.1270751953125,538300
2024-05-24,749.8221633459884,751.736296117282,743.6702829060976,744.6035766601562,429000
2024-05-28,744.6035697940772,746.2605628871435,728.9667582374879,734.6138916015625,636200
2024-05-29,726.8811688527534,729.395255227114,720.2531969324431,720.4912719726562,574900
2024-05-30,718.9485727395567,726.0431626597007,717.8724688743957,725.5194091796875,650000
2024-05-31,726.6622430758486,737.3565565285639,725.7290074090979,735.2044067382812,1616000
2024-06-03,742.3084836177533,742.5084875870178,732.0521917257022,740.2896118164062,571000
2024-06-04,740.2895255420552,749.3363765098359,737.6707002619082,747.8317260742188,666400
2024-06-05,751.1268066717163,751.4410820223868,742.2608938523083,751.2506103515625,539800
2024-06-06,750.1173311845845,750.1173311845845,739.4896867491835,741.394287109375,406300
2024-06-07,735.8919453415818,741.9501751864435,731.5975276316257,736.8505249023438,468100
2024-06-10,734.9813950123036,737.0135793101038,728.7602220764572,734.4349975585938,588900
2024-06-11,730.4473018864719,731.7509561927448,721.1394722513119,726.2487182617188,499000
2024-06-12,737.4832620657024,750.1461208497486,734.3583414181363,738.2117919921875,833200
2024-06-13,735.1922750828438,740.7424302365035,726.7951079231096,737.828369140625,462500
2024-06-14,732.8340945042497,738.0774967634902,728.5108912043189,737.4640502929688,376800
2024-06-17,735.4319217925048,751.4689407772782,734.3199366232822,748.7274169921875,541600
2024-06-18,746.6760477124601,751.6414833637416,744.8355911348834,751.1909790039062,479700
2024-06-20,749.6284600674846,751.5743462903594,745.3148517377059,750.4049072265625,496800
2024-06-21,751.2580012683547,758.380299421849,747.5866834020909,754.977294921875,869500
2024-06-24,755.9166517899121,773.0655948812353,755.9166517899121,765.8571166992188,528700
2024-06-25,761.5531915791163,762.3200435793553,755.9167386914205,761.486083984375,388900
2024-06-26,756.587774270464,758.3515280625928,752.024925775123,754.8335571289062,529000
2024-06-27,752.1496100033924,754.4501662556078,748.0181336993769,748.775390625,428400
2024-06-28,751.9960657819145,759.5113552366284,748.8423601083311,754.7088623046875,769500
2024-07-01,758.0734805855864,761.2079959238206,745.4202188462566,749.8680419921875,543500
2024-07-02,750.2514635416946,756.9519254451685,750.2514635416946,756.4439086914062,367300
2024-07-03,756.4439823648951,757.881851875022,753.4436233065319,756.4343872070312,250800
2024-07-05,758.3706977852348,758.409019907655,750.4720110444772,757.85302734375,341400
2024-07-08,757.8530749352327,760.4221199751345,753.2135820276003,757.4600830078125,529600
2024-07-09,760.6425540800229,770.1133257853545,758.7349899209818,769.04931640625,629500
2024-07-10,768.550792403097,778.6446052061192,768.550792403097,778.3666381835938,519000
2024-07-11,784.0893295842441,791.7196442847346,782.0188233853921,790.7035522460938,634100
2024-07-12,795.0363349972671,802.8487235004902,791.2116118192854,793.6751098632812,677100
2024-07-15,795.6019927144886,801.5739842707216,784.5400035936777,788.872802734375,888100
2024-07-16,790.3489130739005,810.5078709837821,786.945967053769,808.9837036132812,744600
2024-07-17,811.2555276250982,813.4698442391235,801.267144221843,806.2517700195312,692000
2024-07-18,800.5769567300124,816.5948438805374,794.4612138303372,794.6625366210938,718000
2024-07-19,799.1390676895235,799.1390676895235,790.8857110763352,796.2921142578125,1036200
2024-07-22,801.8998435496349,810.4791436432496,800.4523788284797,808.312744140625,573200
2024-07-23,806.9418618538401,815.7416152460347,804.2674459281022,809.7025756835938,701500
2024-07-24,809.1179258374144,811.1884321344278,791.8922191355307,793.3684692382812,660300
2024-07-25,790.7898875540615,813.431534161474,788.3646529609958,801.8901977539062,587500
2024-07-26,807.095272793481,822.1258530607049,806.2613131858134,820.7359008789062,555800
2024-07-29,822.4613849907677,829.3343850777692,817.0645765835151,826.4395141601562,612700
2024-07-30,832.1717960136276,837.6932244226863,829.3439742095434,836.4470825195312,539600
2024-07-31,839.0640123392973,848.4388916309449,835.7856860600892,840.1951293945312,656800
2024-08-01,843.5501746592265,848.026725681406,824.6853323195133,829.5069580078125,586500
2024-08-02,819.5856269071231,822.6530935864332,804.5263190624634,810.9776000976562,479800
2024-08-05,790.5310846871957,813.7574517890225,779.4978231248595,796.3496704101562,1328800
2024-08-06,799.9539417209716,816.9303505884727,795.1418529543109,806.127197265625,525100
2024-08-07,816.9590702421402,820.9276038811954,803.740219935881,805.0535278320312,750900
2024-08-08,811.15024213531,820.3429896949882,808.6770898581294,819.4227905273438,381500
2024-08-09,818.0709479586419,826.4968996968846,814.6008946479321,820.7454223632812,290400
2024-08-12,818.7612383882458,821.5027621525684,800.8453823436093,803.548583984375,510300
2024-08-13,809.5013420119367,820.7455213399027,808.7536802920727,819.192626953125,385800
2024-08-14,820.5730073487185,824.0142757022045,816.115588348095,822.0012817382812,325100
2024-08-15,828.7112953659985,839.5528288361551,827.2830210527198,835.93896484375,520800
2024-08-16,836.1210855029452,838.6325594626991,832.7181395046888,836.3511352539062,395200
2024-08-19,837.4056534325207,840.693574733855,830.4271652367459,834.1656494140625,456000
2024-08-20,833.4370837456829,835.8718549805627,824.1196591759774,825.3082885742188,348700
2024-08-21,826.1805517771461,829.0946125626295,818.3968904689135,827.3404541015625,453700
2024-08-22,827.3404562425668,832.7563956396291,823.4006497948491,829.4013671875,327400
2024-08-23,833.4849830111077,848.0170243668507,831.1173194233768,846.2724609375,416300
2024-08-26,846.1957936408278,852.1773213836736,842.3806652999743,846.56005859375,413800
2024-08-27,846.9050784269347,851.2186866362399,842.3039080384202,849.4261474609375,300400
2024-08-28,849.7233606215232,858.3505776069154,847.1064568582132,851.8513793945312,441200
2024-08-29,851.8513376925481,861.4371338737159,848.1321026007473,857.8041381835938,417900
2024-08-30,861.0824461314272,866.0383447787805,853.0975202041792,864.4566650390625,478200
2024-09-03,861.8302058349018,862.7216778811987,844.5182598390347,849.7137451171875,433500
2024-09-04,843.8664155025641,853.8068815078565,842.7640255338073,849.771240234375,356600
2024-09-05,852.8483945942468,852.8483945942468,836.9743166594868,840.329345703125,426000
2024-09-06,841.767072923948,848.1128649612198,825.4424348549509,831.0117797851562,748900
2024-09-09,842.2164680032766,852.4086211110907,839.7865335567477,846.5556030273438,394800
2024-09-10,854.5396256380072,854.5396256380072,838.2437974502848,852.235107421875,269900
2024-09-11,847.0378348100104,847.0860356567449,823.625759554341,845.7650146484375,431900
2024-09-12,849.3423826642089,854.7807209895152,843.1229434649946,853.47900390625,478700
2024-09-13,856.3909583839426,860.2479671630051,851.1261202133402,854.0670776367188,406900
2024-09-16,856.5838688630429,863.8736135121253,854.906020512844,863.1793212890625,380900
2024-09-17,865.2718152112154,876.3896729596721,863.1890560487653,872.185546875,416900
2024-09-18,879.2148466018691,897.2367236086011,873.3714802885443,889.7252197265625,656300
2024-09-19,904.7097390726981,909.029570632446,892.6276292557526,901.4505615234375,625500
2024-09-20,897.4006896938905,898.4806475834476,891.5766268714008,895.587890625,970100
2024-09-23,896.725628052984,905.8764312541791,895.5878174713285,904.092529296875,396500
2024-09-24,900.6116654881957,908.4799385117881,896.7546562141563,907.5831909179688,366500
2024-09-25,909.0198804517819,909.1356448703182,901.1998085917951,903.3115234375,476800
2024-09-26,911.2183670205814,918.6913218823903,905.8281711022306,911.2376708984375,459400
2024-09-27,911.6716156398888,916.3771716847156,908.4220900194189,911.4209594726562,472500
2024-09-30,910.5337721582476,917.2642931510151,902.5111860569624,915.5671997070312,362200
2024-10-01,911.5269592463607,911.5269592463607,886.1092836369123,900.6309204101562,543800
2024-10-02,906.2717479070832,923.0594123597399,899.6473397279601,923.0304565429688,368200
2024-10-03,919.4821017558279,924.3612161934878,915.5479357689003,917.4764404296875,511100
2024-10-04,926.3957695785806,926.3957695785806,897.7478706604451,915.2586669921875,491700
2024-10-07,917.9681463790048,922.6158493085702,904.430065911607,907.0431518554688,561400
2024-10-08,917.5342100303026,921.2080087218983,908.5956317581775,915.1428833007812,389000
2024-10-09,916.039629051412,928.5267073444016,914.0918206913248,921.7479858398438,573200
2024-10-10,920.8609968570654,928.8932354342276,919.5303239020346,921.429931640625,564400
2024-10-11,928.777401822669,960.6748228793541,928.7195490436123,954.8604125976562,927500
2024-10-14,963.4520023119206,965.6505259154881,953.8287827095403,956.268310546875,768400
2024-10-15,962.3237439243654,980.114209678394,960.5109449890706,971.0020141601562,618800
2024-10-16,968.253966923164,982.7851972382936,968.253966923164,979.4392700195312,547100
2024-10-17,987.0085399133309,995.1082820293017,965.8335990199721,966.662841796875,684700
2024-10-18,973.3933852778349,973.3933852778349,962.6902083737423,971.0213623046875,505400
2024-10-21,969.0736687780964,972.5257088731643,961.5621637167444,964.7634887695312,311200
2024-10-22,961.4655799768145,967.983934827773,955.3714984845956,965.0333251953125,504400
2024-10-23,961.4077271761855,972.5834370337146,947.541774635762,952.8355102539062,441400
2024-10-24,955.6124104931421,956.5670695393612,948.0816037059436,948.8240966796875,353600
2024-10-25,952.054445959999,952.054445959999,934.3122396769705,939.2492065429688,433500
2024-10-28,946.895788201528,954.0794798317601,944.0126831509237,950.9649047851562,329400
2024-10-29,949.7884628361716,954.3879648851913,944.1283068572787,948.0238647460938,269500
2024-10-30,950.2898453369105,962.32369393909,943.9643532699592,944.841796875,427900
2024-10-31,935.4789123567851,950.8201982085733,934.881080685774,945.9603881835938,607800
2024-11-01,948.8241917014916,956.5092537038058,945.1889419713726,949.8656005859375,792000
2024-11-04,944.1378875306713,956.5478082985752,941.1583224183387,956.0560302734375,512500
2024-11-05,956.5382791256571,981.3099230027102,956.5382791256571,978.0892944335938,424800
2024-11-06,1008.8585941869553,1019.70643227564,964.2522745497573,993.0062255859375,1266900
2024-11-07,1002.8127611326307,1007.5954149750235,995.494118979686,999.0233154296875,528700
2024-11-08,1003.7672945454209,1012.8890832204191,999.6114285297792,1002.1281127929688,454500
2024-11-11,1011.3367498841536,1030.1493226493296,1010.0543366330143,1016.1676635742188,681500
2024-11-12,1016.5146124391349,1019.291663456848,996.6413889119179,999.302734375,489900
2024-11-13,1001.2507169852008,1006.3419976886674,989.4965372319251,994.1248779296875,408800
2024-11-14,1003.5068880022516,1021.0370451141737,1000.1223533009725,1009.649169921875,1048700
2024-11-15,1001.3662081525932,1014.8850421599049,998.0106294958834,1009.9287719726562,583400
2024-11-18,1001.4531261372395,1015.5697941423368,1000.3153743221352,1012.4359741210938,563200
2024-11-19,1004.7508386390047,1006.9783178226664,990.855930839717,991.3573608398438,673500
2024-11-20,995.4458582045104,999.6403322517971,981.6088609650329,988.0404663085938,593700
2024-11-21,997.7407417778028,1002.2727981128727,987.9728614836497,991.2513427734375,473100
2024-11-22,996.0725993088893,1004.6929581416023,991.7334640747266,999.4088745117188,713000
2024-11-25,1011.3463307032665,1011.5006440262599,993.7294226744469,994.6165771484375,1463700
2024-11-26,995.1566569205861,1001.2024201115731,981.8017269365939,989.7857055664062,772700
2024-11-27,992.74594094546,997.0368163315695,981.6473293913383,983.0069580078125,481900
2024-11-29,984.3279820086201,992.5240672228902,984.3279820086201,986.2371826171875,390000
2024-12-02,989.8532174243941,996.6993850178765,976.6621945456087,983.6433715820312,719600
2024-12-03,994.2308249644168,1008.8875298689948,984.5015526662319,1001.8580932617188,941700
2024-12-04,1000.8937942283741,1002.2244669867671,976.2860589900167,998.0010375976562,1029500
2024-12-05,998.0979772020455,1024.8528029593003,996.6735356628849,1012.4202270507812,880500
2024-12-06,1012.0714975826953,1020.6085662674387,1006.1894358485147,1010.5694580078125,550300
2024-12-09,1017.4493552206717,1023.1181400945694,1010.9375215018295,1013.9705810546875,742600
2024-12-10,1017.342941177949,1031.8686502877795,1013.5153308310712,1024.32958984375,645000
2024-12-11,1028.2734820224468,1048.9233890357943,1027.4401328699012,1032.265869140625,1139700
2024-12-12,1035.1050481623186,1040.7836513208267,1018.6606859182344,1026.0252685546875,687100
2024-12-13,1024.1260156433657,1028.5641173892166,1019.7362942811617,1023.8159790039062,537300
2024-12-16,1026.5678910870026,1038.7776083795566,1023.7770884238959,1031.6746826171875,897800
2024-12-17,1023.312149735217,1026.9266023605007,1006.1119164802994,1016.7227172851562,990400
2024-12-18,1016.722674930197,1028.1378435620413,987.3999619857652,988.6984252929688,864900
2024-12-19,1008.2921485063129,1008.640984085393,983.5141171966669,984.8513793945312,796300
2024-12-20,976.4305404917865,1004.6583063593189,970.9458136519115,996.8284912109375,2079800
2024-12-23,994.115354125994,1009.1061769084208,991.6636868570871,1007.49755859375,488100
2024-12-24,1009.3773425324438,1022.1587524414062,1004.5613065216944,1022.1587524414062,276600
2024-12-26,1012.6334366795875,1024.7365770959796,1012.6334366795875,1021.6260375976562,292100
2024-12-27,1015.5403765032722,1022.7498811758537,1008.0401163918707,1011.8387451171875,337100
2024-12-30,1000.8209757173025,1003.9606141829628,989.841822532587,995.6076049804688,591700
2024-12-31,998.8829619222606,1002.1000801051833,987.9619475574686,993.3594360351562,619400
2025-01-02,998.0979630431958,1000.1328963973363,980.6554743686545,985.8882446289062,604500
2025-01-03,990.5104383221736,992.2837745187987,978.7173947890495,989.2119750976562,469000
2025-01-06,993.8826705631718,997.5262219288902,980.1612136814118,981.3724975585938,616200
2025-01-07,979.6864904797952,980.65551767117,947.9508499622747,950.3831176757812,970500
2025-01-08,949.8792538169264,959.617965765795,945.8190273089439,955.5577392578125,778500
2025-01-10,949.4431083326866,951.6331191971143,918.7927742549915,926.0411376953125,908200
2025-01-13,916.9419764344134,927.6012754999654,914.1221333416604,925.4306640625,794100
2025-01-14,934.4522955377706,939.5687282831827,928.3667764694763,933.337890625,1058100
2025-01-15,988.1848038969322,993.6888116898059,960.305874761844,981.7988891601562,1140100
2025-01-16,985.0547900550017,985.0547900550017,951.7590329885089,964.879638671875,883800
2025-01-17,969.8993700091343,981.4404581977062,966.1298399213969,973.8336181640625,1085800
2025-01-21,982.6129521615394,995.1424072570262,972.6319249712769,980.7427368164062,671600
2025-01-22,981.1206193318018,982.4191417754259,967.3313815000416,975.1708374023438,570300
2025-01-23,972.8646040415097,986.2856075869722,969.8315440646969,986.2080688476562,645300
2025-01-24,981.7602246193319,994.2219001279559,981.7602246193319,988.8438110351562,731300
2025-01-27,978.7174497716559,998.9798411845093,973.5719178223088,998.039794921875,662500
2025-01-28,997.7879911933554,1023.0213793442058,995.2394448955101,1018.641357421875,1083000
2025-01-29,1014.6779194827278,1033.7871048837142,1012.9337417331237,1020.007568359375,808600
2025-01-30,1036.0837001260936,1044.8534424609006,1026.5194076380199,1038.3319091796875,532100
2025-01-31,1040.8223592732077,1050.638609230934,1035.6574870444408,1042.188720703125,957600
2025-02-03,1021.8197770624361,1023.8160298619111,975.4518494665696,982.351318359375,1502200
2025-02-04,980.209700282992,987.9231776754323,972.9032568770318,984.2020874023438,931100
2025-02-05,988.4077133998429,995.7239158491215,974.7540945508662,983.0780639648438,710200
2025-02-06,988.7468629743179,992.090018586162,973.8723193662656,975.442138671875,688500
2025-02-07,977.5158241533688,984.4443326958732,960.4512704660544,961.3136596679688,731700
2025-02-10,964.182037858952,965.4805602954259,946.5360317332716,955.0247192382812,683700
2025-02-11,949.6466168260249,958.8136350519769,943.4448193439654,957.5926513671875,884900
2025-02-12,944.8402772875305,950.5091219993126,935.9640139948857,943.551513671875,562900
2025-02-13,948.7163941616286,951.5847360430254,940.2180656070321,949.9373779296875,480500
2025-02-14,944.801509772851,948.3384826724551,938.3865545098688,943.7549438476562,965200
2025-02-18,939.1229876066842,947.5825757112314,929.3648770957153,947.5728759765625,1048500
2025-02-19,940.9253804177487,959.0462002938737,936.9329932159371,955.790283203125,760300
2025-02-20,955.9453419253126,960.6160601712658,943.8519012801829,958.7361450195312,769700
2025-02-21,961.7498002403701,962.4475305825121,940.9351148246421,944.045654296875,1254000
2025-02-24,945.140613041036,951.8560232801432,918.7443227721175,923.2890625,1141500
2025-02-25,928.2795682564401,936.1965034950853,916.5640040134306,928.3377075195312,1004000
2025-02-26,926.8744289853024,937.1557924084827,922.7851629781998,924.22900390625,614300
2025-02-27,929.393922519502,939.9466424528155,914.2771225298394,915.6240844726562,675200
2025-02-28,913.9669876469359,950.1116872240461,912.8332424823886,947.495361328125,1412300
2025-03-03,949.4916538645082,960.1024545696857,929.1420823174623,936.5357055664062,767000
2025-03-04,922.862716362738,934.7042593270468,904.4318595094526,922.3103637695312,1040000
2025-03-05,934.1421441903376,939.6268116688565,918.4923325358992,938.1539306640625,837800
2025-03-06,927.9694213695915,938.9969544381474,919.3450565694268,929.9171752929688,698000
2025-03-07,928.5532188225669,928.5532188225669,895.3874350920689,922.60009765625,1180800
2025-03-10,894.5202613695669,907.8489679880894,878.3758837641626,891.7532348632812,1069500
2025-03-11,888.7036377460918,899.2651991528921,881.7080498630061,886.9888305664062,963100
2025-03-12,896.3715409012876,899.8109080754904,880.3342634459627,886.6868286132812,630200
2025-03-13,889.5708531932361,890.0385062851378,875.1899259414015,877.3334350585938,656600
2025-03-14,891.5194359325984,905.237774561147,884.6017505176051,904.8480834960938,623600
2025-03-17,913.061580367223,936.2600628468315,909.3981393922144,933.3955688476562,922300
2025-03-18,933.0351305740519,939.7968924769635,931.4567418978539,933.9996948242188,1086200
2025-03-19,935.0323517567123,941.1900411496184,926.5752889578541,932.645263671875,1086700
2025-03-20,928.2219095058853,936.9323044044187,925.1333417845638,929.6638793945312,667900
2025-03-21,923.6524380201965,931.7782672799092,914.0748860678607,927.28662109375,5211600
2025-03-24,935.9774932624858,948.0005297293673,932.4212130203604,938.7542724609375,640000
2025-03-25,945.554954855443,952.1803567102932,937.1563487451455,948.4779052734375,566700
2025-03-26,949.9589501630269,955.0254097907462,939.241464571444,943.37255859375,667600
2025-03-27,940.7127392852764,951.7127559077361,932.9084512384316,943.080322265625,479100
2025-03-28,941.4239336708504,942.7977537750356,921.4796956593513,922.3858032226562,568800
2025-03-31,909.6222412255461,924.9872378893295,896.8100095700693,922.1714477539062,1195500
2025-04-01,921.6160870208313,932.7915329604675,907.4884917515083,919.8331298828125,668600
2025-04-02,910.0411538880317,941.1510823345277,910.0411538880317,937.1369018554688,490300
2025-04-03,894.9685260982033,904.3707079367546,864.374951760117,864.8524169921875,903000
2025-04-04,830.9753922589036,838.4191875560175,790.3268607652667,801.4925537109375,1615100
2025-04-07,769.3498223507623,824.4863798289124,753.8679132650752,796.5040283203125,1654100
2025-04-08,827.4872909124609,834.7946673060143,784.325066241389,794.7697143554688,1812200
2025-04-09,779.9796304896223,881.6690806858585,778.625375192646,874.0402221679688,1821500
2025-04-10,856.9020039423722,857.798358884508,811.703426407034,836.7239379882812,1235600
2025-04-11,826.386320578618,865.7292404324426,818.9133268583294,856.210205078125,963000
2025-04-14,874.2253294804405,876.8851955439638,856.9994141085313,867.0933227539062,970300
2025-04-15,866.0702774747909,877.6159084365488,863.4688086514426,865.6220703125,516200
2025-04-16,858.6069677610867,864.1216344106938,833.255224401291,843.5440673828125,591500
2025-04-17,848.6786723500223,867.2686543248261,843.9240014091494,853.2872314453125,1034300
2025-04-21,844.7327083971796,847.6556589452667,824.0966846637942,832.0665893554688,644400
2025-04-22,847.5776803391876,865.6512456472149,842.306652453152,864.433349609375,600700
2025-04-23,885.8196546062252,905.1403748450683,865.9338733978087,869.6167602539062,553100
2025-04-24,872.5006527109905,893.1659324599096,869.977146153832,892.7274780273438,619700
2025-04-25,889.7948849864302,894.6859747224698,876.261609337302,884.377685546875,444400
2025-04-28,882.9550881676529,899.8010635755237,882.9550881676529,890.272216796875,685200
2025-04-29,887.4954373245068,898.0277994719213,881.8054010910089,896.8781127929688,392300
2025-04-30,882.6921127219316,892.3573191998787,870.9808051833323,890.7789306640625,1028900
2025-05-01,889.5123362792176,900.1518596720975,882.6433548856645,892.6106567382812,451700
2025-05-02,907.498221064717,911.1421567186314,900.5805949325077,905.3352661132812,822500
2025-05-05,899.2360781457587,909.7197379252198,896.5567065632513,896.8880004882812,384100
2025-05-06,887.1057217176949,900.0446777745362,883.2864163920647,891.4706420898438,482900
2025-05-07,894.0818684373174,901.2333207124715,891.3440405065701,896.7222290039062,547800
2025-05-08,906.1146684571995,920.7099158076691,903.3963458601571,904.7896118164062,626700
2025-05-09,906.1147220875896,908.102307166419,898.437100115075,899.7232055664062,684800
2025-05-12,936.7277548801135,940.1573694619336,926.7020551997895,933.4248657226562,807900
2025-05-13,935.2370134211329,943.4504973129799,933.3760349397623,934.5452270507812,604900
2025-05-14,935.3442254447039,945.0776417759242,934.3699085431989,942.222900390625,679200
2025-05-15,943.8012946806462,964.028123192152,942.2716099999885,957.8314819335938,1156600
2025-05-16,961.4070775982277,966.6391539218477,957.2857366701725,964.2910766601562,723600
2025-05-19,954.0413122580807,970.0882821242807,951.449655620398,968.1396484375,495000
2025-05-20,962.5178946820766,973.3425406972914,962.1574022021879,972.085693359375,536700
2025-05-21,963.5993521363246,971.082098311041,946.1493637451726,947.8446655273438,696000
2025-05-22,947.0359707811581,952.6772438901367,940.8782812012862,944.9899291992188,364100
2025-05-23,932.3140732495516,944.8242684141637,925.8932989845978,938.4425048828125,517500
2025-05-27,950.6312294470597,956.2920080841167,943.128977653138,956.1166381835938,843100
2025-05-28,956.7693677742884,959.2149125155247,944.8339866891537,946.33447265625,367100
2025-05-29,952.959924508044,954.3726959574185,941.160901228933,951.2451171875,455500
2025-05-30,948.146810299358,954.8013522463112,942.4957838870229,954.7234497070312,1061000
2025-06-02,950.6506997855016,954.7233370166902,940.2157450820138,952.9500732421875,425000
2025-06-03,950.9333162971255,959.9750058817688,946.022780416381,956.9058837890625,495700
2025-06-04,961.650753699065,965.5480211912597,959.6923672694239,963.5701293945312,491700
2025-06-05,968.7712489122229,970.6616322026497,958.5063498736267,965.2353515625,479400
2025-06-06,973.3355314945848,980.4367388064614,967.0669153922356,968.7515869140625,627700
2025-06-09,970.9455688537932,974.0113361255509,961.3761208416738,968.5458984375,420000
2025-06-10,967.2334296231253,972.738084966581,964.7847373962313,971.5431518554688,478700
2025-06-11,974.8732602671167,982.7188791064194,969.6820451134176,972.914306640625,645700
2025-06-12,969.5939228793594,974.0897480206885,963.5505673255675,967.968017578125,558500
2025-06-13,960.2007361867167,965.3429895604286,947.4871460236415,951.8751831054688,674300
2025-06-16,966.3420539337645,968.8495121803492,957.1741055417805,961.9441528320312,522400
2025-06-17,955.8224615355806,960.3084822541454,945.8122368097797,949.2893676757812,624800
2025-06-18,950.8859709708717,967.9876592398368,946.6154660163849,959.417236328125,662600
2025-06-20,962.0519603625321,966.6554536453938,953.236668877445,954.44140625,859500
2025-06-23,955.3033469585338,966.2049288356305,946.6447454956137,966.0579833984375,642900
2025-06-24,975.0692313008808,985.206793067393,972.6205391077596,984.3448486328125,699500
2025-06-25,987.0481699231807,999.0663697961352,979.4768331334659,997.185791015625,661800
2025-06-26,999.5757630938612,1015.7175229197871,996.8136311228186,1009.635009765625,631200
2025-06-27,1014.3461300541265,1028.450619607465,1013.131588411412,1026.3153076171875,799900
2025-06-30,1028.4310634090186,1032.5449378363485,1019.9390758097895,1027.716064453125,530400
2025-07-01,1025.100817644496,1035.3070092559788,1020.0566076222932,1032.633056640625,472900
2025-07-02,1034.3275852101724,1048.6867497482167,1028.4507239305692,1048.5985107421875,495000
2025-07-03,1049.34291128707,1060.2641022921844,1044.7394178276274,1059.94091796875,342700
2025-07-07,1061.7529232458087,1064.53460406835,1048.0598557830644,1053.8876953125,559700
2025-07-08,1053.34896794761,1057.6977874850102,1048.0401607255678,1052.9571533203125,502500
2025-07-09,1057.8349732706658,1066.4250041747614,1055.5234223065092,1066.4053955078125,340400
2025-07-10,1069.373279240867,1083.0271293333874,1061.8998659861734,1081.3914794921875,467500
2025-07-11,1077.042517101943,1080.7938703676298,1069.4123542333193,1079.0308837890625,545400
2025-07-14,1078.4823175948213,1089.305584519408,1075.8964843854574,1088.6492919921875,661800
2025-07-15,1048.8728021821905,1054.3774575131947,1012.5538421984712,1024.6895751953125,1939400
2025-07-16,1032.9463740435792,1064.6422279928431,1031.3890394565128,1060.0289306640625,1407200
2025-07-17,1062.7323494277864,1086.5238796403057,1055.004262972161,1082.694091796875,1175600
2025-07-18,1089.109718706334,1096.220610456488,1079.9515147399156,1080.9407958984375,991300
2025-07-21,1084.9469321554584,1087.9146560385072,1070.5877685546875,1070.5877685546875,445700
2025-07-22,1073.5849160447988,1081.1563723419185,1063.8881911226285,1077.8065185546875,580800
2025-07-23,1081.5089878271292,1099.6880158433908,1077.9730907748155,1097.37646484375,653400
2025-07-24,1094.0756020152182,1102.655828477157,1090.7845742656452,1095.41748046875,539500
2025-07-25,1099.2864275416957,1107.4553507199598,1094.8200751907098,1100.226806640625,516300
2025-07-28,1100.9318811105732,1102.5871394480728,1092.2047096780084,1094.878662109375,299300
2025-07-29,1100.2952905628256,1104.7910558057988,1091.8718136038958,1098.5126953125,422000
2025-07-30,1094.369441059969,1103.4296011668462,1086.670648443813,1091.7738037109375,372400
2025-07-31,1085.5443930511021,1097.9444833907003,1080.5979873298681,1083.3111572265625,498400
2025-08-01,1066.650239388839,1075.1325419883608,1055.0923652774345,1069.392822265625,673200
2025-08-04,1075.4458906076122,1093.1549072265625,1072.7719381414636,1093.1549072265625,503100
2025-08-05,1099.6978219585378,1099.6978219585378,1076.9543983428555,1086.86669921875,481300
2025-08-06,1091.1568822609788,1099.1102299573452,1083.2720453394293,1097.5430908203125,404900
2025-08-07,1106.80887197365,1108.6993149565271,1085.4171304395586,1089.9912109375,381400
2025-08-08,1096.7398264437506,1103.0575240764401,1091.6760074816268,1101.882080078125,427800
2025-08-11,1101.9114523014766,1109.8255821777013,1098.7575655513888,1104.7813720703125,575600
2025-08-12,1111.049953293242,1137.662382855985,1108.3465875707566,1135.8111572265625,669000
2025-08-13,1142.5598433162868,1147.8392383374537,1124.4395200403749,1136.22265625,570800
2025-08-14,1130.4437010699985,1138.6419180976998,1121.3345178991954,1136.3499755859375,407600
2025-08-15,1139.6409599002636,1139.6409599002636,1111.1480109054685,1111.716064453125,582200
2025-08-18,1110.7266146955628,1117.5829518233134,1103.6939191473425,1112.8031005859375,405800
2025-08-19,1103.16518381503,1111.7061930075486,1098.7771467827286,1105.3101806640625,611700
2025-08-20,1102.7536773365384,1109.5904059082957,1091.1469017838392,1105.30029296875,573100
2025-08-21,1101.735136749864,1105.8294027361983,1095.868079776193,1101.6666259765625,275100
2025-08-22,1105.7216150181994,1133.9893020366455,1102.8909126264418,1124.60595703125,433700
2025-08-25,1119.9437403600243,1126.398459794895,1113.24403212971,1113.76318359375,415000
2025-08-26,1111.7355913339134,1118.9641349677088,1102.4305616474169,1116.40771484375,580200
2025-08-27,1115.0266685966965,1121.2855400327146,1108.3368847367494,1108.4053955078125,310000
2025-08-28,1110.530860646207,1114.6446154430912,1103.9879029135468,1107.2789306640625,475200
2025-08-29,1108.669765217823,1110.863783588412,1095.495731096481,1104.0074462890625,356100
2025-09-02,1094.8984209570606,1097.0043201984147,1078.002444485465,1091.8914794921875,391300
2025-09-03,1089.7659766585437,1090.3536388864134,1070.2352646345278,1076.925048828125,412900
2025-09-04,1086.2398256207612,1090.1577330170487,1078.9720643572311,1086.0047607421875,460000
2025-09-05,1090.0985250559377,1092.529345924242,1071.2628167265188,1081.6746826171875,487600
2025-09-08,1080.8185816441273,1088.2386222274272,1076.6066001178808,1087.35302734375,671000
2025-09-09,1084.0464235039037,1096.0031553034191,1082.5604212899425,1088.091064453125,334200
2025-09-10,1089.6754426469934,1100.7367288708294,1081.3401355603157,1085.355224609375,367400
2025-09-11,1087.4317044843385,1123.6761043835531,1085.4339504404888,1116.1478271484375,585100
2025-09-12,1114.7109912205806,1121.8752762014458,1100.8647413265617,1105.549072265625,544800
2025-09-15,1102.7638630515917,1107.7139199473208,1092.8441681487898,1097.380859375,506800
2025-09-16,1102.1931678199755,1105.5292847702588,1089.016040442728,1101.100830078125,547500
2025-09-17,1103.1773716820783,1115.4293827537638,1099.2409671444082,1113.7860107421875,508000
2025-09-18,1118.863739591596,1133.6252546748954,1116.462590800214,1119.05078125,523900
2025-09-19,1120.6647207164247,1126.8449038590843,1108.0977316614947,1124.6798095703125,1505500
2025-09-22,1119.1097855247294,1124.738934678957,1115.6752825622384,1118.1453857421875,366000
2025-09-23,1120.3991524485898,1128.0357869364236,1109.4855043978546,1113.7564697265625,427100
2025-09-24,1115.4785215745792,1122.2983945943488,1107.7139500040093,1110.0462646484375,345400
2025-09-25,1104.8306043178452,1130.8501780560964,1100.224958610857,1129.04931640625,680300
2025-09-26,1133.6845186611522,1141.0455760025668,1132.4839440957414,1138.063720703125,435500
2025-09-29,1148.8395749464055,1163.3452146255488,1145.3459682122536,1156.869873046875,567500
2025-09-30,1157.9425002323649,1164.6835682576352,1136.1446384059484,1147.3338623046875,691600
2025-10-01,1135.6525796604385,1138.5261978919948,1115.6654302366544,1122.9281005859375,604300
2025-10-02,1127.3271079167791,1148.9182263848975,1120.497384449239,1142.088623046875,615800
2025-10-03,1148.4065389453015,1149.4398931140786,1139.441392669824,1142.2362060546875,377200
2025-10-06,1150.3944356939915,1165.3035907503313,1140.1794619055818,1160.5208740234375,772600
2025-10-07,1160.520949495687,1165.1264754746412,1136.6663479060148,1147.688232421875,531300
2025-10-08,1152.8152138892674,1159.457895616861,1137.0991498033632,1146.4776611328125,393500
2025-10-09,1152.018215930358,1158.7789853325955,1138.7230011464562,1148.869140625,478000
2025-10-10,1153.858521394268,1162.1545463922866,1113.3922896111915,1114.356689453125,643500
2025-10-13,1129.3741244002722,1144.942551287471,1126.5202071216377,1136.7548828125,742400
2025-10-14,1121.8751314729943,1190.5850099137658,1116.9546265103934,1175.2724609375,1146400
2025-10-15,1180.9213045939566,1200.5442226097864,1159.2710806764007,1183.4700927734375,1003700
2025-10-16,1184.8576444168536,1190.6540139201163,1149.557945147921,1152.736572265625,1250200
2025-10-17,1150.4732751571794,1157.4800700958647,1135.8002943044723,1142.6988525390625,777500
2025-10-20,1159.2710703882678,1160.2453208455495,1140.1991866831509,1141.5572509765625,678800
2025-10-21,1139.7464987219962,1141.28163388324,1111.51257730311,1112.0341796875,1052000
2025-10-22,1111.5420472494038,1116.8954988719092,1102.4095614032922,1111.71923828125,618600
2025-10-23,1113.5202774879667,1114.5142292380863,1102.1834132672416,1107.11376953125,371600
2025-10-24,1123.1250814093212,1126.3037087410066,1115.2227207467006,1118.558837890625,560700
2025-10-27,1128.1635641483126,1128.1635641483126,1111.0007801748973,1113.3233642578125,726100
2025-10-28,1113.9729847046692,1120.546833448853,1106.6611802044865,1107.0645751953125,390000
2025-10-29,1099.8510268290404,1103.974472756377,1079.5490170645583,1080.54296875,861700
2025-10-30,1079.9524734029399,1089.2915823861524,1073.6049498048337,1080.5921630859375,631700
2025-10-31,1072.6702339696833,1075.1501880432559,1056.6884411950298,1065.5946044921875,895300
2025-11-03,1061.9237055683082,1064.6299834246681,1040.3915700368875,1051.836669921875,790900
2025-11-04,1044.131352470746,1050.4099228072785,1040.1949477488959,1043.0587158203125,934800
2025-11-05,1042.1533126973716,1065.3583755801778,1036.8785447187772,1056.50146484375,550200
2025-11-06,1052.6337819212592,1061.8942057376105,1039.2794644102844,1052.4368896484375,415700
2025-11-07,1047.5066452779324,1066.165161172895,1040.9524992007161,1064.9940185546875,470300
2025-11-10,1070.3871169105587,1074.5891276186921,1054.1591795615882,1065.4173583984375,413500
2025-11-11,1064.954940528651,1069.3735451083771,1059.5816665292334,1068.4976806640625,309600
2025-11-12,1069.1275311829322,1081.1729198490807,1068.8519540252566,1076.537841796875,432800
2025-11-13,1073.0343454319009,1075.9767982033068,1043.7376355405245,1052.643798828125,541700
2025-11-14,1043.1471790003143,1048.8942958596701,1031.593841552692,1041.119873046875,459100
2025-11-17,1036.7406694561346,1038.2857754724037,997.9867629132639,1007.522705078125,935200
2025-11-18,1005.7512821910228,1010.4454634626773,994.4341200137266,1002.936767578125,749500
2025-11-19,1003.7830933674645,1009.1365455365855,993.0170252379719,998.5476684570312,838600
2025-11-20,1012.7482771873936,1016.0745437387612,974.8308927167626,976.7400512695312,677800
2025-11-21,983.116935632305,999.2365154181236,975.0571457393957,998.5869750976562,1229200
2025-11-24,990.8421370403595,1007.9359677992853,988.9625304275513,1003.2811889648438,1010300
2025-11-25,1003.2812388278554,1016.5764545377386,994.8474850417792,1013.3978271484375,688700
2025-11-26,1014.7164541786353,1031.6527953906727,1013.6635188758811,1023.5242309570312,561000
2025-11-28,1033.1979582331312,1037.183495764476,1027.2637995396574,1030.649169921875,300300
2025-12-01,1022.4810085186523,1035.8352071396191,1020.5128063848339,1023.406005859375,624600
2025-12-02,1026.4173618934285,1028.5036512466504,1014.6081496760544,1022.1069946289062,376500
2025-12-03,1026.4863239176887,1069.8064753496958,1024.1048760402246,1062.7012939453125,863200
2025-12-04,1063.6361727030921,1069.5703315837059,1055.586292412596,1058.4794921875,597800
2025-12-05,1056.6203595902864,1062.0691598159428,1051.0825929556993,1060.2496337890625,544100
2025-12-08,1062.0690642877735,1066.875060651634,1045.4062730365365,1050.22216796875,612600
2025-12-09,1048.4817618994618,1062.1580833278408,1047.413802892649,1059.4090576171875,445300
2025-12-10,1065.2731857746871,1077.6640219374146,1059.6167568742617,1071.3251953125,840700
2025-12-11,1072.80837994907,1092.0620606172777,1068.991274804119,1089.5997314453125,774100
2025-12-12,1094.9596511699474,1094.9596511699474,1072.9568225446383,1076.991455078125,608000
2025-12-15,1083.2611555270623,1086.6430862213815,1066.51917416192,1070.1385498046875,564700
2025-12-16,1069.3472814890238,1071.1569087721048,1052.0713826836818,1056.274169921875,651500
2025-12-17,1060.882466584556,1071.7107763156084,1052.813081057013,1053.1690673828125,648100
2025-12-18,1061.980132231997,1066.5290073942906,1045.7029017631164,1053.1591796875,588400
2025-12-19,1055.0974128287608,1056.6896338821764,1045.9996621152106,1048.392822265625,1174100
2025-12-22,1054.4842723058807,1078.8406665235173,1053.9305560250036,1076.1212158203125,575500
2025-12-23,1073.4908451698327,1079.6120234968203,1071.364705036654,1074.479736328125,265400
2025-12-24,1077.713346979441,1082.1732559175844,1071.9580533497146,1076.8629150390625,195100
2025-12-26,1078.603330292875,1079.562525740633,1072.5810169662707,1076.0223388671875,230300
2025-12-29,1078.9197689837226,1079.9185586376166,1070.7317218210915,1076.30908203125,295100
2025-12-30,1076.4476383674082,1077.8913808544864,1069.990150022611,1071.2757568359375,273100
2025-12-31,1070.9196097978916,1073.3028712408766,1058.1925856781852,1058.44970703125,327600
2026-01-02,1059.5375335733227,1077.7727501448173,1057.124696978629,1073.00634765625,603300
2026-01-05,1073.8171626711865,1119.0787314333406,1071.2163740312135,1107.32080078125,926200
2026-01-06,1106.8855394241089,1111.7905213945392,1094.4651299067327,1099.923828125,537600
2026-01-07,1095.8496712020208,1100.4381407100614,1063.0283105445874,1063.14697265625,839400
2026-01-08,1048.353149753623,1080.3140576950523,1048.353149753623,1075.83447265625,558100
2026-01-09,1078.118792859767,1080.6306150412684,1068.0024555809061,1073.0457763671875,613800
2026-01-12,1066.4993915664118,1078.8012612061568,1061.980211771662,1077.15966796875,726700
2026-01-13,1077.4365234375,1081.8469394248755,1061.8020961049804,1077.4365234375,730700
2026-01-14,1058.6377180697268,1081.856863972701,1058.5190559551086,1079.7208251953125,953900
2026-01-15,1116.0822570979153,1149.4177371111869,1112.561867589141,1143.8009033203125,1401700
2026-01-16,1146.6192612645873,1168.2364068058234,1146.1248157012994,1150.24853515625,1125600
2026-01-20,1131.2914329198893,1135.6029836855175,1093.7036720693186,1097.7186279296875,1026100
2026-01-21,1107.5580298044872,1122.7374840165478,1102.2179937322237,1115.32080078125,687700
2026-01-22,1124.9625156120458,1135.2668045546234,1119.879600762113,1127.0589599609375,683500
2026-01-23,1121.3135968234828,1123.864892531366,1108.546978286932,1117.3580322265625,730400
2026-01-26,1120.9773238619662,1128.7994869101576,1108.6557783650449,1109.0810546875,739300
2026-01-27,1109.100924820911,1112.9970983908677,1085.8025891009975,1094.39599609375,537100
2026-01-28,1093.713626738694,1111.3258363019843,1086.1881794708047,1109.2095947265625,616100
2026-01-29,1114.6188041519583,1122.391474236733,1094.9596429288276,1115.251708984375,701000
2026-01-30,1102.9794774607935,1116.527237442633,1090.4897778571135,1106.509765625,632100
2026-02-02,1105.7088913630157,1111.8399683458547,1092.665354028369,1107.221923828125,498700
2026-02-03,1102.6136620695988,1106.1637475941186,1036.8919930917518,1058.192626953125,947200
2026-02-04,1056.9070569911237,1069.9504726345992,1031.3540240973116,1064.205078125,827600
2026-02-05,1054.059188060777,1066.8949769345563,1037.5842263398974,1043.08251953125,756100
2026-02-06,1057.6190216741304,1063.4337061169535,1035.9325869373163,1044.644775390625,1343700
2026-02-09,1033.4802059841245,1072.6402709201584,1032.4122470118305,1067.903564453125,799400
2026-02-10,1067.2607744346542,1101.189687759337,1066.7564302906374,1075.696044921875,956500
2026-02-11,1076.912371504847,1086.791384533319,1056.4521506388091,1070.8504638671875,970000
2026-02-12,1072.254751750349,1075.9037022514653,1005.7023272374306,1043.9031982421875,1153000
2026-02-13,1045.4557206133734,1060.289088503542,1035.3690787337616,1059.6068115234375,669100
2026-02-17,1062.6722971253591,1075.8146990497303,1047.4631465112686,1060.75390625,921900
2026-02-18,1068.239730167,1091.528164249243,1058.4595825378585,1080.126220703125,700000
2026-02-19,1065.9257317584477,1072.719408729042,1052.2789864089264,1069.2681884765625,662400
2026-02-20,1062.9690542718047,1090.3315960213467,1056.2049516724812,1081.490966796875,567700
2026-02-23,1087.7506787140562,1095.9090315222286,1044.2691594460453,1059.1124267578125,727200
2026-02-24,1049.3421371446304,1081.7085272153486,1039.7301435305899,1069.0408935546875,737300
2026-02-25,1074.4203393957764,1085.4761956029536,1049.7079591341578,1081.62939453125,774200
2026-02-26,1087.7802163401143,1095.7408380272109,1048.3432342136864,1078.1583251953125,725400
2026-02-27,1061.1494793312634,1068.0025488003416,1028.891851621068,1051.4188232421875,1191600
2026-03-02,1027.2303803535676,1063.572126619049,1020.4860757595638,1056.4422607421875,708700
2026-03-03,1021.5542034146433,1055.1369065884446,1017.5689433047228,1040.8968505859375,893200
2026-03-04,1048.2245955111239,1051.1813703262278,1033.3912285935137,1037.57421875,482100
2026-03-05,1028.1402221035555,1034.835034765771,1010.7654570312387,1023.5023803710938,672800
2026-03-06,985.7352029546148,989.2454514414555,943.4336011993796,950.0960693359375,1846200
2026-03-09,924.1721363990351,955.0083786511656,913.8502968522603,952.3035888671875,1933100
2026-03-10,959.5925091231584,971.326374298161,951.1898475523124,961.9392700195312,1159200
2026-03-11,959.3737463648179,961.9790599645049,935.0408359504822,945.8399658203125,1088600
2026-03-12,927.3542043826512,938.8096095488515,912.2493207582107,917.7284545898438,1133100
2026-03-13,927.7022241369674,938.1433863140992,915.7595136882221,918.931640625,1236600
2026-03-16,926.2503927440276,941.2161072343669,923.7942627497255,937.974365234375,926900
2026-03-17,952.6317409209413,969.9939237271307,948.7038630446958,965.56884765625,1345600
2026-03-18,958.3495270281215,970.8192359894164,957.1264388823572,962.8839721679688,842000
2026-03-19,951.8362085555061,966.5532625545404,944.2887134731708,964.1666870117188,913300
2026-03-20,964.8230683808214,966.3444633243822,940.2217109617857,952.542236328125,1409900
2026-03-23,971.4158886461022,982.7619245717656,959.5925011894459,969.1188354492188,911800
2026-03-24,954.6205119171634,973.1958287617084,951.1798786392658,970.5905151367188,626000
2026-03-25,982.4636515064461,986.5705135286196,958.4987223410855,975.8508911132812,877400
2026-03-26,967.1400040035032,979.6594204663974,961.1338110118126,963.0331420898438,739600
2026-03-27,954.42166446974,956.0922431593721,924.7886635192564,928.6170654296875,877300
2026-03-30,934.1856776754322,948.1668881461553,925.4747558030502,928.8258666992188,806600
2026-03-31,944.9947943220772,961.6608877003463,935.2596754136408,956.3209838867188,800200
2026-04-01,969.4868012725601,973.5041409575707,950.9412837727305,952.03515625,624400
2026-04-02,926.2106478274598,965.7975667786402,924.0428709205835,961.143798828125,568800
2026-04-06,955.7442068271703,960.6764347692994,949.6485521032449,954.0338134765625,451000
2026-04-07,949.6385853782278,956.609313684691,943.970513896562,953.0891723632812,471200
2026-04-08,996.3851785619935,1011.5994311259591,990.2000621750838,995.927734375,1247100
2026-04-09,988.2013367018801,1000.6809994697846,976.7160096477304,996.00732421875,676700
2026-04-10,996.7730240257004,997.3099762332815,985.6258185090951,993.7102661132812,670700
2026-04-13,987.2367146336396,1019.902672155958,986.4014556619979,1017.9138793945312,929400
2026-04-14,1044.1162508525335,1067.9817651577343,1035.0473602720085,1048.6507568359375,1349700
2026-04-15,1047.904886602721,1056.0489345273081,1037.6028334911773,1042.7239990234375,1005800
2026-04-16,1048.2031760191244,1052.469175424356,1005.7424375445353,1019.20654296875,950300
2026-04-17,1032.4619428964038,1061.3490860322306,1030.3339199937107,1046.2442626953125,1105200
2026-04-20,1042.783811451854,1054.0602331656742,1039.1442864699336,1042.545166015625,638300
2026-04-21,1043.6090320198568,1064.7300011142424,1034.570003044734,1037.0062255859375,673900
2026-04-22,1048.8097850049617,1057.461106872493,1042.4357912169683,1056.516357421875,550900
2026-04-23,1050.182039913512,1059.032192371147,1035.8826144699883,1047.5667724609375,538800
2026-04-24,1047.9545784699014,1053.1950669343694,1036.598527851066,1039.1143798828125,365900
2026-04-27,1035.0174483777398,1052.5685687710163,1035.0174483777398,1050.937744140625,532500
2026-04-28,1056.0788265966453,1061.0109938445978,1041.9881860593941,1043.8775634765625,424500
2026-04-29,1043.1217519176764,1049.7245581262914,1025.5407713638617,1033.5556640625,398100
2026-04-30,1035.1666569103586,1061.4386536118898,1027.7086838778632,1059.6287841796875,573100
2026-05-01,1063.8848369760112,1074.6740137572924,1054.646855474907,1055.7308349609375,471100
2026-05-04,1049.088227862727,1062.512579593672,1044.0068766998122,1046.3536376953125,424600
2026-05-05,1049.0881886435545,1059.0022914926262,1041.6501230880567,1043.0323486328125,541500
2026-05-06,1059.7779508021038,1075.5092482546227,1058.8829697754022,1067.5540771484375,662600
2026-05-07,1069.5926846722755,1074.6839895455219,1052.5586689471768,1061.7568359375,477200
2026-05-08,1068.299860942885,1079.1487593900392,1061.0209328826488,1078.7509765625,490600
2026-05-11,1077.9256557757453,1083.7727112363266,1065.5355159561004,1075.2606201171875,587400
2026-05-12,1068.767330604505,1090.1169918802564,1064.9985294577732,1086.3780517578125,484400
2026-05-13,1080.4515422766083,1091.9566556296893,1070.388255201029,1087.9691162109375,823200
2026-05-14,1093.836059164456,1104.8638814455096,1090.2662100140687,1097.843505859375,502200
2026-05-15,1088.386802534604,1093.5874764538796,1073.9481469153807,1075.8375244140625,456400
2026-05-18,1076.7522547709223,1091.9167998474431,1073.6100495499084,1079.795166015625,458200
2026-05-19,1068.4391213696927,1077.9257019072088,1030.2145818663678,1030.4930419921875,1024100
2026-05-20,1032.2828777986838,1046.4133331748947,1024.4171682923475,1045.6773681640625,760400
2026-05-21,1043.002514761077,1059.4001019042892,1039.2635745364407,1057.7891845703125,624700
2026-05-22,1064.7797738794734,1073.938125600797,1059.221010774735,1066.9873046875,450900
2026-05-26,1071.4620862579582,1078.3730924593576,1065.107878901639,1071.3626708984375,507400
2026-05-27,1074.7833248376035,1078.9200476721344,1060.7324994534822,1064.3421630859375,515300
2026-05-28,1049.0682700190653,1056.3373657978077,1039.1442136018775,1040.6258544921875,846000
2026-05-29,1036.031736373398,1054.567299190978,1034.172220025534,1041.013671875,1077900
2026-06-01,1035.2859495324692,1047.3380287472326,1009.6205815103406,1015.0101928710938,904800
2026-06-02,1011.5198823778188,1030.3040450423555,1001.3571802472422,1013.2501831054688,727600
2026-06-03,995.5001754454324,995.758728222934,978.2374683342435,985.3175659179688,793100
2026-06-04,992.2485067668755,1019.922574911562,985.9141460125742,1016.8299560546875,1023800
2026-06-05,1011.9500122070312,1011.9500122070312,991.1799926757812,995.5999755859375,724100
2026-06-08,1002.1900024414062,1005.0,990.760009765625,994.77001953125,531700
2026-06-09,1005.5700073242188,1012.780029296875,987.8400268554688,1011.9600219726562,722800
2026-06-10,1006.9600219726562,1020.22998046875,999.2100219726562,1010.6799926757812,565900
2026-06-11,1013.4000244140625,1022.02001953125,1000.5700073242188,1016.5800170898438,842000
2026-06-12,1028.3800048828125,1041.449951171875,1022.0,1032.0,549400
2026-06-15,1050.0,1060.0,1040.8299560546875,1042.8699951171875,543100
2026-06-16,1050.77001953125,1056.8699951171875,1038.510009765625,1052.22998046875,462700
2026-06-17,1048.9599609375,1075.68994140625,1043.5999755859375,1057.3800048828125,781500
2026-06-18,1073.77001953125,1076.510009765625,1045.9100341796875,1050.0899658203125,1032200
2026-06-22,1048.199951171875,1063.739990234375,1042.3900146484375,1051.739990234375,824100
2026-06-23,1049.1300048828125,1050.0,1009.239990234375,1015.3300170898438,1455300
2026-06-24,1013.3599853515625,1015.469970703125,970.030029296875,982.5999755859375,1567700
2026-06-25,995.0,1002.469970703125,966.1300048828125,971.9199829101562,1130900
2026-06-26,972.7999877929688,984.010009765625,962.6799926757812,964.7100219726562,1506800
2026-06-29,969.2100219726562,972.9299926757812,947.2100219726562,950.1699829101562,884700
2026-06-30,950.8099975585938,969.760009765625,950.1799926757812,961.5599975585938,896200
2026-07-01,960.4199829101562,986.5700073242188,957.1099853515625,980.3800048828125,969300
2026-07-02,988.5,1002.0399780273438,982.5900268554688,995.72998046875,634700
2026-07-06,998.72998046875,1012.2999877929688,990.239990234375,1011.2100219726562,613000
2026-07-07,1012.2999877929688,1019.010009765625,1003.4400024414062,1009.4299926757812,462100
2026-07-08,1001.72998046875,1006.8099975585938,982.989990234375,990.3400268554688,653400
2026-07-09,995.9199829101562,1021.239990234375,991.239990234375,1019.6799926757812,912100
2026-07-10,1039.469970703125,1048.5,1030.0,1036.1099853515625,595000
2026-07-13,1039.3599853515625,1039.4300537109375,1015.969970703125,1031.56005859375,940900
2026-07-14,1030.239990234375,1036.52001953125,1023.0499877929688,1025.43994140625,719100
2026-07-15,1100.0,1109.989990234375,1078.0,1093.4000244140625,1582900
2026-07-16,1110.93994140625,1125.0,1079.4599609375,1087.050048828125,1219500
2026-07-17,1068.2900390625,1099.4100341796875,1065.949951171875,1072.199951171875,761000
2026-07-20,1070.739990234375,1073.1800537109375,1052.1600341796875,1054.1099853515625,660900
2026-07-21,1056.8599853515625,1062.8699951171875,1030.9300537109375,1038.239990234375,1009900
2026-07-22,1036.5999755859375,1057.18994140625,1034.3399658203125,1056.6300048828125,726100
2026-07-23,1051.1500244140625,1061.4300537109375,1036.43994140625,1037.1600341796875,633800
2026-07-24,1039.0999755859375,1056.47998046875,1033.489990234375,1055.6700439453125,506300
2026-07-27,1067.3800048828125,1069.989990234375,1051.010009765625,1062.1400146484375,698100
2026-07-28,1069.3900146484375,1103.47998046875,1062.510009765625,1097.550048828125,1044000
2026-07-29,1086.0699462890625,1110.0,1079.18994140625,1079.18994140625,1121800
2026-07-30,1086.0699462890625,1079.81494140625,1071.364990234375,1071.364990234375,11193
