datetime,open,high,low,close,volume
2019-03-20,35.37196225042936,35.87488114498523,33.19264704068727,33.39381408691406,2350800
2019-03-21,33.52122542449351,33.52792988496016,32.32092492069721,32.84395980834961,1764700
2019-03-22,32.723250225951936,33.494393428408856,32.29409324850638,32.58913803100586,844700
2019-03-25,32.58914892258025,33.12559788165042,32.18681476125584,32.95795822143555,440900
2019-03-26,32.85736350606689,33.360282335241386,32.30750579080764,32.756778717041016,504700
2019-03-27,32.857365038519305,34.05095829687596,32.857365038519305,33.59497833251953,1788600
2019-03-28,34.13142272677098,34.19847754189753,33.47092231006778,34.09789276123047,585400
2019-03-29,33.20606576857972,35.19091882523039,32.97807571761456,34.62094497680664,1769000
2019-04-01,35.07022217545706,36.471690067755944,34.36613599830699,35.87489318847656,19663400
2019-04-02,36.961189718878984,38.483358064437695,36.41133186552027,37.71892166137695,17414200
2019-04-03,38.27548107991724,38.355947385096414,37.222701863091785,38.1413688659668,15066200
2019-04-04,38.355950193623215,40.58220441108868,38.28889280274901,40.0390510559082,13309200
2019-04-05,39.15391129607912,39.549540922394804,37.73232795998623,38.38277053833008,17000800
2019-04-08,37.886561719664144,39.1539170918065,37.73233354528483,38.322425842285156,10764600
2019-04-09,38.08772168841704,38.355946107382834,37.604921315447314,37.73232650756836,9179900
2019-04-10,37.54458113493525,37.826214549076695,36.9477817687234,37.3568229675293,9081900
2019-04-11,37.350114445185824,37.692098204884296,36.766729180769346,36.80696105957031,7346100
2019-04-12,37.5043400274282,39.113681575823996,37.5043400274282,39.093563079833984,9281700
2019-04-15,39.27460719315459,39.46236273573178,38.416293217970384,38.74486541748047,5727300
2019-04-16,39.36850456272711,39.55626275675081,38.78511915217391,39.22768783569336,6681600
2019-04-17,39.52942431439086,39.59647914158621,39.026505436492705,39.106971740722656,6420700
2019-04-18,39.133796446389084,39.301436079858554,38.590643113076,38.73816680908203,5178800
2019-04-22,38.543716493183005,39.16733633289664,38.39619275020342,38.81864547729492,4401700
2019-04-23,38.41630267586319,38.78510939299985,38.2218400686169,38.650997161865234,5687200
2019-04-24,38.55040553930155,38.818627378415194,37.46074808283241,37.53786087036133,5431300
2019-04-25,37.39034666621228,37.53787037777421,36.760022498773424,37.10200881958008,6260500
2019-04-26,37.081886332262705,37.28305338039874,36.847191869100286,37.04835891723633,4009800
2019-04-29,36.914247743541274,37.34005385615442,36.7466081056887,37.215999603271484,5935200
2019-04-30,37.390340372943015,38.35929974682163,37.2830511165865,38.0407829284668,6454100
2019-05-01,38.10113508268364,38.54370360566605,37.47081099176256,37.638450622558594,7644400
2019-05-02,37.24281849237982,37.87984955825229,34.88915680147857,35.33843231201172,13932700
2019-05-03,35.673721219211274,35.77430348341194,34.68129470949064,35.74077606201172,7401700
2019-05-06,34.96962679538899,36.230274933544045,34.667874958817634,35.84805679321289,6089500
2019-05-07,35.44573405551833,35.75754396006037,35.304917339397015,35.50608444213867,7330800
2019-05-08,35.7608904847972,35.804475871851295,35.076920422690634,35.190914154052734,5390700
2019-05-09,35.04339254389396,35.633484848896984,34.56729653505178,35.49266815185547,4579700
2019-05-10,35.499370704249344,36.01838444255636,35.19762138623234,35.586544036865234,4758100
2019-05-13,35.05679658927993,35.23784768621648,34.03754739058761,34.164955139160156,4213100
2019-05-14,34.41977331783798,35.53960492441949,34.09119848642265,35.190914154052734,4204500
2019-05-15,34.85564167056145,35.75754396006037,34.647767548207256,35.50608444213867,2928700
2019-05-16,35.73406194601009,35.90840602497254,35.35854827704332,35.526187896728516,3689700
2019-05-17,35.09703377265492,35.21773451341581,33.97049523087179,34.06437301635742,4440800
2019-05-20,33.79615201816593,33.89002980609773,33.47428166243135,33.581573486328125,5168400
2019-05-21,33.71568140232872,34.325889550228425,33.541337313490686,33.95037841796875,4968400
2019-05-22,33.83637893213566,33.936963723299456,33.50445321405911,33.668739318847656,3019100
2019-05-23,33.19264076671736,33.43404219975167,32.327619817670175,32.662899017333984,4919200
2019-05-24,33.11888315755851,33.24293739812805,32.48185208535369,32.991477966308594,2918900
2019-05-28,33.10546756258773,33.14570198754562,32.25385808580863,32.56231689453125,6613000
2019-05-29,32.320915359186905,33.14570188340261,32.19350762620919,32.662899017333984,3525900
2019-05-30,32.73774162740152,33.05750012427353,32.66970911947182,32.975860595703125,3777600
2019-05-31,32.62888585015696,32.6560998895973,31.80568062163904,31.812482833862305,3396900
2019-06-03,31.873710694216584,32.628883361816406,31.873710694216584,32.628883361816406,5905200
2019-06-04,33.11873491693559,33.969154357910156,33.0915208719586,33.969154357910156,7043000
2019-06-05,34.35014019877491,34.40456568869668,33.370455427443666,34.24808883666992,6413300
2019-06-06,34.20727061883496,34.90801800002557,34.11882886594445,34.73793411254883,6228100
2019-06-07,34.785551193077296,35.16653737214094,34.608662528277435,34.901206970214844,5391100
2019-06-10,35.18695066071437,35.44547626573452,35.09170411199391,35.11891555786133,5434400
2019-06-11,35.377449040732664,35.49310483994191,35.0781023293021,35.4046630859375,5144300
2019-06-12,35.41826714172877,35.81286038304895,35.15973892448687,35.710811614990234,3103900
2019-06-13,35.840075260779166,36.02376616189224,35.404660944929226,35.97614288330078,4179800
2019-06-14,35.806064028574276,35.846882504366924,34.697116253026216,34.79916763305664,3919300
2019-06-17,34.05759073041972,34.24128159808412,33.37045052968173,33.57455062866211,5787300
2019-06-18,33.84669232840629,34.4045672506194,33.60857593304974,33.75144577026367,5014200
2019-06-19,33.982752215926425,34.18005009589101,32.88060964432608,32.99626541137695,5404000
2019-06-20,33.4010781745074,33.73784358053836,33.07791719706757,33.288822174072266,4228300
2019-06-21,33.21397370824211,33.5201251544197,32.86700379942322,32.90102005004883,9478500
2019-06-24,33.00306826356241,33.81266902972247,32.873805475184284,33.73102951049805,4602300
2019-06-25,33.66980503238983,34.16848952123149,33.37045575145477,33.805870056152344,4005200
2019-06-26,33.914718952151546,34.84678032700045,33.887507508318556,34.32292175292969,5244400
2019-06-27,34.431775597472196,34.7923525351447,34.37802748050325,34.6358757019043,4097200
2019-06-28,34.72432035467491,34.83317391773484,33.39086355837237,33.547340393066406,6507400
2019-07-01,34.016772043622915,34.15283965085216,33.690211343436985,34.12562561035156,4641700
2019-07-02,34.01677416545006,34.0575952287472,33.17315702422638,33.60857391357422,4725800
2019-07-03,33.64938915396255,33.778654544367484,33.47250308718957,33.56094741821289,2479400
2019-07-05,33.34323769146459,33.58815885716785,33.30922143962217,33.547340393066406,2529800
2019-07-08,33.567754990173164,33.676608570630904,32.91803331646277,33.00988006591797,5936000
2019-07-09,32.86020192367438,32.94864625941015,32.31593407928849,32.567657470703125,4967400
2019-07-10,32.88741061265626,32.941836090600816,32.329535838539336,32.349945068359375,3507400
2019-07-11,32.47241151061606,32.69692346033401,32.098227523026644,32.50642776489258,4202000
2019-07-12,32.96904654999941,34.043977521960926,32.710521016084925,33.81946563720703,4328400
2019-07-15,33.86029375325447,34.66308974671822,33.785456442720346,34.64948272705078,4923800
2019-07-16,34.663087453468584,35.816255692438105,34.663087453468584,35.59514617919922,6011200
2019-07-17,35.48629346672363,35.581540005081756,34.85358135303201,35.10530471801758,4417500
2019-07-18,35.071291705773994,35.411459428614236,34.887600824007414,35.207359313964844,3620300
2019-07-19,35.22097195006231,35.26179301761034,35.037281039007425,35.05088806152344,3221500
2019-07-22,35.039996749481986,35.08489757941139,34.42497138818264,34.6154670715332,2814900
2019-07-23,34.697105128984546,35.98974341699732,34.66308887830496,35.79924774169922,4387700
2019-07-24,35.71761904507268,36.050984631414074,35.40466529154361,35.9149169921875,3516400
2019-07-25,35.13251756218379,35.37063649525993,34.22086807630948,34.540626525878906,4254600
2019-07-26,34.20046296484023,34.22087219760312,33.28200856140385,33.41127395629883,5066000
2019-07-29,33.00987921682354,33.25480041537201,32.64249741900083,32.690120697021484,4219800
2019-07-30,32.50643558505249,32.95545699723684,32.50643558505249,32.928245544433594,4194300
2019-07-31,32.98947081787213,33.628985278405274,32.62208901074127,32.95545196533203,5188500
2019-08-01,32.75815259860165,33.064301471546116,31.826091173662398,31.873714447021484,5803200
2019-08-02,31.764860168470253,32.315932798918766,30.866817611995877,31.02329444885254,5346400
2019-08-05,30.655923744663006,30.703547030088668,29.98239034392601,30.45862579345703,5147300
2019-08-06,30.689940521578063,30.921254738360744,29.754479035295432,30.227312088012695,4702800
2019-08-07,30.002798392260534,30.615101459561487,29.873535564841138,30.540264129638672,4490100
2019-08-08,30.749117522471593,31.85330260269872,30.744355195526133,31.83289337158203,4573400
2019-08-09,31.581164175379023,31.968957693793744,31.363457081519726,31.730838775634766,4468000
2019-08-12,31.560763337015743,31.839700787385134,30.96887218043171,31.08452796936035,4491600
2019-08-13,31.145755731076893,32.49281959596335,31.009690718778792,31.873714447021484,5407300
2019-08-14,31.159368370117125,31.397487375124676,29.934764871693595,29.989192962646484,6178300
2019-08-15,30.16606447159345,30.1864736981885,29.227201119126768,29.512943267822266,3494600
2019-08-16,29.451726852720046,30.485837209645638,29.09795205203965,30.281734466552734,4586000
2019-08-19,30.860015399642847,31.202222998439478,30.717145582765948,31.02329444885254,3615500
2019-08-20,30.785176606519194,30.785176606519194,29.302045238627432,29.3632755279541,5972800
2019-08-21,29.832714478189473,30.09804753738424,29.417711949783346,29.444923400878906,4397800
2019-08-22,29.472132990178537,29.866728817044002,28.58769737910542,28.60810661315918,6072100
2019-08-23,28.574092273509024,28.587699295548347,27.512767911908586,27.69645881652832,6696800
2019-08-26,28.07744126352594,28.131866744033818,27.62842001942359,27.771289825439453,3402400
2019-08-27,28.023017879377736,28.390399666588838,27.838647024002107,28.009410858154297,4152200
2019-08-28,27.995801529265115,29.009499777778846,27.730468554787016,28.927860260009766,4539300
2019-08-29,29.280654067360885,29.744107499017968,29.197645355860573,29.308320999145508,3292500
2019-08-30,29.62650817263462,29.744099858982377,29.239142201277986,29.488162994384766,4099200
2019-09-03,29.14921607547727,29.211471270840534,28.464411565196055,28.914030075073242,3343300
2019-09-04,29.46049276911651,29.598837944258225,28.948616412706578,29.425907135009766,2651400
2019-09-05,29.84785704785081,30.415069859088273,29.806352706035412,29.993118286132812,4041400
2019-09-06,30.11762689301711,30.200632933027943,29.508909775937322,29.910110473632812,3217900
2019-09-09,30.110706558381057,30.86952690518698,29.923940999402518,30.747093200683594,3848000
2019-09-10,31.196715735358868,32.075204529263445,30.975364519115235,32.040618896484375,4704000
2019-09-11,32.17896914248153,32.54558165745842,31.528750172034474,32.4279899597168,4445000
2019-09-12,32.55940945131879,32.64241549300752,31.521824694708975,32.490238189697266,3649700
2019-09-13,32.953698445133355,33.50707657175353,32.68392677332571,33.341064453125,4027600
2019-09-16,33.67999693217028,34.57232036825321,33.3963905655138,33.90134811401367,5040600
2019-09-17,33.666162413970596,33.95668749158449,32.93293760795859,33.20270919799805,3741900
2019-09-18,33.13354380775754,33.13354380775754,32.52482662586942,32.86376953125,2588200
2019-09-19,33.285716361797846,33.486316703301775,32.84993268865883,32.95368957519531,2418300
2019-09-20,32.83609545363011,33.79067140420365,32.55940516613062,33.34796905517578,10570400
2019-09-23,32.78076455956937,33.35143677142196,32.59399896448772,33.14046096801758,3599400
2019-09-24,33.05054008133835,33.202720059332464,31.78468775120816,32.23430633544922,4515300
2019-09-25,32.19970973368073,33.18195790648283,31.90918729865672,32.98135757446289,4396200
2019-09-26,32.863763718243845,32.988274088849934,32.46533106004722,32.670082092285156,2994200
2019-09-27,32.787676171324605,33.11970294445955,32.517901944357874,32.55940628051758,3722300
2019-09-30,32.690842755648234,33.05745790748275,32.587085841469246,32.96061706542969,2512200
2019-10-01,33.16121216359243,33.59699855661539,31.750098717376133,31.798519134521484,3838400
2019-10-02,30.89928252125054,31.245144215764014,30.68484995942999,31.079132080078125,4759500
2019-10-03,31.02377585460976,31.397306912236683,30.69174912740156,31.341970443725586,3422400
2019-10-04,31.25205632029613,31.667089210483518,31.134461996890355,31.36273193359375,3512300
2019-10-07,31.182891319183433,31.660179502704093,30.964996765131268,31.24514389038086,2977900
2019-10-08,30.95462539236577,31.162141906359174,30.318241064290586,30.332073211669922,2985900
2019-10-09,30.70559314030225,30.809352678202497,30.435821508219195,30.442737579345703,2844600
2019-10-10,30.66408855649007,31.328142148290215,30.449653429700383,31.072202682495117,4325000
2019-10-11,31.646331577396307,33.009026918123006,31.47547483310856,32.60091018676758,3675700
2019-10-14,32.317314776051155,32.69776207926735,31.98528789476893,32.3864860534668,3196500
2019-10-15,32.38648219599615,33.27188710729045,32.18588182118267,32.64933776855469,3216800
2019-10-16,32.84992976175189,33.14736825429302,32.51790036601861,32.593990325927734,3626900
2019-10-17,32.81535713411267,33.576254457064806,32.60784064193131,33.07129669189453,2724400
2019-10-18,33.14045556943412,33.334831186345454,32.76000836974555,33.17504119873047,2757600
2019-10-21,33.6108240834149,33.8736795889062,32.573239478212194,32.593990325927734,3967000
2019-10-22,32.5663355966916,32.77661744106978,31.83310791799642,32.3864860534668,4645400
2019-10-23,32.35880616576994,32.863763718243845,32.19971016748755,32.670082092285156,4152000
2019-10-24,33.652338214877524,34.57924750426136,33.09204141500991,34.21955108642578,6098900
2019-10-25,34.43397566696043,35.11186399999575,33.8252612283456,34.918182373046875,5361100
2019-10-28,35.10495324779651,35.58224131738592,34.88360202954797,35.42314529418945,4504100
2019-10-29,35.250213826181316,35.71366974477773,34.84209703046223,35.61682891845703,3462100
2019-10-30,35.41622788998472,35.60299346811104,34.81442945294295,35.29863357543945,3602100
2019-10-31,35.1948776784028,35.29863457671754,34.38556015023171,34.925106048583984,3744000
2019-11-01,35.264054419846566,36.30855810725833,35.208717926562166,36.18404769897461,3207100
2019-11-04,36.41922521490731,37.63665680829996,36.287796126504425,37.47064208984375,5430200
2019-11-05,37.35996876127455,38.044775888298346,37.11095062652595,37.491397857666016,6044500
2019-11-06,37.46372400609359,37.86492468155298,37.22162197001589,37.546730041503906,3847000
2019-11-07,38.00326981529586,38.69499298175442,37.64357345209167,38.59815216064453,5974300
2019-11-08,38.3906306432258,38.729576110839844,38.05860388403819,38.729576110839844,4812000
2019-11-11,38.42522251516058,38.90942927386716,38.19695523555212,38.605072021484375,3184900
2019-11-12,38.7364925933254,38.81258255454227,37.71965881836208,38.15544509887695,2742700
2019-11-13,37.48447896485695,37.68507932457934,36.979521349452504,37.11786651611328,3426000
2019-11-14,36.868848831596495,37.44989646926226,36.76509192694731,37.3184700012207,2595500
2019-11-15,37.539820198408236,38.24537821321869,37.44989543921378,37.94793701171875,3865000
2019-11-18,37.87184302548754,37.98251862558423,37.436056695669286,37.57440185546875,3439900
2019-11-19,37.91335502558315,37.91335502558315,36.51607364283984,36.93110656738281,5208300
2019-11-20,36.758166592167285,36.972601711740346,36.03877390590377,36.43305587768555,5394100
2019-11-21,36.460728729306446,37.29771315632122,36.21170795859124,37.27004623413086,4618400
2019-11-22,37.33921790972415,37.809589895440276,37.076362355655824,37.491397857666016,3115600
2019-11-25,37.920261387292776,38.203867762140774,37.60206938404172,38.1831169128418,5073700
2019-11-26,38.217702734422176,38.56356429762962,37.92026157896663,38.30070877075195,4643800
2019-11-27,38.30772183028723,38.461850314522465,37.76127018254574,38.027488708496094,3926000
2019-11-29,37.83833210370638,38.02748906179763,37.21481620805439,37.38996124267578,1887600
2019-12-02,37.130739492270685,37.656174485085835,37.05367526572437,37.24283218383789,3349500
2019-12-03,36.402142679618365,36.43717115139319,35.764614872312734,36.30406188964844,3950100
2019-12-04,37.47403928989332,37.47403928989332,36.57729473963447,36.62633514404297,3791400
2019-12-05,36.801459365430325,36.88553087322977,36.205967550601386,36.430152893066406,2692600
2019-12-06,36.84351151844982,37.65618441473284,36.84351151844982,37.28487777709961,2818800
2019-12-09,37.80329979712169,37.81731171917039,37.12373894901519,37.31990051269531,2377200
2019-12-10,37.38295393087144,37.4039704783154,36.913563882115625,37.22182083129883,2609700
2019-12-11,37.48103879884878,37.880369278793424,37.16577719033952,37.2008056640625,3253300
2019-12-12,37.305898169933165,38.237671181673086,37.004648449784284,38.1465950012207,2882300
2019-12-13,38.27969750679276,38.40580214277789,37.3058915630751,37.326908111572266,3198600
2019-12-16,37.558101033642004,38.20964076550997,37.48804141744588,37.95042419433594,4040000
2019-12-17,37.901379200975015,38.349752672729345,37.78228187664238,38.293704986572266,2665300
2019-12-18,38.08353778617864,38.31472784843406,37.50906227087582,38.006473541259766,3659100
2019-12-19,38.13257299268876,38.44082725790263,37.87335911802025,38.19562530517578,3356000
2019-12-20,38.56693655352155,38.707053117406055,37.84533985739291,38.25868225097656,10476700
2019-12-23,38.17461767208769,38.566940888056074,37.98546069045944,38.482872009277344,2678600
2019-12-24,38.53190615483668,38.70705118281321,38.28670418466995,38.461849212646484,926200
2019-12-26,38.51789095310757,38.69303596617508,38.19562477046353,38.686031341552734,1909600
2019-12-27,38.73507366331661,38.91722331009115,38.335743227406205,38.41280746459961,1688500
2019-12-30,38.433828682685096,38.56693795333101,37.99946972412886,38.06952667236328,1943300
2019-12-31,37.845331763389595,38.37777138527615,37.78227945675165,38.342742919921875,2145700
2020-01-02,38.69303566946047,38.91021644609905,37.57911328799308,37.65617752075195,5145200
2020-01-03,37.207809170665364,37.551091919670206,36.717402571014624,36.72440719604492,5004300
2020-01-06,36.65435382664461,37.0466796790862,36.430168388821194,36.57728958129883,4293100
2020-01-07,36.63333781891164,37.17628584846828,36.42316430190581,36.56327819824219,5122800
2020-01-08,36.71739634808652,37.24983595268218,36.37411098476131,36.94158172607422,3629700
2020-01-09,36.955604056487346,37.17978949762707,36.297059657202055,36.56327819824219,2667800
2020-01-10,37.032669246101804,37.03967387209651,36.00982281078982,36.07987976074219,3277300
2020-01-13,36.079880965410645,36.71040422603975,36.05886441422348,36.67537307739258,2665500
2020-01-14,36.563269795303356,37.109724020934415,36.39513208934046,36.59830093383789,3689800
2020-01-15,36.56326461066972,36.88553340098576,36.21998195071388,36.61931228637695,2235400
2020-01-16,36.8365085988711,37.03967482797658,36.54926814815015,36.766448974609375,3765600
2020-01-17,36.801467666646076,37.382950367172135,36.727907085103745,37.36893844604492,3897500
2020-01-21,37.11673081145132,37.23583080991855,36.570279226427374,36.85050964355469,4156000
2020-01-22,36.941591170732536,36.99063156767396,35.50680278128628,35.638511657714844,5149600
2020-01-23,35.18312316783125,35.55442965683059,34.43350289428528,35.204139709472656,5797600
2020-01-24,34.94492451453973,35.2181502350719,33.65585745234941,33.97111892700195,5919300
2020-01-27,33.144439946106765,33.333596862149925,32.67504996796251,33.05336380004883,4827000
2020-01-28,33.20749662559794,33.431682035808656,32.94127544878488,33.03935623168945,5813800
2020-01-29,34.31440656950209,34.99396999480221,34.04818543291537,34.79780578613281,6828000
2020-01-30,33.845030078778116,34.314417525188276,33.38965188442381,33.957122802734375,5644800
2020-01-31,33.41767662621002,33.53327300251878,32.17064203232114,32.27573013305664,7532200
2020-02-03,32.44386373143168,32.9062464668499,32.03752601144249,32.745113372802734,6364900
2020-02-04,33.38264188591244,33.89406502368759,33.2355180379901,33.662872314453125,5287000
2020-02-05,34.24435611291336,34.846855427861456,33.992146848748945,34.75577926635742,5403200
2020-02-06,34.755781761713,34.79081023480611,34.02017313675308,34.468544006347656,5985200
2020-02-07,34.006158274575505,34.006158274575505,33.242525868125384,33.648860931396484,3802100
2020-02-10,33.487733768779954,34.13226895678651,33.487733768779954,33.76095962524414,2488300
2020-02-11,34.00616369558498,35.03601477671114,33.97813984606419,34.18130874633789,3705400
2020-02-12,34.81182073811908,35.28821537244941,34.32141685498556,34.594642639160156,2964200
2020-02-13,34.258373875500254,34.32142620228958,33.64186253272705,33.8380241394043,3302600
2020-02-14,33.9851423239394,34.28639200599205,33.894068827505784,34.0692138671875,3207000
2020-02-18,33.76095671625604,33.992149450267604,33.08770021336389,33.44569778442383,3594300
2020-02-19,33.501745013356846,33.83101856317803,33.2145072377154,33.31959533691406,5644900
2020-02-20,33.29156436775606,34.19531327558517,33.23551668083605,34.160282135009766,4154200
2020-02-21,34.03418841858299,34.16729769847091,33.68389830808709,33.8380241394043,3972800
2020-02-24,32.6540350250221,32.95528464617876,32.08656424906406,32.39482116699219,5075900
2020-02-25,32.576965508627595,32.601485698346984,30.53127347346658,30.79048728942871,5529300
2020-02-26,31.140778488190087,31.44202807252075,30.138948972392832,30.15996551513672,6470700
2020-02-27,29.433570567284903,29.52614940015483,28.130316619879157,28.165924072265625,10009300
2020-02-28,27.147532731212216,28.835353532331986,27.09768175902801,28.778379440307617,10280000
2020-03-02,29.23415562846258,29.497653961181644,28.32971246840126,29.49765396118164,7706700
2020-03-03,29.447810473028795,30.440562080538445,28.301235327922477,28.88520622253418,6765300
2020-03-04,29.519031438651037,29.889354950793482,28.635951876361407,29.84662437438965,4967000
2020-03-05,28.50776620086413,28.935063864896623,28.24426774054952,28.5576171875,5447400
2020-03-06,27.574838175488306,28.265631580911894,27.282852661853592,27.752878189086914,6928400
2020-03-09,24.747557181879653,24.882866588468406,21.6710265495526,21.74224281311035,15081500
2020-03-10,23.152312823742918,23.736286331869298,20.876963944447354,22.36181640625,12975400
2020-03-11,21.500105589113417,21.59980753037232,19.833651482813362,19.933353424072266,12444100
2020-03-12,18.12446998494266,18.793899312445223,15.945259714550092,16.85682487487793,18163300
2020-03-13,19.89062727247609,19.947600013144797,16.08057133503669,18.29538917541504,17350800
2020-03-16,16.45089481817625,18.1102274172352,15.631911162203656,15.667518615722656,12345400
2020-03-17,18.281145778563438,19.655614684941572,16.19451692967537,18.94345474243164,19873300
2020-03-18,17.6900463589848,20.146997770419215,17.455033721586997,18.82950210571289,16955900
2020-03-19,18.71556720587739,22.32621855835163,18.466310908680715,20.025941848754883,13893400
2020-03-20,20.36065552202329,21.144031832679655,18.936335451134426,19.541671752929688,12649100
2020-03-23,19.328017891091914,20.24670474943972,18.523277858395154,18.929208755493164,11703100
2020-03-24,20.410501104646634,21.33630836233439,19.15709961103097,20.275190353393555,12333600
2020-03-25,20.780826842665952,23.09178504016029,20.36777414022451,21.635417938232422,10539200
2020-03-26,21.564199928261417,22.290601915345498,20.617027418056725,21.136903762817383,14298600
2020-03-27,19.940475761946058,20.83922087152919,19.171343179747335,20.339284896850586,9101400
2020-03-30,20.161248751955046,20.930381479778834,19.80516876021556,20.403383255004883,6817000
2020-03-31,20.332166151239655,21.421771370283086,20.260951242481923,20.823556900024414,7599900
2020-04-01,19.82652890074255,20.132757831459823,19.185585353700613,19.25680160522461,10339900
2020-04-02,19.306656295294164,21.250852594136806,19.174905729160898,19.961843490600586,10680300
2020-04-03,19.783803747724036,20.34640939755822,19.527425733029457,19.919113159179688,8005100
2020-04-06,21.030083162631964,22.06271424321932,21.00871787579076,21.749364852905273,8021100
2020-04-07,23.33035804458393,24.975448456170916,22.65380692802571,23.024131774902344,15028000
2020-04-08,23.47991397834146,24.882867206063146,23.045495982360414,24.776044845581055,7220700
2020-04-09,25.459719039105337,26.876918580954644,25.310166096751683,26.036569595336914,9892300
2020-04-13,25.972469161491492,26.278698097378395,24.619364434704067,25.08938980102539,7170600
2020-04-14,25.901252472036507,26.44961587170205,24.989688751384268,25.1890926361084,7348800
2020-04-15,24.106613566525862,24.106613566525862,22.696538529643245,22.95291519165039,7586700
2020-04-16,23.280506731925087,23.280506731925087,21.827701206132804,22.525617599487305,6918500
2020-04-17,23.52976757878032,24.25617112104383,23.2164154330932,23.800386428833008,6544100
2020-04-20,22.91731049649107,23.38021561303838,22.4330414479008,22.45440673828125,7140700
2020-04-21,21.649662492655207,22.190904224763752,21.094178593695975,21.991498947143555,7315100
2020-04-22,22.646685755923524,22.806923373894737,21.991498550793878,22.675172805786133,5331100
2020-04-23,22.86033162849362,23.736290693299534,22.796237129036466,23.18792724609375,7724700
2020-04-24,23.529767198741386,23.750535061446293,22.96003973852334,23.58673858642578,4979100
2020-04-27,23.722048046096614,24.74399579835001,23.36596808410181,24.52678680419922,4885900
2020-04-28,25.267429845203196,25.773062660550764,24.71906646306287,25.5451717376709,5868600
2020-04-29,26.349913454122234,27.12616776995118,26.27869855848345,26.684629440307617,6887300
2020-04-30,26.542198697440156,26.599170074405016,25.67336278616298,26.1291446685791,10990200
2020-05-01,24.73331304041485,24.989691039491326,23.885843736067088,24.163585662841797,8709300
2020-05-04,22.860334509750373,23.600981548676835,22.618201363695437,23.544010162353516,6248300
2020-05-05,23.94993741177147,24.605123194268366,23.66507237444931,23.764774322509766,5041600
2020-05-06,23.294751528737397,23.768338551885495,22.703658819083927,22.760631561279297,4601500
2020-05-07,23.166560195435096,24.071003575609367,23.152316671730656,23.394451141357422,5056200
2020-05-08,24.056761856284634,24.476936328720594,23.764776390129107,24.44845199584961,4175700
2020-05-11,24.355868875295,24.384355923006748,23.558250556086772,24.142221450805664,4321000
2020-05-12,24.391471851621716,25.217577066980486,24.035391970576143,24.063879013061523,5675400
2020-05-13,23.85736097461923,23.902226860851503,22.63956797687199,23.038375854492188,5865200
2020-05-14,22.212267758068585,23.892964205718695,22.0057407341673,23.864477157592773,6187900
2020-05-15,23.650827872702727,24.199191281028913,23.380209086781406,23.90008544921875,4829200
2020-05-18,25.552304394360096,27.06920340657481,25.43123576826297,26.164762496948242,8544900
2020-05-19,26.086421584506567,26.122029041204144,25.33865412715822,25.38138198852539,4415500
2020-05-20,25.879892825842717,26.349918286612606,25.466838748697402,25.765947341918945,5656200
2020-05-21,25.637756259373006,26.178996585067473,25.395621786034173,25.509567260742188,3941800
2020-05-22,25.409861953564075,25.76594185457627,25.189091436933857,25.72321128845215,3040600
2020-05-26,27.31845251729192,27.73862694109831,27.00510044190625,27.62468147277832,6188600
2020-05-27,28.45078159829494,28.959975911074448,27.79559323767557,28.358200073242188,6895200
2020-05-28,28.684416037941613,28.771403637457354,27.800033352792834,28.060998916625977,5266800
2020-05-29,27.64779797807197,28.263967142682052,27.34334006742733,27.981252670288086,5254200
2020-06-01,27.988500595092773,28.27846008746433,27.6767921359617,27.988500595092773,3014400
2020-06-02,28.41619088052524,29.88774270902086,28.33645112848729,29.431053161621094,6083400
2020-06-03,30.07622931509048,30.663399026620585,30.0544803427957,30.177715301513672,5160600
2020-06-04,30.083477385570244,30.996854036454597,29.95299461183166,30.960609436035156,3901500
2020-06-05,32.410404195684976,33.14980539883519,31.777566007059008,31.873977661132812,7656600
2020-06-08,31.953728841609042,33.29479842291313,31.953728841609042,33.27305221557617,5727300
2020-06-09,32.236438750464764,32.49015370580657,31.837015365402298,32.19294357299805,5535400
2020-06-10,32.17844781089917,32.25818759346358,31.46079529839118,31.591278076171875,4267700
2020-06-11,29.8841225733044,30.474920238750425,28.23497004519412,28.459688186645508,9225100
2020-06-12,30.315445444691633,30.3843121195941,28.985249006567923,29.887752532958984,5034900
2020-06-15,28.6191695380544,30.772132290057428,28.481438966300857,30.431427001953125,5665300
2020-06-16,32.011710116136015,32.2581771986019,30.039973456408937,30.627145767211914,5592400
2020-06-17,30.953354971156763,31.022946137569146,29.74276566720786,29.84425163269043,3525100
2020-06-18,29.46730990199109,30.438680093450607,29.271585747896374,30.141469955444336,4106800
2020-06-19,30.902613809296888,31.170827128916983,30.06172649038403,30.192209243774414,7494400
2020-06-22,30.054481082676716,30.540167585025994,29.48180698486406,30.257455825805664,3316000
2020-06-23,30.7938763509455,30.7938763509455,29.960239634758906,29.974735260009766,3603900
2020-06-24,29.431068268097587,29.518058641490487,27.778289887639332,27.872528076171875,7707200
2020-06-25,27.54631865966154,29.017871113694056,27.31434988164516,28.981626510620117,5986900
2020-06-26,28.677165791673893,28.99612213970783,28.075494929937822,28.85114097595215,8333800
2020-06-29,29.257090455804644,29.86238389920129,29.133855487076186,29.70652961730957,7756700
2020-06-30,29.423818270836033,29.684783841088663,28.822147343277358,29.54705047607422,4835300
2020-07-01,29.539794921875,29.9384909873954,29.23533701320733,29.539794921875,4023600
2020-07-02,30.199462782950626,30.627155718986966,29.655785462495235,30.148719787597656,4017500
2020-07-06,30.90261755006916,31.011351347533193,30.126971513959276,30.77213478088379,4679000
2020-07-07,30.257454029175154,30.496670593816663,29.844256753365933,30.221206665039062,4535900
2020-07-08,30.076229701028755,30.28644949048045,28.731532067809088,29.24983787536621,4824200
2020-07-09,29.27883799380298,29.373076178251747,28.39445525963628,28.590179443359375,3671900
2020-07-10,28.590178562005242,29.590545659544993,28.577856447595824,29.54705047607422,3007800
2020-07-13,29.793513617423347,30.32994307977963,29.358572902756027,29.895002365112305,3089000
2020-07-14,29.952988722716324,30.938857145891802,29.894997926504054,30.76487922668457,4350800
2020-07-15,31.642010499794583,31.96821456997573,30.848240994374653,31.41004180908203,3788300
2020-07-16,31.308566370324634,32.08783781753014,31.054851371367533,31.772506713867188,4259800
2020-07-17,31.94646590099709,32.00445945183676,31.141823357447294,31.656503677368164,4610600
2020-07-20,31.41730249373313,31.660144384248735,30.5329197697228,30.663402557373047,3580900
2020-07-21,30.808377009429854,31.482537009917863,30.772132413064085,31.199825286865234,3399600
2020-07-22,31.127338815818383,32.25818867265484,31.08746892320234,32.14220428466797,5792500
2020-07-23,31.170828906461164,31.315810059083198,30.358938323177462,31.040346145629883,6574300
2020-07-24,31.040345800731057,31.518781663367875,30.66339591421637,30.88811683654785,2999600
2020-07-27,31.033106704405576,32.24369371002467,30.757642716638326,31.895740509033203,4733600
2020-07-28,31.707262018777065,31.910233996815975,30.873622368484437,30.895368576049805,3395400
2020-07-29,31.02585553836647,31.631876300017108,30.982363117367253,31.547786712646484,3186900
2020-07-30,30.92437194660736,31.047606934713976,29.967499896017593,30.250211715698242,4118700
2020-07-31,30.0762291822277,30.38793495402808,29.42381532198105,29.7645206451416,7462100
2020-08-03,29.880502475236643,29.895000867037105,29.05411349960872,29.06136131286621,5079900
2020-08-04,29.02511469006669,30.348063122698594,28.923628719832625,29.95298957824707,5408800
2020-08-05,30.37343545639419,30.793877739762323,30.264698905111974,30.438676834106445,3563600
2020-08-06,30.221206477765946,30.675722648753876,29.761618772950303,30.4821720123291,3724900
2020-08-07,30.141474464415236,30.927993722673694,30.042886485132644,30.90262222290039,2913100
2020-08-10,31.03310643756898,32.54090362890063,31.03310643756898,32.47566223144531,4245900
2020-08-11,33.012078382681764,33.39627603075226,32.14219435876801,32.2581787109375,4373800
2020-08-12,32.7801120142278,32.89609637466224,31.844986552752072,32.09870147705078,2577300
2020-08-13,31.794252479312075,32.52640344127374,31.685515901115348,32.20744705200195,2767100
2020-08-14,31.85948078162596,32.72211417684005,31.77249321398473,32.526390075683594,1998300
2020-08-17,32.693124493525154,32.9395916263955,32.047961260057775,32.22918701171875,3257300
2020-08-18,32.192949070214084,32.6423882529732,32.12045986067703,32.41041946411133,2447100
2020-08-19,32.39591332779694,32.693123440335064,32.07695701065141,32.35966873168945,3453400
2020-08-20,31.910232209380485,31.997219800055195,31.555028502423138,31.67101287841797,3324000
2020-08-21,31.53327890162623,31.80149222375097,31.352053160812286,31.598520278930664,2511600
2020-08-24,32.113206058213684,33.45427842237052,31.9102340796479,33.43252944946289,4609000
2020-08-25,33.64274088115132,33.8239665921606,32.963506717188025,33.04832077026367,4188000
2020-08-26,33.11357831257856,33.82398311492828,32.82361592720525,33.59201431274414,3928500
2020-08-27,33.83846331142343,34.03418740149141,33.20779864250534,33.46151351928711,3702300
2020-08-28,33.424724032052055,34.01357569059539,33.100856321819776,33.89580535888672,3772900
2020-08-31,33.85164050864958,33.93996754833932,33.189180691311634,33.21126174926758,3916800
2020-09-01,32.96836632831348,34.801167401130904,32.73282565074551,34.79380798339844,5428300
2020-09-02,35.09558871723331,36.27329190591931,34.90421019415566,36.229129791259766,7305900
2020-09-03,36.27330381341819,36.65605817735503,35.27225437048595,35.61820602416992,6726900
2020-09-04,36.28065674610903,36.58244338546026,35.3900184699586,35.772769927978516,5325900
2020-09-08,35.10295277458462,35.63660179615543,34.9152581467352,35.27960968017578,4280800
2020-09-09,35.75069296468312,36.71493956081458,35.69916861605215,36.23649597167969,4168100
2020-09-10,36.28801635437647,36.61924627927986,35.81693504245436,35.846378326416016,4211300
2020-09-11,36.22177070399,37.112408993061536,36.09664095779625,36.69285202026367,6225700
2020-09-14,36.85477756830377,37.17864518597014,36.57875316901577,36.86949920654297,5298900
2020-09-15,37.25226150034025,37.951524025923085,37.090326252263004,37.590850830078125,4771700
2020-09-16,36.943121339555695,37.61294073987009,36.38371287216198,36.58245086669922,5863500
2020-09-17,36.33955126042683,37.72335512233675,35.956796881265916,37.51725769042969,5253700
2020-09-18,37.193381458889945,37.70862776853736,36.98728405817758,37.07561111450195,6271100
2020-09-21,36.096647251620425,36.310106887733994,34.727565182570125,35.264892578125,6468800
2020-09-22,35.31640613836915,35.445216980155315,34.74227621048469,35.18391418457031,4181900
2020-09-23,35.09559453999605,35.41946226865161,34.2049561802935,34.40369415283203,4018000
2020-09-24,34.35216522684553,34.58770869938775,33.63082159029196,34.160789489746094,4648700
2020-09-25,33.689705049221786,34.15342691842043,33.58665636892563,33.88844299316406,4090200
2020-09-28,34.227028399810806,35.53722342713603,34.227028399810806,34.94837188720703,3993100
2020-09-29,34.764355884354764,35.169191145811794,34.05037180703912,34.2785530090332,2716800
2020-09-30,34.734922784001405,35.419463782718346,34.308006341972806,34.631874084472656,4663200
2020-10-01,34.74964654810902,34.96310618608045,33.80748374308565,33.93997573852539,3407600
2020-10-02,33.39528501814896,34.94102397836235,33.2186309019264,34.8232536315918,4559000
2020-10-05,35.257528208438345,35.98107883229247,35.11031459014154,35.758052825927734,3913400
2020-10-06,36.155532659122976,36.64869795081727,35.22809146500148,35.24281311035156,4474700
2020-10-07,35.662363276895334,36.11136354568636,35.33113334025718,35.55195236206055,4506400
2020-10-08,35.78748980664459,36.3689819977753,35.68149848274914,36.346900939941406,2962000
2020-10-09,36.65605540937068,36.86951504373204,35.8463846134804,36.33218765258789,4472800
2020-10-12,36.36162613386502,36.435231539080306,35.5239834817011,35.758052825927734,3005700
2020-10-13,35.68445123938719,36.052483949539116,35.18392652895122,35.24281311035156,6832200
2020-10-14,35.21335291156639,36.045107223336316,34.904204123389306,35.94205856323242,5322100
2020-10-15,35.24280278379315,36.12240047869439,35.21335950172021,36.074554443359375,2793200
2020-10-16,36.33953779713968,36.79957854282711,36.162883723200586,36.28801345825195,2754300
2020-10-19,36.31010178272469,37.046167066222544,35.875823153146314,35.94942855834961,2903500
2020-10-20,36.32481852339489,36.91367296253947,36.22176983890441,36.31745910644531,2503600
2020-10-21,36.3469128464685,36.59349409927524,35.73597717285156,35.73597717285156,4092500
2020-10-22,36.66340573833708,36.92102741492233,34.70547257269217,35.93470001220703,5244000
2020-10-23,36.44995451970106,36.766462827904384,35.63292157563509,35.721248626708984,3123400
2020-10-26,35.28696809861641,35.43418171446352,34.46036879806931,34.70547866821289,4026400
2020-10-27,34.53617468236068,34.73491260515573,34.14606106050317,34.2785530090332,4141200
2020-10-28,33.07877141824549,33.638182582241484,32.62977397307604,33.255428314208984,6157100
2020-10-29,32.85059340375293,34.34480498593546,32.806428477235414,34.04301834106445,4300100
2020-10-30,33.75595543801284,33.9988555293024,32.92420085466042,33.483612060546875,5165900
2020-11-02,34.04301304527556,35.37529197204124,33.77066972711575,35.19863510131836,3675800
2020-11-03,35.51514682592212,36.089276798373284,35.080868234285326,35.86845779418945,3293500
2020-11-04,35.29432919498608,35.58139419238091,34.044489033933345,34.19023132324219,4542300
2020-11-05,34.52146522526485,36.39843126199437,34.50674358166752,36.04512023925781,4253000
2020-11-06,36.23649250802694,36.670771124882165,35.353949293063096,35.50042724609375,3061500
2020-11-09,37.9735949295374,39.88000346551177,37.936792239688444,38.36370849609375,9208300
2020-11-10,38.518296344328526,39.526704962774915,38.326917804617864,39.35004806518555,6148700
2020-11-11,39.37949081791173,39.45677733210576,38.290114586434925,38.42996597290039,4118500
2020-11-12,38.084017603382065,38.32691767791506,37.20073873408744,37.56877136230469,3467600
2020-11-13,37.002003386206034,38.37108530894042,36.95047903925292,38.25331497192383,3482900
2020-11-16,39.41629735220537,39.70336237794906,38.3784453625886,39.69600296020508,4075600
2020-11-17,39.129228001752374,40.15972045973126,38.88632793291792,40.100833892822266,4795000
2020-11-18,40.22596225269129,41.422068141721674,40.13763241153031,40.704402923583984,5903500
2020-11-19,40.41734030888336,40.84425947571373,39.68863452020826,40.733848571777344,3514000
2020-11-20,40.53510953486916,40.79273122660977,39.95361736452223,40.284847259521484,2871700
2020-11-23,40.68968835367187,41.43311586936045,40.68968835367187,41.17549133300781,4560700
2020-11-24,41.955718520669244,42.8242757252001,41.66865352741797,42.493045806884766,4442800
2020-11-25,42.28695024096425,42.28695024096425,41.341106483165454,41.536163330078125,4158500
2020-11-27,41.67031790050027,41.77466093552885,40.999537185124446,41.29021072387695,2847400
2020-11-30,40.910099717425524,40.99208434100905,39.35240039874181,39.508914947509766,8760600
2020-12-01,40.567261322497664,40.567261322497664,39.42693686990095,39.896480560302734,4328700
2020-12-02,39.739956791237205,39.922557072983736,39.27041036646926,39.65052032470703,3723000
2020-12-03,39.494009473075316,40.16404239800002,39.35239864116143,39.948646545410156,3213800
2020-12-04,40.105166676672845,41.06661524424144,40.097711978096214,41.02935028076172,3294500
2020-12-07,40.939921131088866,40.94737298786546,39.51637766342069,39.65798568725586,3602700
2020-12-08,39.42692802618438,40.746125157372134,39.352395267583866,40.65668869018555,3161500
2020-12-09,40.947360206040926,41.551062769357166,40.50762687197618,40.73867416381836,3219100
2020-12-10,40.7386665349997,41.0740567851472,40.27657488098179,40.56724548339844,3402000
2020-12-11,40.46291735961535,40.582166954277554,39.92629276206814,40.24677658081055,2674800
2020-12-14,40.69396864324128,40.81321825781036,39.523830911802385,39.54619216918945,3121900
2020-12-15,40.13496957245417,40.358564998547436,39.613254493260385,40.343658447265625,2335500
2020-12-16,40.26913125829143,40.32875747166235,39.68033803849247,40.12007141113281,1948800
2020-12-17,40.39583554013746,40.49272671529804,39.93746826503513,40.12007141113281,2222300
2020-12-18,41.07406943608743,41.551067786265925,40.42564998150944,41.48398971557617,11536700
2020-12-21,40.28404387536501,41.14115234121449,40.04554467225007,41.05171585083008,4458800
2020-12-22,40.999533793439454,41.19331613657715,40.57470698989003,40.74612808227539,2268300
2020-12-23,41.0069898197185,41.565972773351845,40.79084906196137,40.805755615234375,2251600
2020-12-24,40.932463450475005,40.968238615294474,40.49645736085211,40.835575103759766,1074700
2020-12-28,41.193325333562946,41.565980707114484,40.38093650549521,40.462921142578125,3668200
2020-12-29,40.619430633457384,40.85792981523059,40.13497757121739,40.49272918701172,2222000
2020-12-30,40.50763432954075,41.48399234408119,40.47036936415958,41.342384338378906,3790000
2020-12-31,41.34238768134031,41.81193140075282,41.07407535988468,41.36474609375,2663500
2021-01-04,41.603240494766574,41.827578023668245,39.98591773967158,40.276588439941406,4852800
2021-01-05,40.351117581609515,41.864097270515714,40.24677454694488,41.58833312988281,3112800
2021-01-06,42.44543324068935,44.129833707688675,42.14730790556352,43.548492431640625,6208400
2021-01-07,43.97332723955367,44.547216766737534,43.30627388347244,43.608123779296875,4437600
2021-01-08,43.503774870229705,43.86897828116226,43.04168313738638,43.384525299072266,4063500
2021-01-11,43.00442026413026,43.9360584724384,42.6690299405125,43.868980407714844,3455900
2021-01-12,44.21183515061607,45.620472066998126,43.973335928960644,45.493770599365234,6235000
2021-01-13,45.27762189111381,45.694996877753724,44.46523317061783,44.740997314453125,3236300
2021-01-14,44.87515105178415,45.09129181058382,44.286354988764785,44.45777893066406,3578800
2021-01-15,43.69010784125277,43.83917053419671,42.579596607245925,42.71375274658203,6692900
2021-01-19,43.049142271588536,43.37708078007846,41.98335064839986,42.89262771606445,4919300
2021-01-20,43.131121695369806,43.69755931817122,42.65412338762178,43.65283966064453,3724400
2021-01-21,43.608120593205676,43.801902935309364,42.71375017564295,42.90007781982422,3442000
2021-01-22,42.47524720010217,43.067767690627775,42.38580789187893,42.85535430908203,2621500
2021-01-25,42.37835350816899,42.79572554909502,41.48398038126012,42.654117584228516,3682400
2021-01-26,43.14602553061845,43.414337772612434,41.513796516000404,41.543609619140625,3060300
2021-01-27,40.723772727502876,41.051711227201494,39.248058008262454,40.537445068359375,6283500
2021-01-28,40.35111535525061,40.88028519792993,39.50146172770708,40.529991149902344,5817000
2021-01-29,40.134974957310774,40.77221802678714,38.57727567854102,38.68162155151367,8895400
2021-02-01,39.046816095258485,39.3822063842054,38.25678879588785,39.315128326416016,4128300
2021-02-02,39.918840383212554,40.89519553823649,39.40457420292342,40.701416015625,5229500
2021-02-03,40.477824000894586,41.28648540527479,40.27584487511645,41.25294494628906,3984200
2021-02-04,41.342379529948296,42.01315735819664,40.85792650693482,41.99079895019531,4312200
2021-02-05,42.28892005824232,43.10130863689396,42.06532462825083,42.66157531738281,3732500
2021-02-08,43.04168232011823,43.42178943248577,42.6392139589286,42.74355697631836,2543200
2021-02-09,42.85535860514175,42.86653780900683,42.01315684865007,42.18457794189453,4209500
2021-02-10,42.482702758409204,43.51123214758511,42.09514091838445,42.982059478759766,3453000
2021-02-11,43.08640534745175,43.18329367510728,42.25165545672112,42.982059478759766,2326500
2021-02-12,42.900083633534415,43.42925353236877,42.81437165461651,43.33981704711914,1975100
2021-02-16,43.898792654146106,44.23790747690797,43.63048040049963,43.78699493408203,4072700
2021-02-17,43.66029482530728,43.906245836498506,42.937342658133474,43.6304817199707,3277800
2021-02-18,43.45160605444562,43.72364566592933,42.557232793748675,42.90007781982422,3112600
2021-02-19,43.041680984678294,45.113643246085935,43.041680984678294,45.009300231933594,4037100
2021-02-22,45.180719607796895,46.626623730000944,44.867690577093214,46.56699752807617,5672600
2021-02-23,46.90984908748288,46.93221033926564,45.84405468051599,46.2986946105957,4147200
2021-02-24,46.20926367117393,47.68497852465783,46.16678155239664,47.46883773803711,4668600
2021-02-25,47.08450177640209,47.35353624484475,46.0633833573739,46.232940673828125,3260300
2021-02-26,45.85614129402658,46.0068604965614,44.31127593618644,44.69561004638672,6399700
2021-03-01,46.082220662718946,46.92624415631249,45.64513527111627,46.376121520996094,4083800
2021-03-02,46.881023264697724,48.2600999353085,46.572050227116584,47.272891998291016,7316000
2021-03-03,47.09957306643566,47.770270526944934,46.730311148713696,46.91117477416992,5390300
2021-03-04,46.767994164458536,47.19000450884913,45.28341466792195,46.119903564453125,6050400
2021-03-05,46.81320338373581,47.50651054268997,45.7807816236494,47.40854263305664,3883800
2021-03-08,47.60448236632595,48.43343375910953,47.107110955709814,47.807952880859375,4437600
2021-03-09,47.981278941260214,48.01142335999776,46.654956138838294,46.9187126159668,5823200
2021-03-10,47.18999917960028,48.576610600426655,47.00160090435066,48.29777908325195,4238500
2021-03-11,48.47865265426513,49.18702636312968,48.39575694107994,48.47111511230469,3651800
2021-03-12,48.74240400639844,49.02123553503613,48.139530075760945,48.48617935180664,2690800
2021-03-15,48.282711180357026,48.44850258739824,47.061891125522564,47.40100860595703,5353300
2021-03-16,47.24276422270868,48.101863022769756,46.617283261613494,47.61202621459961,6461600
2021-03-17,47.83808980763536,49.925543046785485,47.61201245180338,49.74468231201172,5138900
2021-03-18,49.78236461158499,50.694211687411375,48.7047261129793,48.772552490234375,4203500
2021-03-19,48.77255912777118,48.832847971433885,47.220155900220156,48.162147521972656,6445800
2021-03-22,48.0792375667421,48.0792375667421,47.02420898753018,47.860694885253906,4631100
2021-03-23,47.22768209859108,47.2412479484014,45.51702815003659,45.780784606933594,5523500
2021-03-24,46.42133921566721,47.792878587398526,46.27288241558055,46.75292205810547,4322600
2021-03-25,46.32336649620442,47.70997784692445,46.157575102453634,47.6572265625,3921200
2021-03-26,47.77026974924948,48.33546461684539,47.54419237715707,48.22242736816406,4256300
2021-03-29,47.94359402003005,49.073986587268834,47.853163649553615,48.15460205078125,3193700
2021-03-30,48.018961602967,48.82530613022129,47.83809796263172,48.689659118652344,2605100
2021-03-31,48.43342620302286,48.95340728395171,47.86069670958869,48.18474197387695,3643800
2021-04-01,48.19227985189188,48.77254689026441,47.838090171068885,48.68211364746094,3698900
2021-04-05,48.98355173790507,49.14934314062374,48.41835691016001,48.67457580566406,4077900
2021-04-06,48.410819668509674,49.277452892967375,48.32792396663795,48.68211364746094,3420300
2021-04-07,48.59922107183158,48.960948316855145,47.97374024655158,48.22242736816406,2374000
2021-04-08,48.124457689013475,48.25256714110284,47.19000094395657,47.61954879760742,3638900
2021-04-09,47.61955011527022,47.89838165058542,47.12971629259085,47.581871032714844,3721000
2021-04-12,47.928527941375236,48.34300651474725,47.7024505489096,48.071712493896484,3143800
2021-04-13,47.920988989823435,47.98881248897264,47.06189325042006,47.709983825683594,4471600
2021-04-14,47.92098998442607,48.81776482536277,47.747663899609556,48.410823822021484,4234400
2021-04-15,48.893123612920164,48.923268030156635,48.0792444706443,48.65951156616211,2632500
2021-04-16,49.18702598386104,49.367892492757726,48.42590098606201,48.742408752441406,3698800
2021-04-19,48.832837983080815,49.013698727614766,48.18474454519011,48.644439697265625,2566600
2021-04-20,48.22995737710743,48.26763933109188,46.933776352684234,47.084495544433594,4532200
2021-04-21,47.06942036472225,48.998616698125126,47.00536564656176,48.847900390625,4283500
2021-04-22,48.229962196118635,48.26764415386816,45.758177553481076,45.91643142700195,12028900
2021-04-23,46.044540989399636,47.0920378980125,45.55470715956418,46.80567169189453,5682300
2021-04-26,46.9940641557102,47.34071627687274,46.67001890666234,46.87348937988281,4871600
2021-04-27,46.92624215767754,47.36332465593482,46.511766532254235,47.212608337402344,3781300
2021-04-28,47.49897578681399,48.27894746439468,47.25029153975343,47.709983825683594,5584300
2021-04-29,48.09431624960971,48.74994438236162,47.80418414180764,48.275177001953125,4366000
2021-04-30,47.8154852856393,48.01141823706683,46.94885202515172,47.099571228027344,4932300
2021-05-03,47.612015021193,49.00993283170384,47.56679839769466,48.644439697265625,6327800
2021-05-04,48.41835943134628,49.94061505024281,48.07924194209519,49.90293884277344,7367200
2021-05-05,50.10640254116083,51.42142454243712,49.84264611167447,51.297080993652344,7467100
2021-05-06,51.25940411574536,52.06574856543021,50.61885108085806,52.028072357177734,4670600
2021-05-07,51.50809123794169,52.23907752166207,51.07854336753872,52.028072357177734,5174900
2021-05-10,52.56312278828881,53.20367582291369,51.74170900553139,51.79446029663086,5039000
2021-05-11,51.12375978127827,51.92257248061437,50.64146059462167,51.673885345458984,5693400
2021-05-12,51.80952722356508,52.07328366681138,50.79217765706692,50.942893981933594,4886200
2021-05-13,50.83738527090359,51.69648086780068,50.73188270633437,51.30461502075195,3068400
2021-05-14,51.62114026176591,52.781674615980286,51.52317520406761,52.62342071533203,4817200
2021-05-17,52.435013718594305,53.56540346432707,52.35211801061713,53.437294006347656,3607500
2021-05-18,53.505121888166,53.79148525945187,52.38226953162944,52.3973388671875,3523800
2021-05-19,51.62113151873581,51.93010747442795,50.69420940111894,51.6588134765625,4398500
2021-05-20,51.59098197292025,51.786917785110894,51.13882727125328,51.44026565551758,3126500
2021-05-21,51.756771902146944,52.450076141647756,51.658806873562746,51.86981201171875,3855700
2021-05-24,52.44253795467826,52.75905140746931,52.06951307198615,52.41239929199219,3420100
2021-05-25,52.344580103904235,53.0906357210337,51.96778352462235,52.028072357177734,4419400
2021-05-26,51.869813882865394,52.48022244733062,51.40258409619458,52.42747116088867,6059200
2021-05-27,52.770040063685926,53.25724135597047,51.947885704994185,52.267616271972656,6256600
2021-05-28,52.58733324223595,52.65584319136435,51.544415044962534,52.084903717041016,3815200
2021-06-01,52.655857663314585,53.691161992595944,52.412256986301216,53.599815368652344,4139100
2021-06-02,53.531295012098035,53.531295012098035,52.41986665533638,52.48837661743164,4797800
2021-06-03,52.79287230219594,53.8205622606756,52.10089621662737,53.752052307128906,4322500
2021-06-04,54.04894212491369,54.15551703911977,53.19633700336782,53.56935501098633,3041900
2021-06-07,53.569356257727804,53.64548036851849,52.44269967117452,52.709136962890625,2803900
2021-06-08,52.54165673453416,53.07453708833936,52.00116803571381,52.81570816040039,3469400
2021-06-09,52.716752797518694,52.914680138204446,52.12297658335899,52.40463638305664,3379200
2021-06-10,53.28008158120904,53.41710731684451,51.727125179972994,51.75757598876953,4022000
2021-06-11,52.122976026807656,52.541661548986774,51.64338308364763,51.76518630981445,2726100
2021-06-14,51.63577603039682,51.90221333443392,50.72226923497268,50.97348403930664,3712800
2021-06-15,50.93542691549538,51.3274716373195,50.57763717529133,51.17141342163086,3255000
2021-06-16,51.011548194949384,51.095286461738496,49.6336767737179,49.930564880371094,5428800
2021-06-17,50.06758136216075,50.090423818983375,47.448876345791184,48.369991302490234,5696100
2021-06-18,47.616367064816274,47.996993504829106,47.106329029094724,47.18245315551758,8745300
2021-06-21,48.06550022843296,48.68135519314278,47.799062916104184,48.04266357421875,5260000
2021-06-22,48.30908396193807,48.583135332293004,47.715307928800975,48.339534759521484,4019100
2021-06-23,48.72017616591704,48.92571185364206,48.035047527004316,48.07311248779297,3254400
2021-06-24,48.5527015446621,48.59076650695099,47.77622335794106,48.04266357421875,4253700
2021-06-25,48.1492328806045,48.62120873763289,48.04265796810924,48.179683685302734,4259700
2021-06-28,48.18729658678851,48.18729658678851,47.32708020023323,47.88279724121094,2727000
2021-06-29,48.1720741322043,48.5755400731123,47.639199518842716,47.94369888305664,2652900
2021-06-30,47.84473444758328,48.43089941688538,47.76861033373056,48.17207336425781,3356500
2021-07-01,48.88763750023136,49.03988568025264,48.27863316435466,48.339534759521484,3324700
2021-07-02,48.21013371361991,48.54508384806073,47.80666781773716,48.3471565246582,3172800
2021-07-06,48.26342493520638,48.30148699146208,46.74472362624994,47.14438247680664,3727000
2021-07-07,46.96929678415794,47.570687173174726,46.50797836928924,47.38798522949219,3424300
2021-07-08,46.43641025121779,47.21288827930211,46.169972993322915,46.7485237121582,4251300
2021-07-09,47.372754636938645,48.46895746712369,47.273790973951904,48.01982116699219,5063200
2021-07-12,47.62397706773878,48.41567778693972,47.17864196474878,48.12640380859375,3100400
2021-07-13,48.27864501524865,48.484183593468124,47.44126820379027,47.73054504394531,3074500
2021-07-14,47.9132486432876,48.44993324389644,47.32708365769416,47.4412727355957,2571700
2021-07-15,47.045419752206016,47.74577379796095,46.9616814843925,47.12915802001953,2745800
2021-07-16,46.66479417406173,46.98452184719895,45.52291502019097,45.682777404785156,6961300
2021-07-19,44.25923515691696,44.518061212382214,43.43327660636931,43.9927978515625,7815400
2021-07-20,44.259232830660864,45.058547608661236,43.869470646786304,44.6246337890625,6771700
2021-07-21,45.30976499640374,45.713228033259114,44.95578234393383,45.469627380371094,7428300
2021-07-22,44.57896161988166,46.35267899880529,44.15265903891199,46.040565490722656,7111300
2021-07-23,46.31460994326476,46.649560053726454,45.52290651422987,45.75889587402344,4690500
2021-07-26,45.82741472718369,47.22811986044072,45.82741472718369,47.20528030395508,6534300
2021-07-27,46.8246538757892,47.51739373995493,46.329841346498654,47.15960693359375,3568500
2021-07-28,47.06825738974316,47.42604419587721,46.48209244290602,47.09870529174805,4113600
2021-07-29,47.532622431639695,47.90563757074428,47.20528350465472,47.654422760009766,3708600
2021-07-30,47.57068424601622,48.130202561727074,46.94265016468511,47.3194694519043,4646800
2021-08-02,47.4260486042533,48.40806540792185,46.581057536164046,46.60389709472656,3714500
2021-08-03,46.550609269567566,47.403211581252485,45.793160652682666,47.37276077270508,4819700
2021-08-04,46.99974586502995,47.349921431609204,46.421192151252356,46.42880630493164,3340100
2021-08-05,46.657180615080534,47.04541823044553,46.36029251439871,46.43641662597656,3037100
2021-08-06,46.90078566899624,47.47933652168097,46.85510945538338,47.19767379760742,3142800
2021-08-09,46.984525750157445,47.36895633971836,46.71047426583146,47.06064987182617,3178100
2021-08-10,47.21288951574267,48.39283053781121,47.151987910087016,48.05026626586914,3560000
2021-08-11,48.27864321751805,48.94854928805752,48.12639500579381,48.902870178222656,3583600
2021-08-12,48.99422813715166,49.192155481120224,48.18958457321382,48.72779083251953,3581400
2021-08-13,48.697336999547915,48.79629776143487,48.225358226454205,48.48418426513672,2385600
2021-08-16,48.111172764007506,48.41186793862646,47.304243830702895,48.20252227783203,3163400
2021-08-17,47.722928708132955,47.86376149712447,46.54298765360586,47.43365478515625,3974300
2021-08-18,47.129156079972475,47.8295100968977,46.97690495421058,47.106319427490234,4574000
2021-08-19,46.46687196411209,46.73330928456898,45.78935743156541,46.09385681152344,3981600
2021-08-20,45.987279229069834,46.520156743176265,45.918766364342595,46.35268020629883,3203600
2021-08-23,46.817040798143324,47.517391884480396,46.78658999335948,47.243343353271484,3439900
2021-08-24,47.547843506373646,48.36238367267373,47.547843506373646,48.15684509277344,2896000
2021-08-25,48.18730195397414,48.85720523517769,47.82190095621285,48.6212158203125,3246700
2021-08-26,48.59837231864842,49.14647228609674,48.31670963371327,48.4537353515625,3618500
2021-08-27,48.86481179989229,50.132298219730934,48.8115243441587,49.77069854736328,5348700
2021-08-30,50.01694881097173,50.269344283956784,49.208983301869935,49.2320671081543,3925000
2021-08-31,49.01660884460302,49.15511754860673,48.23942079042916,48.40101623535156,5450000
2021-09-01,48.347146130687875,48.47795825986859,47.56226454947337,48.123992919921875,3949200
2021-09-02,48.293282839360245,48.75497947755513,48.03165562499624,48.18555450439453,3414600
2021-09-03,48.05474153983473,48.34330083298581,47.45453621402419,47.80080795288086,3690400
2021-09-07,47.693073473153895,47.939310470078006,47.43144629699995,47.608428955078125,2514300
2021-09-08,47.57765448196186,47.793111133785324,46.561923137450606,46.70043182373047,4629000
2021-09-09,46.36186492376934,47.08518590899773,46.22335621281835,46.38494873046875,4439100
2021-09-10,46.82354521369864,47.27754520570418,46.43110593570299,46.48497009277344,4093300
2021-09-13,47.14674574960453,47.392982801001786,46.33493196174327,46.72352600097656,4549200
2021-09-14,47.12365706454882,47.16982467229525,45.801668986273626,45.90016555786133,4493600
2021-09-15,45.9771153969354,46.68504614134658,45.915554670268165,46.323387145996094,5167600
2021-09-16,46.27721558011202,46.41572427668077,45.45385995905165,45.76165771484375,4650700
2021-09-17,45.24609482751981,45.53080583050206,44.22267276715705,44.43812942504883,9622900
2021-09-20,43.29158020939348,43.961039768755626,42.5605658064342,43.23002243041992,7683900
2021-09-21,43.545524262876164,43.753287320887004,42.483625167057575,42.729862213134766,6156400
2021-09-22,43.291584446941016,43.845619188816215,43.28773910345006,43.322364807128906,6823800
2021-09-23,43.68402274623837,44.66512242155189,43.5532076949707,44.19188690185547,7814100
2021-09-24,44.014914448178146,44.122642788667356,43.660949062177274,43.714813232421875,7964900
2021-09-27,43.768673489365725,46.46189350230719,43.768673489365725,45.93094253540039,12374000
2021-09-28,46.2849144792839,46.66581194642305,45.507726427522854,45.753963470458984,6681800
2021-09-29,45.7539562468907,45.86168456924513,45.223008257268184,45.26148223876953,4578800
2021-09-30,45.33843711140162,45.530809983602836,44.284234593644534,44.29193115234375,4929000
2021-10-01,44.37656891715554,45.4076875405013,44.05338392875515,45.07680892944336,6925300
2021-10-04,45.07680509624188,45.39999005715954,44.38426170088034,44.81517791748047,5652900
2021-10-05,44.8305710279315,45.742419461917535,44.70745251213134,45.47694396972656,5646200
2021-10-06,44.907517285260965,45.069109770134446,43.32236399000348,43.984127044677734,8699100
2021-10-07,44.54585018340541,45.76164782717346,44.468902228771924,45.02293395996094,7235900
2021-10-08,45.2537964622574,45.623152032383345,44.93830506264708,45.17684555053711,4260200
2021-10-11,45.59236913141446,46.00019866702462,44.79209730630506,44.80748748779297,4139000
2021-10-12,44.645891835540716,44.91521265413654,44.24575595121495,44.43043518066406,5443800
2021-10-13,44.56892905540915,44.66896373367442,43.59167781102319,43.791744232177734,7689800
2021-10-14,44.19188971524747,45.230701892978466,43.96873651294546,45.19992446899414,6430400
2021-10-15,45.761651521844705,45.96171798127039,45.276871149460206,45.36920928955078,4288200
2021-10-18,44.39965087090625,45.70009017776991,44.32269997573956,45.361515045166016,4660100
2021-10-19,45.46923659146431,45.607745246760274,45.04601700489378,45.54618453979492,3650600
2021-10-20,45.52310673665777,46.63733160936316,45.35458970959626,46.084835052490234,5875300
2021-10-21,46.223337005467464,47.06977616699754,44.599710073729256,45.60004806518555,8916600
2021-10-22,45.89247661570196,46.31569639074837,44.92291853222514,44.93830871582031,5889500
2021-10-25,45.58467804421177,45.81167662918804,45.09989757419397,45.17684555053711,6293200
2021-10-26,45.17684555053711,45.98481104364869,44.769015992239595,45.17684555053711,6875200
2021-10-27,45.07680762317718,45.07680762317718,43.01457043624656,43.09151840209961,11512700
2021-10-28,43.283883878375825,43.75327402209485,43.25310352312757,43.530120849609375,5974400
2021-10-29,43.1915580041959,43.591693929838456,42.82989606584305,43.06843948364258,5894900
2021-11-01,43.099208304337424,44.61510717088392,43.099208304337424,44.199581146240234,7562000
2021-11-02,44.353477798244135,45.19991998442995,44.04568304130266,44.992156982421875,5929500
2021-11-03,45.007551826937984,45.85014288672444,44.69975410270784,45.4384651184082,6234300
2021-11-04,45.39999193955843,45.41153384073025,43.703262018260226,43.9918212890625,9047900
2021-11-05,44.04568968216199,45.203772142901876,44.04568968216199,44.86904525756836,4979100
2021-11-08,45.34612824283651,45.92324679036756,44.85749956211592,45.06911087036133,4894100
2021-11-09,45.04603805361409,45.49234164615344,44.934461421634886,45.23841094970703,4447800
2021-11-10,45.27686985828895,45.623141542974594,45.00754906763148,45.215309143066406,5103900
2021-11-11,45.46155838840042,46.154098964369126,45.41538784251835,45.92325210571289,4140400
2021-11-12,46.00790083754765,46.5927131285393,45.75396721508754,46.21566390991211,3499400
2021-11-15,46.55422415345168,46.80046113728445,46.000189472139745,46.10791778564453,3470400
2021-11-16,46.14640281786781,46.16179299898699,45.276876664583945,45.292266845703125,4004700
2021-11-17,45.153762855648814,45.38460972573502,44.76132053466277,44.89213562011719,3342400
2021-11-18,44.8998233089818,44.91521348967025,44.37656890708173,44.6151123046875,3801500
2021-11-19,44.20727558530064,44.26113974124296,43.114596417521476,44.12263107299805,7424300
2021-11-22,44.29193665317504,45.62315674189291,44.1765117413683,45.23841094970703,5309200
2021-11-23,45.661624072321466,45.954031653628185,45.269184713112125,45.53850555419922,5279400
2021-11-24,45.32304317492323,45.68470212522302,45.08449979186778,45.11528015136719,3307100
2021-11-26,43.58399326152038,44.4535193820882,43.076129045203466,44.32270431518555,4317500
2021-11-29,45.101662782416966,45.4755622110721,43.91764643926479,44.29154586791992,4564300
2021-11-30,43.82417089629831,44.003333831273416,42.38309994523959,42.78815841674805,10398200
2021-12-01,43.22437409593727,43.46584913713705,41.0510808962083,41.097816467285156,9113300
2021-12-02,40.895299866908815,41.65478281869854,40.56034764932737,41.424991607666016,7333300
2021-12-03,41.28477142940524,41.92351671191467,41.074452425922075,41.339298248291016,6969100
2021-12-06,42.34415627933927,42.62302159599052,41.93909777305442,41.97025680541992,6066400
2021-12-07,42.41425851191528,43.13868960111984,42.27404585132803,42.7336311340332,5806900
2021-12-08,43.08415970667661,43.216581114719084,42.67131002601066,42.77257537841797,5013700
2021-12-09,42.25067747745678,42.515523280272824,41.849511666001696,42.36751937866211,5607700
2021-12-10,42.959533131941,43.045216012386625,42.28573318203816,42.593421936035156,3628600
2021-12-13,42.42205404649308,42.570057975501584,41.33696725842048,41.53404235839844,5398800
2021-12-14,41.47951244587438,42.45320992112965,41.392269532442086,41.97025680541992,4048700
2021-12-15,41.90014729946211,42.11825456654755,41.17571619494132,42.094886779785156,4955200
2021-12-16,42.39867600395274,43.12310704201348,42.274042866839515,42.531097412109375,5605900
2021-12-17,42.476568921193895,42.58172989079727,41.58076921219467,42.14161682128906,10400000
2021-12-20,41.36266850787185,41.74435923437161,40.871927108572244,41.68204116821289,6251000
2021-12-21,42.19614599765642,42.694681525852566,41.9858299896297,42.21951675415039,4422000
2021-12-22,42.157207361049664,42.359738111007346,41.783307866692056,42.24289321899414,3729600
2021-12-23,42.45320765955798,43.3902933704377,42.33636278015637,42.95174026489258,6240200
2021-12-27,43.084167356264366,43.535961443818145,42.97511074196899,43.520381927490234,3249000
2021-12-28,43.62943255254633,44.400602214248835,43.55153794778347,44.112388610839844,4748100
2021-12-29,44.14354203225202,44.48628540430236,44.057859160727965,44.44733810424805,3580900
2021-12-30,44.55640052507161,45.04714492275967,44.186393672822945,44.2292366027832,3678700
2021-12-31,44.27596541479988,44.39358881377831,43.85143183081012,44.182491302490234,3093900
2022-01-03,44.55640068984301,45.10167191468072,44.237028010814925,44.29934310913086,5231900
2022-01-04,44.595344557420994,45.72483422784559,44.478499671295076,45.49893569946289,9068000
2022-01-05,45.79493376276686,46.41809946273159,45.42492699265548,45.45219039916992,6706300
2022-01-06,45.561259448155894,45.84947310600143,44.58756184726898,45.366519927978516,5820800
2022-01-07,45.67030308836834,46.35967953115847,45.51451091209432,46.03641128540039,4633100
2022-01-10,45.833890364012646,46.19221034277863,45.16788160842943,45.49114990234375,5544300
2022-01-11,45.99746662850596,46.32463051463825,45.49893401296035,46.098731994628906,5720400
2022-01-12,46.359676345151286,46.84652500536919,45.872827684933384,46.161041259765625,3742400
2022-01-13,46.192209836983835,46.9143054405076,46.11976790619018,46.69074249267578,4482600
2022-01-14,46.511571406820245,47.3840063175927,46.18441054389681,47.313899993896484,6795300
2022-01-18,47.329483129879335,47.6324977210143,46.40252425095781,46.89326858520508,4796900
2022-01-19,47.32948242771243,47.454115577411585,46.262310897695365,46.61284255981445,4351100
2022-01-20,46.65958118258408,46.776423089158286,45.00039996012992,45.031558990478516,5765700
2022-01-21,44.93029014394425,45.00039647104859,44.04227864828155,44.182491302490234,6189500
2022-01-24,43.38795534721723,44.26038735762898,42.531099879796066,44.10459518432617,8872700
2022-01-25,43.53596075955234,44.758924542927076,42.56148476044775,44.54081726074219,5644100
2022-01-26,44.73555999619719,45.37430534444275,44.127973682375575,44.57197952270508,6126000
2022-01-27,45.755994714076145,47.742337040903365,45.755994714076145,46.87769317626953,11664200
2022-01-28,47.29052746801376,47.59432053549537,46.0130371475843,46.76862716674805,6971900
2022-01-31,46.348004462423056,46.77643080013081,45.3976746805523,46.527164459228516,8056100
2022-02-01,46.58168511921386,48.2876049425819,46.503790512301826,48.14739227294922,6659400
2022-02-02,48.06949158193995,48.677080768168395,47.60990629934508,48.03054428100586,5463400
2022-02-03,47.905921748910025,48.64203689416194,47.63718026139324,47.680023193359375,5363800
2022-02-04,47.67223348774075,48.07729203230295,47.15812129108279,47.204856872558594,4995100
2022-02-07,47.461903414449466,47.594324826474804,46.527153373047284,46.66736602783203,6214400
2022-02-08,47.03347326244593,47.648847672217556,47.03347326244593,47.58653259277344,5595500
2022-02-09,47.89812252141111,48.47454970269102,47.711171318178785,48.287601470947266,5515900
2022-02-10,48.20971664989851,48.653722532092786,47.29054584814806,47.47749710083008,6537200
2022-02-11,47.360634115376044,48.225277757388795,47.0101025076022,47.58653259277344,6042100
2022-02-14,47.5943301639131,47.804649169676324,46.83484734156433,47.38401412963867,4472000
2022-02-15,47.37621958232784,48.30317842028441,47.29053373727103,48.186336517333984,4076800
2022-02-16,48.02276341830085,49.00424922210971,47.99939265694392,48.35771560668945,5613600
2022-02-17,47.796861031255276,48.377183881019434,47.22432645365726,47.64885711669922,3927800
2022-02-18,47.32169660218701,47.76570240666126,46.885479069945276,47.19706344604492,5078900
2022-02-22,47.454117809736246,47.54759490502445,46.690739360482176,46.97116470336914,5664000
2022-02-23,47.41516011614516,47.664426372650055,46.64009794268425,46.7140998840332,5155100
2022-02-24,45.872827444949024,45.93514549944533,44.80565601935106,45.74040603637695,8108500
2022-02-25,46.05575214302795,47.41566793128633,45.97691775269669,47.02543258666992,5445200
2022-02-28,45.97691330437048,46.65489982204443,45.732521906246006,46.48146057128906,6438200
2022-03-01,46.60759911112439,46.75344603259151,44.36078604026837,45.03877258300781,7668100
2022-03-02,45.36988483518448,47.135803506425965,45.33834987506568,46.67067337036133,6499800
2022-03-03,46.74162563069329,47.254055200734044,46.308030453785165,47.04119873046875,4514800
2022-03-04,46.03998924075096,46.41445711860226,45.59062658439368,46.37898254394531,5869500
2022-03-07,46.31591200510504,46.599720627927624,45.44477904231527,45.70887756347656,6987800
2022-03-08,45.811363388612,46.686438948555086,45.42506766124156,45.598506927490234,6583400
2022-03-09,46.710085444116565,48.010873836635156,46.465694041007424,47.143680572509766,7484700
2022-03-10,46.70220890856878,48.121249050747274,46.694323664771815,47.79802322387695,5421000
2022-03-11,48.13701910040127,49.26436843639288,47.987229533657235,48.01876449584961,6140000
2022-03-14,48.38140669836378,48.90172153613891,47.120038305981495,47.522098541259766,5836200
2022-03-15,47.1988707967816,47.51027176393158,45.42506987499469,46.41051483154297,8354400
2022-03-16,46.639137118494965,47.41961081945244,46.292261588813446,47.017547607421875,6154800
2022-03-17,46.8125762076701,49.57182197694684,46.62336946026186,49.540287017822266,9420600
2022-03-18,49.05938716345108,50.005414842360615,48.72433650832495,49.185523986816406,9510800
2022-03-21,49.761024238284655,50.234039589079195,49.29589413070654,49.93446350097656,4836500
2022-03-22,50.454782150770164,50.87260985310763,49.85563293595909,50.10002136230469,5136700
2022-03-23,49.98176479234282,50.32864030243481,49.68218871110847,49.90292739868164,2936100
2022-03-24,50.26557802747803,50.612453590292375,49.98965462607338,50.525733947753906,3611400
2022-03-25,50.525728531958144,51.030281859317206,50.328642557322766,51.00662612915039,3962900
2022-03-28,50.69129729773574,50.888386313645,49.697966973442774,50.541507720947266,3879300
2022-03-29,50.415369338090635,50.70706023071185,49.524526171213274,50.604576110839844,4225600
2022-03-30,50.83319498044894,51.195838000524276,50.47843118941011,50.65975570678711,3145900
2022-03-31,50.573032586902045,51.073640271461194,50.22615406346853,50.234039306640625,4302100
2022-04-01,50.683399313877736,51.18794658661475,50.01329502381097,50.5966796875,3317100
2022-04-04,50.85685121805687,50.85685121805687,49.91870558005304,50.46267318725586,3650000
2022-04-05,50.454775470313585,50.959322743842485,49.989645388653074,50.05271530151367,3432500
2022-04-06,49.83196950479474,49.89503941245472,48.31832780901995,48.61790084838867,4977000
2022-04-07,48.720403239511825,48.720403239511825,47.32501267153504,48.286808013916016,4644800
2022-04-08,48.69673796970125,49.09879810317448,48.34197725937858,48.62578582763672,3913900
2022-04-11,48.365634394279354,49.36684677159792,48.20796561645968,48.83864974975586,2760400
2022-04-12,49.28012815999744,50.25769084235645,49.106691899336056,49.871395111083984,4137300
2022-04-13,50.05271734234074,50.636102030732054,49.83986088876576,50.58091735839844,3465600
2022-04-14,50.84107292295988,52.03149207732378,50.762238531839024,51.62942886352539,7000200
2022-04-18,51.62943509040681,52.4099118962663,51.479651533615765,51.936893463134766,4958900
2022-04-19,52.05514551803717,53.095775193459545,51.96054664779446,52.85927200317383,5292500
2022-04-20,52.875031446703034,53.742221757946865,52.85138173139213,53.24555969238281,5021500
2022-04-21,54.396562711458856,56.65126129922407,54.30984307233875,54.79862594604492,10282500
2022-04-22,55.24009501936473,56.154590706489245,53.797402348131,54.002376556396484,7439400
2022-04-25,53.14307929609927,53.87624458061052,51.660966209959255,53.66339111328125,7252100
2022-04-26,53.79741142918442,54.380799196210425,53.095775074619695,53.11154556274414,6612800
2022-04-27,53.70280167474046,53.868355678419334,52.86004909419666,53.174598693847656,5412300
2022-04-28,53.63974433089165,53.63974433089165,52.1182169714682,53.45841979980469,5532300
2022-04-29,53.702797703935126,54.171864339003434,52.275869657334525,52.4256591796875,6499800
2022-05-02,52.938096878231434,53.06423068742766,51.881696904658575,52.86714172363281,7250100
2022-05-03,52.91445758941441,53.86836764034657,52.86715213880323,53.726463317871094,4599500
2022-05-04,54.25466302661754,55.79984016018472,53.94720464882342,55.66582107543945,5589800
2022-05-05,55.3898948547603,55.46872925269363,53.237680304574305,53.978736877441406,6530600
2022-05-06,53.66339365281988,53.89990286298153,52.54392955603673,53.55302429199219,5807800
2022-05-09,52.69370265953498,53.45840880411239,52.40201484148066,52.52814865112305,7266900
2022-05-10,53.158833392411715,53.48994139459228,51.463867169805084,51.88169479370117,7885500
2022-05-11,52.34683473009759,54.00238097305107,51.88958684913872,52.654293060302734,5683300
2022-05-12,52.44931999366555,53.12730658670173,51.76739378619351,52.851383209228516,6035700
2022-05-13,53.214030215384724,53.86048189741409,53.02482645872903,53.261329650878906,3924400
2022-05-16,53.06423093287482,54.07805902131351,52.56756890709853,53.59243392944336,4028300
2022-05-17,54.8774615011514,55.41433174331182,54.31772946434106,55.16127014160156,4502600
2022-05-18,54.719785245043106,55.48448540647602,53.99843888349542,54.32560729980469,4623900
2022-05-19,53.852587931781436,54.84591801904108,53.45053076583658,54.20735168457031,4988400
2022-05-20,54.30195482648281,54.97206218530751,52.71736372218703,53.694923400878906,5232200
2022-05-23,53.45053303259517,53.71068591139277,52.69370606708752,53.206138610839844,6582300
2022-05-24,52.977510798259594,53.12730033469437,51.61365854381331,52.87502670288086,4664400
2022-05-25,52.59122141366184,53.35592759968537,52.34683300914313,53.05635452270508,6264900
2022-05-26,52.95386248795038,53.83682323002841,52.74889429176279,53.482059478759766,5732800
2022-05-27,53.8405231708327,55.019457323063484,53.62545050764756,55.01148986816406,4784300
2022-05-31,54.67692054711053,54.76454430418814,53.86042976200717,54.15118408203125,7876000
2022-06-01,54.68489304016285,55.591396078736764,54.16313721509146,54.25474166870117,5958100
2022-06-02,54.5096555541009,54.93980700482461,53.450208800136316,54.24678421020508,4598700
2022-06-03,53.84052375295502,54.294577526320204,53.115643361342805,53.39444351196289,4966800
2022-06-06,53.40241139046392,53.85645909004251,53.10767632753526,53.426307678222656,3117300
2022-06-07,53.17936797612207,53.736968247266034,52.90852921771847,53.665279388427734,4873800
2022-06-08,53.418341808260486,54.01577332950666,53.25106171159808,53.56172561645508,3200900
2022-06-09,53.290887135757764,53.38249159075355,52.42261692539534,52.46244812011719,3113400
2022-06-10,51.7853559108356,51.84111593223239,49.27614279320667,49.28410720825195,6448900
2022-06-13,48.18484447612847,48.25653637949998,46.17747422041991,46.7430419921875,8509300
2022-06-14,46.42440634868378,47.10149715993879,45.77121486214176,46.6474494934082,7128900
2022-06-15,47.013874817979044,47.52368252647012,45.21759665619477,45.731388092041016,6387900
2022-06-16,44.34535357810764,44.584328642635896,43.532849298010596,44.146209716796875,7641800
2022-06-17,43.93909713456567,44.57635682060664,42.99117354149809,43.62843322753906,12735800
2022-06-21,44.87904768571951,45.15784779518824,43.73994488641593,43.77180862426758,6391700
2022-06-22,41.66089290747265,42.051216191390054,41.07939322878698,41.69275665283203,10383100
2022-06-23,41.62105731511513,41.93968863444029,40.163323131438716,40.673133850097656,9662000
2022-06-24,41.031594614169585,42.85575288040496,40.77669074729843,42.330013275146484,9109000
2022-06-27,42.13882788563087,42.45745613175452,41.398012731320996,41.5971565246582,7507300
2022-06-28,42.059168986458324,43.134547304980394,41.6967288589015,41.844093322753906,5169400
2022-06-29,41.98748256490061,42.22645454278618,40.84837966366269,41.405982971191406,4392800
2022-06-30,40.75279990021249,41.53344347656459,40.50586041678403,41.11125946044922,5848000
2022-07-01,40.553648584455104,41.453779528351255,39.74910886484972,41.17497634887695,5255100
2022-07-05,40.44213061929855,40.48195877879897,39.314975777143474,40.4102668762207,5891000
2022-07-06,40.32263551639349,40.824478740031886,39.856639756647304,40.76871871948242,5657000
2022-07-07,41.53343843282825,42.06714549963378,41.21481011474021,41.64495849609375,5507600
2022-07-08,41.76444689632238,42.12290642059658,40.86829960498383,40.928043365478516,4226900
2022-07-11,40.41823193963296,40.904140318694985,40.235016947123775,40.633304595947266,3919100
2022-07-12,40.537713786769494,41.07540147013414,40.027906115469875,40.16332244873047,6068200
2022-07-13,39.82877023740367,39.9960503431142,39.05609112241595,39.56589889526367,6071500
2022-07-14,38.825085596586376,39.08795389347938,38.4506941933058,38.952537536621094,4969400
2022-07-15,39.61369019681015,40.01994531063106,39.16760692483067,39.470306396484375,4809900
2022-07-18,40.16332432246121,40.66516760173752,39.98807982645971,40.203155517578125,4839000
2022-07-19,40.744832838961095,42.06714787860556,40.68907280417501,41.78038024902344,6999400
2022-07-20,41.78037862137688,41.955623135865814,41.270570872511115,41.86003494262695,5977700
2022-07-21,40.28281079981452,40.97583042766992,39.788934987674516,40.9439697265625,10059700
2022-07-22,41.02362302927932,41.270562436589024,40.1792522186306,40.5058479309082,5074800
2022-07-25,40.7607539838418,41.39801661323178,40.649233935306576,41.08735275268555,5933200
2022-07-26,40.760751776093514,41.262595006013804,40.58550729732721,40.86430740356445,4130900
2022-07-27,40.97583166928022,41.803474559330134,40.79261971791376,41.613094329833984,4342000
2022-07-28,41.780372359839376,42.14679624458473,41.23073349402793,41.660884857177734,6137900
2022-07-29,42.0273131977817,42.85176854521661,41.79630866080733,42.385772705078125,9754300
2022-08-01,41.88392892725869,41.899857758521726,40.9678661562661,41.78833770751953,5913400
2022-08-02,41.660885113919534,41.95561710662292,41.05548925881347,41.063453674316406,5797800
2022-08-03,41.421915209113784,41.421915209113784,40.89298804804677,41.015663146972656,5139300
2022-08-04,40.87228594115832,41.18294986912472,40.51382639400705,40.61738204956055,6963700
2022-08-05,40.44212796400298,41.23870325648594,40.4102642230172,41.015663146972656,5954500
2022-08-08,41.32632522517629,42.027309264175535,41.262597745979924,41.54140090942383,4511400
2022-08-09,41.54140518033135,42.099005487159616,41.50954143745724,41.995452880859375,4339000
2022-08-10,42.89558096068159,43.5368243542285,42.86372025640184,43.046932220458984,5998300
2022-08-11,43.62045781143866,44.38517233382085,43.62045781143866,44.01874542236328,5066200
2022-08-12,44.074515720684545,44.56042413329809,44.05858384898829,44.552459716796875,4389100
2022-08-15,44.1940014506122,44.20993332275916,43.700125568831886,44.082481384277344,5991700
2022-08-16,44.098403711449095,44.94675520846786,44.082471842750536,44.69583511352539,3925900
2022-08-17,44.22585804768162,44.53652190760712,43.81960297032257,44.178062438964844,4198000
2022-08-18,44.38517733675761,44.787445681274505,44.14620231231178,44.624149322509766,3561500
2022-08-19,44.353313547149135,44.54448992006712,43.93112960481938,44.20196533203125,3517800
2022-08-22,43.405390845240575,43.57107865888479,42.93541128141265,43.3416633605957,6342700
2022-08-23,43.54080376590456,44.41703533996609,43.437248130852154,44.30551528930664,3894500
2022-08-24,44.20992895900192,44.32144901432915,43.07879349646165,43.20624542236328,6957200
2022-08-25,43.67622196983669,44.44093347273728,43.61807049429842,44.41703414916992,5736200
2022-08-26,44.59227574183271,44.90293955863442,43.22216553574001,43.3814811706543,5777700
2022-08-29,42.21848352929498,43.02302310480942,41.852059684553474,42.67253112792969,9304900
2022-08-30,42.64026016602825,42.745183817637,41.373075691538574,41.469932556152344,7452200
2022-08-31,41.35693007464065,41.679777007300046,40.82422971077304,41.1632194519043,6069600
2022-09-01,40.72737153932547,40.75158729071099,39.66197084613669,40.32381057739258,6378300
2022-09-02,40.783877356461986,40.969515063749085,39.472303988061185,39.799190521240234,5124900
2022-09-06,40.27538658939783,40.42066878690247,39.01627523733299,39.218055725097656,8104700
2022-09-07,39.016284827787175,39.746729387786964,38.766075853042686,39.52477264404297,6517500
2022-09-08,39.137352798142665,39.96061464781875,38.701506116130716,39.87183380126953,5964100
2022-09-09,40.54174512609319,40.93319986051617,40.37225021394921,40.767738342285156,6265600
2022-09-12,41.397284356925994,41.80084532025202,41.00179325813914,41.106719970703125,5042800
2022-09-13,39.34720065204469,40.0493959861972,38.3826900310933,38.636932373046875,9104300
2022-09-14,38.42708046220138,38.63693083593613,37.434320731639446,37.991233825683594,11484300
2022-09-15,38.015439298470184,38.548139615861494,37.684519450983544,37.86208724975586,6535500
2022-09-16,37.13568242362099,37.77330955215021,36.65141044791022,37.46660232543945,10059000
2022-09-19,36.83704797646955,37.8378806217685,36.69983871290477,37.724884033203125,4900300
2022-09-20,37.08725214420911,37.3536007717723,36.61911996150461,37.20024871826172,4996000
2022-09-21,37.46660258918661,37.60381493325712,36.296278126492695,36.30434799194336,5819100
2022-09-22,36.54648809846381,36.764411437294626,36.118714366088405,36.134857177734375,4652900
2022-09-23,35.513366299036456,35.67479130708999,34.73852995509061,35.432655334472656,6729600
2022-09-26,35.12594951785908,35.723218068702,34.835385107643134,35.02102279663086,5497600
2022-09-27,35.46494617489304,35.650583899986266,34.928212284941054,35.34387969970703,5444700
2022-09-28,35.57793745142865,36.732119020862356,35.440725117276855,36.360843658447266,8315400
2022-09-29,35.91693492356222,36.07028702044027,35.10174292384503,35.642513275146484,4904800
2022-09-30,35.650570924687266,36.1913441695982,35.35193669987331,35.45686340332031,5869800
2022-10-03,36.272056705145104,36.91775668165562,35.87656870240438,36.546478271484375,6868700
2022-10-04,36.96618529155105,37.716808963494444,36.824939563803845,37.62802505493164,6959800
2022-10-05,37.0630409824444,37.48274479441055,36.732121083634226,37.17604064941406,5564500
2022-10-06,36.885466954559845,37.20831382789414,36.57472333669802,36.74018478393555,5430600
2022-10-07,36.36084545933279,36.675622546489215,35.6747929913727,35.84428787231445,5265100
2022-10-10,36.30434759652944,36.675622981739245,35.965357830622956,36.223636627197266,4686100
2022-10-11,35.73935966454937,36.150993591354066,35.045234281252,35.4730110168457,5222700
2022-10-12,35.46493951213797,35.69900563068787,35.1420925600348,35.360015869140625,4982100
2022-10-13,34.706243293957996,37.53117007369876,34.63360219646477,37.06303787231445,8304900
2022-10-14,37.36166963690799,37.45045352937999,36.10659496552727,36.417335510253906,5888400
2022-10-17,37.05496878908192,37.184108178579166,36.316451462148,36.530338287353516,6195300
2022-10-18,37.35360449659018,37.88630488376198,36.62316008510772,37.43431854248047,8009100
2022-10-19,37.321320910295334,37.61188223057203,36.393129421611995,36.4254150390625,8371500
2022-10-20,36.635263843051646,38.44321831767155,36.23977582227361,36.26398849487305,9259900
2022-10-21,36.33663281292274,37.870162765712756,36.28013451923146,37.82980728149414,7483600
2022-10-24,37.84595620569294,38.184949101537384,37.393969783135795,37.96702575683594,5645700
2022-10-25,37.70066248904919,38.693422037592015,37.559416775035594,38.62078094482422,5202500
2022-10-26,38.741849771201636,39.18576618404487,38.653065872847876,38.73377990722656,6020700
2022-10-27,38.83870730610343,39.13330817208173,38.31407988684774,38.43514633178711,4524400
2022-10-28,38.09616180747485,38.556221134873944,37.78138469703613,38.3221549987793,6943200
2022-10-31,38.32215259531327,38.59818755865527,37.632063647495215,37.724884033203125,6434000
2022-11-01,38.273726764807165,38.39479630587588,37.73295646026659,37.878238677978516,4892300
2022-11-02,37.82174037986014,39.24227385657788,37.75313574342015,37.878238677978516,7310300
2022-11-03,37.34553019102383,37.91051612937406,37.10339423999535,37.52309799194336,5122300
2022-11-04,38.95977369024177,40.25924041544582,38.84677711916761,39.573184967041016,10593100
2022-11-07,39.540914237214665,39.976757844496106,38.99207094619568,39.952545166015625,5849000
2022-11-08,40.26731595359535,40.63859133341964,39.91218338318857,40.0736083984375,4739700
2022-11-09,39.83146211205353,39.863747725033036,38.39478620264606,38.48357009887695,5089900
2022-11-10,39.912179750948376,40.37223900123781,39.645828038188284,40.32381057739258,6592000
2022-11-11,41.163227768010124,43.132604615556275,41.0825167882709,42.89046859741211,9009800
2022-11-14,42.34969267401143,42.692718911051074,41.85734775732873,41.929988861083984,5484400
2022-11-15,42.30126521861692,42.53533134487297,41.27621987711653,41.64749526977539,4445700
2022-11-16,41.284299103322965,41.34079740737096,40.529638786500996,40.767738342285156,4294900
2022-11-17,40.07360706171828,40.47716804691614,39.702328615352506,40.46102523803711,3620400
2022-11-18,40.751594338640636,40.7758070152879,39.839545544835545,40.412601470947266,3751300
2022-11-21,39.9041065747842,40.89686616587809,39.20998431060552,40.49330520629883,5719800
2022-11-22,41.1551504319435,41.79277444557814,41.05829357912414,41.6232795715332,4495500
2022-11-23,41.39728162565096,41.760487084466284,41.27621211307065,41.60713195800781,3354800
2022-11-25,41.566783058335055,41.825061852383435,41.50221182035991,41.615211486816406,1648100
2022-11-28,41.04214830395231,41.2883207352877,40.30766748163588,40.517520904541016,5657800
2022-11-29,41.13142006375553,41.60207872877926,40.82856272066113,41.45883560180664,4905000
2022-11-30,41.35243382667886,41.72077560424805,40.41766411016032,41.72077560424805,7194200
2022-12-01,41.94996044501764,42.162778382658395,41.58161870442178,41.8026237487793,4757300
2022-12-02,41.31150148207584,42.318300108646994,41.27875930174844,42.195518493652344,4858300
2022-12-05,42.12185439631831,42.51475123246456,41.73714466731251,41.9499626159668,5109900
2022-12-06,42.11367047465752,42.45336360476509,41.393358046078376,41.7862548828125,4373400
2022-12-07,41.59798690528204,42.02280778733616,41.13551532683895,41.49976348876953,4248500
2022-12-08,41.892653567086114,42.09728747348163,41.18052844712011,41.385162353515625,3815800
2022-12-09,41.34423631397081,42.07273570069467,41.02500789457379,41.090492248535156,3807000
2022-12-12,41.18871375165667,41.85172875374865,40.795817013461104,41.835357666015625,5208100
2022-12-13,42.97313120716003,43.24324953067462,41.98679403019277,42.20370864868164,4884100
2022-12-14,42.15459543264282,42.603153344256526,41.720772440000985,42.040000915527344,4064300
2022-12-15,41.30331852098344,41.38681015245771,40.402930328879805,40.54207992553711,6189600
2022-12-16,40.2883314754572,40.90223330108095,40.010029189609114,40.76308059692383,8969100
2022-12-19,40.77126899856924,41.184627326113535,39.911803917416044,40.37837219238281,4674700
2022-12-20,40.39473987279722,40.93088293700168,40.39473987279722,40.64848709106445,4003400
2022-12-21,41.05775639035156,41.6880293431325,40.98408804204037,41.4752082824707,3840500
2022-12-22,41.05775687256571,41.13142522174212,40.226943509472406,41.065940856933594,3340600
2022-12-23,41.090492427919415,41.67247010682551,40.885858504595575,41.6307258605957,2634200
2022-12-27,41.67165555957797,41.925402770135776,41.54068996242758,41.90084457397461,3094500
2022-12-28,41.884479075525235,42.03181578229687,40.849031696939285,40.918609619140625,3340300
2022-12-29,40.984083383879124,41.583250258901444,40.926786133090076,41.45883560180664,2743400
2022-12-30,41.139606930360415,41.361430051809016,40.91041791114154,41.24601745605469,2700300
2023-01-03,41.41790700545329,41.86810415836568,41.18053401501389,41.7780647277832,3962500
2023-01-04,42.28556747404216,42.97723135788323,42.072749498804,42.833988189697266,4527800
2023-01-05,42.58022718155637,43.36602069849646,42.170959334508495,43.30872344970703,4803000
2023-01-06,43.90625510883198,45.211820569159045,43.644323930689346,45.03583526611328,6100700
2023-01-09,45.05220658847343,45.9935207890299,44.87212773164265,45.248653411865234,6510900
2023-01-10,45.35507196254255,46.31276054421659,45.26503251817948,46.222721099853516,6611700
2023-01-11,46.910285406475566,47.385034522346224,46.67290928730718,47.131290435791016,8926300
2023-01-12,47.442337485314525,48.12827155711438,47.06581174078024,47.900718688964844,7305900
2023-01-13,47.4750689252344,48.10943531934239,47.30317718369,48.031673431396484,4041200
2023-01-17,47.72883057429446,47.86798018177926,46.86936536113129,46.98396301269531,5948400
2023-01-18,47.49144619797492,47.7615613809399,46.46827647582569,46.52557373046875,5641500
2023-01-19,46.30456937618039,46.648356031556496,45.71522260837348,46.329124450683594,4997500
2023-01-20,46.43554100783029,47.11083374655919,46.09994141535127,47.016700744628906,6712600
2023-01-23,47.00850522632085,47.80248584987399,46.832519926949765,47.5078125,5213700
2023-01-24,47.23769859950747,47.85160042781581,46.79568853373358,47.6387825012207,5262500
2023-01-25,46.95122105776219,47.454618901985434,46.53376598831844,47.38504409790039,5491500
2023-01-26,46.37823789974448,47.94164113924873,45.698854815335615,47.573299407958984,8002500
2023-01-27,47.50782342089357,48.563735459848566,47.319560542411665,48.26906204223633,6773300
2023-01-30,47.9907591544711,48.485972983416744,47.31137288044325,47.43415451049805,4824700
2023-01-31,47.53237240133574,48.66195264980509,47.32773845673813,48.58009719848633,5739100
2023-02-01,48.52279926473568,49.69739921437566,48.12990247130267,49.2922248840332,5645100
2023-02-02,49.16944763911616,49.455933934013714,48.73234917599643,49.071224212646484,4726200
2023-02-03,48.784740292557885,49.31106017073932,48.629219589583954,49.11215591430664,3960900
2023-02-06,49.11214175158532,49.357701835850065,48.539166139990314,49.18581008911133,4658600
2023-02-07,49.16945119407287,49.82837284244379,48.85022269311636,49.529605865478516,4777500
2023-02-08,49.2758591912629,49.52960330842752,48.7519967426394,48.95663070678711,3410400
2023-02-09,49.53778695414199,49.693307631939376,48.174924098755746,48.35909652709961,3874700
2023-02-10,48.293614099814974,48.981184323761845,48.05623795908497,48.964813232421875,3826300
2023-02-13,48.96480896284843,49.4518387397294,48.80110118618989,49.37407684326172,3520600
2023-02-14,49.14489115695365,49.14489115695365,48.30179714294055,48.91569900512695,3749100
2023-02-15,48.54736038578818,48.91569900512695,48.30998424968419,48.91569900512695,2357500
2023-02-16,48.269049525414445,48.60873945585721,47.712445019252364,48.031673431396484,4302100
2023-02-17,47.68789315147644,47.88843666567877,47.26225729380234,47.581485748291016,4317200
2023-02-21,47.22951499890202,47.3768516886888,46.41097922118263,46.52557373046875,6615600
2023-02-22,46.47645959196247,47.012602639635425,46.41097835464993,46.66472244262695,3735400
2023-02-23,46.99214401449821,47.24589125743676,46.108126901540004,46.81206512451172,4154000
2023-02-24,46.132674348198286,47.37275548239781,45.8871142531283,47.30318069458008,4831800
2023-02-27,47.54346424313404,47.75889158145728,47.06289094577619,47.22032165527344,5443100
2023-02-28,47.32803797048164,47.651180587199065,47.12089494327798,47.394325256347656,5835300
2023-03-01,47.46889233984862,48.59989139036248,47.41917688019635,48.07374954223633,4535100
2023-03-02,47.858316101882714,48.59243218992794,47.51860171702517,48.42174530029297,3992400
2023-03-03,48.521193024077746,48.67862061671201,47.88733258569624,48.32233428955078,3463600
2023-03-06,48.06546471103212,48.26432339989115,47.03803710739012,47.31975173950195,4841200
2023-03-07,47.12918096094209,47.39432377461321,46.01889424341236,46.23432159423828,5499200
2023-03-08,46.57403528549571,47.120892725140905,46.47460752212884,46.61546325683594,4232700
2023-03-09,46.67347398979248,46.95518550616623,45.534187203890326,45.654327392578125,4566100
2023-03-10,45.70404216261762,45.72061398581253,44.17532545097222,44.643470764160156,5399000
2023-03-13,43.87289312845176,44.113179794943925,43.07746467463464,43.417179107666016,8481300
2023-03-14,44.13803479983776,44.52746468639857,42.750177206825384,43.32603454589844,8450400
2023-03-15,42.282030830248964,42.282030830248964,41.15517233305904,41.826316833496094,8006200
2023-03-16,41.09717514787723,42.24060553790396,40.76574820229458,42.1826057434082,6851400
2023-03-17,42.00860829587864,42.12460789021597,41.18003615260984,41.4451789855957,11632000
2023-03-20,41.983745197351105,42.59688991882463,41.940660992232175,42.47260284423828,5403200
2023-03-21,43.433747009003916,43.57460590649497,42.73360574922292,43.13546371459961,4277400
2023-03-22,43.14374264070725,43.63094400048758,42.534741731169646,42.57202911376953,4524000
2023-03-23,42.654894567716866,43.864609166996345,42.38560798261819,42.795753479003906,4781100
2023-03-24,42.13289665843506,43.02775618457459,41.80146966267215,42.90346908569336,4338400
2023-03-27,43.29288977843065,43.66574783451002,43.007031408644536,43.08574676513672,4328000
2023-03-28,43.22660741739219,43.88118017248974,43.18517944216807,43.839752197265625,3083600
2023-03-29,44.5440361048976,44.6186077226708,44.04689409357748,44.41146469116211,3710400
2023-03-30,44.95003624315615,44.991464215838214,44.394894455562785,44.74289321899414,3643800
2023-03-31,44.88375197100468,45.4803249320757,44.709752577609606,45.422325134277344,4410800
2023-04-03,45.75375097524468,46.4911796159892,45.58389218277459,45.84489440917969,6588800
2023-04-04,45.64604084878163,45.80346842278688,44.73875331363479,44.95832443237305,5014500
2023-04-05,44.452897254177024,45.30632555996982,44.28718219149588,45.2731819152832,3959800
2023-04-06,45.05775756804129,45.6211869224914,44.91689864905269,45.289756774902344,5022100
2023-04-10,45.57146637957214,46.242610931396484,45.54661022753295,46.242610931396484,4046400
2023-04-11,46.449756309521554,47.01318562975101,46.4000408421771,46.55746841430664,4411100
2023-04-12,47.60147565067745,47.84176235800251,47.058758686098116,47.137474060058594,4679700
2023-04-13,46.9137519971234,47.361181695236716,46.46632545976185,47.162322998046875,5147600
2023-04-14,47.27003744595521,47.590695706840535,46.607180401287245,46.81432342529297,3394800
2023-04-17,46.96347268654444,47.18304381446783,46.73975781259831,47.14575958251953,2874400
2023-04-18,47.236893068727056,47.427467429309296,46.719035516768436,47.046321868896484,3354600
2023-04-19,46.73146980720734,46.88724114144289,46.267468272456746,46.764610290527344,3828000
2023-04-20,46.23431849336496,46.536748674074325,45.873891684353424,46.15146255493164,3334700
2023-04-21,45.869754488679376,45.96918226114636,45.32704074472189,45.46375274658203,4179500
2023-04-24,45.687472116474616,45.90290266563569,45.38918560886833,45.894615173339844,5036400
2023-04-25,45.12403881254584,45.57146853492374,43.500038146972656,43.500038146972656,8369800
2023-04-26,43.309467631225374,44.038612024590684,43.25975216323956,43.56632614135742,5952500
2023-04-27,43.616040674186195,44.34518510475755,43.37989772051991,44.32861328125,3910700
2023-04-28,44.11318200808626,45.496895961079076,44.05517905054738,45.07432556152344,6014400
2023-05-01,45.12404059693913,45.256612020580356,44.59789864832456,44.834041595458984,4013200
2023-05-02,44.32860872639328,44.65175134970651,43.56632388788533,44.56060791015625,4206000
2023-05-03,44.53574711421751,44.88374585357718,43.83974647474665,43.9143180847168,3343000
2023-05-04,43.83146214320798,44.25403249251972,43.309460873439306,44.21260452270508,3899900
2023-05-05,44.958316387364206,45.22346234149566,44.60203332687032,45.082603454589844,4145300
2023-05-08,45.09088771939126,45.496889399094876,44.7511733183133,44.8671760559082,2725300
2023-05-09,44.651750222889056,44.69317819597958,44.30375145602659,44.46946334838867,3285300
2023-05-10,44.97488734425521,45.21931772890948,43.790029126239524,44.287174224853516,3888200
2023-05-11,43.91432345936047,43.92260779003706,43.03603585230258,43.36746597290039,5499600
2023-05-12,43.541464947372575,43.69889567548895,43.13132262663878,43.34260940551758,3260200
2023-05-15,43.599464450040145,43.63260809370994,42.87860758435711,43.301177978515625,3774800
2023-05-16,43.09403335827659,43.16860497340904,42.24060511012326,42.30689239501953,4611000
2023-05-17,42.52232816189967,42.95318611670973,42.33092880413623,42.65489959716797,4777300
2023-05-18,42.44775308977139,43.08989780397507,42.132894771260055,42.9780387878418,4451900
2023-05-19,43.29289397542924,43.36746559387441,42.762608315708874,43.0443229675293,3747400
2023-05-22,43.10232278199684,43.25975034955705,42.704608537040635,42.895179748535156,3478200
2023-05-23,42.8951771173892,43.3508911309015,42.63003430368199,43.05260467529297,3611400
2023-05-24,43.17689250935063,43.17689250935063,42.41460453600844,42.52231979370117,3162400
2023-05-25,42.25717739811891,42.35660516580988,41.39960539499892,41.73517608642578,4688200
2023-05-26,42.03346213138227,42.083177595108204,41.63574790382992,41.71031951904297,3511000
2023-05-30,41.617892362062136,41.79854758977778,41.08853321553813,41.59268569946289,5222800
2023-05-31,41.28179688719424,41.48345662360984,40.617993577068475,40.98770523071289,8465200
2023-06-01,41.17256164550781,41.46245111545016,40.760834618710334,41.17256164550781,4573900
2023-06-02,42.105239160191545,43.424441152345295,42.02121161606907,43.365623474121094,7786600
2023-06-05,43.432844708759276,44.00002024568775,43.24799051210149,43.273197174072266,5567400
2023-06-06,42.94549662841056,44.43275054708454,42.91188560977627,44.1890754699707,7378400
2023-06-07,44.382334251955115,45.33182469875402,44.29830991025178,45.26460266113281,6453700
2023-06-08,45.466274550938074,45.659533139294226,43.903397126039685,44.348731994628906,5092000
2023-06-09,44.04623246399182,44.26470089080543,43.38663141532571,43.47486114501953,5478000
2023-06-12,43.5252799987793,43.953812549094955,43.15556834417207,43.5252799987793,3888400
2023-06-13,43.81936648821345,44.995723362498204,43.67652125318003,44.65121841430664,4273600
2023-06-14,45.004127915125835,45.256204160326334,44.117657275334096,44.37393569946289,3319800
2023-06-15,44.31512082470502,45.15537716551584,44.18067993838823,44.93690872192383,3283600
2023-06-16,44.78566134274293,44.79406570094807,44.197481275999706,44.668025970458984,9535900
2023-06-20,43.962210069766016,44.06303992990433,43.05473491787429,43.62610626220703,5083700
2023-06-21,43.42444687423138,44.10505564735106,43.071537553061496,43.592498779296875,3591400
2023-06-22,42.365717492174774,43.26479460534975,42.18086330156919,43.18076705932617,4734000
2023-06-23,42.626208532720945,43.27320637185157,42.23128698284699,43.15557098388672,3703100
2023-06-26,43.21438013755858,43.882382332339986,43.10514592518283,43.65131378173828,3073900
2023-06-27,43.63450823013732,44.21428390082831,43.37402763328139,44.172271728515625,3176300
2023-06-28,44.1722738498898,44.508377655179274,43.58409379329494,44.49997329711914,3364600
2023-06-29,44.49157725381862,44.8444834051094,44.2731087936944,44.735252380371094,2559400
2023-06-30,45.02092961589531,45.029330767717646,44.52517831997745,44.752044677734375,4158100
2023-07-03,44.74364531571054,45.36543635109737,44.726839806070544,45.18898010253906,2228500
2023-07-05,44.6848228120001,44.9032880030956,44.13025387502537,44.39913558959961,5878100
2023-07-06,43.937005550986555,44.428554749146244,43.491667503431785,44.340328216552734,5287100
2023-07-07,44.04623259075917,45.32342251901792,43.962208245018765,44.61760711669922,5400200
2023-07-10,44.340324131913206,45.0965528581895,44.26049875987677,44.76045227050781,3663100
2023-07-11,44.95371191051071,45.28981571159716,44.84447769435911,44.88648986816406,3470800
2023-07-12,45.67633069657475,45.92840693290372,44.6764236981732,45.46626663208008,5983900
2023-07-13,45.53348745821633,45.751955889830654,45.205788016118234,45.55029296875,3291900
2023-07-14,45.382237604381736,45.42425298017027,44.3235161641675,44.46635818481445,3885600
2023-07-17,44.14706661445897,44.26890416216499,43.83616947673048,44.05463790893555,4318300
2023-07-18,44.05464050375767,44.831876983211394,44.01262832749706,44.516780853271484,4815500
2023-07-19,44.399141172781334,44.56719306685344,44.13866057670341,44.3823356628418,3731800
2023-07-20,44.80246544024104,44.81927095079758,44.1974798814993,44.57559585571289,3751900
2023-07-21,44.617608029442536,44.684830071668685,44.1974798814993,44.57559585571289,4095300
2023-07-24,44.676422136610675,44.83607287145328,43.90759012347859,44.15546417236328,6687900
2023-07-25,44.48316952860833,46.3359362986515,44.407546329722415,44.93690872192383,9077400
2023-07-26,44.74365293344888,45.34023420328383,44.70164075485781,45.121768951416016,7582000
2023-07-27,45.457861837447446,46.23930040628007,45.20578560354216,46.16367721557617,8079600
2023-07-28,46.600616455078125,46.94512143075963,46.34433801160881,46.600616455078125,4560900
2023-07-31,46.659432969024124,47.46608148169414,46.59221412940701,47.449275970458984,6387600
2023-08-01,47.2644168785791,47.407258911034674,46.66783567481154,46.8694953918457,5563300
2023-08-02,46.264513658975105,46.625824129298095,45.93681100506183,45.96202087402344,4498900
2023-08-03,45.67633436236203,46.82748463068876,45.67633436236203,46.13007354736328,4630200
2023-08-04,46.18048412907657,46.59221111438596,45.74775266007509,45.8023681640625,3626600
2023-08-07,46.10485606132602,46.903100079661904,46.07964940143133,46.651023864746094,3263400
2023-08-08,45.97882035571325,46.31492091300196,45.59230006711284,46.22249221801758,3607400
2023-08-09,46.56700978561425,47.08376890011347,46.09646823648862,46.667842864990234,4619700
2023-08-10,46.97032922684503,47.24761214365029,46.735055279344564,47.03754806518555,5147000
2023-08-11,46.802272921011806,47.050146971731095,46.441802278278,46.59220886230469,4547000
2023-08-14,46.49977902731666,46.667830911240344,46.06284541124432,46.533390045166016,3637200
2023-08-15,45.9620215484282,46.35693984095558,44.8881740692872,44.978919982910156,5280400
2023-08-16,44.69322551479558,45.17217128584043,44.609201178070265,44.802459716796875,3549100
2023-08-17,45.18057569778248,45.92840319364752,45.121758020938465,45.25619888305664,3614900
2023-08-18,45.17217564838495,45.48307277600435,44.90329389850887,45.39064407348633,2921100
2023-08-21,45.58390371286885,45.709943438443915,45.22259325189858,45.51668167114258,3112700
2023-08-22,45.62591700317575,45.77716339543889,44.97472028595939,45.1973876953125,2745900
2023-08-23,45.07974636177708,45.331822580430924,44.37393102635253,44.86968231201172,3391300
2023-08-24,44.533584582752354,45.281412188365685,44.533584582752354,44.98732376098633,3198500
2023-08-25,45.35703659057617,45.69314040679388,45.075551487554876,45.35703659057617,3282700
2023-08-28,45.50827533653389,46.11326082188677,45.49987418493644,45.877986907958984,3429700
2023-08-29,46.03764027556294,46.45356621792664,45.78556404398868,46.41575622558594,3789500
2023-08-30,46.4327782404659,46.72213218638729,46.245548261792536,46.59447479248047,3482600
2023-08-31,46.500858966237736,46.72213134549886,46.398735000827706,46.432777404785156,4116300
2023-09-01,46.832766611230234,47.28382036987964,46.602985242815436,47.054039001464844,4335600
2023-09-05,46.960417150737904,47.147647107982415,45.94342396745432,46.11788558959961,4913900
2023-09-06,45.92215119383078,46.74766163621601,45.88810878979251,46.713619232177734,4645100
2023-09-07,46.594475634237504,46.75617218917322,45.54769602326301,46.041297912597656,4275500
2023-09-08,46.22001502834353,46.62000189300151,45.615773749757594,45.709388732910156,3988400
2023-09-11,46.07533648601651,46.71361692107539,45.63279499480023,45.67534637451172,3322400
2023-09-12,45.675343169616745,46.14341805298633,45.49237257434203,45.64130401611328,2527600
2023-09-13,45.666839583379115,45.79449697508714,44.75197026670442,44.95196533203125,3079000
2023-09-14,45.44557268502413,46.154489712856275,45.351957692696715,45.990238189697266,4604300
2023-09-15,45.990238997216935,46.049811584932655,45.628547358525026,45.820030212402344,7464100
2023-09-18,45.80300743678118,45.913643630081715,45.313658414662854,45.428550720214844,4593700
2023-09-19,45.47960566219201,45.726408199968766,44.55112076306261,45.02004623413086,3986200
2023-09-20,45.07110820993684,45.52216192365302,44.62005774268282,44.64558792114258,2309200
2023-09-21,44.29666437406245,44.534957959304116,43.38605115491316,43.403072357177734,4359000
2023-09-22,43.48817666231849,43.61583406059303,42.61586192898413,42.764793395996094,4465100
2023-09-25,43.232861298762714,43.70518908566809,42.926486167098446,43.47966384887695,4331600
2023-09-26,43.00308070832692,43.62859607209471,42.84564027422364,42.96052932739258,3451800
2023-09-27,43.275414963424616,43.709447505015326,43.071167029174475,43.403072357177734,3048800
2023-09-28,43.36902459229338,43.55625454759995,42.99456792814223,43.3434944152832,3965200
2023-09-29,43.692423962245606,44.05837167517502,43.56476657533081,43.87965393066406,4234800
2023-10-02,43.64987343815932,43.9647575532059,43.18180175439553,43.658382415771484,4691000
2023-10-03,43.360517142250295,44.296660458822544,43.309453539969915,43.42008972167969,5179200
2023-10-04,43.81156913703188,43.81156913703188,42.72649433381316,43.49668502807617,4727300
2023-10-05,43.22434833662762,43.53072344004837,42.33075644929172,42.43288040161133,5161800
2023-10-06,42.356292062185226,43.33073396201062,42.152040884868455,42.790321350097656,4215600
2023-10-09,42.79032878415801,43.317976397869764,42.500974793125486,43.24138259887695,3333600
2023-10-10,43.51370924370273,44.09667000987964,43.45413665805637,43.66689682006836,2906500
2023-10-11,43.488173619491675,43.83710013770386,42.986059532653435,43.30945587158203,3049700
2023-10-12,43.66689766919534,43.66689766919534,42.339273063697625,42.764793395996094,3012500
2023-10-13,43.02861565118295,43.15626979848686,42.22012639907533,42.32225036621094,3659600
2023-10-16,42.832878278668574,43.0030838147009,42.37331553987128,42.71372985839844,2786400
2023-10-17,42.33926709385562,43.42859795207591,42.32224589338817,43.17328643798828,3309300
2023-10-18,42.883937710503886,43.258397673160914,42.49245979178284,42.6201171875,3495300
2023-10-19,42.381820578953665,42.79883189498419,42.028637956234014,42.08395767211914,3754300
2023-10-20,42.10948623348318,42.186080013221925,41.63290235439077,41.69247817993164,3920000
2023-10-23,41.505245832993246,41.615882007691404,40.956324317500155,41.054195404052734,5592100
2023-10-24,41.21590257852452,42.31374589311356,40.84995480699484,41.90524673461914,5506600
2023-10-25,41.64141526121829,41.72651801945237,40.220175824181894,40.45846939086914,4920200
2023-10-26,40.33932203303713,41.088235354789546,40.33932203303713,40.866966247558594,6216100
2023-10-27,40.866975389393154,41.31376981542026,40.71378780148024,40.94356918334961,4714900
2023-10-30,41.411630182890676,41.7435354551126,40.84568747694209,41.13929748535156,3698600
2023-10-31,41.18184886063045,41.526519220789865,40.943558561899195,41.13929748535156,4660500
2023-11-01,41.05420087610753,41.21164131283719,40.50953215309027,41.02866744995117,4702900
2023-11-02,41.34355168255782,41.77758093676932,41.283975857016955,41.69247817993164,3741600
2023-11-03,42.075447803042714,42.615860423995976,42.075447803042714,42.32225036621094,3744000
2023-11-06,42.32225032896612,42.381822913614656,41.82013622516956,41.9903450012207,3641100
2023-11-07,41.45418625326763,41.590352617459374,41.05419938458936,41.30099868774414,5172700
2023-11-08,41.309513940844,41.377595504701155,40.66272122865761,41.105262756347656,4133300
2023-11-09,41.48822778207067,41.51375796029945,41.05419851987081,41.15632247924805,3340800
2023-11-10,41.30951616996669,42.2797020441365,41.2839827414878,42.109493255615234,3825200
2023-11-13,41.81163173541907,42.14353709879187,41.620145624383646,41.90524673461914,3161000
2023-11-14,42.5520407285631,43.82009297071803,42.49246813126016,43.44563293457031,4848900
2023-11-15,43.564775799917776,44.169017213268596,43.29244301353271,43.854129791259766,5032500
2023-11-16,43.80306028080656,43.95624784698457,43.29243397805915,43.77752685546875,5034100
2023-11-17,44.151985933555906,44.151985933555906,43.61582946237487,43.99879837036133,3306100
2023-11-20,43.97326878134928,44.160498763022055,43.70944825786032,43.981781005859375,3761300
2023-11-21,43.9902915475319,44.12645792637144,43.79029971491021,44.02433395385742,2840700
2023-11-22,44.04135122436193,44.06688140359509,43.48817353358697,43.74348831176758,3139600
2023-11-24,43.87964724867613,44.20304028574621,43.78603227872258,43.97325897216797,1679700
2023-11-27,43.74349303463873,43.91369857651943,43.420096661432694,43.50519943237305,3896200
2023-11-28,43.573283480135956,44.2285851935347,43.05840425813607,43.990291595458984,6376900
2023-11-29,43.990288882843736,44.835757828694675,43.97303401157778,44.28361511230469,3551700
2023-11-30,44.43027699051272,44.75811296552341,44.1973411628233,44.645957946777344,4649800
2023-12-01,44.689094770568474,45.39652806426665,44.49066867999755,45.12045669555664,4274000
2023-12-04,45.09457889868659,45.52594085108532,44.835762385453464,44.947914123535156,6354700
2023-12-05,44.63733386021014,44.73654526090145,43.973036094637855,44.11969757080078,4691000
2023-12-06,44.37851588519368,44.628706604090176,43.80049245639538,43.90401840209961,3603700
2023-12-07,44.09382066018911,44.227541816425614,43.66677323563691,44.05931091308594,2822900
2023-12-08,44.03343036462995,44.671844232572454,43.912649540480324,43.929901123046875,3664100
2023-12-11,43.88676186444271,44.44753369020919,43.791861713217884,44.240478515625,3582700
2023-12-12,44.240476280947895,44.311220265817,43.6451980320114,43.843624114990234,4350500
2023-12-13,43.61069613744825,45.21104871099022,43.53305084830734,45.14634704589844,4774200
2023-12-14,45.62084264925453,46.97531896525711,45.508687616105405,46.785518646240234,7892900
2023-12-15,46.20749118789428,46.91492449075377,45.82789058272943,46.79414367675781,9909800
2023-12-18,47.23413448070052,47.303153973791645,46.587091542608725,46.802772521972656,3219100
2023-12-19,46.992571406929734,47.46706888888501,46.932180997828,47.380794525146484,3796900
2023-12-20,47.260013151689726,47.751765500615164,47.07884192651308,47.08747100830078,4953500
2023-12-21,47.45843375719512,47.62235338188731,47.001191206274896,47.423927307128906,2653900
2023-12-22,47.52745643512059,48.01920876020236,47.32040126565077,47.55333709716797,2341900
2023-12-26,47.63098924496627,48.22195634485865,47.55334395659377,48.06235122680664,2266200
2023-12-27,48.045096352609335,48.19003663766054,47.85529931850048,48.06235122680664,2535300
2023-12-28,47.9588202567492,48.053720409393605,47.58784872788309,47.64823913574219,2172600
2023-12-29,47.53608195639781,47.67411763825296,47.17373952566438,47.31177520751953,2271400
2024-01-02,47.22551267262582,48.03647203866031,47.09178821624094,47.734519958496094,3533500
2024-01-03,47.320408455245634,47.518837864524656,46.543958856582556,47.130611419677734,4120000
2024-01-04,47.10472374837394,47.4411888347309,46.62591171932307,46.751007080078125,4579500
2024-01-05,46.61296869845014,47.47569255096874,46.56983316403027,47.29452133178711,3796400
2024-01-08,47.17374229002521,47.570594487235354,46.923551573554725,47.51883316040039,3966100
2024-01-09,47.09609978604831,47.09609978604831,46.397292213292864,46.53532791137695,4287000
2024-01-10,46.28513998722967,46.526701633593426,45.763189115431324,46.05220413208008,4062200
2024-01-11,45.9314207544043,46.302388994532556,45.50005881501333,46.27650833129883,4497400
2024-01-12,46.60435101971709,46.7251318535274,45.73731247553468,46.0435791015625,3673500
2024-01-16,46.04357044489014,46.060825316623365,45.09457553677506,45.81063461303711,5962800
2024-01-17,45.14634716086938,45.39653461226654,44.896156418441436,45.267127990722656,3469000
2024-01-18,45.36201706707565,45.49142365698994,44.947906764465976,45.379268646240234,4230400
2024-01-19,45.4569184613529,45.72177728973845,44.965166130247574,45.560447692871094,4171500
2024-01-22,45.482800872764855,46.25925033664582,45.33613611193488,46.207489013671875,5615500
2024-01-23,46.587090472859,46.97963142598236,46.367094957470854,46.50944519042969,4668100
2024-01-24,46.34553039249163,46.699247070774796,45.75024877684709,45.8020133972168,6016900
2024-01-25,47.242757840446544,47.56196804301884,46.38866304909897,47.398048400878906,7240800
2024-01-26,47.44981425755416,47.70431622705913,46.37658617901799,46.63885498046875,5240800
2024-01-29,46.73374726097478,46.7768860843478,46.0780786126849,46.64747619628906,3742400
2024-01-30,46.24199309999745,47.04864101572615,46.1557220387669,46.9925651550293,4640900
2024-01-31,47.01844954187335,47.07021415733256,46.22474518434728,46.24199676513672,5471900
2024-02-01,46.50944971905548,46.59572080080805,45.43967053375719,46.190242767333984,5039900
2024-02-02,45.802007108781304,46.37658148097891,45.284374140275595,46.08670425415039,5720200
2024-02-05,45.32750841547443,46.18936994987004,45.17221787102315,45.862396240234375,5482000
2024-02-06,45.91416400169015,46.71649743938372,45.76749923696742,46.62159729003906,5212500
2024-02-07,46.80277339915479,46.92355422329738,46.32827589386718,46.664737701416016,3455800
2024-02-08,46.733753722773336,46.75963767858211,46.15573026919032,46.48356628417969,3554400
2024-02-09,46.40591907096555,46.69061624478994,46.203178429210816,46.57846450805664,3897400
2024-02-12,46.587089766878066,47.69137528600025,46.457679867780115,47.26864242553711,5262800
2024-02-13,46.5870949609987,46.82003083072739,45.379280071523446,45.879661560058594,5105400
2024-02-14,46.147101423875114,46.49218899852457,45.9227913738741,46.22474670410156,3766500
2024-02-15,46.50943562503795,47.777640546880505,46.44904522790543,47.596466064453125,4500400
2024-02-16,47.56196627650114,48.27371410354241,47.41530151219329,47.86391830444336,5060900
2024-02-20,47.26864259862325,47.838040232884424,46.97272630418503,47.199623107910156,4493800
2024-02-21,47.31178033555886,48.16587847219508,47.24276084163525,48.096858978271484,4065900
2024-02-22,48.09686097076961,48.47214707970722,48.019215682404266,48.31254196166992,5088600
2024-02-23,48.33842093262343,49.01997362981943,48.31254026775265,48.64900207519531,4414200
2024-02-26,48.4333190288647,48.72664528535178,48.18312830900181,48.372928619384766,3741600
2024-02-27,48.63174608103869,48.795665730858296,48.27026586707937,48.545475006103516,3913000
2024-02-28,48.45812277241164,48.65031064108371,48.056268139761634,48.134891510009766,4432800
2024-02-29,48.213504032577134,48.956058658404054,48.0213162071459,48.8162841796875,6733400
2024-03-01,48.807549761097235,49.12204319298688,48.58041746722508,48.720191955566406,4651400
2024-03-04,48.51052697748282,49.93448182218579,48.466848076139435,49.81217956542969,7042200
2024-03-05,49.46274350528194,50.44116826021781,49.46274350528194,49.77723693847656,6093400
2024-03-06,50.62461995823833,50.75565666269395,49.22774822727389,49.67240524291992,4840100
2024-03-07,50.11793888914845,50.36691231083137,49.41033197093741,49.74229431152344,4568700
2024-03-08,49.8820679323651,50.39748699502643,49.41906555374088,49.454010009765625,4723600
2024-03-11,49.52389385195899,50.4892119214922,49.40159159264968,50.170352935791016,4438400
2024-03-12,50.35380371595692,50.54599487490661,49.9344802775556,50.38874816894531,4048300
2024-03-13,50.54600188035128,51.3147632902104,50.31886623693323,50.64209747314453,7650600
2024-03-14,50.371281932419,50.58967979083783,49.72919169546975,50.07426071166992,6871500
2024-03-15,50.10046589719138,50.49358269714268,49.74229355334392,49.829654693603516,20629600
2024-03-18,50.144147551129876,50.15288199881101,49.409454199900324,49.56757736206055,7409100
2024-03-19,49.54137358136488,49.83839482715943,49.28366568629387,49.585052490234375,6782700
2024-03-20,49.41906568799088,51.28855076806545,49.253084520152576,50.816810607910156,7789700
2024-03-21,51.10509787236957,51.209927909267876,50.279554250261,50.60715103149414,5870700
2024-03-22,50.65956268087565,50.85175050733889,50.30139036896079,50.38874816894531,3376000
2024-03-25,50.467372136600645,50.53725771094215,50.03931091349537,50.135406494140625,3422400
2024-03-26,50.38001517852385,50.397487406678934,49.8471272159842,49.85586166381836,3621600
2024-03-27,50.283918580201416,50.808072049644345,50.17035077324373,50.79059982299805,5126900
2024-03-28,50.84302111388042,51.052681187677024,50.49358321423702,50.60715103149414,4064500
2024-04-01,50.54600076014162,50.96532424736613,50.1528839494665,50.89543533325195,3827200
2024-04-02,50.95658773962575,51.86948914905551,50.67791187096052,51.79523468017578,6330200
2024-04-03,51.8738546604763,52.66008486635056,51.8738546604763,52.40674591064453,4943200
2024-04-04,52.77365698239177,53.01826151097024,52.10536008646362,52.293182373046875,5382100
2024-04-05,52.40675249450185,52.40675249450185,51.62051885736661,52.14467239379883,3862400
2024-04-08,52.371803154523356,52.581463216556486,51.672930726935256,51.996158599853516,3775900
2024-04-09,52.37180694384403,52.63388370659109,51.96384057211026,52.301918029785156,3574800
2024-04-10,51.72534011163657,52.10098463751459,50.99152328579187,51.41084671020508,4251900
2024-04-11,51.50694798133366,51.541892437019975,50.92164334477807,51.070152282714844,3432000
2024-04-12,50.77312837310957,51.20992404848987,50.28391934947502,50.397483825683594,3788300
2024-04-15,50.86922878301498,51.25360781413685,49.72045724742721,50.07426071166992,3885300
2024-04-16,49.777235272981734,49.89953753013494,49.480214077401136,49.67240524291992,3098000
2024-04-17,49.943214431910185,50.109198916389204,49.50641876957414,49.63745880126953,2815400
2024-04-18,50.056785196230976,50.056785196230976,48.95606152837086,49.349178314208984,3856200
2024-04-19,49.34917555269053,49.724816757596955,49.19629440440151,49.497684478759766,3862100
2024-04-22,49.46274139572451,50.065521561134865,49.165720202873665,49.785972595214844,3211600
2024-04-23,49.48895400298351,49.88381702140756,49.31423505698047,49.56757736206055,3099300
2024-04-24,49.27929011341397,49.986900338101876,49.253083438143314,49.77723693847656,4954700
2024-04-25,50.41495766670568,50.580942161455816,48.09994251256344,49.30549621582031,7082800
2024-04-26,50.36254335026298,50.85175238017183,49.9257476692806,50.04804992675781,5573600
2024-04-29,49.995633056660225,50.51978987135285,49.943216375445,50.49357986450195,4249500
2024-04-30,50.03057572796568,50.62461809729004,49.689875643423925,49.70734786987305,5566000
2024-05-01,49.82965481815016,50.62462286782232,49.29676352493833,49.995635986328125,5102800
2024-05-02,50.29265787317134,50.458639043574344,49.2618197291201,49.646202087402344,4453100
2024-05-03,49.96069140526278,50.17035480939906,49.57631238558082,49.829654693603516,2544400
2024-05-06,50.0218393027606,50.11793488458918,49.55010250580857,50.09172821044922,3862600
2024-05-07,50.32760215147664,51.655461507455314,50.11793874474873,50.98279571533203,6215200
2024-05-08,50.61588705621522,51.830181962437514,50.61588705621522,51.22740173339844,4950700
2024-05-09,51.3234905910445,52.05730744087974,51.3234905910445,51.93500518798828,4208200
2024-05-10,52.14466707542407,52.52904940659129,51.786494751146066,51.900062561035156,3053500
2024-05-13,51.978686535995294,52.34559331194992,51.74281646610162,51.85638427734375,2257700
2024-05-14,52.03110640539792,52.363068747078046,51.99179305843062,52.1097297668457,3516800
2024-05-15,52.45042220111339,52.581458895995304,51.51567978117984,51.594303131103516,3541000
2024-05-16,51.576836882127466,51.90006476594281,51.11383117559552,51.279815673828125,4871300
2024-05-17,51.59430600799903,51.72534271018755,51.27981259076818,51.70787048339844,2668700
2024-05-20,51.629250800263925,51.93500979208492,51.36717404476504,51.751556396484375,1915100
2024-05-21,51.69913452134363,51.795230099624625,51.37153777674192,51.46326446533203,2252900
2024-05-22,51.12256872967157,51.244870991521005,50.04805171594009,50.31886291503906,4851900
2024-05-23,50.222769330162755,50.24897600486838,49.63746137933978,49.72481918334961,3423500
2024-05-24,50.04805155019784,50.51105392066216,50.039313770102275,50.45863723754883,2675800
2024-05-28,50.580940998602635,50.98716111367253,50.45863540910347,50.703243255615234,2493700
2024-05-29,50.23150393837376,50.327599522584165,49.768501577163605,49.794708251953125,2969500
2024-05-30,49.79470640457035,50.275180975310136,49.77723417786335,50.135406494140625,3174100
2024-05-31,50.08234980916809,51.07285267398491,50.04785775604196,50.96672821044922,5920100
2024-06-03,50.89597680964631,50.93135275571119,49.029937825172496,49.58709716796875,4696600
2024-06-04,49.1449053103021,49.27756341406678,48.72924640056608,48.773468017578125,4600600
2024-06-05,48.77346821477657,49.47212455967297,48.667340381881445,49.25102996826172,3945300
2024-06-06,49.189123583734556,49.52518830614425,49.02109290934757,49.2421875,3463500
2024-06-07,48.968030709224024,49.76839544950783,48.87959421931798,49.286407470703125,4143500
2024-06-10,49.06530544915539,49.684370905746086,48.96802330079517,49.569400787353516,4131500
2024-06-11,49.44559605840122,49.66669065772758,49.0918433500247,49.6578483581543,3276300
2024-06-12,50.303439958289836,50.604128723063816,49.56498149460078,49.746280670166016,3990800
2024-06-13,49.55171342811926,49.799341637989116,49.091836322515654,49.5782470703125,2831400
2024-06-14,49.100693727098594,49.631319466861655,48.27822146892052,48.658504486083984,3446000
2024-06-17,48.64081257818213,48.97687731879489,48.26052959177092,48.84421920776367,3243800
2024-06-18,48.976869577628946,49.38368277249212,48.72924136775258,49.029930114746094,6081900
2024-06-20,48.552373343876006,48.64080983047713,47.81391484885016,47.9421501159668,8512500
2024-06-21,47.84486789701408,47.93330775714092,47.287711959575695,47.747589111328125,10457200
2024-06-24,47.94214973049263,48.455090794834916,47.85371324460257,48.304744720458984,6987500
2024-06-25,48.00405254578043,48.02174051643295,46.92511332506036,47.0135498046875,7021000
2024-06-26,46.56251990576916,47.08872271219094,46.208767228251766,47.048927307128906,4799100
2024-06-27,47.14620816428802,47.252332615167624,46.70401901638163,46.836673736572266,3952900
2024-06-28,46.84552650432341,47.28771571920692,46.827838530891746,46.91627502441406,13623000
2024-07-01,46.87205318628689,47.3142423672896,46.29720590152909,46.54483413696289,3715600
2024-07-02,46.45639694295994,46.80130398415638,46.1822417941299,46.61558532714844,3847100
2024-07-03,46.62442976842362,47.05777328999069,46.56252355105689,46.76593017578125,1905600
2024-07-05,46.50061645535518,46.659801458694375,45.90365835488121,46.19108200073242,3223800
2024-07-08,46.429866139525586,46.82783709544869,46.26183545752955,46.6951789855957,3885500
2024-07-09,46.57136062476357,46.64211250732121,45.57643504833606,45.616233825683594,4380600
2024-07-10,45.85501359433306,46.111484111502165,45.08560541646122,45.731201171875,5481100
2024-07-11,45.99651662718759,46.66864606429525,45.85501622573897,46.35026931762695,3798900
2024-07-12,46.7217090680408,47.190428506134204,46.36795638450595,46.792457580566406,3084300
2024-07-15,46.88089956040613,47.349622427082785,46.593479266680305,47.11083984375,2396200
2024-07-16,47.16389852851284,48.45509009625234,47.022394755311716,48.37549591064453,3730000
2024-07-17,48.3578107038762,49.162594904975506,48.304746785891815,49.0034065246582,4386300
2024-07-18,48.711563146887315,49.4986593710764,48.428558959467466,48.43740463256836,3287800
2024-07-19,48.490467606188915,48.490467606188915,47.32308505501317,47.66799545288086,3456500
2024-07-22,47.827187039995216,48.27821855419989,47.52649823931344,48.127872467041016,3341700
2024-07-23,47.88023888097698,47.97309819426375,47.402673806671885,47.81833267211914,2477700
2024-07-24,47.85371574515654,48.030592099814875,47.119680054097024,47.15505599975586,3761900
2024-07-25,44.908732199827604,47.08430553707358,44.64341936561782,46.73939514160156,6188200
2024-07-26,46.757083723907456,47.048930206891995,46.30605223722817,46.74824142456055,4087400
2024-07-29,46.87205385723189,46.93396007356756,46.46524061455869,46.74824142456055,3314600
2024-07-30,46.783616758899065,47.76527390811658,46.783616758899065,47.48227310180664,4401400
2024-07-31,47.88908782787595,48.561213872997996,47.78295999946016,48.172088623046875,5059300
2024-08-01,48.35780956538041,48.658498346274385,46.730553228831084,47.11967849731445,4273100
2024-08-02,46.47408616145696,46.66865049704256,45.58970772499294,45.99652099609375,4981200
2024-08-05,44.820297538093406,45.39514484698603,44.57267266589886,45.11214065551758,5124500
2024-08-06,45.55432616756911,47.09314594190132,45.52779589730608,46.412174224853516,5549600
2024-08-07,46.80130336253114,47.44690256407389,46.120334962546785,46.13801956176758,4293100
2024-08-08,46.42102281947286,46.77477214857828,46.279522413103535,46.58020782470703,3362600
2024-08-09,46.49177116729887,46.77919481552967,46.040739677892894,46.57136535644531,2592700
2024-08-12,46.66863925119349,46.82782760128791,46.08937259446029,46.18223190307617,2555300
2024-08-13,46.18223972561484,46.748241344651056,46.17339405264728,46.6598014831543,2379600
2024-08-14,46.73055337235171,46.88974174941011,46.36795837430439,46.6598014831543,2310100
2024-08-15,47.36730149860349,47.82717860522706,47.06661275095097,47.641456604003906,3501500
2024-08-16,47.52649521717973,47.73874413731972,47.22845811332483,47.67683792114258,6049300
2024-08-19,47.756430484414636,47.88024291255549,47.376147527333075,47.4468994140625,2096000
2024-08-20,47.34076822807203,47.35845619850052,46.46523562049188,46.62442398071289,4391500
2024-08-21,46.87204950821385,46.97817395870886,46.704018847127124,46.82783126831055,2809500
2024-08-22,46.96933666780169,47.03035899241017,46.4254424754612,46.48292922973633,2916000
2024-08-23,46.88089736462059,47.76527576207428,46.7836185747548,47.34077453613281,4901500
2024-08-26,47.844865196151304,48.25168178249837,47.69452250287615,47.782958984375,2823300
2024-08-27,47.65914492618073,47.862551525559944,47.41594292358261,47.55302047729492,3650100
2024-08-28,47.18158157530158,47.5707101915397,47.07987995870155,47.323081970214844,2630800
2024-08-29,47.676840010967794,47.97752880570938,46.93396201064363,47.63262176513672,3065900
2024-08-30,47.65950096860961,48.02507949813147,47.31453333650272,48.00895309448242,5339100
2024-09-03,47.238373348581675,47.54570815595956,46.42746952789394,46.530513763427734,3891400
2024-09-04,46.521548460549035,47.05020257569433,46.02694505044417,46.21690368652344,3776000
2024-09-05,46.25274073515979,46.3513038854228,45.724086634888266,45.9749755859375,4508900
2024-09-06,45.92121758241229,46.333387690622615,45.13271571857473,45.410484313964844,4144200
2024-09-09,45.455281629442254,46.400586900951005,45.455281629442254,45.96601486206055,4022400
2024-09-10,45.96601010833351,46.01977275496561,45.24471083513217,45.535919189453125,3196500
2024-09-11,45.58968522148656,45.670327488393646,44.58613625151862,45.45528030395508,3717200
2024-09-12,45.41048474380863,45.61656979986454,44.371097311753935,45.03415298461914,5680600
2024-09-13,45.159594756258386,45.69720759604707,44.82806353426492,44.93558883666992,4411800
2024-09-16,45.07895592212345,45.73305284697688,45.05028182235288,45.39256286621094,3189400
2024-09-17,45.5538443896856,46.467788960710735,45.43736035330401,46.154178619384766,4029600
2024-09-18,46.27962255093804,46.85307713585069,45.9821420450484,46.270660400390625,3428100
2024-09-19,47.08604925538468,47.6774248172301,46.826201537194855,47.39069747924805,4746700
2024-09-20,47.166683912353804,47.31004755818234,45.966012096767734,46.33338165283203,8466000
2024-09-23,46.476748290523005,46.808279520016136,46.243783632827025,46.62907409667969,5029600
2024-09-24,47.211487571952844,48.09855253982808,47.157728337454394,47.8924674987793,4675800
2024-09-25,48.08062916848367,48.14335055086013,47.07708363240133,47.345890045166016,3863200
2024-09-26,47.90142660979242,49.06625674659144,47.87902806792773,49.030418395996094,5672100
2024-09-27,49.28130565697146,49.88163992157883,48.95873656396362,49.352989196777344,5513500
2024-09-30,49.406750129236414,49.594914300595775,48.35840395904046,48.94977951049805,5537800
2024-10-01,48.8960164293895,49.13973431847183,48.52864682361303,48.869136810302734,5461300
2024-10-02,48.994571685791016,49.352982500069025,48.736515079176726,48.994571685791016,6312700
2024-10-03,48.79744833290103,49.04833728521838,48.29567726438442,48.833290100097656,4066300
2024-10-04,49.37090556222832,49.84131938204661,49.200662286076366,49.58595275878906,3443800
2024-10-07,49.29922582965636,49.40226664406446,48.58688518987925,48.94081497192383,3096500
2024-10-08,48.16127905489566,48.34048449778159,47.5923054481468,47.677425384521484,4219200
2024-10-09,47.560936754250875,48.13439134060735,47.36829153370372,47.86558151245117,3186200
2024-10-10,47.865586742959174,48.430082658489866,47.758064850782624,48.04479217529297,2494200
2024-10-11,48.161276509238405,48.53760484315374,48.116476005399825,48.18815612792969,4288600
2024-10-14,48.02687325292742,48.23296173027189,47.78494984015854,47.973114013671875,2736000
2024-10-15,47.75806265182828,47.99103072855332,47.095007026199845,47.103965759277344,4210700
2024-10-16,47.13084906457417,47.77598727452989,46.91580527329522,47.43549728393555,4492900
2024-10-17,47.489256251920644,47.686382560330195,47.25181051755051,47.56093978881836,3894000
2024-10-18,47.91934594997538,47.91934594997538,47.327970458468606,47.58781814575195,2395700
2024-10-21,47.623659395280086,47.6594977443308,46.69179395878075,46.781394958496094,3542700
2024-10-22,46.80827825565542,46.862037488562834,46.22586150005869,46.65595245361328,4413700
2024-10-23,46.35130858882123,46.58427668000267,45.805629081136864,46.13626480102539,4522300
2024-10-24,46.611158735210616,46.73660152099133,45.446328472598836,45.688255310058594,5804600
2024-10-25,45.356719324398995,45.45528247956504,44.52341699916142,44.532379150390625,5889700
2024-10-28,44.65782293806061,44.93559152547236,44.326295114288655,44.899749755859375,6457100
2024-10-29,44.65782376556497,44.7832665434756,44.19189100614027,44.33525466918945,4900600
2024-10-30,44.26357100071812,44.92662660743067,44.03060293063928,44.209808349609375,4775700
2024-10-31,44.13812594015819,44.47861590307671,44.05300601297293,44.24565124511719,4835200
2024-11-01,44.35317595156324,44.550302271793626,43.779721294230505,43.8782844543457,4980400
2024-11-04,43.2779433179061,43.618433275388675,42.51005241414501,42.96433639526367,14634400
2024-11-05,42.82993216975456,42.91953659057617,42.25647754873284,42.91953659057617,7193500
2024-11-06,44.5323803715278,44.5323803715278,42.98673737578971,43.32274627685547,8862800
2024-11-07,43.49299410163064,43.83348066920005,43.0270613365753,43.8155632019043,20309400
2024-11-08,43.53779557246065,43.53779557246065,41.55758384056233,41.65614700317383,12571500
2024-11-11,41.57549892468788,42.09519086676551,41.369410476317164,41.459014892578125,6734700
2024-11-12,41.539657861054664,41.539657861054664,40.24042285678842,40.35690689086914,7101300
2024-11-13,40.23146862488727,40.427695998362616,40.0522631873437,40.312110900878906,6000300
2024-11-14,40.3210667874868,40.440237420891485,39.75657089540541,39.953697204589844,5542400
2024-11-15,39.93577555575385,40.168743629068025,39.4250423263347,39.46088409423828,9814100
2024-11-18,39.5684068416027,39.91785554112507,39.46088495360948,39.622169494628906,5075800
2024-11-19,39.18311887510632,39.425045702081675,38.842628886986255,39.1114387512207,6289700
2024-11-20,39.02183377763183,39.45192476910413,38.82471087616079,39.36232376098633,4808100
2024-11-21,39.25479802019651,40.44650771804651,39.08455133617578,40.150821685791016,6158200
2024-11-22,40.106020921372355,40.804921759766806,40.0164199149917,40.733238220214844,5494100
2024-11-25,41.05580451085273,41.531594914308684,40.74219759185846,41.10060501098633,9463700
2024-11-26,40.751154572911744,40.77803418822463,39.51016334045564,39.90889358520508,9225300
2024-11-27,39.998497009277344,40.392749620775895,39.92681689140614,39.998497009277344,5700600
2024-11-29,40.016703430308844,40.280690711311195,39.73724263737381,40.24427795410156,4339600
2024-12-02,40.30799308268635,40.553773951789466,39.84374264494349,40.399024963378906,7611000
2024-12-03,40.417236656007816,40.49916362315221,39.86195426453046,39.934776306152344,9478500
2024-12-04,39.64348071318779,39.70720130102494,38.43278607177034,39.00627136230469,10962600
2024-12-05,38.95165656035402,39.161024706802856,38.06866629151666,38.40547561645508,9742500
2024-12-06,38.51471430702478,38.724082455747435,37.98673973610633,38.223419189453125,8620000
2024-12-09,39.92111895636344,40.08952533892716,38.61484005718063,38.89703369140625,12855800
2024-12-10,38.59664043996442,38.74683698584162,38.02770413319909,38.3963737487793,7585200
2024-12-11,38.40547875830825,38.43733905553705,37.55890117764349,37.777374267578125,7135900
2024-12-12,37.65903344813251,37.99584626343801,37.53159226288691,37.57710647583008,5738700
2024-12-13,37.54979797322505,37.54979797322505,36.80790624519163,37.19478225708008,7580000
2024-12-16,36.730527862903784,37.04002936353037,36.44833766726691,36.51205825805664,8419800
2024-12-17,36.68501285768699,37.27306534890538,36.639498647037726,36.93079376220703,9702700
2024-12-18,37.1856754256748,37.64992939416103,36.512056786612696,36.54846954345703,11720500
2024-12-19,36.466544018130634,36.93989945828121,35.58355372856976,35.592655181884766,9553500
2024-12-20,35.49252323199555,36.67135756433843,35.365078585448174,36.357303619384766,17715600
2024-12-23,36.40282323085011,36.648600666657565,36.123358958670224,36.38461685180664,6718700
2024-12-24,36.32999677337377,36.57577767532483,35.89305410518688,36.49385070800781,3784100
2024-12-26,36.402822102837455,36.74418388617328,36.275377453482314,36.61219024658203,5274200
2024-12-27,36.521162663824626,37.04458482120773,36.32089942194368,36.43923568725586,4855000
2024-12-30,36.32089660679211,36.33909951349693,35.71099505682741,35.902156829833984,7954900
2024-12-31,35.99318600097044,36.6622556283518,35.89305265911588,36.5302619934082,6867200
2025-01-02,36.7123198009892,36.95809720380139,35.95677079841953,36.00228500366211,7130500
2025-01-03,36.093316224284116,36.24351275157714,35.68368143959585,35.86574172973633,6839900
2025-01-06,36.22986708952988,36.539368611510035,36.00229254314777,36.18435287475586,6899400
2025-01-07,35.95677437870816,36.36185674897116,35.642720427994206,35.874847412109375,7248700
2025-01-08,35.54713839512976,35.60175752859825,34.89172615606537,35.42879867553711,6196900
2025-01-10,35.24674497281092,35.351427313950296,35.00096405914066,35.046478271484375,7833500
2025-01-13,35.0919935181583,36.129732869234296,35.0919935181583,36.11152648925781,8230600
2025-01-14,36.339097813413396,36.51205667162347,36.10242183969383,36.48474884033203,4516000
2025-01-15,36.84886115492744,37.11284839781066,36.53935970836015,36.776039123535156,5446400
2025-01-16,36.71232200244661,37.36773423676642,36.50295039525547,37.203880310058594,5812300
2025-01-17,37.42235171688152,37.66813259608703,37.30856446572219,37.3586311340332,6194800
2025-01-21,37.61351738668701,38.01404730241955,37.45876837578296,37.850196838378906,5583600
2025-01-22,37.68634557637613,37.74551370724234,37.14926951789717,37.15837097167969,5607300
2025-01-23,37.27670940194646,37.80468051566199,37.231195189602126,37.750064849853516,5442400
2025-01-24,37.9776373284956,38.15969416801885,37.60441525145431,37.65903091430664,5111600
2025-01-27,37.99584420839984,38.20521235462402,37.572555453149825,38.15969467163086,6182700
2025-01-28,38.24162393198593,38.3909141627269,37.57710669608748,37.70454788208008,6009600
2025-01-29,37.53159458584989,37.75461667383332,37.172026378073795,37.367740631103516,6765200
2025-01-30,35.792917494641465,35.93856503741931,34.12707394115179,35.09198760986328,18933200
2025-01-31,35.34232633426033,35.756510186405805,34.96455176897083,35.547142028808594,12725800
2025-02-03,34.77338735467577,34.864415773682055,33.371527477904735,34.02694320678711,14986900
2025-02-04,34.20900090099629,35.428796901441174,34.172588147174,35.09198760986328,10017100
2025-02-05,34.79158774076526,35.00095584642917,34.33643877910171,34.545806884765625,6757400
2025-02-06,34.791595935062084,35.40149402053231,34.76428462962229,35.292259216308594,7610300
2025-02-07,35.41060363653188,35.524390918818284,34.89628289818951,35.11930847167969,5966200
2025-02-10,35.410599027551825,35.50162745252794,34.72787542269552,35.110198974609375,5911100
2025-02-11,35.18302037272698,35.34687429650642,34.987306156685506,35.16481399536133,5446500
2025-02-12,34.93724502589696,35.10109897565328,34.63957782742577,34.828006744384766,5607400
2025-02-13,34.92814096468129,35.1966807394105,34.63684581845736,34.90083312988281,6619000
2025-02-14,35.34687630797542,35.96587581107559,35.1466096180682,35.20122528076172,5387700
2025-02-18,35.246745311365906,36.430132206228485,35.21943400568789,36.15704345703125,7612300
2025-02-19,35.50162418682843,35.85663987309488,35.31046242845596,35.42879867553711,6219800
2025-02-20,35.50162787074276,36.05691029816909,35.43790727800648,36.03870391845703,5747100
2025-02-21,36.26628142876062,36.4938559850474,35.64272589443049,35.96588134765625,5962900
2025-02-24,35.87484991809531,35.902157751365245,35.40604692689809,35.547142028808594,7411700
2025-02-25,35.67457815156117,36.02049237144365,35.487968863178246,35.71099090576172,6180000
2025-02-26,35.9931858514315,36.020493681819644,35.08288779837058,35.36507797241211,6294900
2025-02-27,35.27405653990781,35.310469302642254,34.736980443367436,34.98276138305664,7949600
2025-02-28,35.04765766310535,35.52052487577273,34.88076376886235,35.335086822509766,10056900
2025-03-03,35.85431122358883,35.872855383693,33.38799452072425,33.434356689453125,10954300
2025-03-04,33.27673475888392,33.57343426149413,32.896588300106025,33.02639389038086,8840500
2025-03-05,33.619793166985225,35.260914293572405,33.56416422038243,35.029117584228516,10393200
2025-03-06,34.60724650553994,34.94566769207103,34.05093232768083,34.713871002197266,9128500
2025-03-07,34.482073995312966,34.88076458118542,34.08338340944051,34.72314453125,8667000
2025-03-10,34.63969619795927,35.570589621459405,34.455184825183004,34.67678451538086,6310800
2025-03-11,34.866856002193714,34.9549398719613,33.53634179252614,33.999935150146484,6997100
2025-03-12,34.12047227665984,34.12047227665984,33.128382720132976,33.14692687988281,6923900
2025-03-13,33.08202039419077,34.49134454533498,33.026387921155035,33.59197235107422,7958400
2025-03-14,34.10193129448846,34.47280745016934,33.99066986255906,34.278099060058594,5991200
2025-03-17,34.315177111626326,35.03374819588499,34.315177111626326,34.778770446777344,5097100
2025-03-18,35.019844031989834,35.04765850271777,34.602609286386944,34.87149429321289,4866000
2025-03-19,34.76950006333895,34.973482262196875,34.34299504476007,34.48207092285156,5525100
2025-03-20,34.0833851321321,34.30591151986456,33.84231812094747,33.94430923461914,5406300
2025-03-21,33.610523080765276,33.70787727491159,33.20626885297407,33.536346435546875,13257700
2025-03-24,33.870132561280066,34.17425254705187,33.350910218619795,33.64760971069336,6797400
2025-03-25,33.64760602143014,33.675420490469556,32.66014992729248,32.748233795166016,7218000
2025-03-26,32.70187444636678,33.17473809428787,32.57206887779771,32.98930358886719,5801600
2025-03-27,32.45153445757205,32.822410551861786,32.089932210954665,32.6740608215332,6911900
2025-03-28,32.50716855975967,32.65551829751306,31.640247679707098,31.858137130737305,6913700
2025-03-31,31.635616293689075,32.64625016434577,31.459452054560792,32.37736511230469,8477200
2025-04-01,31.969396229567863,32.233644291291974,31.611504237469276,32.08993148803711,6446000
2025-04-02,31.821048370672298,32.60915567837964,31.80250421159326,32.349544525146484,5146700
2025-04-03,31.042212020017423,31.190561758800165,29.095119487908434,29.169294357299805,18080900
2025-04-04,28.01031132187235,28.223565621859002,26.002952895244675,26.14666748046875,18677500
2025-04-07,25.238022949601998,27.157301026722315,24.410972176447796,25.51618003845215,19652900
2025-04-08,26.88841500359928,26.88841500359928,23.476367575360026,23.930688858032227,17050500
2025-04-09,23.5041875491631,27.945411744600776,23.235302507529482,27.685800552368164,19876900
2025-04-10,26.702979453112242,26.721523613767253,24.68171369036574,25.302928924560547,15213200
2025-04-11,25.043313388124055,26.43409346083275,24.542631713084138,26.35991859436035,11189100
2025-04-14,27.027493866306706,27.30565095709616,26.202298210748317,26.77715301513672,10448500
2025-04-15,26.026133075277198,26.66589245955347,25.669165946676248,25.683074951171875,12375800
2025-04-16,25.683074324450217,26.128123551143794,25.24266025349643,25.469820022583008,8672400
2025-04-17,25.710888946838377,26.341376239258317,25.710888946838377,26.10030746459961,8474900
2025-04-21,26.118853141071405,26.27647497332795,25.692346278537237,26.072494506835938,7745100
2025-04-22,26.46191310267223,27.21293394336593,26.424824780431287,26.888418197631836,8488300
2025-04-23,27.87123574692581,28.510995157833758,26.64271425242548,26.888418197631836,10727000
2025-04-24,26.443365397577296,27.981568517538175,26.00758651199257,27.593076705932617,13069300
2025-04-25,27.203659230298538,27.88977720914326,26.999678783118227,27.83414649963379,12991600
2025-04-28,28.0474004781172,28.687159860227244,27.546718761213224,27.769245147705078,9347200
2025-04-29,27.63016482371714,28.478541560533674,27.602350352653257,28.41827392578125,9498800
2025-04-30,28.014949147492576,28.409002827911127,27.59307922658025,28.36264419555664,11306100
2025-05-01,28.446090218970365,28.599075115515507,28.065943786987397,28.3070125579834,7009600
2025-05-02,28.612983568248417,28.798419856502058,28.010310768136065,28.205020904541016,8619400
2025-05-05,27.727519522034935,27.815601623861898,26.814240036141605,26.842056274414062,9061700
2025-05-06,26.78642508451257,27.14802912555031,26.545356313310208,26.702978134155273,7691300
2025-05-07,26.88841575023428,26.99040685864505,26.216205002784747,26.378463745117188,8814500
2025-05-08,26.64734754838753,27.57453431806755,26.57224600010109,27.11094093322754,7787000
2025-05-09,27.305653010278007,27.59308043408461,27.07849145747585,27.333467483520508,8162800
2025-05-12,29.345460264235577,30.031578246561793,28.687158521039425,28.724245071411133,11832500
2025-05-13,28.677886941940972,28.94677018435182,28.371915380042616,28.529537200927734,8502800
2025-05-14,28.446090100046092,28.529537049983087,27.86196145048712,27.973224639892578,6434900
2025-05-15,27.630164196619116,27.777587256398018,27.25465469803207,27.722883224487305,6481000
2025-05-16,27.713612691521185,28.089123979533483,27.37982664842316,27.991769790649414,5872600
2025-05-19,27.491086186975235,28.01958234004665,27.26392642849916,27.917593002319336,5937100
2025-05-20,27.945407418447186,28.08077659586051,27.54857196570422,27.620893478393555,5576400
2025-05-21,27.361282193311236,27.509631937193816,26.60098931379591,26.656620025634766,8938600
2025-05-22,26.461909742265295,26.744700205332396,26.257927532780958,26.582443237304688,6885100
2025-05-23,26.100308923698638,26.397008426490228,25.877784296604943,26.257930755615234,7095200
2025-05-27,26.749340521209305,26.925506514884066,26.6009907692101,26.81424331665039,8763100
2025-05-28,26.8884171442778,26.971864097582344,26.202299125915893,26.276473999023438,7731600
2025-05-29,26.74006514105479,26.971861821009515,26.14666620628055,26.693706512451172,10227600
2025-05-30,26.565416007630212,26.646191779941297,26.066513009663222,26.361103057861328,13965300
2025-06-02,26.28508160802417,26.351601770755245,25.51914634136894,25.84794807434082,12390500
2025-06-03,25.847946430303296,26.660445759191923,25.173238081505602,26.408618927001953,10557600
2025-06-04,26.465637832060434,26.92177764787293,26.313591226789605,26.874263763427734,8844700
2025-06-05,27.09283220919623,27.183109320246366,26.560669057803246,26.77923583984375,8634700
2025-06-06,26.94078106404053,27.411174632696632,26.898017847568312,27.13083839416504,6728400
2025-06-09,27.368414152070613,28.313955671903546,27.34940968593523,27.929086685180664,11394400
2025-06-10,28.204670856113417,29.349772806258756,28.081131863544943,29.173969268798828,10985100
2025-06-11,29.51607274785588,29.630108599804316,28.77009357845255,29.15496253967285,7842300
2025-06-12,28.70832389944173,28.936395601879344,28.461249544787982,28.641803741455078,6817200
2025-06-13,28.432740713718985,29.478062423330247,28.309203533850912,28.413734436035156,10271600
2025-06-16,28.83186543465179,29.050432205200195,28.394730081016448,29.050432205200195,10658500
2025-06-17,28.93639591002266,29.08844250490797,27.96234503258202,27.976600646972656,8850700
2025-06-18,27.881573856197576,27.95759716123167,27.06432196767715,27.083328247070312,12211600
2025-06-20,27.097579548726873,27.187858461240673,26.15203989294019,26.380109786987305,22583000
2025-06-23,25.847947691781027,26.251821138121354,25.287275167719432,25.534351348876953,17264100
2025-06-24,25.895460444548707,26.482741007667894,25.695899968021987,26.161542892456055,19116200
2025-06-25,26.16154385687665,26.18054832257617,25.486835479736328,25.486835479736328,15726100
2025-06-26,25.752918321435278,26.18054871293497,25.657888741366964,25.800432205200195,13857800
2025-06-27,26.03800297973228,26.380108713146235,25.41081034349891,25.657886505126953,18629400
2025-06-30,25.56285719153664,25.581863468593458,25.068704863289405,25.163734436035156,11746900
2025-07-01,25.116221829612762,27.032961285819617,25.05920480808923,26.446630477905273,21426600
2025-07-02,26.75072198687851,27.301891326904297,26.228062062083453,27.301891326904297,14120500
2025-07-03,27.244875169309868,27.349407882585105,26.959788258153523,27.045312881469727,5950000
2025-07-07,26.617682499443223,27.064319143341802,25.738661200895805,26.11402702331543,13061900
2025-07-08,26.33259516738263,28.133399265000133,26.294584423092967,27.615489959716797,18326600
2025-07-09,27.905328927012455,28.822361002015835,27.748531663884727,28.356718063354492,15427600
2025-07-10,28.223677483741632,29.389685266299814,28.114392291830594,28.727331161499023,12068000
2025-07-11,28.147652951336315,28.33771028483842,27.672506898773527,28.081130981445312,12318800
2025-07-14,27.79604484760656,27.938588304830194,26.674699842380733,26.845752716064453,13284400
2025-07-15,27.244875624305543,27.411176023167602,26.551162799711797,26.598676681518555,9162900
2025-07-16,26.57016759753602,26.883765746524737,26.232814319884948,26.741220474243164,8757000
2025-07-17,26.617682514735208,27.08332543631104,26.589173098604224,27.045312881469727,7623200
2025-07-18,27.221119536816285,27.31139664009478,26.703210233716568,26.9312801361084,9013200
2025-07-21,27.16885133593035,27.477696994035977,26.921775171953517,26.978792190551758,7026100
2025-07-22,27.0595694361163,28.266440906190773,27.0595694361163,28.185665130615234,9296400
2025-07-23,28.70832603357601,29.34502186991099,28.52301934754109,28.860374450683594,20963300
2025-07-24,25.838444085900736,26.228063722697584,23.158620510844006,23.823823928833008,66003500
2025-07-25,23.415199772716306,24.374995134549504,23.206136136366542,24.241954803466797,36918200
2025-07-28,24.0708985469074,24.831131493251217,23.681278935338902,24.432008743286133,17843700
2025-07-29,24.327478938543926,24.327478938543926,23.738297019263655,23.928356170654297,13123800
2025-07-30,23.785812380459237,23.804816845301584,22.59794723223983,22.730987548828125,16559800
2025-07-31,22.460157221609567,22.48106304179441,21.799704407412104,22.132307052612305,21303600
2025-08-01,21.85196719553244,21.93274115238213,20.706865310668945,20.706865310668945,25059000
2025-08-04,20.782888077188915,20.801892540793514,20.25547569572335,20.51680564880371,18562100
2025-08-05,20.858913958120592,21.533620532088666,20.697364215932133,21.26753807067871,22028700
2025-08-06,21.49560956143497,21.647656162772606,20.19370849837571,20.241222381591797,19480800
2025-08-07,20.668854608493096,21.04422044903588,20.250725547982924,20.53581428527832,12719600
2025-08-08,20.554818926122447,20.697364202253365,20.108182256855876,20.165199279785156,11325700
2025-08-11,20.222217364414906,20.52631055879825,19.38786062011602,19.832597732543945,20712400
2025-08-12,19.851601081586303,20.90642587626464,19.78033026271293,20.630840301513672,15785300
2025-08-13,20.7258701526158,21.84721511841053,20.63084058029554,21.78069496154785,16243300
2025-08-14,21.6904189550563,22.29385287266546,21.353063865734562,22.208328247070312,11822600
2025-08-15,22.407889462621437,22.6692194488058,22.1893226969064,22.19882583618164,10779700
2025-08-18,22.14180629742544,22.46490577236971,22.065782998176108,22.084789276123047,12231500
2025-08-19,22.360376358032227,23.03508295724101,22.141807772161695,22.360376358032227,8879800
2025-08-20,22.398384562730786,23.253647092351386,22.360373821156138,22.883033752441406,12660700
2025-08-21,22.65496410867472,22.75949682106971,22.251090685847764,22.512420654296875,9431100
2025-08-22,22.788004379621732,23.985372656610696,22.721484221878736,23.861835479736328,20539200
2025-08-25,23.75730534806931,23.75730534806931,23.291662380751777,23.68128204345703,10012300
2025-08-26,23.576749275561063,23.752554639833814,23.391442584200888,23.510229110717773,8049300
2025-08-27,23.282159197309976,23.83332860784679,23.196632753214733,23.510229110717773,10348200
2025-08-28,23.81432153988711,23.81432153988711,23.08259793830637,23.348678588867188,11714200
2025-08-29,23.416162184197372,23.99457556627795,23.367959843203124,23.743928909301758,8791800
2025-09-02,23.35831844223747,23.854792421630396,23.204074634677887,23.531843185424805,12152500
2025-09-03,23.377598473547234,23.637885578259528,22.934148003650282,23.069110870361328,11528200
2025-09-04,22.90522804710152,23.122133981386163,22.365374707450734,23.04983139038086,11630400
2025-09-05,23.040191344925137,24.023497039230058,22.91968825019359,23.618606567382812,18476700
2025-09-08,23.46436095224461,23.470145600482645,22.288251499878946,23.117311477661133,15488100
2025-09-09,22.987167595681917,23.483641551100952,22.847385415958612,23.271554946899414,10959400
2025-09-10,23.078752966364046,23.58004443754941,22.861847030464414,22.97270965576172,11492700
2025-09-11,22.808823694240598,24.235579773874193,22.808823694240598,24.119897842407227,25711700
2025-09-12,24.100619263672048,24.57299118059226,23.975296852542737,24.13918113708496,14732800
2025-09-15,24.30788390591841,24.466947031483695,23.179974889366214,23.300477981567383,13192300
2025-09-16,23.522203274448227,23.984934708081138,23.314937808371372,23.59932518005371,11070800
2025-09-17,23.715008402860114,24.842917395152583,23.314937262766186,23.657167434692383,14775200
2025-09-18,23.917451902701806,24.090976640073254,23.030549119594202,23.24263572692871,15350400
2025-09-19,23.28119752272126,23.28119752272126,22.50997845231838,22.644941329956055,19106700
2025-09-22,22.509977225194692,22.548537257247098,22.11472724331872,22.33645248413086,12901800
2025-09-23,22.69314434157021,22.844495835783153,22.01832625598058,22.037607192993164,11016900
2025-09-24,22.143647804207813,22.538897803871258,22.085806834160582,22.29789161682129,11913600
2025-09-25,22.191850016102833,22.196669330774107,21.36760930246957,21.401350021362305,16437600
2025-09-26,21.62307644310048,22.365375976444856,21.54113337939633,22.134008407592773,12623800
2025-09-29,22.40393351394265,22.413573981464136,21.90264023521227,22.066524505615234,11803800
2025-09-30,21.96048393899607,22.130151025870017,21.510283464848673,22.105087280273438,14368700
2025-10-01,22.076166536601157,22.38465416421162,21.99422531496207,22.22076988220215,12531500
2025-10-02,22.2978923726741,23.10574634525791,22.12436945665033,22.83774757385254,17945200
2025-10-03,22.857026601806652,23.170335390122016,22.558179435497344,22.963069915771484,8354600
2025-10-06,22.972709329019807,23.030550298193273,22.46177555824896,22.57745933532715,9417100
2025-10-07,22.69314413040734,22.818466542360287,21.44955128563775,21.6905574798584,19270000
2025-10-08,21.700196323934552,22.124367708856862,21.632714888801022,21.786958694458008,10240600
2025-10-09,21.700196431364507,21.796599270060177,21.025378399226007,21.28566551208496,15428400
2025-10-10,21.420628739102163,21.545952983109206,19.9071102142334,19.9071102142334,18840800
2025-10-13,20.244517908730252,20.9386150036578,20.244517908730252,20.6494083404541,12276700
2025-10-14,20.258980833490845,21.295308241766,20.138477732004496,21.131423950195312,9683300
2025-10-15,21.391709553288486,21.753218831766016,21.112141495341515,21.401350021362305,10597900
2025-10-16,21.507388694108144,21.661632485756073,20.78919138400954,21.112138748168945,10929900
2025-10-17,21.112141383550117,21.25192541178343,20.895235449865886,21.102500915527344,9111200
2025-10-20,21.198901880160626,21.29048356017181,20.66868905696982,20.851852416992188,10342700
2025-10-21,20.909695959938343,21.27602453167743,20.789192874155184,20.96753692626953,10565100
2025-10-22,20.967536817540573,21.218183455317533,20.789192766351047,20.919336318969727,12026100
2025-10-23,22.61601741394832,23.832617522923602,22.509975952750118,23.628244400024414,33606400
2025-10-24,23.849972326908148,24.004216141313645,23.32939991297243,23.91745376586914,14496700
2025-10-27,24.100618016550122,25.112843237752735,24.052417516009516,24.80435562133789,17744700
2025-10-28,24.601910354165415,24.62119128912302,23.898172776793377,24.46694564819336,11767500
2025-10-29,24.399464380274114,24.727232921854647,23.845151286962313,23.965654373168945,12570700
2025-10-30,23.49328223257137,23.61378531742739,22.924507524952464,22.94378662109375,11446600
2025-10-31,23.05947056958544,23.22335483980384,22.750982964169904,22.991989135742188,13052700
2025-11-03,22.741344240845144,22.83774708461407,22.095447577944036,22.39429473876953,13200100
2025-11-04,22.01832513870161,22.143647545461445,21.74839755041646,21.777318954467773,12009900
2025-11-05,21.8930010026434,22.384653841585713,21.806240467518304,21.950843811035156,12998600
2025-11-06,22.008683233518703,22.11472653605097,21.42062759399414,21.42062759399414,15504300
2025-11-07,21.40134912566976,21.67127486551466,21.092859676412278,21.48811149597168,13745900
2025-11-10,21.88336014599226,21.931560642681543,20.919335502357903,21.30494499206543,14784800
2025-11-11,21.430269071945876,21.680915719649075,21.271205949377844,21.50739097595215,9556900
2025-11-12,21.61343434672904,21.873721463036066,21.29530626193086,21.382068634033203,8406100
2025-11-13,21.35314743831593,22.32681263793085,21.27602553333313,22.27861213684082,18599300
2025-11-14,22.02796537567676,22.34609346197946,21.726225900958116,22.105087280273438,12069100
2025-11-17,21.999043221957514,21.999043221957514,20.83739353928563,20.89041519165039,13080800
2025-11-18,20.79401247046072,21.21336269982675,20.485524860870488,21.063940048217773,12329300
2025-11-19,21.092861211958382,21.194085210500457,20.398764037744435,20.543367385864258,13044100
2025-11-20,20.673510809485,20.972357972054144,20.17703864346558,20.196319580078125,12657200
2025-11-21,20.514447184614845,21.642356207013993,20.475885312319566,21.401350021362305,19595100
2025-11-24,21.401350508426617,21.758038641619315,21.160344317289972,21.719478607177734,15713700
2025-11-25,21.941202231716613,22.50997694764334,21.815877991946355,22.365373611450195,14209700
2025-11-26,22.38465380481838,23.23299660585803,22.365374707450734,23.04983139038086,10506200
2025-11-28,23.21615096891687,23.49987221484541,23.079183121115218,23.333553314208984,7253900
2025-12-01,23.088965801395542,23.759132283915445,23.054723840934102,23.323768615722656,11456100
2025-12-02,23.35311788110256,23.568353311261603,22.89818687999982,23.343334197998047,10733800
2025-12-03,23.4607360070636,23.93523440155613,23.221042288436237,23.245500564575195,10524700
2025-12-04,23.333551622714495,23.41181922521981,22.257370688731307,22.374773025512695,10415800
2025-12-05,22.66827750366209,23.172125110063767,22.43836559035012,22.46282386779785,9023600
2025-12-08,22.40412310416576,22.74654457855773,22.267155260827735,22.364990234375,11723700
2025-12-09,22.389447061886656,23.328658268628704,22.355205103268776,22.609575271606445,11305700
2025-12-10,22.68784355786276,24.16514619590689,22.67316709940668,24.057527542114258,11997200
2025-12-11,24.00861188108399,24.50756670198408,23.896100448281413,24.047744750976562,11607200
2025-12-12,24.165146515363148,24.34613999964147,23.411819660949664,23.450952529907227,9613300
2025-12-15,23.499871899877913,23.71510735297386,22.60957716900579,22.942214965820312,17458900
2025-12-16,22.707407780796373,22.746542513080453,22.032350443316673,22.345420837402344,17492000
2025-12-17,22.48239090933768,22.869815840544053,22.413906987060837,22.57044219970703,14084900
2025-12-18,22.31607092890311,22.741652767036285,22.257370693523193,22.541091918945312,11153200
2025-12-19,22.531309446671138,23.0449407324639,22.417820203982306,22.756328582763672,15644300
2025-12-22,22.824811490797003,23.225933190712993,22.766111254870648,22.91286277770996,10433100
2025-12-23,22.756328467803062,22.89329631237668,22.276939145748475,22.404123306274414,7884500
2025-12-24,22.453040713644764,22.580224868433362,22.371837819154386,22.560657501220703,3448700
2025-12-26,22.55087418523937,22.80524436501016,22.374773475595166,22.78567886352539,8930500
2025-12-29,22.68784232038357,22.854161200788326,22.48238870762628,22.844377517700195,10431000
2025-12-30,22.79545999915419,23.108532272152118,22.736759764362564,23.000913619995117,7490500
2025-12-31,22.95199540087572,23.2063655752323,22.790569287292733,22.873727798461914,8939800
2026-01-02,23.040046949084488,23.891208767813378,22.800353230359548,23.744457244873047,10052700
2026-01-05,23.72489052086781,24.60051063948924,23.656406599375078,24.360815048217773,13203100
2026-01-06,24.233630569459674,25.114141585408454,24.150470190139245,24.967390060424805,11674600
2026-01-07,24.977175453058635,25.055443062807765,24.01839490107301,24.262981414794922,8259900
2026-01-08,23.969477013395224,25.81855035729356,23.822725486522593,25.358728408813477,10493800
2026-01-09,25.750065864625775,25.916384755671253,25.182625271537706,25.759849548339844,8765100
2026-01-12,25.779416918141614,26.03867800542434,25.505479372262997,25.92616844177246,7686400
2026-01-13,26.063137503674426,26.483826592908155,25.891927695752305,25.975086212158203,10247800
2026-01-14,26.317506792340318,27.907319028177426,26.253913780413704,27.64805793762207,21174700
2026-01-15,27.677409112060555,27.745893033187116,26.620793645375695,27.33498764038086,9559300
2026-01-16,26.752871344229053,27.25182804020307,26.630578091276018,26.972999572753906,14028400
2026-01-20,25.975083536074127,26.576767921462057,25.735389829677608,26.00443458557129,11465600
2026-01-21,26.288157491792635,27.926886273601504,26.17075515229182,27.794809341430664,12572300
2026-01-22,27.990478834004264,28.460084452343068,27.657841054502565,27.716541290283203,11409000
2026-01-23,27.873076044498358,27.990478380203076,27.515979994714787,27.638273239135742,8892300
2026-01-26,27.755676144301383,27.941560536081298,27.364336261287786,27.56978988647461,8707100
2026-01-27,27.599139846808225,27.770351516948224,27.04148292370855,27.207801818847656,12804900
2026-01-28,27.491521947841658,27.540438499598427,26.611010953891984,27.178451538085938,17825500
2026-01-29,26.024003302492385,26.963214542583565,25.26089277038316,26.571876525878906,23608400
2026-01-30,26.699061870905272,27.393686599695073,26.337073048348707,26.95343017578125,18949400
2026-02-02,26.90451441299792,28.396491657236613,26.513176394745503,28.25463104248047,17168900
2026-02-03,28.274198854705396,30.470586432398164,28.18614756595755,29.829769134521484,21848200
2026-02-04,30.338509730527527,32.13866465652953,30.279809492930493,31.69841194152832,26129300
2026-02-05,31.2092364984821,31.532090598374964,29.506914711224553,29.937387466430664,15877500
2026-02-06,30.328724507742916,31.165209848734268,30.1428382543959,31.091835021972656,8977200
2026-02-09,30.817899169756398,31.835379911063573,30.348293535020893,31.38534164428711,10275400
2026-02-10,31.698412830300008,33.25398316558886,31.698412830300008,32.8724250793457,13531200
2026-02-11,32.97026037920253,34.01709028262549,32.78437225386048,33.263763427734375,12754800
2026-02-12,33.469216281136546,33.68445359873031,31.378493563815436,31.9429988861084,15685900
2026-02-13,31.913645075112246,32.43217098643852,31.621119833775055,31.786462783813477,10184100
2026-02-17,31.600575319002683,31.982129665072446,30.260242332731146,30.73963165283203,9911400
2026-02-18,30.96465167910801,31.776678814684878,30.75919990716485,30.896167755126953,10918600
2026-02-19,30.808116348558475,31.042919172501882,30.221108355676474,30.710281372070312,8869400
2026-02-20,30.29937398161002,30.397208951698264,28.851422395653948,29.859119415283203,17925100
2026-02-23,29.438430989261224,30.230890718691718,29.438430989261224,29.643882751464844,9417700
2026-02-24,29.97651997870371,30.788547060652768,29.849335823430806,30.377641677856445,10487400
2026-02-25,30.48526127882858,30.622229121999595,29.00306768265197,29.36994743347168,11139300
2026-02-26,29.34059569048252,29.399295926737796,28.57748515497646,29.252544403076172,9211200
2026-02-27,28.945666395192955,30.549360109948047,28.91002947038803,30.42066764831543,13297800
2026-03-02,30.390970693762576,31.23736370306349,29.83660636473301,30.291976928710938,13479000
2026-03-03,29.529727121497384,30.687949819233108,29.089206853615458,30.430566787719727,13304900
2026-03-04,31.677883850371863,32.06395745559058,30.727548241172233,32.014461517333984,13279500
2026-03-05,33.162782810241666,34.243789599952166,32.87570109751317,33.38056945800781,24545900
2026-03-06,34.647683236147195,34.79617481767837,32.61831968757527,32.94499588012695,19447200
2026-03-09,34.5981871564147,35.38914405322595,33.7567411584191,33.964630126953125,28495500
2026-03-10,34.27150992297661,34.825874256129374,32.8509572197384,33.548858642578125,22301900
2026-03-11,33.6082545639358,34.226963212843685,33.360771104372645,34.024024963378906,11106300
2026-03-12,35.39013654646277,37.3007092551309,35.152550751432834,37.201717376708984,25159600
2026-03-13,37.32050749332563,37.37000343135258,36.14248377627478,36.25137710571289,16375100
2026-03-16,36.02369262038135,36.26127840874283,35.60792221112125,35.63761901855469,9567400
2026-03-17,35.81580849031901,37.191815995056004,35.667316896100694,36.53845977783203,14301700
2026-03-18,37.122518030239654,37.8748660674148,36.68001900499679,37.310604095458984,15273900
2026-03-19,37.62738358081176,38.19164934356564,36.69684713107512,37.11262130737305,13780000
2026-03-20,37.439299169625656,37.934266111346034,36.112787614763114,36.28107833862305,15453500
2026-03-23,35.558420799513165,36.31572333959565,35.192146345560005,35.677215576171875,14991500
2026-03-24,35.86530183943641,38.082755257436006,35.86530183943641,37.92436599731445,16393500
2026-03-25,37.9144638319381,39.29542193781291,37.61748444682796,39.22117614746094,12223800
2026-03-26,39.221176863513584,39.79038956487371,38.825205601570154,39.072689056396484,9711600
2026-03-27,39.23107965321092,40.64173463852874,38.91430112234299,40.40909957885742,12322100
2026-03-30,41.201044832981225,42.07218765832884,40.79517211485867,41.44852828979492,15306500
2026-03-31,41.26044403060438,42.309775292955806,40.44869855877899,41.23074722290039,21086600
2026-04-01,41.1713489264253,41.33468891780381,39.18653050203558,40.2804069519043,21922000
2026-04-02,41.69601088134863,41.94349433302664,40.38929855859253,40.98326110839844,13355400
2026-04-06,40.04282481241759,40.65460395924908,39.53300948610767,40.15171813964844,13059100
2026-04-07,40.42889825994406,41.62671730250033,40.25070986627313,40.993160247802734,14260200
2026-04-08,36.25137762360586,38.94894971204012,35.39013620547934,38.88460159301758,27145700
2026-04-09,39.20137984307253,40.191313715637975,37.5184952807497,37.65708541870117,18500500
2026-04-10,38.112452605978135,38.72621052564606,37.860018420964735,38.61731719970703,10924300
2026-04-13,39.597352099880965,40.20913122003451,39.38055484493195,39.70624542236328,9495700
2026-04-14,39.30037327272306,39.325119352358385,37.765976612313395,38.76580810546875,13086700
2026-04-15,38.75591269034202,39.01824456283045,38.33024082227844,38.449031829833984,9404300
2026-04-16,39.10238754956144,39.60725215761757,38.78560901582073,39.518157958984375,11306200
2026-04-17,35.9246987415564,36.18207986965646,34.44969570840877,35.241641998291016,27285900
2026-04-20,35.682163706539434,36.90473261193078,35.5584219756504,36.39986801147461,12428600
2026-04-21,36.50876033284776,37.94416512686688,36.50876033284776,37.92436599731445,13555500
2026-04-22,38.112453555988715,38.60742048528727,37.90456835199484,38.419334411621094,14665300
2026-04-23,38.98359693586658,39.64685081746894,36.35531993788168,38.14215087890625,22976900
2026-04-24,38.54802378280186,39.09249043579326,37.54819222933213,38.270843505859375,12672400
2026-04-27,39.10238527723038,39.320171922632774,36.998775942695836,37.71647644042969,11226400
2026-04-28,38.50842848927179,38.7064122393324,37.46899491996375,37.627384185791016,9268100
2026-04-29,38.201546602346525,39.30037375646185,38.122350083423896,39.15188217163086,11659400
2026-04-30,39.00339609161431,40.438797185869994,38.488630024697905,40.08242416381836,15935600
2026-05-01,40.52789232741241,41.042658406293086,39.03309380659012,39.884437561035156,9176900
2026-05-04,40.32990567935518,40.57738913552715,39.2221664668081,40.17151641845703,8787400
2026-05-05,40.03292450123548,41.05750590967484,39.89928508982949,40.38930130004883,7117500
2026-05-06,37.6867816004571,38.51832619065142,37.2066630760303,38.11245346069336,17871600
2026-05-07,37.1720164621906,37.37990167081021,36.48896344402699,36.944332122802734,17292200
2026-05-08,37.13241645512721,37.26605963745612,36.35037159618288,36.49885940551758,9781500
2026-05-11,37.12251989306643,38.42923229119853,37.1126222159994,38.369834899902344,9412500
2026-05-12,38.59752295876554,39.44391595801043,38.153041355475885,39.0330924987793,8792700
2026-05-13,39.60725265017114,39.765641919011216,38.41933502201961,38.449031829833984,8415300
2026-05-14,38.340137241877784,38.681665625733,38.1619488482401,38.38963317871094,5643100
2026-05-15,38.60741921701739,39.01824266115098,38.222335019094054,38.35993576049805,9184900
2026-05-18,38.08275791077197,38.41834241761786,37.50364371583405,38.171852111816406,8719400
2026-05-19,38.32033683386965,38.48862754504724,36.83048917050046,37.360103607177734,10566300
2026-05-20,37.20171424250933,37.508591305542105,35.55842049928551,35.90489959716797,15321300
2026-05-21,36.21178056527961,36.97402627547668,35.20699457651514,35.54852294921875,12844700
2026-05-22,35.7861082468341,36.23157543413177,35.197096429619165,35.64751434326172,9010400
2026-05-26,35.845504523793444,35.93459872313891,34.667484578046015,34.92486572265625,14114900
2026-05-27,34.251707996924864,34.53878970546635,33.74189269372402,34.142818450927734,16013100
2026-05-28,34.53879299368372,35.18225153597796,34.08837503511625,34.42000198364258,12484100
2026-05-29,34.47999954223633,34.52000045776367,33.44499969482422,33.75,17171300
2026-06-01,34.25,35.40999984741211,34.20500183105469,34.689998626708984,10533500
2026-06-02,34.55500030517578,34.92499923706055,34.2599983215332,34.720001220703125,11207900
2026-06-03,34.689998626708984,35.7140007019043,34.68000030517578,35.400001525878906,10733800
2026-06-04,34.959999084472656,35.52000045776367,34.529998779296875,34.790000915527344,9243900
2026-06-05,34.529998779296875,34.599998474121094,33.654998779296875,33.970001220703125,8121900
2026-06-08,33.97999954223633,34.400001525878906,33.654998779296875,34.20000076293945,6846800
2026-06-09,34.029998779296875,34.09000015258789,32.56999969482422,33.220001220703125,13901100
2026-06-10,33.25,34.46500015258789,32.880001068115234,34.2400016784668,13017500
2026-06-11,34.90999984741211,36.040000915527344,33.435001373291016,33.630001068115234,12414900
2026-06-12,33.31999969482422,34.189998626708984,32.75,33.849998474121094,15932500
2026-06-15,32.709999084472656,33.310001373291016,31.90999984741211,33.22999954223633,15288000
2026-06-16,32.81999969482422,33.38999938964844,32.44499969482422,32.959999084472656,10758000
2026-06-17,32.849998474121094,33.97999954223633,32.47999954223633,32.5,10897200
2026-06-18,32.599998474121094,32.599998474121094,31.3700008392334,31.729999542236328,17423500
2026-06-22,31.200000762939453,31.389999389648438,30.665000915527344,30.790000915527344,13107300
2026-06-23,30.530000686645508,31.084999084472656,30.184999465942383,30.329999923706055,14159300
2026-06-24,30.0,30.0,28.774999618530273,29.3799991607666,23935400
2026-06-25,28.829999923706055,29.514999389648438,28.389999389648438,29.309999465942383,12740100
2026-06-26,29.0,29.298999786376953,28.735000610351562,29.040000915527344,12286800
2026-06-29,29.139999389648438,29.30900001525879,27.540000915527344,27.920000076293945,12783500
2026-06-30,27.90999984741211,28.180999755859375,27.135000228881836,27.360000610351562,12814600
2026-07-01,26.799999237060547,27.665000915527344,26.799999237060547,27.020000457763672,13818400
2026-07-02,27.25,28.334999084472656,27.25,27.709999084472656,11721600
2026-07-06,27.200000762939453,27.454999923706055,26.900999069213867,27.329999923706055,8510800
2026-07-07,27.549999237060547,28.700000762939453,27.549999237060547,28.639999389648438,13926600
2026-07-08,29.479999542236328,29.899999618530273,28.969999313354492,29.030000686645508,16014100
2026-07-09,28.780000686645508,29.040000915527344,27.989999771118164,28.5,9547000
2026-07-10,28.780000686645508,29.15999984741211,28.6299991607666,29.030000686645508,5713300
2026-07-13,29.559999465942383,30.440000534057617,29.280000686645508,30.3700008392334,12392800
2026-07-14,30.959999084472656,31.209999084472656,30.139999389648438,30.309999465942383,8630000
2026-07-15,30.200000762939453,30.309999465942383,29.309999465942383,29.700000762939453,8806400
2026-07-16,29.639999389648438,29.979999542236328,29.204999923706055,29.299999237060547,7007900
2026-07-17,30.010000228881836,30.540000915527344,29.639999389648438,29.920000076293945,8538800
2026-07-20,29.75,30.559999465942383,29.520000457763672,30.3700008392334,9089500
2026-07-21,30.6200008392334,31.25,30.440000534057617,30.469999313354492,8324300
2026-07-22,30.989999771118164,31.584999084472656,30.809999465942383,31.25,11532400
2026-07-23,31.799999237060547,32.72999954223633,30.670000076293945,30.899999618530273,16614800
2026-07-24,30.610000610351562,30.774999618530273,29.299999237060547,29.84000015258789,10426300
2026-07-27,28.93000030517578,29.030000686645508,28.229999542236328,28.854999542236328,1527868
