datetime,open,high,low,close,volume
1999-05-04,52.08395944056672,52.94060351031288,47.97206790578514,48.229061126708984,22320900
1999-05-05,47.88642317649469,47.88642317649469,45.402154353384944,47.3724365234375,7565700
1999-05-06,46.60145267040881,47.543761456023695,45.95896940748957,46.55862045288086,2905700
1999-05-07,46.55860760642144,51.312982440195846,45.744795697937526,50.79899597167969,4862300
1999-05-10,50.28500679211739,50.370671198918274,48.14339662209535,48.44322204589844,2589400
1999-05-11,47.97208370782633,48.785895842155526,47.62942596705614,48.40040588378906,1839800
1999-05-12,48.65739326736554,51.312990435126686,47.37242689586821,50.37068176269531,2659300
1999-05-13,50.19936832783062,51.56999954497275,49.685381621402314,50.15653610229492,1142900
1999-05-14,48.82873372105966,49.514049282056995,47.329605931378005,48.1005859375,2058400
1999-05-17,47.372423759140815,48.1434035309894,46.601443987292235,47.02976608276367,2075000
1999-05-18,46.77277282548081,48.27190015963083,46.68710840638652,47.02976608276367,1407100
1999-05-19,47.543763005056284,47.8435885375206,47.11544081582154,47.50093078613281,727400
1999-05-20,47.672244673455225,48.05773452256672,46.85843276977539,46.85843276977539,520800
1999-05-21,46.68710733343054,47.15826162762112,46.258785247802734,46.258785247802734,936200
1999-05-24,45.916132380289326,46.08746123245458,44.54550156296725,44.75966262817383,1493000
1999-05-25,43.9458532333374,45.18798748652141,43.860188802083336,44.20284652709961,1662400
1999-05-26,44.97382561892074,45.65914105692334,43.21770480903907,45.273651123046875,1602900
1999-05-27,44.54551218180639,46.43013000488281,44.3313510655477,46.43013000488281,1220500
1999-05-28,46.43012380029701,47.15827149827215,45.916137189961624,46.55862045288086,901900
1999-06-01,45.6591459829596,45.6591459829596,43.56036722764532,43.98868942260742,953900
1999-06-02,43.68886058038402,43.90302166166042,42.48955852523623,43.3462028503418,2204300
1999-06-03,43.86018080795678,43.98867743141759,43.260529898472996,43.603187561035156,852600
1999-06-04,44.074357698342084,45.91614329700944,44.074357698342084,44.80250549316406,1357400
1999-06-07,44.67399414207133,46.430114717167136,44.67399414207133,45.18798065185547,891900
1999-06-08,44.80249558991077,45.0166566586962,43.68885803222656,43.68885803222656,571700
1999-06-09,44.031497707803744,44.88814163208008,43.603175745665574,44.88814163208008,611400
1999-06-10,44.45984665458724,44.50267887679782,43.38904109932262,43.4318733215332,664200
1999-06-11,43.81735722914986,44.074350526681535,42.70371960651262,43.3462028503418,969300
1999-06-14,43.51753437275789,43.86019212372449,41.461587866958304,41.9755744934082,821100
1999-06-15,43.0892121060436,43.431869856389866,42.66088991811076,43.00354766845703,831700
1999-06-16,43.81735097950903,44.84532402301657,43.81735097950903,44.716827392578125,690300
1999-06-17,44.20283643282377,45.83046025496263,44.20283643282377,44.545494079589844,955700
1999-06-18,44.03150238066538,44.4598243882594,43.517515971552555,44.4169921875,613900
1999-06-21,45.70196065285223,47.929235211379236,45.616296246755034,47.62940979003906,1811000
1999-06-22,48.05773937702178,48.05773937702178,46.430115405250994,46.601444244384766,1165900
1999-06-23,45.95895687249991,46.215950107574464,44.459829667898326,44.545494079589844,1351700
1999-06-24,45.27366014859862,45.57348571249663,44.20285456324861,44.58834457397461,1408900
1999-06-25,44.888158834205484,45.787635299394715,44.802494408949364,45.40214538574219,1111500
1999-06-28,45.53062664981179,46.258774018623456,45.05947246999248,45.61629104614258,784600
1999-06-29,45.23082775383418,46.94411668390366,45.23082775383418,46.43013000488281,629800
1999-06-30,46.944098079905785,49.51403045654297,45.31647424136891,49.51403045654297,2127600
1999-07-01,48.91437086086829,48.95720305952054,47.80073369590981,48.52888107299805,813600
1999-07-02,48.3575697037617,48.78589184462761,47.75791870654942,48.61456298828125,536900
1999-07-06,47.972062564065276,48.785874339705664,47.45807617945029,48.314720153808594,747600
1999-07-07,47.672249488970806,47.9720749574549,46.601444244384766,46.601444244384766,648800
1999-07-08,46.601449959340144,47.20110096984636,46.044631163870086,46.08746337890625,424400
1999-07-09,46.21596002401472,46.72994660444862,46.08746337890625,46.08746337890625,312700
1999-07-12,46.601439537034395,47.24392261888689,46.51577512612073,46.85843276977539,547700
1999-07-13,46.77277083423257,47.07259628829816,46.344448756996,46.515777587890625,969600
1999-07-14,46.17313066295687,46.43012396905867,46.13029844527324,46.344459533691406,888200
1999-07-15,46.60145267040881,46.60145267040881,46.25879493018522,46.55862045288086,864700
1999-07-16,46.43010702562289,47.11542225847341,46.43010702562289,46.64426803588867,476700
1999-07-19,46.772788994597704,48.48607796875879,46.772788994597704,47.58660125732422,646100
1999-07-20,47.37241854886396,48.27189485042467,46.51577445213948,46.687103271484375,886100
1999-07-21,46.60144200333794,46.64427421106159,46.001791095206755,46.515777587890625,626100
1999-07-22,46.68709288862415,46.77275727924548,45.573455810546875,45.573455810546875,579500
1999-07-23,45.487798997832506,45.487798997832506,43.86017530487805,43.90300750732422,767200
1999-07-26,44.03151831042626,44.374176040468484,43.30337063408652,43.3462028503418,749500
1999-07-27,44.031497707803744,45.05947041693535,43.38901476459649,44.88814163208008,592200
1999-07-28,44.716832329669764,45.48781219742269,43.86018803216651,45.273651123046875,584800
1999-07-29,44.88815172635592,44.88815172635592,44.20283643282377,44.545494079589844,646000
1999-07-30,44.54549509535957,44.54549509535957,43.60318654526542,44.0743408203125,629600
1999-08-02,44.03151229934313,44.245673351382734,42.74654598710549,43.04637145996094,566400
1999-08-03,43.04635421345192,43.04635421345192,41.6328918362938,41.675724029541016,837700
1999-08-04,41.504405391216274,42.14688844680786,41.11891555786133,41.11891555786133,1281600
1999-08-05,40.99042842961565,41.11892507046084,39.619797593933626,40.60493850708008,1539900
1999-08-06,40.39078133477105,40.39078133477105,38.377667100694445,38.54899597167969,1308500
1999-08-09,38.72031890424876,39.405634283085014,38.24916458129883,38.24916458129883,1347500
1999-08-10,38.63203525543213,39.27590250968933,37.902319033940636,39.14712905883789,1817400
1999-08-11,39.74808798379045,42.280633546472565,39.44761647635359,42.237709045410156,1369200
1999-08-12,42.19480078448719,42.70989499548805,41.59385753831952,41.67970657348633,832800
1999-08-13,42.88159010481126,43.43960879486386,42.62404301709468,43.353759765625,557400
1999-08-16,43.2678978011812,43.2678978011812,41.80846474042707,43.18204879760742,762600
1999-08-17,43.43958508022248,44.29807490394229,43.010340168362575,43.267887115478516,936900
1999-08-18,43.26789627916954,43.26789627916954,41.93723677058397,42.79572677612305,819300
1999-08-19,42.32354888141458,42.92449176614055,41.76553048845476,42.28062438964844,624600
1999-08-20,42.45233077390741,43.22497177889259,42.32355727307655,42.79572677612305,439600
1999-08-23,43.139117490097675,43.825909410338035,43.0103440050526,43.69713592529297,837200
1999-08-24,43.65420835899015,44.64147167487685,43.13911445504926,43.568359375,894200
1999-08-25,43.35372719913721,44.169292364269495,42.79570892825723,43.95466995239258,449900
1999-08-26,43.954700728336654,44.555643902356884,43.09621047973633,43.09621047973633,378400
1999-08-27,43.267887700269675,43.267887700269675,42.2376998978823,42.28062438964844,265300
1999-08-30,42.40941902056132,42.40941902056132,40.7353630065918,40.7353630065918,438100
1999-08-31,40.8641242941096,41.550916299052616,40.3061057900934,41.0787467956543,496600
1999-09-01,41.59384002685547,41.67968902587891,41.07874603271484,41.422142028808594,560100
1999-09-02,40.86411893820461,41.50798635844943,40.43487399137473,40.692420959472656,727600
1999-09-03,41.72262821008663,43.353759765625,41.72262821008663,43.353759765625,754900
1999-09-07,43.267899353027346,44.25516292953491,42.8815788230896,42.924503326416016,813600
1999-09-08,42.88158491060331,43.69715058958376,42.666962363503195,42.96743392944336,732100
1999-09-09,42.92451032260169,42.96743483292429,41.89432207485925,42.40941619873047,448800
1999-09-10,42.83866635190785,43.332298278808594,42.32357216731577,43.332298278808594,636300
1999-09-13,42.70988999717912,43.13913512277891,42.58111645949918,42.66696548461914,250700
1999-09-14,42.15185852050781,42.15185852050781,40.349029541015625,40.77827453613281,1160600
1999-09-15,41.29337954342301,41.29337954342301,39.87687068174634,40.04856872558594,970200
1999-09-16,40.22024752285214,40.60656793662554,39.44760669530536,39.61930465698242,753200
1999-09-17,40.26317905263276,41.25044250488281,40.177330056784925,41.25044250488281,1116700
1999-09-20,41.25044855659391,41.722618103027344,40.86412801860292,41.722618103027344,721800
1999-09-21,41.59383064899082,42.40939595583377,40.09147350480642,40.6065673828125,2369100
1999-09-22,41.164612185821376,42.58112125999458,40.563668942232745,42.108951568603516,1534700
1999-09-23,42.40938924885482,42.752785113218025,41.72259752012843,41.76552200317383,889800
1999-09-24,41.93723075782014,42.70987165202767,41.80845727545221,42.53817367553711,831400
1999-09-27,42.58109583201143,43.01034074967283,42.06600193081774,42.28062438964844,624700
1999-09-28,42.108917489109274,42.752784729003906,41.9372195584707,42.752784729003906,819900
1999-09-29,42.83865748392844,43.09620452290998,41.98016735399,42.19478988647461,800900
1999-09-30,42.538189086757725,42.92450967382212,41.89432144165039,41.89432144165039,1113400
1999-10-01,41.89432410428491,42.06602215389264,40.04857007100187,40.649513244628906,793300
1999-10-04,40.86412795046543,42.366485595703125,40.86412795046543,42.366485595703125,739400
1999-10-05,42.66693576368463,43.43957645155819,42.15184197176892,42.752784729003906,1040500
1999-10-06,42.66693548113108,43.95466995239258,42.45231306925416,43.95466995239258,944200
1999-10-07,43.95468981824926,44.040538821800524,43.396671295166016,43.396671295166016,366300
1999-10-08,42.92448757913688,43.91175079345703,42.49524270334551,43.91175079345703,488800
1999-10-11,43.783010121533636,43.91178368071461,43.611312042625656,43.74008560180664,229300
1999-10-12,43.74006577447249,43.78299027474185,43.09619827043217,43.224971771240234,644200
1999-10-13,42.83866065447448,43.01035869316976,41.679698893281284,41.89432144165039,393000
1999-10-14,41.5509274390436,42.967436329010994,40.43489013179656,42.58111572265625,1016000
1999-10-15,41.55092557005303,41.63677458982587,40.00564321414197,41.035831451416016,1088000
1999-10-18,41.379212874400466,41.379212874400466,39.791006571129905,40.692420959472656,732700
1999-10-19,40.864129550215125,41.89431769013652,40.864129550215125,41.46507263183594,1082700
1999-10-20,41.55092599227844,42.838661301956485,41.55092599227844,42.40941619873047,499800
1999-10-21,42.14791570804237,42.53498840332031,42.061899553536165,42.53498840332031,281900
1999-10-22,43.180119594544855,45.24450778233186,43.137111507299295,45.07247543334961,1644700
1999-10-25,44.685385186225176,44.728393256664276,43.52416728436947,44.04026412963867,665000
1999-10-26,43.69620648915413,44.42734380245691,42.53498840332031,42.53498840332031,650200
1999-10-27,42.7070292241365,44.55637691460767,42.66402113831159,44.2983283996582,1412500
1999-10-28,44.38433766365051,49.88937179247539,44.38433766365051,49.54530715942383,3983400
1999-10-29,49.58833830793139,50.74955698469995,48.2980953337441,48.857200622558594,2490500
1999-11-01,48.51310556772592,48.85717014622043,47.69595219380147,47.73896026611328,949300
1999-11-02,47.60993283794772,49.37326368379764,47.566924768536744,47.997005462646484,543000
1999-11-03,48.04003258098256,48.08304066744718,47.007838505831636,47.308895111083984,924000
1999-11-04,47.95401314788111,48.68515056807302,47.78198081371831,48.255069732666016,570400
1999-11-05,49.54532070014313,51.13662006290814,49.029223609516634,50.706539154052734,1304900
1999-11-08,50.577493536962216,50.577493536962216,49.88936437319403,50.233428955078125,651600
1999-11-09,50.57751908012058,50.620527174576466,49.37329243535581,49.45930862426758,695600
1999-11-10,48.85716400013914,50.06138987338201,48.59911559872996,49.50228500366211,678700
1999-11-11,49.54530151054987,50.57749529201966,49.24424499095451,50.44847106933594,574300
1999-11-12,50.87855963871397,54.92131923807079,50.74953539618131,54.87831115722656,2227700
1999-11-15,54.19018066846407,55.00733418648059,53.15798675096952,53.6740837097168,997100
1999-11-16,53.93213624198482,57.114734393425714,53.93213624198482,56.98571014404297,1505100
1999-11-17,55.82448088832475,55.99651318690202,54.06114982790771,54.7492790222168,1245400
1999-11-18,54.92131858344015,55.824488270403535,54.53424586045584,55.17936706542969,1111500
1999-11-19,55.05033992621189,55.652453019154834,54.79229145780777,55.00733184814453,329600
1999-11-22,54.70626859777114,55.222365471335024,54.01813943301931,54.83529281616211,329900
1999-11-23,55.0073272852269,55.480416104724554,53.33001237973523,53.502044677734375,656300
1999-11-24,53.33002804550591,53.5020603940398,52.813930999904244,53.07197952270508,515700
1999-11-26,53.11495357689206,53.50202611307994,52.72788104070418,53.20096969604492,107600
1999-11-29,53.1579802852349,53.1579802852349,51.179608850671144,51.265625,517900
1999-11-30,51.437653171837624,53.07195987796624,51.26562088698198,51.695701599121094,925000
1999-12-01,51.437659785432636,52.42684555053712,51.437659785432636,52.42684555053711,500000
1999-12-02,52.469836758029075,53.41601414219026,52.469836758029075,53.32999801635742,453600
1999-12-03,54.0181435324929,55.52342619462447,53.9321273803711,54.405216217041016,669500
1999-12-06,54.49124884605408,54.57726502418518,52.6849091053009,52.985965728759766,295100
1999-12-07,53.157984659202306,55.69546127319335,53.157984659202306,55.69546127319336,883100
1999-12-08,56.29758858680725,56.29758858680725,55.05035400390625,55.05035400390625,732200
1999-12-09,55.56645107269287,56.59864521026611,54.87832164764404,55.05035400390625,1205700
1999-12-10,55.05033167397103,56.72764646716234,54.749275172629005,56.42658996582031,1386300
1999-12-13,56.08252801481132,57.0717137083241,55.781471499394385,56.469600677490234,938500
1999-12-14,56.03954103863429,56.03954103863429,53.545071828933,54.19019317626953,1105800
1999-12-15,53.50202849453402,54.70625421627594,53.50202849453402,54.663246154785156,1073800
1999-12-16,54.49125725708979,54.70629773561027,53.50207105589558,54.06117630004883,307900
1999-12-17,54.104165057139944,55.43741554741923,53.97514081614518,55.17936706542969,542100
1999-12-20,56.42660378026598,57.5448139161554,55.56644213727412,56.3405876159668,1302600
1999-12-21,55.480420882177164,57.11472785390021,54.706275474518876,55.69546127319336,1189900
1999-12-22,55.7384623448989,55.99651078168084,54.4482201609892,54.83529281616211,526800
1999-12-23,55.738471984863274,56.72765783027366,55.523431583687106,55.73847198486328,532000
1999-12-27,55.394398836715474,57.028705634693104,55.394398836715474,56.469600677490234,389200
1999-12-28,56.46958043154548,58.96404780780568,56.46958043154548,58.49095916748047,821800
1999-12-29,58.83502877842296,60.68437544324181,58.749012654477895,60.55535125732422,794800
1999-12-30,61.93160752118644,63.90997831700212,61.63055109573623,63.4368896484375,969200
1999-12-31,63.26488063030078,65.2432521523904,62.96382409433062,64.81317138671875,383500
2000-01-03,64.81320420715375,64.94222850219121,60.38337007753408,60.770442962646484,1822600
2000-01-04,59.867269003139164,60.21133376752502,56.59865374147352,56.942718505859375,1647700
2000-01-05,55.65247751831442,56.340607070318306,53.9321536383047,54.27621841430664,1516600
2000-01-06,54.10416783967641,58.14692759876193,54.10416783967641,56.598636627197266,1845100
2000-01-07,57.15775876330391,57.24377495406885,54.96434589879789,56.81369400024414,1127400
2000-01-10,56.25453291151259,58.40493554574472,56.25453291151259,58.06087112426758,803100
2000-01-11,58.49101235959665,59.35117430606131,58.18995567833402,58.36198806762695,808600
2000-01-12,57.888838913529014,59.17908049406829,57.3727422813133,58.06087112426758,916100
2000-01-13,58.577015385825256,58.577015385825256,57.028724230252784,58.146934509277344,711000
2000-01-14,58.83507298379049,59.82425915237761,58.7060487009313,58.92108917236328,607000
2000-01-18,58.49097733531924,61.32951005894503,58.318945049038895,59.781219482421875,1095700
2000-01-19,59.78120287855041,61.501525263544664,59.6951867593007,60.25429153442383,636900
2000-01-20,59.94941455078125,60.5954211730957,58.48513287353516,59.2172737121582,621800
2000-01-21,59.38953882964486,59.38953882964486,58.26979408013742,59.04500198364258,542500
2000-01-24,60.29395357184453,60.29395357184453,56.159511041203764,56.33177947998047,712900
2000-01-25,57.19311159591561,58.01138653591742,56.76244057486203,57.796051025390625,749300
2000-01-26,57.968305728253156,60.98300216285771,57.968305728253156,60.810733795166016,1086600
2000-01-27,60.810732445020356,61.97354390112202,60.38006153535307,61.327537536621094,702000
2000-01-28,60.29396166746644,60.63849859128054,59.34648512697768,59.949424743652344,776800
2000-01-31,59.949409682623845,63.17944253190315,59.60487284536739,63.136375427246094,801800
2000-02-01,63.99773576292273,64.08386999678937,62.36118531945633,62.87799072265625,813100
2000-02-02,62.53342936951437,63.13636877114881,61.06914796554503,62.791831970214844,964700
2000-02-03,62.0166359673831,62.79184391697539,58.442065977596435,58.82966995239258,2213300
2000-02-04,60.121693516129504,60.121693516129504,57.58073368987475,58.35594177246094,1451700
2000-02-07,58.18366443867586,59.60487904006469,57.53765780168094,59.08807373046875,929800
2000-02-08,59.08803982204861,61.75819905598958,59.08803982204861,61.628997802734375,1024800
2000-02-09,61.62898775205145,61.62898775205145,59.647902191887674,59.777103424072266,397100
2000-02-10,59.777120813146816,60.16472462245396,58.915779014686485,59.69098663330078,503200
2000-02-11,59.56180744759312,61.155290365569215,58.57126401209446,58.65739822387695,856900
2000-02-14,58.65738607968898,59.86326479498362,58.312849303890516,59.604862213134766,627800
2000-02-15,59.432593825235536,59.690996407084384,58.65738607968898,59.604862213134766,542400
2000-02-16,59.77713267966689,60.16473656591833,57.10697257437918,57.15003967285156,720300
2000-02-17,58.39903339403405,58.39903339403405,55.901139635292175,56.590213775634766,895500
2000-02-18,58.226727384610044,58.226727384610044,55.6427010213877,55.685768127441406,925500
2000-02-22,55.987217344086744,56.76242496885102,55.599613531704605,56.202552795410156,720100
2000-02-23,56.03030898202613,59.94941591312865,55.85804054549415,59.08807373046875,702900
2000-02-24,59.1311276035495,61.973556170071184,58.91579210608574,61.75822067260742,1199800
2000-02-25,61.62901436781683,64.77291237539939,60.810739543925486,61.499813079833984,1333000
2000-02-28,61.499803857369855,61.499803857369855,59.94938863407482,60.63846206665039,518000
2000-02-29,61.15530338802853,63.73933029174805,60.638498007284625,63.73933029174805,1381200
2000-03-01,64.25611581525577,66.6678735134155,64.21304871350291,65.28972625732422,1488900
2000-03-02,65.63426014293324,67.44307833584872,64.85905234596946,66.32333374023438,1819200
2000-03-03,66.84015272187024,70.63005828857422,66.66788428702006,70.63005828857422,2295900
2000-03-06,70.80228930399171,72.52497274204505,70.54388678828371,71.44829559326172,1421000
2000-03-07,71.62056474833437,72.86951025507021,70.58695467379437,72.26657104492188,1041300
2000-03-08,72.35269307504416,72.61109555031217,68.69199134208061,70.11320495605469,1041100
2000-03-09,70.11324642615138,74.5491582086413,69.76870958867643,73.8600845336914,535500
2000-03-10,75.62584168024212,81.99977366695957,74.7644995198749,77.34852600097656,2034400
2000-03-13,74.07543143491648,79.58802168123584,73.38635765412656,76.0565185546875,1454200
2000-03-14,76.83167228607688,77.77914806538948,71.31908593371261,72.18042755126953,653100
2000-03-15,70.63008724528044,72.69730931099596,69.85487897063712,71.36222839355469,700300
2000-03-16,71.57751475920911,72.35272250028358,68.39054960145852,71.18991088867188,2024800
2000-03-17,71.74978385565107,80.8800084519284,71.14684449551955,80.27706909179688,2099400
2000-03-20,81.05227397151558,84.75604419550619,77.56383922566395,78.16677856445312,2254000
2000-03-21,76.48717932670867,82.55964119893048,73.38634773238265,81.48296356201172,2692800
2000-03-22,79.15734438363252,81.26763267242359,79.114277275698,80.72929382324219,1258900
2000-03-23,80.27704950541008,81.9997329711914,79.32957359923034,81.9997329711914,1656900
2000-03-24,81.99976365778754,88.20142645543534,81.09535449979724,83.59324645996094,1934400
2000-03-27,81.48292461463383,82.25813214268003,77.00394778592245,77.17621612548828,1315000
2000-03-28,75.45355649026024,79.58799794178135,74.76448291500672,78.03758239746094,1649400
2000-03-29,78.55439244663383,80.0186738847838,76.3149031882868,78.68359375,754300
2000-03-30,77.60695044088085,79.24350100511695,72.43889602750365,73.644775390625,1241200
2000-03-31,74.41993840233447,77.09009822927008,71.18990635362204,72.52498626708984,1693300
2000-04-03,74.93674698599142,76.35796115296712,72.69725799560547,72.69725799560547,1789500
2000-04-04,73.04182181710202,73.21409026478386,62.79184918003227,67.70149993896484,3739600
2000-04-05,67.18468392637007,68.64896549912429,64.42838920118565,67.14161682128906,3238700
2000-04-06,69.59641165103552,73.04177856445312,68.907338268352,73.04177856445312,1675700
2000-04-07,73.21408481132694,73.90315855072767,69.72564900561078,70.63005828857422,1373500
2000-04-10,71.66365317607998,75.1951553157666,71.36218348122867,73.77394104003906,1749900
2000-04-11,73.81700088783042,74.63527569347147,71.87898161131211,72.22351837158203,1147200
2000-04-12,73.38634270232858,73.90314793262667,66.49560629835406,66.5386734008789,2598500
2000-04-13,66.66786476195328,67.61534087614125,63.61010093889211,65.6342544555664,3377700
2000-04-14,63.911605535317044,63.911605535317044,54.73830905349593,57.02086639404297,4855800
2000-04-17,56.33176463535854,60.46620607648577,55.81495945521763,60.29393768310547,3489600
2000-04-18,60.29391581217448,65.41889865620931,59.863244984944664,64.60062408447266,2191500
2000-04-19,64.46784815169967,64.51097045815565,61.837387457884496,63.51915740966797,1390200
2000-04-20,63.34666898433463,63.34666898433463,60.716208257279206,61.276798248291016,1061100
2000-04-24,61.276797762534606,63.131056948874495,58.387603216377094,59.940006256103516,1764300
2000-04-25,61.1474085683141,67.52950762904082,60.37120733119869,66.96891784667969,1341500
2000-04-26,67.31387350294325,68.39193041362459,64.85590374658979,65.20088195800781,1626100
2000-04-27,63.131032100885385,66.40832611705157,62.35483088653024,65.67524719238281,1772400
2000-04-28,66.40831719774344,67.27076287563621,62.699800782804516,64.33844757080078,1145600
2000-05-01,64.33845901489258,70.11684608459473,64.33845901489258,66.92579650878906,2319300
2000-05-02,65.5458753852434,67.35701141562512,63.820983927737,64.16596221923828,1666500
2000-05-03,63.64853131329572,66.06338073981642,61.880516554593065,62.87232971191406,1931000
2000-05-04,63.04482215357917,63.47604528732458,60.80246185810303,62.22549819946289,920700
2000-05-05,61.664894008503836,63.605397666114094,60.32810259992788,62.00987243652344,1378100
2000-05-08,59.33627601137482,60.62994481976236,59.16378683692315,60.241844177246094,2817000
2000-05-09,59.33631725450502,60.02627443188299,58.47387078278256,59.07758331298828,1739100
2000-05-10,57.26639250655038,57.74073762520404,55.58462344950561,56.18833541870117,2340600
2000-05-11,56.231481655303625,57.43890610802487,55.498402523294295,55.80025863647461,2276000
2000-05-12,55.3690328743866,58.560083055620716,55.3690328743866,57.805442810058594,1911200
2000-05-15,57.82697370902977,60.71616628062186,57.82697370902977,60.069332122802734,1668900
2000-05-16,60.716166892246896,61.57861244469358,57.95634112441749,58.991275787353516,2538400
2000-05-17,58.732550566838675,59.336262540359776,57.266392916858855,58.430694580078125,1231000
2000-05-18,57.87014530551049,60.37123951394537,57.87014530551049,58.8188362121582,1493000
2000-05-19,58.12886708239142,58.64633474187858,56.66270871384445,58.344478607177734,1537500
2000-05-22,57.611385415240036,57.870119182074944,55.627759869505724,56.57645034790039,1345600
2000-05-23,56.490212321731285,58.991305691701065,56.231478524837854,57.137046813964844,1203900
2000-05-24,57.00767338871956,57.69763010144234,54.85155866146088,55.196537017822266,1530200
2000-05-25,55.54151153564453,57.525136947631836,49.63375759124756,50.36683654785156,4030100
2000-05-26,50.45308412775571,50.625573304260854,47.865746480178494,48.1676025390625,2378100
2000-05-30,49.331912914911904,50.668704261382416,48.72820069392522,49.6768913269043,2205300
2000-05-31,49.67687894939465,51.66050432411006,49.073166878829085,50.75493621826172,1363800
2000-06-01,51.44491059573309,53.60102587635895,50.798076011545334,52.695457458496094,1684900
2000-06-02,58.30135860305896,60.198740096057925,57.61140169651389,59.940006256103516,3567900
2000-06-05,59.94002449441944,60.629981610901964,58.30137634277344,58.30137634277344,1576600
2000-06-06,57.95637335526316,58.73257478412829,56.403970497532896,57.3526611328125,1033200
2000-06-07,57.18018140840977,60.716210726275236,56.83520293837412,59.81064224243164,1319900
2000-06-08,59.94001546911594,60.45748322856154,58.68946838378906,58.68946838378906,1255000
2000-06-09,58.73258841574729,59.72440158282672,57.43891906738281,57.43891906738281,1006800
2000-06-12,57.4820213317871,58.171978076954844,56.40396391746251,57.48202133178711,732800
2000-06-13,57.611409594834115,59.16381284738952,57.00769721884034,58.73258972167969,773200
2000-06-14,58.77569514599999,62.35484606098018,58.516961344917085,62.0529899597168,1953600
2000-06-15,62.05298516492764,62.65669732080602,60.02623721305023,62.26859664916992,2120900
2000-06-16,62.268601460619216,63.087925164048414,60.45746485303888,62.0529899597168,1792300
2000-06-19,62.225487379878146,64.16599114432341,61.75114201523597,63.21730041503906,2092900
2000-06-20,63.13103092922253,64.46782188469105,60.28495986274119,61.4061393737793,2362600
2000-06-21,60.71619621155754,60.974930002231794,58.12885830481503,59.76750564575195,2875200
2000-06-22,59.7674686533761,59.7674686533761,56.57642054345558,58.128822326660156,1480100
2000-06-23,58.81880191315052,60.026225999344234,57.95635613729788,59.33626937866211,1616700
2000-06-26,59.853729378463875,60.716175046741455,59.16377284384181,60.54368591308594,1175700
2000-06-27,60.54373431357609,61.66491457864231,60.45748967780176,60.93183517456055,1175700
2000-06-28,60.71620333144993,62.74295159606509,60.71620333144993,62.00987243652344,1180400
2000-06-29,62.182335157304315,64.25220484353913,60.93178888853745,63.9072265625,1385400
2000-06-30,64.16596563775038,66.1927132082976,63.86410961660504,65.39495086669922,2540600
2000-07-03,65.11467637946686,65.50277709960938,64.46784184589599,65.50277709960938,453100
2000-07-05,65.11467621147827,66.92581290080416,64.76969779446382,66.19273376464844,1077000
2000-07-06,62.09611182721328,64.85593901953386,60.974932030333036,64.29534912109375,3343100
2000-07-07,64.29535263694376,65.71838861079966,62.74294975637369,65.50277709960938,1265600
2000-07-10,65.45963581692921,68.21946235993545,64.72655689144318,67.40013885498047,1498700
2000-07-11,67.31393491677221,68.43511512678892,66.96895639061322,67.96076965332031,1249100
2000-07-12,69.08195698619402,71.92803012045668,69.08195698619402,70.33250427246094,2751000
2000-07-13,69.34067057877135,71.92800903320312,68.65071365758955,71.92800903320312,2207300
2000-07-14,71.92798710155431,72.61794381236058,70.97929662419567,71.8848648071289,1143000
2000-07-17,71.79860751628875,71.84172980308533,68.99565887451172,68.99565887451172,1225000
2000-07-18,70.37558919858417,71.92799190149411,69.77187703634141,71.66925811767578,2449700
2000-07-19,71.19491509468324,71.45364888666877,69.21128935612757,69.51314544677734,874200
2000-07-20,69.76869132678289,72.48863411984435,69.76869132678289,71.62516021728516,1027700
2000-07-21,71.58201865326586,73.00675123200999,71.02076036466968,72.01375579833984,1155300
2000-07-24,72.359171513278,73.87025206397296,70.97761215264262,72.79090881347656,1457700
2000-07-25,73.04993086041145,73.74071034845316,71.62519816632542,73.22262573242188,1092500
2000-07-26,72.96357479489308,73.179443359375,70.9775840016593,73.179443359375,1247400
2000-07-27,73.04993162155152,73.48166880607606,68.99160208702088,69.07794952392578,1299100
2000-07-28,69.16430297115733,69.8119088042206,66.27166358347472,68.04178619384766,1370800
2000-07-31,66.31483286494617,68.34399767266262,65.27866360143139,68.17130279541016,1734100
2000-08-01,68.38716510275135,70.63219830056896,67.00560621178668,69.50968170166016,1990600
2000-08-02,68.55989136339839,71.10714173521231,68.55989136339839,70.54588317871094,13171500
2000-08-03,70.20048891327085,72.96360778808594,69.42336172972911,72.96360778808594,2700200
2000-08-04,75.29494395738237,78.01488746043002,74.60416465502107,76.84919738769531,3709300
2000-08-07,77.0219154671447,79.43964375535103,75.81305132304152,78.79203796386719,2457700
2000-08-08,78.79205119293349,79.65552572655467,77.92857665931228,78.05809783935547,1984600
2000-08-09,78.05809883088635,80.6485224646547,77.28097174075585,79.396484375,1488800
2000-08-10,79.69866697277341,80.64848857266563,76.93554959126881,77.3672866821289,1188900
2000-08-11,77.19458534471434,82.80716705322266,77.19458534471434,82.80716705322266,1489600
2000-08-14,81.51197754917185,84.10240056450569,80.56215577688276,83.41162109375,2121700
2000-08-15,83.45479857284893,83.45479857284893,81.33928634829145,81.6415023803711,1548900
2000-08-16,80.82121634694327,81.77103833392658,77.10827585237216,78.05809783935547,2521000
2000-08-17,78.1012424553408,82.11639754010956,78.1012424553408,81.9437026977539,1780400
2000-08-18,82.1164245116405,82.20277196117955,80.13043317224225,80.82121276855469,853900
2000-08-21,80.77802189996451,82.03005965255616,80.30311102829182,81.38245391845703,1082000
2000-08-22,81.46878218427068,83.92968339492433,81.33926106792049,82.80716705322266,2178800
2000-08-23,82.72082037084243,82.72082037084243,81.5551303134245,82.2027359008789,1650600
2000-08-24,82.2459431581719,83.49798113800759,81.46881613620492,81.68468475341797,1049600
2000-08-25,81.85736758247096,83.02305794361375,80.907545806725,82.46179962158203,984200
2000-08-28,81.68467708507809,86.0020490240357,81.68467708507809,84.57731628417969,1422700
2000-08-29,83.92970132944689,88.03120422363281,83.8433539000956,88.03120422363281,2495500
2000-08-30,86.69284157851779,87.38362119268925,85.05223999486059,85.44080352783203,2136000
2000-08-31,86.00202827011756,89.45592498779297,85.57029118040815,89.45592498779297,1394100
2000-09-01,88.4197806171649,89.67181852629469,87.81534852310226,89.54229736328125,993800
2000-09-05,88.89470113266562,89.844523097172,87.85853171684047,88.98104858398438,1184400
2000-09-06,88.89467455980254,91.7873133142983,88.07437401748284,88.50611114501953,2104200
2000-09-07,88.33344067596242,89.45595751739694,86.99505521117511,88.89469909667969,1046800
2000-09-08,88.07436323261837,89.24005333422654,85.65663561446806,85.82933044433594,1358800
2000-09-11,87.72897240609834,91.48508490576889,87.25406163027793,91.18286895751953,2718400
2000-09-12,91.39877212575253,92.30542031405712,89.58547574914336,90.70799255371094,1905100
2000-09-13,89.2832518700032,90.31942113735333,87.98804028581553,88.76516723632812,1437400
2000-09-14,89.36957691991051,91.01017784887506,88.89466612468394,89.11053466796875,1278100
2000-09-15,88.41978697447448,88.50613442269173,85.8725372520653,86.26110076904297,1441100
2000-09-18,85.6566646658375,85.7430121100571,81.33929245485778,81.90055084228516,2410400
2000-09-19,81.90055797471548,83.88654936471913,79.65552422949398,82.85037994384766,3284700
2000-09-20,83.92973773762331,84.92273360591824,79.39649573018995,81.51200866699219,2067500
2000-09-21,78.74886620123655,78.96473480376187,76.84922249901373,78.23078155517578,2324000
2000-09-22,75.98574433933793,79.78503155630483,75.64035459234094,79.3532943725586,2382900
2000-09-25,80.2167724969561,81.98689503321832,80.17359877655946,80.47581481933594,1337900
2000-09-26,79.52597656594054,79.87136625786644,75.64034253177407,76.59016418457031,2032900
2000-09-27,76.67652542996113,77.19461006124466,73.04993301097649,73.95658111572266,2008800
2000-09-28,73.91342007797377,79.13744100638195,73.91342007797377,78.05809783935547,1891700
2000-09-29,77.0219154671447,80.99389765491225,76.97874174771243,78.79203796386719,2193700
2000-10-02,78.14443830033423,80.73486166940609,78.14443830033423,79.69869232177734,1258700
2000-10-03,79.87137008315253,80.73484435432175,78.05807411369717,78.66250610351562,1502600
2000-10-04,78.4034829218683,78.44665664594423,75.03593244394665,75.5971908569336,1757900
2000-10-05,75.81304946583944,80.0872475849272,75.81304946583944,79.3532943725586,1853900
2000-10-06,78.31713386299143,78.48982875574333,72.83407101811827,75.20862579345703,3625100
2000-10-09,73.91339270802405,74.34512981496344,71.62518604124526,72.70452880859375,1612200
2000-10-10,72.74772168076481,73.04993773522496,69.07795530517727,70.9344253540039,2744500
2000-10-11,68.73256415587205,73.22263116102953,66.7033992593105,71.84107208251953,5509500
2000-10-12,71.8410319333996,71.8410319333996,64.97641409841731,65.14910888671875,3723100
2000-10-13,65.14916400721508,70.45953324040755,65.14916400721508,70.11414337158203,2798700
2000-10-16,68.90525313539587,73.26579860323733,68.04177878532825,71.58202362060547,3475400
2000-10-17,71.40934134610654,71.7115574219365,66.48753668259013,68.55987548828125,2111700
2000-10-18,65.96943213015186,70.07093478222282,63.46535682678223,67.69638061523438,4426400
2000-10-19,70.37296472979747,72.23171011270982,68.9897123518162,69.5516586303711,2322600
2000-10-20,69.55167967368621,73.52853146360486,68.98973322511074,72.57754516601562,1707400
2000-10-23,72.40462404987738,72.70721053844403,70.02715878256798,70.84846496582031,2019600
2000-10-24,71.66977778412355,73.65820346450334,68.47100603742564,69.94071197509766,1904000
2000-10-25,68.73034560889529,69.42197172823008,66.22320092630666,66.52578735351562,2166600
2000-10-26,66.52582415623719,67.7793971910201,62.851558364632155,64.27803802490234,2352000
2000-10-27,65.01288498088877,66.22323124383085,63.54317880445911,64.32125854492188,2097000
2000-10-30,64.14832985833519,68.08195385908216,64.0618765835935,66.74192810058594,1803800
2000-10-31,66.05034207969288,70.15687512784133,65.14258214273374,69.0329818725586,1863800
2000-11-01,66.91485445778372,67.60648086044814,65.40192170195527,66.87162780761719,2094600
2000-11-02,67.52003549148213,69.16264839076275,66.61227573135338,68.64392852783203,1505800
2000-11-03,68.64391888545475,70.28653155399837,68.64391888545475,69.46522521972656,1658600
2000-11-06,68.03874763483806,68.64392073959519,66.39613492192584,66.43936157226562,1927800
2000-11-07,66.43938291422526,67.08778287760417,64.32127636718751,64.83999633789062,1756700
2000-11-08,63.97545092971524,64.6670774262527,62.678651248707496,63.93222427368164,2051000
2000-11-09,63.629658601721935,64.32128532565369,61.7276851109096,63.54320526123047,1845200
2000-11-10,61.55474921950278,63.370268508280255,60.25794972751888,61.68442916870117,2604300
2000-11-13,59.73922348022461,60.81988960685675,57.62111787202562,59.73922348022461,3201700
2000-11-14,62.246368021904665,63.62962064461365,61.036021977034295,61.46828842163086,2167100
2000-11-15,60.344393802301326,63.80252525228994,60.21471387292675,62.28959274291992,1851400
2000-11-16,62.289599081627415,64.58061140038262,61.46829277867743,63.24058532714844,1223400
2000-11-17,63.067705358826075,63.154158690366614,59.82570542605571,60.9063720703125,1398800
2000-11-20,60.86310696889119,60.99278688430786,57.23206933722438,57.40497589111328,1663000
2000-11-21,56.71332190385463,58.61529306526439,55.07071044627347,58.226253509521484,2066800
2000-11-22,57.31854077444308,57.4914473831141,54.81139494871329,55.286888122558594,2296900
2000-11-24,55.84882255273363,57.05916855232847,55.805595909890954,56.3675422668457,1086200
2000-11-27,57.05914306640625,57.75076904296875,56.06493072509766,57.05914306640625,1883700
2000-11-28,57.92371601791856,58.26952924787628,55.67593002319336,55.67593002319336,1701300
2000-11-29,56.454024440023154,57.31855773925781,55.416584480941566,57.31855773925781,2329300
2000-11-30,56.6269133406687,57.01595320331452,53.255234531071636,56.79981994628906,2514000
2000-12-01,56.79980548416697,59.047590784910255,56.497219001374596,56.71335220336914,1380900
2000-12-04,55.675933184609136,57.361772776379134,55.50302655981221,56.54046630859375,1601500
2000-12-05,58.09661091549296,62.15991554797535,57.66434446522888,61.3818359375,3981000
2000-12-06,60.69023895263672,64.40773222181532,59.60957230461968,60.69023895263672,3785000
2000-12-07,60.647013585119794,61.33864025465786,58.52890690965944,59.39344024658203,1555400
2000-12-08,60.863151705994895,63.67288527196767,60.863151705994895,63.54320526123047,2063500
2000-12-11,63.37028981248538,66.65551629662514,63.19738315542539,66.39615631103516,3869700
2000-12-12,66.05033041932762,66.09355707536122,63.45673105731214,63.93222427368164,1789200
2000-12-13,64.4077219408612,65.96388166560683,63.499962101426235,65.05612182617188,2573500
2000-12-14,63.19737782454474,63.71609775196918,59.91215161752326,60.474098205566406,3131400
2000-12-15,60.17151279353202,60.17151279353202,58.0101797190517,59.955379486083984,2963100
2000-12-18,61.55475142045455,62.85155095880682,59.39341885653409,59.4366455078125,3077600
2000-12-19,60.344448383037864,65.70455697866586,59.82572819636418,61.81415557861328,6007800
2000-12-20,60.69021663665771,64.40770853890312,60.69021663665771,62.246376037597656,3840500
2000-12-21,62.2463686318496,65.66127357762468,61.33860908930179,64.88319396972656,3072000
2000-12-22,66.05033385188123,69.55169317256342,65.05612071144061,68.34134674072266,2642900
2000-12-26,68.12520150219171,70.93493379765013,67.34712178960324,70.41621398925781,2198000
2000-12-27,69.50847085590011,71.19431063412158,69.16265756805981,70.45945739746094,1782500
2000-12-28,69.85425096687665,74.34982157365583,69.85425096687665,74.09046173095703,2483600
2000-12-29,74.13370677562293,74.95501314806422,73.52853365908723,73.96080017089844,2075000
2001-01-02,72.18849943165768,72.96657906625039,67.43356833136885,69.33554077148438,3202400
2001-01-03,69.20586790357318,79.88285064697266,68.38456153869629,79.88285064697266,7355200
2001-01-04,78.67251487106019,80.74739438414309,76.77054198406753,77.98088836669922,5867200
2001-01-05,75.38729465878023,76.77054777178537,73.13950835014688,74.60921478271484,4328600
2001-01-08,73.65818483596964,74.22013108178395,70.97813350977825,73.57173156738281,2169500
2001-01-09,74.43627081167726,75.04144374510552,71.45363278263792,72.44784545898438,2295200
2001-01-10,70.71880068097796,75.3440523147583,70.71880068097796,75.04146575927734,2716200
2001-01-11,75.04146040834452,77.54860597498276,74.34983404513397,76.42471313476562,3674000
2001-01-12,76.38149802109291,76.68408460068976,75.2143783569336,75.2143783569336,1806000
2001-01-16,75.25760440392928,78.15379021384499,74.7388845573772,76.07891082763672,2267800
2001-01-17,75.90600421211936,79.45058983022516,75.60341763496399,76.07891082763672,3212700
2001-01-18,75.81584025538244,76.07548354392827,74.25798052410747,74.43107604980469,2583900
2001-01-19,74.77722491197183,76.85437004841549,74.64740334094411,76.81109619140625,2760600
2001-01-22,76.8110835881523,79.62388383222549,76.76780973824349,78.32566833496094,2783800
2001-01-23,79.1046160993905,80.48937961972993,78.93152065934807,80.3162841796875,3270900
2001-01-24,79.62390434451218,83.0858132290562,78.9315225676034,81.614501953125,5110600
2001-01-25,81.61448147930676,81.61448147930676,78.32566886402188,78.62858581542969,2724100
2001-01-26,78.23915257259026,79.62391633493698,77.24385361840355,79.40754699707031,2446000
2001-01-29,79.27770652943454,81.52794710778093,79.27770652943454,80.25396728515625,1630200
2001-01-30,80.9394278588451,82.1857118428737,78.97306093644583,82.13032531738281,1700000
2001-01-31,82.13030791183483,82.91269722404061,78.29451318507053,78.75840759277344,3500600
2001-02-01,79.55465922152439,82.0472323111967,79.27770548212676,81.83951568603516,2579800
2001-02-02,81.42410088121876,82.28957815521652,78.89690618465447,78.9038314819336,2158900
2001-02-05,78.7584670286625,78.93156256059362,77.02751170935123,77.61603546142578,2540100
2001-02-06,78.20450112413724,78.20450112413724,75.0195467588416,75.43497467041016,2246600
2001-02-07,75.74659249384442,76.12739942757537,72.06312043414886,72.83858489990234,3138200
2001-02-08,73.184723226648,75.0887723721918,72.90777484962116,73.35781860351562,2716600
2001-02-09,72.76935067792691,75.46964166557153,71.38458661066872,74.60416412353516,2742100
2001-02-12,74.56952173755074,75.81581115722656,73.04628380901737,75.81581115722656,1952500
2001-02-13,76.09276179140537,76.61204814764909,72.7000898741222,73.32323455810547,2213400
2001-02-14,73.66945443909762,73.73869159067277,71.58538289721251,72.18083190917969,2401000
2001-02-15,73.35785037751049,74.95033064743527,71.79999131093562,74.22332763671875,3020000
2001-02-16,72.35390964752348,72.90781728890748,70.13828964689701,70.27676391601562,2620200
2001-02-20,70.69217861543257,70.69910391231315,65.32621982544818,66.4686508178711,3273600
2001-02-21,66.46861082063107,68.26880130719971,64.8138197863385,65.36080169677734,4273900
2001-02-22,65.3677666166384,67.50722378882966,63.18676294543162,67.29950714111328,4517900
2001-02-23,66.6071085716269,67.23025307527068,62.48744011731664,66.49633026123047,4350600
2001-02-26,66.57251238377413,68.19960858801255,64.1353254435714,68.0611343383789,3882100
2001-02-27,67.68033386554453,69.58438417889744,66.82178174879277,68.08883666992188,4132200
2001-02-28,67.2302771831621,67.23720248081159,63.19368969356896,63.52603530883789,4745600
2001-03-01,61.89892193148327,63.560638984617945,60.37567909842111,63.42908477783203,5330800
2001-03-02,62.52206501942478,64.80692129171685,61.69120387112995,63.28368377685547,4105500
2001-03-05,63.2836543731654,64.39146344038082,61.428072204660715,63.802940368652344,2837300
2001-03-06,65.0492574156606,67.50721451881404,64.63382945972775,66.01859283447266,3156800
2001-03-07,65.85241414535032,66.22630084180678,64.14915604979477,65.74163055419922,3780200
2001-03-08,65.67241800665109,66.26094152795326,62.76441632347893,63.52603530883789,3078300
2001-03-09,63.42908142124712,63.436006716620135,60.1679645843015,60.23720169067383,2968600
2001-03-12,59.579425450881836,59.89099498812861,56.47755425322971,57.11454391479492,4860800
2001-03-13,58.679342030778955,60.756486881426,57.81386500967602,60.59031677246094,4596400
2001-03-14,58.78319644972201,60.85341586846535,57.54383280341451,58.097740173339844,6390800
2001-03-15,59.544809053467525,62.25202325647522,59.44095077188394,60.89495086669922,4706900
2001-03-16,62.660519318184,63.0067100326491,60.27180550135521,60.61799621582031,4385300
2001-03-19,61.62198368782807,63.387559490741914,61.10269730843626,62.965206146240234,3205100
2001-03-20,63.699086540787206,64.04527722850888,60.2787208557129,60.27872085571289,7271300
2001-03-21,60.30642855292056,61.96814523584702,58.7485701531367,58.8524284362793,5204200
2001-03-22,58.67935942261711,61.27579125547628,56.08292758975795,59.48252487182617,5776900
2001-03-23,60.583370484971596,62.23123626048057,60.16794271527907,62.182769775390625,4026900
2001-03-26,62.18279284857922,64.04530113410729,61.324241101651985,61.78813552856445,3292600
2001-03-27,60.756477233560325,64.7376708984375,60.51414476262336,64.7376708984375,3700100
2001-03-28,63.69910210114836,63.69910210114836,59.891003605971015,60.4102897644043,4127400
2001-03-29,60.015648106680686,62.072022674176935,59.54482832259921,60.99882888793945,3472000
2001-03-30,60.8603512851528,61.947390321397336,58.92168045043945,58.92168045043945,2855900
2001-04-02,58.92166325016493,60.37566331052511,58.16004467401927,58.27082824707031,2939800
2001-04-03,58.22929169082727,58.783199085590084,56.06906447264756,56.29754638671875,3203600
2001-04-04,55.80596282152882,56.602202816725665,53.313389809026006,53.68035125732422,6130100
2001-04-05,55.39052918899891,59.54481887817383,55.32129208400316,59.54481887817383,5193500
2001-04-06,58.16008300636574,59.240197143241225,57.356917419747056,58.29855728149414,4452100
2001-04-09,59.37174828847249,60.41032114483061,57.1976695317592,58.16007995605469,2884500
2001-04-10,59.2678680442609,61.95431222071894,59.205556231484636,60.798030853271484,2955000
2001-04-11,63.35294417740172,63.66451392103001,61.9681803702454,63.21446990966797,3427000
2001-04-12,62.03741167622192,65.08389282226562,61.69122075695455,65.08389282226562,3024400
2001-04-16,65.08390663243608,65.25700212879894,63.546817779541016,63.546817779541016,2725300
2001-04-17,62.86828662105787,65.43009786358103,62.69519112406427,64.46076202392578,2838900
2001-04-18,65.94936853649993,70.96913674531488,65.84551020672329,68.995849609375,5979300
2001-04-19,67.957227683787,69.16196970272941,66.12241612742596,67.63873291015625,3918600
2001-04-20,66.20376217026359,66.862331510828,65.51052905853308,66.31468200683594,2297300
2001-04-23,65.16392586519888,65.68385080561269,64.12407598437123,64.44296264648438,2063400
2001-04-24,64.26270341792684,64.9836664447781,63.18819533372388,63.36150360107422,2786500
2001-04-25,62.39102858162552,64.67870174519966,62.18305637077223,64.345947265625,3109700
2001-04-26,64.34590996516697,66.61971417581557,63.430842287980326,64.11714172363281,4163200
2001-04-27,63.777466640485606,65.64226599885095,63.74280285825293,64.42910766601562,4054700
2001-04-30,65.9126437960298,65.9126437960298,63.084249788893565,63.15357208251953,2716800
2001-05-01,62.390996211159575,64.54001835619835,61.89880120905668,64.22806549072266,3781600
2001-05-02,65.44122046547496,68.28347575907804,65.12926232670814,67.93685913085938,4391200
2001-05-03,66.6543934790358,67.070332467556,65.95422625350693,66.55040740966797,3092900
2001-05-04,65.16394862936981,67.79823802996764,65.02530404573913,67.38229370117188,3000400
2001-05-07,66.6890456388977,68.07551232817998,66.33550044117521,66.55733489990234,2135600
2001-05-08,66.61972674623857,66.93168494054373,65.87103342664736,66.03047943115234,1935100
2001-05-09,65.81554911479864,66.65436049172187,65.47586110371222,65.62144470214844,1931800
2001-05-10,66.4879911103455,67.69421525882849,65.50359605986384,65.51746368408203,1935600
2001-05-11,65.4412515389929,67.2436578037779,64.12410666855108,64.36673736572266,2591600
2001-05-14,64.05476645795845,65.33724717495515,63.97157654692286,65.23326110839844,1616200
2001-05-15,65.24019026513811,66.34242874066786,64.60934538496649,65.75318145751953,2560400
2001-05-16,65.57983259316178,69.28862762451172,64.1240445318498,69.28862762451172,3089700
2001-05-17,68.80338872479048,69.73925240028495,67.83286127692804,67.90218353271484,2270500
2001-05-18,67.86754148691273,67.86754148691273,67.07032212990416,67.41693878173828,1977200
2001-05-21,67.76356055601589,70.702868504854,67.24363553896207,70.6404800415039,2332600
2001-05-22,71.12572471522641,72.8934714772116,70.92468645409852,71.60405731201172,2288500
2001-05-23,70.9108478239761,70.91778163914674,68.76875378605945,68.83808135986328,3134600
2001-05-24,68.63010540025898,69.49664713511073,67.97153579735206,69.21935272216797,1817000
2001-05-25,69.25401599554668,69.25401599554668,67.60411715964848,67.90914154052734,1234800
2001-05-29,67.59026811164212,67.6595904057611,66.00276271824315,67.16046142578125,2251400
2001-05-30,66.23845859071507,67.07033661924918,65.4412390614815,65.69080352783203,2355000
2001-05-31,65.54521561307853,66.44641579821413,65.50361801543019,65.9264907836914,1893200
2001-06-01,66.19683304138758,67.03564453125,65.09459485445284,67.03564453125,1920900
2001-06-04,66.68903240278527,67.17429882109118,66.0304629716661,66.90393829345703,1198400
2001-06-05,67.31293591902161,68.03389900947185,67.243613663756,67.48624420166016,1376800
2001-06-06,66.75839586692008,66.75839586692008,65.64228938004837,66.23153686523438,1962000
2001-06-07,66.23148848547343,67.29213424183453,65.55211774621773,67.17428588867188,1536900
2001-06-08,67.17431526435317,67.17431526435317,66.0304791349342,66.10673522949219,924900
2001-06-11,65.99581169270311,66.30776986831854,63.7081448496099,63.784400939941406,2673700
2001-06-12,63.22286819451435,63.74279311482763,62.43258273875416,63.68040466308594,2592500
2001-06-13,63.472421451401274,64.45681648087887,61.746272499495426,61.80866622924805,2178300
2001-06-14,61.73243011706209,62.00971921774433,60.311299675788,60.318233489990234,2714200
2001-06-15,60.138001563901966,62.39101026802509,59.652740266286806,61.8988151550293,3025300
2001-06-18,61.559090832827955,62.30777843276165,61.00450233240871,61.45510482788086,1799400
2001-06-19,62.737607684733135,63.43084091881858,60.83121629099815,61.12930679321289,4292900
2001-06-20,60.727241032646646,61.69776879051228,59.916159274074616,61.281829833984375,3849500
2001-06-21,60.831213551182906,64.8242382805767,60.831213551182906,64.47068786621094,3880900
2001-06-22,64.05474712527598,64.36669994184305,63.146608059651754,63.84677505493164,2606300
2001-06-25,64.3667281162268,64.3667281162268,62.80695277275303,63.049583435058594,1260700
2001-06-26,61.697755589355076,62.598960876464844,60.657905776051344,62.598960876464844,3260600
2001-06-27,61.7047124846732,63.43086233956473,60.657928466796875,60.657928466796875,3496800
2001-06-28,61.073885233394115,62.287044155182684,59.78447018483401,60.034034729003906,3007200
2001-06-29,60.311270482656106,60.477644920323506,58.578187997522306,59.479393005371094,4347900
2001-07-02,59.58337014179558,59.58337014179558,58.5435207132201,58.64750671386719,2441400
2001-07-03,58.64755219538347,59.02883273045882,58.05830478668213,58.23161315917969,1789700
2001-07-05,58.05830478668213,59.19520728714997,57.88499641418457,58.23161315917969,2055300
2001-07-06,58.05832238424919,58.05832238424919,56.63719118344143,57.60771942138672,2206600
2001-07-09,57.26106507530033,57.4690371647293,56.32520125076984,56.782737731933594,2765400
2001-07-10,57.018443313644326,57.4343822678686,56.24895386830158,56.567840576171875,2444600
2001-07-11,56.32520996028695,56.81047119205681,55.45866826859022,56.567840576171875,2863700
2001-07-12,57.88495812251493,60.20728771993994,57.593801518671434,59.99932098388672,3151600
2001-07-13,59.61806366058786,61.00453025734571,59.35463691122598,59.722049713134766,1880300
2001-07-16,59.54873396998192,60.4083416719761,56.84512338532878,57.815650939941406,2713000
2001-07-17,57.46903279829345,59.943875087502626,56.60249130642819,59.514068603515625,2687400
2001-07-18,58.12762707789079,58.994168940378586,57.05311834177701,58.23161315917969,2376100
2001-07-19,58.92482711608152,59.27144374617611,56.60249675223772,57.538360595703125,2470600
2001-07-20,57.43438560416974,58.09296050148561,56.879802062639136,57.50370788574219,2190000
2001-07-23,58.05829074816884,58.90403624768768,56.56090423316161,56.66489028930664,3210700
2001-07-24,56.35986335753724,57.233333413759894,55.97858296787275,56.74113845825195,2487700
2001-07-25,56.81047169780578,57.6770133972168,56.25588818355321,57.6770133972168,1863500
2001-07-26,57.399715796948584,58.92482684681557,56.70648253992722,58.675262451171875,2567400
2001-07-27,58.67526228910863,59.75824521874758,58.03658344371856,58.88352966308594,1770100
2001-07-30,58.21014733376506,58.83494426131889,56.96749713798026,57.40485763549805,2174700
2001-07-31,57.238252309326555,58.93908900264756,56.97445146671837,57.73115158081055,2308100
2001-08-01,57.96716347866428,59.633286602013584,57.89774278528711,59.25146484375,2082200
2001-08-02,59.668011228258514,60.7440508184846,59.661072864473965,59.91099166870117,2010800
2001-08-03,59.772108698516675,60.04979667886656,58.90433707020935,59.3555793762207,1420400
2001-08-06,58.90439163179269,59.04323839880657,58.10603993496631,58.27959442138672,1228500
2001-08-07,58.092143219624376,58.43925210470902,57.460402506468924,57.99495315551758,1744000
2001-08-08,57.55060994650977,58.279534866724475,56.78697204589843,56.78697204589844,1921200
2001-08-09,55.95394484815974,56.06502222104637,54.80848459845451,55.57212829589844,3954300
2001-08-10,55.40549433189947,56.0927734375,54.53078413715889,56.0927734375,2591000
2001-08-13,55.64153544985637,57.33542260201294,55.5026887675751,57.06467819213867,2396800
2001-08-14,57.06465254950852,57.89771637947164,56.43986129760742,56.43986129760742,2258600
2001-08-15,56.57874117877457,57.043865755351376,56.09972928251633,56.82171630859375,2309300
2001-08-16,56.439875861038495,56.821692247226835,55.50962180534399,56.301029205322266,2545200
2001-08-17,55.57212656521853,55.64154727288038,53.48947355660013,53.62831497192383,4275400
2001-08-20,53.635249235454026,54.1906200959158,53.635249235454026,54.03789138793945,2560400
2001-08-21,54.03092692007065,55.32217135903831,52.34397888183594,52.34397888183594,3768800
2001-08-22,52.3509449418484,53.801856994628906,52.10102621467273,53.801856994628906,4084400
2001-08-23,53.642182984514534,54.13508206203656,53.315905214075585,53.940696716308594,2108800
2001-08-24,54.14894238578008,56.57870262103945,54.07952172406407,56.43986129760742,2903600
2001-08-27,56.43985884340014,57.48118461323072,55.88448298090779,56.856388092041016,2368800
2001-08-28,56.85644151998915,56.946687931454505,55.8914791568884,56.266357421875,3512900
2001-08-29,56.26632780420457,56.61343653761371,55.39855597068173,56.0927734375,2578800
2001-08-30,55.57210852386316,55.74566288490401,54.49606936682639,55.26665115356445,3152600
2001-08-31,55.32913869251504,56.50931174967407,54.850132166633934,55.60682678222656,2008900
2001-09-04,55.502696952118924,56.54402338871748,55.016746733623656,55.27360916137695,2620700
2001-09-05,55.9886128237492,56.509275673387684,54.21835701639581,54.530757904052734,3372100
2001-09-06,54.14897061060193,54.70434678673046,53.211777947787304,53.524173736572266,2891400
2001-09-07,53.52416479582984,53.73243215120374,51.37209174162126,51.705318450927734,3726700
2001-09-10,51.70532243361713,53.288137507709415,51.02498694392275,52.89937210083008,2558900
2001-09-17,50.19191557068955,50.19885393060803,47.60942623028483,48.17868423461914,5765800
2001-09-18,48.52580714720965,48.59522784197772,46.01273774351338,46.859683990478516,3562500
2001-09-19,47.067946626860596,47.553896737713494,43.92313968413984,46.86662292480469,5888500
2001-09-20,45.644805908203125,46.748609318663526,44.49934584132888,45.644805908203125,3923900
2001-09-21,45.651752188353036,47.38035257967977,43.93703381898815,46.99159240722656,5421300
2001-09-24,48.421672976525244,49.6296100021783,48.289769950252634,48.94927978515625,3071100
2001-09-25,48.94232227203656,50.143320595820235,48.31752560927216,48.61603927612305,3666700
2001-09-26,49.98367320457187,49.98367320457187,48.49110412597656,48.49110412597656,4862800
2001-09-27,48.4910778090467,48.4910778090467,46.46396454482722,47.831573486328125,4743900
2001-09-28,48.31755900575054,50.60847992052256,48.25508194451973,49.532440185546875,3247900
2001-10-01,49.53936864756884,51.71921150051818,49.28944988639987,51.024993896484375,3606900
2001-10-02,51.09441375732422,51.58036925003211,50.28218044511263,51.09441375732422,3034600
2001-10-03,50.92084732010117,53.420029003356326,50.594564281279716,53.23953628540039,3492500
2001-10-04,53.246471860159424,55.53739137287381,52.98961481479324,54.84317398071289,6241700
2001-10-05,54.8501593044146,54.8501593044146,52.67725382657592,52.93411636352539,5424500
2001-10-08,52.9410185096277,53.1770498748684,51.61506078084934,52.27457046508789,3023300
2001-10-09,52.343984357055916,54.253081891125575,52.06629638371791,54.1003532409668,2759300
2001-10-10,54.10035401924384,56.370442243789654,53.66299903005362,56.030277252197266,3811500
2001-10-11,56.925835095706816,59.25146266532495,56.925835095706816,58.21013641357422,6393700
2001-10-12,57.51593558199787,58.106019569719564,56.05807946631466,57.48122787475586,3623000
2001-10-15,57.30766699101724,59.07097509543795,56.592618389130564,58.59196853637695,3382300
2001-10-16,58.73078322616608,60.049797171301236,58.03656591782734,58.48780822753906,3315600
2001-10-17,59.425056802604715,59.75134009390665,56.96752456853484,56.97446823120117,3978900
2001-10-18,57.06469319484407,57.93246532552272,56.09973100924626,56.516265869140625,3086300
2001-10-19,56.266346204564634,56.27328456805137,54.94733152697068,55.363861083984375,3832200
2001-10-22,55.363857437374214,56.88419578161895,55.1972466848349,56.64815902709961,4297200
2001-10-23,56.65510268658968,57.62006479375624,56.50931761606023,56.64815902709961,2332100
2001-10-24,56.655076437601565,56.821687112948126,55.64151977651835,55.88449478149414,2523500
2001-10-25,55.41172384502888,56.663182764017115,54.681710562590204,56.593658447265625,3672800
2001-10-26,56.419850274321355,57.87988227996995,56.398993507783864,57.78950119018555,2734200
2001-10-29,57.78953379124196,57.78953379124196,56.2113037109375,56.2113037109375,2224900
2001-10-30,55.75935891148225,56.55890193230826,54.99458070631369,55.65507507324219,2467000
2001-10-31,56.419876743038735,56.66321464074495,54.22982505494609,54.341068267822266,3360800
2001-11-01,54.577445400666136,56.17653190994865,53.750091346239266,56.10700225830078,3166800
2001-11-02,55.96792586306308,57.3236685293043,55.82887723732323,57.18461990356445,2721800
2001-11-05,58.22751914576359,59.37468924055347,57.935513755632854,58.894962310791016,3141900
2001-11-06,58.6794405746808,60.20899730281988,58.401337904737176,60.13947296142578,3426500
2001-11-07,59.79183968680246,60.94596378964372,59.47897753111819,60.834720611572266,3268700
2001-11-08,60.97378038259871,61.73856411018382,60.19509921177408,60.278526306152344,2934000
2001-11-09,60.00040717531104,61.008523099076555,59.37467767239608,60.389747619628906,1373300
2001-11-12,60.3897783933769,61.25189208984374,59.444232285883544,61.25189208984375,2217300
2001-11-13,62.53809945243043,63.615745347829154,62.46162108285414,63.30288314819336,3791200
2001-11-14,64.48480537289478,64.48480537289478,62.99000828450958,63.61573791503906,3968800
2001-11-15,62.35728824507876,63.059490462431356,61.34221876944251,61.668983459472656,4265000
2001-11-16,61.59950982320767,61.773323341503605,60.834731403579056,61.008544921875,2354900
2001-11-19,61.70378302735713,62.95524215698242,61.52301552988542,62.95524215698242,2483500
2001-11-20,62.607614695481715,63.434963214695316,62.01664464757259,62.3990364074707,1912900
2001-11-21,61.80806911732154,62.08617172175581,60.83471265398459,61.28662872314453,1806400
2001-11-23,61.7385588637492,62.850964230659585,61.627315674874566,62.67715072631836,837500
2001-11-26,62.60764039784465,63.9216703604116,56.17653929785686,63.57404327392578,1847400
2001-11-27,62.81618324156281,63.23333448374954,62.32950767640593,62.572845458984375,2477900
2001-11-28,62.294735263166636,62.42683517375063,60.13944968782848,60.354976654052734,3780000
2001-11-29,60.35500285419594,62.294762305360585,59.63889202580522,62.120948791503906,3860100
2001-11-30,61.703761507955825,62.120912637559265,60.869459248748946,61.8775749206543,2567900
2001-12-03,61.18233205774638,61.18233205774638,59.478962434702986,59.79877853393555,2880100
2001-12-04,60.48708232411825,60.95290111034818,59.631917791821884,60.60527420043945,2795000
2001-12-05,61.98190220935335,64.2414779663086,61.70379951685456,64.2414779663086,4415900
2001-12-06,64.24145909258209,66.16730999186267,63.9981212972746,65.28433990478516,4878900
2001-12-07,65.1452931793758,65.15224720411834,63.407158299409886,63.69221496582031,3220700
2001-12-10,63.61573323994877,64.10240885883569,63.19858195170763,63.511444091796875,1429700
2001-12-11,63.518417684761985,65.0757854493564,63.17079062007059,63.838233947753906,2705000
2001-12-12,63.85906705794261,64.51956141871005,63.12905367524102,64.47089385986328,2383700
2001-12-13,63.34455999030199,64.67249169335368,63.09426825387137,63.26808166503906,2442800
2001-12-14,63.33763363631136,63.789549763630035,61.52997443140335,62.33647155761719,3337900
2001-12-17,62.3364763047961,62.920487119811966,61.66902779568214,61.97494125366211,2026800
2001-12-18,61.97490106571867,63.16378400052122,61.66898780610972,63.129024505615234,2279700
2001-12-19,63.02476747986948,65.6875912061414,62.711900040343465,65.63892364501953,4382000
2001-12-20,65.35391382742873,65.86840059999548,63.970359051837654,64.1789321899414,3428700
2001-12-21,64.1789321899414,64.46398904103106,63.35158305803395,64.1789321899414,2180000
2001-12-24,64.17891790708462,64.49178550116756,63.97034481539828,64.2901611328125,758000
2001-12-26,64.24840558315341,65.14527830864373,64.03287330026791,64.5195541381836,1253200
2001-12-27,63.824332849861655,64.62387087583694,63.824332849861655,64.04681396484375,1705200
2001-12-28,64.45004939118725,65.2078790766331,64.1997575046517,64.84634399414062,1392600
2001-12-31,64.67950310822164,65.21485186010257,64.46397598452283,64.48483276367188,1228700
2002-01-02,64.51957181618647,64.52652053688003,62.06532079778793,63.31678009033203,3592600
2002-01-03,63.316773737234165,64.4152761944269,63.108195441282895,64.2762222290039,2645700
2002-01-04,65.59719785128163,67.28666487168665,65.59719785128163,67.26580810546875,5745900
2002-01-07,67.6134219256767,67.6134219256767,66.08386591645613,66.57054138183594,3136700
2002-01-08,64.83241445180532,65.04099270583609,64.10239586706298,64.31097412109375,5830800
2002-01-09,64.65863598632812,66.06304703619517,64.5891116321627,65.1800765991211,5142100
2002-01-10,65.18005555675876,65.4929177016846,64.38051248105589,64.65861511230469,3104600
2002-01-11,64.6933858318221,64.6933858318221,63.06648873844567,63.37240219116211,3635000
2002-01-14,63.268139718405216,63.2750937464548,62.023633915991404,62.55202865600586,3127400
2002-01-15,62.711899402545384,63.26810464202398,62.22522379627633,62.503326416015625,2779700
2002-01-16,61.87759956153577,62.39904000727904,61.20320240300915,61.62035369873047,3356600
2002-01-17,62.27479847615057,63.35390558603106,62.03113067082395,62.56024169921875,3029000
2002-01-18,61.961488276722356,62.518447599338465,61.41149240631733,62.107688903808594,2703600
2002-01-22,62.135539548076366,62.40705576655509,60.402011696660374,60.55517578125,3138900
2002-01-23,60.63872206735426,61.529852854772095,59.71974277888481,60.7431526184082,3026600
2002-01-24,61.25833888120176,62.30263380735993,59.21848257964379,59.524810791015625,4284200
2002-01-25,59.448223753595826,61.73871107030513,59.42037525384626,60.77796173095703,4547500
2002-01-28,61.61339076005185,61.93364051531603,60.49947741314214,61.16086196899414,2791500
2002-01-29,61.82223861182126,61.82223861182126,58.23682631179515,58.81467056274414,5562400
2002-01-30,58.814715500240794,59.935587604522034,56.809665061188944,59.87293243408203,6734500
2002-01-31,60.22099911382191,60.70833455428169,58.940000063723105,60.55517578125,4017700
2002-02-01,60.21404047077001,60.221003923777886,59.27417615392446,59.4551887512207,2869400
2002-02-04,58.61971529185222,58.82857626712684,56.73998776060163,57.43618392944336,4878400
2002-02-05,56.94887630410312,57.47798182423632,56.05774031489169,56.41976547241211,3495300
2002-02-06,56.46152300283867,57.29696181095859,55.77229010259612,57.01848220825195,4392100
2002-02-07,57.08810497354497,58.041895956604975,55.81406428289827,56.46849060058594,4107300
2002-02-08,57.01849226948016,58.828602039142254,56.83747969904668,58.34126663208008,3830700
2002-02-11,57.853933088774106,59.16278602131266,57.50583480868334,59.0722770690918,2537800
2002-02-12,58.96786890973541,58.97483236521718,58.1185132455674,58.1324348449707,2249600
2002-02-13,58.306467203887394,59.4482292412239,58.29254560850663,58.88431167602539,2525500
2002-02-14,59.49000403420078,60.221012671015956,58.89823791997661,59.253299713134766,3575400
2002-02-15,59.25330210340072,59.25330210340072,57.512810337495544,57.61724090576172,3673000
2002-02-19,57.61722912332972,57.62418726464771,54.40776253839551,54.66535186767578,6216300
2002-02-20,54.65142604366759,56.11343765258789,53.96915112667393,56.11343765258789,5059900
2002-02-21,55.765342175953975,57.64507603384161,55.06914563115665,55.32674026489258,3944600
2002-02-22,55.33372668300599,55.34764828259432,54.1293038235435,54.999549865722656,4342500
2002-02-25,55.486881264882605,57.08813598418493,54.84638150178564,57.06028747558594,3690900
2002-02-26,57.060259388120045,57.61025521120909,56.21786233601371,56.67039108276367,2792900
2002-02-27,57.12294028521616,57.923562225910075,55.86978412416266,56.31534957885742,3410600
2002-02-28,56.53115834263423,57.436215991979616,56.14825342295596,56.35015106201172,2704600
2002-03-01,56.740025894422416,58.24381317933202,56.287497018228756,58.111534118652344,3703200
2002-03-04,58.79380482343448,62.309600021920595,58.68937957543815,62.03112030029297,4760300
2002-03-05,61.96151212355325,63.01972886992537,61.33493397235142,62.32353210449219,4597900
2002-03-06,62.72725847302576,63.70193393433179,61.82220686089112,63.26333236694336,5212700
2002-03-07,63.63233457405377,64.22410028947769,62.17032359725482,62.62981033325195,3274000
2002-03-08,62.79691292647657,63.77158894523519,62.0450248540006,62.85957336425781,3537500
2002-03-11,62.859596922115756,63.7019942413631,62.40706803185985,63.14503479003906,2281900
2002-03-12,62.17034962569063,63.08236534174129,61.95452509865407,62.51844787597656,2705200
2002-03-13,62.518448968897495,62.518448968897495,61.00769849946234,61.26529312133789,2817500
2002-03-14,61.27225743227352,61.68301083099945,60.708334637190845,61.54377365112305,1857100
2002-03-15,61.92668342479478,62.678577003035585,61.43934794531928,62.657691955566406,1905900
2002-03-18,62.657709511990724,63.35390628434618,61.961512739635275,62.10074996948242,2595300
2002-03-19,63.31907467300195,63.63236631028246,62.86655116063822,63.38869857788086,3836000
2002-03-20,62.9709623225679,63.458302990022105,62.309577866485,62.553245544433594,2511600
2002-03-21,62.30957463697044,63.35386918395877,61.752615420620636,62.90134048461914,2097700
2002-03-22,62.69249778892843,63.24945180945007,62.13553845684894,62.4697151184082,2064000
2002-03-25,62.55324046405989,62.789949983097316,61.23046634776855,61.286163330078125,2448400
2002-03-26,61.30010545204389,62.51844935690461,61.251371908311775,61.857059478759766,2990200
2002-03-27,62.46969466104261,62.57411985399759,61.74564989107016,62.17033004760742,2372600
2002-03-28,62.03109913949346,63.31906143715218,61.933632066906775,62.83172607421875,2696000
2002-04-01,62.23996552401104,62.27477216060095,61.265289403015196,61.59250259399414,2711500
2002-04-02,61.05641285569781,61.43932294199847,60.73616319786281,60.93806076049805,2226100
2002-04-03,61.09126305924958,61.19569363106447,59.93557393786791,60.19316864013672,2619200
2002-04-04,59.94251437409955,60.917190484157565,59.73365862223121,60.25580596923828,2075300
2002-04-05,60.74314047481844,61.174784187487845,59.87289490927663,59.977325439453125,2209900
2002-04-08,59.21152193667041,60.081767671709315,59.141898028620545,59.914676666259766,2538600
2002-04-09,59.768457904125704,60.4646542811372,58.835557308477576,58.89821243286133,2844800
2002-04-10,59.037445395164845,59.58743577033201,57.937454021718565,58.82162094116211,3825200
2002-04-11,58.410895033164664,58.55013222670779,55.93939501108564,56.55900955200195,5272100
2002-04-12,56.91407879289374,57.79128810005747,56.844460186957384,57.784324645996094,5215500
2002-04-15,57.45709428243804,58.09063562479292,56.70520081400288,56.80963134765625,2664100
2002-04-16,57.3317758836397,59.33682503415162,57.3317758836397,58.89125442504883,3260500
2002-04-17,58.91910316123853,60.20010738059272,58.445689366714184,59.211509704589844,2970700
2002-04-18,59.218491422607336,59.52481967972248,57.96534051102254,58.84254455566406,2494900
2002-04-19,59.17669893918618,60.56909185540233,58.92606778934268,60.088714599609375,3567900
2002-04-22,59.52482844067783,59.907738818429095,58.55015182495118,58.55015182495117,2826500
2002-04-23,58.61974112193685,58.72417165559021,56.80963134765625,56.80963134765625,3413800
2002-04-24,57.227359923605555,57.35267552741439,55.340667724609375,55.340667724609375,4664200
2002-04-25,54.999534291712834,55.41725121136345,52.77170717920369,53.75334167480469,5830000
2002-04-26,55.08513469134304,55.74754874008084,54.87594850762288,55.189727783203125,5930300
2002-04-29,55.19669191917007,56.27049852654584,54.01828691935327,54.73648452758789,4251500
2002-04-30,54.56217988029359,55.747554184267265,54.387859816778274,54.91082000732422,3802700
2002-05-01,54.77135005731638,55.60808398941536,53.69056385184931,55.23155212402344,4153900
2002-05-02,55.782427928405255,56.47970827751032,55.64297398651499,56.277496337890625,4576800
2002-05-03,55.9985638365321,56.005538127171256,54.7016224085515,54.77135467529297,3450400
2002-05-06,54.945664782836985,55.14787129644158,52.40059178117659,52.40756607055664,3258900
2002-05-07,52.99331028987725,53.0630372657669,51.59874949277521,52.191436767578125,4740400
2002-05-08,53.39075664377737,55.85215544917675,53.39075664377737,55.43378829956055,4604100
2002-05-09,55.01541224215369,55.50350628437195,54.59704516027716,54.8341178894043,3616700
2002-05-10,54.83414482377115,54.83414482377115,53.16764464984111,53.51628494262695,2895700
2002-05-13,53.44652917912868,54.7295222124603,52.972378423370074,54.46455764770508,2864100
2002-05-14,55.67782389242799,55.85214394551626,54.527310478080246,55.2943229675293,3574300
2002-05-15,55.22458944837695,56.13105583197895,54.82017097737558,55.4058837890625,3011500
2002-05-16,55.524421895473,56.131057600830474,55.364050424287406,55.817283630371094,2797900
2002-05-17,56.270549897146445,56.37514306524818,55.594192092391516,56.13109588623047,3149600
2002-05-20,56.06133164219706,56.117115337441106,55.50350532940865,55.949764251708984,1968800
2002-05-21,56.186836511307085,57.246700012685096,54.917786834215775,55.224586486816406,3338600
2002-05-22,55.05026186425329,55.16880352452954,54.15077521511135,54.52730178833008,3699500
2002-05-23,54.910817897710025,55.3989119288704,54.28326462919958,55.20367431640625,3379600
2002-05-24,54.945688997839596,55.126978043023655,54.22051685762406,54.520347595214844,1150000
2002-05-28,54.597042974557,54.659795640404525,52.860811408546745,53.620849609375,2628600
2002-05-29,53.48139371159997,53.551125993327325,52.86778899911306,53.09789276123047,2049300
2002-05-30,53.09788087885158,53.20247395821032,51.773047619899266,52.35179138183594,3467600
2002-05-31,52.470340689640665,53.6487460566428,52.43547454796287,52.60979461669922,2759000
2002-06-03,52.60979496729565,52.85384732101398,51.1733992936803,51.45231246948242,3018900
2002-06-04,51.45927810668945,52.01709904464523,50.99907064604612,51.45927810668945,4054500
2002-06-05,52.15655196565295,52.81896591186523,51.84974702896947,52.818965911865234,3781800
2002-06-06,52.679518172563014,52.993292116374526,51.13155536746527,51.563865661621094,2711600
2002-06-07,50.72713159824009,52.268120112192456,50.552811558383596,51.563865661621094,3165700
2002-06-10,51.77305359073065,52.71438077386971,51.04090727060825,52.11471939086914,2265700
2002-06-11,52.29601263072217,52.526116363055465,50.27389907836915,50.27389907836914,2176300
2002-06-12,50.27390513341826,50.72713836143757,48.87934462863647,50.552818298339844,4614700
2002-06-13,50.46915376452349,50.838716847577714,49.61150184605862,49.716094970703125,2234200
2002-06-14,48.886331905243686,51.04092590388937,48.80963063152223,50.796878814697266,3239700
2002-06-17,51.0409057477846,52.644652248858826,51.0409057477846,52.533084869384766,3078200
2002-06-18,52.296011854255006,53.70451543280642,51.522030453225995,52.83988952636719,2993400
2002-06-19,52.226285369341745,52.77713733751049,51.61964971127163,51.912506103515625,2671000
2002-06-20,51.49414553994661,51.70333174345152,50.37849820084807,50.6922721862793,3556400
2002-06-21,50.69923754687413,50.83172247374299,48.9142021187788,49.193115234375,4400100
2002-06-24,49.22800278735718,50.25300598500906,48.377319716657574,49.8206901550293,5527100
2002-06-25,50.51793778152468,51.39651213906609,49.75093078613281,49.75093078613281,5773000
2002-06-26,48.356391018684675,49.68122474244868,48.13326152035377,49.36745071411133,5441300
2002-06-27,50.20417095863656,50.901451110839844,49.2767870794481,50.901451110839844,4063800
2002-06-28,50.5528093230683,51.87764263136203,50.5528093230683,51.1454963684082,3451600
2002-07-01,51.42444458189652,51.78702815551199,49.50692291952072,49.60454177856445,3114800
2002-07-02,49.17221117873636,49.78582133182519,48.7468750314733,49.29772186279297,3978400
2002-07-03,48.74685579384614,49.47202243796064,48.18205527857263,48.94906234741211,3413900
2002-07-05,50.02985143881411,51.73818570147759,49.83461384534691,51.563865661621094,2084900
2002-07-08,51.42439820557881,52.289023885857475,50.93630435054022,51.31980514526367,3157000
2002-07-09,50.971173538878304,51.77304670671839,49.38835007456085,49.44413375854492,4185300
2002-07-10,51.14550499892402,51.87765138542343,49.4999231921734,49.890403747558594,11826900
2002-07-11,49.86250907624198,51.075775146484375,48.76080507277463,51.075775146484375,8892300
2002-07-12,50.72714833420022,51.43837199073927,50.287863603969676,51.00606155395508,4583400
2002-07-15,50.95027177382605,50.971189331844975,49.102477897974325,50.86659622192383,5979800
2002-07-16,49.87647267629928,51.006068986998706,49.785828127596005,50.65742874145508,6129200
2002-07-17,53.43258961121549,53.43258961121549,50.015920260406766,51.933441162109375,7505700
2002-07-18,51.940389446284186,53.00025810161726,51.73817759336111,52.71437072753906,8952500
2002-07-19,51.80792762223607,53.690582275390625,49.4790086896951,53.690582275390625,55185900
2002-07-22,51.947354793548584,52.08680865164206,50.09956191477977,50.20415496826172,18432400
2002-07-23,49.89040562465544,50.00196770194432,46.87118076801147,47.2267951965332,14447700
2002-07-24,47.22679458568343,49.70911062129943,45.70672339852138,49.402305603027344,12852000
2002-07-25,48.73988162007097,50.09957573083056,46.92695436578313,48.32848358154297,8214700
2002-07-26,48.54504116780829,48.824438154009414,47.63700229491823,48.600921630859375,5700700
2002-07-29,49.97693452773178,50.78019332885742,49.662611000764755,50.78019332885742,5980700
2002-07-30,50.43094600594467,52.49149348323524,50.32617683122785,51.61838150024414,5524200
2002-07-31,51.62537421166348,52.030494171313144,50.361104281680355,51.094520568847656,5047700
2002-08-01,51.09452571392758,51.81396929583209,50.1026715588564,50.28427505493164,3826900
2002-08-02,49.942010159899084,50.29125498619209,48.71965326787358,49.236534118652344,3932600
2002-08-05,49.23652991619199,49.23652991619199,47.32266992359394,47.53221893310547,4555300
2002-08-06,48.44024954233084,49.928035704118905,48.02115687541046,48.82442092895508,5498900
2002-08-07,49.48798292224575,49.900094522611276,48.1259304486908,49.557830810546875,5223800
2002-08-08,49.66260771980146,52.3168702365888,49.557833217734384,51.89777755737305,5175000
2002-08-09,51.47867783038274,53.001385266301526,51.08053899906258,52.70103454589844,4399600
2002-08-12,52.21208719886799,52.945503264385806,51.54153795593395,52.63117980957031,4323900
2002-08-13,52.54735778081523,54.41232312438995,51.83489563737143,52.240020751953125,7971500
2002-08-14,52.240022087803744,55.00603943114068,51.98157909519267,54.831417083740234,7010600
2002-08-15,55.18067465328215,55.8093163164085,54.34947038042329,55.56484603881836,7417400
2002-08-16,55.28543730400545,55.97694032072535,54.55202129935773,55.55086135864258,5253900
2002-08-19,55.550899732315145,57.255216757961165,55.34135596413148,56.92692565917969,4848700
2002-08-20,56.752285833254284,56.822133734623016,55.76043177827973,56.23540496826172,4701400
2002-08-21,55.844239363461476,55.87916597381613,54.76158372015031,55.795345306396484,5257300
2002-08-22,55.634675464156345,55.87215927526965,54.97110741200622,55.8162841796875,3525000
2002-08-23,55.250534321814165,55.250534321814165,54.13993825439545,54.69174575805664,2529800
2002-08-26,55.07590992216292,55.84424750044574,54.16787654021171,55.704551696777344,2462400
2002-08-27,55.90012969005604,56.396056736253996,54.95716966336828,55.25053405761719,3730600
2002-08-28,54.69175808998289,54.733665776224356,53.29477837201709,53.839599609375,4212500
2002-08-29,52.91058202383254,54.377408974524386,52.7359596409156,54.04911804199219,3967100
2002-08-30,54.04911546623627,55.25051825609931,53.574142394175354,53.99324035644531,2988400
2002-09-03,53.127100528590375,53.15504074327182,51.338969421386714,51.51359176635742,5698000
2002-09-04,51.513597728400825,52.903590263107276,51.171339384780495,52.73595428466797,5099900
2002-09-05,51.19926308831613,51.68121703700582,50.319165159545896,50.912879943847656,7152200
2002-09-06,51.68823533382241,52.037480167159046,50.41698435363918,50.52873992919922,4495800
2002-09-09,50.08170039901721,52.3168702365888,49.795322444356586,51.89777755737305,4644100
2002-09-10,51.86284788260149,51.86284788260149,51.06657024042512,51.276119232177734,2995400
2002-09-11,52.21209600913001,52.561340798488736,51.30405742517628,51.47169876098633,2877900
2002-09-12,51.09450306445814,51.325005856206346,50.333146811758404,50.43093490600586,3514100
2002-09-13,50.32616421120952,51.199275975255134,50.186463131531454,50.98972702026367,3015400
2002-09-16,50.85004352056179,50.85702457943912,50.16552138785061,50.71034240722656,2142200
2002-09-17,51.304044090214575,51.47168538245125,49.37621719095356,49.50194549560547,4528400
2002-09-18,48.54502832443725,49.58577636040909,48.265631412155095,49.18065643310547,5394800
2002-09-19,48.46122436778632,48.46821075849273,46.86866834622578,46.903594970703125,6025500
2002-09-20,47.04327606265567,47.63699118926075,46.30986514004458,47.050262451171875,5547300
2002-09-23,46.17015892144713,46.24000681174444,45.05257668953278,45.869808197021484,6611700
2002-09-24,45.86982334389488,47.84655073346201,45.86982334389488,46.316856384277344,7503500
2002-09-25,46.97342904877678,47.11312484741211,45.05258250774873,47.11312484741211,6753300
2002-09-26,47.11309610557954,47.83952553923435,46.463500913016574,47.52520751953125,4668600
2002-09-27,47.18297953324532,48.11895313693078,46.100318408692594,46.19112014770508,4589500
2002-09-30,46.06538115678115,46.61718851041202,45.04558710936722,46.12126159667969,6261500
2002-10-01,46.44956969990007,48.05609830234529,45.45771550558193,47.811622619628906,5385500
2002-10-02,47.81857753125175,47.81857753125175,45.68120194758418,45.78597640991211,6330000
2002-10-03,45.681209685594624,45.68819607201339,43.83021163442611,43.93498611450195,7632400
2002-10-04,44.179450554483616,44.633469689233124,42.7265914549055,43.34126281738281,6589200
2002-10-07,42.99203452258053,43.55082567195615,41.49028347516648,41.581085205078125,6671000
2002-10-08,42.22369327761094,43.65559630345917,41.07118446938916,43.026954650878906,6731400
2002-10-09,42.11891947145,42.74756113434041,41.10610908769377,41.40645980834961,6286300
2002-10-10,41.399463943220695,43.05488295061473,40.910520867099244,42.66373062133789,6496500
2002-10-11,43.79530103955892,45.499614804990216,43.79530103955892,44.84303283691406,6291000
2002-10-14,44.423934645385756,45.97458231059476,44.291222589125766,45.61137008666992,4544900
2002-10-15,47.49729636056083,48.97110995336719,46.97342912128994,48.8942756652832,8429200
2002-10-16,48.1957966299618,48.4402669963319,47.1480619206148,47.49730682373047,6362800
2002-10-17,49.37623264194294,50.626529693603516,49.06889550572052,50.626529693603516,7545300
2002-10-18,49.487963075496516,50.57062356165469,48.90821570990085,49.278419494628906,6406100
2002-10-21,48.89428161025783,52.2749693807927,48.47518883369495,52.177181243896484,8094700
2002-10-22,50.801150250856374,51.597427957529874,50.39602500948139,50.64049530029297,4943700
2002-10-23,50.18649453031169,51.90477891749823,49.78835552997645,51.87683868408203,4837100
2002-10-24,51.960767498371546,52.40153145041509,50.33065719195994,50.722442626953125,4184700
2002-10-25,50.72244137641747,51.946776168262026,50.372631435890455,51.76487350463867,3831800
2002-10-28,52.40152528738859,52.71635206952708,51.22616378296897,51.47802734375,3720600
2002-10-29,51.415059590153106,51.55498675815436,49.81292954584963,50.63148880004883,6480400
2002-10-30,50.624488830566406,51.03026959300791,50.022815379408435,50.624488830566406,4184800
2002-10-31,50.62450522229119,50.89735660387511,50.029829271087195,50.09279251098633,2815700
2002-11-01,50.09277792058172,51.93977381379991,49.673007097154965,51.3870735168457,3859700
2002-11-04,52.457510453303094,54.57036052505421,51.387087359355235,53.14313507080078,6394800
2002-11-05,53.14313619596423,53.85675160703837,52.75135069195626,53.688838958740234,3444500
2002-11-06,53.68881706460278,53.94068059666362,52.32456071400238,53.55589294433594,5795400
2002-11-07,53.56293574368558,54.920201018310344,51.49206001459955,51.80689239501953,4406900
2002-11-08,51.841841102344524,52.436517036757806,50.95332604801084,51.128231048583984,2810500
2002-11-11,51.13523156775336,51.14222926344283,49.889908618920785,50.21873092651367,3222000
2002-11-12,50.21870995296113,51.128217856338516,49.86890004207377,50.421600341796875,3742600
2002-11-13,50.42162255738928,51.10725263339202,49.77797331880907,50.71546173095703,4128900
2002-11-14,51.35211096296929,52.576446008160154,51.35211096296929,52.46450424194336,3404000
2002-11-15,52.464497772825915,52.91925180107324,51.32411919291165,52.646400451660156,4074800
2002-11-18,52.96122781399592,53.58388913935523,52.43651285413066,52.76533508300781,4271100
2002-11-19,52.77231639926507,53.45094839077397,52.13565988346189,52.52745056152344,2429300
2002-11-20,52.53444686688905,54.500382083875635,52.14266149703565,54.157569885253906,3704200
2002-11-21,54.39545424529301,56.66921921374577,54.39545424529301,55.93461608886719,6904100
2002-11-22,55.276947674865546,56.165462243755115,55.26994998411627,55.34690856933594,3367500
2002-11-25,55.35394534892756,55.89964818389485,54.41645162044494,55.269989013671875,3859400
2002-11-26,55.276968276049125,55.276968276049125,53.597879494609344,53.75179672241211,3379000
2002-11-27,54.15058801552272,56.21446484035587,54.15058801552272,55.717735290527344,3681900
2002-11-29,55.7247302661181,55.969596181878494,55.137046730616525,55.17902755737305,1176800
2002-12-02,55.18600781787528,56.59924280080804,54.682286046294536,55.11604690551758,3595200
2002-12-03,55.12303729747774,55.19299820056972,54.32547125934474,54.92014694213867,3521300
2002-12-04,54.927178614020185,54.927178614020185,52.821320500828044,53.41599655151367,5014400
2002-12-05,53.06615772686686,53.39497986808499,51.80684536150989,52.08668899536133,3153700
2002-12-06,51.1422235399962,52.61142454736932,51.07926029887093,52.1216926574707,4222000
2002-12-09,52.12867415383109,52.12867415383109,50.74342456507964,51.3870735168457,3096700
2002-12-10,51.42907258019604,52.3735586023847,50.771428009664646,51.77188491821289,3444100
2002-12-11,51.778872674400425,52.10069720267713,50.960313297128195,51.40107727050781,2576100
2002-12-12,51.52000653739047,52.25460953221948,51.177194297385725,51.93278503417969,2533100
2002-12-13,51.9397858947812,51.9397858947812,50.841382738120586,51.14221954345703,2396900
2002-12-16,51.142235468061926,52.31759761562932,51.10025996418833,52.14269256591797,3449100
2002-12-17,51.98176822493116,52.99621509161402,51.876824157214344,52.25461959838867,2768200
2002-12-18,51.84183404623175,52.36654897653304,50.86236510880076,51.56198501586914,3051500
2002-12-19,51.56200832208225,51.939803883185284,48.98740568683392,49.18330383300781,7784500
2002-12-20,49.32322764155309,50.65250718453498,49.32322764155309,50.27471160888672,6796800
2002-12-23,49.694015340157506,50.06481314279411,49.22527114956701,49.42816162109375,2713800
2002-12-24,49.43514116751209,49.43514116751209,48.31574513727115,48.532630920410156,2116300
2002-12-26,48.91808216853707,49.50677855939158,48.58869022973415,48.74287414550781,2056700
2002-12-27,48.74990107935137,48.98818688086791,47.320202311033086,47.60053634643555,2594400
2002-12-30,47.83179548799798,48.04905174916186,46.95575527759509,47.754703521728516,3156200
2002-12-31,47.796762919453165,47.971971002511175,47.11696004860625,47.726680755615234,2286100
2003-01-02,47.726658389612844,49.61890800803579,47.6565762586173,48.812950134277344,4025400
2003-01-03,48.81997499533526,49.478753646004755,48.79194106491361,49.32456970214844,2342800
2003-01-06,49.072269003804806,51.469119226266564,49.0582547122485,51.16075134277344,4337600
2003-01-07,50.530017356600105,51.511183832315346,50.1095189661299,50.95051574707031,4606900
2003-01-08,50.9574967313271,50.99954494250059,49.53480855276668,49.703006744384766,3265200
2003-01-09,50.81035071411214,51.72143500361877,50.249682636426975,51.665367126464844,3924000
2003-01-10,51.15374128309297,53.088039671223186,51.02058679969489,52.50634765625,5156300
2003-01-13,52.70257010110037,53.08102006466654,52.00173802344253,52.155921936035156,3096400
2003-01-14,51.79152529174394,52.982938459847055,51.52520550699701,52.35218811035156,2850200
2003-01-15,52.09287465731982,52.24705864403078,51.25187255169465,51.518192291259766,3401000
2003-01-16,51.476126518289476,52.14192036258115,51.26588005187558,51.595272064208984,3552900
2003-01-17,51.602287743804766,51.602287743804766,50.43189891778124,50.866416931152344,4294400
2003-01-21,51.16076670901876,51.40605698686837,49.75910186767578,49.75910186767578,3094300
2003-01-22,49.76608570197885,50.151540123913904,49.0652536472705,49.23345184326172,3137900
2003-01-23,49.7590862144942,50.60008271596902,49.275510285337226,50.40385055541992,3456400
2003-01-24,50.12304875990712,50.48808820722364,48.15041536994733,48.543540954589844,4135700
2003-01-27,48.2627365711784,48.894540739282434,47.518614637556546,48.01703643798828,3978400
2003-01-28,48.02406487186114,48.81732694609235,47.57477767765522,48.47334671020508,3276600
2003-01-29,48.480356070801186,49.14726255532057,47.38523241334612,48.796260833740234,3779200
2003-01-30,48.803296498456305,48.97879742932165,47.216771939655175,47.3150520324707,3152200
2003-01-31,47.13253075598156,48.33295651073714,46.99914833127644,47.806453704833984,4561800
2003-02-03,47.80644522736476,48.96475226612298,47.80644522736476,48.61375045776367,3164500
2003-02-04,48.62077066400465,48.62077066400465,47.062321820568165,47.3992805480957,3723200
2003-02-05,47.406285161136545,48.42419322769901,47.32204818725586,47.32204818725586,3566500
2003-02-06,47.32908414766953,47.66604825162197,46.697279800172915,46.788543701171875,3651600
2003-02-07,46.79556362164995,47.56074499241125,45.97421532032916,46.12163543701172,3519900
2003-02-10,46.12164988622729,46.50775413840122,45.40560833003518,46.14973068237305,3764900
2003-02-11,46.542837226392464,47.0061567815474,45.5108911571838,45.66533279418945,3837700
2003-02-12,45.67235481376477,46.36734226916151,44.956313462102834,45.13883590698242,3376400
2003-02-13,45.2090342651507,45.84083859524527,44.75273084031225,45.574073791503906,3704700
2003-02-14,45.630238631915674,46.82364273071289,45.13883820437869,46.82364273071289,4641100
2003-02-18,47.20272374476831,48.36103083398484,47.174642956172804,47.73624801635742,3094400
2003-02-19,47.743293857735665,48.01707499109052,47.29401172321153,47.897735595703125,3237300
2003-02-20,48.017043476709084,48.27678136021543,47.462460034292576,47.55371856689453,2627300
2003-02-21,47.55372925757738,48.29785682342991,46.97808643636875,48.08725357055664,3929700
2003-02-24,48.09426916935464,48.09426916935464,46.33223859584099,46.47263717651367,3699700
2003-02-25,46.472640811136934,46.9149065509843,45.524936927820086,46.746421813964844,4219700
2003-02-26,46.746401080485505,47.006144251289115,46.1496992968205,46.669185638427734,3781300
2003-02-27,46.823635961751215,47.73624274480561,46.54985499800733,47.51862335205078,3784900
2003-02-28,47.666036779376775,48.7541389465332,47.59583750340885,48.7541389465332,4339200
2003-03-03,48.75415543483165,49.526363799218366,47.553729735462205,47.75028991699219,4351200
2003-03-04,47.750276697603574,47.750276697603574,46.1146125793457,46.1146125793457,5546500
2003-03-05,46.19182969179924,47.10443097394035,46.03036653983462,46.54283142089844,5803600
2003-03-06,46.17779442128083,46.33925760051133,45.68639405990495,46.05143356323242,4216700
2003-03-07,45.04054675213596,47.02019639125762,45.04054675213596,46.809593200683594,4778400
2003-03-10,46.81662493405943,46.81662493405943,44.865052974333,45.16691207885742,4335200
2003-03-11,45.16690578949362,45.76361309106639,44.17006203493102,44.191123962402344,4190400
2003-03-12,44.1981505504136,44.21219094520665,42.83626439066577,44.12092971801758,8550000
2003-03-13,44.43681225337241,46.957004428615384,44.43681225337241,46.879783630371094,7046700
2003-03-14,46.87980055091541,47.434384049447075,46.33223858817499,46.76748275756836,4670000
2003-03-17,46.76746381131223,48.6769083715656,46.26904208930407,48.3680305480957,6144200
2003-03-18,48.36808075108512,48.94372386540676,47.883696236349685,48.84544372558594,5054000
2003-03-19,48.9998586094001,49.82822315932409,48.290833398702226,49.329795837402344,6370000
2003-03-20,49.12621565672152,49.47019593068774,47.855585463245156,49.196414947509766,6615800
2003-03-21,49.39296774556002,50.61445236206055,49.01388520474363,50.61445236206055,6861800
2003-03-24,50.614455338817635,50.614455338817635,48.86646798324578,49.08408737182617,5603800
2003-03-25,49.210448900118855,50.04583485744463,48.999851043858875,49.6246337890625,4289600
2003-03-26,49.62461678382412,50.18621623059876,49.512293680953,49.87733840942383,3662500
2003-03-27,49.666759840653974,49.863320012060534,49.04899853682436,49.547420501708984,4050900
2003-03-28,49.54741846060935,49.800140200824934,49.04899651625715,49.21747589111328,2553300
2003-03-31,47.74327557162479,48.78925963832995,47.73625403462499,47.792415618896484,4591300
2003-04-01,48.07322451759245,49.16132723791695,47.77837883925564,48.87350845336914,4231600
2003-04-02,50.19325371856576,51.15500050813672,49.87735426408044,50.82505798339844,7036500
2003-04-03,50.71975585620632,51.4568617168766,50.33365176616722,50.789955139160156,4748300
2003-04-04,50.78995021070578,51.19711351053533,50.438948474134406,50.586368560791016,3704800
2003-04-07,51.597261093695,52.053564473859275,50.62849811963801,50.76187515258789,4627000
2003-04-08,50.761897784535265,51.24628216545523,50.11605551388494,51.03567886352539,3343200
2003-04-09,51.03565720663896,51.772763094739446,50.44597678084832,50.4810791015625,4197600
2003-04-10,50.48809340218286,50.95843448942178,50.263452483213385,50.789955139160156,3458700
2003-04-11,50.972466984287024,51.55513108805652,50.41086212544833,50.83908462524414,2858600
2003-04-14,50.839100503665065,52.299269308007034,50.76890121335032,52.2922477722168,3678500
2003-04-15,52.292236877369106,53.773464624612245,51.7446750287885,53.731346130371094,6723400
2003-04-16,53.738338798826064,54.194636523632546,52.551951860268694,52.79063034057617,6181600
2003-04-17,52.79069220174619,53.69627789370368,52.530954181264114,53.4224967956543,4484200
2003-04-21,53.422487181707844,53.927930765874365,53.28208856648997,53.59798812866211,3176100
2003-04-22,53.59798345088711,55.03007169575184,52.59411790768669,54.987953186035156,5508800
2003-04-23,54.98794432555194,55.3880861709738,54.36316153806628,55.058143615722656,4008300
2003-04-24,55.058149243683786,55.058149243683786,53.773481214379004,54.299983978271484,3307100
2003-04-25,54.29996226494278,54.39839501445194,53.08360705431873,53.343753814697266,2820700
2003-04-28,53.69532940523276,54.27889376898512,53.090667700364676,53.79376220703125,3606000
2003-04-29,53.79373043081995,54.84133912495382,52.914862816638,53.75154113769531,5327400
2003-04-30,53.60390236765952,54.04685516377284,53.17501446002966,53.36485290527344,3968900
2003-05-01,53.36485961456815,53.36485961456815,52.3805265001184,52.96409606933594,4106200
2003-05-02,52.96408644429703,54.12419292678282,52.043029410809936,53.85701370239258,4131500
2003-05-05,53.85703060286602,54.264826647083744,53.400018164634744,53.77968978881836,3548700
2003-05-06,53.77966961527468,54.78509445656,53.442187429829076,54.278865814208984,3850100
2003-05-07,53.73045323972292,54.75697004707577,53.61092852255188,54.278865814208984,3728100
2003-05-08,54.28589543159982,54.28589543159982,52.02896398876215,52.07114791870117,7119900
2003-05-09,52.07115305030719,52.75315526050516,52.0430286395154,52.73206329345703,3849200
2003-05-12,52.73210707833799,53.43520183938249,52.197753557971716,53.076622009277344,3895100
2003-05-13,52.415688838034406,53.37189763607071,52.415688838034406,52.696922302246094,4053300
2003-05-14,52.7320791673648,52.97816113064227,52.27506674174407,52.696922302246094,3434300
2003-05-15,52.48600448962286,53.575797725177594,52.48600448962286,53.505489349365234,4318500
2003-05-16,52.872673619370396,54.06793679533417,52.872673619370396,53.92731475830078,4444000
2003-05-19,53.92733316996834,53.92733316996834,52.275062561035156,52.275062561035156,3981600
2003-05-20,52.31021593586118,52.598481803660924,51.480564464057686,52.345367431640625,4447500
2003-05-21,52.310208197187684,52.900804735074175,51.818039051432706,52.802371978759766,3241500
2003-05-22,52.9781601060777,53.69531937282776,52.92894371437402,53.45626449584961,3193500
2003-05-23,53.456287565599446,53.80080245620505,53.32973030886051,53.5406608581543,2052500
2003-05-27,53.540626000229565,55.36163745775186,52.886748160153694,55.178836822509766,4096000
2003-05-28,55.17887202392714,56.17726516723633,55.15777467792487,56.17726516723633,4746800
2003-05-29,56.184284943899556,57.006904234293025,55.76945639306946,55.95928955078125,5041500
2003-05-30,56.14209334854968,57.42172509199008,56.12803381914273,57.30220031738281,3850100
2003-06-02,57.30216813070247,59.39739087167261,57.30216813070247,58.736480712890625,7151600
2003-06-03,58.708381606871825,58.99665288178598,58.15293639467353,58.356834411621094,4236300
2003-06-04,58.047497223846925,60.177873325235105,58.040470138999915,59.93882369995117,4663300
2003-06-05,59.9388002961044,61.513730320974574,59.44663633964022,61.38014602661133,5971400
2003-06-06,62.04806971365944,62.92693755662912,61.52074900787763,62.36445999145508,9050400
2003-06-09,62.08322320820551,62.364456611366364,61.239506906173,61.54887008666992,4954800
2003-06-10,61.80198779046465,62.505082064840394,61.33794299456852,62.36445999145508,4662700
2003-06-11,62.36446152972747,63.20114545341088,62.06213076972131,63.095680236816406,5230300
2003-06-12,63.09567113577692,63.63002422237807,62.6949076618718,63.524559020996094,4612900
2003-06-13,63.52454791203571,63.77062976277102,62.44178240461828,62.69489669799805,4594100
2003-06-16,63.278473400678784,64.33311462402344,62.96911025862591,64.33311462402344,4889800
2003-06-17,64.33311462402344,64.67060217573409,63.770637159233225,64.33311462402344,3906200
2003-06-18,63.348780549780344,63.56674337947788,62.15352266483795,62.505069732666016,5603300
2003-06-19,62.50507015828414,62.75115203460293,60.07939215524372,60.409847259521484,5506700
2003-06-20,60.99345018690911,61.450462702068876,60.47316173915987,60.641902923583984,3792200
2003-06-23,60.64187929757323,60.64187929757323,59.48177270773949,59.959877014160156,3513300
2003-06-24,60.325475029385835,61.21136972001239,60.22704228598289,60.88794708251953,3866900
2003-06-25,60.37472461503014,60.74736382922446,59.495856519596295,59.60834884643555,7199400
2003-06-26,59.76301527991355,60.184870785523245,58.57478420075058,59.16538619995117,6423200
2003-06-27,59.1724301087555,59.48178801190517,57.68890042467029,57.92091751098633,5158400
2003-06-30,58.42714663133018,58.884159088134766,57.79436056530729,58.884159088134766,5715700
2003-07-01,58.88414831960917,60.36064529418946,57.90684766021543,60.36064529418945,6162300
2003-07-02,59.98097683726916,60.606730374995166,59.474748050752815,60.04425811767578,5484800
2003-07-03,58.54663829742645,59.91767489269127,58.54663829742645,59.55206298828125,2837600
2003-07-07,60.25518200803703,62.01995028043813,60.184873647789,61.68949508666992,4436600
2003-07-08,61.69653220356604,62.15354462605898,61.239519781073106,61.91448974609375,3994900
2003-07-09,61.92152179467419,62.32931782223242,61.56997460488628,62.034019470214844,4381900
2003-07-10,62.0340006912939,62.0340006912939,60.4660983392338,60.85280227661133,3643900
2003-07-11,61.16216174374377,61.83713151866335,60.89498788414528,61.39418411254883,3028300
2003-07-14,61.401235993641926,63.52457874748333,61.401235993641926,62.884765625,5519000
2003-07-15,63.24330514280902,63.46126793730559,61.76680876922166,61.88633346557617,5177400
2003-07-16,62.39961004273457,62.39961004273457,61.0074811711181,61.35200119018555,3544200
2003-07-17,61.13401425337708,61.169171095081104,60.367644454693824,60.77544021606445,3178300
2003-07-18,60.77549355276556,61.66138880801657,60.30441613574534,61.654361724853516,2949400
2003-07-21,61.58404377398707,61.65435751430068,59.90364837284877,60.25519561767578,2958400
2003-07-22,60.43095113278775,61.03561264184654,59.91066286831285,60.57860565185547,3244700
2003-07-23,60.677029524389475,60.76139739241842,59.95987046104625,60.536407470703125,2417900
2003-07-24,61.07780766278264,61.2395163581406,60.04425811767578,60.04425811767578,2893700
2003-07-25,60.19940962710396,61.19368075296955,59.76220922754188,60.939823150634766,3025400
2003-07-28,60.968016458011085,61.560352523758674,60.841087685346146,60.99622344970703,2211400
2003-07-29,60.99622016360276,61.94113012480967,60.62954005117717,61.22892379760742,3983000
2003-07-30,61.38405776100427,61.595602111248986,60.7212069610513,61.31353759765625,3306300
2003-07-31,62.01872876687825,62.82966265192377,61.37703690684226,61.44755172729492,4138500
2003-08-01,61.313529579091856,61.384049733217275,59.896164864035484,60.00898742675781,3897500
2003-08-04,60.00900014931296,60.326324770356344,58.83138649283249,59.691680908203125,4024700
2003-08-05,59.83269073632981,60.276943983160386,58.45763397216797,58.45763397216797,3488600
2003-08-06,58.52815142091908,60.03013698446352,58.49994443729306,59.26856994628906,4479100
2003-08-07,59.27563439708225,59.78334948586871,58.916007359136465,59.7621955871582,2808700
2003-08-08,60.08658015304775,60.71417104891503,60.07952705873052,60.516727447509766,2859900
2003-08-11,60.5096924358754,60.636621271843644,59.71286469781357,60.47443771362305,2574600
2003-08-12,60.48144509377184,61.828300476074226,60.48144509377184,61.82830047607422,3216100
2003-08-13,61.983430982845846,62.053945754307485,61.264166326113425,61.63085174560547,3118200
2003-08-14,61.46162527960487,62.08921599423708,60.9609579464221,62.01869583129883,2885400
2003-08-15,62.02574559237162,62.22318912615525,61.39815491144533,61.88471603393555,991200
2003-08-18,61.884712024565395,62.56871663652413,61.25712138429928,62.24433898925781,2899000
2003-08-19,62.279581169868244,62.82960378598545,61.983415973486814,62.780242919921875,2410300
2003-08-20,62.336029166078696,62.533472738153826,61.771900063063605,61.84241485595703,2535400
2003-08-21,62.23026754710978,62.46297125518422,61.62383051512275,62.12449264526367,2170400
2003-08-22,62.82962850589292,62.82962850589292,61.2712286871083,61.34174346923828,2836200
2003-08-25,61.34880723090288,61.34880723090288,60.65774933400452,61.158416748046875,2005800
2003-08-26,61.158424063225006,61.271246671762654,60.29107638663206,61.00328826904297,2586700
2003-08-27,61.00329159997209,61.00329159997209,60.46736938533545,60.62250518798828,1458500
2003-08-28,60.96097766965669,61.320610173251076,60.10773614539146,61.25009536743164,1741700
2003-08-29,61.27827190199666,62.47703914477889,61.17249705588478,62.399471282958984,2374700
2003-09-02,62.434761862826896,63.90854119760323,62.434761862826896,63.781612396240234,3802000
2003-09-03,63.95788238879172,64.51495832420954,63.492480513844214,64.0425033569336,3810600
2003-09-04,64.0989180464232,64.51495903955094,63.8873683136894,64.35277557373047,3691500
2003-09-05,64.35279277022161,65.0297445639598,63.70404259377973,64.14124298095703,2693200
2003-09-08,64.50788037736655,64.860459509473,63.513604642459654,64.41620635986328,4167700
2003-09-09,64.31045513875327,64.95215197698232,64.06365073171617,64.72650146484375,3078700
2003-09-10,64.31050355130469,64.31755664822458,62.984806467005505,63.069427490234375,4240700
2003-09-11,63.06938131862005,63.788640659734355,62.6251279968167,63.3514404296875,3226500
2003-09-12,63.32323678977607,64.11301088330455,62.9001373768915,63.979034423828125,2838900
2003-09-15,63.414941563369645,63.98611856404112,62.90017318725587,62.90017318725586,2756500
2003-09-16,63.09760110565682,64.2399547250422,63.07644182609498,64.12007904052734,3992000
2003-09-17,63.95789146274303,64.86754682457529,63.74634708227541,64.16944122314453,3188300
2003-09-18,64.66307445843742,65.92530964200832,64.21177315458296,65.75607299804688,5804300
2003-09-19,65.75601169894718,66.1015377607433,65.43869261483883,66.09449005126953,3771500
2003-09-22,65.50924818832783,65.65027778471223,64.91691204765796,65.34001159667969,3700400
2003-09-23,64.02840971413772,64.41624375665316,62.75206885658106,62.801429748535156,10655700
2003-09-24,62.80849352655659,62.80849352655659,60.43915954982418,60.516727447509766,9448500
2003-09-25,60.516717908549616,60.968019034892244,60.1006768683006,60.30516815185547,5768300
2003-09-26,60.657753304477765,60.79173518854934,59.37436459474604,59.72694396972656,4020600
2003-09-29,60.04426288494313,60.63659359581652,59.635269557949336,59.9384880065918,4695800
2003-09-30,59.7622104638008,59.83977836500406,58.97948373706596,59.16282653808594,5257900
2003-10-01,59.16279548633712,60.73529582917805,59.16279548633712,60.64362716674805,4332500
2003-10-02,60.6436588112718,60.93277651122916,60.22056459322665,60.61545181274414,2957500
2003-10-03,60.812899012163406,62.13154802651057,60.812899012163406,61.10906982421875,4120100
2003-10-06,61.10905557234837,62.053965648721984,60.96096751089024,61.151363372802734,3215900
2003-10-07,61.15135776500512,61.57445187055129,60.5308147222662,61.2359733581543,3785600
2003-10-08,61.24299852573925,61.43339428337644,60.32629594503644,60.82695770263672,2808000
2003-10-09,61.82828951903168,62.371259126815566,61.21479976639933,61.34878158569336,4164200
2003-10-10,61.35587182861708,61.58152244094658,60.94687841254019,61.30651092529297,2729900
2003-10-13,61.84241412846424,62.53347200253167,61.78600552277337,62.1738395690918,1987100
2003-10-14,62.17381228416388,62.5969062308067,61.40519224208808,62.5052375793457,3297900
2003-10-15,63.07643741161667,63.203366180435545,62.44179894745573,62.582828521728516,4037000
2003-10-16,62.23025209127701,62.484109640684274,61.80715796890944,62.04690933227539,4122900
2003-10-17,62.07508741683031,62.441772764072745,61.158384808586504,61.468650817871094,3340500
2003-10-20,61.348816198762336,61.51100509151656,60.60134958504619,61.35586929321289,3232600
2003-10-21,61.36289225132034,62.695646808177855,61.36289225132034,61.78599166870117,3029500
2003-10-22,60.99623248468562,61.24303697366569,60.67186010203549,60.97507858276367,3431700
2003-10-23,60.97505478468862,62.17729794851707,60.83361092124712,61.52667236328125,3889600
2003-10-24,61.526707726002144,61.526707726002144,60.119374197961726,60.69220733642578,3396700
2003-10-27,61.88029500641911,62.601640071316325,61.38525480458117,62.36826705932617,4347800
2003-10-28,62.90572899333669,65.239501953125,62.72186002708709,65.239501953125,7022300
2003-10-29,65.52239990234375,65.88307516808358,65.0627165864846,65.52239990234375,5216600
2003-10-30,66.08812392596303,66.47708776792399,65.89010793206697,66.07398223876953,4359700
2003-10-31,66.0739705681083,67.10648620785797,66.0739705681083,66.40635681152344,3561200
2003-11-03,66.93679281607356,68.45728097636851,66.86607356582255,68.02588653564453,5128000
2003-11-04,68.03293327508226,68.03293327508226,66.97920220999308,67.85613250732422,3024200
2003-11-05,67.8561399757993,68.06830307867283,66.66097032317178,67.51668548583984,4089800
2003-11-06,67.51670829856634,68.37949729499347,66.93680173637438,68.26634216308594,3294500
2003-11-07,68.26634233452904,68.87453768122529,68.03296392103388,68.58458709716797,3537700
2003-11-10,68.58458900585578,68.58458900585578,67.59450315375923,67.94810485839844,3144100
2003-11-11,67.95521435368602,68.13908886272262,67.5026043280091,67.96228790283203,1801200
2003-11-12,67.85617118589596,68.49265539173236,67.6652286219122,68.3865737915039,2237700
2003-11-13,68.39364993769583,68.39364993769583,66.84487254385665,67.90567779541016,1991600
2003-11-14,67.95515343451108,68.37947967428603,66.08813740341739,66.33566284179688,3642800
2003-11-17,66.34272142492274,66.97213175551057,65.86889664041847,66.65389251708984,3130100
2003-11-18,67.18428588975563,67.21964819843623,66.01739984519583,66.28614044189453,2454400
2003-11-19,65.98209886170328,66.49128092780849,65.91137418439239,66.4276351928711,2768900
2003-11-20,66.3003312625492,66.42762811439468,64.85056186072755,64.89299774169922,3723700
2003-11-21,65.31021220337634,65.98205845767832,65.12633786692682,65.7486801147461,3075500
2003-11-24,66.44175840900446,67.24796986716089,66.12351903177098,67.12774658203125,2544200
2003-11-25,67.85615046296947,68.34412243767557,67.6015568583865,68.06831359863281,3013900
2003-11-26,68.23805960806523,68.38657168559803,67.44599519455693,68.3653564453125,2038900
2003-11-28,68.36535228001647,68.66944996182754,67.7217999832507,67.94810485839844,1040000
2003-12-01,68.0541824360357,69.14327087403585,68.0541824360357,68.93818664550781,3381800
2003-12-02,69.1645124556641,69.83635370013488,68.78262187404218,68.88162994384766,3055100
2003-12-03,69.48272386671142,70.72032963532969,69.23520379209437,70.21821594238281,4459800
2003-12-04,70.28189023238964,70.36675660485851,69.53225615995436,69.82221221923828,2085400
2003-12-05,69.82217100318992,70.2323447391592,69.02302797189746,69.3271255493164,2558100
2003-12-08,69.16448553624954,69.87168884277344,68.91696006253976,69.87168884277344,1822500
2003-12-09,69.8716680932757,69.9423873238203,69.02302114014635,69.44734191894531,2408100
2003-12-10,69.4473693472639,70.36673589404272,68.76845475394119,69.0230484008789,2995400
2003-12-11,69.28472488773306,70.09093641268795,68.91697606147002,69.54638671875,2323600
2003-12-12,69.6595260587872,70.26772133723753,69.2847091676445,70.11920928955078,1720300
2003-12-15,70.67083882169722,71.27196065678031,69.12913513183594,69.12913513183594,3164600
2003-12-16,69.13623209371731,69.58884200958977,68.53511005503066,68.96649932861328,3629200
2003-12-17,68.61995081669792,69.65954076551958,68.43607640646576,69.55345916748047,4086700
2003-12-18,68.59870191355563,69.11496255972246,67.70055633470069,68.84622192382812,5603100
2003-12-19,68.66940426427252,68.87449376394603,67.77832705081904,68.16021728515625,5135600
2003-12-22,68.16024974445058,69.61001861731432,68.13903450947265,69.41200256347656,3618000
2003-12-23,69.54637828703795,69.87169659218883,69.41201331285858,69.46151733398438,2257200
2003-12-24,69.17864398098212,69.27057849070164,68.91697675180978,68.98770141601562,985900
2003-12-26,68.98767993073528,69.61001685497416,68.98767993073528,69.26348876953125,887100
2003-12-29,69.64539428264764,70.54354024049678,69.44737279533818,70.4233169555664,2480400
2003-12-30,70.64961066893818,70.64961066893818,69.85046748770388,70.12628173828125,1768300
2003-12-31,70.4162606399149,70.42333418650442,69.30595122890587,69.82221221923828,2877800
2004-01-02,69.87170777055933,70.07679203693816,68.30171514149033,68.690673828125,3042300
2004-01-05,68.81089479501567,69.26350455132315,67.9976097844359,68.72602844238281,4817700
2004-01-06,68.85332541423766,69.07255674790309,68.16026368848804,68.31584930419922,4077800
2004-01-07,68.42903544898681,69.91416222509137,68.2097986204432,69.75150299072266,4457800
2004-01-08,69.82222304625695,69.99902396966479,69.09379870956646,69.83636474609375,3687800
2004-01-09,69.82928542803961,69.83635897514148,68.80384231522643,68.95235443115234,3297300
2004-01-12,69.0230632565552,69.19986413856253,68.20977812021454,69.15036010742188,2844700
2004-01-13,69.19984472775711,69.27056398161609,68.62701175730618,69.07254791259766,3257500
2004-01-14,68.95230515122331,70.36671141073559,68.92401637856926,70.28184509277344,4243200
2004-01-15,71.00321372256889,72.13473794455331,70.68496899431717,71.52654266357422,8331000
2004-01-16,71.53361649172831,71.84478228180241,70.74154683542501,71.0597915649414,6035000
2004-01-20,71.54771769927846,71.81645826043193,70.43740933725147,71.003173828125,3095900
2004-01-21,70.93253144606939,71.78117370605469,70.27483180614321,71.78117370605469,3296000
2004-01-22,71.47704178275266,72.0428066163282,71.0032168370648,71.20123291015625,3893900
2004-01-23,71.66206477716771,71.66206477716771,70.03853696775413,70.54190063476562,3742700
2004-01-26,70.48520270833949,72.66172206852407,70.43557544249683,72.5128402709961,4096200
2004-01-27,72.44901113121861,72.84602912110736,71.463551899913,71.64079284667969,3231600
2004-01-28,71.81801475992474,71.95980531617437,69.26574147572747,69.69112396240234,4070300
2004-01-29,70.36465502280875,70.67660081624697,69.34374545080317,70.47100067138672,3872500
2004-01-30,70.4780770674677,71.20121759025587,70.05978571303045,70.57733154296875,2982100
2004-02-02,70.35047050801577,71.22249283219094,69.81165658014973,70.76166534423828,3416300
2004-02-03,70.73331925850397,71.860574565955,70.32921008993807,71.7116928100586,3663000
2004-02-04,71.71169723807729,71.7471421865471,70.68369637108069,70.71914672851562,3228600
2004-02-05,70.73331111469835,71.01689769712121,69.78330228389059,70.073974609375,2803100
2004-02-06,70.39303963337119,72.00238561171334,70.28669394640475,71.8464126586914,3196000
2004-02-09,71.84637453933068,72.64750693498544,71.5131661634427,72.22212982177734,2518600
2004-02-10,72.06614472153336,72.62622656564473,71.91017187773494,72.44189453125,2557900
2004-02-11,73.44863842235713,76.04344816716544,73.36356623988067,75.92292022705078,7277700
2004-02-12,76.09305008088242,76.42626377523541,75.50460910612978,76.1426773071289,4058900
2004-02-13,76.10723034099199,76.4971624280285,74.46243524388183,75.04378509521484,4110200
2004-02-17,75.61101891025866,76.4405055714063,75.5543004866845,75.80243682861328,2640300
2004-02-18,75.97256299751919,76.56808999002754,75.34867139512242,75.7882308959961,2413600
2004-02-19,75.93000639468238,76.19941604541114,74.83820171653328,74.9870834350586,2114600
2004-02-20,75.39832963714247,75.85915737589217,74.72481591748524,75.51885223388672,2800500
2004-02-23,75.5542496811843,76.17104995261911,75.0934222652132,75.6251449584961,2724600
2004-02-24,74.90201418296682,75.29194096319814,73.73222302434553,73.95909118652344,3547500
2004-02-25,74.13628738600522,75.15010505738304,74.04412411004736,75.02249145507812,2810400
2004-02-26,75.029620793856,75.49753396784513,74.07960673557253,75.35574340820312,2160000
2004-02-27,75.71020556969245,76.4262601506857,74.8736285033824,75.0579605102539,3598000
2004-03-01,76.071816713648,76.56808920229935,75.65352526552948,76.10726165771484,2849600
2004-03-02,75.78819756250479,76.48297874818289,75.4337158203125,75.4337158203125,2993100
2004-03-03,75.43376280300625,75.68899024906594,74.82405339397093,75.51174926757812,3033000
2004-03-04,75.88042782752947,77.17074229136509,75.73863716911686,76.93678283691406,3631900
2004-03-05,76.08597530157625,77.47554334440481,75.91582554768951,77.31248474121094,3893200
2004-03-08,77.31958908767552,77.48265313906921,75.97964795935243,76.10726165771484,2860100
2004-03-09,76.10726854580874,76.10726854580874,74.4766549291152,74.98001861572266,3070800
2004-03-10,74.98001744966614,75.07927195483587,73.23596704730012,73.4132080078125,3450200
2004-03-11,73.42031411970011,74.57592896456362,72.9311326110756,73.01620483398438,3427600
2004-03-12,73.83855743355615,74.52625296688468,73.32101164375378,74.39154815673828,3167300
2004-03-15,74.29941893265699,74.30650467720666,72.56245413113064,72.89566802978516,3343000
2004-03-16,73.37777996162353,74.2568938785372,72.49866604470988,73.06583404541016,4360800
2004-03-17,73.42736547941678,74.11506108970853,72.62623849706722,73.73931121826172,3272900
2004-03-18,73.6258539622087,73.78891793733847,72.59785911266106,73.5195083618164,3203800
2004-03-19,73.10125044720895,73.95909590925281,72.78221893310547,72.78221893310547,3018900
2004-03-22,72.42777135621633,72.42777135621633,70.78296953554464,71.81806182861328,4648000
2004-03-23,73.20050897746248,73.2146858728649,71.8818359375,71.8818359375,6971100
2004-03-24,71.9598343581841,72.03072966492128,69.74786508881343,70.35757446289062,6796300
2004-03-25,70.89633514144118,72.30008495718462,70.6127487190832,72.20791625976562,4840900
2004-03-26,72.20799036151898,73.88823717591094,71.96694517097245,73.55502319335938,4545500
2004-03-29,73.8669613154295,74.51211574647527,73.3777744217487,73.88822937011719,3612300
2004-03-30,73.51952637116192,74.1930450659903,73.25012213860852,73.91654968261719,3067700
2004-03-31,73.92364354361588,74.20014436632074,73.51244870328556,73.98036193847656,2480200
2004-04-01,73.9023689527662,75.17850567929376,73.9023689527662,75.150146484375,3358700
2004-04-02,75.8590989407563,76.21358071150749,74.32773509480909,75.11468505859375,3951700
2004-04-05,75.11474101741625,75.36288276897226,74.54048185185694,74.9375,2880900
2004-04-06,74.93749684462108,75.14309706524274,74.20726474904858,74.85242462158203,2920000
2004-04-07,74.70354687490206,74.98712817903812,74.28525525605806,74.61846923828125,2307100
2004-04-08,75.43377809414544,75.49049651787061,74.61846833223741,74.9375,3014400
2004-04-12,75.00831456991553,75.24935948040238,74.93741391722139,75.02249145507812,1771200
2004-04-13,75.02256068247755,75.2848792762045,72.84604169680038,73.10836029052734,3977600
2004-04-14,72.31429733888294,72.70422953713889,71.24376063827785,71.89601135253906,5584300
2004-04-15,72.06616063460359,72.83184272288806,71.0594334864687,72.12287902832031,3763400
2004-04-16,72.49154557020496,73.51954087436297,72.18669093237756,73.27849578857422,3314300
2004-04-19,73.20050171754431,73.23595206598092,72.13705617201099,72.65460205078125,2497200
2004-04-20,72.7751478317521,73.07291138148135,70.83258819580078,70.83258819580078,2761100
2004-04-21,71.07362615585328,71.35721277841775,70.29376700052468,70.8963851928711,4035800
2004-04-22,70.90348502849847,72.56245804886063,70.89639387460063,72.17253112792969,3700200
2004-04-23,71.81716576436979,71.83137756235553,70.93588246539078,71.36231231689453,3034500
2004-04-26,71.78160668031737,72.68420469534624,71.75317767056255,71.88821411132812,2243900
2004-04-27,71.46181088500569,72.5420864628865,71.46181088500569,71.71766662597656,1888400
2004-04-28,71.2486031579025,71.2486031579025,69.93379211425781,69.93379211425781,3360600
2004-04-29,70.30332409434158,70.95717499036664,69.36518854978601,69.83425903320312,3899400
2004-04-30,70.01195021858378,70.3601961357649,68.44838705108782,68.76110076904297,3462600
2004-05-03,68.9032326330303,69.3367655395221,68.37730951224383,68.88191223144531,3267000
2004-05-04,69.47179625575936,70.00482794058617,68.78240774248545,69.20172882080078,3875200
2004-05-05,69.29411934372449,69.82715103098391,68.04327013271768,68.33466339111328,4822000
2004-05-06,67.62397766113281,67.90115379976133,66.68584178678691,67.62397766113281,5482900
2004-05-07,67.16202450869169,67.8727337627519,66.01067356509284,66.1243896484375,5480900
2004-05-10,64.49682771261222,65.47760396713097,64.0206540875959,65.45628356933594,6861800
2004-05-11,65.56293052080635,66.17414093017578,65.12228881894329,66.17414093017578,5288200
2004-05-12,65.27863444280716,66.14570047469715,64.12728908830712,66.03909301757812,6639300
2004-05-13,66.18124917559923,67.29706251262783,65.84721495112827,66.41577911376953,4692400
2004-05-14,66.89195255548668,67.24730715920249,65.81167152371327,66.81377410888672,4569700
2004-05-17,65.95380969199893,66.23098582000533,64.99434802490559,65.86852264404297,4520600
2004-05-18,66.16705871148662,66.81380701143632,65.75484586683406,66.3163070678711,3325600
2004-05-19,67.33969033203095,67.38943975443517,65.81166461207233,65.86852264404297,4751400
2004-05-20,66.13150253473552,66.6218882645901,65.47054266883602,65.66954040527344,3904600
2004-05-21,65.82584370985762,66.27358825219582,64.99431038511922,65.2004165649414,4060800
2004-05-24,65.70508083911278,66.18126025064093,64.92330159572903,65.19337463378906,3687700
2004-05-25,65.19336408416228,66.28074840572282,64.53240424250842,66.17414093017578,3927500
2004-05-26,66.11728265622678,66.62899419924197,65.74060760991875,66.37313842773438,2978600
2004-05-27,66.94879784731332,67.01987309810598,65.49895599436482,66.30205535888672,4652200
2004-05-28,66.30205704579747,66.77112226373742,66.08884213255537,66.7426986694336,2425800
2004-06-01,66.66450133279557,66.73557114297078,65.20754582394837,66.09593200683594,4142600
2004-06-02,66.09596900754767,66.1030776192283,65.13651247737837,65.22179412841797,4320100
2004-06-03,65.22887489421616,65.24309211150816,64.15570272441663,64.35470581054688,4224700
2004-06-04,65.0298479648014,65.37809371981791,64.83795899595316,65.04405975341797,3165000
2004-06-07,65.63397375501135,66.59342980139775,65.42786749845322,66.50814819335938,3493300
2004-06-08,66.50817455158648,66.87774098486926,65.84010610503066,66.80667114257812,2949300
2004-06-09,66.81374956084721,66.85639036249655,65.64818732268103,66.09593200683594,1996500
2004-06-10,66.10302734375,66.10302734375,65.48470873257294,66.10302734375,1702500
2004-06-14,65.49182708374556,65.49182708374556,64.418655112345,65.05118560791016,3043300
2004-06-15,65.51316542952432,65.67663090926234,63.94960756949526,64.11306762695312,5510300
2004-06-16,64.31205024446317,64.66030152792405,63.530271497567725,63.94959259033203,4149900
2004-06-17,63.430789757652704,63.71507449368369,62.919078317253,63.4947509765625,3500700
2004-06-18,63.25309938804864,64.14148561540888,63.039884524570496,63.38102722167969,3823000
2004-06-21,63.885664873644906,63.96384333817414,62.968849135123875,63.103885650634766,3217900
2004-06-22,62.79115549135363,64.78825199093268,62.314981638136295,64.39025115966797,8249500
2004-06-23,64.67453728704324,65.37813787775154,64.34050309502874,65.18624877929688,6149000
2004-06-24,65.56294186874723,66.92750260954574,65.20758717027164,66.23101043701172,5519100
2004-06-25,66.23807876447741,67.41074973670254,66.05329832256716,67.19754028320312,8047400
2004-06-28,67.62397873047793,67.62397873047793,65.96091645012801,66.2807388305664,4380100
2004-06-29,66.09596187510388,66.94881082716041,65.93960496869454,66.80667114257812,3359300
2004-06-30,66.8066711825075,67.41077297576538,66.49395736950189,66.9203872680664,4135600
2004-07-01,66.92745810053954,67.05538592380574,65.8685033215618,66.55789184570312,4569500
2004-07-02,66.70004864801392,66.7853356929266,65.74059243743709,66.52947998046875,3330600
2004-07-06,65.81875992646235,66.06750698823733,65.30704858665136,65.5273666381836,2603700
2004-07-07,65.10093340476277,65.24307843649063,64.26229669554327,64.36890411376953,4501900
2004-07-08,63.89276682474495,64.83801149021473,63.843017390892946,63.963836669921875,3493200
2004-07-09,64.46131956836308,64.66032269073526,63.970933928074906,63.99936294555664,2518900
2004-07-12,63.99935126780854,64.53238304819914,63.110964967157564,64.4328842163086,3509600
2004-07-13,63.963802255146334,64.56790374754475,63.3881297699792,64.21965789794922,3744000
2004-07-14,63.65109248929425,65.01565780842745,63.636880695949095,63.88562774658203,3447500
2004-07-15,64.10595811297738,64.11306672215615,62.62057870914023,62.77693557739258,3899700
2004-07-16,63.62977694610352,63.66531456559816,61.93829145038001,62.009361267089844,3562400
2004-07-19,62.18706512451172,62.634810041386764,61.59717509112587,62.18706512451172,3308600
2004-07-20,62.00935279172059,63.8571948850124,61.98092378446641,63.750587463378906,4131100
2004-07-21,63.75059212009109,64.46130108652368,62.11596475066361,62.13017654418945,4535400
2004-07-22,61.84591271423352,62.897764724813676,60.92199399989295,62.37184143066406,4883400
2004-07-23,61.87289101337501,62.86359811121044,61.87289101337501,62.40032196044922,3096600
2004-07-26,62.52150078641179,62.856489173106766,61.744612015898106,62.02970886230469,3805400
2004-07-27,62.029737179823364,63.41958290137739,62.02260826002197,63.28416061401367,4131900
2004-07-28,62.913527513514914,63.64765393241961,62.24355592954402,63.227134704589844,4273500
2004-07-29,63.8970955421609,64.182192422039,63.49083425561009,63.92560577392578,3588700
2004-07-30,63.469432016515825,63.69037944263793,62.51435859946008,62.856475830078125,3706400
2004-08-02,62.56426497414873,63.17722130602618,62.24353441252992,63.03467559814453,3020400
2004-08-03,63.00615796019131,63.476563091102506,62.350439080608645,62.492984771728516,2726800
2004-08-04,62.257779419339045,63.04179159518047,61.83013690867732,62.47160339355469,3460200
2004-08-05,62.792331340092716,62.792331340092716,61.074632452061614,61.15303421020508,3203000
2004-08-06,60.582861357618896,61.40251292236445,60.01266754620342,60.26213073730469,5065600
2004-08-09,60.26213073730469,60.72540709158717,59.89150312855327,60.26213073730469,2916200
2004-08-10,60.36904234045563,60.960617517397075,60.06256409293659,60.80381393432617,5453300
2004-08-11,60.440293633295404,61.01048179948471,59.9983933183391,60.33338165283203,3995400
2004-08-12,60.33338561786033,60.72538898829568,59.44246145173058,59.770320892333984,4773500
2004-08-13,59.7703413263306,60.048309326171875,59.364079985195545,60.048309326171875,2533900
2004-08-16,60.048296681213365,61.502285763771624,60.048296681213365,61.16729736328125,2990100
2004-08-17,62.122348120408006,62.186492035014496,61.46662395707703,61.57353591918945,3122600
2004-08-18,61.509399985199195,62.36468491753204,61.338338648517436,62.321922302246094,2979700
2004-08-19,62.22928429349587,62.50012878492523,61.25995813397905,61.72323989868164,2669200
2004-08-20,61.7232711469048,62.77099961723329,61.566467506750385,62.58568572998047,2651200
2004-08-23,62.585670770550415,62.96342193820913,62.2079196028917,62.364723205566406,4164200
2004-08-24,62.82797057642539,62.98477409295234,62.33617871782167,62.386070251464844,2371300
2004-08-25,62.564266870778,64.32473414911276,62.40746332469258,64.16793060302734,4104300
2004-08-26,64.09668507571696,65.26557781502471,63.97552062490677,64.9448471069336,3366000
2004-08-27,64.94482317992792,65.00183820545078,64.26771741330137,64.4886703491211,1642400
2004-08-30,64.3104817903016,64.3960070425648,63.44093880715657,63.54072189331055,1824400
2004-08-31,63.832952968202676,64.01113785740625,63.04894054326119,63.89710235595703,2403900
2004-09-01,64.03963814748087,64.50291987502129,63.398171558407235,63.56923294067383,1913900
2004-09-02,63.57638041599633,65.07313816802285,63.355432844387984,64.9020767211914,2361400
2004-09-03,64.90206475338746,65.37247548877247,64.14656253473194,64.28910827636719,1667700
2004-09-07,65.00184325649086,66.12797302407705,64.90206015685877,65.73596954345703,3903300
2004-09-08,65.77875558777636,65.96406945495312,65.11590736842584,65.17292785644531,2901400
2004-09-09,65.64333537521169,65.68610346147256,64.58135458150673,65.47940826416016,3081200
2004-09-10,65.47937078718188,66.44869680844748,65.35820095619611,66.3774185180664,2846100
2004-09-13,66.56986426137084,66.71240997314453,66.12083493752003,66.71240997314453,2957800
2004-09-14,66.48432531617165,67.17568335174468,66.21348632232403,67.06877136230469,2900100
2004-09-15,66.99749545175492,67.00462436746352,65.86424255371094,65.86424255371094,2768000
2004-09-16,66.03529751441602,66.72665550841006,65.85711268865546,66.39879608154297,2530000
2004-09-17,66.49147684128006,66.61264126621904,65.43661985803624,65.60768127441406,2890900
2004-09-20,64.85929292788916,65.65756310613756,64.83791161345074,65.34395599365234,3017600
2004-09-21,66.28474105843416,67.68170914218726,66.10655627064267,67.63894653320312,6120400
2004-09-22,66.34180423091638,67.12581671468172,65.92841395188262,66.56275177001953,6459600
2004-09-23,65.92840210376845,66.7409246784581,65.92840210376845,66.33466339111328,4313900
2004-09-24,66.7623088996742,66.83358176344352,66.17073379862397,66.62689208984375,2614100
2004-09-27,66.62685406435597,66.63397754022772,65.65752844455102,66.10655212402344,3414700
2004-09-28,66.1065976310016,66.45583851100444,65.40811043322435,66.32754516601562,2806600
2004-09-29,66.32753329967493,66.61975909233546,65.85712807738825,66.48433685302734,3005900
2004-09-30,66.53422758137754,66.69103113280448,65.89276097907208,66.45582580566406,2721700
2004-10-01,66.61263121406489,67.48930316794993,66.52710051878296,66.94049072265625,3184800
2004-10-04,67.56768506766056,68.03096124360731,67.31109849507239,67.6175765991211,3640600
2004-10-05,67.67461020144533,67.78152220902561,66.84783524755048,67.04740142822266,3938300
2004-10-06,67.04741353830443,68.18067232291116,66.81933708523103,68.0880126953125,3445200
2004-10-07,67.71025216094459,68.00960144438062,67.25409931825043,67.60334014892578,2758300
2004-10-08,67.60331998213199,68.06660160416443,66.9333487530306,67.16854858398438,3029400
2004-10-11,67.56770067673524,67.6461024496807,67.02601718304945,67.0972900390625,1624700
2004-10-12,66.46296142150814,67.56770987225558,66.45583250360552,67.41802978515625,2613100
2004-10-13,67.7102090673162,67.88839382801966,67.13289218272253,67.5106430053711,2924600
2004-10-14,66.99749411375754,67.11153501174,65.85711232277936,66.23486328125,3915000
2004-10-15,66.78369962868884,67.22560014678136,66.34892802930939,67.11156463623047,3188100
2004-10-18,67.1115228938759,67.31821246805232,66.34888676130299,67.17566680908203,2572100
2004-10-19,67.17570702665122,67.71026172447604,65.99968560388233,66.32754516601562,4144600
2004-10-20,65.65043453552477,66.06382474275337,64.67397948143736,65.81436157226562,3934700
2004-10-21,65.75004872952258,67.0721953580335,65.73575763978297,66.80062103271484,4023000
2004-10-22,66.4790007328059,66.9935670992444,65.75718361838784,66.25030517578125,3515900
2004-10-25,65.57137091521531,66.25745762961557,65.11397977228181,66.05020141601562,3019600
2004-10-26,66.32180186530844,67.73685445170504,66.32180186530844,67.00788879394531,3445400
2004-10-27,66.66484699738571,68.82316738106633,66.46473897824383,68.68022918701172,4620900
2004-10-28,68.68021890354979,70.13815554940301,68.46581982337163,69.6307373046875,5321900
2004-10-29,69.63070828999004,70.35967358289432,69.63070828999004,70.30964660644531,3862600
2004-11-01,70.18102939972938,70.68845306172992,69.8951639793498,70.26679229736328,2519900
2004-11-02,70.64555900845032,71.2744759314256,70.39542407432725,70.43115997314453,4270100
2004-11-03,71.47458783226504,71.82477675940767,70.52406957748786,71.01719665527344,4333900
2004-11-04,71.01718726793479,71.86050316139007,70.35968276695465,71.4674301147461,4381500
2004-11-05,71.82477807237083,72.71097281242517,71.00290141188188,72.07491302490234,5101400
2004-11-08,71.75329014680551,72.03916091482694,71.31019018374576,71.61750030517578,2819200
2004-11-09,71.62468620848571,72.38223950714158,71.38884229200573,72.08922576904297,2826500
2004-11-10,72.11779901181018,72.41796096240081,71.73901698555076,72.00344848632812,2612000
2004-11-11,72.36076271649704,73.82584700683127,72.33217509420649,73.61144256591797,3966100
2004-11-12,73.93309043688738,74.96937195196516,73.80444878165478,74.7978515625,4435100
2004-11-15,74.93361339959611,75.11228200829926,74.07600625883427,74.76924133300781,3208200
2004-11-16,74.77636544715774,74.77636544715774,73.91161025164618,74.12601470947266,3694200
2004-11-17,74.36185210773874,75.32666117966477,74.28323751015286,74.83353424072266,3666000
2004-11-18,74.96933850857037,75.0265137637315,74.41189340208052,74.9193115234375,2086700
2004-11-19,74.87640545703029,74.87640545703029,72.83244248186709,73.64002227783203,3579400
2004-11-22,73.43278300059917,74.25465952128262,72.99683124925923,73.91161346435547,2344000
2004-11-23,74.14745942111554,74.37615498146974,73.6686289435821,74.19033813476562,2628300
2004-11-24,74.39765454914111,75.19809238445013,74.39765454914111,75.04086303710938,2427600
2004-11-26,75.00506724764408,75.32667396121107,74.9193098193854,74.92645263671875,796200
2004-11-29,75.34810394403088,75.46244898499394,74.6906049640313,75.09796905517578,2881900
2004-11-30,74.71921985420401,75.26236853891662,74.71207158261912,74.86930084228516,2966500
2004-12-01,75.21948731620357,75.86269542414097,75.0122310673941,75.7554931640625,3123200
2004-12-02,75.76976798688234,76.79890073863321,75.66257120235187,76.18428039550781,3503400
2004-12-03,76.18428295886395,76.52732903850071,75.40529055155969,76.09137725830078,2728700
2004-12-06,76.5058944806139,76.99187327661086,76.00561914361342,76.5916519165039,2334600
2004-12-07,76.98475503027834,77.0347820382357,75.81983184814453,75.81983184814453,2280000
2004-12-08,76.13426046053179,76.95613708406076,75.74833564289558,76.24146270751953,3038900
2004-12-09,76.24862196427526,77.05620216321522,75.89128472451772,76.82035827636719,2581600
2004-12-10,77.54217098951364,78.56415558102513,76.64167973518427,78.18537902832031,3898700
2004-12-13,78.5784461948894,79.24309358888512,78.21396618554513,78.93578338623047,4202500
2004-12-14,78.93574533129352,78.93574533129352,78.3640093723015,78.52838134765625,4179100
2004-12-15,78.36407222900672,78.90722646036993,77.65654589044404,78.07820129394531,4820700
2004-12-16,75.89839623247879,76.47013776123889,74.82638495545207,75.32666015625,8113500
2004-12-17,74.32615246140813,75.46248236739986,73.61147791850998,74.1474838256836,7853300
2004-12-20,74.15463943038525,75.06227379049967,73.66151220221319,74.17607879638672,4836200
2004-12-21,74.32614327757068,75.17660762334586,74.09744767020256,75.04796600341797,5247400
2004-12-22,74.64769942372585,75.39810932790662,74.4904757189967,74.61196899414062,3505200
2004-12-23,74.79066790252278,75.3338219067964,74.57626342773438,74.57626342773438,2011800
2004-12-27,75.0050378140032,75.06936131248756,74.18316703553884,74.46903228759766,1716700
2004-12-28,74.46908901988922,75.19091187205865,74.46908901988922,75.14803314208984,1806500
2004-12-29,74.96935618614393,75.15517308296647,74.56199193899728,74.79068756103516,1588100
2004-12-30,74.96932860430536,75.46245012045911,74.88356573289389,74.9836196899414,1629000
2004-12-31,74.98364023715546,75.04081550043041,74.35472869873047,74.35472869873047,1487400
2005-01-03,74.96934310009858,75.21947804108257,74.56912174199144,75.00507354736328,4225300
2005-01-04,74.89786304564184,75.18372838157302,74.26180340389095,74.51908111572266,5154200
2005-01-05,74.14744587282844,75.02649750975982,74.02595257133106,74.18318176269531,3649300
2005-01-06,74.29753791299842,75.21946839369531,74.26180747031638,75.2051773071289,3590100
2005-01-07,75.20517449737375,75.36954652314054,74.61199355518674,74.8835678100586,3075000
2005-01-10,74.52624443144383,75.34812106950916,74.51909616084282,75.02651977539062,2686200
2005-01-11,74.36188201713196,74.8121249777831,73.89734251342507,74.44763946533203,3132600
2005-01-12,74.39760920308134,74.51195973237202,73.18981308951521,73.80442810058594,3975800
2005-01-13,73.46854189092163,74.29756148812831,73.45424534728676,73.56859588623047,3256300
2005-01-14,73.6829230700039,74.57626599144558,73.56857801137625,74.48336029052734,2794400
2005-01-18,74.04031710610725,75.16950473470303,74.01172945636014,75.04086303710938,3224800
2005-01-19,74.5619837019064,74.84070629008204,74.19034994931681,74.3690185546875,3550400
2005-01-20,73.9687975845662,74.16175726610717,73.5256975105198,73.89733123779297,3252100
2005-01-21,73.93313930341553,74.89312673471467,73.63941551759258,74.02627563476562,4581000
2005-01-24,74.02626377152876,74.89311473255876,73.81850529009651,73.96178436279297,3895400
2005-01-25,74.57791775103942,75.00776057053645,73.51047356504309,73.6895751953125,3365000
2005-01-26,73.9188366702301,74.16241230208395,72.92303188682978,73.97615051269531,3979900
2005-01-27,74.05496001260214,74.74986989659374,73.79705317216744,74.50629425048828,3479100
2005-01-28,74.97191399770315,76.44770910087071,74.5062488492462,76.02503204345703,5854200
2005-01-31,76.92772290723467,77.35040555642831,76.76295248396657,77.26443481445312,3826500
2005-02-01,77.12115009472984,78.04531500711776,76.87040894774407,77.65845489501953,3369200
2005-02-02,77.47932541922032,78.06677823755194,77.36469781284093,77.79454040527344,2858400
2005-02-03,77.65844778515702,78.04530786183706,77.51516323874966,77.90202331542969,2933200
2005-02-04,77.9020465134191,79.04113576713738,77.88055519149486,78.81904602050781,3726700
2005-02-07,78.81904134417461,78.9551603292831,78.3247245720004,78.510986328125,2684800
2005-02-08,78.7832298332247,80.18738602701265,78.74024718890665,79.91515350341797,4222400
2005-02-09,80.23754697263288,81.20469488317104,79.77188154437404,79.84352111816406,4589600
2005-02-10,80.09428976069734,80.9396500807387,80.05846723111694,80.78919982910156,3585900
2005-02-11,80.79636542816776,81.62023441676115,80.28771720947982,80.78919982910156,3942900
2005-02-14,80.79631374707148,81.22615649833556,80.01543338661224,80.21602630615234,2267900
2005-02-15,80.5957025003173,81.0900245580246,80.41660093920548,80.74614715576172,2459000
2005-02-16,80.48826017546389,80.68169296963815,79.95812095519422,80.43094635009766,2228800
2005-02-17,80.66735557615219,80.81780025685718,79.19156021383449,79.23454284667969,2349400
2005-02-18,79.27038983109945,79.37785191214516,77.80175414355472,78.08831787109375,3331900
2005-02-22,77.40772543096901,78.27457665037821,77.02802539022967,77.2716064453125,2515000
2005-02-23,77.81606141023848,78.3820230950328,77.49367526622441,78.16709899902344,2764100
2005-02-24,77.83754932357981,78.23873512179394,77.46501496888392,77.73008728027344,1995900
2005-02-25,77.89486951313935,78.98380482553321,77.75158495509608,78.8763427734375,2222200
2005-02-28,78.80472354875667,78.8835287095653,77.62265160237564,77.94503784179688,2650000
2005-03-01,77.65130531472268,79.34919080146389,77.65130531472268,78.81904602050781,2504400
2005-03-02,78.26738965485282,79.75035050336754,78.24589833999335,78.61126708984375,2217100
2005-03-03,79.09129057165647,79.42083695526041,78.0883202278735,78.38204956054688,2061300
2005-03-04,78.94798835442829,80.83214081005758,78.82620057009223,79.90081024169922,3103600
2005-03-07,80.20169622983074,81.03989589203329,79.90080684634634,80.8106460571289,2543300
2005-03-08,80.81063600319273,81.07570284653562,80.30914829403005,80.6888427734375,2702600
2005-03-09,80.59569574027662,80.59569574027662,79.39213313192533,79.4279556274414,2718500
2005-03-10,79.84349548705443,80.23752121503435,79.39216139788891,79.75753021240234,2430800
2005-03-11,79.76469308304566,79.91514325035264,78.02383062253757,78.48233032226562,2983800
2005-03-14,78.66857617967763,79.34199986891313,78.13127144015903,78.80469512939453,2701400
2005-03-15,80.02259507381397,80.16587963752393,79.1127613236815,79.19156646728516,3080300
2005-03-16,79.19156217377073,79.22021908495904,77.80173204274611,78.78321075439453,3160100
2005-03-17,78.78323341026798,79.6930673727152,77.69429233495089,78.83338165283203,5540200
2005-03-18,78.58973072177473,79.30613667353472,78.48943432578781,78.79032897949219,7553500
2005-03-21,78.87638423193219,79.40652371097327,78.51818084716797,78.51818084716797,3944600
2005-03-22,78.62560771459748,79.51395018023467,77.13548099009496,77.36473083496094,5687400
2005-03-23,77.08534772961055,78.03100420657582,77.01370816400303,77.4148941040039,4449100
2005-03-24,77.93068735949737,78.446500842295,77.63696357752748,77.65845489501953,2915600
2005-03-28,78.05249836722813,78.79756190127922,77.76594009438044,78.57547760009766,2543200
2005-03-29,78.57548036116914,79.25606448172053,77.63698941339327,77.69429779052734,3836100
2005-03-30,77.50800802015101,78.7330622743603,77.50800802015101,78.66142272949219,4057300
2005-03-31,78.80471961194202,78.99098684325246,78.13129571349148,78.79755401611328,3790100
2005-04-01,79.33486735778588,79.56411725694736,77.59399905717729,78.3032455444336,5625700
2005-04-04,78.19575228333485,79.75751830677099,77.78740089245116,79.52110290527344,6114600
2005-04-05,79.48529323319426,80.16588263836167,79.12709000913163,79.22738647460938,4656300
2005-04-06,79.48532392114917,80.69605303496226,79.37070168738408,80.59575653076172,5276800
2005-04-07,80.59578092394636,81.62024306898746,80.38085665518203,81.33367919921875,4735900
2005-04-08,81.1330279143419,81.8494343418416,80.79631601889746,80.90377807617188,3801400
2005-04-11,81.27629978635825,81.53420651458455,80.18019892426985,80.30198669433594,3599100
2005-04-12,79.915152814615,80.57424552863597,78.90501695586156,80.06559753417969,5921800
2005-04-13,80.07276904938726,80.23754498419507,78.61130428989138,78.81189727783203,4684700
2005-04-14,78.91213720340667,79.09123873792836,77.67991777137821,77.722900390625,4350600
2005-04-15,77.62262392371397,78.13843735026056,76.29010772705078,76.29010772705078,5600500
2005-04-18,76.43339414035417,77.36471910262247,76.15399610509901,76.90621948242188,4059600
2005-04-19,77.01369815601636,77.31458757191622,76.41191932421667,76.43341064453125,4613900
2005-04-20,76.44058654290644,76.57670555397561,74.55643904143068,74.74270629882812,5484400
2005-04-21,75.58086591994268,76.59816157125661,74.11223079396751,75.30146789550781,7066500
2005-04-22,75.40202163206797,75.94060750086845,74.11659603441069,74.82035064697266,7265000
2005-04-25,75.7610799569077,76.41456678350625,75.07887337155609,75.93342590332031,3600400
2005-04-26,75.93338910825801,76.97465791880117,75.48816183920442,75.91902923583984,3703400
2005-04-27,75.88316331271149,77.67127248997508,75.55283127660292,77.38402557373047,3631200
2005-04-28,76.80234669667455,77.47737610724612,76.07705496699559,76.28530883789062,3574100
2005-04-29,76.93159523590589,77.03931349381256,75.0429562985513,76.68743896484375,4585000
2005-05-02,76.0124151194905,76.0124151194905,73.96578998743844,75.01423645019531,6286100
2005-05-03,74.36075421353483,75.33020763472487,74.0016969850364,74.9496078491211,5618200
2005-05-04,75.5456511318625,76.94597784099878,75.15069140270566,76.31403350830078,5198800
2005-05-05,76.69464942875116,77.04652408520064,75.08606861313604,75.61747741699219,4722400
2005-05-06,75.94063907621647,76.24942865520481,75.04299558831792,75.17225646972656,3804000
2005-05-09,75.02862618648905,75.78982601446592,74.84191483063006,75.76110076904297,3631100
2005-05-10,74.84186637002834,74.87776879447469,73.11120843567554,73.32664489746094,6365100
2005-05-11,73.64265160630961,74.71264078534792,73.22614383932472,74.50438690185547,5132100
2005-05-12,74.32485134784953,74.49002009484079,71.33749237400616,71.96943664550781,7465400
2005-05-13,71.45239669607128,71.95507468232091,69.24060259901454,70.24596405029297,9189000
2005-05-16,70.37523490117057,71.30160344660896,70.2316141643128,70.67684173583984,4893300
2005-05-17,70.01616019820446,70.82045036976463,69.83663158231163,70.62655639648438,5396100
2005-05-18,71.09335695651674,71.78992910835214,70.7342995981505,71.5098648071289,5248400
2005-05-19,71.81147592888752,72.17053330853196,71.25852997489865,71.89765167236328,3734500
2005-05-20,71.77555546076006,72.67319875305961,71.4883139902481,72.58702850341797,3495500
2005-05-23,72.99633501606266,72.99633501606266,72.026881603285,72.30694580078125,3706200
2005-05-24,72.17052903161549,72.17052903161549,70.8779203499848,71.5098648071289,4118500
2005-05-25,71.59600220239244,71.59600220239244,69.82226426842811,69.83662414550781,6690600
2005-05-26,70.41111158526239,70.49010459912107,68.96770026149088,69.36984252929688,7984100
2005-05-27,69.62118923071654,69.63555458690288,68.33576926972268,68.57992553710938,6726800
2005-05-31,68.14906257850309,70.06642685009716,68.04134431496645,70.01615905761719,7687500
2005-06-01,69.94434797270817,71.65345837783406,69.44884725291698,70.83480834960938,6487000
2005-06-02,70.37521608286083,70.7199134294394,69.82227036715801,70.13823699951172,3975200
2005-06-03,70.05203371572846,70.46853573621601,69.41291259527549,69.87250518798828,3299100
2005-06-06,69.47759159885973,70.93536344520776,69.24779513261934,70.67684173583984,3379800
2005-06-07,71.23694088692632,71.43083482833998,70.5762770039281,70.6624526977539,3734200
2005-06-08,71.16514224416288,71.25850063084542,70.62655639648438,70.62655639648438,3018700
2005-06-09,71.23696490156132,72.06998045302835,70.81327992467273,71.77555084228516,4091100
2005-06-10,71.90480913600673,71.90480913600673,70.86354521239679,71.1292495727539,1879100
2005-06-13,70.9353471958742,71.64627899439112,70.66964834567362,71.28004455566406,4434400
2005-06-14,71.56012907787516,71.93354630143868,70.55476742843155,70.5906753540039,4687900
2005-06-15,70.80612201816267,71.54577942560772,70.2388106379909,71.22981262207031,6113000
2005-06-16,71.81146499163368,74.18124552786958,70.87791375523045,73.71446990966797,10327600
2005-06-17,73.7862608279701,74.85624984022525,73.46311151220573,74.540283203125,6254200
2005-06-20,74.14530181884766,74.57616930509033,73.72161700969593,74.14530181884766,3718500
2005-06-21,73.9657894052209,74.54028316492821,73.64981728950403,73.70726776123047,3704600
2005-06-22,73.72882580883723,74.25305188561828,73.49184667226034,73.585205078125,3564400
2005-06-23,73.46313114825098,74.05916214600177,73.17588419147155,73.26205444335938,3857400
2005-06-24,73.36257344806711,74.46846485873228,73.19740471704247,74.4469223022461,5214000
2005-06-27,73.96579244054136,74.46129319165323,73.24767795082737,74.10941314697266,3099900
2005-06-28,74.32480430228577,75.37325015962824,74.18118368354997,74.65513610839844,3477400
2005-06-29,74.83470841723587,75.00705435633711,73.6857263585966,73.81498718261719,3225900
2005-06-30,74.16688043964155,74.29614129625328,73.08252578021974,73.26205444335938,3062500
2005-07-01,73.36973259593634,74.42536143426074,73.36973259593634,73.75751495361328,2433500
2005-07-05,73.42722304088973,74.46848709298938,73.36259535213513,74.0950698852539,2487800
2005-07-06,73.98735609932871,74.73419603907848,73.98735609932871,74.36077880859375,4302800
2005-07-07,73.49902160883893,74.83471508310166,73.26204249722929,74.75572204589844,4250300
2005-07-08,74.75568757642459,76.0052047579252,74.45408092550662,75.86876678466797,3191900
2005-07-11,75.87594517537285,77.1685473829207,75.84721995136827,77.06082916259766,4440500
2005-07-12,76.83824367122716,78.04467612745924,76.83824367122716,77.01058959960938,4383200
2005-07-13,77.0680403064972,77.88669031731196,77.0105898372664,77.55635833740234,3890400
2005-07-14,78.2385811701814,78.41810981488469,77.71436059576429,77.95133972167969,3750300
2005-07-15,77.73587668985816,78.12365908784285,77.39117939872366,77.9154052734375,2968100
2005-07-18,77.52042968551561,78.04465548913925,77.19009779397919,77.72868347167969,2687900
2005-07-19,78.02315202453664,78.9064299103308,78.00160946324111,78.79153442382812,3630700
2005-07-20,77.37685361362954,78.97825169536831,77.36249373127859,78.7125473022461,4081500
2005-07-21,78.4540000369312,78.73406422118642,77.47018131353585,77.73588562011719,3921800
2005-07-22,77.69270190933096,78.62840836244126,77.50555842212465,78.54923248291016,2310700
2005-07-25,78.50605728366304,78.981112619227,77.95902536462428,77.96622467041016,1873000
2005-07-26,78.11740334172706,78.25416274021768,77.42641802399991,77.53438568115234,2000700
2005-07-27,77.69990889283628,78.58523683608249,77.21765972046828,78.56364440917969,2389200
2005-07-28,78.59963124185488,79.10347834082444,77.80787779085891,78.93792724609375,2342500
2005-07-29,78.75798139296724,78.81556485876003,77.3328263090958,77.36161804199219,2087800
2005-08-01,77.44796774996216,77.93021679565791,76.7929738429572,77.10247802734375,2459600
2005-08-02,77.19606506580806,78.94512298346105,77.19606506580806,78.8299560546875,2682200
2005-08-03,78.51320491006166,79.967150708489,78.29007050926285,79.80160522460938,3367900
2005-08-04,79.17546811311142,79.22585228225216,78.27574688455333,78.63563537597656,2082300
2005-08-05,78.27571749345799,79.03148523825489,77.91582913716623,78.95950317382812,3261500
2005-08-08,79.19704933764913,79.86644205663636,78.9235360997959,79.11067962646484,2777500
2005-08-09,79.19704296786753,80.34149097216812,79.18984366202727,80.24072265625,3613500
2005-08-10,80.60062638535922,81.92501335566527,80.48545943587396,80.63661193847656,4273100
2005-08-11,80.67256585732116,82.25607224377269,80.57179756862661,82.15530395507812,4167700
2005-08-12,81.46430882366178,82.3064460555144,81.26277227157321,81.80260467529297,3031100
2005-08-15,81.51473753272283,82.64478709607869,81.320400177365,82.53681945800781,2315000
2005-08-16,82.45041070409377,82.68073899357901,80.61497820027161,80.67256164550781,2684000
2005-08-17,80.50704794272636,80.6653997448205,79.32661422533997,79.98880767822266,4218100
2005-08-18,79.816038431296,80.13274193897429,79.3337893565753,79.78724670410156,2042200
2005-08-19,79.98162219378735,80.49985702080873,79.85925593031108,80.08958435058594,1450300
2005-08-22,80.47107572550883,80.91014016171891,79.95283537513211,80.39909362792969,1682400
2005-08-23,80.25511882542813,80.61500725065427,79.9456145600752,80.47105407714844,1927000
2005-08-24,80.46382049552614,81.1260135979143,79.16822052001953,79.16822052001953,2245400
2005-08-25,79.34821106579126,79.71529885546654,78.45568916700545,79.53535461425781,1968300
2005-08-26,79.5352928144242,79.67924589895301,78.4772206196171,78.9954605102539,1660700
2005-08-29,78.815583476207,79.47058319853244,78.65723165360248,79.28343963623047,1613800
2005-08-30,79.10347018771311,79.17544676830117,78.35490166838294,79.0602798461914,1804400
2005-08-31,79.0602916358421,80.25512391933209,79.0602916358421,80.02479553222656,2130100
2005-09-01,80.39905548688431,82.37124760593461,80.32707891491367,81.421142578125,3080700
2005-09-02,81.55068362262338,81.9033725872104,81.14041121727873,81.48590087890625,1472900
2005-09-06,81.90339940753886,82.71674518160927,81.78823248831067,82.47921752929688,2199100
2005-09-07,82.4792303347671,82.81033253322353,82.29209229915827,82.70956420898438,2098200
2005-09-08,82.57999161743014,83.27817047470796,82.34966326963125,82.88949584960938,2281000
2005-09-09,83.13421360886457,83.69563858836864,83.06223703303648,83.61646270751953,2357100
2005-09-12,84.0051345914396,85.27914237399374,83.90436629684281,84.93364715576172,3124300
2005-09-13,84.75372860628534,84.85449693134105,84.02675241141617,84.35784912109375,2378500
2005-09-14,84.75370491358674,85.29353742895991,83.14860048496799,83.422119140625,3492100
2005-09-15,82.77432888632946,83.60207327348495,82.67356057743689,83.45811462402344,2979300
2005-09-16,83.85398837226161,85.29354182071245,83.71003522400076,85.22156524658203,6335500
2005-09-19,85.00563283680097,85.3799198209627,84.22827263104429,85.13519287109375,3313100
2005-09-20,86.65393306248137,86.6611323684685,84.96965789794922,84.96965789794922,6741600
2005-09-21,83.58766838403069,84.6529403441829,83.1054193003465,83.2637710571289,5870100
2005-09-22,83.26375593687555,85.68220571237705,82.7383166112837,85.29352569580078,4830800
2005-09-23,85.5023116675014,86.30846389553962,84.8041270892439,85.99176025390625,3835100
2005-09-26,86.33723893805873,86.47399830946233,85.86938833550084,86.37322998046875,3848700
2005-09-27,86.15726594460159,87.0713853985938,86.04930383633972,86.13567352294922,4065000
2005-09-28,86.481166200234,86.99940627048974,86.214846860947,86.44517517089844,3630400
2005-09-29,85.72541401201238,87.43128696972276,85.67502985671095,87.2513427734375,4431100
2005-09-30,87.01380459156533,87.59682195974274,86.94902732463913,87.51045227050781,2643800
2005-10-03,87.30173956071515,88.07190061259482,87.29454025421295,87.56085968017578,3418100
2005-10-04,87.02100843629164,87.56084098801621,85.43749632302318,85.5958480834961,3963800
2005-10-05,85.59585302650845,85.79019583157024,83.9259711230661,84.75371551513672,4382500
2005-10-06,84.71770826211991,85.33671661133037,83.65964121501175,84.16348266601562,4138300
2005-10-07,84.39380957726847,84.96963307587215,84.35781854930829,84.62413787841797,3089500
2005-10-10,84.93367821723888,85.9197745938061,84.60978079350377,85.30076599121094,3388000
2005-10-11,85.79737593982394,86.22204702609193,84.21386947952797,84.60974884033203,5395400
2005-10-12,84.60979552872543,85.41594232071385,81.71628867472934,83.24221801757812,6656200
2005-10-13,82.91828696124236,83.65966169414418,79.34100080050736,81.46434020996094,9109200
2005-10-14,82.12652897990394,82.6807601722142,80.99647966211481,82.45043182373047,5705300
2005-10-17,83.48690321548084,84.71772079193778,83.44371836799628,84.24987030029297,4296800
2005-10-18,83.8900269632859,85.21441425077009,83.87562834542071,84.27870178222656,4139600
2005-10-19,83.6740677723162,87.33053587980146,83.5085166628459,87.2369613647461,6704500
2005-10-20,86.53733494076879,88.05198960192502,85.62132575567813,85.65017700195312,9035700
2005-10-21,86.40751143467128,86.53733929803954,85.12365567344612,85.66460418701172,5417800
2005-10-24,86.33535867417795,89.05452892784837,85.97472642323685,88.93191528320312,5516500
2005-10-25,88.36933649097094,90.04267014513468,88.22508577189959,89.11224365234375,5102600
2005-10-26,88.89583916155625,90.15083770305003,88.46308161305608,89.61710357666016,4170000
2005-10-27,89.29255490130912,90.08594481827666,88.00869935967145,88.3044204711914,4132200
2005-10-28,89.22041037419564,89.97774024875649,88.41980639348081,89.8406982421875,3520700
2005-10-31,90.15806013788453,91.8746676218978,90.12199471270486,91.14619445800781,3816000
2005-11-01,91.38421336482908,91.52125538585138,90.01381516585256,91.31208801269531,3914900
2005-11-02,90.87933267822048,93.36048447414467,90.87933267822048,93.13689422607422,4266100
2005-11-03,93.76436874258245,93.76436874258245,92.3867511450924,93.1873550415039,5002600
2005-11-04,93.5840750524754,94.61547807285923,92.97099578475695,94.4568099975586,4093400
2005-11-07,94.12500992441612,94.9833163735153,92.80509467146805,93.15129852294922,3561400
2005-11-08,92.57430333344585,92.58151201644937,91.75927092351056,91.97564697265625,2944500
2005-11-09,92.20647887032031,93.5696687465616,91.96125150765019,92.82676696777344,2655400
2005-11-10,92.43003746412069,94.00239973225453,92.16317313191628,93.82929229736328,3174500
2005-11-11,93.3676609564125,94.21875854898245,93.23783866577388,93.76435852050781,2134000
2005-11-14,93.9951685442954,93.9951685442954,92.75459307199539,93.21620178222656,1799300
2005-11-15,93.54801661260295,93.59129072779267,91.64387850488467,92.30023193359375,2356400
2005-11-16,92.57430770063836,92.66085592325496,91.28323801661571,92.4516830444336,2538900
2005-11-17,92.32183933868052,94.06008911132812,92.22086276712868,94.06008911132812,2595400
2005-11-18,95.13479063445777,95.13479063445777,93.62735035217807,94.90399169921875,2616000
2005-11-21,94.66594758045466,95.55309966477768,94.11779062696463,95.50261688232422,2084400
2005-11-22,95.06267272613988,95.92097932713659,94.34861683832038,95.63968658447266,2392300
2005-11-23,95.6468482644191,97.36346062281746,95.6468482644191,96.70710754394531,3139800
2005-11-25,96.79369491303918,97.29136918518158,96.67108126717588,96.73599243164062,808200
2005-11-28,96.86582153171645,96.86582153171645,94.3702415970322,94.55777740478516,2759900
2005-11-29,95.20692099853893,95.51705947363784,93.07919276825692,94.08895874023438,3095500
2005-11-30,94.0889516566594,94.68039382830726,92.63921397626012,93.01427459716797,3016000
2005-12-01,94.1250334679077,94.96170307341683,93.48310839252781,93.96635437011719,2497400
2005-12-02,93.87255337376804,95.03378944994668,93.77157680217081,94.5433349609375,1891400
2005-12-05,94.30534552182361,96.41143681242002,93.34606229259019,95.9642562866211,2709600
2005-12-06,96.61339726098842,96.76486767932792,94.37748345874533,94.70925903320312,3019000
2005-12-07,94.25482975873666,94.55777050212733,92.93492554617976,93.6850357055664,2646300
2005-12-08,93.07917594967292,93.77880332013498,92.14874418406147,92.78345489501953,3191000
2005-12-09,93.15131307164074,93.80045777587833,92.6392213996645,93.5191650390625,1878800
2005-12-12,94.05287624152884,94.5000676670628,92.68968692395663,93.7715835571289,2006300
2005-12-13,92.89890678837138,95.12761233937013,92.68973383694139,94.94729614257812,3430800
2005-12-14,94.54335176830354,95.13478293405113,93.29556726768082,93.49752044677734,3471600
2005-12-15,92.50218835172852,93.47589999978611,92.03336524392532,92.53825378417969,5480900
2005-12-16,92.0766445811389,92.22089530487652,90.9586822123289,91.23997497558594,5437100
2005-12-19,91.81697930848969,91.88910466284278,89.76137094114998,90.2518310546875,4217400
2005-12-20,89.94168136485902,91.04522067732452,89.68202570343318,90.77835083007812,4094300
2005-12-21,91.13176735189373,92.53823641125597,90.95866541481317,91.82418060302734,3694400
2005-12-22,91.99726080207567,92.50214359523376,91.37697308316162,92.31461334228516,2437100
2005-12-23,92.28580199458357,92.6608626625731,91.88910977217829,92.40120697021484,1670200
2005-12-27,92.82674230765616,93.33162527479993,92.19924569175056,92.50938415527344,2826500
2005-12-28,92.53823850429615,92.90607944106078,92.06220128804333,92.30743408203125,1809100
2005-12-29,91.92516238628076,92.85559979554795,91.92516238628076,92.33628845214844,1684500
2005-12-30,91.70879500087013,92.37236261508198,91.38422262914634,92.11270141601562,1962500
2006-01-03,91.38422837792989,93.36049746849959,89.6027093260204,92.94937133789062,6188700
2006-01-04,91.85305770502804,92.97823436988327,91.1534300712099,91.66552734375,4861600
2006-01-05,90.87933215413226,91.83140112801546,90.59803942340393,91.62944793701172,3717400
2006-01-06,91.80973978702853,93.2234172529252,91.80973978702853,92.92769622802734,4319600
2006-01-09,92.68247269034839,94.21154965184569,92.32184050089178,94.04566192626953,4723500
2006-01-10,93.80045310279507,95.8921158102332,93.77881604762747,95.22855377197266,5536800
2006-01-11,94.81026480918072,96.50524165322915,94.7886277435655,95.1853256225586,4671400
2006-01-12,94.77415069350569,96.07964868041545,94.75973332758522,95.3872299194336,3725500
2006-01-13,95.22131618939605,96.4041892039268,95.13475698937293,96.11567687988281,2894900
2006-01-17,94.48564604672028,96.02194289737072,94.18992497117885,95.63245391845703,3621600
2006-01-18,94.52891548866822,95.69736035649456,94.49285006564182,95.47377014160156,4302700
2006-01-19,95.72624256633742,97.24090269146532,95.71903388206294,96.51963806152344,5010700
2006-01-20,95.99932717984234,96.87368442669371,94.84313973261364,94.98043823242188,5679900
2006-01-23,95.12501135072122,96.9604480819154,95.12501135072122,96.01382446289062,3847900
2006-01-24,95.84037082637415,96.89538188953185,95.63080643321373,96.10773468017578,3758000
2006-01-25,96.57740752587003,96.85922669316525,95.7175056752557,96.51237487792969,3740500
2006-01-26,96.11494673212022,99.98093855899376,96.11494673212022,99.28722381591797,4808200
2006-01-27,99.67021484350131,100.98537855447192,99.07045449863281,100.40006256103516,3687900
2006-01-30,100.84085923441154,101.62850642087906,100.2338656793112,101.07209014892578,3168600
2006-01-31,100.97086028843312,102.51003177638982,100.04591516665867,102.0692367553711,4906200
2006-02-01,102.17768312988305,103.29773777987691,101.47674620171627,102.40170288085938,3635900
2006-02-02,102.80635354152416,103.89027513905894,102.17767151712393,102.98700714111328,3711000
2006-02-03,102.28606795636206,103.42056680223472,101.67184132129988,103.14598083496094,4178900
2006-02-06,103.05202727117386,104.12872656335938,102.32219078693898,103.20378112792969,3849300
2006-02-07,102.86420242807253,103.55790633485401,100.79029083251953,100.79029083251953,5207700
2006-02-08,101.23829292225518,102.5606677158004,100.6746545107114,101.98980712890625,4481400
2006-02-09,101.98978095473441,103.22545624829142,101.5200860743955,101.78022766113281,3059500
2006-02-10,101.6501924312934,102.50288337592161,99.57629209905194,101.75135803222656,4433100
2006-02-13,100.9131317138672,102.46675983097943,100.55182438796545,100.91313171386719,2155200
2006-02-14,102.03314522729089,102.84248080673838,100.27719762850924,102.45226287841797,3003100
2006-02-15,102.61121795394084,105.1403676922422,102.17764501688775,104.8802261352539,4330700
2006-02-16,105.57405146822269,105.75470521062127,104.20830961673859,105.42951965332031,2847300
2006-02-17,105.63900990983524,105.66068746158639,104.09983757817314,105.16930389404297,2407200
2006-02-21,105.18375931411643,105.3210578260783,103.34109023095444,103.65904235839844,2539800
2006-02-22,103.65906205603504,105.16210174560547,103.50008596210388,105.16210174560547,2664200
2006-02-23,105.21991283444756,105.21991283444756,103.90474896376807,104.02760314941406,2457400
2006-02-24,103.37003166753568,105.06816954139447,103.37003166753568,104.17213439941406,2314700
2006-02-27,104.64179573156815,104.95974785069856,103.57955161821037,103.9264144897461,2282200
2006-02-28,103.76747771192794,104.17214018901879,101.96816309819302,102.09822845458984,3911700
2006-03-01,102.59679553756553,103.86860401412348,102.29329879462911,103.44225311279297,2989900
2006-03-02,103.38447700469987,104.6779522982979,102.78470555838916,104.05650329589844,2902300
2006-03-03,103.69515037536621,106.5711521555786,103.40610907052178,105.5016860961914,4042700
2006-03-06,105.89192229705851,106.28214029554688,104.28049507498775,104.7935562133789,2900600
2006-03-07,104.32387514149602,104.388918840955,103.45673975303127,104.25884246826172,2775400
2006-03-08,103.73129386131357,104.54061841829268,102.07650079779437,102.96532440185547,3633100
2006-03-09,103.08815424694166,103.62288174914444,102.03313256281781,102.39443969726562,2262100
2006-03-10,102.34391046357764,102.93644870852523,101.27443290481312,102.27164459228516,3247000
2006-03-13,102.28609650070004,103.29775250712083,100.57349243995581,101.68632507324219,4945700
2006-03-14,105.44391723033387,108.03087872632511,105.22713065306313,107.97306823730469,11360100
2006-03-15,107.1637581162336,108.13205913090204,106.65069684731905,107.66958618164062,7557100
2006-03-16,107.74181223653503,108.16815208935249,106.54949185210386,106.7229232788086,6025800
2006-03-17,107.1276564231373,109.505054537075,106.96868026675176,108.65237426757812,6670000
2006-03-20,108.42829184410672,110.31431585035003,108.24763824590802,109.96745300292969,4896800
2006-03-21,109.55556259007875,109.83738174693327,107.67676086023532,107.95858001708984,4460600
2006-03-22,107.16369308824324,110.09750511356268,107.16369308824324,109.7072982788086,3770800
2006-03-23,109.23763834879986,109.80851000830859,108.71735499952071,109.59894561767578,3852700
2006-03-24,109.60615816327007,110.24929563053502,109.02807540483902,109.96024322509766,2651700
2006-03-27,109.93136388487633,112.26540598225358,109.93136388487633,112.00526428222656,4314600
2006-03-28,112.01245476323776,114.04301049993465,111.39823913574219,111.39823913574219,6481600
2006-03-29,111.93296789378728,113.8623580749276,111.88961279330698,113.3781967163086,4458100
2006-03-30,113.97799071319662,115.35096498391698,112.51831725045999,113.31318664550781,4771000
2006-03-31,113.45047718224929,114.44768872663727,112.90851630399014,113.42157745361328,3298400
2006-04-03,114.16586375957647,115.53160466293774,113.39266098629223,114.25979614257812,3979800
2006-04-04,114.25981644632999,116.60109170794165,114.25981644632999,116.34095001220703,5088800
2006-04-05,115.97960946422714,117.00572057372368,115.61830226963453,116.16026306152344,4191500
2006-04-06,115.66888238352416,117.1141110596151,115.66888238352416,117.09242248535156,4180900
2006-04-07,117.09242829033975,117.90176388690384,115.53881179700763,116.3553695678711,4964100
2006-04-10,117.42485767559043,118.54491236943284,116.66611023613444,117.39595794677734,4470700
2006-04-11,117.78622200805479,118.00300867098387,114.54167732194922,115.004150390625,4962800
2006-04-12,115.35098769156394,115.83513821574714,114.46216367474716,115.27149963378906,3404000
2006-04-13,114.49827696255934,115.39432300311415,114.3176233191895,115.20643615722656,2217100
2006-04-17,115.79897472651207,117.93791851839609,115.61832109979365,117.02019500732422,3381700
2006-04-18,117.60548469581735,120.08404660757377,116.57215147463933,119.6288070678711,4828300
2006-04-19,118.90617948679345,121.08847765399052,118.2196981404269,120.71271514892578,4670400
2006-04-20,119.99735503788833,122.34585202456044,119.99735503788833,121.79666900634766,4893900
2006-04-21,122.10078639657536,122.12975730713758,119.7112055859452,120.12394714355469,3591500
2006-04-24,119.84156924943001,120.39914339046013,118.39333276303206,119.73295593261719,3431400
2006-04-25,119.73293219695081,119.91396172186354,117.13333982183823,117.88642883300781,3361400
2006-04-26,118.3933161972332,119.22604764072778,117.45196040295717,118.3208999633789,3032600
2006-04-27,118.28467010217702,120.05150859722133,117.37952267577273,118.7336196899414,4063900
2006-04-28,118.61780021199674,119.39984919150919,114.88134765960396,116.06890106201172,5349000
2006-05-01,116.07615146390829,117.06818987750786,113.02037172874476,113.28829193115234,5652300
2006-05-02,114.12101842253273,115.85889746483913,113.77343377473908,115.01168060302734,3710700
2006-05-03,115.49686928754157,115.75031511316907,114.22966225774096,115.24342346191406,2521000
2006-05-04,115.25064076639107,116.0978576271843,114.41066110898112,114.43962097167969,2554600
2006-05-05,115.67788785741409,119.1898657112498,115.63444253124992,119.03779602050781,3737500
2006-05-08,119.03770441238699,120.60180124561589,117.45188493279316,118.41496276855469,2395700
2006-05-09,118.57437686143417,120.39190989699871,118.53816873500148,120.02261352539062,2615300
2006-05-10,119.37090889140684,119.7764133807687,117.34337539542892,118.82057189941406,3215800
2006-05-11,119.03053096218007,119.11018439123092,114.84512943386805,115.3375244140625,3639600
2006-05-12,114.9537164036136,115.6416261974563,113.0130857389489,113.04204559326172,4579300
2006-05-15,111.94869710492443,113.68657665967231,109.42152018109468,110.8914794921875,6119200
2006-05-16,111.22458148289924,112.31799619898408,109.06670087353642,110.57286834716797,4016000
2006-05-17,109.23324309981534,109.45046973680896,106.44538340060852,107.32157135009766,7477600
2006-05-18,108.15432209678626,108.79878701551034,105.9023134843154,106.46712493896484,6076200
2006-05-19,107.38671159654629,108.94356102166414,106.26432638233433,108.19048309326172,6502500
2006-05-22,107.53876829371278,107.53876829371278,103.79507927793048,105.82984924316406,8472600
2006-05-23,107.20575197545749,107.80677168910192,104.05583190917969,104.05583190917969,5606600
2006-05-24,104.01961096225577,105.4244025236555,101.6807114616371,104.21512603759766,8759600
2006-05-25,105.14195548069132,106.67709350585938,104.76541094065014,106.67709350585938,5611300
2006-05-26,108.61771875220741,110.74662780761719,108.23393702988287,110.74662780761719,5749700
2006-05-30,109.34186123413181,110.029771396301,108.074654233074,108.49464416503906,5217200
2006-05-31,109.55906402526597,110.34835005409316,108.00220357618237,109.30561828613281,5262200
2006-06-01,109.2838825510908,111.21727620234178,108.75527952750825,111.18831634521484,4206200
2006-06-02,112.60042408026901,113.68660180451597,111.22460338255799,111.57941436767578,4253400
2006-06-05,112.20208005949424,113.1723955118634,108.50908494924691,108.90734100341797,5400000
2006-06-06,109.62425543341838,110.1094133084993,106.8074360368538,108.0674057006836,6562400
2006-06-07,108.07461677746376,110.44972304951105,107.38670685370474,108.58149719238281,4319900
2006-06-08,107.74873885113185,109.1028357019541,104.63502987007918,108.44388580322266,7885500
2006-06-09,109.341849965047,110.13838441757179,107.88637633725214,108.53807830810547,4407300
2006-06-12,108.83495182952089,109.1390801033567,104.99712371826172,104.99712371826172,5860300
2006-06-13,104.63503094164645,105.35914880283431,99.935502044839,100.83341217041016,15679700
2006-06-14,101.1954763529533,102.65094935178037,99.05208251096597,100.29032897949219,10541300
2006-06-15,101.66615136906151,105.13468238727631,101.42720217914594,104.35987091064453,10870200
2006-06-16,103.76612218269779,104.70022963624312,103.26647894392227,104.27300262451172,6368000
2006-06-19,104.98261139757284,105.54018528150475,103.51265292561249,104.09194946289062,6517300
2006-06-20,104.74368179129767,105.7140084708806,103.97611835084327,105.18539428710938,5808700
2006-06-21,105.55472569045183,108.8494661030358,105.35921065937868,108.49464416503906,7645900
2006-06-22,108.40770796166319,108.9797563058894,106.40913525960548,107.39393615722656,4402000
2006-06-23,107.06090498429043,108.1832796138434,106.59746967136131,107.11158752441406,3488000
2006-06-26,107.8356176139742,108.58145803750894,107.24184678466051,108.54524993896484,3799600
2006-06-27,107.92981643231839,109.26219122546557,106.56123352050781,106.56123352050781,3666400
2006-06-28,106.7422831026873,107.53156941155075,105.04784890315423,106.07609558105469,4907100
2006-06-29,107.24188472859906,110.21076202392578,105.97467817531997,110.21076202392578,6656800
2006-06-30,110.21074608251789,110.58729049765022,108.25562989294605,108.9290542602539,5973300
2006-07-03,110.01529344537836,110.63803565608153,109.5880662790923,110.39183807373047,3250500
2006-07-05,109.84870682784845,109.84870682784845,108.61770834312594,109.30561828613281,4478600
2006-07-06,110.2759710913334,110.2832193458042,108.76256649550297,109.03773498535156,3441000
2006-07-07,108.62498053387279,108.97980247311371,107.48812056593336,107.53880310058594,3618700
2006-07-10,108.07463123654927,108.91461092174535,107.28534512420944,107.78498840332031,2946100
2006-07-11,107.45910236383997,107.89357756564887,106.11949074839538,107.65461730957031,3817200
2006-07-12,107.67630738906678,108.0600889132538,105.04776746575045,105.19258880615234,4300100
2006-07-13,104.29476796067054,105.1419851277799,102.89722480999093,103.22307586669922,6116700
2006-07-14,103.62132163865955,103.91096450681657,100.63070985614452,101.44896697998047,5659400
2006-07-17,101.44896768418782,103.02030290563972,100.79725465255994,102.00653076171875,4528700
2006-07-18,101.82549967521582,103.17235999467053,101.30413367741612,103.07098388671875,5874300
2006-07-19,103.33167965921172,107.06089555027958,103.33167965921172,106.42366790771484,6079400
2006-07-20,106.22811923113153,107.02465353208626,104.99712071533644,105.12745666503906,4264500
2006-07-21,105.28716488274603,105.29441957607258,102.92809367509618,103.102294921875,4682400
2006-07-24,104.01689416798489,107.0655377741778,103.84268184802308,106.63001251220703,4610700
2006-07-25,106.63001811718709,108.64067583011614,105.49766566758227,107.7841567993164,4984000
2006-07-26,107.06550177684441,108.02365260068571,106.4775506239708,106.97840118408203,3326000
2006-07-27,107.93657119750237,108.61163420828998,107.13085726093662,107.6171875,4085900
2006-07-28,108.62613304186813,110.58598534509322,108.39386105998118,110.1286849975586,4752200
2006-07-31,110.04159896031827,111.58769034923539,109.35928123265066,110.8763427734375,4370000
2006-08-01,110.06334792878285,110.14319383697799,108.58257128150281,109.79476928710938,3468500
2006-08-02,109.06892248303369,109.24313479160809,107.09456062265754,108.80760955810547,6139300
2006-08-03,107.97288594301419,111.16670133215749,107.76964374966155,110.40454864501953,3854000
2006-08-04,111.78372883938955,113.44596253121483,110.45538839485577,111.05060577392578,4892300
2006-08-07,110.41902471322223,112.40065211423885,110.15771181835551,110.8037338256836,3029800
2006-08-08,110.80372507418832,112.79986170135811,109.23585890468662,109.93268585205078,6199900
2006-08-09,111.42078904552969,111.60225612866573,108.58990697895615,108.88750457763672,4234300
2006-08-10,108.51726734750068,110.41903798683835,107.7913993384873,110.06336975097656,3782100
2006-08-11,110.58597031037677,110.96341361411099,108.87292175787798,109.6858901977539,2576500
2006-08-14,110.68033198530783,111.0650410782252,108.46643272124989,109.14875030517578,3110900
2006-08-15,110.60775746143268,111.77640525849421,109.7584933220822,110.8037338256836,4907000
2006-08-16,111.74744807611462,112.5459078187111,110.85463296457405,112.50235748291016,3563900
2006-08-17,111.71113700514307,113.86696693645918,111.67485244757074,112.11036682128906,3365700
2006-08-18,112.11032090163648,112.32808353723763,111.05781441807663,112.27726745605469,2742100
2006-08-21,111.17393288597462,111.96512625772425,110.07061055029637,111.66026306152344,3731200
2006-08-22,112.04497712079375,112.51678685759265,111.09409187914723,111.89253997802734,3696600
2006-08-23,111.35541327103078,112.32807373922378,110.44081249645717,110.84004211425781,2811300
2006-08-24,111.4570463638712,111.49334198319612,109.4246135162238,109.89642333984375,3100000
2006-08-25,109.38110325238536,109.91098404576313,108.6987852323765,108.93106842041016,2476200
2006-08-28,107.60993703517225,109.27216997501522,107.34136940438731,108.53904724121094,4151000
2006-08-29,108.58984169689715,108.72774729344215,105.7299204138616,106.76790618896484,4939600
2006-08-30,106.84776059687661,107.25424487891434,106.28158447891465,106.74613952636719,2938000
2006-08-31,106.75341446518199,107.97286741605305,106.75341446518199,107.90027618408203,2834300
2006-09-01,107.93662809702289,108.46650892400923,106.7970204765833,108.25601196289062,3453100
2006-09-05,108.69876396041026,109.97628801697238,108.1906584308611,109.80934143066406,3576000
2006-09-06,109.35200328229455,109.92544517076018,108.82212277497263,109.36652374267578,2962200
2006-09-07,108.95283221031943,109.37382606190339,107.68256273253829,107.84225463867188,3577600
2006-09-08,109.60603208033008,109.60603208033008,107.0800153693893,108.73499298095703,3277400
2006-09-11,108.3358024319276,109.77301801621392,108.26321119928134,109.60607147216797,3134200
2006-09-12,112.3281059599508,115.95744702489267,112.29907610481405,114.89767456054688,10644400
2006-09-13,114.4693920651615,117.77934868185163,113.82336992792038,116.76313781738281,7605900
2006-09-14,115.95741351373606,118.44713544835048,115.7904669742391,117.96807098388672,5496800
2006-09-15,117.95354277538897,118.86087771981504,117.24219528020141,118.1059799194336,6845100
2006-09-18,117.6051416073324,119.62305384956156,117.59062114545434,118.47618103027344,5733300
2006-09-19,118.37455392177668,119.20204299281883,117.81563246453479,118.59957122802734,4851400
2006-09-20,119.49969561899577,121.33614143734836,119.20934166842636,120.92965698242188,6403800
2006-09-21,121.58285454297483,123.1725067715256,120.39243181317069,121.32879638671875,8052600
2006-09-22,121.18370764795851,122.18540942291183,120.31992261893309,121.59745788574219,5103900
2006-09-25,121.87328937853947,122.9766123522643,121.22001230544569,122.44673156738281,4780000
2006-09-26,121.9022493363224,123.3394645879271,121.23445223885088,122.43938446044922,6095300
2006-09-27,122.6209139493294,123.32500701374374,121.40146064758301,122.6717300415039,5185300
2006-09-28,122.63539650371669,123.39756011962892,121.80065273325411,123.3975601196289,4413800
2006-09-29,123.43391079728491,124.23235930871765,122.74433810417929,122.7951431274414,4394400
2006-10-02,122.31603915816635,124.45009331204956,122.31603915816635,123.8984375,4143700
2006-10-03,123.71696780276294,126.5913994404622,123.4701752928747,126.44622802734375,5823500
2006-10-04,125.80015495799373,128.23181667900906,125.80015495799373,128.1592254638672,8069400
2006-10-05,128.13023533740417,128.13023533740417,126.80189543481163,127.38984680175781,5749400
2006-10-06,126.53331593255496,127.75276886438989,126.15586146875837,127.49871063232422,4898200
2006-10-09,127.31720563524462,128.8342777304213,127.25914595894149,128.80523681640625,3985500
2006-10-10,128.51493130565447,130.54736391593283,128.32619853755435,129.82875061035156,6559900
2006-10-11,128.6964318273703,129.90863037109375,128.29720210916926,129.90863037109375,5615300
2006-10-12,130.1263667545725,132.04991263203684,129.64729118951323,131.75230407714844,5754200
2006-10-13,131.5345451053747,133.53068210464616,131.128049721795,133.45083618164062,5163300
2006-10-16,133.42899541887843,134.6339272882987,132.89910406500255,134.44520568847656,4699100
2006-10-17,133.7194179298369,134.07509727461024,132.20961100171507,132.88467407226562,5867200
2006-10-18,133.61057805931895,134.0315719100475,131.99914961042407,132.81211853027344,6127000
2006-10-19,131.8157632398701,132.81938474002283,130.83395863345137,130.94305419921875,5560400
2006-10-20,130.70307021528325,131.40851277480547,130.07035804014217,131.19760131835938,4206600
2006-10-23,131.07391865033532,134.44840079511548,131.05938145667145,134.32476806640625,4695800
2006-10-24,134.19385811391962,136.90653156848884,134.10657947207537,136.6083526611328,5516100
2006-10-25,137.19016710669672,137.9537914419346,136.11382666015714,137.16835021972656,5224400
2006-10-26,137.58286271020225,140.79735749902187,136.93560259507996,140.63735961914062,5732100
2006-10-27,139.64106445107078,140.52832174998457,137.00838914283963,137.21202087402344,5703200
2006-10-30,136.72471777472416,138.5792307937469,135.77927867707592,137.99742126464844,5354900
2006-10-31,138.17929491833826,138.92110266140324,137.36476788883851,138.0265655517578,4548300
2006-11-01,138.90654024691193,139.78652897098956,134.36116916553394,134.54298400878906,7731800
2006-11-02,134.1866174694117,136.57202722823828,132.87027983325947,136.2811279296875,6191000
2006-11-03,137.37932824009854,137.41569343799372,134.76120044815136,136.0920867919922,4153100
2006-11-06,136.49196821626177,139.41555259818284,136.49196821626177,138.17921447753906,4639000
2006-11-07,138.3247367200606,139.21199408262424,137.13203173880913,137.21929931640625,3697900
2006-11-08,136.4701607775427,138.12104198247013,135.6338172814007,137.28469848632812,3989800
2006-11-09,137.01559338314823,137.45195322906136,134.38291931152344,134.38291931152344,4488400
2006-11-10,134.87745370549467,136.04834109321885,134.25201054626763,136.0410614013672,3319800
2006-11-13,136.47013826453536,138.03375167372118,136.16469083553923,136.5283203125,3382300
2006-11-14,137.01566775466307,138.8629128616679,134.8338895350213,138.44110107421875,4702800
2006-11-15,138.44828544728153,141.32096723320407,138.0628390840685,140.44097900390625,5090900
2006-11-16,141.0882757242689,143.12460357269777,141.0882757242689,143.06642150878906,4784000
2006-11-17,142.5282451275969,143.27005256787578,141.72826672075348,141.84461975097656,3397300
2006-11-20,142.07012825102794,144.07736020038624,141.83739991638467,143.5973663330078,3344800
2006-11-21,144.7245697599605,145.3718299547017,144.20821088462827,145.27728271484375,3447600
2006-11-22,145.45190539505208,147.24823731444894,145.44463679473822,147.11732482910156,3057200
2006-11-24,145.61908026877256,147.8881361099212,144.8336391426549,146.6154327392578,1978600
2006-11-27,146.43359686315705,146.97904108624243,140.44097900390625,140.44097900390625,6328200
2006-11-28,140.3610707812141,143.6264696352765,139.27018163006477,143.3573760986328,5864900
2006-11-29,143.9900718842011,145.05186424105963,140.40467778756337,142.70281982421875,5915000
2006-11-30,142.52832697895278,142.8701398635597,140.4919979698542,141.670166015625,4082500
2006-12-01,142.32459770219288,142.85549371581823,139.28466011785034,141.45188903808594,4820900
2006-12-04,142.28822797635283,145.50999132209918,142.0991446192593,145.48817443847656,4259100
2006-12-05,145.2336436033582,147.08815657314284,144.15003461999007,146.62271118164062,3733000
2006-12-06,146.90635718368904,149.12449994474287,146.17909798971039,149.088134765625,4133200
2006-12-07,150.32450636105816,150.32450636105816,145.4518709051549,145.59732055664062,5237500
2006-12-08,145.62639309004638,149.2772264567966,145.45184687883747,149.16087341308594,4968600
2006-12-11,149.45179083193324,149.45179083193324,146.7900190472438,147.28456115722656,5905800
2006-12-12,145.60464895392187,148.2518734459509,144.317396358666,145.45191955566406,8926200
2006-12-13,145.97544486613566,146.74633772300947,143.99729926124408,144.22274780273438,5823000
2006-12-14,144.87004508259704,146.0336643592026,143.7282537935278,145.54640197753906,5081500
2006-12-15,145.89545712484968,146.86998171319212,145.3063789945396,145.33546447753906,5451400
2006-12-18,145.81544215838733,148.06267000016948,145.1899989202083,147.80813598632812,6018800
2006-12-19,146.8918023728297,147.39361296993724,145.764548452777,146.3536376953125,4865700
2006-12-20,146.75364397447126,148.58634045159778,146.35366025156588,146.4481964111328,4336800
2006-12-21,147.16818890910235,147.40818580407432,143.77915798800174,144.070068359375,4661800
2006-12-22,144.7973595743167,144.83371366879652,142.29558531427043,144.0628204345703,3500600
2006-12-26,144.65186284649673,145.88821247020178,144.20823425256737,145.35003662109375,2575600
2006-12-27,145.34998073023814,147.11721473164306,145.24816491654104,146.8699493408203,2887200
2006-12-28,147.14630516286073,147.2553895668785,145.2772443286892,146.03359985351562,2395600
2006-12-29,146.12821650671063,147.19728864364467,144.95733960131315,144.97915649414062,2762500
2007-01-03,145.88821156610362,147.8663576352579,143.86643171701286,145.97547912597656,6494900
2007-01-04,145.61183530953812,145.93909972427065,144.04823249631917,144.61549377441406,6460200
2007-01-05,144.31007795242053,145.4518805412765,143.92463135675396,144.760986328125,5892900
2007-01-08,144.76096729197323,148.32453345778436,144.0700731696747,148.16453552246094,7851000
2007-01-09,148.02631074108112,149.01538355033955,146.90633662183365,148.41903686523438,7147100
2007-01-10,147.92454861780578,151.58994198756605,146.54276027981265,151.34994506835938,8025700
2007-01-11,151.5172311720881,155.02989564775905,150.97906628115163,154.09173583984375,9039400
2007-01-12,153.37899608376335,155.79350250916116,153.0153664002105,155.62623596191406,6618900
2007-01-16,153.34258331211146,156.45525132440386,153.34258331211146,155.33526611328125,5846600
2007-01-17,154.3244101905286,155.69892972522538,153.34261686408547,155.073486328125,5306300
2007-01-18,155.4516649567721,156.22255798757217,152.06991387725247,152.49171447753906,6423200
2007-01-19,152.30957612890285,154.0287778195411,152.1347381022514,153.19102478027344,5333700
2007-01-22,153.77383458415167,155.34734375844099,152.68841359875344,155.14337158203125,4980700
2007-01-23,155.0341312226758,155.47120976864178,153.45332991202733,154.9029998779297,6293400
2007-01-24,155.53672733498226,160.388374565999,155.1870623707325,160.33738708496094,6386800
2007-01-25,160.14072116097904,160.63607901284988,154.80827680834273,155.2162322998047,7853800
2007-01-26,156.30161603335597,156.54929490016437,153.4168608555509,155.52943420410156,7458200
2007-01-29,155.8208666192092,156.6804732775959,153.0745226640077,153.7374267578125,5890700
2007-01-30,153.76648264598998,154.66250365723033,151.7923107835513,152.0909881591797,6001000
2007-01-31,151.74138427267803,154.98309664446174,151.00561721689562,154.5532989501953,7235100
2007-02-01,155.48574309078273,155.82083544643368,152.7830953013376,154.43673706054688,5734500
2007-02-02,153.7083708076756,155.8209458654046,153.7083708076756,155.4785614013672,3527000
2007-02-05,155.38374341827722,155.68970163105655,154.07248599518854,154.83738708496094,2995700
2007-02-06,155.37649116926784,157.24867801762474,154.94669341189635,156.36721801757812,3803100
2007-02-07,156.64402767823032,157.2413827018106,155.2380758210936,155.56588745117188,3621700
2007-02-08,154.50229304601538,156.77514308957785,152.84137058090167,155.82083129882812,5410500
2007-02-09,157.18310904864344,159.72548057724467,153.40232069272272,155.36920166015625,9109300
2007-02-12,155.71161095314056,155.89372979636062,152.88512294935677,153.80300903320312,5384400
2007-02-13,154.4221666252601,155.3837592051046,153.32217309739178,154.8228302001953,4022000
2007-02-14,155.67515773095604,159.608930725812,155.01224258983444,158.37051391601562,7696400
2007-02-15,158.76393272590616,159.41955614902503,157.6493662372125,157.9480438232422,3627200
2007-02-16,157.32151351890394,158.44336046765108,156.6367450330915,158.02084350585938,3118500
2007-02-20,159.04798961166935,161.64864026056904,157.32878771815598,160.94931030273438,6225500
2007-02-21,159.71818658487985,161.3572557744624,158.92415128968236,160.37380981445312,5225500
2007-02-22,160.9929942110397,162.26782561316332,158.80756895025638,159.51419067382812,4273400
2007-02-23,159.6526363333386,160.1188600425088,157.02284027120598,157.7148895263672,5507400
2007-02-26,158.80034313820386,159.0771562083598,154.91756824775007,155.8937225341797,5552700
2007-02-27,152.7977427852397,153.27124743461752,141.79775780950416,142.7812042236328,18817600
2007-02-28,145.98647860366313,148.49972784809327,144.08515719715922,146.9699249267578,15940000
2007-03-01,143.59705412420897,147.66194781736672,141.38249400215474,145.4473876953125,14141300
2007-03-02,144.38378233246752,146.36523576456116,142.482461616953,142.54074096679688,9842200
2007-03-05,140.99638286647266,143.86657704866957,138.30102674095696,138.41029357910156,13391800
2007-03-06,141.25139445778362,144.38384131880713,141.10570158147755,143.77920532226562,10796300
2007-03-07,143.85933161095463,144.96661742933048,142.41695330368898,142.48251342773438,8459500
2007-03-08,144.25993122462995,147.16655103767778,144.23807785966068,145.6513214111328,10789400
2007-03-09,147.8440965479126,147.87324179189937,144.86463450035257,146.93350219726562,7676900
2007-03-12,145.6950257704822,147.80031844823975,144.8645645682164,147.5890655517578,9623200
2007-03-13,149.308345161196,151.93085032324922,144.61696110643848,144.9884796142578,31973100
2007-03-14,145.69503919713534,147.26854828822025,143.90298532412484,145.80430603027344,20394300
2007-03-15,145.69502610871558,147.42150861109639,145.3307885434438,146.34336853027344,9741600
2007-03-16,146.27056453108258,146.45997524114406,144.43481460346223,144.9665985107422,10875200
2007-03-19,146.6566454412534,147.51624091701072,146.0155836521121,147.4725341796875,8186200
2007-03-20,147.5089692979122,148.92220206000366,147.1520123949238,148.6089630126953,6641900
2007-03-21,149.58503866696353,154.07972762740388,148.72544358962153,153.67178344726562,10934100
2007-03-22,154.21819694052755,154.25462292349766,152.4625690484712,153.03807067871094,8016100
2007-03-23,153.02354756029933,154.35665893554688,152.76858782833634,154.35665893554688,5106800
2007-03-26,154.44399287872182,154.59697753162195,152.46983169842903,154.24002075195312,6525100
2007-03-27,153.7155780229924,154.24008115885715,152.79042234126425,152.88511657714844,4806100
2007-03-28,151.6758046175759,152.01089693694777,150.20428181138575,150.6195068359375,7991200
2007-03-29,151.5883600052401,152.17114222807334,150.2843946467869,150.9400177001953,6380800
2007-03-30,151.11487383301022,152.27314655364017,149.1188480929016,150.52481079101562,5177000
2007-04-02,151.28248225615246,151.28976300838627,148.09175650467975,149.8109588623047,5797000
2007-04-03,150.7943165430153,152.79762268066406,150.40822570392012,152.79762268066406,5015300
2007-04-04,152.57907800124136,152.94331548088894,151.67577616572865,152.09828186035156,4141600
2007-04-05,151.8870225436453,151.8870225436453,151.09298753958925,151.47178649902344,3010800
2007-04-09,151.9381092787274,152.88511834241345,151.122209327044,152.2076416015625,3610500
2007-04-10,151.74134820523585,152.84134147884544,151.67578812148653,152.28770446777344,3002700
2007-04-11,152.0327665971747,152.15660604288212,150.51025615120534,150.7433624267578,5550400
2007-04-12,150.24802809356376,151.17319482135846,149.62153890149304,150.830810546875,3946200
2007-04-13,151.4864475620791,151.4864475620791,149.7818179023655,150.43016052246094,4320400
2007-04-16,151.69762399050333,156.7896566561782,151.61019943993853,156.27244567871094,10003000
2007-04-17,156.73146575976355,157.98444424025138,155.55862001171337,156.54934692382812,6064400
2007-04-18,155.96659351309768,159.20101507485984,155.87188815049004,157.8970489501953,6077200
2007-04-19,156.86988471891155,161.51028042027383,156.47651290696203,159.7473602294922,8880000
2007-04-20,161.41822111124108,162.11868026687085,159.3314506921494,160.52076721191406,7393900
2007-04-23,161.2503965796493,163.42472007680465,160.87098076445727,162.28648376464844,5816300
2007-04-24,162.52726469823313,162.8847922066105,159.57952481857254,161.0460968017578,6724800
2007-04-25,161.90710422126594,164.9351167643195,160.59376118742543,164.60678100585938,7627000
2007-04-26,164.82562391200253,165.3436730609923,163.5633501941582,164.0303192138672,4730800
2007-04-27,163.4757559542624,164.68696037226675,162.7023397532336,163.64356994628906,3597400
2007-04-30,163.70195891834103,164.15433195688308,159.41167404070137,159.50653076171875,5484500
2007-05-01,159.84948480806406,160.45508716325372,157.12793153802534,159.4846649169922,6295500
2007-05-02,159.06143829707773,161.9216242919142,158.66013427652553,160.1486053466797,4859500
2007-05-03,160.80530415125295,161.92894446820605,159.462769682488,161.6589813232422,4414600
2007-05-04,162.4177818490148,165.8762664794922,161.56409370680598,165.8762664794922,5632300
2007-05-07,165.62826616453194,167.7442175344105,164.60677470322958,165.78878784179688,4637000
2007-05-08,164.84030495221774,164.89138510787743,162.68057629576583,164.13255310058594,4879700
2007-05-09,164.132429376472,166.12434241060052,162.9650126710363,165.314453125,5195100
2007-05-10,164.53375413666376,165.6136177870328,162.6731706547761,162.78262329101562,4963100
2007-05-11,163.37360794357954,166.0294956818366,163.14742144555424,165.99301147460938,4956100
2007-05-14,166.3797144004715,167.0874656916729,164.42428564820716,165.02987670898438,4761900
2007-05-15,165.03718337398936,166.59861167708658,163.6289731526139,163.71653747558594,5771800
2007-05-16,164.5994404759055,166.32869437962708,163.81873167612525,165.70849609375,5161400
2007-05-17,165.4458104632691,166.30678000940077,164.35135085711738,165.90548706054688,4185200
2007-05-18,166.75918096080466,168.70731791934733,166.32139262102027,168.0652313232422,6726900
2007-05-21,168.29135106604136,169.05018240259747,166.76640713916424,167.25526428222656,7778600
2007-05-22,167.66385066734918,169.02828406125124,166.90503050930994,168.3351287841797,3568400
2007-05-23,169.05754129648597,169.57559045890008,166.67161600683335,166.7518768310547,4276600
2007-05-24,167.357472665426,168.36437912385554,164.20543460728496,164.66510009765625,6211000
2007-05-25,165.48967884765537,165.59182802221193,163.57802523805745,164.5557403564453,4068800
2007-05-29,165.08104177637847,167.01458322668867,164.92052009370113,166.678955078125,3734700
2007-05-30,165.08101438653878,169.2764434814453,164.60675294222187,169.2764434814453,5393000
2007-05-31,169.42969590063467,170.71385819105413,167.88285165222766,168.41549682617188,4578100
2007-06-01,169.3347313058487,169.92573750138774,167.5179249985049,168.3351287841797,4093200
2007-06-04,167.81712038606972,168.29138170770682,166.31406448048043,167.60552978515625,3411600
2007-06-05,167.35023498535156,168.0579866935342,166.5403341199788,167.35023498535156,3676600
2007-06-06,166.1900533240407,166.31409074877647,164.05950653429468,165.88360595703125,4411400
2007-06-07,165.11019650829328,165.93469310024193,160.03920178514028,160.5572509765625,8363600
2007-06-08,160.59371579959887,164.22002630131635,159.60869766918708,164.2127227783203,5903000
2007-06-11,164.60671324224407,166.0441042761537,163.53414204164312,165.7449493408203,4285600
2007-06-12,165.55523125657822,168.63431145397692,164.59211271304596,166.24839782714844,7474500
2007-06-13,167.08758436531855,170.47311401367188,166.3579442589198,170.47311401367188,7359000
2007-06-14,166.14616231451993,167.30628607652312,164.1761273877532,164.716064453125,14381600
2007-06-15,165.86895904584372,166.7007476815312,164.8985371153057,165.03717041015625,7430400
2007-06-18,165.29984544375253,166.02218148669502,164.0229762068076,165.60629272460938,4370200
2007-06-19,165.01534441583036,167.5034188748444,164.5264870722849,167.43045043945312,4580200
2007-06-20,167.63464572609686,168.0578378978894,164.69419994745036,164.8182373046875,5831400
2007-06-21,164.88395445850114,165.5552215576172,162.12591764833041,165.5552215576172,8340800
2007-06-22,165.26333092650628,165.4749214625444,160.71768039409565,162.2718048095703,9778800
2007-06-25,161.33061131151757,162.83366709601748,156.9089971467331,158.14208984375,11566700
2007-06-26,158.84248702138188,160.05369103539363,156.26686096191406,156.26686096191406,9711500
2007-06-27,156.14289470072063,160.37480715761072,155.09221175877073,160.03187561035156,9018600
2007-06-28,160.33832759119437,161.59330879338938,158.8206756459023,159.7619171142578,5980200
2007-06-29,160.1924075665771,160.84178649155464,155.9167182335529,158.1494140625,7853800
2007-07-02,158.69665010463527,160.265371158049,157.60219044874123,159.9224395751953,5019900
2007-07-03,160.76880349678424,164.09595863714813,160.51343629030018,163.84059143066406,4676800
2007-07-05,163.65093762036508,163.65093762036508,161.39635287259978,161.48391723632812,5385600
2007-07-06,161.07525460504215,163.59981284131288,161.03147800481275,163.17662048339844,4122400
2007-07-09,162.7242601103482,164.7307694222069,162.35213671257895,162.92855834960938,3998900
2007-07-10,161.24307630557544,162.49075391912965,157.98158605714812,158.3901824951172,7960500
2007-07-11,158.31720473830032,159.79107991699198,156.61714305431494,158.12750244140625,8924700
2007-07-12,159.40436154503703,160.7322998046875,158.1274922671264,160.7322998046875,6072900
2007-07-13,160.56448055436215,162.5782928749069,159.93699008444716,162.11131286621094,5605300
2007-07-16,161.88514748270651,163.03797947924636,160.1267243669668,160.8125762939453,4654500
2007-07-17,161.7903584125432,162.0676140089209,159.5357626186366,160.08299255371094,5582200
2007-07-18,157.62407005463822,159.44087699121513,154.93169766833728,156.86524963378906,11664000
2007-07-19,158.39020111521236,158.69664847971458,153.24623855849637,154.4574432373047,9461900
2007-07-20,154.07803700642012,154.66175107983395,149.4229314660551,150.26202392578125,14540900
2007-07-23,151.1521598655342,151.67750132957767,148.89757591017494,149.60531616210938,7760400
2007-07-24,147.84688818221883,149.25508738496652,143.5711993202093,144.57809448242188,12344500
2007-07-25,145.7820521048077,148.66412744077905,144.30817641110437,148.233642578125,13933200
2007-07-26,144.46866020446402,145.84767878835171,137.90190292244293,142.36729431152344,22690900
2007-07-27,142.2942736207781,143.88043644048759,139.2535138482018,140.8177490234375,17054700
2007-07-30,142.1845786906406,144.4359089039667,140.6715049048292,143.0763397216797,12195100
2007-07-31,145.13027919626455,145.45189932311837,136.87053317453953,137.66726684570312,14744900
2007-08-01,136.70977528147378,138.2228493229215,133.65440521723832,138.14974975585938,16284300
2007-08-02,138.25936078491145,140.69342866453385,135.22591895618362,137.02406311035156,13133400
2007-08-03,135.52554337875915,136.57079730565124,131.33718872070312,131.33718872070312,19828300
2007-08-06,130.9864226224774,137.31646123249413,127.91643052066689,137.26528930664062,18867300
2007-08-07,136.38081799199307,142.27228036345244,135.5109846509129,139.7943572998047,22763100
2007-08-08,140.37179569825042,145.093743075624,137.97427781325464,141.2928009033203,20622000
2007-08-09,136.0738725836947,139.3558362012037,132.14865721358737,133.21585083007812,20868400
2007-08-10,130.58435159406196,134.7946351995315,128.33303302032178,131.93661499023438,20278700
2007-08-13,135.23319531613174,136.87052902436594,129.0932134287445,129.74375915527344,15296400
2007-08-14,130.547782359199,130.6793481143005,123.53065209817115,124.07886505126953,26255900
2007-08-15,123.53075608459272,126.83465871940155,119.75173961852306,120.53385162353516,22268000
2007-08-16,119.21803846730988,125.2922357176454,115.0370004535526,124.1519546508789,31328800
2007-08-17,130.1969601481195,132.19976946643555,124.62711831229075,127.91639709472656,26741100
2007-08-20,128.6619283218561,128.93237647599503,124.34931307013125,126.27902221679688,13174400
2007-08-21,126.089027184349,129.59759364972902,124.26164997877873,128.2672576904297,11796100
2007-08-22,129.75842133489775,131.60772642547738,127.39744163462103,130.02886962890625,13427000
2007-08-23,131.41763147855912,132.21437627898766,128.58885562269174,129.74375915527344,10549400
2007-08-24,129.2101562474104,131.7611670104722,128.3549452808168,131.37376403808594,8935300
2007-08-27,131.08139316894324,131.60767857645703,129.5683198339854,130.0726776123047,6664000
2007-08-28,127.92371357032734,128.74238616634656,124.44439128587902,124.9560546875,11610600
2007-08-29,126.00135552397363,127.51441851724435,122.74130867587587,126.98082733154297,12797500
2007-08-30,124.23238369905393,126.76877232238802,124.10811226722323,125.27033233642578,9559600
2007-08-31,128.39156600019163,130.18240525388217,127.09047383569637,128.6547088623047,11023700
2007-09-04,128.77889896742127,134.27565178100534,128.77889896742127,132.15589904785156,10161800
2007-09-05,131.33727277561238,131.41767783324892,129.30522984999178,129.97039794921875,8987600
2007-09-06,130.47471480250778,131.3591701576951,128.1795297893737,130.9717559814453,9250600
2007-09-07,129.08593644236242,132.33866579330473,127.91641051344061,130.82559204101562,15144300
2007-09-10,131.93664207747568,136.00804408691815,130.4747402262017,134.20989990234375,12989300
2007-09-11,135.59131071418116,136.68773640728776,133.398459327968,134.12940979003906,11334500
2007-09-12,133.86639763028398,134.6777538799858,132.81382615462434,133.42051696777344,7737700
2007-09-13,134.3122247819508,143.29560622856704,134.2902971477298,137.76231384277344,11292300
2007-09-14,136.651229576898,139.6115821088433,135.65713619009082,139.3118896484375,9337600
2007-09-17,138.14968806142295,138.5151634266648,136.20535644151474,137.1336669921875,7751300
2007-09-18,139.4654566671042,146.74572257101048,136.98753315863198,146.55567932128906,22107700
2007-09-19,148.74124154089574,151.3068758553832,148.38307149102798,150.21044921875,23115400
2007-09-20,154.18681183770116,154.23066711489156,148.70467912034718,148.7704620361328,27435100
2007-09-21,150.25420036527208,153.7554599109427,148.77037157101074,153.48500061035156,18187700
2007-09-24,154.22333724173166,157.08134683667458,151.82581913792572,153.81399536132812,13439800
2007-09-25,152.76875980986782,155.74373574928396,152.62987733458323,154.15756225585938,11727900
2007-09-26,155.26858528790493,158.08275064990266,154.0844484260876,156.86936950683594,10681000
2007-09-27,157.48336984909528,159.62506179505326,156.56237572638224,158.45553588867188,8330100
2007-09-28,157.70996014555143,159.837029914086,157.33717920656693,158.42630004882812,6156400
2007-10-01,157.45414904650946,163.45525018509056,157.44683239871296,162.98744201660156,9905600
2007-10-02,163.18480841092384,167.02230110591756,162.35152472900512,166.67144775390625,9419800
2007-10-03,165.37762079007436,168.57918890750395,164.9536679817928,166.18167114257812,10121400
2007-10-04,166.32785089537015,167.57046498079163,163.65256838504925,165.1583251953125,10039900
2007-10-05,166.0062565443104,167.91403880725966,165.1656674848629,167.02227783203125,7327700
2007-10-08,166.2986663691825,167.64362475351612,165.38497757317126,165.8966522216797,4142600
2007-10-09,166.5105803544417,175.20888967565676,165.34105471222077,174.84341430664062,15123700
2007-10-10,173.3157825738618,174.71920707866784,171.70037604473433,172.4605712890625,9685200
2007-10-11,174.7118592656425,174.7118592656425,165.23142671839994,167.39503479003906,12887100
2007-10-12,168.60845369742046,171.18870964945418,167.92135802232002,170.7209014892578,6544800
2007-10-15,170.49428141375137,171.26908751044064,166.23283672853583,167.63626098632812,7024200
2007-10-16,166.48137193212938,166.65680416227022,163.14823763343207,164.33969116210938,7415500
2007-10-17,166.83956152532656,168.46957909109202,163.06054628942917,166.37905883789062,9189000
2007-10-18,164.39083580533122,166.88338079122133,163.89379459880885,166.54714965820312,6499200
2007-10-19,165.30456685280691,166.26942754200238,159.0549446248248,159.1207275390625,13106800
2007-10-22,158.26547573336975,163.91572248699725,155.69252570671313,162.40264892578125,12163500
2007-10-23,163.4624791276521,165.09980126215075,161.4742926899719,163.5574951171875,8176600
2007-10-24,162.82660655703677,165.06332551628503,157.73919491112937,164.55165100097656,12650800
2007-10-25,164.06845838081614,168.38046193751478,162.38465152728278,165.93528747558594,12088700
2007-10-26,170.47424125900903,173.49777233754568,167.91192981504003,172.7144317626953,9389300
2007-10-29,172.9341221961876,179.3472199552876,172.09222403349267,178.4906768798828,9892400
2007-10-30,176.6165138660824,180.3867686574966,175.29875111395899,175.9429931640625,10453400
2007-10-31,175.96495000364553,183.53474919658348,175.70139746062284,181.49954223632812,14384600
2007-11-01,178.3002925742038,178.9298896118482,174.78626285643938,175.85511779785156,12579000
2007-11-02,177.01909831574628,177.01909831574628,163.57794566023824,168.08761596679688,25177900
2007-11-05,161.0596149201179,164.64684732956655,155.7885752114365,159.88095092773438,21377900
2007-11-06,162.33342078812882,164.03918951865845,156.36688866557552,163.37298583984375,15570500
2007-11-07,160.25428935136742,162.3700262692634,156.0521053333608,156.798828125,13210300
2007-11-08,156.42548302756822,159.59543030017238,147.567211259255,153.69479370117188,20301400
2007-11-09,148.29929074624422,160.02734980035535,148.29929074624422,154.71238708496094,16979700
2007-11-12,154.39754524924604,161.93074632041112,152.45019725612235,157.1868133544922,14406900
2007-11-13,161.74776220966478,170.6060333251953,159.84432614409016,170.6060333251953,17393800
2007-11-14,175.51836666142586,175.73799563176152,169.1418655059388,170.8037109375,13943300
2007-11-15,168.4610049311089,171.08188496463643,163.7976014458134,166.1988525390625,10243100
2007-11-16,167.1066604268703,168.0657065685396,162.9410826697466,164.903076171875,10083400
2007-11-19,163.63659003259306,167.209177927215,158.58516757473421,161.4549560546875,11007900
2007-11-20,161.35242034120608,165.6205007953106,156.30101042120307,159.2147216796875,13433000
2007-11-21,156.23518307848005,157.59686964845199,151.1325196696085,153.37271118164062,14874300
2007-11-23,155.58352415690396,158.4825897216797,155.05641929589217,158.4825897216797,4737100
2007-11-26,157.14292668883576,159.1927784792024,150.385747172444,151.87188720703125,9815200
2007-11-27,153.73873159573543,156.65244347625116,150.9494735383971,156.1765899658203,11946400
2007-11-28,159.28787067316597,166.81374208734312,158.92182630021654,166.56483459472656,15710600
2007-11-29,165.46676938804083,167.14324838907618,162.8898128170017,164.26614379882812,9774200
2007-11-30,170.32052092914418,171.46990615303758,164.5516665431987,165.92066955566406,11878600
2007-12-03,165.51805561472563,167.9046737156205,163.69516053414247,166.10372924804688,6800300
2007-12-04,161.83554599554105,163.5925657925535,157.56015014648438,157.56015014648438,10734100
2007-12-05,160.66429782098697,161.05962106663733,156.83546333174897,159.78578186035156,12954700
2007-12-06,157.03305203561962,163.51204256694325,156.87930846812995,162.89707946777344,9987100
2007-12-07,163.26321640726545,164.01726742625874,158.8853259062646,159.51492309570312,7797700
2007-12-10,160.4666327392228,164.21492584997253,159.6027616786954,164.1417236328125,8412400
2007-12-11,164.06847583396703,166.51365055600678,154.2438422197731,154.58059692382812,12783500
2007-12-12,158.89997277603987,161.68191413970436,152.64060750049367,155.62753295898438,18041100
2007-12-13,153.62893115652477,156.84280246647748,150.03437031475673,152.62596130371094,17143300
2007-12-14,152.816321091405,157.54561160816357,152.0549419807592,154.229248046875,10348500
2007-12-17,153.5629706721694,155.06375522002884,151.54240923715858,152.7357177734375,13323900
2007-12-18,153.59229451232974,154.12671642436976,144.14833847530477,147.5232696533203,30016700
2007-12-19,148.3798330754277,150.88358795928897,146.88637602880357,149.4633331298828,11895100
2007-12-20,150.85429469154184,151.33747623148645,146.89368954548917,148.3725128173828,10108000
2007-12-21,150.70054299945204,153.92173051334032,150.09290771685903,153.4458770751953,10853800
2007-12-24,154.47073547759467,157.36248397868107,154.25110660531718,156.90127563476562,3419400
2007-12-26,156.73293192232939,159.13418295775608,154.87343077043846,158.63636779785156,4290500
2007-12-27,157.31128632300636,159.4489848411543,155.166259765625,155.166259765625,5304600
2007-12-28,156.99647480998243,157.23074863852366,155.06376040768126,155.158935546875,4209500
2007-12-31,154.90274235348164,158.7096037432146,153.37267869333112,157.43577575683594,5834300
2008-01-02,157.2527598926963,157.43578218978493,151.24963078234867,151.98171997070312,9573500
2008-01-03,152.9480141900386,153.0358612848461,149.44863008352976,149.96109008789062,7751700
2008-01-04,147.14988721332816,149.3461541866614,145.16592113226886,146.36654663085938,10157900
2008-01-07,146.58626045986878,146.60090537599442,139.089671998442,142.5597686767578,16044400
2008-01-08,143.3503768142303,146.0517876053863,138.36485141562912,138.73089599609375,13553700
2008-01-09,138.39413097982492,140.70753542461216,134.48477751566546,140.3780975341797,15901200
2008-01-10,138.62099021195166,145.9784722007177,136.9298560486243,144.15557861328125,14830500
2008-01-11,144.19227414055854,146.91563531711753,142.44258163730535,145.49539184570312,12400600
2008-01-14,146.5422741963925,148.04305908954407,145.70769306700376,147.62576293945312,9400200
2008-01-15,146.08834644194792,146.08834644194792,140.82462531183012,141.50546264648438,11292700
2008-01-16,141.5201305832478,147.72092564782199,140.8539268756309,144.58758544921875,13026600
2008-01-17,145.16596234692514,146.0517951928182,138.8480401560278,139.81439208984375,12283800
2008-01-18,140.68558438433374,141.57873412841255,135.14367478524292,137.05442810058594,14975700
2008-01-22,130.43632204596523,141.16875162736272,128.4230768907047,139.60208129882812,19029400
2008-01-23,136.19780105479762,146.39580426825924,135.13627448516905,145.97119140625,17635700
2008-01-24,146.49102491593726,147.14990059955858,142.1716927729772,145.83213806152344,11987200
2008-01-25,147.78299472901156,148.14235397265935,139.27581675970913,140.34654235839844,14019500
2008-01-28,139.79646417694107,144.07939877394517,139.79646417694107,143.92538452148438,10216000
2008-01-29,144.50472321486203,145.47278705736747,142.3266019501339,143.7786865234375,7164500
2008-01-30,143.20670402794454,151.05384523007606,141.83527976112268,145.6121826171875,17597900
2008-01-31,144.07201466486998,149.02965396859767,143.00861947608712,146.34548950195312,14803500
2008-02-01,146.05215749772276,153.11458799209396,145.20877765921742,152.38121032714844,12207400
2008-02-04,152.42521139289434,152.542554505146,146.0888288072219,147.26223754882812,9071300
2008-02-05,142.75925821497006,144.70270399643107,139.05569982552467,139.23904418945312,13276400
2008-02-06,140.42724599728146,141.43198167922623,136.59168137965477,137.26638793945312,9955500
2008-02-07,136.2395945733767,142.106616867183,135.9095768074415,139.67913818359375,10839200
2008-02-08,138.6083607263402,139.8110994934903,136.18821250731338,137.1929473876953,7869300
2008-02-11,137.7796365679207,139.34173432844253,136.04153535750572,136.31288146972656,8875800
2008-02-12,136.54022660610633,136.59156840591808,130.90789240513493,132.48464965820312,18397200
2008-02-13,132.22062558653104,133.27669098527278,129.4411297635658,132.13995361328125,13933900
2008-02-14,130.90792302435148,132.81470957259725,129.44116758430272,129.48516845703125,10996700
2008-02-15,128.41439560680556,131.12054898964735,127.14564456478033,130.8418731689453,12449300
2008-02-19,132.2352894522208,133.01266777775567,126.6396157909603,127.46100616455078,10366600
2008-02-20,126.11905119251013,131.164696839198,126.00904893761103,129.9912872314453,10793700
2008-02-21,130.90789260153863,131.42125464815987,128.13572635933053,128.4657440185547,8204800
2008-02-22,128.74443870057624,130.54121156549365,125.69358522771867,130.3285369873047,9631400
2008-02-25,128.59779883870718,130.54124548918932,126.19232060358115,130.07188415527344,12849200
2008-02-26,128.69312426908112,130.5412393300022,126.04563014741059,126.65433502197266,11517900
2008-02-27,126.02356863887532,132.9466530253907,125.78155275611715,132.59463500976562,15903400
2008-02-28,132.21336964524826,132.21336964524826,128.75916593162077,129.58787536621094,8828200
2008-02-29,127.89368145993653,128.73706097477455,123.9407778105208,124.4028091430664,11113300
2008-03-03,124.1534768733843,124.1534768733843,120.50125991485709,121.06596374511719,11920800
2008-03-04,119.98794345800191,122.06340399478982,117.4871224502739,119.9806137084961,17887900
2008-03-05,120.20791214560288,123.43476876162802,119.29851999105442,120.98529052734375,13270000
2008-03-06,119.50383610010707,119.97319715317298,115.96896311711534,116.35031127929688,15129200
2008-03-07,115.14032451544983,119.77527798201395,115.14032451544983,117.39179992675781,15228600
2008-03-10,117.33307453175885,120.84594796104604,113.84219034258467,114.098876953125,13725600
2008-03-11,118.73386467701648,120.88999726001845,115.5070067426122,119.59192657470703,20415300
2008-03-12,120.29594574177816,124.71821246966671,119.25455072893841,119.54789733886719,14444900
2008-03-13,117.66310613314022,122.69407701076774,114.96427069567332,121.32999420166016,18617600
2008-03-14,122.47406959178994,123.06077395966199,113.6735376450745,115.0376205444336,27102300
2008-03-17,104.16160884886735,113.02814042920252,102.87086843506174,110.75467681884766,38648800
2008-03-18,120.97794805741306,128.98642840114388,117.16437639715404,128.77374267578125,43276100
2008-03-19,130.49723208801703,130.87859163224002,121.30066929707715,122.10005950927734,24176100
2008-03-20,121.96069357512863,132.27198054111275,121.89469227875496,131.7366180419922,20801800
2008-03-24,131.27460146992087,135.32284929662237,129.18447065748592,131.1865997314453,15643700
2008-03-25,130.18184996564946,133.95141027252544,129.9105038424774,131.7366180419922,11666800
2008-03-26,130.9005427043504,131.31123227842767,127.84968988198857,128.6930694580078,11610600
2008-03-27,129.52182932067032,129.98386082863038,122.75275663440502,123.31011962890625,15195800
2008-03-28,124.35886735569251,125.04090327486374,119.82658715402391,120.60396575927734,11978700
2008-03-31,120.39863600871234,123.56683357943005,119.43058310018694,121.2933578491211,8977400
2008-04-01,125.76692054186695,129.80049708174198,124.8281981696414,129.7051544189453,14694100
2008-04-02,129.80783656643334,133.1960375331542,129.14780119566706,129.71249389648438,12058300
2008-04-03,128.18712937394164,131.38465774385628,126.7863859677768,129.4632110595703,10755800
2008-04-04,129.47780554916096,131.51659419345899,127.60769060394358,128.63441467285156,8496700
2008-04-07,130.95192624930488,133.29140300867846,129.7565169632467,131.07659912109375,10276200
2008-04-08,130.02783560084973,133.10801892465196,129.63180547623853,131.20123291015625,8629400
2008-04-09,130.72454745431716,131.2012383825976,126.98431749697447,127.71036529541016,11425400
2008-04-10,127.5343999546364,127.5343999546364,123.84551037093671,125.07759094238281,14744400
2008-04-11,123.20742330497703,126.04559072516462,122.37870312680221,122.69406127929688,11355300
2008-04-14,122.07074299506407,122.87746312012968,119.79727833521588,119.97328186035156,9857900
2008-04-15,121.05129841171104,121.70400399329407,118.57247867492332,120.42059326171875,9134700
2008-04-16,121.85069139860158,124.06549502270141,121.67468792546438,123.97749328613281,9340800
2008-04-17,123.01670803448575,127.24095710640172,122.54734702649509,126.2142333984375,8730300
2008-04-18,129.74175207079324,134.2300165710029,129.74175207079324,131.95654296875,16882100
2008-04-21,131.69263693238094,133.2913949223417,130.75390319561805,132.30133056640625,7820700
2008-04-22,131.84662564156085,133.01269335408026,130.90790319734285,131.8319549560547,6127000
2008-04-23,132.62403677971972,134.35480881071783,130.541246543057,131.53131103515625,7435900
2008-04-24,132.25730751112135,138.89437671872142,131.53860063007056,138.454345703125,13182700
2008-04-25,139.79158658780943,141.43006437025178,138.40292885125382,141.07003784179688,12187400
2008-04-28,141.43008120666425,141.43742456929655,139.51975306564762,139.77691650390625,6252600
2008-04-29,139.78424407617166,141.5696563720703,138.31476450638274,141.5696563720703,7127200
2008-04-30,142.0840584356788,143.2228967363822,139.46838521003878,140.6072235107422,10352600
2008-05-01,140.90104956703038,146.3528173435198,140.2250903204531,146.2499542236328,9483200
2008-05-02,149.43866971310237,149.43866971310237,145.47842417025052,147.1462860107422,9437100
2008-05-05,145.92661404685467,147.7708061748098,144.1191499252899,144.83184814453125,6389900
2008-05-06,142.9803473713598,146.39688242655592,141.88558120324106,145.19190979003906,7508600
2008-05-07,145.18456181113837,145.8017404370121,139.26255071326997,139.4241943359375,7075600
2008-05-08,140.15155264599204,140.62178545412684,136.11782895581135,137.92529296875,9867500
2008-05-09,136.6762537798302,139.58581610995185,136.43378838378078,138.19715881347656,6467800
2008-05-12,139.19644553743078,141.58434976167968,137.6461441926227,141.12881469726562,5655000
2008-05-13,140.46761627182843,141.8048487240957,138.88058607090284,139.8430938720703,5776700
2008-05-14,140.04140402672397,141.4300617374287,139.11562474542805,139.69607543945312,5031700
2008-05-15,139.43886363462676,139.45356156400672,136.16193169071062,138.58656311035156,8015600
2008-05-16,139.27000943868356,139.31409205760795,136.6616794436127,137.49928283691406,6144400
2008-05-19,136.41911496386473,139.10092152110573,134.80268991101738,135.48599243164062,7009200
2008-05-20,134.69984675506518,135.85338239302874,133.17158664981784,134.03857421875,6889900
2008-05-21,134.12678424832632,134.94234606641035,130.791058494229,131.2245635986328,9068500
2008-05-22,129.46110700457055,132.19433903880292,128.57942178316176,130.1958465576172,8684100
2008-05-23,129.32152813941454,129.68155462171876,125.80947333607665,126.845458984375,8145500
2008-05-27,126.19889391650214,128.35903054949742,125.49355004322128,127.78593444824219,8420000
2008-05-28,128.40319842267354,129.26284314551296,126.52961980715604,128.4546356201172,7238500
2008-05-29,128.20479029049713,131.88583375937714,127.8447636441873,129.49058532714844,7755200
2008-05-30,130.63673584945116,131.4155582267644,129.20399551276736,129.61544799804688,5697400
2008-06-02,130.0489278650781,130.56324341664714,125.50088729452952,126.62503814697266,9847400
2008-06-03,127.36712594053665,127.59489344383339,123.14237284926328,125.33189392089844,13187400
2008-06-04,124.90574218091267,128.9908928960904,124.5751115762107,126.44869995117188,10777500
2008-06-05,127.26422337019076,130.37216806309624,127.2495254422412,129.75498962402344,9721900
2008-06-06,128.63091273180186,128.63091273180186,124.49432373046874,124.49432373046875,10559000
2008-06-09,125.5302611264543,126.87482468552861,120.01971430283886,121.7904281616211,12998400
2008-06-10,120.31362309533206,124.4869391135195,119.91686859944325,122.85582733154297,11014600
2008-06-11,122.70157030233639,122.88525528781892,118.44743097150716,119.32176208496094,16468500
2008-06-12,119.93893524549058,124.67800496048902,119.93893524549058,122.51786804199219,11767100
2008-06-13,124.51632186826481,131.1951021930263,124.46488471447495,130.99671936035156,14343000
2008-06-16,130.5926759523829,135.7431986977781,129.76241626449615,133.78878784179688,16376300
2008-06-17,135.9563042224959,136.58083779682352,131.62134208346833,131.84176635742188,24422900
2008-06-18,129.79916016044572,136.18405201657944,128.9909417440079,134.28842163085938,16222400
2008-06-19,134.96435981775207,137.38164890134962,133.06872972994697,137.34490966796875,10588800
2008-06-20,135.94157241053585,137.17592999733805,134.34718825529606,135.0231475830078,11331400
2008-06-23,135.6329244062241,135.6329244062241,130.0562427426409,131.21713256835938,9840000
2008-06-24,130.50446588103173,135.63295721452994,130.29873965569675,133.7079315185547,12663400
2008-06-25,134.5381516049352,137.40363119837406,134.52345367564612,134.93490600585938,10838800
2008-06-26,131.52572173426387,132.6204876908593,128.72636586544564,129.50518798828125,13603700
2008-06-27,130.05632105291278,130.9894439754796,126.58834741763764,128.25621032714844,12670600
2008-06-30,128.99091238480165,130.9747075239745,127.32304996571948,128.5059814453125,9373300
2008-07-01,127.20547448610985,130.09299582239163,125.07472285319493,128.8218994140625,13940400
2008-07-02,129.87992402540723,134.19284194939348,128.71903409602143,131.3640899658203,16256600
2008-07-03,132.47362341331728,133.9871860100476,130.97474754440034,131.43763732910156,6185400
2008-07-07,132.76011531372075,133.65649862522105,122.988075272951,124.77349853515625,17013300
2008-07-08,125.91235095094679,129.3141996777944,122.51051343533837,128.5059814453125,16790500
2008-07-09,129.20397264524757,130.39424729717632,123.0688920496222,124.18569946289062,12909300
2008-07-10,123.07621837174102,127.33036665791967,122.15045057187278,125.02328491210938,14106200
2008-07-11,122.22395099599574,123.34810181633503,116.45623998841505,119.38050079345703,24827400
2008-07-14,123.37747228114179,123.43625279448756,116.50766374819054,116.58113098144531,15944800
2008-07-15,115.38348533996556,120.2107292025925,111.86408809252667,115.94189453125,25593100
2008-07-16,118.44744700388055,127.3084101091292,116.93387310119257,127.00716400146484,19366400
2008-07-17,129.0349855134494,135.5227385599837,128.46924400344443,133.1642303466797,24819100
2008-07-18,134.5161395296928,134.82472884436953,130.82774326357767,134.3397979736328,11722200
2008-07-21,135.3096565125096,135.6696717654926,131.55513645595053,132.82623291015625,8841300
2008-07-22,131.12167877607448,138.1604766845703,130.26937785799794,138.1604766845703,11268100
2008-07-23,138.1163442638626,139.6299060175177,135.6990559583988,138.0355224609375,9871900
2008-07-24,138.49113147741303,138.49113147741303,132.08419848178852,132.4442138671875,8828100
2008-07-25,133.43805088329935,133.98282024026315,129.69095162855652,131.52401733398438,7233900
2008-07-28,131.73016110470024,134.18896433302538,126.79045923048807,127.28369140625,9264500
2008-07-29,128.55721950286483,133.89444572593703,127.62228155715556,133.7104034423828,11149700
2008-07-30,135.4551416431512,137.53850196312885,133.21719207158952,137.05262756347656,9864200
2008-07-31,134.76310034515285,136.97897630655712,134.27722609118567,135.4845428466797,6062900
2008-08-01,136.19134211278222,136.9275115296081,131.52403070603927,133.9828338623047,7495400
2008-08-04,132.26015002998057,132.94478193646177,129.7129998699401,130.93504333496094,7551900
2008-08-05,131.69331452231242,133.12148464116675,129.19770125508327,133.0773162841797,8772200
2008-08-06,131.7742886476736,133.1730056540655,130.67003483219028,132.17918395996094,5832700
2008-08-07,130.4638327999694,131.40612794485196,125.99528288919922,126.86396789550781,9103100
2008-08-08,127.18057976891576,131.36938407775105,126.63582178081901,129.52896118164062,6634600
2008-08-11,129.84549571623964,134.86616260591853,128.88111609454904,131.0380859375,8798500
2008-08-12,127.57814094890924,127.7106460300184,122.6163558614243,123.16112518310547,14023800
2008-08-13,122.94025452845528,124.70705608833869,119.55387176678667,121.39429473876953,12391300
2008-08-14,121.18084597805445,124.33900777701052,120.81276127624797,122.63845825195312,8660000
2008-08-15,123.23469365616388,123.44818896974924,119.50968008525638,120.12805938720703,8386200
2008-08-18,119.4508327792485,119.76002255334382,117.56624107063739,117.81653594970703,7421100
2008-08-19,116.67542410483937,119.0753309032585,115.50490690536702,116.314697265625,8966300
2008-08-20,116.4103815959999,118.1109298093577,114.32702244278543,116.49871826171875,9443400
2008-08-21,114.68776024184214,116.31469862720647,112.3320217567613,115.15155029296875,14534400
2008-08-22,117.77968728724312,118.38334005134315,115.43130628159072,117.64717102050781,8321000
2008-08-25,116.74903473626479,116.80057195623921,114.18716985538744,114.62887573242188,6122500
2008-08-26,114.48170194612696,116.21170456857854,112.91366872704614,114.77617645263672,5995500
2008-08-27,113.89270692792043,114.7540232796697,112.93568501496111,114.45954895019531,6660200
2008-08-28,115.75519628738148,119.13420867919922,115.33557464279272,119.13420867919922,8565800
2008-08-29,118.1993386902522,121.46793211537234,117.98585453998618,120.70967864990234,7586300
2008-09-02,123.30836551166782,124.34636698593751,119.77475040263334,121.70352172851562,8212100
2008-09-03,120.7096723917832,123.61753867232974,119.28150225457495,123.38932800292969,6673500
2008-09-04,122.31456666461155,123.30840005378984,117.7871284095903,118.44967651367188,7788700
2008-09-05,116.14544717656257,120.51829512676971,116.10863646065124,120.17229461669922,7539000
2008-09-08,125.88488118542625,126.95232383775782,119.63480321600768,124.94994354248047,14981500
2008-09-09,123.16112379640578,123.95618797326487,118.1551704049143,119.01648712158203,12437500
2008-09-10,117.71344261632443,118.52323317471318,114.64361860815032,116.01289367675781,12939000
2008-09-11,111.42660578413613,117.36012961448094,110.32970928550044,115.6006851196289,20752800
2008-09-12,113.64974451774235,119.09003157601359,112.15532273162084,113.52459716796875,15622500
2008-09-15,104.7421412506584,111.45600001482342,96.01853270578539,99.75091552734375,42202300
2008-09-16,86.86796621246692,99.59632682766663,85.49132777681177,97.91786193847656,48296400
2008-09-17,88.9292022116405,93.19897831024655,71.98259158960775,84.29133605957031,112060400
2008-09-18,78.0339030513057,88.34026760525174,63.53873567778997,79.50624084472656,114590700
2008-09-19,104.91145122251822,106.72978974313986,85.39561301595838,95.55474853515625,43208300
2008-09-22,97.74852601673341,99.85396995888543,88.65683933009014,88.91449737548828,21938700
2008-09-23,87.52311203058584,92.7204621897975,83.1944413182261,92.05791473388672,20037600
2008-09-24,94.55358469174979,98.42583108404598,92.77205075482668,97.91051483154297,46611300
2008-09-25,98.83070412949003,101.58398067576611,94.78913162621872,99.75091552734375,19172100
2008-09-26,97.53504675169727,101.58397674560547,95.34125477629364,101.58397674560547,15806400
2008-09-29,99.00740952821346,99.10310389518827,77.29777363263484,88.85562896728516,24147600
2008-09-30,93.41249662528207,95.7019829750061,91.65305292606354,94.22964477539062,13129900
2008-10-01,93.72908194953374,99.64052658148117,92.01380600632804,99.01477813720703,13837100
2008-10-02,97.2994835582557,98.06510583047306,94.26646999452343,96.835693359375,10894700
2008-10-03,97.79270052252832,104.53601217269897,93.44930732688226,94.22964477539062,16080700
2008-10-06,89.88625065852783,93.61862796485694,84.6594509001701,91.28497314453125,21368000
2008-10-07,93.86894913148642,93.86894913148642,82.46568261651302,84.65946960449219,17184000
2008-10-08,80.97863323920596,89.07649656312655,79.17502047276162,83.18714141845703,18223800
2008-10-09,86.6839155912683,87.55995865865057,73.61691345330641,74.6107406616211,28150500
2008-10-10,63.39152925793196,73.1752184450543,54.476519937720774,65.371826171875,71312700
2008-10-13,72.82920013143112,85.13794683459527,66.99137967771237,81.71475982666016,45400500
2008-10-14,92.73521262365115,94.22963484004872,86.3673494584212,90.47517395019531,41605300
2008-10-15,84.25457841415908,88.86300003865554,81.5602015600178,83.29756164550781,22250100
2008-10-16,84.65943000957137,87.22865809549614,76.56157148691672,82.74539184570312,27901700
2008-10-17,81.15529136741308,87.30230308925802,78.77010472228137,84.1441421508789,18413500
2008-10-20,86.53670587910649,91.13776413264202,85.13798304672646,89.44457244873047,16908300
2008-10-21,88.95868147711982,91.00523652602614,87.47898546153569,89.3341293334961,13588000
2008-10-22,86.27165702980862,88.48016428893963,81.71476858784717,84.70361328125,15459100
2008-10-23,84.16457525169609,85.65617162357138,75.10421670183516,80.17713165283203,25529600
2008-10-24,70.88782943652895,77.53356344620353,70.88782943652895,74.13685607910156,24494800
2008-10-27,71.47860731293308,75.31836483539014,67.54285219053432,68.58401489257812,20595000
2008-10-28,71.6189159715435,71.81090557415455,60.71252178886153,69.09353637695312,50066600
2008-10-29,68.93107339759054,75.84264168489479,65.46790915650357,72.1136474609375,27769900
2008-10-30,74.69810834334493,74.76456302854554,64.98794421586796,67.27703094482422,29700400
2008-10-31,65.70417206746627,70.14942808408995,64.3897885774061,68.30339050292969,24881200
2008-11-03,67.93422261013852,70.33407286538798,64.47105228517563,65.78543090820312,19796200
2008-11-04,66.96689869431583,70.14946746826172,64.37505889779975,70.14946746826172,22105700
2008-11-05,68.51014284415591,69.93528402044963,63.87289754245885,64.55962371826172,15693100
2008-11-06,63.43726238721264,65.57128219590777,58.637562841876154,59.60488510131836,25933100
2008-11-07,60.143939653569525,60.43930697751288,55.381161977011764,57.433956146240234,31450400
2008-11-10,58.164959178686864,58.49724937805132,50.58882375788901,52.582542419433594,47450700
2008-11-11,51.21648628089069,55.69128125048051,49.23753302750313,55.14485549926758,47573900
2008-11-12,53.15852555364457,54.376912147334544,47.6573328199382,49.31876754760742,34436600
2008-11-13,50.057156485307125,51.98442019993543,45.05808630175363,51.68166732788086,39994000
2008-11-14,50.101450413238545,51.68904359318968,48.085580867953006,49.27442932128906,22186300
2008-11-17,47.84191258284507,48.97907245531088,45.59713011645722,46.143558502197266,20299400
2008-11-18,46.32078138958626,48.36619166520302,44.718421888023684,45.803890228271484,25737100
2008-11-19,45.28702193388472,46.85246193489029,40.27318023794528,40.745765686035156,30481500
2008-11-20,39.87442500774677,42.48841576762733,36.18234861814059,38.3975944519043,55618000
2008-11-21,40.27317207186437,40.27317207186437,35.008270072073024,39.36492156982422,39591500
2008-11-24,41.44723909153305,51.76289580944702,40.812201674148184,49.78394317626953,44615400
2008-11-25,52.73022325509728,55.011923134645954,49.11936835228558,53.00343322753906,38662400
2008-11-26,51.41585794676155,57.92868100130075,51.24602557390546,56.488773345947266,25006900
2008-11-28,56.07526347343254,59.95194406035601,54.81995399842201,58.32742691040039,11525000
2008-12-01,55.97188812116058,55.97188812116058,47.39888509891158,48.558197021484375,28592700
2008-12-02,47.00013076481723,49.47382067166842,44.46736628717492,47.99699020385742,35316700
2008-12-03,46.571861329297334,51.59308854822266,45.87036610163882,50.91374206542969,29036300
2008-12-04,50.3525261828278,52.16902660628911,48.76493263173561,49.865169525146484,23838500
2008-12-05,49.289238249416464,52.575185212578795,48.011776861668295,52.22074890136719,23811700
2008-12-08,54.54676296700428,57.98777676926027,54.288312997387145,56.96876525878906,22756000
2008-12-09,55.69127568197493,57.50039638825796,52.84099242365214,53.734474182128906,17049900
2008-12-10,54.49505361028748,54.56889401655893,51.20910201142014,52.81884765625,14093300
2008-12-11,51.94751515016687,54.64273211784706,51.01711029614043,51.47492980957031,15387500
2008-12-12,48.51389169772235,52.095211054930395,48.366210864578015,50.020259857177734,15777100
2008-12-15,49.562433828206345,50.441144148718706,48.07821759169034,49.075077056884766,13821600
2008-12-16,51.3715428698909,57.59638294420744,50.61097615034669,56.11955261230469,44110400
2008-12-17,55.62484704035762,60.025803224826916,54.74613069664467,58.17237854003906,24790900
2008-12-18,58.82954035959713,59.95193467048788,57.78099207905902,59.11014175415039,19998100
2008-12-19,58.608017583746815,59.61226272583008,57.33794251383791,59.61226272583008,20379300
2008-12-22,59.07321682224026,59.16920877145846,55.29991464702679,56.85797119140625,13175500
2008-12-23,57.16073041907061,57.59639273689727,55.4180698804408,55.52882766723633,9468000
2008-12-24,55.77990206981128,56.66599832935293,55.57314665149573,56.44447708129883,3166000
2008-12-26,56.73246130152444,57.18289518406911,55.610066644354376,56.0974235534668,4657300
2008-12-29,56.43705099888884,56.93917335593751,55.403269012769975,56.533042907714844,6322300
2008-12-30,57.07212169612837,60.5943603515625,56.34847219183276,60.5943603515625,11031300
2008-12-31,60.727267413927144,63.61447369002258,59.90024595538573,62.31486129760742,14894100
2009-01-02,62.04165636573289,64.69995618140288,60.6903605320398,64.0649185180664,14088500
2009-01-05,63.363394410477916,67.15884736307262,63.104950266558006,65.55648803710938,15996700
2009-01-06,66.49429348218915,68.08188171420261,64.77378465023344,65.50481414794922,21551800
2009-01-07,64.17567892222439,64.86978550032043,61.76844337320895,62.396095275878906,12465500
2009-01-08,61.672436622705376,63.887682280087425,61.0521705427957,63.06804656982422,13448100
2009-01-09,63.43728554142069,64.14616382619784,59.37599982840776,61.96783447265625,12192900
2009-01-12,61.55431164709252,61.84967895039129,56.43709241273631,57.352725982666016,15776600
2009-01-13,54.760878063621185,58.24619333804294,54.42858781837911,57.537315368652344,25861100
2009-01-14,56.03096588992046,56.769381386995306,54.23661600668206,55.89067077636719,18336700
2009-01-15,55.403304289578315,56.2672489200854,50.95066051148253,54.517208099365234,25795400
2009-01-16,56.104779526083355,56.48875288386924,51.652131919433465,53.94122314453125,26049300
2009-01-20,51.39370528012249,51.88106209675896,43.66249877488116,43.71418762207031,33123100
2009-01-21,46.808138464424715,51.762903715510184,46.70476078847116,51.6152229309082,38168900
2009-01-22,49.68059180472789,54.41383766058334,48.38836473523176,52.449649810791016,24608200
2009-01-23,50.116242091878526,55.639584681494725,49.56243068701894,55.3146858215332,21924100
2009-01-26,56.163877539890755,58.150216910790164,53.73449002402265,54.79042434692383,18729300
2009-01-27,55.757745070968525,58.07636883653467,55.2113136516644,57.788387298583984,20655300
2009-01-28,62.23361703766179,65.79277721177208,61.56166229838765,64.75899505615234,34234400
2009-01-29,62.861304354415864,63.93939022035332,60.63867793712514,61.08172607421875,21624300
2009-01-30,61.724125055638815,62.60284096337692,58.5932461246115,59.61226272583008,20344900
2009-02-02,58.17233793301785,62.02686547461142,58.017271445370504,61.709346771240234,18485500
2009-02-03,62.2484172308116,62.396098049653624,58.92554810390697,61.14817428588867,19442500
2009-02-04,61.80538210253796,66.39832793456146,61.62077820661202,64.95841979980469,29780400
2009-02-05,64.07229990733623,69.9279340836122,63.69571212057506,68.5618667602539,33847500
2009-02-06,69.61042658437013,71.31617021727605,67.60932125891165,71.30878448486328,26559800
2009-02-09,71.64105440394077,72.85206075458363,69.87624217735299,72.28347778320312,18736400
2009-02-10,71.47122006341087,72.28347579509474,66.23585247375108,66.75274658203125,29857200
2009-02-11,67.74958703313861,70.10513306082228,66.76749357474871,69.93529510498047,19554400
2009-02-12,68.41420102772139,71.03557281912082,67.54287046364666,70.5777587890625,22915400
2009-02-13,70.14946890078338,72.34994945669331,69.78026116972663,71.22016906738281,22975200
2009-02-17,68.12617963526459,68.28863186087226,62.61021786143084,63.28955841064453,31078100
2009-02-18,64.75164197723123,64.75164197723123,59.86333047306184,62.396095275878906,32610600
2009-02-19,63.80643735273,65.62293742007124,63.156628603214884,63.511070251464844,24476100
2009-02-20,60.84349228840175,64.70421773319848,58.8537353149651,62.803550720214844,36146100
2009-02-23,64.22906677796082,65.16454555869174,59.239823956387056,59.44770812988281,22298600
2009-02-24,60.53166773116359,69.11434823731794,60.51682129216006,69.03268432617188,33115800
2009-02-25,67.97101045565842,69.41877952763254,64.81561138622058,66.76081848144531,36249600
2009-02-26,68.52784918277656,69.79000661103791,66.83506554090654,68.4164810180664,27516400
2009-02-27,65.80306444208483,69.32968709565654,64.96410151316321,67.62206268310547,26041700
2009-03-02,65.2313348932957,66.97608263287249,63.523706071504634,64.05084228515625,24074100
2009-03-03,65.58027914601097,65.95892265815765,59.61101056858077,61.15530014038086,30943600
2009-03-04,63.03370349402338,65.3352863107223,60.50938448095303,63.4568977355957,28050800
2009-03-05,61.53397223298283,63.627671420589614,58.913136638556466,60.67273712158203,24826200
2009-03-06,61.125611009589896,62.72187183818285,54.384196609644384,56.16606903076172,33484400
2009-03-09,54.770278616552446,57.46536317475098,54.03525812996082,54.9039192199707,23648800
2009-03-10,57.6732802292965,63.44209063114718,57.24265963191613,63.31587600708008,35004400
2009-03-11,64.51116471122427,69.41873567578897,63.53856177800557,68.59461975097656,37989000
2009-03-12,68.32735475731634,72.38853827233793,66.95382977939141,72.20292663574219,30814100
2009-03-13,72.60384146353758,74.12585333850228,71.00758040954581,73.35371398925781,30959400
2009-03-16,74.4896600687795,75.29150366292586,69.1885924148409,69.71572875976562,28240800
2009-03-17,68.78026851248967,73.50965648984068,68.7134510219236,73.49480438232422,23327500
2009-03-18,72.44792382712443,79.28585475148532,71.79456734504649,78.14248657226562,34372900
2009-03-19,77.69700887752514,78.52854513451585,73.69522364750955,73.72492218017578,28577100
2009-03-20,73.880834426331,74.61585469248922,70.60664345672603,72.25487518310547,29137300
2009-03-23,76.1007439630959,83.10201263427734,75.20981068978199,83.10201263427734,33581800
2009-03-24,82.10716745376094,85.86395113261803,81.1791091960898,82.11459350585938,30914400
2009-03-25,82.50806181833752,84.57206745401326,78.7958300241538,83.85931396484375,32805900
2009-03-26,83.15401723838531,84.03753048415687,81.2607761872799,83.14659118652344,28844800
2009-03-27,81.3795563663505,82.78277971281345,80.05057653248652,80.24361419677734,21569500
2009-03-30,77.29611275030824,77.99401433776897,74.586181640625,74.586181640625,21354900
2009-03-31,76.33089767590387,80.5554186801291,76.08589471667116,78.71414947509766,25927400
2009-04-01,77.28869841887811,82.66401080743027,77.16990989532411,81.88444519042969,24883000
2009-04-02,85.53726659434909,86.0495565279515,83.52523711773206,84.80224609375,30053600
2009-04-03,83.74798550180252,88.91541357493405,83.56237383682904,88.64813232421875,23687100
2009-04-06,86.12377775171785,87.57154588781215,84.67600961562356,86.60636901855469,21098100
2009-04-07,84.6388918501794,88.91538481390934,84.31963966311523,86.18318176269531,22183000
2009-04-08,87.14096731085164,87.27460793743604,83.52525000478707,85.19575500488281,20406200
2009-04-09,88.93767949001837,92.79097918246683,87.20035148887297,92.30838775634766,25610700
2009-04-13,91.17983346924947,97.4609345086914,90.94967691579,96.62938690185547,36460800
2009-04-14,91.88515931917773,92.24153038524238,85.45557138719244,85.46299743652344,79935800
2009-04-15,86.65835967053503,90.65271995272538,84.31965197401789,89.97709655761719,41345800
2009-04-16,91.38774042954476,91.8183607753248,88.78175719416215,89.97709655761719,23574500
2009-04-17,89.71719459323121,91.2911825501776,88.32139779969263,89.53900909423828,21841200
2009-04-20,86.8439577154831,88.27687951717911,85.38133737757794,85.38876342773438,21609500
2009-04-21,84.46072409147031,89.8583082079037,84.17859076729717,89.36087036132812,24772300
2009-04-22,88.06160727433512,92.65735435482809,87.48992011901865,89.45740509033203,28219000
2009-04-23,90.31118672066688,91.29864186951515,87.7645951425101,91.17984771728516,20133300
2009-04-24,91.50652998792253,91.84062864300405,89.27919051559988,90.05876159667969,22407200
2009-04-27,88.60356696556406,92.33807780305267,88.60356696556406,89.76178741455078,19129700
2009-04-28,89.21981061867024,90.76410097633743,88.94510898940923,89.59103393554688,14907300
2009-04-29,90.59329095193888,94.9885771548634,90.28146487944812,94.42431640625,22999800
2009-04-30,95.41922527069501,96.25818209378737,92.93945106928932,95.40437316894531,24834600
2009-05-01,94.95891888515399,96.71851932209957,93.66706341967458,94.35011291503906,17536300
2009-05-04,94.66936514976486,99.80708846751476,93.66706339808226,99.60663604736328,23434000
2009-05-05,98.6711021324844,101.12117702421936,98.41125274218008,100.37873077392578,16811000
2009-05-06,101.56672911854024,104.20983803396587,101.00989399325091,103.36344909667969,20439300
2009-05-07,104.67010598081528,105.10072631678754,97.86187283231693,99.28736877441406,23188600
2009-05-08,100.14861828425525,103.63811492919922,98.85675716233455,103.63811492919922,19152000
2009-05-11,101.60381041833838,103.17037302290689,100.10406528140278,100.80938720703125,18391800
2009-05-12,101.73744293163749,102.75459101084,98.15885669463836,100.53468322753906,21101400
2009-05-13,98.89388459749617,99.03495126374372,95.07770953655671,95.96864318847656,18621300
2009-05-14,95.86466633609001,99.8144862425957,95.73103143476393,99.19083404541016,17411400
2009-05-15,99.50268333081051,101.04697341382067,98.15142525986366,99.78480529785156,14754700
2009-05-18,101.86363551071187,106.28118896484375,101.55180940759067,106.28118896484375,18622700
2009-05-19,105.8654428177405,107.55079953051279,104.79631805419922,104.79631805419922,15324300
2009-05-20,105.6575416605081,105.89512993800342,100.98755895321263,101.29938507080078,21426800
2009-05-21,99.780886091537,103.80040241838155,99.68411621382018,102.09583282470703,16135500
2009-05-22,102.55736641376333,103.45804215056584,101.2696337435978,101.4929428100586,9058400
2009-05-26,100.19774630906822,105.75064621836759,100.19774630906822,105.73575592041016,13768700
2009-05-27,105.86231700349485,108.29636443650564,104.21728515624999,104.21728515625,16696900
2009-05-28,105.43806603427653,108.14752252949494,103.68138470058706,107.67113494873047,14803100
2009-05-29,108.53453582782419,108.60152513529769,105.16260438935048,107.61154174804688,14130000
2009-06-01,108.52706513393409,109.69569769619928,106.67361532128533,107.432861328125,18403800
2009-06-02,106.62902247593007,107.90931601045699,105.70601672653484,106.53970336914062,11988200
2009-06-03,105.63157299331088,106.67366695180864,104.76067775128655,105.81021118164062,11809700
2009-06-04,107.67107961790937,111.46729936484155,107.48499063733368,111.25888061523438,17166900
2009-06-05,112.43496585110272,112.5242849284327,110.68572486692263,110.91647338867188,12817500
2009-06-08,109.82972960573629,111.23656198545017,108.81740499571136,110.42521667480469,10908900
2009-06-09,110.9090220108368,112.24141398916534,110.23910628684482,111.1397705078125,11566100
2009-06-10,111.60127802534342,111.64594892139493,107.57432111607145,109.18212127685547,14346700
2009-06-11,108.76526178639423,110.12743421231455,107.93158695617893,108.0432357788086,12086500
2009-06-12,107.4701203123213,108.99604098899644,107.29891025872764,108.40800476074219,8209900
2009-06-15,107.3137728246688,108.37820750995,106.36843779163702,106.4503173828125,8742100
2009-06-16,107.14259911692696,108.56432173197659,106.63643115601106,107.30635833740234,10129700
2009-06-17,107.25425024861181,107.25425024861181,103.48781081353725,104.00885772705078,14054600
2009-06-18,104.18004642412245,106.96392994478785,103.93440763853988,106.50987243652344,10526500
2009-06-19,106.58436292253535,107.47758806435151,105.34872894140315,106.53970336914062,9473700
2009-06-22,105.60176971445495,106.82996378535768,101.98419952392578,101.98419952392578,13939000
2009-06-23,102.97423008630733,105.11797949575555,102.42341378824963,105.09564971923828,11056800
2009-06-24,106.0930615892898,107.7008733027531,105.18494634509136,106.18238067626953,11531000
2009-06-25,105.37846963080469,107.6487460268468,104.84253247713734,107.50731658935547,10135900
2009-06-26,107.55199056808934,110.30610519021198,107.13514171375101,109.22679138183594,9837400
2009-06-29,109.79247686841757,111.28118841917576,108.75038332607393,111.1769790649414,7835800
2009-06-30,111.20677988440211,111.50452909390383,108.85462359817903,109.74784851074219,9614400
2009-07-01,109.85949913089046,110.8197247297531,109.13747290345678,109.65853118896484,7505000
2009-07-02,108.57179107617759,108.82486944728454,106.65135080053463,106.80767059326172,7685000
2009-07-06,106.18982428372834,109.01837921142578,105.892075084093,109.01837921142578,11756800
2009-07-07,108.85462837248326,109.39800508644598,105.92186383859516,106.10050201416016,9503000
2009-07-08,106.03346825042023,106.39075580975125,100.65921913420874,103.13048553466797,19399300
2009-07-09,105.51991016954668,107.84974825407545,104.8872143381698,106.59923553466797,15026500
2009-07-10,105.95909812623736,107.83486736914507,105.10308177425296,105.60179901123047,12685200
2009-07-13,109.21192285846266,111.54176097844828,107.9688495918105,111.236572265625,23817800
2009-07-14,110.89414637832783,112.50939742872937,110.2242305657454,111.40031433105469,28813100
2009-07-15,113.14954581860586,116.10463989961819,112.12234231334148,115.5687026977539,21135600
2009-07-16,115.3751843867677,117.60081300025965,114.48939889581318,116.74479675292969,12643600
2009-07-17,116.02277049683929,117.56359292725024,115.76225270171665,116.74479675292969,9617200
2009-07-20,117.42215487179966,119.64033249358346,117.07230665546155,119.1192855834961,12433800
2009-07-21,119.01501020964594,119.10432924242906,116.87871338384322,118.9480209350586,10886500
2009-07-22,117.74967789514486,120.02740544633953,117.11697074960357,119.43936920166016,9499400
2009-07-23,119.24581049803454,123.87570501108588,118.57589474476373,123.15367889404297,12291900
2009-07-24,122.39438290112253,122.81867103470188,121.1885304927851,122.6102523803711,7294400
2009-07-27,122.59543220583944,123.16858951204364,120.58567325649217,121.97761535644531,7613000
2009-07-28,120.80895970580562,120.87594900804508,118.72476100281442,119.49888610839844,10244800
2009-07-29,118.50891605744923,119.82641791410595,117.53380022011109,118.68011474609375,9111300
2009-07-30,119.92319562806209,122.14882415718677,119.62545777121645,120.89830017089844,9415400
2009-07-31,120.86110286871067,121.97763707918608,120.06464770471767,121.55335998535156,7721200
2009-08-03,122.96764212294366,123.7789876560495,121.55336988435599,122.14885711669922,8361800
2009-08-04,121.32260637435361,123.16860634565197,121.30027659970679,122.94529724121094,8808900
2009-08-05,123.37697981295858,125.76636704394653,122.52841461426513,125.52816772460938,9593900
2009-08-06,126.09389184967989,127.24020635916933,123.42165674766835,124.12135314941406,8201800
2009-08-07,125.27509679870006,125.27509679870006,121.12902909781963,121.81383514404297,10771800
2009-08-10,121.47886646561595,121.98503432483119,118.65031210332745,119.36489868164062,8909700
2009-08-11,119.05227929646409,120.74940976617188,118.46423180052206,118.51634216308594,9785100
2009-08-12,119.00024439299091,122.36473822865993,118.77694657746255,121.89579010009766,9842700
2009-08-13,122.99740429840017,123.18349332074574,121.03974414877352,122.43168640136719,8922600
2009-08-14,122.05206444401293,122.36469262722238,119.68500625975256,121.12905883789062,6756800
2009-08-17,118.59077933491082,118.80663753365165,117.01273721134044,117.04995727539062,10146100
2009-08-18,118.85133516599387,119.76688997367795,118.71735652202804,119.45426177978516,8090000
2009-08-19,118.43447199767293,119.46912628187002,117.6082364643954,119.04483795166016,8838900
2009-08-20,119.24577942479712,121.21087799468864,119.17135067047813,120.83126068115234,7619200
2009-08-21,122.1591244593938,123.0095234090462,120.8611537050636,121.9726333618164,10417200
2009-08-24,122.6067390792297,124.02406723117251,121.27892303466797,121.27892303466797,9148800
2009-08-25,121.83831922921179,123.30786943382293,121.62198326350268,123.03932189941406,9118900
2009-08-26,122.55443673286604,124.13588836177404,122.11432064655817,123.79273986816406,8325600
2009-08-27,123.59881658586902,123.7554627018589,121.7786620214372,123.0990219116211,7890600
2009-08-28,123.73309708936281,124.01656717101473,121.89056432364963,122.65145111083984,7029800
2009-08-31,121.5548685978681,123.52421370322024,120.2867316875864,123.42724609375,9106500
2009-09-01,122.93493608220402,124.11356120667972,119.30208169383171,119.48111724853516,12446800
2009-09-02,119.45128216276558,120.42849369859631,117.96680891964444,118.26519012451172,10751500
2009-09-03,119.29458572274348,121.03268356135938,119.01858262913606,120.59256744384766,8837800
2009-09-04,120.50303622647358,122.2262228662281,120.36876815149756,121.56977081298828,6220100
2009-09-08,123.2705546412834,124.7624826853534,123.12136411337794,124.74010467529297,10066300
2009-09-09,125.17279496999147,127.23165206319376,124.69537833754556,127.01532745361328,10196500
2009-09-10,127.55988413895646,130.81228865768293,126.91089889714422,130.44676208496094,13488900
2009-09-11,131.88647569603177,132.63989545666348,130.07377673182387,130.3199462890625,11094800
2009-09-14,129.26068017694178,132.7070312588253,129.1711681122209,132.5653076171875,8028100
2009-09-15,132.7816174177873,132.7816174177873,130.88687350338822,131.7820281982422,8398900
2009-09-16,132.6473572293048,134.17657470703125,131.66267903861228,134.17657470703125,8706100
2009-09-17,134.18406120367334,136.51146616473386,133.93789162009782,135.36268615722656,9674300
2009-09-18,135.5341814850777,137.2200557848679,134.75837266247103,136.64566040039062,8395300
2009-09-21,135.53426947336396,137.0560317940824,135.32540035841265,136.0564422607422,6368600
2009-09-22,137.16793054695006,138.60018075629722,136.1981745997062,138.3913116455078,7470700
2009-09-23,138.9805840717637,140.24126535278555,136.98886108398438,136.98886108398438,10069600
2009-09-24,137.94369192126513,138.45095347198549,135.146326304637,136.5561981201172,10982400
2009-09-25,135.8997678069403,136.58606496488827,132.5578510014426,133.9005889892578,12296200
2009-09-28,134.37802757572203,136.34737315129692,133.27400344248656,136.1385040283203,7892200
2009-09-29,136.504006126114,137.83927716366313,135.86247639738642,136.94412231445312,7539300
2009-09-30,137.83185839920327,138.36148679904176,135.6312654877661,137.5185546875,10517900
2009-10-01,137.26487384008604,137.7721354353011,133.22921600721486,133.5201416015625,11044500
2009-10-02,131.62540079518587,135.06429673453556,130.99133795843676,133.98265075683594,9232400
2009-10-05,134.84792182675176,139.23418261351006,134.68380882841134,139.09991455078125,9471200
2009-10-06,140.5844277428729,141.31546952170353,137.70500527889456,139.4803924560547,13918900
2009-10-07,139.1297988654071,142.1658790599113,138.74936116636496,142.09127807617188,10579400
2009-10-08,143.143091174714,143.35196027118167,139.9503648344084,140.36810302734375,11978100
2009-10-09,140.785854409625,141.54674126518978,140.1816250823433,141.2110595703125,6526300
2009-10-12,142.37474769704255,142.40458126093506,140.86789661395093,141.84510803222656,6189400
2009-10-13,139.05523098489076,140.09212107876562,138.0780194108269,139.6669158935547,11959300
2009-10-14,142.9118482396511,144.41869937896763,142.03160440806576,143.43402099609375,15806700
2009-10-15,140.70382152227654,142.37478611393215,139.6445532893349,140.71128845214844,17834200
2009-10-16,139.2491057967008,139.98014736783156,136.79488911665072,137.53338623046875,12750800
2009-10-19,137.8914402430059,139.33860073979403,136.5188579289544,138.37631225585938,7482000
2009-10-20,138.14509455818805,139.90557030297103,137.30961840219237,137.97352600097656,7387400
2009-10-21,138.1525874233635,138.37637899203634,133.60221197873906,133.7215576171875,11759300
2009-10-22,134.30339260205716,137.21265987746673,133.94533296504898,137.0261688232422,10666200
2009-10-23,137.27980172344374,137.92133144171913,133.55743597196647,134.5421142578125,9221900
2009-10-26,134.6614698445597,136.10117538609998,132.64736864236076,133.80360412597656,9427400
2009-10-27,133.71411106939243,134.34818532621333,132.33407245514113,133.2366943359375,10505700
2009-10-28,132.71454293848137,133.0800582476874,128.0597205006622,128.4252471923828,13586400
2009-10-29,130.22301178167476,133.21432495117188,129.3800683607322,133.21432495117188,9342900
2009-10-30,132.19979303974856,132.498174204223,126.57521589105954,126.94074249267578,13323700
2009-11-02,128.00000483098916,129.32036476024595,123.30789463695157,127.32117462158203,15802400
2009-11-03,126.0529884362577,128.42515977924865,125.87396436830079,128.01487731933594,11150300
2009-11-04,129.40248231603394,130.2454259710532,126.08294206498682,126.44100189208984,11143300
2009-11-05,127.54495719020275,129.42479018284325,126.22460873648275,129.35018920898438,9017500
2009-11-06,128.27607947560432,129.76054176621773,127.55994844096176,128.1417999267578,6274200
2009-11-09,129.55911734747315,131.84923397546356,129.42484919232209,131.7149658203125,10329200
2009-11-10,131.58807898158545,132.587679650073,130.78244767043168,131.67013549804688,7244700
2009-11-11,132.8040518660572,134.90021017686865,132.74437334337216,134.16171264648438,8187800
2009-11-12,134.04978685930445,135.34030195380893,132.62499226746036,133.13970947265625,7404200
2009-11-13,133.445551255344,133.52015223727744,131.02116731515954,131.8566436767578,7630900
2009-11-16,132.77417030840013,133.81106007745427,131.61045661040586,132.22215270996094,8748500
2009-11-17,132.04311082240216,132.9681104712097,130.91670904739019,131.73727416992188,7680500
2009-11-18,131.64031565656063,132.37135745416327,130.5512028138979,131.96107482910156,5959000
2009-11-19,130.93915074735187,131.43894560779785,127.88069167490407,128.925048828125,8893100
2009-11-20,127.85830894731158,128.63411839059998,126.82141876220703,126.82141876220703,8825400
2009-11-23,128.05970806594624,129.5218033083433,127.74640438168548,128.30587768554688,7930000
2009-11-24,128.0373286138108,128.3058762519643,127.02281657884359,127.65689086914062,6143700
2009-11-25,128.2835177015474,128.38049673025694,125.35933818810683,126.0083236694336,6984800
2009-11-27,122.5395684366437,124.0538751747708,121.75630358321281,122.45751190185547,6883200
2009-11-30,123.69848571239734,127.07745277465798,123.1751971291975,126.83075714111328,10699200
2009-12-01,128.01937489759507,128.0791809379004,124.89458628778462,125.31321716308594,13489100
2009-12-02,125.32811847624365,125.44773051711171,123.77320757228705,124.58804321289062,7500200
2009-12-03,125.5523738593862,126.45692413073057,122.55467014611071,122.82379150390625,8020400
2009-12-04,125.21596742261416,125.44023710831918,122.24816119264818,125.0216064453125,10410300
2009-12-07,124.4833827031247,125.11132879317988,122.42011496889802,122.4874038696289,6654600
2009-12-08,121.94166802826022,122.67428314557321,120.39422876379471,120.98479461669922,11693900
2009-12-09,121.20161008784777,124.87959492561082,120.14755032758968,124.423583984375,10975800
2009-12-10,124.61048354909403,125.5449313393334,122.71916213419621,124.640380859375,11930700
2009-12-11,125.2458770759635,125.55237862975996,123.66105757919154,124.09464263916016,6425000
2009-12-14,124.45351327427828,124.46846763547572,122.49491401032178,124.16944885253906,6652900
2009-12-15,123.20502417223007,124.09461995968431,121.1866199843721,121.65758514404297,7539800
2009-12-16,122.48738393816578,124.0123972525502,121.90428960559262,123.339599609375,8637700
2009-12-17,121.33619965123427,122.31549931054687,120.22981643528463,120.3045654296875,8943800
2009-12-18,120.96239976838831,122.1360717074332,119.75883051806325,121.99403381347656,8687100
2009-12-21,122.44250752764904,124.65528400485071,122.16591474555959,123.68345642089844,9392900
2009-12-22,123.72086289839483,124.31891164694362,122.97330481441661,123.04806518554688,4190700
2009-12-23,123.39198580860135,123.94518312267724,122.14356466834451,122.32298278808594,4052600
2009-12-24,122.59955901476445,123.27235691003862,122.08374197186497,122.57713317871094,1858100
2009-12-28,122.67435219963049,123.87792181919102,122.19591522453523,122.42017364501953,3586000
2009-12-29,122.97334583639216,123.49663438837152,122.00900060537553,122.68927001953125,5214800
2009-12-30,122.6443822182225,125.05152025511059,122.36778936654328,124.61793518066406,5996200
2009-12-31,125.0589874558011,127.18206109378023,124.78986608799141,126.21770477294922,6401800
2010-01-04,127.12222946505511,130.26197051901127,126.71854179126099,129.3873291015625,9135000
2010-01-05,129.32756403142858,131.76459957087903,129.00611949206356,131.67489624023438,11659400
2010-01-06,131.1067583991629,131.1067583991629,129.89570638038109,130.2694854736328,7381100
2010-01-07,130.3143364438881,133.62601342725355,130.03773218392462,132.8186492919922,8727400
2010-01-08,131.8168939751653,132.63920087159406,130.03770241365976,130.30682373046875,7268100
2010-01-11,130.8675837925811,130.8675837925811,127.47367336143374,128.25112915039062,7704900
2010-01-12,127.09235050816487,127.44370373333344,124.86463052843156,125.45520782470703,10360100
2010-01-13,125.59723488270072,126.83818409210987,124.18435050063393,126.38965606689453,11269500
2010-01-14,125.58973422924961,127.62309274360283,124.99916847420015,125.9859390258789,10521400
2010-01-15,125.29072969275875,125.4402390165598,123.03310126082313,123.50406646728516,10896300
2010-01-19,123.35451646935974,125.14117927092678,122.52472680128639,124.73750305175781,7705300
2010-01-20,123.94518167604451,125.72436286366246,122.83879846764171,125.43281555175781,8893900
2010-01-21,126.5541041999514,127.83243355450215,117.19468511402562,120.2596664428711,51738300
2010-01-22,118.6299917853995,119.4224015133844,113.8157159963241,115.2136459350586,30175600
2010-01-25,116.71618930233396,118.33838816963329,115.49766658077978,115.85649108886719,17877000
2010-01-26,115.8041995431435,116.99281389233411,112.65697569674771,112.79154205322266,15985900
2010-01-27,112.69435931668423,114.32403014860617,110.84041882167178,113.2550277709961,19899000
2010-01-28,115.29589192089519,116.02102424925818,112.09634390592197,114.59318542480469,16160700
2010-01-29,115.45289083340947,115.78181826821304,110.49657629145179,111.1768569946289,18502800
2010-02-01,111.99916383645366,116.05839898259464,111.54315292363043,114.47357940673828,12980800
2010-02-02,114.86227477596992,117.7403774542499,114.86227477596992,117.32174682617188,17246600
2010-02-03,118.05437588322972,119.5644464660049,117.44885563655124,117.53855895996094,16785200
2010-02-04,116.0733206789175,116.66388641287973,112.4700860526272,112.64202117919922,18895000
2010-02-05,112.74676422983315,115.4678763704737,111.2890162131604,115.24360656738281,18759200
2010-02-08,115.32577399347888,115.57246949831878,112.7467012164504,112.95601654052734,10257300
2010-02-09,114.15212853054939,114.772603170973,111.87207386557887,113.99514770507812,14017300
2010-02-10,114.20445825810647,116.13315959462687,113.44941724944825,114.84735870361328,10555300
2010-02-11,115.42295438236015,116.11071780268604,113.81570919294231,115.16131591796875,11163400
2010-02-12,113.90544337644589,115.49774604984398,112.98594995132163,115.0716323852539,10293200
2010-02-16,116.09574648956928,117.9197896273986,115.57245823039577,117.66561126708984,11497100
2010-02-17,118.11417118118614,118.25620903491462,116.47701723655656,117.56097412109375,10070000
2010-02-18,116.32751774648156,117.06012149906577,115.78180352106494,116.41722106933594,10991100
2010-02-19,115.50520324669836,117.36662710792687,115.49026029692841,116.75362396240234,8693000
2010-02-22,117.51617576360144,118.09179891358812,116.64153382254504,117.1498794555664,7375500
2010-02-23,117.22455818425937,119.76626201217019,116.55176060421674,117.14232635498047,15696000
2010-02-24,117.62079134870032,119.04863008929472,117.26943812129056,118.36087799072266,8361500
2010-02-25,116.79105915146401,116.94805145263672,115.36323111145165,116.94805145263672,10519900
2010-02-26,117.07539009491204,117.62233956376151,116.32615552297693,117.14282989501953,7812700
2010-03-01,117.26264961927153,118.5962856840936,117.00791271529596,117.28512573242188,6522800
2010-03-02,117.76465266847059,119.69019048495556,117.56236762011234,118.94095611572266,11986400
2010-03-03,119.15821856498273,119.4654073731096,117.80210630521313,118.16923522949219,10006000
2010-03-04,118.56632575476728,122.76204232916297,118.46143341202777,122.58222198486328,15439500
2010-03-05,123.70607942294791,126.05867473787703,123.62366319019144,125.25698852539062,12226700
2010-03-08,125.78145381655554,127.88680030131181,125.46677679276638,127.24994659423828,9344500
2010-03-09,126.78543753825161,129.01815269870949,125.87137071725977,126.50822448730469,12958700
2010-03-10,127.56464452396278,129.12305344413357,126.52320916774404,128.8233642578125,13107200
2010-03-11,128.41876409873902,130.04461271245378,128.19400293777292,129.99964904785156,8910600
2010-03-12,131.12354267180092,132.12002605744584,130.36681984469283,131.08609008789062,10216900
2010-03-15,130.32935611453917,131.2658993626063,127.65459454291404,130.01467895507812,13958600
2010-03-16,130.61403765886354,132.17993485106737,130.0371239550585,132.0076141357422,11687700
2010-03-17,132.50955899851664,133.27378107164768,131.54305192587952,132.3447265625,10138600
2010-03-18,132.01507157439983,133.17638693968019,131.6104901126904,132.9516143798828,6883500
2010-03-19,133.28878784179688,133.521060096221,131.82778312879142,133.28878784179688,10896600
2010-03-22,132.02261720998968,132.57704342717187,131.28835916345503,131.9851531982422,7320400
2010-03-23,132.05257428677186,132.47214375744767,129.83483524295744,130.98866271972656,10804800
2010-03-24,130.0970821875789,131.83531176944717,130.0970821875789,130.6739959716797,8396100
2010-03-25,131.2957944380863,133.91061426255442,130.95114170440212,131.04104614257812,9534300
2010-03-26,131.40072718291034,131.47564376030172,128.80088301007748,129.5201416015625,11811500
2010-03-29,130.26939820324452,130.6889676919543,128.5986084776997,130.40426635742188,11785600
2010-03-30,130.5615650875426,130.95117012487114,127.89429280698714,128.40377807617188,8184600
2010-03-31,127.36985182440134,128.61358370952388,127.25747123399087,127.84187316894531,8243200
2010-04-01,128.6584886719736,128.86827331859746,126.99518795059458,127.53463745117188,6480600
2010-04-05,127.87931728164759,129.89475957397553,127.19752269092558,129.7374267578125,6135000
2010-04-06,129.3253448611507,130.2843639386612,128.98069202122858,129.54261779785156,7743600
2010-04-07,129.53509008963482,133.28874901775453,129.47514998650803,132.1349334716797,13887200
2010-04-08,131.94017190279953,135.461571015808,131.32579425618334,134.48756408691406,10668800
2010-04-09,135.0719495560174,135.61139913013315,132.989079257451,134.2028350830078,8462000
2010-04-12,134.38272104178432,135.14694355037656,133.24388122558594,133.24388122558594,6040800
2010-04-13,133.0341149810364,134.8622495260199,132.69696164370424,134.30032348632812,6466400
2010-04-14,137.79173907797463,139.3126844129516,137.16238475296612,138.5484619140625,12556400
2010-04-15,139.0129360174219,139.0578996815641,137.60438321600645,138.06141662597656,7838700
2010-04-16,137.57443900793797,139.66480972246725,116.54343196050728,120.40198516845703,102043700
2010-04-19,116.58088414887222,122.67215240922991,116.13133890916292,122.36497497558594,54299200
2010-04-20,124.70256971615788,124.90486619606855,118.37902983742875,119.86251068115234,42196600
2010-04-21,121.12873511093326,122.2301106938613,117.62981151607063,119.0758285522461,30371000
2010-04-22,118.32653000757362,121.37591812961884,117.09778660232304,119.16567993164062,24823000
2010-04-23,120.01985949880192,120.41695281334266,117.62979995086943,117.92948913574219,14916000
2010-04-26,117.42002407527292,117.62232057811778,113.52400721655633,113.90611267089844,30940700
2010-04-27,112.57247510102317,117.022929523221,112.49754708373224,114.66283416748047,34516800
2010-04-28,117.3750886069054,118.11682350262492,115.89909561296633,117.63731384277344,21226100
2010-04-29,119.54030811358811,120.66415931221339,118.63372978310528,120.05728149414062,18464300
2010-04-30,113.80867791464426,114.25822303726203,107.36527022903654,108.78881072998047,73187900
2010-05-03,110.7668270534621,112.87217419431312,109.79281990539694,112.01055908203125,28282700
2010-05-04,111.658414014721,114.14587798423035,110.75933492218437,111.97309112548828,30313400
2010-05-05,110.96164725329757,113.29925551364694,110.28732926344964,111.0290756225586,18355200
2010-05-06,110.4970752877652,111.35870162281493,104.18852362957537,106.63103485107422,22984700
2010-05-07,108.92370355762412,109.80030645648831,106.0166703517973,107.1330337524414,21268500
2010-05-10,111.70334333155812,112.31022130867109,105.79188493491118,107.76237487792969,23098200
2010-05-11,106.6909931822296,109.01362481306721,106.05415068709858,106.36882781982422,15497900
2010-05-12,108.06958018980305,110.62446095217508,106.6010756510476,110.28730773925781,15457000
2010-05-13,111.15645862690427,111.22388700495871,108.20447213077104,108.37679290771484,11517900
2010-05-14,107.44770382491187,108.00212994237985,106.3163526086336,107.31283569335938,10977400
2010-05-17,107.49269283339328,108.11455894559514,103.79147194740872,106.8708267211914,16330100
2010-05-18,107.6574800010411,107.7024322305259,102.34541147863176,102.91482543945312,18025300
2010-05-19,103.3568971418741,104.9902342991514,101.97082017426422,104.96775817871094,18079900
2010-05-20,103.54420311855961,104.51072200242103,101.70858092427224,101.97081756591797,16279200
2010-05-21,102.70503832415896,107.4776571153504,102.08317248866929,105.3573226928711,25553400
2010-05-24,106.39127423668101,107.10304455952922,102.27797367341269,102.412841796875,16556800
2010-05-25,100.9443526572042,107.28288103461115,100.54725931955262,106.81085968017578,21490900
2010-05-26,108.1070298896353,109.23838118537171,104.66055840247711,105.11759185791016,17073900
2010-05-27,107.35587398607525,108.94823093307924,105.93628015198672,108.87311553955078,12910200
2010-05-28,108.47504609182754,109.51157908703583,107.48358921636886,108.35486602783203,10683700
2010-06-01,108.35481646172515,109.9621868341299,106.4319821613901,106.55216217041016,9455200
2010-06-02,106.65734468416689,108.91066886763521,106.01139129313266,108.7829818725586,7668400
2010-06-03,108.8430929045154,109.0984669439676,107.03291937704222,108.18962097167969,7454900
2010-06-04,106.78499514438941,109.56409172764168,106.43949197262593,106.84508514404297,14900400
2010-06-07,106.86770647964964,107.61130795114539,103.5403016367753,104.16371154785156,12238600
2010-06-08,104.50917064643237,104.91476393905805,101.43714155993739,103.48766326904297,14587000
2010-06-09,104.09602667885751,104.7194475247483,102.31590487016632,102.75154876708984,8950600
2010-06-10,103.35245266921385,103.48013963818504,98.62047055917769,100.4757080078125,21931000
2010-06-11,100.14525954741762,102.1882748063671,99.89739246147869,101.88031768798828,9241800
2010-06-14,102.98444032916115,102.98444032916115,100.19782401128333,100.22787475585938,10951400
2010-06-15,101.12171361052287,103.20227533960131,100.12273820100366,102.82672119140625,10649300
2010-06-16,102.19575326256007,103.84818858032584,101.93287233757383,102.94686126708984,7077700
2010-06-17,102.86425596590233,103.93834655000438,101.56484211191918,103.14217376708984,8104300
2010-06-18,103.51770570084257,104.94480625632994,103.29237101813455,103.78809356689453,10154900
2010-06-21,104.89224173491853,105.26779578547105,103.13465152897275,103.45763397216797,8691000
2010-06-22,103.30741457116262,103.46515233262282,101.09164772084938,101.24186706542969,9002200
2010-06-23,100.57336480841636,102.43612105207745,99.69456975214857,101.4521713256836,8232200
2010-06-24,100.75363163086907,102.13566766839335,99.97999126959193,101.38455963134766,9967900
2010-06-25,102.89427024935016,105.83109328249574,101.72253235616314,104.89972686767578,14332300
2010-06-28,105.44060091187313,105.44060091187313,102.5488289860355,102.64647674560547,9908100
2010-06-29,101.38453025194345,102.03800184828833,100.02502693261009,100.46817779541016,10338100
2010-06-30,100.40812319841255,100.87381800411423,98.41018440472408,98.59796142578125,9139800
2010-07-01,98.91345518548724,100.46073647044915,97.26852615269657,98.5003433227539,11645300
2010-07-02,99.2288863573192,99.43168874278764,97.41120622574876,98.45524597167969,6566400
2010-07-06,100.45320096930799,100.94141664771773,98.44774372662485,99.341552734375,7820100
2010-07-07,99.47678411770336,102.24837555149216,99.1988777169288,102.02304077148438,9300400
2010-07-08,102.84170555659249,103.02948255581084,100.31798222865775,101.7450942993164,9895700
2010-07-09,101.6699857235291,104.02846453320659,101.09162931812752,103.6979751586914,6919900
2010-07-12,103.35996077057969,103.88573401953639,102.17320888807899,103.08956146240234,4728900
2010-07-13,104.0284414580374,106.05643044335937,103.73550984305754,105.34288024902344,8983900
2010-07-14,104.62181777568975,104.84715244527136,103.39000123777393,104.44906616210938,6068500
2010-07-15,105.17018966954836,109.84959127155663,103.51775366569827,109.0759506225586,21621900
2010-07-16,113.7703498866534,114.16843628048822,109.69934517881397,109.78947448730469,29604600
2010-07-19,110.91613414290693,110.9386664695127,108.23468412781791,109.42142486572266,10875900
2010-07-20,106.79255274925549,112.46342165273397,106.31936240166262,111.84751892089844,20571400
2010-07-21,112.70375355204364,113.39477151133937,110.30771728630192,110.40536499023438,11337000
2010-07-22,111.82496556740176,112.57607358661107,108.27973479985391,110.07488250732422,13307300
2010-07-23,110.14997093507083,111.47192819792538,108.58767656060178,110.69828796386719,7306900
2010-07-26,110.7057829563269,111.91506702490159,109.06837338301246,111.31417846679688,6089000
2010-07-27,111.98276325396114,112.41090059924854,110.41294924325297,110.58570098876953,7151200
2010-07-28,110.41286054720797,111.65218398935949,110.24761589345485,110.56307983398438,4845600
2010-07-29,111.3667985699001,115.03219821798497,110.88608985567586,114.60407257080078,15657700
2010-07-30,113.68019843788584,115.22747905763242,113.26708675275972,113.28211212158203,8792400
2010-08-02,114.78433318101551,115.40023579803596,113.87548743347453,114.7242431640625,6523100
2010-08-03,114.25858739016549,115.64063532972915,113.72530693184164,115.0622787475586,5648500
2010-08-04,115.38523668888801,118.11176309103783,114.91955327776654,117.4808349609375,12283700
2010-08-05,116.89496901131827,117.33812008418785,115.97109770360564,117.11278533935547,5680200
2010-08-06,116.07626748201555,117.21795526620815,115.49792236365059,116.55697631835938,8082600
2010-08-09,117.12026191097348,117.3230642748103,116.11377996763231,116.72217559814453,4209800
2010-08-10,115.68566841100852,116.24899946477716,115.05472892042792,115.59552764892578,5861700
2010-08-11,113.9581125279954,114.16842186191373,111.84750077338698,112.10287475585938,7734400
2010-08-12,111.02132120089418,113.10940145603432,111.02132120089418,112.23060607910156,4949300
2010-08-13,112.20056419925402,113.0042441397127,111.22412109375,111.22412109375,4218700
2010-08-16,110.84857826806466,112.05034482301356,110.41293402380664,110.98377227783203,3760100
2010-08-17,111.67477472963678,112.50850538754098,111.26918129706311,111.607177734375,4391600
2010-08-18,111.56958879416374,112.62114697931214,110.96119308512058,112.06532287597656,4460600
2010-08-19,111.66728480318454,112.41088624748025,109.87213617999005,110.45049285888672,5290900
2010-08-20,110.74335726234847,111.89255150150325,110.60064491901592,111.34424591064453,5276800
2010-08-23,111.25411156243392,111.53953626551498,110.11243567210639,110.21759033203125,3729200
2010-08-24,108.76044807569126,109.27871446463492,108.02436539479991,108.12200164794922,6372300
2010-08-25,107.26576513136044,109.15856109131354,107.22070047105238,108.67033386230469,5638400
2010-08-26,108.8655739054728,109.0308185497968,106.40194106772839,106.51460266113281,6818100
2010-08-27,106.0039251588405,106.46210171102192,103.84072944218018,104.96739196777344,11252000
2010-08-30,104.53816284603319,105.50199428785434,102.89662988151528,102.90416717529297,6205800
2010-08-31,102.595422039875,103.9206872084379,102.24903977968873,103.10745239257812,7064100
2010-09-01,104.67368717415327,105.67517052863268,103.7625709087252,105.22338104248047,6897700
2010-09-02,105.36643876019802,105.53209834971929,104.25201092232614,105.25349426269531,4992000
2010-09-03,106.63898130658859,111.43555976180207,106.42061815388996,110.90845489501953,13588500
2010-09-07,110.05005160920281,110.11782979102773,108.54406384040209,109.34224700927734,6211300
2010-09-08,109.47025218278024,112.69306501793797,109.45518908828663,111.09671020507812,8310300
2010-09-09,112.79095512789891,113.46111926249459,111.81959801879243,112.301513671875,6729800
2010-09-10,112.54246568160517,113.51382269092231,112.05301278608817,113.24274444580078,4417200
2010-09-13,114.69604142845296,116.48815917655182,114.6809783326507,116.23966979980469,7653600
2010-09-14,115.61464546290708,115.7727791924256,114.62822557286682,114.8541259765625,5688200
2010-09-15,114.20658302235552,115.05746980301492,113.45358912507109,114.87674713134766,5698200
2010-09-16,114.66592500808027,114.81652150960915,113.82257540769731,114.6282730102539,4388600
2010-09-17,114.5379215313851,114.80899983980825,113.37077849540275,113.6870346069336,4835600
2010-09-20,113.68703811459406,114.7562882836487,112.86627736007553,114.37979125976562,5640500
2010-09-21,114.53791907047682,116.39028938653199,113.76986196481718,114.00328826904297,6876000
2010-09-22,112.91145534965813,113.36325637496932,111.20969293523702,111.49583435058594,8986100
2010-09-23,110.20820252971515,110.59222533419745,108.41607312924452,109.11636352539062,9152400
2010-09-24,110.12533442058768,111.14188056499447,109.80155262763853,110.90091705322266,5623700
2010-09-27,110.69761524959675,111.75181347153577,109.77143608563905,109.93709564208984,5205900
2010-09-28,110.32112591800401,110.4566707870269,108.47629326521772,109.19163513183594,5504800
2010-09-29,109.19919939844654,109.19919939844654,107.33176589804765,108.74739837646484,6944900
2010-09-30,109.37239407737783,110.67507066577427,108.65705197345045,108.86788940429688,6854400
2010-10-01,109.33471640672761,111.81959867524368,109.04858652619522,111.21720123291016,7439800
2010-10-04,111.2172237673904,111.79703242847076,108.95824151826353,110.36634826660156,5866700
2010-10-05,111.11178758280776,113.15993208579025,109.98983392896201,112.62531280517578,8724700
2010-10-06,112.76083578643359,114.70356141448204,112.29398324821943,113.58159637451172,6330600
2010-10-07,114.53787531247853,114.72612374264895,112.971646994688,113.78488159179688,4471500
2010-10-08,113.81499847364032,115.50923437775202,113.41591271318691,114.9520263671875,5225100
2010-10-11,114.9595675067911,115.27582353898262,113.90538073281937,114.60565948486328,4454400
2010-10-12,113.92793874958838,117.0528577245609,113.70956416217072,116.87214660644531,6378000
2010-10-13,117.69297123848384,117.98663845571173,116.25474985856744,116.5107650756836,5626200
2010-10-14,116.13425056071928,116.17942835813727,113.36323841451015,114.14634704589844,6891100
2010-10-15,114.97470816971443,114.97470816971443,113.44613057129504,113.46871948242188,6901500
2010-10-18,113.64937947875653,116.24721798369507,113.58915006945583,115.73517608642578,6972300
2010-10-19,116.81950711050902,120.253158453269,116.04392408746362,118.00923919677734,14491200
2010-10-20,117.62519210950936,120.66728266695324,116.6086456627385,120.17784118652344,10631200
2010-10-21,120.16284097997634,121.60858876797971,119.04841254772455,119.9520034790039,6350900
2010-10-22,120.39623195558721,120.46399867028605,118.59657642998681,118.79235076904297,4051700
2010-10-25,119.9971012062818,120.0648678956938,117.67035295160831,118.51370239257812,5728300
2010-10-26,118.00918907233043,119.5227024716668,117.86611841218834,119.1913833618164,4068500
2010-10-27,118.36313174673533,120.92330681676046,118.22006104468637,120.59198760986328,6570900
2010-10-28,121.12656489156416,123.33283087831181,120.81030892195042,122.91869354248047,9918800
2010-10-29,122.0979481027926,123.18979837640742,121.19435778133061,121.32990264892578,4536600
2010-11-01,121.81181320154262,122.70787768366883,120.60701849637272,121.66121673583984,4514400
2010-11-02,122.03018768943265,122.73800378274005,121.83441341480983,122.60247039794922,3332400
2010-11-03,122.87357207363695,122.87357207363695,120.9082684972142,122.45943450927734,4462800
2010-11-04,123.2048456772338,125.29816758658149,122.50456693673804,125.29064178466797,8162600
2010-11-05,124.98942690153466,128.89745450629516,124.93671182807579,128.81463623046875,11989300
2010-11-08,127.97129289144144,129.22126534604146,127.33125506091017,127.40654754638672,5516100
2010-11-09,128.2348832615376,128.6490322684182,124.99700669380297,125.4111557006836,7343900
2010-11-10,125.23034628230204,126.99234830259621,124.6731384496,125.91557312011719,6328100
2010-11-11,124.83884859287448,127.17313418468252,124.83884859287448,126.28460693359375,3931500
2010-11-12,125.29067046566682,126.59334686089008,123.98045677703072,124.8689956665039,4735600
2010-11-15,124.75595670385017,127.51945294077333,124.25145244110452,125.91557312011719,5199000
2010-11-16,124.8464218708315,125.75001247690155,123.98800907159826,124.31932830810547,5914100
2010-11-17,124.33435634944556,124.79368311485034,123.491006808942,124.16117095947266,3726300
2010-11-18,124.76355435284997,127.20324710288236,124.69578766307671,126.0135269165039,4987500
2010-11-19,126.12645869200307,126.31470713781202,124.7710675842239,125.50147247314453,4584500
2010-11-22,123.71692986101283,123.77717076629283,119.31190988930202,121.26969909667969,11364000
2010-11-23,119.80133048005025,121.15671026743507,118.71701745832262,118.807373046875,7315000
2010-11-24,119.69592175732527,121.00612385946252,119.38719148438058,120.6748046875,4258200
2010-11-26,119.31947092073794,119.98963532685454,119.02580363018753,119.13874816894531,1876900
2010-11-29,118.58906554834896,120.47907693138927,118.22009423892572,119.93692016601562,4819900
2010-11-30,119.28780555608283,120.23866259896822,117.8313217163086,117.8313217163086,5416900
2010-12-01,119.5746841430664,120.14067350775282,118.48044034102263,119.5746841430664,6024000
2010-12-02,120.11041599228405,123.19693993201622,119.86892182322076,122.63095092773438,7208600
2010-12-03,121.73295000003607,122.63098800073104,121.46127473524668,122.48760223388672,4658000
2010-12-06,121.99711835985715,123.1517356921594,121.86882882461052,122.74421691894531,3686300
2010-12-07,124.15538128506869,124.34404433220709,121.831051162514,121.94424438476562,5527700
2010-12-08,122.22348123811707,125.37792205810547,122.17065005434652,125.37792205810547,5259500
2010-12-09,126.02692321478354,126.59291239089784,125.0836079212597,125.61186218261719,5746400
2010-12-10,125.5816415681486,127.13622283935545,125.19676168007996,127.13622283935547,4543600
2010-12-13,126.97023376883186,128.98515377877743,126.7061008904729,127.89845275878906,5325200
2010-12-14,128.04187728168327,128.28337158815492,125.90620950853912,126.27599334716797,4892700
2010-12-15,125.75527194723836,126.24579138744375,124.60065472883855,124.6761245727539,4358100
2010-12-16,125.03833410164958,125.20435851912627,123.1667997315517,124.11011505126953,4164400
2010-12-17,123.70265063564946,124.51767681113249,123.09892626324522,123.79320526123047,5343000
2010-12-20,123.56670019173235,125.95139132733105,123.49877277260714,125.30994415283203,3719100
2010-12-21,125.67975241357885,127.44564703331939,125.64957139699419,126.95511627197266,4546900
2010-12-22,127.28718874782363,128.04938334568638,126.70610331336958,127.98902130126953,3858500
2010-12-23,127.6116686479308,128.064452977354,126.15518417634837,126.47969055175781,2494000
2010-12-27,125.86847825574905,128.29091770972792,125.58171815230116,128.16262817382812,2715000
2010-12-28,128.29092365861726,129.21914299968867,127.40798162465913,127.67965698242188,2862900
2010-12-29,127.83808364425504,128.1248551775757,125.70242795846742,126.50235748291016,3329800
2010-12-30,126.84947886444053,126.97022597371036,126.01936839713625,126.5098876953125,1745400
2010-12-31,126.46461358662634,127.38529016656203,126.03445631719545,126.90231323242188,1636300
2011-01-03,128.7059594734786,130.74351849769928,128.17770513610003,130.59259033203125,5717100
2011-01-04,131.21137402741616,131.3094824980157,129.8001781014868,130.61520385742188,3335500
2011-01-05,129.8378640547028,131.67921656653706,129.80012915600304,131.30943298339844,4140600
2011-01-06,131.69433937268812,131.7547129250404,129.78507040047373,129.95864868164062,5375200
2011-01-07,130.32846210983013,130.47184790266837,127.80792595544787,128.81161499023438,4916100
2011-01-10,128.29087714759868,129.2643734428486,127.68715306977064,128.10975646972656,3650300
2011-01-11,128.66821790030016,129.37003901615415,127.02308140394544,127.80791473388672,4572300
2011-01-12,127.83049612245749,130.03407848244277,127.67201414288715,129.5511016845703,5592900
2011-01-13,129.83035341395063,130.25296829906185,129.0455202289005,129.47567749023438,3183800
2011-01-14,129.1889097011249,132.0641326904297,129.1889097011249,132.0641326904297,5885100
2011-01-18,131.87544774869085,132.32068970136274,130.59254154714094,131.82261657714844,4981200
2011-01-19,127.88336970145717,129.4153127800661,125.16661711545768,125.64205169677734,13372700
2011-01-20,125.6873698027817,126.07223841283005,123.77054610156202,125.03836822509766,8914900
2011-01-21,125.1817426249352,127.68718258163796,124.6081994366521,125.42322540283203,5876500
2011-01-24,125.26472451321384,126.07975028201776,125.08360383734222,125.49866485595703,4624300
2011-01-25,123.04603158174805,124.35911891277298,120.83489486231196,122.2385482788086,11259800
2011-01-26,122.0272775053991,122.88758068722998,121.5292042119495,121.73296356201172,6738000
2011-01-27,121.5971119931117,123.95162315916379,121.58201572497379,123.78559875488281,6036000
2011-01-28,123.88372722104191,124.58554834917243,121.81597572538547,122.08010864257812,4570000
2011-01-31,121.78576758485292,123.55165085126312,121.67256285336839,123.47618103027344,3792800
2011-02-01,123.65733038851229,125.4609489839795,123.46866730733338,124.76667022705078,4138400
2011-02-02,124.63078666825328,125.75522241524733,123.91386949375992,124.55532836914062,2986200
2011-02-03,124.51005110855887,124.51005110855887,122.13289014209187,124.24591827392578,4710400
2011-02-04,124.42708581243606,124.50254414000037,122.82721496598397,124.38935089111328,3354500
2011-02-07,124.35912050790989,126.85702875240446,124.21574627463939,126.12501525878906,5036700
2011-02-08,126.04205322506951,127.3249600646793,125.46851000341918,127.19667053222656,4718700
2011-02-09,126.95509819879594,126.95509819879594,124.26099664291417,125.27976989746094,5663900
2011-02-10,124.63080704869715,125.76278535618788,124.27611959114375,124.7741928100586,4265800
2011-02-11,124.60058894619615,126.54759243746453,124.3741910490579,125.77030181884766,4257100
2011-02-14,125.38547581217453,126.63065902390129,124.90249879779941,126.41935729980469,3547200
2011-02-15,126.2684115304275,127.1136183089275,125.89108543072875,126.71365356445312,4025900
2011-02-16,127.20414399983213,128.21537495375424,126.78154070655579,127.39280700683594,4606300
2011-02-17,127.18906377208222,127.30226849960394,126.0269045690378,126.14765167236328,4448100
2011-02-18,126.05710010923137,127.00796926361362,125.91372586197778,126.81175231933594,3728100
2011-02-22,125.02320190797973,125.09111782786525,122.51776312656666,122.96300506591797,5448200
2011-02-23,122.72909932297667,124.36669332661131,122.08009792620668,123.07623291015625,4560400
2011-02-24,122.40458206490409,123.6874884759788,121.74049597256949,123.3403549194336,4619300
2011-02-25,123.80070525665256,125.18172027092268,123.40074048102609,124.6081771850586,4636200
2011-02-28,125.18296703105015,125.72747189263582,123.35283017832052,123.8595199584961,4235200
2011-03-01,123.68551632885318,124.39639792558981,121.98394245818899,121.99150085449219,7015500
2011-03-02,122.19571924050025,123.51916586909026,121.84027836565869,122.2789077758789,4658400
2011-03-03,123.0503126330354,124.91825272443502,123.03518429501841,124.39644622802734,4581200
2011-03-04,123.1788511820982,123.26959811382412,121.27308483908361,121.75708770751953,7810800
2011-03-07,122.06716119743236,122.39234541202528,119.86645567702718,120.35801696777344,7004100
2011-03-08,120.56975797722929,122.34696226853283,120.27481891819788,121.98396301269531,4845900
2011-03-09,122.3999332373937,123.81412705182959,122.19574106144844,122.77806091308594,4125200
2011-03-10,121.60586201787979,121.75711077926263,120.99329703357773,121.20504760742188,4563400
2011-03-11,120.88739404466855,122.1730255311247,120.87982410763257,121.51507568359375,2883900
2011-03-14,120.95545982961174,121.37896089982074,119.50345121480711,119.81350708007812,4376100
2011-03-15,118.02115909183406,119.52611076796208,117.10609696025921,118.92110443115234,5243600
2011-03-16,118.9059993671141,118.91356930425978,115.90366536301997,116.75067901611328,7223400
2011-03-17,117.92286355618872,118.24050088355955,116.42548154510952,117.7867431640625,5293900
2011-03-18,118.42954083583393,121.18986704507114,117.40103354628809,120.9705581665039,10170600
2011-03-21,122.2259483967906,122.62676268589964,120.92518867153727,121.15963745117188,4663300
2011-03-22,121.48484818373225,122.6721745168669,121.09159220555227,121.59828186035156,3538900
2011-03-23,121.01596258069235,121.17476971349764,119.66982922287603,120.64539337158203,3603300
2011-03-24,121.26550860336728,121.37894225133881,120.11599763259579,120.93275451660156,2734400
2011-03-25,121.38650487112241,121.38650487112241,119.26142983525257,119.46562194824219,4020700
2011-03-28,119.63960218256592,120.4639178005261,118.28591009158278,118.33128356933594,3686800
2011-03-29,118.42960939132591,120.01773893010723,117.62041051192536,119.84380340576172,3769400
2011-03-30,120.26728208251592,121.32603490999948,119.08752563487985,120.29753875732422,2967200
2011-03-31,119.01945295333248,121.05378138824197,118.97407948541525,119.94208526611328,3317700
2011-04-01,120.82694125827423,122.51338774742919,120.74375269390104,121.17481231689453,3787900
2011-04-04,121.57556499285893,121.66632345119999,119.94206275670076,120.16893005371094,2816800
2011-04-05,119.83617071691941,120.35797696647931,119.20090775567476,120.17648315429688,3173700
2011-04-06,120.91764250509127,122.50578302828056,120.13114218074112,122.4301528930664,4198700
2011-04-07,122.50578580828298,124.32835209710296,122.188160004345,122.81584167480469,4589200
2011-04-08,123.64014631521549,123.7384516280402,121.620946650539,121.72682189941406,3280800
2011-04-11,121.40918744472933,123.20151986042868,121.40918744472933,122.11251068115234,3126900
2011-04-12,121.1898889357608,122.08983441911373,120.58488250212086,121.31845092773438,3328100
2011-04-13,122.8915015012526,124.0107562530847,120.87230098440779,121.12942504882812,5145000
2011-04-14,119.11773045271958,119.18580217822806,117.40859816982673,117.81697082519531,7982300
2011-04-15,118.11195285320667,118.69427269307549,116.93976631388331,117.3178939819336,5608300
2011-04-18,116.50112819182725,117.12882145897159,114.58780325659176,116.29693603515625,5992900
2011-04-19,118.04383441302335,118.05140434795622,113.09793203207016,114.84487915039062,13463800
2011-04-20,115.83558147303008,116.57670817080128,114.5726369586265,115.48014068603516,7181300
2011-04-21,115.77507143856488,116.71283176248848,115.48013245967897,116.09269714355469,3977500
2011-04-25,115.3894367905089,115.3969951893879,114.33067243089491,115.09449768066406,3711600
2011-04-26,114.86760373836343,116.42548762942538,114.7844152034262,115.91123962402344,4400000
2011-04-27,116.16082175061966,116.34988558059167,114.95080862298263,115.60118865966797,4207000
2011-04-28,115.36670084055065,115.40451589789483,113.58949700119202,113.89200592041016,5906700
2011-04-29,113.65002436736377,114.85246730064242,113.16602152720229,114.20208740234375,6075500
2011-05-02,115.10202696980521,115.759976771169,114.2474665309888,114.42140197753906,4362700
2011-05-03,114.17183018396918,115.55577836309178,113.95250974894901,114.85245513916016,3557400
2011-05-04,115.13984684313166,115.2986655023809,114.15671283804136,114.58778381347656,3768000
2011-05-05,114.09620003667696,114.36089393005024,113.40044674898164,113.74832916259766,4100200
2011-05-06,114.54996660257963,114.9280941713372,113.08282978947426,113.51390075683594,5429300
2011-05-09,113.21138017403634,113.3399421494919,112.53075523585125,112.77275085449219,3152400
2011-05-10,112.69715930515484,113.99791924353354,112.31903168445264,113.74078369140625,4033800
2011-05-11,113.4383025103328,113.4383025103328,111.66109782185457,111.83504486083984,5310500
2011-05-12,110.40570006297573,111.00313658957842,106.37485848922094,107.95542907714844,20659200
2011-05-13,107.68315478855385,107.78147163650085,105.30851442223008,106.97984313964844,14256700
2011-05-16,106.54878431212286,108.43942212839272,106.07233988977087,106.32947540283203,6458800
2011-05-17,106.072384225028,107.35045776935102,105.18000834173871,106.48832702636719,7071400
2011-05-18,106.57903889666625,107.25211709693727,106.0345457736415,106.51097869873047,4768900
2011-05-19,106.8059009135297,106.85884430770889,104.68838439755837,105.37657928466797,7331500
2011-05-20,104.49932770204228,105.60346526266272,101.93562328819274,102.08688354492188,11284500
2011-05-23,101.06597666596018,103.75068578921413,101.06597666596018,102.729736328125,8406500
2011-05-24,103.0548867465415,103.42544436397186,102.11712625885848,103.10781860351562,6605300
2011-05-25,102.6011706960625,104.0531797070951,102.48016706025766,103.03224182128906,6528800
2011-05-26,103.00193641841044,103.3800639467743,102.35155660804313,103.04730987548828,5332300
2011-05-27,103.30512903173269,105.35986366111186,103.28996173670323,105.13240051269531,5275700
2011-05-31,106.77008265062524,107.89221912224251,106.0573704425534,106.70183563232422,7023200
2011-06-01,106.11048988547483,106.14840234302032,103.1914157625964,103.2444839477539,6768100
2011-06-02,103.60840289606806,103.66906050539525,99.70366329583473,101.88729095458984,12423400
2011-06-03,100.82580095786328,104.00267241028656,100.75756548529124,102.60758209228516,5457600
2011-06-06,102.16781524955928,102.52417144906848,100.94710842276837,101.5233383178711,5287800
2011-06-07,101.88727523826206,102.9335870223064,100.8333740234375,100.8333740234375,6191500
2011-06-08,100.56041062621213,102.27394427058778,99.70363801939776,99.7718734741211,6795100
2011-06-09,100.07514824924436,102.43315839534057,99.95383307734033,101.2427749633789,4498100
2011-06-10,101.00019340831565,104.06332742755022,100.47703165978474,103.05491638183594,7556800
2011-06-13,103.21413277123663,104.60922290203564,103.05490512067863,104.2756118774414,5272900
2011-06-14,104.78363167289041,105.35228381102395,103.52501216386638,103.94961547851562,5849900
2011-06-15,103.16867608335818,104.32113618301943,101.60676836200608,102.24366760253906,5715200
2011-06-16,102.07686804951747,103.79040257154122,101.71292229941233,103.183837890625,5230700
2011-06-17,104.5030753383445,105.23094342237141,104.03299338535817,104.04814910888672,6758300
2011-06-20,103.43400710033653,103.66904807751763,101.87211144748373,102.46350860595703,4019900
2011-06-21,102.73648010302712,104.01784469487657,101.82663905065237,103.08525848388672,4213300
2011-06-22,102.80470965952945,104.46517555836593,101.92519167953066,101.99343872070312,4224400
2011-06-23,100.91677172654293,101.47025639084954,99.80979082867607,100.35569763183594,6706600
2011-06-24,100.69690536520362,101.18215466237935,99.1880892971954,99.2563247680664,5774800
2011-06-27,99.1350288359696,99.97663451486173,98.41473839728454,99.10470581054688,5831800
2011-06-28,99.5823503410009,99.5823503410009,97.27741898044906,98.00528717041016,8056000
2011-06-29,98.3616265191508,101.01533579345049,98.18724314908803,100.4845962524414,8170800
2011-06-30,100.87887955574904,101.44753162588376,99.70366296361944,100.9092025756836,4980900
2011-07-01,101.16696237225771,103.66145528193867,100.90917627760008,103.6083755493164,5103500
2011-07-05,103.0397584322324,103.15349579659,100.84097488573492,101.97827911376953,4458300
2011-07-06,101.43237481288214,101.93279146293307,100.70450656667822,101.51577758789062,3029100
2011-07-07,102.42562496530667,103.2672306304868,102.14509359999926,102.3649673461914,3857500
2011-07-08,101.08358307689133,101.90243175977547,100.96984573758485,101.6598129272461,4141600
2011-07-11,100.65144636602854,101.16701884313355,99.37767090311542,100.09796142578125,4722900
2011-07-12,99.6429970580587,100.58317256733305,98.64217551396473,98.8013916015625,4330900
2011-07-13,99.12743096132506,99.9083788624657,98.33889362841727,98.50569915771484,4410500
2011-07-14,99.85531654714663,100.23441798549514,98.37682325143898,98.48297119140625,5357200
2011-07-15,99.5596117320543,99.71124998416609,97.94463600238402,98.68768310546875,5255100
2011-07-18,98.24793084747164,98.68768990738556,96.67086746444659,98.05838012695312,5836500
2011-07-19,95.32881460598448,98.51325739953876,95.15442546428032,97.42145538330078,15297700
2011-07-20,97.04997204566855,101.44755121783956,96.73152821320468,100.65143585205078,8578300
2011-07-21,101.23520095482642,103.10037262448726,101.03048304060687,102.7970962524414,7671000
2011-07-22,102.38012633482725,103.4719402517821,101.93278944557011,102.7289047241211,4925500
2011-07-25,101.72805858636544,103.97234375081148,101.22006414712125,103.76004791259766,5856700
2011-07-26,103.57808750805894,105.57974248632199,103.13075062172238,104.3287124633789,5464700
2011-07-27,103.71451558908433,104.06329383192454,101.93274664353159,102.1450424194336,5250000
2011-07-28,102.33464514098341,104.7305690535674,102.09201466257888,102.99427795410156,4429700
2011-07-29,101.67500013949103,103.57050714008365,100.93954249772057,102.33463287353516,5340300
2011-08-01,103.81312319325262,104.13156697236998,101.40962177026074,101.71289825439453,5880700
2011-08-02,100.14343948905386,102.17541768891412,99.46104994384469,99.49896240234375,7594500
2011-08-03,99.58994019547954,101.04568815083177,99.10469087702882,100.14342498779297,6499400
2011-08-04,99.20328026242352,99.99939574649103,95.69280236574951,95.70796966552734,8193300
2011-08-05,96.86038470115635,97.98252133932074,92.76608939639343,94.91180419921875,11167300
2011-08-08,92.56138319183556,95.10894462167523,85.00210165865148,89.21012878417969,17378000
2011-08-09,91.37101114776677,93.37266586011984,84.61542215510438,93.0542221069336,15913400
2011-08-10,90.66588507053291,90.7341205405364,83.43263023414308,83.66008758544922,18592000
2011-08-11,85.63142362074784,90.79478268919429,85.1082618527103,89.54374694824219,11842200
2011-08-12,90.84786253069802,91.65155567651064,87.41320464875872,88.3078842163086,9607900
2011-08-15,89.1419123892783,90.75688244155727,87.95153409880889,90.32470703125,7257200
2011-08-16,89.16463738688964,90.81751952325364,87.57241285553275,88.61115264892578,7413100
2011-08-17,88.98267186614675,90.0365731863579,88.36852951275645,88.8992691040039,4828600
2011-08-18,85.03242394285334,86.81419892098755,84.9490211929102,85.78304290771484,9284600
2011-08-19,84.82014287674087,87.4207785146189,84.24390717280758,84.73674011230469,6829000
2011-08-22,86.56399374681345,86.80661835946131,79.68709605514017,80.75616455078125,11286600
2011-08-23,80.38466723820585,82.4924761153848,78.2162123112374,81.02156066894531,24482500
2011-08-24,81.05185378366134,83.96334880018068,80.66516886331455,83.63732147216797,10169800
2011-08-25,86.82178607290054,89.543730778482,81.96928801177013,83.28097534179688,11939500
2011-08-26,82.36354702175126,85.35845078675231,81.67358565817626,84.72914123535156,7355700
2011-08-29,86.16976604116344,88.36097209414713,85.16893838300005,88.0046157836914,5177900
2011-08-30,87.70800103124283,88.21753193525572,86.1261680316182,87.59392547607422,5298800
2011-08-31,87.76123546016555,89.58642693531628,87.20607085316861,88.38484191894531,6488100
2011-09-01,87.87530668035167,87.87530668035167,84.8713442876104,85.29722595214844,9855500
2011-09-02,82.57464288364643,83.07656714029591,80.460465295267,81.41868591308594,8380900
2011-09-06,78.84060754716218,80.30836484738221,78.65809015810257,79.51744842529297,7749300
2011-09-07,80.61256279779217,82.73434698655485,79.8520669223413,82.39212036132812,6526400
2011-09-08,81.47195640715415,82.1335901947101,79.65437094016349,79.69239807128906,6508800
2011-09-09,79.3805815476052,80.47569779819561,77.73791297384444,77.76072692871094,8613700
2011-09-12,76.65041640560274,78.33111239272554,75.8823135818167,78.27027130126953,8769600
2011-09-13,78.64289483578973,79.9889702146786,77.19034467801154,79.16002655029297,7119200
2011-09-14,79.78365158634608,80.52132795683985,78.73416321617711,79.50226593017578,6602200
2011-09-15,79.98131273023017,82.2780124579825,79.92807827572572,82.11070251464844,6354500
2011-09-16,82.94728185301894,83.39597742013851,80.54411799207269,81.74569702148438,7999300
2011-09-19,80.09544280128257,80.30838076441005,78.52121622859096,79.70758819580078,5821600
2011-09-20,79.85206179534426,80.0573931155983,77.97363617524748,78.03447723388672,4978100
2011-09-21,78.18661109055665,78.20182426347947,74.31568828563975,74.42215728759766,8586100
2011-09-22,72.97720698603683,73.030441482357,69.50934653517982,71.47142791748047,12381300
2011-09-23,70.60443919627309,73.4030644444196,70.57402446501064,72.38400268554688,17489100
2011-09-26,73.152100688968,75.84425680539434,72.24710873341738,75.39556121826172,7038600
2011-09-27,76.96219601152028,79.15242829402236,75.1217970091256,75.70738220214844,8583800
2011-09-28,76.03441062494868,76.66561804469697,73.16733677732387,73.25099182128906,5676800
2011-09-29,75.0229158862251,76.03437674741491,73.92019343533752,75.95072174072266,5949200
2011-09-30,74.74154644676926,74.83280805613846,71.83645193961006,71.90489959716797,5780200
2011-10-03,71.2889139376246,72.79469900403542,68.3533980683962,68.50550079345703,7745200
2011-10-04,67.16699075832472,72.414413089875,64.0869803587714,71.92769622802734,12000000
2011-10-05,71.38773886518825,72.65776538805795,69.06822448331782,71.70714569091797,8455400
2011-10-06,71.48661552720846,74.52859916666414,69.78310631370782,74.4753646850586,7604000
2011-10-07,74.58184591260567,74.58184591260567,70.15575922145113,70.4903793334961,7636900
2011-10-10,72.18626878900082,73.30419868032853,71.44858684426767,73.11407470703125,6123500
2011-10-11,71.91250175091153,75.14460983395153,71.48662583664952,73.53996276855469,7065300
2011-10-12,74.68070283195927,76.90895628296205,73.30420696637226,75.37275695800781,8237900
2011-10-13,74.42975060837266,74.54382037433575,71.88208419554115,73.12169647216797,6571500
2011-10-14,73.60841019194429,74.40692752863109,71.98094917950739,73.56278228759766,5557400
2011-10-17,72.63498093901543,74.4449594885955,72.37640925928999,73.69207000732422,7227800
2011-10-18,74.67311459144892,78.89386450337055,73.425901440332,77.76072692871094,16777200
2011-10-19,77.22833844748855,79.80641833259808,76.29292621030329,76.65036010742188,9959400
2011-10-20,77.3348416250233,77.69987646304791,74.74154742875332,76.70362854003906,7351200
2011-10-21,77.37284282214189,78.37669706882336,76.49827147188302,77.6390151977539,5854800
2011-10-24,78.06489418491434,79.64672682429112,78.01165971157582,79.07635498046875,5616600
2011-10-25,78.36912688962663,78.46038270997124,76.11045250209919,76.38423156738281,5150100
2011-10-26,77.49453584342346,81.17533333186559,77.08386734806345,80.86353302001953,11751700
2011-10-27,83.90551116354183,89.3810791350105,83.6545461326344,88.52172088623047,16477900
2011-10-28,86.9550738875647,89.79172534716898,86.69650813953534,88.11103057861328,8249500
2011-10-31,85.77634521769512,86.61288966391615,83.2591052943769,83.31233978271484,8071700
2011-11-01,78.7037178798412,81.4491085016206,78.110532015124,78.74174499511719,10225400
2011-11-02,80.9547765787454,81.56317554703149,79.66193602379066,80.71141815185547,5602800
2011-11-03,82.15637015526316,82.67350759309511,77.63902270720541,81.89019775390625,8295100
2011-11-04,80.86352477456253,81.04604215318165,78.94707199163186,79.88248443603516,6074600
2011-11-07,79.81405859477442,80.72665734140162,78.90146565027165,80.28556823730469,4696900
2011-11-08,80.92434885921084,83.09176040728617,80.76463965903329,82.57462310791016,6138600
2011-11-09,79.84445189963185,79.85205848217683,75.1598008191145,75.79861450195312,10596500
2011-11-10,77.47172722368602,77.52496170996216,74.63507467808188,75.66934967041016,8536500
2011-11-11,76.72643423043671,77.72268204617204,76.24732388132227,77.31201934814453,4770400
2011-11-14,76.44505032378683,76.51349797637566,74.81758945532458,75.5096435546875,4826400
2011-11-15,74.75674981091237,76.82529379951914,74.57422661611386,75.85946655273438,5664100
2011-11-16,75.19025581481854,75.28151163870056,72.43725768591682,72.70343017578125,8889900
2011-11-17,72.99997712793429,73.34220365784387,69.8287116030766,70.23177337646484,8994900
2011-11-18,70.32304680730458,71.02270154336281,69.44086890365706,69.89717102050781,6228700
2011-11-21,68.58153094762521,70.18617800538341,67.60809697558925,69.43328857421875,7802900
2011-11-22,68.98458242860008,69.81352597713501,67.38754219819467,67.98833465576172,7087400
2011-11-23,67.66892458866388,67.8970698667823,66.619436582101,66.83998107910156,6608600
2011-11-25,66.96926689916617,69.5397467469193,66.72590844397118,67.49401092529297,3675000
2011-11-28,70.51317506242269,71.29648484760877,67.9655151642927,69.03781127929688,8730600
2011-11-29,68.97674560223426,69.69438047065022,67.6789010089434,67.8010482788086,5877300
2011-11-30,70.54181147235074,73.29782855314234,69.75546971362726,73.18331146240234,10871200
2011-12-01,72.20610796914065,73.0000857333694,71.15255775094238,72.09159088134766,6036600
2011-12-02,72.93137470164018,78.19147240499557,72.93137470164018,74.24449157714844,15122900
2011-12-05,76.00802420723227,78.01587354130145,75.61867430996728,76.2065200805664,8527400
2011-12-06,76.06910673200048,77.94716708992551,75.58050594739791,77.22953796386719,6401800
2011-12-07,76.55006758291233,81.00092077047549,75.6186763892152,80.26038360595703,10620400
2011-12-08,79.1534171893282,79.92449280869403,75.8706246114989,76.28288269042969,9218200
2011-12-09,77.19899714951177,79.07705744571192,76.94706074006794,77.450927734375,7014600
2011-12-12,75.84005413942512,75.92403292492916,74.45059490369373,74.83995056152344,6133300
2011-12-13,75.72554821608941,76.29812770761242,71.26705954664871,72.5572738647461,10105700
2011-12-14,71.59532618377827,73.06876405094059,70.57995066491652,71.19070434570312,8376300
2011-12-15,72.32823712715525,72.60307573913063,70.16007232666016,70.16007232666016,8163200
2011-12-16,70.77847381925315,71.45029846791168,68.63321073439565,68.78589630126953,10053500
2011-12-19,69.18286798113543,69.41189626486153,66.34287299612895,66.95362091064453,9545300
2011-12-20,68.57212541202053,69.85470381338055,67.29718303540236,69.45771789550781,8610800
2011-12-21,69.50351105635016,70.39673359428328,68.15985632541276,70.23641204833984,6422500
2011-12-22,70.32801678484707,72.48854515850432,70.07608046676759,72.08392333984375,8280500
2011-12-23,72.37406469889156,72.52675026435254,70.79374521558837,71.60298919677734,3919500
2011-12-27,71.3815740328954,71.64114059721682,70.10663180903047,70.16007232666016,3672000
2011-12-28,69.97682908798375,70.5723106403182,68.74005567765825,68.80113220214844,3917400
2011-12-29,69.15996476942567,69.80125682298679,68.90039819805123,69.4806137084961,4290500
2011-12-30,69.11415403901479,69.5798524452471,68.81641319890944,69.03781127929688,4182800
2012-01-03,70.97697005736723,73.61846998414626,70.87008899512503,72.80158996582031,8645200
2012-01-04,72.32058635565745,72.62595732691602,71.51897299465892,72.32821655273438,7406200
2012-01-05,71.72512233147152,73.13748974391251,70.61813763885651,72.20609283447266,8131300
2012-01-06,71.61059859699786,71.73274583903508,70.5570487834605,71.32048797607422,5940900
2012-01-09,71.37391632214906,72.61068970024543,70.96929455095704,72.29004669189453,5018200
2012-01-10,74.32844040572567,75.94693359411359,74.08414009658965,75.06897735595703,7682700
2012-01-11,74.77127624575029,76.81729460558111,74.43536095807329,76.16073608398438,7223000
2012-01-12,76.77146342540414,77.450924018581,75.0155563178719,77.2677001953125,6858700
2012-01-13,74.81706375470911,75.90878236697023,74.05362432864065,75.54996490478516,7615800
2012-01-17,75.29038103672042,77.74865053249798,74.01543306076432,74.57274627685547,8041500
2012-01-18,75.58048546970038,80.79477692576155,74.66436070292964,79.63434600830078,17960300
2012-01-19,81.11544982146239,82.68050318314432,80.06953557162107,82.20716857910156,11480900
2012-01-20,81.93231305996359,83.54317059868548,81.38263578092936,83.01639556884766,8439700
2012-01-23,82.82553251910196,84.66542412770761,82.08499542599777,82.59650421142578,7091800
2012-01-24,81.52767610651802,83.29121886472858,81.11541822318715,83.11563110351562,4543900
2012-01-25,81.10018130642135,83.17673187063662,80.87114712472892,82.6575927734375,7927600
2012-01-26,82.91714157940821,84.20735584067461,82.47434539423543,82.87896728515625,6909600
2012-01-27,82.27587743158956,85.65791485836716,82.16136615918498,85.32963562011719,8403600
2012-01-30,84.26080225086895,84.29897072321079,83.03929464433146,83.77220153808594,6356900
2012-01-31,84.50511932382446,85.88694294195801,83.3370578317468,85.10060119628906,8028400
2012-02-01,85.97091914663868,89.05521530309585,85.20747967695861,86.6122055053711,11333000
2012-02-02,87.29165607371078,88.108541803408,86.04725197887434,86.56639099121094,6624200
2012-02-03,88.26121820121567,89.75755853471216,88.10089664668887,89.72702026367188,7454500
2012-02-06,88.85670833059099,89.7804692747708,88.81090383198742,89.62014770507812,3421900
2012-02-07,89.146805470428,89.30713285080661,88.0321847792214,88.54369354248047,5727300
2012-02-08,89.02465855710173,89.35293769394556,87.44433941568607,88.67347717285156,4958200
2012-02-09,89.46744794439552,89.62013346520042,87.83368840854997,88.46733856201172,4769800
2012-02-10,87.42906643513568,88.29939259935202,86.46713710685069,87.12369537353516,5849400
2012-02-13,88.45209769748146,88.6124192876619,87.01683358687981,87.43672180175781,3990000
2012-02-14,86.77251318963974,86.91756269518315,85.04713874958905,86.16939544677734,4870300
2012-02-15,86.4824010282898,87.9863773474192,86.19993222136952,86.39842224121094,6111800
2012-02-16,85.84873884996908,87.78024498925753,85.21508871747413,87.59701538085938,6372400
2012-02-17,88.14669846345606,89.05519306942492,87.6657338144852,88.49024963378906,5182300
2012-02-21,88.72694794358559,90.01716268346009,88.50554976887102,89.03995513916016,5320400
2012-02-22,88.72692829670825,89.42929114915825,87.25349001679666,87.30693054199219,4508500
2012-02-23,87.5054142850894,88.42153911130265,86.43659810478754,88.4062728881836,5609600
2012-02-24,88.80329279982642,89.29952969781814,87.87953159566672,88.45974731445312,4877500
2012-02-27,87.42907921007387,89.05520889114327,86.98628877622171,88.73456573486328,4370200
2012-02-28,88.82645958179896,90.86334499369374,88.25215057588215,89.67643737792969,6448200
2012-02-29,89.21696537133562,90.45746872402508,88.16789245605469,88.16789245605469,6650700
2012-03-01,88.80346542505788,92.83893976977292,88.70391481719027,92.75470733642578,10485800
2012-03-02,92.96909062349589,93.55871162283508,91.78218369788033,91.85875701904297,7044100
2012-03-05,91.5831518057847,91.85116153652196,89.98274666925798,90.84037780761719,5612700
2012-03-06,88.91833854210257,89.01022423105456,86.61344375540597,87.0422592163086,8161100
2012-03-07,87.8003337718297,89.38542585545409,87.51700598874216,89.13272857666016,5595000
2012-03-08,90.1511876303558,90.87864325498187,88.88770684458784,89.72236633300781,4784100
2012-03-09,90.06695972846241,90.7331543667376,89.01022752898142,89.81426239013672,5000600
2012-03-12,90.128219784619,90.2584009261204,89.04086285698256,89.58454132080078,4060000
2012-03-13,90.66423806021406,95.60329254726376,90.66423806021406,95.36591339111328,11884700
2012-03-14,95.35058241327259,95.61859788643454,91.75158258644076,92.17274475097656,14837200
2012-03-15,93.21417582402854,94.60783200471211,91.98132545163466,94.23261260986328,7245600
2012-03-16,94.26324720097081,94.56954649570733,92.70112605577042,94.13307189941406,7425700
2012-03-19,94.13307098941434,96.48390885236846,93.57407434376114,95.18214416503906,8020700
2012-03-20,94.56187961782678,97.90818847522696,94.38576148132671,96.49921417236328,8247000
2012-03-21,97.00461582670658,97.64018583430813,95.34294991088643,96.47624969482422,4820500
2012-03-22,95.55735545831003,96.1546358498758,95.02133024990447,95.5190658569336,5028400
2012-03-23,96.37670398606775,97.09650643801642,95.34294899885134,96.62174224853516,5160600
2012-03-26,97.44875019714316,98.17621175001317,96.82083927398351,98.06900787353516,4444000
2012-03-27,98.46715961483314,98.56671021683307,96.6370292930196,96.73657989501953,5447000
2012-03-28,96.56047947979587,97.43342863921809,95.02132981779441,96.75957489013672,5187900
2012-03-29,96.22352484240992,96.94332120966578,94.10240780312164,94.76860809326172,5538800
2012-03-30,95.48077891260654,96.07805928424776,94.13306561110024,95.2357406616211,4651400
2012-04-02,95.05961067418092,96.13165514532344,94.47764267404543,95.6415786743164,4084700
2012-04-03,95.19748085618923,95.28171332903203,93.19122553183944,93.96463012695312,5594800
2012-04-04,92.51729809694747,93.13754959318571,91.78218369788033,91.85875701904297,5633800
2012-04-05,91.46829213331931,92.34124148340888,90.07463564088033,90.35796356201172,6103700
2012-04-09,88.87239106584953,90.35027961907129,88.57375088834324,89.60750579833984,4043300
2012-04-10,89.80659025489997,90.52639256537611,87.6395300783355,87.72376251220703,5770400
2012-04-11,89.10977216903912,89.60750188167926,88.48951457641398,88.77284240722656,4177500
2012-04-12,89.26294029366461,92.2034056428674,88.82646565302205,92.1880874633789,5514600
2012-04-13,91.88176858198842,91.95834193661234,87.97646907444356,88.1296157836914,6368200
2012-04-16,89.6840942269684,90.67190639353196,88.03008152699972,90.15119934082031,7137600
2012-04-17,91.40703083660776,91.71332432399272,89.01024398682135,89.4850082397461,12894400
2012-04-18,87.87691812208737,89.43137989618567,87.47107411314609,88.31339263916016,6637400
2012-04-19,88.13728064078502,88.4282675864438,86.1233726557114,86.98866271972656,9240300
2012-04-20,87.22603389205683,87.42512342709267,86.00849605095277,86.10038757324219,5369600
2012-04-23,84.63016745946172,85.71753021875517,84.28558441347252,85.57203674316406,7047600
2012-04-24,85.42655078482639,87.48640767978019,85.0283657668183,87.37920379638672,4701900
2012-04-25,88.144930167907,88.144930167907,86.31479961291718,87.2796401977539,5080600
2012-04-26,86.85847259591158,88.48185441705091,86.59046296185296,87.72376251220703,4587600
2012-04-27,87.47108285704402,88.05304504320121,86.78956420679238,87.60891723632812,4008400
2012-04-30,87.44043774875796,88.29041530542132,86.9963041738548,88.17555236816406,4240300
2012-05-01,87.93817329617832,89.19400076088161,87.40981309688308,88.31339263916016,4308600
2012-05-02,87.37154808957862,87.65487598790108,86.35310531573776,87.11885070800781,3956400
2012-05-03,87.27963597243246,87.50935601530058,84.85221937337187,85.40355682373047,4854800
2012-05-04,84.82928033763272,84.92117189516355,83.31310761250614,83.4585952758789,5500100
2012-05-07,83.10631933009317,84.89050691315128,82.92254213181336,84.2625961303711,3267400
2012-05-08,83.45857817304864,84.37747603352838,82.52436797720539,83.74956512451172,4065900
2012-05-09,82.16445840385158,83.19055411899168,81.67438196644558,82.15679931640625,4777100
2012-05-10,83.12929964838264,83.74189816445482,81.26088527449004,81.41403198242188,4694200
2012-05-11,79.19337855719981,79.47670642507897,77.79206323779381,78.20556640625,10631800
2012-05-14,77.23308783346475,77.39389367956703,76.0538391198738,76.39842224121094,10075600
2012-05-15,76.68171657033115,77.92987902448367,76.40604785716579,76.47496795654297,5656700
2012-05-16,76.99566485113463,78.21319664060401,75.19615936279297,75.19615936279297,5797200
2012-05-17,75.47950548560829,76.52857853162725,74.33854675292969,74.33854675292969,6375200
2012-05-18,74.68312299278085,74.96645079936869,72.7457887123469,73.12100219726562,7184700
2012-05-21,72.59262305003743,74.69842164667473,71.98002475778392,73.90204620361328,5314700
2012-05-22,74.18538523038039,76.5362225185147,73.96331844419662,74.68312072753906,5839700
2012-05-23,74.08584224382639,75.43355532510358,73.13631990669036,75.07365417480469,5469700
2012-05-24,75.28806940663198,75.42590377920473,73.38901870031545,74.17008209228516,5177300
2012-05-25,73.92503782946689,74.874560184121,73.90206640960643,74.04755401611328,3096000
2012-05-29,74.64003567808665,75.30941476433227,73.38590084735313,75.29402923583984,4528000
2012-05-30,74.38607165548395,74.55534168564385,72.63952498175782,72.79340362548828,5713200
2012-05-31,73.0165669657903,74.36302629282507,72.09327704805123,73.63208770751953,4833000
2012-06-01,72.37796757498172,72.47798816627805,70.93148749960837,71.27771759033203,5384700
2012-06-04,71.37002385774075,71.57006497167377,69.66963916873702,70.015869140625,5332600
2012-06-05,69.9850896002009,71.55467676263135,69.79273831858092,70.94684600830078,4682900
2012-06-06,71.58547954332646,73.14737157533827,71.47776325629788,73.06273651123047,6399600
2012-06-07,74.35535753404899,75.01704682695105,71.7778499196556,72.32412719726562,6068400
2012-06-08,72.03940148988316,72.97038100932916,71.47004332718384,72.73956298828125,3366700
2012-06-11,73.8706083070809,74.44766231184697,71.29310159314517,71.40081787109375,4941700
2012-06-12,71.4854553367138,72.3548812866211,71.18538184363557,72.3548812866211,3668500
2012-06-13,71.80091362380347,72.64725841254081,70.99303558404203,71.33927154541016,4694700
2012-06-14,71.50853333219985,72.54722935489436,71.17768880510933,72.18560791015625,4461000
2012-06-15,72.07790065996357,73.68595518527772,71.3623533778134,73.60132598876953,6186200
2012-06-18,73.27817192995168,73.30125315376847,71.80091490470043,72.0394287109375,4081400
2012-06-19,72.55492937161954,74.99394300696112,72.43951739109387,74.14759826660156,5295200
2012-06-20,74.6400051181424,75.09395139904238,73.3781809748421,74.28607940673828,4941300
2012-06-21,74.47846996264173,74.53232812384005,72.22411115231313,72.2471923828125,5577700
2012-06-22,73.33972577352822,73.33972577352822,71.67781308764496,72.0394287109375,6720200
2012-06-25,71.06231031435372,71.09308724650268,69.75432298357082,70.18518829345703,4211300
2012-06-26,70.39288905043918,70.65448990413525,69.57732131322126,70.0389633178711,4248000
2012-06-27,70.16208467212964,72.16253766264147,70.03128128471293,71.76244354248047,3576100
2012-06-28,70.85455558451635,71.95480577604843,70.26981158223673,71.93172454833984,4413500
2012-06-29,73.87059995019744,74.00139743432422,72.72418189728518,73.75518798828125,6245300
2012-07-02,74.29375439237359,74.86311839142276,73.54743050801878,74.73231506347656,3515900
2012-07-03,74.73233087130792,75.99415502946353,74.34762824089228,75.86335754394531,2251100
2012-07-05,75.56330788296832,75.56330788296832,73.77828748929527,73.8013687133789,3736900
2012-07-06,72.81650097635722,73.86289242194235,72.7087847278495,73.45510864257812,3312800
2012-07-09,72.97036026949212,73.3627584248691,72.07015791606293,72.68568420410156,4121300
2012-07-10,72.9858173887475,73.32435773907906,71.67013448645763,72.5164794921875,3668600
2012-07-11,72.2317630261977,73.45512043071099,72.13174245655925,73.19351959228516,4516400
2012-07-12,72.58568697921089,72.89345024692041,71.73165256970871,72.3394775390625,3187000
2012-07-13,73.0319412990678,75.29399450030927,72.93961643050834,74.96315002441406,4592400
2012-07-16,75.19397492847412,75.51712371288923,73.83212439828812,75.15550231933594,4503000
2012-07-17,77.12517349956063,77.3175247943112,74.7707955302443,75.38632202148438,9502200
2012-07-18,74.90157693509767,75.25550253710846,74.0013744775858,74.25527954101562,4443200
2012-07-19,74.32456872087144,74.35534564470137,72.7472909977488,73.09352111816406,6164100
2012-07-20,72.68571069570024,73.32431842502587,72.40102865645854,72.44719696044922,5543900
2012-07-23,70.73913513141946,71.87785184867245,70.13130415433146,71.67781066894531,4761200
2012-07-24,71.84702978340125,72.78570473111802,71.7162323549735,72.68568420410156,5301700
2012-07-25,73.13966450172272,74.39379887292962,72.97809009631068,73.8321304321289,4578900
2012-07-26,74.97085606565066,75.55559988087116,74.4399645177905,75.44788360595703,5077400
2012-07-27,75.71717859277229,78.51781342264081,75.49405035076506,78.20235443115234,6397200
2012-07-30,77.82535749163553,78.6178441155158,77.20983082274545,77.61761474609375,3659600
2012-07-31,77.1405691042219,78.31006245734719,76.94052210312688,77.63298797607422,3664000
2012-08-01,77.9176871771051,78.29470007329377,76.8020516249573,77.0097885131836,3092800
2012-08-02,75.786430535301,76.19421445074238,74.41688988717812,75.25553894042969,3980200
2012-08-03,76.4404226744184,77.98692911860282,76.17113196774378,77.6945571899414,3283100
2012-08-06,77.90228100357726,79.13332822072567,77.51757838133737,78.49472045898438,2768700
2012-08-07,78.77172154098491,80.31053231758621,78.73325479362825,79.43341064453125,3845000
2012-08-08,78.86405181884766,79.48726830113134,78.61014663343681,78.86405181884766,2351100
2012-08-09,78.79477723979072,80.01812850212964,78.71014221119049,79.71036529541016,2850200
2012-08-10,79.53339556242612,79.54108538582278,78.57163932936537,79.26409912109375,3121600
2012-08-13,78.9025109247562,79.99506497355318,78.9025109247562,79.71807861328125,2008600
2012-08-14,80.13357712938394,81.27229388450988,79.1795160348005,79.44880676269531,3148200
2012-08-15,79.51803260896726,80.40284983378898,79.28721455255483,79.34876251220703,2452500
2012-08-16,79.44878776041395,79.96428786910246,78.94097747775635,79.62574768066406,2417900
2012-08-17,79.59495335912848,79.71806098985425,79.09484475206611,79.71036529541016,2509700
2012-08-20,79.4949270583989,81.17223025002791,79.35643391890314,81.00296020507812,3860800
2012-08-21,81.31845743673699,82.58797163242949,80.59521449269126,81.03377532958984,4459800
2012-08-22,80.61060789045641,81.82626993255099,79.76426305397078,80.5336685180664,4202400
2012-08-23,80.47211209108994,80.77987544087671,79.74887496970335,80.07971954345703,3583100
2012-08-24,79.6795988431345,80.95681426408092,78.65629441140142,80.75676727294922,3527100
2012-08-27,80.87987518310547,81.4415376810593,80.46439567867752,80.87987518310547,2466800
2012-08-28,80.72529096883262,81.83037608976474,80.5243647934193,81.16577911376953,2611100
2012-08-29,81.42084319408386,82.1395353787793,81.17355157654872,81.55221557617188,2266900
2012-08-30,80.94170741801598,81.2971887247501,80.33120499039757,80.92625427246094,2823700
2012-08-31,81.45946597454137,82.36362518830046,81.38218257160467,81.69902801513672,3264100
2012-09-04,81.56767198099453,82.88140755118599,81.55994245997543,82.23226928710938,3249200
2012-09-05,82.61093187924051,85.00657041166252,82.52592483715709,84.960205078125,6371600
2012-09-06,85.47797465107006,87.92770814382702,85.01430360795821,87.74224090576172,6521500
2012-09-07,87.94316521290793,90.22288456299304,87.74996845795505,89.8983154296875,6137100
2012-09-10,89.68963551150365,89.83646689246606,88.51500215149079,88.6231918334961,4225100
2012-09-11,89.04823786604372,91.00338779693256,88.88594742722472,90.17650604248047,3898500
2012-09-12,90.7251979712977,91.54435033162635,90.17651989070993,91.37433624267578,4233700
2012-09-13,91.18113552094803,93.54586772530753,90.94157344015255,93.25220489501953,5261600
2012-09-14,93.70816101039453,94.74369284589065,93.10538804395381,93.78543853759766,6187700
2012-09-17,92.98173466300591,93.59223712059739,92.35577905910071,92.65716552734375,3598300
2012-09-18,92.29394136234004,93.01263342809843,91.76844602505544,92.64169311523438,3033300
2012-09-19,93.0203790474436,93.0203790474436,91.97711181640625,91.97711181640625,4818300
2012-09-20,90.91066836414795,91.04977026940281,89.82876531170984,90.90293884277344,4448100
2012-09-21,91.46706960763369,91.48252275340795,90.07605065207375,90.19969940185547,8188700
2012-09-24,89.90605306280933,90.74839411151277,88.79324359010755,90.10697937011719,3697500
2012-09-25,90.5165334803325,90.91838599669764,87.71131896972656,87.71131896972656,4547700
2012-09-26,87.49494660718517,87.81951573782271,86.47486798525502,87.38675689697266,5185100
2012-09-27,87.8967688277963,89.53507896346028,87.88131568601722,89.04822540283203,3898900
2012-09-28,88.87821068136122,88.87821068136122,87.50265113366623,87.85040283203125,3653700
2012-10-01,90.1610528078736,91.9771009766311,89.95240292379451,90.3078842163086,5338600
2012-10-02,90.84110662748796,91.37432560377987,90.48561944876478,90.60926818847656,3681300
2012-10-03,90.89519955760714,91.32022882562366,89.81329669156239,91.11930847167969,3036400
2012-10-04,91.69891126667096,93.01264685153046,91.13477414391778,92.65716552734375,3743200
2012-10-05,93.37584949919366,93.8163378291774,91.63707884464263,92.20121002197266,3938300
2012-10-08,91.40523462491207,92.51804966021476,91.30477444929578,92.31712341308594,2140400
2012-10-09,92.26303436799779,93.30629558125966,91.97710107125039,92.44850158691406,3260600
2012-10-10,92.34802399447085,92.92761410322277,92.00799591064985,92.7962417602539,2829600
2012-10-11,93.46859382989562,95.00644434542238,93.31403877413597,94.27229309082031,4707200
2012-10-12,93.98636201770196,94.49639839872587,92.64943784302159,92.88899993896484,4054900
2012-10-15,94.04817674109567,96.29698976980669,93.31403144009143,96.21198272705078,6412000
2012-10-16,96.00330992368805,97.34795734917408,94.55046691841076,95.22279357910156,10115900
2012-10-17,95.30007179024238,96.63699560244746,95.091421940007,96.53652954101562,6712400
2012-10-18,95.67102561347218,97.74209485030727,95.19962510799094,96.71428680419922,5375100
2012-10-19,96.18105957094126,96.72973757786163,95.06824451696401,95.53192138671875,5876400
2012-10-22,94.29547834571018,96.10380320635959,94.21820081571096,94.87506866455078,3643000
2012-10-23,93.0976447933334,94.0172631503572,91.28159664033477,91.9616470336914,5818500
2012-10-24,92.60305762556985,93.77769114453615,92.55668640136719,92.55668640136719,3662000
2012-10-25,93.37583740151507,94.42682799932793,91.6911618164235,92.5180435180664,4128800
2012-10-26,92.14715866352215,93.02813573930395,91.48256109464823,92.30171966552734,3960900
2012-10-31,92.5257653185891,94.74365964109026,92.47167047891578,94.58137512207031,3679700
2012-11-01,94.91368827550579,96.5056274271952,94.55820700357012,96.4824447631836,3336200
2012-11-02,96.86883827508476,97.28614391522335,95.09915553845661,95.24598693847656,3188800
2012-11-05,95.19963306191259,96.18106996436974,94.36502168124066,95.88741302490234,2568700
2012-11-06,96.0805968776253,97.93528662038746,96.0574142139239,97.56434631347656,3986000
2012-11-07,94.89822555273871,95.14551710372862,91.16566373032263,91.17339324951172,7075800
2012-11-08,92.12392185708107,92.61077546155872,89.07141608583517,89.07913970947266,6252100
2012-11-09,88.64638600931934,91.07293644245836,87.97405927304341,89.75920104980469,4823100
2012-11-12,90.25377264535223,91.06519526189265,89.87510875763336,90.60152435302734,2453600
2012-11-13,89.55828238201917,91.45933763982418,88.93232681671294,90.00650024414062,3156600
2012-11-14,90.14559184118481,90.76381781525973,88.00496885552454,88.28317260742188,3885700
2012-11-15,88.49181829265885,89.92147269628778,88.02814739092722,89.21051025390625,3702900
2012-11-16,89.2800836010728,90.08378281049504,88.27546401121779,89.51964569091797,4515900
2012-11-19,90.57064481420548,92.10849537216475,90.5629211883326,91.42071533203125,3868600
2012-11-20,91.13474189014752,91.76842679088881,90.7019831957569,91.25838470458984,3304000
2012-11-21,91.32795629830069,91.36659800175244,90.2846951599615,90.95701599121094,2075200
2012-11-23,91.70664390760946,92.97401428222656,91.39752788787166,92.97401428222656,1977500
2012-11-26,92.08529377907293,93.46857720094582,91.57525157319196,93.46085357666016,3371000
2012-11-27,93.12081317577903,93.76995128406992,91.48250297082797,91.50569152832031,3875200
2012-11-28,90.99351236143471,92.60772705078125,90.465788556106,92.60772705078125,3811200
2012-11-29,93.12768089867107,93.47690733368168,91.97910356239213,92.14208221435547,2980800
2012-11-30,91.54449658014721,92.69307375290889,91.33496193315095,91.41256713867188,4264300
2012-12-03,91.90148974283767,92.84828869068717,91.62986854982296,91.88597106933594,3613900
2012-12-04,91.66867278317089,91.87820743733873,90.17862555004129,90.4735336303711,3591600
2012-12-05,90.81501547366253,91.49795564920603,90.02343272216321,90.90038299560547,3283000
2012-12-06,90.9702288813701,91.17200719220631,90.17864023472745,90.95470428466797,2330900
2012-12-07,91.39703349315766,91.57553077698547,90.13205159784597,90.46575927734375,3960500
2012-12-10,90.49683939668914,90.93143341827684,89.72853755969676,90.80726623535156,3331900
2012-12-11,91.23406505783896,92.97245235910943,90.8305144577317,92.24295043945312,5696500
2012-12-12,92.57664288071601,93.11212874805305,91.6376064797645,91.6453628540039,5372400
2012-12-13,91.42810642494494,92.47579765883334,91.25737138176612,91.96359252929688,3329100
2012-12-14,91.92478321471839,93.18200909165844,91.80837834538029,92.6310043334961,3717200
2012-12-17,93.27512094728559,95.83612823486328,93.15094788270363,95.83612823486328,5476700
2012-12-18,96.86832049319746,99.33620456212368,96.61221791979493,99.15770721435547,8040300
2012-12-19,99.85615992092313,100.34508406193763,98.41268031384013,98.754150390625,5525400
2012-12-20,98.83176172233009,100.67103576660156,98.26523824634339,100.67103576660156,4402500
2012-12-21,98.27297827084107,100.07344644222978,97.49691430177873,99.67765808105469,6393300
2012-12-24,99.23530480893601,99.72422299247296,98.87055378527738,98.97920227050781,1359300
2012-12-26,99.46034423282676,100.34505653369858,98.64547483528298,98.68428039550781,2210100
2012-12-27,98.98695615772955,99.5690041023946,96.67428305239866,98.30401611328125,3263500
2012-12-28,97.5745234403659,98.26521988503734,97.27185305139372,97.41154479980469,1859200
2012-12-31,97.3339590003928,99.08786554225338,96.84504074389638,98.99473571777344,3623000
2013-01-02,101.89719123266522,102.17657470703125,100.59339773835872,102.17657470703125,4449000
2013-01-03,102.20763278274373,102.26971932761737,100.94265643656095,101.61782836914062,4584600
2013-01-04,101.61007094907002,104.48927408437503,101.13668319746722,104.38838195800781,5234600
2013-01-07,104.08569508558207,104.38835955793792,103.12338334875652,104.19434356689453,3556900
2013-01-08,103.76755343957564,103.95380127608779,102.98372098825233,103.2553482055664,2760200
2013-01-09,103.52690141900867,104.32624614887958,103.42602118207094,104.24089050292969,3666500
2013-01-10,104.8229498867877,107.21321612362598,104.09344797321731,106.6078872680664,5960700
2013-01-11,106.3362709924409,106.45267583207335,105.64557464643455,106.42163848876953,3211700
2013-01-14,106.4681945806911,106.56908666403102,105.28081791443606,105.64556884765625,2855800
2013-01-15,105.19548700063503,106.5225499282189,104.86177329297847,105.22652435302734,4322800
2013-01-16,107.82633257706435,109.87514103531615,107.01921939671857,109.49486541748047,10650800
2013-01-17,109.33963827088508,110.16226407915218,108.35403383937877,109.4327621459961,6596000
2013-01-18,109.69664864020112,112.38182338768466,109.61128112847207,112.1024398803711,7349000
2013-01-22,111.7609593888341,113.52262777980778,111.24099799027618,113.26652526855469,5158400
2013-01-23,113.13465569110977,113.25882882441778,112.3818723529075,112.96392059326172,3948700
2013-01-24,112.52924443208434,113.87959962831488,111.79974260797565,112.49820709228516,4638200
2013-01-25,111.8928825681819,112.73880118228185,111.2099544182028,112.11019134521484,4639400
2013-01-28,112.08693353874298,112.7233117919588,111.51265367703931,111.86963653564453,3045600
2013-01-29,111.83083493721189,114.4694479845433,111.62905070438691,114.15902709960938,4519800
2013-01-30,113.93391795980347,114.4073173239543,113.2354653171253,114.1977767944336,4083100
2013-01-31,113.50712546648336,114.8574811976653,113.50712546648336,114.74883270263672,3680900
2013-02-01,115.25322678414302,116.71998684295521,114.67117895379226,116.33195495605469,4563800
2013-02-04,115.05147052282763,115.5947128719457,113.78648260561368,114.48494720458984,4679400
2013-02-05,115.12909238079081,116.99164113477522,114.99715108775204,116.75881958007812,4219200
2013-02-06,116.21558939497972,117.29431793138475,115.7654708330686,117.27879333496094,3940600
2013-02-07,116.99936763253056,118.34972283148949,115.63349968453727,116.61133575439453,4890800
2013-02-08,117.01491281735177,117.93843074453662,116.68121102748579,117.65129089355469,3612300
2013-02-11,117.51161679134665,118.63690729320193,117.15463396047828,118.14799499511719,3751400
2013-02-12,118.33420955465196,119.7621760024839,117.79872361693927,119.59919738769531,4309000
2013-02-13,119.59918467851473,120.17347611508292,118.95505034665653,119.91737365722656,4369100
2013-02-14,119.38966416348087,121.62473192175722,119.21892916295727,121.01163482666016,5035800
2013-02-15,121.3763759896968,121.48502445017911,119.57591409573354,120.28213500976562,4254400
2013-02-19,120.82544555181171,123.3942163368402,120.48397538549963,123.12258911132812,5103400
2013-02-20,122.78885250266266,123.00614948500848,119.9484552939743,120.42961120605469,5029700
2013-02-21,119.29657910332821,119.47507053766276,116.25440913238819,117.09255981445312,8318000
2013-02-22,118.24881067081783,119.61469022862786,118.00047646871946,119.5836410522461,4772700
2013-02-25,120.43737519402745,120.82540719769824,114.54705222033613,114.58584594726562,6294200
2013-02-26,115.33336873955685,116.38461950652591,114.24319244065083,115.24771118164062,5686600
2013-02-27,115.14647789012051,118.40145325437264,115.0608203310078,118.0899658203125,4695000
2013-02-28,117.85636837417069,118.6739946914889,116.61822509765625,116.61822509765625,4956000
2013-03-01,115.34110257096484,118.128851504343,114.64027694478574,117.2177734375,4538400
2013-03-04,116.81295131034449,118.7285613030973,116.57935047882016,118.50273132324219,3209200
2013-03-05,119.49164033700843,120.66748619825204,118.98548954883893,119.1100845336914,4589300
2013-03-06,119.96664917840475,120.73756728541001,118.98549040024227,120.02116394042969,3593200
2013-03-07,120.46506219042706,122.40403227773011,120.30932434114997,121.96016693115234,3886300
2013-03-08,121.3917329398616,121.65648850347276,118.37036839830134,119.1257095336914,6615000
2013-03-11,118.71296208474944,120.16914099787044,118.64288184820208,119.37486267089844,3586400
2013-03-12,119.37485678736721,119.76420725837491,117.1633489637315,118.24574279785156,3432200
2013-03-13,118.38587498085046,119.03998076418506,117.25676126108773,118.29243469238281,3356400
2013-03-14,118.57279732044364,120.18470211286711,118.48713974041887,119.9355239868164,3886600
2013-03-15,117.85642950975726,121.1892696425092,117.8174920739653,120.57408905029297,7301200
2013-03-18,118.77532530735799,119.2269735517277,117.49825546819005,118.32367706298828,3788100
2013-03-19,118.83751466737012,119.21128767755009,115.1075435310041,115.90180969238281,4726900
2013-03-20,116.82072974206402,117.95762657143382,116.22112663280117,116.90638732910156,2883800
2013-03-21,116.2522852941791,116.97648351641561,113.1997783212873,113.20757293701172,4704000
2013-03-22,114.08743964225829,115.01409541181906,113.38661373827007,114.15753173828125,3456800
2013-03-25,115.23994717012226,115.76167533234538,112.66243728398848,113.77598571777344,3775400
2013-03-26,115.47354343858404,115.51248085736238,112.81038796618768,114.1108169555664,3860400
2013-03-27,113.59690637120609,115.73833413419365,113.58132902414201,115.12315368652344,3964800
2013-03-28,115.34117149889681,116.07315223328612,114.570265225811,114.58583068847656,3701300
2013-04-01,114.2120973724162,115.29449150632259,112.60019215465884,113.72151184082031,2581100
2013-04-02,113.12191200153171,114.85062939222348,112.73256145195313,114.2198715209961,3374100
2013-04-03,114.282172203908,114.36782980247207,110.71571964502333,111.67353057861328,4373300
2013-04-04,111.75916135003048,112.87269798202921,110.7624251052927,111.34645080566406,3423800
2013-04-05,109.49314019434718,111.97719810645197,109.28288761253002,111.89154052734375,3864300
2013-04-08,112.00056532517642,112.2263833852049,110.45094607052062,111.99278259277344,2908700
2013-04-09,112.38215105448204,114.91292968801231,112.1874757749797,114.09529113769531,3262800
2013-04-10,114.70266177107221,116.60269414689552,114.6559416113445,116.38465881347656,3127600
2013-04-11,116.38464839845882,117.26457238600186,115.41905494970203,116.0809555053711,2951800
2013-04-12,115.55924541765978,116.4936962993306,114.47685129902642,116.11991119384766,3131400
2013-04-15,115.83177352524166,117.93426384475515,113.32435535954427,114.04855346679688,5554900
2013-04-16,115.34900294168138,115.58260377657635,110.68457886501791,112.2108383178711,8274400
2013-04-17,111.34643072463628,111.82143868388657,107.49964690415541,109.48533630371094,6361500
2013-04-18,109.08818929565126,109.71893502561593,107.0090596412366,107.92793273925781,4819700
2013-04-19,108.48083883812492,108.89354943441306,107.34394198564486,108.02140808105469,3962600
2013-04-22,108.24722590291206,108.90134379845937,106.9078591807475,108.64437103271484,3187100
2013-04-23,109.3607505980327,111.65791575691448,108.95582282416542,111.30750274658203,3698200
2013-04-24,111.56448135295481,112.48334271226257,111.31529136139372,112.07841491699219,2785200
2013-04-25,112.21861861827325,113.72930068869611,111.93828574044183,112.72476959228516,2637400
2013-04-26,112.522343865826,113.23096493840062,111.4088066506712,112.2186508178711,2235200
2013-04-29,112.5534491331304,113.61248307963963,112.06287553138992,112.997314453125,2715300
2013-04-30,113.05959712381997,114.1108363170091,112.56901170444466,113.74485778808594,2586300
2013-05-01,113.55800179690884,113.55800179690884,110.88705039934531,111.05058288574219,3509000
2013-05-02,111.10505068149817,111.87596893310547,109.3218306564297,111.87596893310547,4331900
2013-05-03,113.15304790443687,114.34445956279644,112.95837264154106,113.19976806640625,4018800
2013-05-06,113.62805473184567,116.4469487043398,113.4100193904392,115.5981674194336,3740400
2013-05-07,116.34569973338493,116.75841024354987,114.89731564121082,116.27561950683594,3137600
2013-05-08,116.127674895212,117.57605911778032,115.5592146543848,117.00759887695312,3519200
2013-05-09,116.8830269711279,117.47483546432112,115.44242534220564,115.66824340820312,2819500
2013-05-10,115.69159095282433,116.16658706442968,114.85837534020139,116.10430145263672,2632400
2013-05-13,114.9907471057923,117.06209411061961,114.5157391367459,116.51700592041016,2975200
2013-05-14,116.41576323123711,120.65189725261571,116.41576323123711,120.32484436035156,5825300
2013-05-15,119.95109403326433,121.69538851039049,119.75641878777394,121.17366027832031,4177800
2013-05-16,120.48843826734021,122.63766127157491,119.88884687393193,120.28598022460938,3233800
2013-05-17,121.01795588523437,123.57987759543255,120.6986855427549,123.1749496459961,4177000
2013-05-20,122.70767106968687,124.97369320468174,122.66095092373332,123.73554992675781,4010100
2013-05-21,123.55640893515299,125.94702521272552,123.44739133864645,125.16053009033203,4077900
2013-05-22,125.0671317151388,128.07291717632285,123.4474326803112,124.07817840576172,6176200
2013-05-23,121.75767902230267,123.72779144296003,120.40273511397112,122.5753173828125,5619800
2013-05-24,121.14248758452442,123.75112810139339,120.92444043189029,123.59539031982422,3317100
2013-05-28,125.70453321598012,127.07937345002132,124.9155642284263,125.53267669677734,4471200
2013-05-29,124.7827555537611,128.21205442619106,124.52497080103332,127.227783203125,4969100
2013-05-30,127.06383675966657,129.2432738891908,125.7671047444573,128.38400268554688,4336200
2013-05-31,128.07148666130266,129.5400747964297,126.60291044575985,126.6107177734375,4404800
2013-06-03,126.2044916701069,127.90743050011936,124.82183202145944,127.76681518554688,4557300
2013-06-04,127.6887274172393,129.46977556775659,125.3764829848639,126.29824829101562,3977300
2013-06-05,126.10297261584192,127.24347435040814,123.07207224102339,123.65794372558594,4138300
2013-06-06,123.65790578339286,124.82182914706,122.1268235289032,124.73590087890625,3243900
2013-06-07,125.74361389779241,129.8056528092102,125.44676860425145,129.6806640625,5690300
2013-06-10,130.21965231869038,131.39139486250508,129.11821146680498,130.83677673339844,3914200
2013-06-11,129.16513314357618,129.98534365504742,127.47782047161712,127.5715560913086,3858100
2013-06-12,128.8760636469603,128.8760636469603,125.82173022851742,126.4388427734375,3243300
2013-06-13,125.92323691091504,129.97746717995943,125.8216940167975,129.53221130371094,3768500
2013-06-14,129.4697038393815,129.7587297634591,127.25901549143964,127.2668228149414,2970600
2013-06-17,128.17302300994652,129.41506734763504,127.25124593497225,128.1964569091797,2628300
2013-06-18,128.22769165039062,128.79012904270905,127.36842090960218,128.22769165039062,2060700
2013-06-19,128.23550823112097,128.83699416129815,126.16542256309751,126.20448303222656,3557100
2013-06-20,124.32190546982095,124.9780904922589,120.95509975443294,121.4003677368164,6488600
2013-06-21,122.64242756501976,122.84552538331229,118.9709687415764,120.49423217773438,5390200
2013-06-24,118.72876492984979,119.20527401897377,116.16655564001034,117.78355407714844,4013200
2013-06-25,119.08812700375765,120.54108858687802,118.38508607497675,119.56463623046875,3274600
2013-06-26,120.67383964972281,120.73633400756448,117.760110242887,118.4709701538086,3580400
2013-06-27,119.54119859842065,121.07228109012576,119.21311204725185,119.91615295410156,2654900
2013-06-28,119.27561666028929,119.33811104486212,117.95545109520273,118.15074157714844,3011300
2013-07-01,119.34594734573409,120.37708706212962,118.50229082857082,118.54135131835938,2496100
2013-07-02,118.08042746997674,119.66618506335917,117.09615591575051,117.8929443359375,3091600
2013-07-03,116.87744597566189,118.28353985551448,116.61185377601899,117.51018524169922,1267700
2013-07-05,118.97095950944953,119.74430216032624,118.34602760681673,119.70525360107422,2243700
2013-07-08,120.7519953744529,120.92385192814703,119.42402266647558,120.15049743652344,2699100
2013-07-09,121.07227968088145,122.98612383354822,119.65055938944766,122.59554290771484,3127100
2013-07-10,122.30646500036794,123.12667506132564,120.82225095949727,121.72840118408203,2430100
2013-07-11,123.8141110026304,124.78275565735902,121.94713529457897,123.1969985961914,2965700
2013-07-12,123.90784989139193,125.20458101555978,123.85317477725867,125.07178497314453,2844600
2013-07-15,127.17312338105845,127.63400590972206,125.89201870774764,127.32935333251953,4129900
2013-07-16,128.0480634602572,128.34490881099612,124.54064206721269,125.17339324951172,5972700
2013-07-17,124.86086926554638,126.54037388395764,124.59527717802916,126.15760040283203,3715000
2013-07-18,126.22013164066948,128.56361716258405,126.15763726306838,128.15740966796875,3462700
2013-07-19,127.9151993682958,128.77448181127315,127.00124181689927,128.39170837402344,3329700
2013-07-22,128.07151942903778,129.93068897624156,128.01684428213682,129.86819458007812,2741100
2013-07-23,130.0634444335842,130.7743045581555,129.2666560311023,129.87596130371094,2545400
2013-07-24,130.25867342094315,130.36803554853145,128.45419235594744,128.92288208007812,2548100
2013-07-25,128.32924169143246,129.67284075401648,127.86835915427135,129.6025390625,2236200
2013-07-26,128.93075030374533,129.3994402059304,128.32144508719702,129.09478759765625,2372200
2013-07-29,128.60270576084102,128.75893577921565,126.56387243414832,127.46220397949219,2823600
2013-07-30,127.71211264799568,128.11830809272308,126.80596234284081,126.88407135009766,2553300
2013-07-31,126.9621689629072,129.6493662463558,126.88404805041574,128.1339111328125,3700300
2013-08-01,129.46974376561462,131.15704396982582,128.7979442303776,130.83677673339844,3251900
2013-08-02,130.32122664596847,131.1570635873926,130.03220058952977,130.93833923339844,1866700
2013-08-05,130.67276862168552,132.5553717614173,130.0165954515203,131.4851837158203,2618400
2013-08-06,131.28984666625485,131.45388394082488,128.47765990638646,128.71981811523438,3598500
2013-08-07,128.11054197035267,128.29020585636422,126.58727876376827,127.68090057373047,2131000
2013-08-08,128.69635942610685,130.00870504817405,127.19653074963915,127.20433807373047,2818400
2013-08-09,126.86063954776333,128.18862380840596,126.56380624396496,126.64973449707031,2012000
2013-08-12,126.33725623255,126.84501840019162,125.41549130971,126.30601501464844,1982000
2013-08-13,126.54040344477481,128.54017573255192,125.72798850312596,127.88400268554688,2309600
2013-08-14,127.99337086574417,128.73547222179093,127.27469149149333,127.594970703125,1667400
2013-08-15,126.47792033784665,126.5247881425817,125.04058536791284,125.57176971435547,2206900
2013-08-16,125.20455102632482,126.77468118423869,125.00926067197635,125.50139617919922,2024300
2013-08-19,125.11869447660469,125.60301101859868,123.83758949489142,123.91571044921875,2228400
2013-08-20,123.98597795406872,125.00929780771362,123.25168409645399,124.64215087890625,2288700
2013-08-21,124.03284047069988,124.38436081408524,122.25960026438577,122.72830200195312,3053800
2013-08-22,123.27514546973528,124.7202996111648,122.79863628057699,124.52500915527344,2302700
2013-08-23,124.66564491988349,124.8218749412304,123.42360015873373,123.93135070800781,1495800
2013-08-26,123.74384387300228,125.53269915435104,123.22827422315946,123.34544372558594,1885200
2013-08-27,121.64255413552196,122.275293482417,119.46310536334262,119.69745635986328,3672000
2013-08-28,119.9090239222938,120.81029611604566,118.69425690913788,119.88551330566406,2343200
2013-08-29,119.415277261526,121.22566649676071,119.19583686686752,120.40277099609375,2133000
2013-08-30,120.51248693014124,120.67706124101076,118.60021045124836,119.22718811035156,2234000
2013-09-03,121.06892020984671,122.29152006207647,120.31655658936877,121.28836059570312,2464800
2013-09-04,121.28834328489339,123.23980782195638,120.96702759628019,122.056396484375,2194200
2013-09-05,122.25238413492781,123.86684406172903,121.92322344720593,122.39344787597656,2443900
2013-09-06,123.02821919263789,123.60034273756963,120.23818115031239,122.77743530273438,2464000
2013-09-09,123.36520160456759,125.15991272104337,123.16927186894962,124.9953384399414,2150400
2013-09-10,127.7305493119225,129.72903562365744,127.40138868954115,129.4233856201172,5265900
2013-09-11,129.25875419435442,129.9327529358626,128.3574822305407,129.3606414794922,2233100
2013-09-12,129.18821071299462,129.5565595244754,127.80103697641422,128.02047729492188,2690000
2013-09-13,128.8277701354222,129.09423180207008,127.71489027006376,128.5299530029297,2231500
2013-09-16,130.3403081416019,132.1115207781171,129.46254666704064,130.9045867919922,3553100
2013-09-17,131.03001404694885,131.33566405447155,129.83092463600548,131.21026611328125,2653700
2013-09-18,130.4891924626702,132.51902147535858,129.81519375298743,131.7117919921875,3422400
2013-09-19,132.98936933479882,133.23232047640744,130.7871193626548,131.49246215820312,3534700
2013-09-20,131.66477730347938,133.03628540039062,128.55341226408402,133.03628540039062,20410100
2013-09-23,131.80590482314264,132.0253572268792,129.09424276892858,129.50961303710938,4816200
2013-09-24,129.72118036403072,130.4108449954339,127.72269439697264,127.72269439697266,3422600
2013-09-25,127.9499981062623,128.28700359606492,126.30419488657223,127.2054672241211,3614600
2013-09-26,127.6678273956339,128.47505705370588,126.21010949646055,127.18975830078125,2711400
2013-09-27,125.93583281621794,126.13959549123541,124.94833902830531,125.27751159667969,3679100
2013-09-30,123.60816088723136,124.72104042545145,122.70688882613709,123.9921875,2803600
2013-10-01,124.50164605045484,125.638036621591,123.48280858858519,124.61136627197266,2465300
2013-10-02,123.58464280050755,125.06587113360794,123.4514120144046,124.3526840209961,2431000
2013-10-03,124.3213648688533,124.73673503586356,121.83697675270726,122.92634582519531,2949500
2013-10-04,123.10660860655616,123.23983943036716,122.33072232348641,122.69123840332031,2984500
2013-10-07,121.60971504083881,122.4169449146597,120.86518414228448,120.8886947631836,2618000
2013-10-08,121.17865986425784,122.14264309830587,119.90903857667055,119.94822692871094,2917200
2013-10-09,120.34787540374847,121.72722835601716,119.77576394073795,121.03755187988281,3227500
2013-10-10,122.91070429393392,124.0157514223117,122.26021581322802,123.83548736572266,3639000
2013-10-11,124.2116385690897,125.77907669470005,123.45143012148037,125.39505004882812,3124900
2013-10-14,124.00003915724604,125.3323592591476,123.43576043855286,124.97185516357422,2428100
2013-10-15,125.24618397560714,125.42643607275394,123.44362712831541,123.53768157958984,3038000
2013-10-16,124.28218416319314,127.35436179421166,123.43576604669745,127.15843200683594,3649300
2013-10-17,122.63641545482687,124.76813330277847,122.25240058013165,124.0784683227539,7522100
2013-10-18,124.48593075934801,125.1599296192163,122.79309474498994,124.36837768554688,4982100
2013-10-21,124.35271737510847,125.90447795966728,124.02355676375389,125.21481323242188,2695400
2013-10-22,125.89664299815696,125.95150907844776,124.00787698828616,124.8072738647461,3239400
2013-10-23,123.84328069705938,123.8903019240507,122.69904568632438,123.62384033203125,2735800
2013-10-24,124.96404974476148,125.66940434496782,124.47814756759882,125.36375427246094,2591000
2013-10-25,125.39506511038124,127.15060032702448,125.32453325632191,127.03303527832031,3721000
2013-10-28,126.9625039233849,127.11141247716573,125.59099539334834,126.53145599365234,3341500
2013-10-29,127.01733966937513,127.83240213935049,126.18658751293167,127.0486831665039,3702100
2013-10-30,127.40138619666983,127.7227139260186,126.296339298337,127.00169372558594,2344200
2013-10-31,127.03303247263291,128.02052624207448,126.06906127929688,126.06906127929688,2785000
2013-11-01,126.20229682481268,127.43274166024825,125.9593457958045,127.00169372558594,2738400
2013-11-04,127.29170167248155,127.93435731132185,126.64121314485377,127.87165832519531,1711000
2013-11-05,126.7038993936715,127.45627519294608,126.00638968622039,126.92333984375,2529400
2013-11-06,127.37787652919843,128.76506281706546,127.2211350859526,128.1537628173828,3593700
2013-11-07,128.56127425133985,128.69451702020075,125.08940442305276,125.1129150390625,3490300
2013-11-08,125.70073972816787,128.2870158444451,125.3010471849262,127.87947845458984,3856000
2013-11-11,127.35432997020327,129.11769761594454,127.08786839602244,128.40451049804688,2289000
2013-11-12,127.82455937789679,128.82771862893952,127.06435107628762,127.65997314453125,2239600
2013-11-13,126.7900409333415,128.30262460791351,126.33548254259037,127.69915771484375,3398300
2013-11-14,128.17726821441707,128.49075108813847,127.28382886984551,127.90296173095703,3648200
2013-11-15,127.88726090944692,129.6427957776954,127.88726090944692,128.84339904785156,2667200
2013-11-18,129.1098869778245,131.39050043740735,128.68667197310717,129.84657287597656,3555000
2013-11-19,129.995488119885,131.6648136916578,129.80740318240404,130.56761169433594,2691900
2013-11-20,130.69297022289794,131.07699682062324,129.20390897369802,129.31362915039062,2793100
2013-11-21,129.50959941913035,131.13190392354326,129.32150250368062,130.93597412109375,3158500
2013-11-22,130.7008315320904,131.8528995118045,129.7290155885223,131.74317932128906,2680500
2013-11-25,132.05668084776136,133.62411919610273,132.05668084776136,132.82472229003906,3101700
2013-11-26,132.7306205451053,133.77296801632528,131.6647624658473,131.69610595703125,2953400
2013-11-27,132.1364885432121,132.73406666651925,131.20865693300246,132.27015686035156,2285300
2013-11-29,132.01070905918533,133.96858261871148,131.85345288524343,132.83631896972656,2018700
2013-12-02,133.57539466013117,134.91208971991242,132.63183391405192,133.4495849609375,3121100
2013-12-03,132.95419828591727,134.26730534428745,132.02637887856304,132.13645935058594,3288200
2013-12-04,131.55463657773186,133.6147197198425,131.55463657773186,132.6475830078125,2328200
2013-12-05,131.6332502707675,132.06571361093827,130.01348939473976,130.17860412597656,3564100
2013-12-06,131.7669529480802,132.06574806066214,129.55747203125384,131.4760284423828,2708500
2013-12-09,132.09712441851292,132.98563867802724,131.18502234661057,131.837646484375,2589500
2013-12-10,131.994938481953,135.39958697150485,131.71974326325608,133.4574432373047,4235400
2013-12-11,133.28447909429798,133.5360985320718,131.41311051682447,131.7826690673828,2977100
2013-12-12,130.9884599396205,132.85198125551287,130.93342570551178,132.3566131591797,2911900
2013-12-13,132.56107998890158,133.1114824651075,131.78265791465114,132.40382385253906,2490600
2013-12-16,133.12718303320165,134.84130694498623,132.95419772106177,134.4167022705078,2980000
2013-12-17,134.668345760391,134.668345760391,133.44173114390588,134.05503845214844,2856700
2013-12-18,134.45607180951754,137.5383382147625,133.66192038297746,137.47543334960938,4509600
2013-12-19,137.29453943653573,138.23022946889427,136.81490051229613,137.42034912109375,3094400
2013-12-20,137.3338739477773,138.2223764631451,136.6183447733596,137.72702026367188,3754300
2013-12-23,138.29317024338712,138.93006543987048,137.9943751643949,138.757080078125,1585300
2013-12-24,138.9143258690694,138.9221844766083,137.94718923532398,138.51332092285156,781300
2013-12-26,138.85922301470862,138.985020662549,137.7426774063802,138.74127197265625,1320100
2013-12-27,138.69413563038242,138.7413112614153,138.04938200981397,138.66268920898438,1716900
2013-12-30,138.78063477883873,139.2681323194793,137.80562769968543,138.17518615722656,1241000
2013-12-31,138.56052610115213,139.51980433185057,138.56052610115213,139.37826538085938,1663900
2014-01-02,139.13451695978154,140.2589219705558,138.67060705926616,139.08734130859375,1982100
2014-01-03,138.6626860395652,140.62841727348095,138.56046417608277,140.0780029296875,2147400
2014-01-06,140.86432239771813,142.42119047157533,140.65203202227056,141.0373077392578,2954000
2014-01-07,142.1066972596159,142.30327046359287,139.58270403936245,140.18814086914062,2734700
2014-01-08,140.3532822215784,140.66779458146738,139.37827470931867,140.3061065673828,2208600
2014-01-09,140.80925885621298,140.80925885621298,138.86711546943067,139.48828125,2149500
2014-01-10,139.48832005883673,140.51837357315026,139.17380777826162,140.26675415039062,2506500
2014-01-13,140.19596311504745,140.19596311504745,138.143739093532,138.2931365966797,2823800
2014-01-14,138.5919196049048,139.56692667953382,138.15946830363208,138.85926818847656,2208800
2014-01-15,139.17377750423404,141.32822335093456,139.17377750423404,140.54978942871094,3540200
2014-01-16,140.54980759482996,140.58125402096172,137.20806391775008,137.73487854003906,4712200
2014-01-17,137.60905585170806,139.39394331252385,137.20805096754123,138.60765075683594,3451000
2014-01-21,137.67983035383273,138.0651060248336,134.72336268612767,136.1858673095703,5141200
2014-01-22,136.38241904067715,137.31810894830932,135.85560455442004,136.56326293945312,2476900
2014-01-23,135.57258304971165,135.57258304971165,132.8991927249537,134.2594757080078,3977700
2014-01-24,132.51394818573127,133.63835332855095,131.48390635424548,131.81414794921875,4156200
2014-01-27,131.37371437030993,131.7825897115414,128.5037403760627,129.49447631835938,5589600
2014-01-28,129.76191313204012,130.95708167001717,129.41594234489858,130.72119140625,3170400
2014-01-29,128.92841355694298,130.6032208287922,128.65320631582833,128.8733673095703,3473700
2014-01-30,129.99773782814808,130.65822063526312,129.40015985950177,130.39874267578125,2829400
2014-01-31,128.79477923001662,130.5088919905126,128.40163278059524,129.04638671875,3415500
2014-02-03,129.85620412280295,130.14714051206184,125.62595854838504,125.66527557373047,5079700
2014-02-04,126.5144314250831,127.82755017770404,125.68883407474273,127.19064331054688,3346600
2014-02-05,126.27070746746718,127.89046806922711,126.05841713468044,126.13703918457031,3212900
2014-02-06,126.71892104596705,127.37940396481356,125.88545279153601,127.18283081054688,3798000
2014-02-07,127.99274794134477,128.08709924312353,126.0191572259204,127.32439422607422,4879900
2014-02-10,126.60884597267224,127.19856546068586,126.02698509193095,126.5931167602539,4321700
2014-02-11,126.75821687082355,129.7068136915487,126.0505464351268,129.2586212158203,4996300
2014-02-12,129.345130477112,129.91912070584314,128.34653553286915,128.558837890625,3046600
2014-02-13,127.81187838987083,129.26651265889188,127.45804908107512,128.99917602539062,3119600
2014-02-14,128.42514270004284,129.3451033938596,128.11061853258184,128.73179626464844,3287900
2014-02-18,128.9834499596257,130.2022060511048,128.73184253309503,129.4630889892578,3399900
2014-02-19,128.88124518198396,130.66612105346857,128.14998669892253,128.37014770507812,3669700
2014-02-20,128.5509873071224,129.71469704834828,127.90622158698302,129.3451385498047,2631900
2014-02-21,129.18788242226717,130.2493702815506,129.0699313282089,129.3451385498047,2594500
2014-02-24,129.01491480208904,131.63327107786895,129.01491480208904,130.94918823242188,3242900
2014-02-25,130.61109038758104,130.7604879311196,128.29152915325318,128.5431365966797,3682300
2014-02-26,128.8034758753578,129.30840144633947,126.83900565684529,128.44056701660156,3978300
2014-02-27,128.33012215281727,130.7995180814093,128.0776533339176,130.47605895996094,3806600
2014-02-28,130.02636350449262,132.40110186827474,129.83702391396642,131.3202362060547,4291500
2014-03-03,129.56084414775702,130.42079326848125,129.11903586695826,129.97109985351562,3122900
2014-03-04,131.47009214102624,133.1426554776562,131.12295362850924,133.11898803710938,3400500
2014-03-05,133.17422149761867,136.40889613637685,132.74029835238804,135.6199493408203,4451200
2014-03-06,136.2590105838864,137.27674668483812,136.08544132041044,136.17222595214844,3403500
2014-03-07,137.26101410838774,138.53121943037235,136.57463397856228,137.48191833496094,4088900
2014-03-10,136.96113580375888,137.6632978025218,136.06962228548454,136.89012145996094,2179100
2014-03-11,137.24521476550746,137.24521476550746,134.0026423656232,134.03419494628906,3832300
2014-03-12,133.43460960965905,134.11310450940107,132.39319379399075,133.90008544921875,2550000
2014-03-13,134.49970581521924,135.09931334956377,131.41493162958412,131.51748657226562,3421400
2014-03-14,131.67525080973024,132.06972431369994,130.19992375716393,130.452392578125,2762100
2014-03-17,131.26494468377092,133.1741940915058,131.22549494443697,131.6278533935547,3198000
2014-03-18,131.96714454227907,133.33201923829327,131.76201065427637,132.61407470703125,1941300
2014-03-19,132.92968805915214,134.24722814117357,131.5963656659467,132.6851043701172,3534100
2014-03-20,132.44838370649367,134.47597058583813,131.9671257094056,133.5055694580078,3950500
2014-03-21,133.87637912487446,134.1209506970648,131.68310807066283,131.71466064453125,4779100
2014-03-24,131.85668055581363,132.5272781027177,130.25511953893863,130.7442626953125,2723000
2014-03-25,131.43065768970635,132.08548504391266,128.44055431503745,128.7955780029297,4437500
2014-03-26,129.97112007748342,130.17624194309403,127.58849700571947,127.59638214111328,2590300
2014-03-27,127.65163166825907,128.84293734793854,126.83901719166045,128.0382080078125,3890200
2014-03-28,127.97512496367892,129.5372369800253,127.24928297792364,128.04612731933594,2630500
2014-03-31,128.77191102813373,129.49774071488443,127.98296414622548,129.26895141601562,2494300
2014-04-01,129.9869180965952,131.19400618012932,129.56089196526787,130.902099609375,3325500
2014-04-02,130.88628241677438,132.18015481685896,130.75216289194307,131.96714782714844,2407600
2014-04-03,131.9986947027785,132.28271604849616,130.17622941707916,131.0361785888672,2337300
2014-04-04,131.76202580201192,131.78569324744487,128.4800156387703,128.78770446777344,3262500
2014-04-07,128.55888946990694,128.75612618650342,125.00074343632113,125.09541320800781,4650800
2014-04-08,125.20588607080835,125.25322096450886,122.66547577629079,123.51753997802734,6839900
2014-04-09,123.95141163440115,125.44252035711122,123.40703650671209,124.7798080444336,4010000
2014-04-10,124.97716127080959,125.34796751409826,122.92589320318636,123.06001281738281,4806600
2014-04-11,121.85284317611874,121.88440779279985,119.6437895050278,120.48796844482422,6460700
2014-04-14,122.12896177190541,122.3893156492633,121.04021138265833,122.08162689208984,3053700
2014-04-15,122.2867652657085,123.09149444658881,120.78777102296227,122.22364807128906,3639600
2014-04-16,123.34396895452943,124.09346618387332,122.3814526681297,124.03824615478516,3194200
2014-04-17,127.04406923210801,127.36754022527266,124.14075154087227,124.21175384521484,4525200
2014-04-21,124.2591402368748,124.86663273766665,123.25717427501351,124.4958267211914,4551700
2014-04-22,124.36956292559682,126.87052263298794,124.07765648568703,126.59439849853516,4547300
2014-04-23,126.43663074983644,126.97312092253863,125.66346612868085,126.58653259277344,2040600
2014-04-24,127.05203522195643,127.8962143942869,126.6970114359317,126.90214538574219,2934200
2014-04-25,126.61015113316878,126.83895239612998,124.58256456488687,124.8429183959961,3302100
2014-04-28,125.12698791946187,125.30844234262578,121.49782722593469,123.50174713134766,3897800
2014-04-29,123.88828768192894,124.95337044206939,123.58059897941261,124.8429183959961,2160500
2014-04-30,124.95337715201502,126.51548818418493,124.80347535892942,126.08946228027344,2745700
2014-05-01,126.07373632871506,127.02047034597881,125.99483681128635,126.52342987060547,2079500
2014-05-02,126.59446888823376,127.68320780269762,125.10335921030457,125.34793090820312,2561500
2014-05-05,123.47018963643778,123.78576358054221,121.90807814788452,123.35185241699219,3015700
2014-05-06,122.95738927869522,122.95738927869522,121.6398372537168,121.92385864257812,3073100
2014-05-07,122.61023684650968,123.32028421931767,121.26902956544237,122.697021484375,3260900
2014-05-08,122.88633418679723,124.82714837402925,122.44452595903614,124.18020629882812,2719600
2014-05-09,124.3143336175842,124.57467542711109,122.8232128418865,124.02241516113281,2637000
2014-05-12,124.58254726234956,126.19199285851542,124.58254726234956,125.87641906738281,2256100
2014-05-13,125.88444105855731,126.94162765041554,125.54519946618942,126.45248413085938,1901500
2014-05-14,126.38927939570468,126.93365463298254,125.66344975879193,125.79756927490234,2128700
2014-05-15,125.19799399213468,125.41101304035038,123.01260755993141,123.58065032958984,2769300
2014-05-16,122.76805531261053,123.84102382043095,122.1605626916887,123.41498565673828,2845600
2014-05-19,123.27299178336409,124.64576415367976,123.08364013416873,124.39329528808594,1618000
2014-05-20,124.24335422635565,124.5826076527235,122.76802737818726,123.35185241699219,2034900
2014-05-21,123.99090091224164,126.03427054708143,123.96723346769714,125.71869659423828,4226300
2014-05-22,125.40309978945717,126.46818285561585,125.16641332604708,126.1131591796875,1645100
2014-05-23,126.16049034348609,126.61018377616496,125.84490438878989,126.35772705078125,1210200
2014-05-27,127.11511463324719,128.9375799594756,126.68908862438323,127.62793731689453,3248800
2014-05-28,127.38254447332599,127.93668896628053,126.48798916934253,127.60420227050781,1855200
2014-05-29,127.56459054018546,128.24539993660682,126.36129698569717,127.24794006347656,1779200
2014-05-30,126.99461861129204,127.16878000909848,125.99715867067144,126.51171875,2206300
2014-06-02,126.48797298338357,126.82045963660984,125.0076131531861,126.68588256835938,2162500
2014-06-03,126.54338960929604,128.18998667621054,126.09214997116894,128.0870819091797,2408600
2014-06-04,127.8021145820208,128.82332287780375,127.34296282688419,128.55416870117188,2098400
2014-06-05,128.8153729357029,129.37742931095454,127.89706969565604,128.7045440673828,1859600
2014-06-06,128.95786606449172,131.61777106707675,128.95786606449172,131.56236267089844,3478100
2014-06-09,131.44360174144566,132.09275086519887,131.12695129243068,131.4119415283203,2377500
2014-06-10,131.3011869008011,132.40947617841977,131.00036034854153,131.69700622558594,1684500
2014-06-11,130.6916001971494,131.5386592105775,130.3749496213408,130.96075439453125,2004100
2014-06-12,131.22198796040428,131.92654571295898,130.6361832255835,131.3803253173828,2309900
2014-06-13,131.5465632009048,132.25904507206184,130.95283434799617,131.3249053955078,1761100
2014-06-16,131.03201649532653,131.83156708416092,130.18495744664284,131.2932586669922,1756400
2014-06-17,131.12700475045438,133.5890010454928,130.97659149804747,133.16943359375,2450000
2014-06-18,132.90815347015214,134.65767942503064,132.4331656592105,134.46768188476562,2873200
2014-06-19,134.57853763566527,134.70520268780075,133.73147868888404,134.3647918701172,2306900
2014-06-20,134.83185363716856,135.43349445271699,134.11937185301187,134.4518585205078,4688200
2014-06-23,134.72103097309116,135.06935383763528,133.95315275918472,134.76853942871094,1738500
2014-06-24,134.22227547756268,135.0139137734145,132.95564937242307,133.17730712890625,1608000
2014-06-25,132.8527811667986,133.80274496734623,132.5202823611341,133.2960968017578,1601200
2014-06-26,132.20360816198567,133.08232723833586,131.7048721220606,133.00315856933594,2131200
2014-06-27,132.40156637719676,132.71821701059497,131.70492048838386,132.0294952392578,3111200
2014-06-30,132.10067080014127,132.92398134393065,131.70485167547668,132.55191040039062,1885200
2014-07-01,131.68910612650328,133.20905102194016,131.45952413282396,132.05325317382812,2947800
2014-07-02,132.20361207877298,132.84483724656388,131.8632133667628,132.1165313720703,1877600
2014-07-03,132.86070253710713,134.49938809427036,132.77362181130502,134.1510772705078,1801200
2014-07-07,133.76314233342586,133.76314233342586,132.12444503603373,132.8210906982422,1774000
2014-07-08,131.99775634623123,132.02941655892482,129.61491765993267,130.54905700683594,2422200
2014-07-09,130.81030942708747,130.88155397087482,129.53577135509133,130.35906982421875,1943800
2014-07-10,128.41958889874664,129.6545429343165,127.87335644160365,129.3695526123047,2204100
2014-07-11,129.05292047285673,130.7311903421421,128.54627228140572,130.4620361328125,2293300
2014-07-14,132.34614822134085,132.77363987140703,131.7761794869986,132.2036590576172,3007700
2014-07-15,134.34107630663684,134.69731128276354,132.32239533598934,133.9215087890625,4802300
2014-07-16,133.94523823294463,135.36227798065758,133.786912941211,134.95062255859375,3295100
2014-07-17,134.74476679525628,135.84514360164806,133.72354657498104,134.68934631347656,3815500
2014-07-18,134.90311369512034,135.995566562599,134.30146073098567,135.74224853515625,2558600
2014-07-21,134.71309790000456,136.24096621189952,134.61810516248832,135.9401397705078,2227400
2014-07-22,136.4626264503296,138.8375415666698,136.4626264503296,138.55255126953125,3849500
2014-07-23,138.7029551100715,140.29414378178046,138.24380343577295,139.9774932861328,3436100
2014-07-24,139.96167118692242,140.37332653614018,139.0196195605603,139.5341796875,2012800
2014-07-25,139.2570757238573,139.69247914056183,138.31502435301658,138.85333251953125,2114900
2014-07-28,138.5366729976839,139.69246998450356,138.27543096478414,139.28872680664062,2303400
2014-07-29,139.46292363714622,140.20706560267462,138.89294307118587,138.9641876220703,3055600
2014-07-30,139.29671932559972,140.5000011790708,138.82173138171441,139.1383819580078,2345600
2014-07-31,138.09340297539632,138.75046429001452,136.78719238147707,136.85052490234375,3797600
2014-08-01,136.4626372124502,136.7634516035558,134.10354598030372,134.7764434814453,3140000
2014-08-04,135.0297962819609,136.07475290994523,134.61814084453877,135.9164276123047,2103900
2014-08-05,135.60768434533787,135.97975542556884,133.69983256448478,134.11940002441406,2746200
2014-08-06,133.11402713185055,135.25146103746428,133.01112232681223,134.37274169921875,1711700
2014-08-07,134.81599128013073,135.42555609176617,133.58103758965734,133.86602783203125,1920900
2014-08-08,134.0639863819828,136.54973081801165,133.5335779508392,136.36764526367188,2250900
2014-08-11,136.75552500681496,137.27800921705048,135.86096980560345,136.5259552001953,2098000
2014-08-12,135.98769201154653,137.04057290956442,135.67104137009727,136.423095703125,1362900
2014-08-13,136.47846010053743,136.8663672787012,135.58391689127896,136.4547119140625,1708200
2014-08-14,136.795090274731,137.03258416259632,135.91637134523788,136.7396697998047,1431400
2014-08-15,136.82678366020335,138.22007503108625,135.71849468740453,136.0826416015625,2446000
2014-08-18,137.1513637974112,138.2438287424318,136.7159602266099,138.1804962158203,1877700
2014-08-19,138.4655247911221,138.6159380734392,137.45222824434643,137.71347045898438,1916100
2014-08-20,137.16721889653087,137.88760081742737,136.63682250226816,137.76885986328125,1755100
2014-08-21,137.9350748021292,139.2650214739342,137.3017616862703,138.65545654296875,2075200
2014-08-22,138.81382071862362,140.1041833052598,138.40216530181286,138.9088134765625,2682000
2014-08-25,139.89039415458237,142.38404969768496,139.69248460102057,140.80868530273438,3063500
2014-08-26,141.28366754113176,141.82197570764922,140.76118344108363,140.83242797851562,3110600
2014-08-27,141.63449241959805,141.63449241959805,140.56246153497997,141.19773864746094,2073700
2014-08-28,140.59419955680622,141.1500623579017,139.67304856247634,141.07064819335938,1961800
2014-08-29,141.60277393815272,142.5397985526343,141.22954898373203,142.2301025390625,2560600
2014-09-02,142.3492159305322,143.1115511263075,141.65042179438734,142.75421142578125,1986300
2014-09-03,143.31796505419948,144.58058269517463,142.4841646096017,142.61917114257812,2397700
2014-09-04,142.88126015581088,144.20740717267748,142.5795128177535,143.00038146972656,1678500
2014-09-05,142.60331732174316,142.865369640213,141.25336074648794,142.73831176757812,2562800
2014-09-08,142.60333179592448,143.66741432420795,142.3174576119327,143.02420043945312,1746400
2014-09-09,141.29301508619236,141.85682666076218,140.2527548016515,140.8721466064453,2598500
2014-09-10,141.6107192983378,143.07978525205914,141.44395430364898,142.8336181640625,2457800
2014-09-11,141.96008629348123,144.08031430382033,141.74567767401425,143.7309112548828,1905300
2014-09-12,143.43709440358958,145.69231674656714,143.43709440358958,145.45408630371094,3358600
2014-09-15,145.2476316318033,146.4308230831428,144.92998699088014,146.09730529785156,2308000
2014-09-16,146.03380114092786,146.55790579967527,145.16030549325504,146.1449737548828,2137600
2014-09-17,145.9702347111495,147.51871420674047,145.68436064143253,146.7643280029297,2820300
2014-09-18,147.56642427053546,149.6310604881105,147.30437191229603,149.20225524902344,3566600
2014-09-19,149.49602955405643,149.75014527590292,147.60609536966743,147.86019897460938,5442900
2014-09-22,147.7013543009586,148.45574051513682,146.9866751752955,147.13754272460938,1826100
2014-09-23,146.56577901521786,148.38424700353022,146.56577901521786,146.97869873046875,1977600
2014-09-24,147.11370128213227,149.38480830973424,146.486372988075,149.13864135742188,2834200
2014-09-25,148.86076505983837,149.13075392766763,145.68439122588126,146.18466186523438,3074600
2014-09-26,146.70875280167596,147.38373702533275,145.49379089261654,147.0025634765625,1932500
2014-09-29,145.40643175832886,146.55786467625572,144.68380391193446,145.97817993164062,1745400
2014-09-30,146.4387793796487,146.8993550452359,145.06498895548353,145.77174377441406,2037700
2014-10-01,145.4699881897503,145.9940928005516,143.1988803265164,143.49269104003906,4196300
2014-10-02,143.4132687290217,145.660542322995,143.40532004043376,145.2238006591797,2782600
2014-10-03,146.59758527167946,149.71836656467627,146.56582686663768,149.34515380859375,3271400
2014-10-06,150.13925045150762,150.4807048098963,148.6145804048061,148.8766326904297,1934800
2014-10-07,148.1460387700507,148.1460387700507,145.81140261348762,145.954345703125,2927100
2014-10-08,146.1370254708491,148.49548412931415,144.64412581716613,148.20960998535156,3154500
2014-10-09,147.55843985546028,147.8363652724012,143.53238054360077,143.9453125,4892900
2014-10-10,144.1835596098157,145.27940037750932,142.98447069495637,143.23858642578125,4405600
2014-10-13,143.7309233773571,145.46999007957803,141.74568962905107,141.96009826660156,3436500
2014-10-14,142.52391780360296,144.35827210494432,141.1660245152702,141.90452575683594,3557200
2014-10-15,140.1495775318258,141.30894735028954,136.20293154772116,140.74514770507812,6330500
2014-10-16,136.59998724801932,139.99075826493493,135.99646834490204,137.044677734375,7797500
2014-10-17,139.60160344473857,140.98331802084937,139.0457405625732,140.48304748535156,4951000
2014-10-20,139.9351302752369,141.34861546048958,139.61749778388457,141.2215576171875,2307900
2014-10-21,142.31741955611295,143.22268554386685,141.63449875012998,143.07974243164062,2649500
2014-10-22,143.37358446614311,143.5721078419985,140.4195556640625,140.4195556640625,3088300
2014-10-23,141.98394345866055,143.8103612309298,141.91247794002265,142.9844970703125,3397000
2014-10-24,143.1512064959883,145.70818796122157,142.94473447752813,145.59701538085938,2900900
2014-10-27,145.20790187893328,146.24022559626832,144.77114813887974,146.0417022705078,2383700
2014-10-28,146.24026051886116,147.95550537109375,145.47792543445607,147.95550537109375,3027700
2014-10-29,147.77284440917845,148.74163936921823,147.2169814280665,147.76490783691406,3379000
2014-10-30,147.28846073756452,148.57490046234741,147.04229368834402,148.47166442871094,2794800
2014-10-31,150.27425715007348,150.8777638433611,149.3848641973961,150.8698272705078,3357000
2014-11-03,151.15567330333502,152.45003721821047,150.67921244883053,151.53683471679688,2298100
2014-11-04,151.25097935146525,151.64802607373676,149.94073001473097,151.0921630859375,2027300
2014-11-05,152.13241350982236,152.36269526208966,150.56804855806107,150.7506866455078,3141100
2014-11-06,151.17952564459156,152.0212628227751,150.70306469393034,151.67185974121094,1915400
2014-11-07,151.87042515380605,152.0530633181193,150.32194481091366,151.44161987304688,1981400
2014-11-10,151.28272639547225,152.36269388361424,151.28272639547225,152.30711364746094,1553900
2014-11-11,152.31508939533995,153.00594694048667,151.29865057058592,152.3706817626953,1620100
2014-11-12,151.40184921197653,151.58448729962691,150.34570354529617,151.0206756591797,2322200
2014-11-13,151.5448541494804,151.82279181939518,150.24254083424916,151.0684051513672,1749600
2014-11-14,151.1636521335339,151.54481365355204,150.57601853095514,150.8618927001953,1691600
2014-11-17,150.49658971716846,151.8227242865771,150.25835926562527,150.82215881347656,1593400
2014-11-18,150.57601842243648,151.40188251827124,150.55219658475914,150.59190368652344,1810300
2014-11-19,150.64749013717227,150.86983535803438,149.44046456898815,150.23455810546875,2260100
2014-11-20,149.14660501118863,150.76654996384272,148.93219643379703,150.67919921875,2850000
2014-11-21,152.084760999391,152.1959335831408,150.3774530355655,150.55215454101562,2367900
2014-11-24,150.9889909083618,151.58456124361362,150.61576586225124,150.93341064453125,2028800
2014-11-25,151.27481655883201,151.27481655883201,149.44839902739153,149.97250366210938,3677900
2014-11-26,150.8142099918924,150.8142099918924,149.07514358885257,149.70248413085938,2024000
2014-11-28,150.0849366950048,150.9532717628625,149.86188149104052,150.09291076660156,1195200
2014-12-01,149.76622902372532,150.26013503816304,147.84635051091954,149.92555236816406,2469000
2014-12-02,150.8098268813232,152.10833597943136,150.41151240024396,151.5108642578125,3116100
2014-12-03,151.16033497497503,152.80936264575004,150.82575229299005,152.1162872314453,3049600
2014-12-04,151.98089404875134,153.22363346161413,151.32766452776232,152.91294860839844,3123400
2014-12-05,153.52628732820094,156.88008741997967,153.38288783821986,155.70108032226562,3625500
2014-12-08,155.70109397134019,157.7802955914109,154.95226096674594,156.63314819335938,2715000
2014-12-09,154.29908652604726,157.1111861709339,153.66974275356168,156.84829711914062,4568400
2014-12-10,155.725070744611,156.13135941131986,152.63415775149042,152.9528045654297,6506700
2014-12-11,153.7493454859125,155.29480717299688,153.35103111936868,154.1795196533203,3179500
2014-12-12,152.72175196820572,153.462611108516,149.82202287487772,150.41949462890625,3838900
2014-12-15,151.5506371174071,152.0047091221035,147.70291932073744,147.8064727783203,4729100
2014-12-16,146.54783001830342,148.913806219752,145.30507895913553,146.03001403808594,4181900
2014-12-17,146.66735612231062,148.57129882206402,146.28497763078505,147.40025329589844,5074800
2014-12-18,149.76627351321574,152.6819389893798,149.61491203657835,152.64210510253906,4209600
2014-12-19,153.15983215884054,155.34259921094502,152.97661095820808,153.97239685058594,4798200
2014-12-22,154.48226448874098,154.94431067848404,153.55817210925483,154.89651489257812,3056400
2014-12-23,155.61347274914326,156.21891843957727,155.127528676575,155.74093627929688,2346100
2014-12-24,156.62520952633767,156.73673708683395,155.35059841587233,156.0516357421875,694200
2014-12-26,156.21092221497355,156.52958099515948,155.66124645529368,155.70108032226562,1016300
2014-12-29,155.7966976796351,156.90401120713793,155.1992260894949,156.2906036376953,1219900
2014-12-30,155.74093623984498,156.53756506971632,155.00803917503433,155.90823364257812,1136200
2014-12-31,156.6570861881675,156.80048572742905,154.3628029603269,154.4105987548828,1566800
2015-01-02,155.58164948554705,155.92419412824745,153.5104091786524,154.87265014648438,1877700
2015-01-05,153.7971681062677,154.57786099737788,149.35197754117644,150.03707885742188,3413200
2015-01-06,150.0052012435571,150.2919880896983,146.52392521986735,147.0019073486328,3429200
2015-01-07,148.85012810661706,149.7582846474128,147.98976735919052,149.1926727294922,1896800
2015-01-08,150.84167264295164,152.0127179863398,150.76200489833823,151.57456970214844,1962500
2015-01-09,151.74186852034464,152.4030719618845,148.9377435618914,149.24842834472656,1980700
2015-01-12,149.25641934165716,149.39184482152885,146.66737492833437,147.43214416503906,2084200
2015-01-13,148.6351092050511,150.86567387054694,146.0779235807492,147.32066345214844,2745300
2015-01-14,144.33322634062708,145.39274429556255,141.87961988830534,143.57643127441406,5204700
2015-01-15,143.53663115703213,144.6678552213016,141.40167091813728,142.19033813476562,3146000
2015-01-16,140.7882546716976,143.47290295172536,138.6612564751834,141.1865692138672,5124100
2015-01-20,141.45740358264263,142.0628371876421,138.79665374362528,139.9119415283203,3606600
2015-01-21,139.05151477829045,142.11056546973302,137.67335080081435,141.12274169921875,3737000
2015-01-22,142.44517278811256,145.4564282358364,141.20243398817436,145.01828002929688,6228200
2015-01-23,144.5323290152866,145.76710584433988,143.72773846103075,143.78350830078125,3123800
2015-01-26,142.37345605809688,144.1818062781587,141.8476782954307,143.72772216796875,2736500
2015-01-27,141.19453292665207,142.30980870067535,140.44569969741036,140.59706115722656,3335600
2015-01-28,141.58484569578658,141.7760410006459,137.7928966496823,137.85662841796875,3017300
2015-01-29,137.9601929535427,140.44568349339175,137.87257544017305,140.19873046875,2421400
2015-01-30,138.7170199509465,139.9597593203304,137.27512331965895,137.34681701660156,3037400
2015-02-02,137.80882767638917,139.88802943906802,137.22727987002912,139.80039978027344,2975300
2015-02-03,140.2146473855667,143.77557951746104,140.13499178944897,143.5843963623047,3766900
2015-02-04,142.37356039782682,143.9588567571477,142.2221989168369,142.42135620117188,2980500
2015-02-05,142.94707403260526,144.66779516054368,142.77977663589283,144.006591796875,2434400
2015-02-06,145.02633148392783,147.07366196975104,144.3013960785978,146.12567138671875,3250900
2015-02-09,144.73953074960656,145.74327895377826,144.30934426525127,145.1617431640625,2421900
2015-02-10,146.06185829832327,147.2169673342487,145.26522970036262,147.02577209472656,2556300
2015-02-11,146.63546073607642,149.9175673161835,146.38053369984786,149.4873809814453,4079600
2015-02-12,149.96537821503526,151.3594786765296,149.28823884293,151.18421936035156,3086700
2015-02-13,151.25596014112628,152.41904395108887,150.03711861624782,150.56289672851562,2720400
2015-02-17,150.38763335078514,151.861401977712,150.01321671920036,151.37545776367188,2123300
2015-02-18,150.99306644306185,151.39138097242645,149.6228756451949,150.3000030517578,1850700
2015-02-19,149.5112511721084,151.23994594673636,149.1846426813868,150.6504364013672,1470400
2015-02-20,150.04505515345733,152.665958833179,149.00943517320917,152.56239318847656,2317100
2015-02-23,151.94901735660827,151.94901735660827,150.77797177326912,151.60646057128906,1691100
2015-02-24,151.38335660014957,153.9723999728325,151.10453168239397,153.1279754638672,2627300
2015-02-25,152.59432608123947,153.31128750083366,151.72600316836278,152.72975158691406,2775700
2015-02-26,152.2422418755165,153.80854193752978,151.83468999213164,153.5927734375,2449300
2015-02-27,152.78565938019995,153.83251767938083,151.6668701171875,151.6668701171875,2572400
2015-03-02,151.8346389242422,153.36896644380545,151.6588294194614,153.26507568359375,1659400
2015-03-03,152.3940841763147,154.12819476316724,152.2902055710578,152.84959411621094,1487800
2015-03-04,152.11438330770255,152.4899753410553,151.01956703880526,151.5709686279297,1648500
2015-03-05,151.93859480406155,152.41007858997895,151.09151893275057,151.8986358642578,1330100
2015-03-06,149.90075664389926,152.95342588044898,149.10162691162157,149.36534118652344,4103600
2015-03-09,149.6770221883809,150.86771785168736,149.09366081663498,150.1804656982422,2233700
2015-03-10,148.31051908340973,148.7500429786263,146.009033203125,146.009033203125,2768500
2015-03-11,146.48052028320052,148.51030496336506,146.24876577234687,147.18374633789062,2098600
2015-03-12,148.59021697099945,151.83468244487335,148.59021697099945,151.7947235107422,3114800
2015-03-13,150.93165895144537,151.62691024993583,148.7660237704554,151.3072509765625,3095100
2015-03-16,151.86661497745862,153.8244926541594,151.7547372982545,153.35299682617188,2127700
2015-03-17,152.60979286202345,152.8255612854865,150.87568295493395,152.29014587402344,1883200
2015-03-18,151.57097328310536,154.26403726160785,151.19538123821712,153.6886749267578,2790100
2015-03-19,153.24113653745798,153.24113653745798,151.10746128879956,151.81069946289062,2097100
2015-03-20,152.21026441853027,154.96725997882635,151.75475454829458,154.33595275878906,3473800
2015-03-23,154.44784396817818,155.23098788016907,153.40098571777344,153.40098571777344,1590500
2015-03-24,153.3849572172529,153.84045480742716,152.76163702411867,152.85752868652344,1799100
2015-03-25,152.69771529845536,152.81757988440052,149.7169647216797,149.7169647216797,2542000
2015-03-26,149.05369964228072,150.2124354596454,147.85500489457513,149.6290740966797,2377200
2015-03-27,149.58910851343202,150.61998058535968,148.8539105641206,150.2843475341797,1539600
2015-03-30,151.2273150653831,153.4329087387519,151.18735613998197,152.64976501464844,2403800
2015-03-31,152.10636662794127,152.2741892549687,150.21243286132812,150.21243286132812,2146600
2015-04-01,150.18848291680607,153.6966628666417,149.40533898963744,153.6167449951172,4031400
2015-04-02,153.21714072199723,154.01627045723035,152.5139148467435,153.07330322265625,2296300
2015-04-06,151.97853428968853,153.94439941280743,150.99560782500697,153.47291564941406,1997000
2015-04-07,153.84850444502683,154.74352610480807,153.62474903008152,153.74461364746094,1778000
2015-04-08,154.26404161178618,154.91134712003705,153.59277537406913,153.88046264648438,1997300
2015-04-09,154.12019885748924,155.9022551879465,153.76059282757706,155.742431640625,1986500
2015-04-10,155.5506385826085,156.5175911792337,155.10312776537066,156.34178161621094,1764800
2015-04-13,156.08606910184514,157.73227486276633,155.64654518661,156.29383850097656,2196100
2015-04-14,157.41260676011652,158.61930073207213,156.39772055067974,158.00396728515625,3267400
2015-04-15,158.39554735954775,161.53612210307222,157.7402549698655,160.7050323486328,5066100
2015-04-16,161.9836151585247,162.11946576726015,158.7870958176806,159.99378967285156,5976900
2015-04-17,158.0998330007365,158.4274791375595,156.34973682874613,157.70826721191406,4578400
2015-04-20,159.08277406376095,159.50631187939803,158.16376748372068,158.3076171875,2616600
2015-04-21,159.00282446315202,159.42636219423315,157.09290512311148,157.30067443847656,1868300
2015-04-22,158.15578280816666,159.1546950655164,157.08495179478854,158.48342895507812,1938100
2015-04-23,158.35552669854684,160.2175001560887,157.9080160672278,159.27452087402344,2053400
2015-04-24,159.02687401068152,159.1067918901995,157.78822004069127,158.21975708007812,1445700
2015-04-27,158.8350566232744,159.274580512806,156.92513662490498,157.04501342773438,1767100
2015-04-28,156.7892604085445,157.91603632492632,155.35082436569033,157.8201446533203,1909400
2015-04-29,156.46163868322074,159.61021245888557,156.213910363753,158.67523193359375,2480600
2015-04-30,158.54737703448583,159.62620734334473,156.14998718702634,156.96510314941406,2732800
2015-05-01,158.58732511483873,158.68322899392578,157.29273858783125,157.8521270751953,2029500
2015-05-04,158.43548440636988,159.60221938749146,158.14779716402168,159.26658630371094,1581600
2015-05-05,158.4754553026166,160.13764702902856,157.20484163372046,157.66033935546875,2287500
2015-05-06,158.0279029603217,158.69916900214827,155.03915340206734,156.82920837402344,2433700
2015-05-07,156.83718343528355,158.18771451817153,155.67844786146725,157.74020385742188,1795300
2015-05-08,159.10674805982862,160.89679100785284,159.10674805982862,160.22552490234375,3192500
2015-05-11,160.05767116051706,161.38422929712644,160.05767116051706,161.2084197998047,1966700
2015-05-12,160.20953753154907,160.65704826475476,158.28364399712845,160.24949645996094,2247500
2015-05-13,160.20148572625502,161.22437047171576,159.7060293571641,160.96864318847656,2143300
2015-05-14,161.6879354553931,162.1274592883793,160.96871131221033,161.919677734375,1957000
2015-05-15,161.8637535229991,162.1993865966797,161.28039214687,162.1993865966797,1742900
2015-05-18,161.94356210706323,163.9653584395869,161.93557520310438,163.54981994628906,2164600
2015-05-19,163.81361667044672,164.78055686794474,163.46199761908284,164.14125061035156,2370100
2015-05-20,163.95749311101773,164.58881261054327,163.14237713418026,163.8855743408203,1831200
2015-05-21,163.5019738532076,163.98944355442393,163.1663285822848,163.7816619873047,2225000
2015-05-22,163.54992154751767,166.42678175318284,163.525948627002,166.05918884277344,3040400
2015-05-26,165.8354307638443,165.8354307638443,163.82162011693623,164.92442321777344,3336300
2015-05-27,165.33197549042245,167.5615424243592,164.5168596227046,167.0660858154297,3011500
2015-05-28,166.80151793735973,167.21034078016717,166.16021784982863,167.12216186523438,3084900
2015-05-29,166.92180308427348,166.9538748251089,164.82956845492166,165.2864990234375,2255500
2015-06-01,166.19232646134827,167.3947598053823,165.84762254219723,166.58511352539062,2088200
2015-06-02,165.8155433787468,166.60914146339175,164.8535870321251,165.47885131835938,2230700
2015-06-03,166.3526540786161,168.4769481654335,165.7514373862959,166.9698944091797,2417000
2015-06-04,166.41676313013647,168.38874676812233,165.93578494771964,167.434814453125,3462500
2015-06-05,168.901791043241,169.89580695084592,167.17830824728512,168.70138549804688,3225100
2015-06-08,169.26250883848815,169.70340345890187,167.8997536559409,168.17230224609375,2180700
2015-06-09,168.3406246087572,168.69334025549864,166.4327602823546,167.55503845214844,2278800
2015-06-10,168.11625705757342,171.0662217297582,167.8276724933999,170.84979248046875,2677300
2015-06-11,170.88177103372888,172.03610874351006,170.64128197222752,171.4990234375,2024100
2015-06-12,171.1303047358957,171.55516352559926,169.95191911712263,170.7936248779297,2006200
2015-06-15,169.05408803260408,170.21643765773842,168.6452651557284,169.75149536132812,1903800
2015-06-16,169.8236453021538,171.20243628071643,169.2464764166261,171.1944122314453,1954200
2015-06-17,171.21848093060072,171.9479600604246,170.40083510223278,170.6894073486328,1778400
2015-06-18,171.1062642940487,172.35679302853043,169.951926313978,172.02813720703125,2167200
2015-06-19,171.64337584851867,172.34880743965266,170.8978729248047,170.8978729248047,4163400
2015-06-22,172.3968696083919,173.79970846842903,172.34877423313324,173.55921936035156,2006100
2015-06-23,173.88786722443373,175.3708730256876,173.66341401141344,175.0742645263672,2735600
2015-06-24,173.31068967918878,173.9519897837341,171.3066344973485,171.89181518554688,3945200
2015-06-25,172.4690418746622,172.99010373568973,170.3367357425082,170.6012725830078,2434700
2015-06-26,171.24250238687145,172.0361126382581,170.3847731339625,170.88177490234375,2762600
2015-06-29,168.4529073061954,169.3186608460526,166.4568634033203,166.4568634033203,3292800
2015-06-30,168.25244033386295,168.97389523790517,166.85761365669626,167.3706512451172,4167300
2015-07-01,169.64731554001045,170.3367111433877,167.49896161459455,168.29257202148438,2820300
2015-07-02,168.29254557756556,168.84566678347485,167.13820779684744,167.6993408203125,1816600
2015-07-06,165.70332349686856,167.16226948005496,165.34258373634762,166.76947021484375,2816800
2015-07-07,166.72139504992487,167.51500549476606,162.8896416063614,166.90577697753906,3304200
2015-07-08,165.37460170685125,165.7673886125775,163.2903798578753,163.57896423339844,2185100
2015-07-09,166.04003700952507,166.3767169200724,163.88367098626588,164.18026733398438,2256200
2015-07-10,166.51296303210952,166.72138039900202,165.27845800417413,166.08810424804688,1840600
2015-07-13,167.89173146664857,168.58913876654105,167.25844316959802,168.43682861328125,2041700
2015-07-14,168.34861853402273,170.55307886009305,168.10011769071417,170.07211303710938,2090700
2015-07-15,171.17838527438627,171.23450469507523,169.4869620807741,170.7134552001953,2536700
2015-07-16,169.45489081840654,171.65935153601907,167.7955394751304,169.2865447998047,4405200
2015-07-17,168.94990024241548,170.58521647481862,168.17232568488959,170.3126678466797,2849000
2015-07-20,170.48902636632047,171.54717368272338,169.31065282837824,170.25656127929688,2175400
2015-07-21,169.92783545440912,170.58517139397748,168.94184377683817,169.54306030273438,1985300
2015-07-22,169.78355802970654,171.32267094678426,169.7434744795769,170.94590759277344,2301300
2015-07-23,171.27457664859173,172.03611517868066,168.9017699084199,169.18234252929688,2192700
2015-07-24,169.50301334080459,169.50301334080459,165.85562985007988,166.21636962890625,2453900
2015-07-27,164.69326342043558,165.0058955604563,163.130102720332,164.34857177734375,2910500
2015-07-28,166.04802369809863,166.0800832044379,164.01190867149083,165.32656860351562,2018100
2015-07-29,165.59114217376475,166.84167113903888,164.86967468717722,165.8075714111328,1987300
2015-07-30,165.15827930950928,166.2164268590681,164.41277627105606,166.09617614746094,1342900
2015-07-31,166.25640998918584,166.31252940451893,164.25235484355062,164.38864135742188,1644000
2015-08-03,164.93373228529828,165.0940542445656,162.6010092478471,164.08401489257812,2075500
2015-08-04,164.34054855865745,166.05601942853394,164.17221476106292,164.46881103515625,1451500
2015-08-05,165.88763124194296,166.56099067511508,164.27636345969233,164.89361572265625,1535500
2015-08-06,165.13412675962658,165.69525969546336,163.7713718492285,164.40464782714844,1485800
2015-08-07,164.57301831627697,165.6471889864246,162.18418790146654,163.08200073242188,1691100
2015-08-10,164.00388014946682,165.5911008851282,163.8034746029041,165.11012268066406,1640300
2015-08-11,163.13008643646447,163.4667662281264,160.85348276039892,161.68716430664062,2554000
2015-08-12,160.24429664425602,161.5669808094206,157.5829169062217,161.2303009033203,2771900
2015-08-13,160.90164296071993,161.88763505015845,159.98779394889692,160.9176788330078,3353600
2015-08-14,160.98976284171815,162.36855378970313,160.91761979057273,161.94369506835938,3567100
2015-08-17,161.13408728623114,162.6170933710545,160.14809532394474,162.38462829589844,1600700
2015-08-18,162.02388208193406,162.80948067843,161.27035522460938,161.27035522460938,1665400
2015-08-19,160.34049566835506,162.52892111969064,159.63506413107478,161.08599853515625,2721400
2015-08-20,159.0659275292271,159.6992160772912,157.71920776367188,157.71920776367188,3140000
2015-08-21,155.24215332109253,155.9956801225564,150.3682890300645,150.49655151367188,5406200
2015-08-24,143.05747828139448,149.8151463793313,137.95916148796402,143.85910034179688,7183600
2015-08-25,149.01352140223636,150.16785910370666,142.45625894774767,142.86508178710938,7204800
2015-08-26,146.7289156809207,148.34819587891374,143.57854644412816,147.81912231445312,5561800
2015-08-27,149.7510112648596,152.19596093206565,148.64476893600997,151.67491149902344,3798500
2015-08-28,150.8946565942995,151.9081900694374,149.82482252273581,151.0233612060547,2413100
2015-08-31,150.97511380605945,153.03433868604517,150.56486935294066,151.7071075439453,2858000
2015-09-01,148.2000264974509,149.9938031803481,145.65816472751067,146.49472045898438,5494500
2015-09-02,148.70675458559697,149.47093068694193,146.80840417257863,148.41717529296875,3043800
2015-09-03,148.81137321517681,151.1360476895801,148.2322144564231,148.85963439941406,2902200
2015-09-04,146.6073295043767,147.06583523311747,144.089610674218,145.0950927734375,4295600
2015-09-08,147.93455498192776,149.86507546458765,147.72540687577384,149.51919555664062,3060100
2015-09-09,152.47127181302315,154.240917433085,149.02045119365144,149.35829162597656,4756800
2015-09-10,149.17329695069927,151.07969903972418,148.62632067128243,149.54331970214844,3042600
2015-09-11,149.15721104034853,149.47093319708472,147.4599692628259,149.0285186767578,2536800
2015-09-14,149.29394675396645,149.5030825556013,147.4438577353725,147.9586639404297,2746000
2015-09-15,148.6343509151517,151.24056433986965,148.1597664184312,150.7820587158203,3092800
2015-09-16,151.1923120523716,152.27018573416927,150.0902955122522,151.73928833007812,2717800
2015-09-17,151.58644741703887,153.2917530502876,149.61570536566796,149.97767639160156,3712600
2015-09-18,147.36340836267476,147.50820412256823,145.231791882154,145.54550170898438,6529900
2015-09-21,147.4438786081871,148.33674708894472,146.15685677637347,147.48410034179688,2947200
2015-09-22,145.50524669683855,145.59372956488,143.1886132600776,144.56411743164062,4166900
2015-09-23,144.63656865720355,144.94223910417116,142.97953633217875,144.3148193359375,2732600
2015-09-24,142.90712209574733,143.16451905747994,140.6226703618483,142.3038330078125,3910000
2015-09-25,144.14586691731762,145.68224603773427,143.30931146882003,144.6526336669922,3026500
2015-09-28,143.5506172486834,143.5506172486834,138.95757142646744,139.1747589111328,3898500
2015-09-29,139.16672231809594,139.40000097206075,134.7265234703105,138.24168395996094,4419100
2015-09-30,140.42959086864707,140.83178352930628,138.48297986392993,139.76998901367188,2931500
2015-10-01,140.28480845199505,141.70857404265658,139.19084382014418,141.58792114257812,3613000
2015-10-02,138.46693860413654,142.4566966357405,136.64097983022896,142.38429260253906,4469900
2015-10-05,143.36564457840575,145.64205733940616,143.04389524231433,145.35247802734375,3411900
2015-10-06,144.9502641001326,145.81900190973963,144.36306612404636,145.0467987060547,1859100
2015-10-07,146.2372957634218,147.83801515608192,145.2237621128858,146.5831756591797,2572200
2015-10-08,145.7385408013924,146.7762048402395,144.58827557151145,145.6500701904297,3253400
2015-10-09,145.5615675244736,146.63138915943625,143.34950797628156,144.13780212402344,3334900
2015-10-12,145.43291668715216,145.7546660125995,143.99305961199275,144.9744110107422,3059800
2015-10-13,144.4435366337783,147.3151870133105,144.3872237469488,145.56967163085938,2918800
2015-10-14,145.37655369722341,146.575092228219,144.09758399956343,144.39520263671875,3252000
2015-10-15,142.1590137672987,149.41457277000882,141.37875902717624,148.77911376953125,5720100
2015-10-16,148.9078240440269,150.1385327466222,147.7092976314307,148.95608520507812,2977500
2015-10-19,147.5886965291265,150.01794497290115,147.32324775415537,149.4066162109375,2665700
2015-10-20,148.97220006276646,149.59158036739083,147.9264964023998,149.2215576171875,2736200
2015-10-21,149.79267765122708,149.79267765122708,144.42742752177952,144.54808044433594,3613800
2015-10-22,144.97439469982015,148.15976666874593,144.950264116824,147.6529998779297,2609600
2015-10-23,148.9399367151983,149.90519630687433,148.35272679969447,149.2134246826172,2935700
2015-10-26,150.5005198621076,151.22446184433653,150.114406015901,150.42811584472656,2573700
2015-10-27,149.6157089771902,150.2833504417365,148.40913067898705,149.8650665283203,1932300
2015-10-28,150.18681726363118,154.02372713768915,149.75244223422382,153.89503479003906,3231900
2015-10-29,153.63763465545904,154.40985015688267,152.29431230699984,152.74476623535156,3068100
2015-10-30,152.6401876907535,152.9056363779828,150.61314507291837,150.82228088378906,2791600
2015-11-02,151.48191398029616,153.17915594659874,150.9670953728721,152.57586669921875,2531500
2015-11-03,152.22995804613245,154.33744415852624,152.06908339862775,153.38827514648438,2443200
2015-11-04,153.6376766385026,155.15796519909827,153.08264851299185,154.1605224609375,2174300
2015-11-05,154.87638626702892,155.47163598446647,153.63763793759853,154.45811462402344,2186300
2015-11-06,157.6595418379421,160.4507602187235,157.5790983866091,160.20944213867188,4270800
2015-11-09,160.1048409650284,160.79661279779882,157.91692429225537,158.27084350585938,2604400
2015-11-10,158.12605755449718,159.44524890387848,157.08035425065884,159.11544799804688,2149900
2015-11-11,159.50154496092807,160.0163510271912,158.24670594153324,158.77760314941406,1637500
2015-11-12,157.81239839471434,157.81239839471434,154.6511568933793,155.0614013671875,3166900
2015-11-13,154.94881624263488,155.55210549787148,152.88153916986082,153.14698791503906,2484000
2015-11-16,152.82516412214116,154.5706787109375,151.23247242678707,154.5706787109375,4626600
2015-11-17,154.98091935021228,155.24636798077313,153.09062119771556,153.29171752929688,1783800
2015-11-18,153.67785133983287,156.09100782585816,153.645669046608,155.7772979736328,2509200
2015-11-19,155.90602509529455,156.21973499278707,154.17658866638936,155.2705535888672,1835800
2015-11-20,155.24641019596632,155.64056353166592,153.7261220067669,154.0157012939453,2932100
2015-11-23,153.87897106260849,154.03180629374577,151.64278002816417,152.1817169189453,2671700
2015-11-24,151.24059721687547,152.67240272857015,150.06618873730784,151.76344299316406,2679400
2015-11-25,152.02084376095266,152.64826356684028,151.34515050742317,152.1495361328125,1495600
2015-11-27,152.1575606935385,153.79046223978935,151.90820315799505,153.2113037109375,1092700
2015-11-30,153.76018073658628,154.22832344719268,152.74318869932537,153.3727569580078,3415000
2015-12-01,154.3412894633952,155.89906352642944,153.36464478561342,155.83450317382812,4140900
2015-12-02,156.0201490216793,156.45599915951186,153.19515930127218,153.56643676757812,1817200
2015-12-03,153.88930457373607,154.68836523552412,149.1029583047775,149.48231506347656,3599000
2015-12-04,149.8132043009512,153.85696987463334,149.11906364735566,153.34848022460938,3517200
2015-12-07,153.35661267232155,153.4534655392115,149.32091233883938,149.71641540527344,3499900
2015-12-08,148.44915336517602,148.89308272682547,146.77030107128653,147.6420135498047,2663800
2015-12-09,146.9156124384511,149.19981990165377,145.14797403405194,145.85826110839844,3907500
2015-12-10,146.0842428018261,148.45722356531874,145.53538131110312,146.9882354736328,2212300
2015-12-11,145.02687827743938,145.4062349816004,141.6288265009882,142.50860595703125,3750100
2015-12-14,142.59740204267646,144.1794016367241,139.55448122694955,142.3794708251953,5102400
2015-12-15,144.4619137818355,147.9326182457595,144.35699395667922,146.9075469970703,3398700
2015-12-16,148.52185867243642,150.8383593418247,146.64122059304358,150.29757690429688,3191700
2015-12-17,150.83832156541135,151.653528501525,147.39183044433594,147.39183044433594,2807900
2015-12-18,146.25378257108773,146.81877817369735,141.564300595457,141.64501953125,6740800
2015-12-21,143.26736171201983,143.7919978285169,141.91943927974546,143.46914672851562,2472900
2015-12-22,144.3972824753764,145.84206938601193,142.90408147092353,145.32550048828125,2312800
2015-12-23,145.85022491736876,147.70664975452908,145.6565191605746,147.66629028320312,2367900
2015-12-24,147.11742881403904,147.84384997438087,146.91564378994627,147.2788543701172,1107600
2015-12-28,146.71382129304067,146.84295431533246,145.15603490061554,146.59274291992188,1723300
2015-12-29,147.56126092691386,148.65895891006076,147.30297035489883,148.1343231201172,1848900
2015-12-30,147.9326182457595,148.13440324580185,146.770334674959,146.9075469970703,1514300
2015-12-31,146.22145639214372,147.6178048670795,145.30938443169455,145.47080993652344,1773900
2016-01-04,141.88714736189903,143.01715084849658,140.24865400651365,142.97679138183594,3745500
2016-01-05,142.62969907225377,143.26733418282603,139.57063191303638,140.51498413085938,4521600
2016-01-06,138.2711371658126,138.84421192572674,136.4873648467694,137.0846405029297,5539400
2016-01-07,134.52603858905715,136.8102465431825,132.04812489373532,132.87139892578125,5687900
2016-01-08,134.59057078704225,135.93849286663246,132.07229838119488,132.322509765625,4929800
2016-01-11,133.17810993012702,134.35653983702477,131.83825447438875,133.76731872558594,4386500
2016-01-12,134.70354811352212,135.74475293897729,131.80591945873758,133.75112915039062,4441300
2016-01-13,134.35657898172042,134.8731482781002,127.46359396254597,128.32723999023438,5252500
2016-01-14,129.38457864392313,131.1683516182108,126.5272953921398,130.2643585205078,4272500
2016-01-15,126.47886278044763,127.52008050167497,124.14622817063552,125.59908294677734,6237200
2016-01-19,127.17298989233085,128.14155553167012,125.33271148279216,126.57571411132812,5860600
2016-01-20,124.38025931397497,127.82673770302557,122.40275677300656,124.0977554321289,9369100
2016-01-21,124.27531839174871,125.23581674285761,122.27361509755758,122.40274810791016,5738800
2016-01-22,124.76769311769438,126.71290332447919,124.18655137694557,126.60797119140625,5583800
2016-01-25,126.23668898907528,126.34162112845581,121.97499084472656,121.97499084472656,5051700
2016-01-26,121.97501032824997,125.99457697144055,121.97501032824997,124.66278839111328,5237700
2016-01-27,123.96859236553854,127.87514583496291,123.64574138901473,124.07352447509766,5153100
2016-01-28,125.11474709115566,127.5684591983197,123.1130436576102,126.7693862915039,4292900
2016-01-29,128.0446577713044,130.42571772539762,127.3505170485406,130.40150451660156,4887900
2016-02-01,129.4733434016538,129.94955309380205,127.8913434232197,128.8599090576172,2963500
2016-02-02,126.7209274044739,126.7209274044739,121.20009505173056,122.44308471679688,6316200
2016-02-03,123.0888439487925,124.17040853978642,118.65764113288375,123.23412322998047,5893200
2016-02-04,122.92740805279324,127.48774351761193,122.69333058709357,126.309326171875,4573100
2016-02-05,127.1810642472092,128.90026418772464,125.6636370042564,126.29320526123047,4596100
2016-02-08,124.1623475093237,124.1623475093237,117.23708484080967,120.46564483642578,8680000
2016-02-09,117.45502697737278,121.03065159231735,117.11602962432464,119.65851593017578,6919400
2016-02-10,121.07105602576054,123.79919442932278,118.81913980271466,118.83527374267578,7609600
2016-02-11,115.75192459253435,116.5590644128865,112.23279448315999,113.55650329589844,10252200
2016-02-12,116.02635277519282,118.25405431472493,115.98599331972785,117.94734954833984,9009300
2016-02-16,120.74813376905456,121.4584085050291,119.01277559730414,120.27999114990234,10198000
2016-02-17,121.71668994128368,122.58032316298089,121.32118698721207,121.8296890258789,5578800
2016-02-18,122.07989751057491,122.68525237426371,118.94819107464579,119.23876190185547,5895500
2016-02-19,118.64955918708701,119.23876783525685,117.3823436977057,118.57691955566406,5257300
2016-02-22,120.42529837206347,121.06294593697395,119.64237150333865,120.09436798095703,4287900
2016-02-23,119.45672920899223,119.49708867529937,116.26852842640768,116.9626693725586,4249600
2016-02-24,115.48554829942178,117.55182393484195,113.20940846242115,117.48725128173828,5714700
2016-02-25,117.84245076428779,120.32037670230321,117.2209494590428,119.65851593017578,4299600
2016-02-26,120.84496776021695,122.66103224888654,120.27189310254086,121.27275085449219,5924500
2016-02-29,121.39436960832475,121.83211347852723,120.2351505136938,121.21602630615234,5506400
2016-03-01,122.36714792468544,125.46382504138876,122.1482697967193,125.36653900146484,6490400
2016-03-02,125.44759007856099,125.98261992576387,124.39374678332486,125.0017318725586,5047500
2016-03-03,124.83960864492464,126.18528531717709,124.32079518169931,125.91777038574219,3615800
2016-03-04,126.76082549083841,128.7712382916939,125.88532553617313,127.14183044433594,5256700
2016-03-07,126.46092129490391,126.76085670127665,125.17199564269127,125.93400573730469,2771900
2016-03-08,124.83964432529079,125.02608968127984,122.8130267226075,122.89409637451172,3830400
2016-03-09,123.30747583093395,123.6236275640231,120.93227445609492,121.52405548095703,3250900
2016-03-10,121.92939409330023,124.51535949032652,120.65667261797817,122.42388916015625,4631800
2016-03-11,124.25592480082727,124.96929785284924,123.51823333743974,124.79095458984375,4058700
2016-03-14,124.56399408380558,125.20439963290657,123.32370543125779,124.42618560791016,3317900
2016-03-15,123.74520407292715,123.81817167099736,122.32657245952223,123.24260711669922,3731400
2016-03-16,122.34283219880601,123.90738719314928,121.36195634837763,122.03478240966797,4310300
2016-03-17,121.91314543516245,124.82336385014494,120.58368546498342,123.95597839355469,4431700
2016-03-18,124.7666981963567,128.22815240917154,124.73426538542323,127.75798797607422,7413200
2016-03-21,127.46614662697839,128.81181132950164,126.25827806915828,126.6960220336914,4410200
2016-03-22,126.05557516779473,126.12853040982559,124.320791541294,125.0017318725586,3521500
2016-03-23,125.04226556026583,126.0961088460166,124.50723571787861,124.90445709228516,3633400
2016-03-24,123.54262134710515,124.06143503099166,121.7024612131839,124.02901458740234,3693400
2016-03-28,124.14246480942714,125.35843515000641,123.52637762321669,124.70991516113281,2308600
2016-03-29,123.92359074792878,125.9340040163043,122.81300842535555,125.67459106445312,2919500
2016-03-30,126.56630605652023,128.09842822212465,125.56109943478621,126.86624145507812,3130600
2016-03-31,126.60685097654812,127.66069462081461,126.50957728829019,127.25537109375,2927300
2016-04-01,126.83381273463782,129.71159918243646,125.72321812889362,129.55758666992188,3373400
2016-04-04,129.6791724790198,129.70349089400332,127.58770220401533,127.895751953125,2478100
2016-04-05,126.81760792382853,126.89056317897479,125.28548571830451,125.93400573730469,2822700
2016-04-06,125.8609990893757,126.67976015268354,124.77473550680425,125.80426025390625,2927400
2016-04-07,124.55582315167032,124.86387276351901,121.08625730578673,121.92933654785156,4786800
2016-04-08,123.27509304637985,123.92360073931322,121.60514986555147,121.82402801513672,3122200
2016-04-11,122.55360687677889,124.75856769471793,121.92941759610234,123.3804702758789,3464300
2016-04-12,123.76148173603579,125.72324608252995,122.65089925285118,125.0909423828125,2732900
2016-04-13,126.89057053296901,129.69541452066716,126.76897843401167,129.58192443847656,5151100
2016-04-14,129.32251110054864,131.5436882679571,129.0144612914104,130.4412078857422,3067100
2016-04-15,130.70061541556805,131.14647374993572,128.24435593745113,128.50376892089844,3467900
2016-04-18,127.76604266035304,129.70348801784,127.39313968972681,128.9090576171875,3031500
2016-04-19,127.87955017294546,132.70289681809038,127.27156498987281,131.85171508789062,5832200
2016-04-20,131.32478348885303,135.74280613850004,131.27614665927166,135.36180114746094,4802200
2016-04-21,135.01328208242754,136.91829541774158,133.7648785743215,134.0161895751953,4165100
2016-04-22,134.3971276327331,135.77523708938324,134.29175195990427,135.17535400390625,2680300
2016-04-25,134.56740366185068,135.69420251098649,132.99474648331037,133.8297119140625,2473000
2016-04-26,134.06477723032856,134.56737430866661,133.1244239351569,134.4376678466797,2251600
2016-04-27,134.42958444367557,136.72371678355884,133.6999947711013,135.3131866455078,3323600
2016-04-28,134.04047902443247,135.63745451614457,132.95420270337328,133.18118286132812,2528000
2016-04-29,132.78394927203922,133.4973100499345,131.77874277977,133.03524780273438,2890800
2016-05-02,133.82159839959888,135.53206393854617,132.93799620328008,134.7133026123047,1998400
2016-05-03,132.67048703444837,133.03527569967756,130.81409853286254,132.2489471435547,2777000
2016-05-04,130.6762611162139,131.8111740529576,128.96579588089384,129.76023864746094,3203900
2016-05-05,130.33578771853524,130.36822051650424,128.48751405792353,129.32247924804688,2366200
2016-05-06,128.2362560008205,129.8413336610935,127.27968607070368,128.7712860107422,2307000
2016-05-09,128.24429229751405,129.58186663685927,127.10127759920606,127.68494415283203,2097900
2016-05-10,128.62533539961083,130.91946749075348,128.39835526906217,130.8546142578125,2379600
2016-05-11,130.80599449023265,131.7544499529356,129.1198473222637,129.23333740234375,2096900
2016-05-12,129.96291732228215,130.89515631218987,127.5228622297317,128.1389617919922,2448100
2016-05-13,127.98494589448651,129.4765333309436,125.86104244983406,125.92589569091797,2550100
2016-05-16,125.92585730469676,127.19046419661309,125.3259866541395,125.95829010009766,3177700
2016-05-17,125.43950662378032,127.3607358317882,124.65317813580026,125.36653900146484,2701500
2016-05-18,125.49626861700241,129.70352881195913,125.36656211951228,129.65489196777344,3653300
2016-05-19,128.6334451993555,129.6629702341741,125.26116346877957,125.40707397460938,4712000
2016-05-20,126.26633733932864,126.7932651652654,124.77475024060779,125.2530288696289,3247800
2016-05-23,125.1962963342692,126.53385863385779,124.62884603654948,126.01504516601562,2767600
2016-05-24,127.00401579259267,128.52803553228395,126.81757051682838,127.74980926513672,3038800
2016-05-25,128.13083159646322,131.55986410684363,128.10651318195255,130.716796875,3259900
2016-05-26,130.64383899486765,130.7816474641432,129.03064743778063,129.07118225097656,2576100
2016-05-27,129.17706439657317,130.56081121119144,128.86776417554975,129.8526611328125,2157000
2016-05-31,130.5607403129931,131.57820248008375,129.05490375781446,129.8118896484375,2916100
2016-06-01,128.5258308886743,130.68285838525165,126.97929318336473,130.21075439453125,2581600
2016-06-02,130.34913875343844,130.503795021034,128.9816752887525,129.6491241455078,2257100
2016-06-03,126.86535726694353,127.41885087283387,125.23741736228376,126.71070098876953,4329300
2016-06-06,127.18275051238287,128.53394303467215,126.79204858046216,127.8420639038086,2540400
2016-06-07,127.95608433913029,128.17585972163434,126.30372619628906,126.30372619628906,2489700
2016-06-08,126.32812033066303,127.45140271675082,125.27810467163772,125.87229919433594,2426800
2016-06-09,125.18041568596625,125.58740060420168,124.09784673323077,124.6757583618164,2711700
2016-06-10,123.19436018065652,123.4466888846435,121.7454946246958,122.0059585571289,4335700
2016-06-13,121.28151920782012,123.16993540147462,120.94778855666982,120.98035430908203,3385800
2016-06-14,120.64662061295898,121.32221712621369,118.39192049284327,118.9942626953125,5069600
2016-06-15,119.78378784111278,121.0372957540809,118.75817803758288,118.96981811523438,2981400
2016-06-16,118.02561182923976,119.64541607664829,116.82907532259689,119.35238647460938,3499200
2016-06-17,119.35242750005,120.65477207439949,118.4000840711192,118.54659271240234,4296500
2016-06-20,120.87454610911723,122.50248612405484,120.12569519266953,120.26406860351562,3338900
2016-06-21,120.87453192496481,121.1431434863326,119.75124947200773,120.75244140625,2424600
2016-06-22,120.4756618884154,122.19313860993047,120.45939143545957,120.58148193359375,2487600
2016-06-23,122.55133893704745,124.37463647201695,122.20947297802786,124.26068115234375,2940500
2016-06-24,116.42210026188404,119.18145740512485,114.70462347584255,115.46975708007812,9442200
2016-06-27,114.01275643591192,114.95695196943622,112.49062445632732,113.55692291259766,7381000
2016-06-28,115.75465846432341,116.08837666529476,113.80927100902755,115.91744995117188,5041500
2016-06-29,116.886094447715,118.47333342945075,116.34072362970164,118.43263244628906,3804100
2016-06-30,119.38489818853489,121.1837761446599,118.32673541553125,120.93958282470703,4528600
2016-07-01,120.86639301078222,122.66525950602416,120.5245271486122,120.67103576660156,3096800
2016-07-05,119.42563367668515,119.60470800175003,116.66627692979321,117.57791900634766,3943000
2016-07-06,116.34883914761197,118.79074842060163,116.08836286346717,118.49771881103516,2941800
2016-07-07,118.83957947192549,120.54077321091717,118.31863934639048,119.65354919433594,2578300
2016-07-08,121.574540042214,122.84433104969922,120.71986919634678,122.40479278564453,3281400
2016-07-11,123.30824506945187,124.52105168579128,123.21870792688682,123.87802124023438,3041600
2016-07-12,125.35130649250202,127.99670744120742,125.28618744026502,127.72809600830078,5110800
2016-07-13,127.79324833360629,128.82699337421357,127.10136909111168,128.54209899902344,4276400
2016-07-14,130.471240908992,132.87246225448783,130.24333031121282,132.30267333984375,5087700
2016-07-15,132.56309706245673,132.79100756975254,130.80491964601094,131.57005310058594,3078400
2016-07-18,132.15612707197891,133.56429124014323,131.8712326957884,132.9456787109375,4734500
2016-07-19,131.8794109458302,133.55618700689197,130.82938278552172,131.3828887939453,5399700
2016-07-20,132.31082946095896,132.58757628738425,129.60030779930716,131.67593383789062,3547800
2016-07-21,131.62707185811115,131.78171569893865,130.04796833848962,130.27587890625,2855500
2016-07-22,130.47122386212396,130.82937258903868,130.12122278276286,130.56890869140625,1811700
2016-07-25,129.9421644374841,131.3177756626192,129.91774633220209,130.6503143310547,1956100
2016-07-26,130.78862221866711,131.45608321588156,129.7630250499849,131.17933654785156,2150100
2016-07-27,131.21194234471602,132.0014941229711,130.56891160355505,131.041015625,2317200
2016-07-28,130.38165533101926,131.0165630980144,129.29093895781207,130.6665496826172,2047400
2016-07-29,129.83633222307714,130.38983820481934,129.13631762334703,129.2665557861328,2388200
2016-08-01,129.26655867692455,130.17006576863955,128.5502611857789,128.75375366210938,2316300
2016-08-02,128.32236174679787,128.98168786031482,126.4665111951556,127.02815246582031,3182800
2016-08-03,127.34559993169485,129.38052486643014,127.12582456108852,128.88400268554688,2284700
2016-08-04,128.7863226156717,129.3398162033585,128.12700896319961,128.64794921875,2005700
2016-08-05,130.0316843692723,131.96893659912647,129.58399846486975,131.93637084960938,2676100
2016-08-08,131.94448665701444,133.47474116979888,131.87121994837844,132.53868103027344,2266600
2016-08-09,132.27008373661823,133.96314229887005,132.27008373661823,133.03521728515625,1957400
2016-08-10,133.04331255486792,133.16541543222348,131.87119448531269,132.01771545410156,1656100
2016-08-11,132.0258674117382,133.6945075855811,131.80609214079348,133.37705993652344,1827700
2016-08-12,132.4084958941312,132.9782723992675,131.92012135552707,132.88059997558594,1440800
2016-08-15,133.38521000021112,134.98873129363793,133.3282385800374,134.752685546875,2222200
2016-08-16,134.29688056271291,135.73759815318692,134.07710524103982,134.83409118652344,2523800
2016-08-17,135.07019348425356,135.37950608092277,134.09343189816875,134.8504180908203,2061700
2016-08-18,134.58177213477504,135.5748163462511,134.00386049608304,135.16783142089844,1750500
2016-08-19,134.59804835945275,135.8515564027223,133.89803382562351,135.3061981201172,1840900
2016-08-22,135.11899974440198,135.85971531420896,134.21549268303824,135.33062744140625,1448100
2016-08-23,135.93300934132253,136.6248889078457,135.10275634553437,135.1841583251953,1965500
2016-08-24,134.93994222485887,135.68879311566945,134.1829561055229,134.5492401123047,2035300
2016-08-25,134.37017918220204,135.1515834855788,133.9876122598539,135.03762817382812,1441400
2016-08-26,135.73757401399507,136.8038846857161,134.59802147499926,135.09454345703125,2402200
2016-08-29,135.60733981250544,136.63293703333764,135.24104355774574,135.8271026611328,2620900
2016-08-30,135.8271723835186,138.51560026183893,135.8271723835186,138.4011993408203,2934100
2016-08-31,138.30315433536072,139.11214034725984,136.8486228973114,138.47476196289062,3688200
2016-09-01,138.91595676757788,138.97316344066368,136.18666978594092,137.69839477539062,2843300
2016-09-02,137.70662964820036,138.70355732450216,137.1999862998854,138.24594116210938,1747500
2016-09-06,137.87005120020527,138.74439840135088,136.8486099795238,138.36851501464844,2034900
2016-09-07,137.85366212926613,139.08757072326702,137.81280199928895,138.64630126953125,1584300
2016-09-08,138.38482479939645,140.45222028328962,137.8618475321026,140.27244567871094,3031600
2016-09-09,139.5942435254199,140.8935137567434,137.69844264778462,137.7474822998047,3411800
2016-09-12,136.47269396738335,140.28062926816506,135.83531573731847,139.78216552734375,2647900
2016-09-13,137.722917794381,138.8914527004183,135.9578773460747,136.46450805664062,2788200
2016-09-14,136.46452735681524,137.16727931381044,135.3123388339342,135.7781219482422,1995900
2016-09-15,135.4676370903168,137.90274978618785,135.4512905374036,137.3470916748047,1645200
2016-09-16,137.15910710336595,137.32253517513723,135.3286802807447,135.64736938476562,4534900
2016-09-19,136.74229780622287,137.53493673712114,135.38582164934977,135.8189239501953,2030700
2016-09-20,137.02018105088044,137.51047773817996,135.96605938257798,136.03143310546875,1532900
2016-09-21,136.80773331306332,137.51048528676316,135.59017103631496,136.48904418945312,2333600
2016-09-22,137.64938913447432,138.36848760137258,137.0365245234849,137.2980194091797,2467700
2016-09-23,137.07738351001112,137.3633919802493,134.87107342267845,134.9364471435547,3421200
2016-09-26,133.87414091725086,133.98854180725056,131.56159706269247,131.95382690429688,2772200
2016-09-27,131.33281305585075,133.56363694712118,130.5973804447218,133.1060333251953,2602700
2016-09-28,133.47375708779637,133.84147341390477,132.11728022647148,133.5636444091797,1678100
2016-09-29,133.50642204704096,133.9803721445476,128.9221945602872,129.8864288330078,3733800
2016-09-30,130.70363949061385,132.71384165884416,128.94676526420142,131.78228759765625,4497200
2016-10-03,131.15299145007657,132.1499186131168,130.94870330140043,131.6187744140625,2444700
2016-10-04,131.7577141565184,134.13561918741172,131.74953464899505,132.59938049316406,2469900
2016-10-05,133.45742310107727,136.1131701352876,133.20409521789833,135.9742431640625,2548200
2016-10-06,136.61159549502844,136.70148279939443,134.68312690819764,136.5870819091797,2858000
2016-10-07,136.87311651711113,138.8996523032448,135.84350830848382,138.77708435058594,3390200
2016-10-10,139.3408672061916,140.3459614299834,138.99766460462268,139.76577758789062,2532000
2016-10-11,138.78524029194588,139.62690674959663,137.20814123962896,138.1315155029297,2680000
2016-10-12,138.13152639789772,138.90783165976399,137.52684120709358,138.343994140625,2404000
2016-10-13,136.95483326597383,136.9793468558734,135.24697420079917,136.8077392578125,2713700
2016-10-14,140.22342311187109,141.3265718920818,138.18870818529817,139.3408966064453,5282300
2016-10-17,139.32449887066903,139.95370977617574,137.64933378052535,138.09877014160156,3061400
2016-10-18,140.55843556770964,141.75148403101488,139.81483606512154,141.06507873535156,4482500
2016-10-19,141.66982538278424,143.55744700115847,141.51456430269866,142.60137939453125,3676000
2016-10-20,142.1846358128014,143.64733433864134,142.0212076906779,142.60137939453125,2471100
2016-10-21,141.23666477865817,142.91999728729334,140.96700290075637,142.7320556640625,2004400
2016-10-24,143.41037569802515,143.64734462175284,142.47065457696954,143.099853515625,1943200
2016-10-25,143.03444640944497,143.78623809347533,142.70759021803005,143.45120239257812,2423300
2016-10-26,142.83008751764314,145.37143242535345,142.1273358318492,144.69320678710938,2533800
2016-10-27,145.608435275764,146.1477590268124,144.28465194933628,145.24888610839844,3021900
2016-10-28,145.86998395043315,145.86998395043315,143.3776771659392,144.75048828125,2042800
2016-10-31,145.19170645873987,145.86177775331288,144.82399018504702,145.64932250976562,1828200
2016-11-01,146.27038410055755,146.4174656526347,144.31738896802136,145.50225830078125,2900600
2016-11-02,144.6932713520061,145.0446411173118,143.87611844430293,144.29286193847656,2104800
2016-11-03,144.4481126337194,145.42869355893473,143.99050903320312,143.99050903320312,1972700
2016-11-04,144.08856043406217,144.9138803060357,142.78111091471055,143.75352478027344,1846500
2016-11-07,146.2703397064928,148.31322154596896,146.2703397064928,148.296875,3338800
2016-11-08,147.17738856007318,149.27746473312445,145.82909145274047,148.65643310546875,2646200
2016-11-09,151.1732478097622,158.15172630348252,149.90665864517155,157.4081268310547,7823800
2016-11-10,158.96074849263186,167.24667818372325,158.52765846443114,164.14149475097656,11345400
2016-11-11,162.0005449888114,167.51632647014546,162.0005449888114,166.650146484375,6290200
2016-11-14,166.82175927083333,173.04847283726613,166.82175927083333,170.93203735351562,8248100
2016-11-15,168.79108706303236,172.5826757065615,167.65524512476378,172.5745086669922,4893800
2016-11-16,169.43668098531785,170.03319918916074,167.37745191646778,168.5459747314453,5276200
2016-11-17,168.54588522608225,171.34872503535743,168.0637682004919,171.29969787597656,3572400
2016-11-18,171.49581928166978,173.29356505120595,171.37325137409218,171.8880615234375,4278200
2016-11-21,172.79509534416906,172.98303695207147,170.9319759334608,172.4845733642578,2860200
2016-11-22,172.71344350560875,173.19556074102948,171.5122277029407,172.5091552734375,2945700
2016-11-23,172.82782377798162,174.38858867788866,171.08728425773123,173.48971557617188,3717400
2016-11-25,172.71340504072694,173.84924685988597,172.4192295531654,172.72975158691406,1974000
2016-11-28,171.60205311407682,173.0402372609461,171.27519704803007,171.8880615234375,3297400
2016-11-29,172.12579343358544,174.52746637458577,172.068409434766,173.5684356689453,2577600
2016-11-30,176.39638930170352,180.9620454090897,176.20786506161042,179.7489013671875,6507900
2016-12-01,181.0931324457632,186.1997827064245,180.61772580732546,185.76535034179688,7606500
2016-12-02,185.24897655921822,185.45389799346515,181.33087973700998,183.0850067138672,5297400
2016-12-05,184.85555576441237,187.87199367857917,184.62604472778722,187.33920288085938,4599300
2016-12-06,188.67528723978802,190.71630955536833,186.806404459884,189.65892028808594,5259300
2016-12-07,188.85556321138972,193.51957642411904,188.85556321138972,193.08514404296875,6595200
2016-12-08,194.16718912324222,198.70824325173314,193.44586156925573,197.91314697265625,7343700
2016-12-09,197.22458251421935,198.363945170065,195.80652971404578,198.24099731445312,5456000
2016-12-12,197.1344318820874,199.04430126773892,193.74912557754067,194.40487670898438,5022000
2016-12-13,195.90489735162308,196.8721205483787,193.0441895361632,195.53604125976562,4680500
2016-12-14,193.17531886818608,199.28197456142374,192.92941066758772,196.66717529296875,6172400
2016-12-15,198.76557383822842,201.29020709116318,198.0524388318,199.18360900878906,4829700
2016-12-16,199.01967268424897,199.3393495783977,195.41304842196035,195.82289123535156,6876400
2016-12-19,195.3639615132234,196.51152943691022,193.65901310375241,195.96234130859375,3743300
2016-12-20,197.15078450175923,199.7163919310671,196.9130686730218,199.2573699951172,4487700
2016-12-21,198.56067356365352,198.6918137733847,196.79014940446174,197.90492248535156,3277800
2016-12-22,197.73277335929134,199.0688650219208,196.35570741853363,196.8229217529297,2636500
2016-12-23,196.34751149784267,198.2819702937165,195.83111800024952,197.51966857910156,2187500
2016-12-27,198.32297285376632,198.8475712550088,197.05245738761909,198.0032958984375,1998200
2016-12-28,199.74923712147276,200.4131806266572,197.08525823788733,197.25738525390625,3053000
2016-12-29,197.33932522811307,197.60163064630365,193.97041662111863,195.23272705078125,2619000
2016-12-30,195.50328169633104,197.13446115827242,194.59342983684246,196.27378845214844,2355500
2017-01-03,198.93769558737006,200.79838542921283,195.06058614358463,198.01145935058594,4384200
2017-01-04,197.90489048707283,199.4459033958118,196.74913080551863,199.2901611328125,2728700
2017-01-05,198.95410399096636,199.37213917404796,194.08516917928785,197.80654907226562,3562600
2017-01-06,198.60161741012058,201.80659108997605,197.84750816322685,200.74099731445312,3591100
2017-01-09,199.38857799946337,200.56892759497313,197.92953822373968,199.09349060058594,3022800
2017-01-10,197.43771614010953,199.5443146656346,195.94589447665686,198.83119201660156,3432900
2017-01-11,198.99508605482018,201.5115144623518,198.36392461080183,201.44593811035156,3532600
2017-01-12,200.87216410360162,201.2082382230777,198.0114691796505,199.8721466064453,4022300
2017-01-13,201.1754581506244,203.09353222098338,199.10985916317838,200.2492218017578,4186100
2017-01-17,199.1344306170263,199.2327888910768,193.12613339804162,193.23269653320312,6277200
2017-01-18,193.44584236899985,194.8311133261333,189.77365360915528,192.04417419433594,7590500
2017-01-19,191.86388495568804,192.42126536511438,189.03595858975814,189.6835174560547,4561800
2017-01-20,189.8555745038697,191.17526881901387,188.97031255575342,190.33099365234375,5211800
2017-01-23,190.05234983901784,191.60155549868932,189.1424981019147,190.71629333496094,3136200
2017-01-24,190.05235252307867,193.49503042570063,189.21626949429194,191.54417419433594,4448200
2017-01-25,193.0605377938414,194.53597429451642,192.2080703197897,194.47039794921875,3716800
2017-01-26,194.65075753157808,197.37210745878048,194.65075753157808,196.3802947998047,4195600
2017-01-27,194.18354629268003,195.06061603573258,193.45402648629386,194.2245330810547,3253100
2017-01-30,193.10159657215058,193.68356652911874,189.77367397876458,191.72451782226562,3803300
2017-01-31,190.8638730107185,192.0934019006117,187.01954401379945,187.9703826904297,5156400
2017-02-01,188.94572108295569,190.87198722481244,188.13424035258967,189.07687377929688,4024500
2017-02-02,187.30635932550624,190.4375644443037,186.1096253065535,188.86376953125,2775700
2017-02-03,192.23267752272432,197.63440282469858,191.97037211746778,197.5032501220703,7381000
2017-02-06,196.39673405975563,199.71645173612873,196.0442626414832,196.7082061767578,4639200
2017-02-07,197.66725014256144,197.90496605814698,196.2246074585993,196.4131317138672,2660200
2017-02-08,195.33113378220614,195.85573220771602,193.6999544946082,194.86390686035156,2744700
2017-02-09,194.86389625712562,199.42134717589573,194.60979566745075,197.99510192871094,3550800
2017-02-10,199.48689223094834,200.13445089727642,197.73276544382517,198.9541015625,3072800
2017-02-13,200.40498918223008,202.8558417615256,200.40498918223008,201.86402893066406,2998200
2017-02-14,201.65086474977204,204.92141503642114,201.38857184237892,204.47879028320312,4141500
2017-02-15,205.39682335948575,206.51978865213525,203.70006812914593,205.36402893066406,4296600
2017-02-16,205.16731723235503,205.560762835637,203.64270144880084,204.46238708496094,2286300
2017-02-17,202.88041876935515,205.38046284887352,202.55254946700381,205.23292541503906,3262300
2017-02-21,205.74111805542802,207.0935945058158,205.50341469719083,206.36407470703125,2794900
2017-02-22,204.97061907997139,206.84770647393202,204.9214399355728,206.33949279785156,2378800
2017-02-23,205.99520886642026,206.47882042200854,204.36404234716295,205.8968505859375,2594700
2017-02-24,203.0361653556802,204.00340108065478,201.72467561115124,202.74928283691406,3565400
2017-02-27,202.6344933393442,204.72468172337594,202.1426769505071,204.37222290039062,2372600
2017-02-28,203.8133784753021,204.63520661431542,201.84920972466438,203.86268615722656,3627100
2017-03-01,208.50604759763027,209.68946972562452,206.49255838421445,207.68421936035156,5218300
2017-03-02,208.34988892626723,208.94160623390442,206.25422450672738,206.32818603515625,3020000
2017-03-03,206.3281606173159,209.3607083103472,206.3281606173159,207.8321075439453,3163700
2017-03-06,207.24039748761479,207.70061923277777,205.86794601896725,207.10890197753906,2467000
2017-03-07,207.50340213051422,207.92252998878186,205.71181017339376,206.19668579101562,2497300
2017-03-08,208.43206771225456,209.37717768282653,205.13654108712234,205.654296875,3574400
2017-03-09,206.45962756113784,207.70880961057156,205.06252249353295,205.60491943359375,3061500
2017-03-10,206.96920511588,207.01851280009066,202.88471807239318,204.1256866455078,3365900
2017-03-13,204.89823961768172,204.89823961768172,203.164181387485,203.94491577148438,1801100
2017-03-14,202.8353549890046,203.67362301194316,201.68480087132372,203.58322143554688,2144200
2017-03-15,204.10102142464942,205.68714369881138,201.8081139158624,202.8107452392578,3427000
2017-03-16,203.69011399571107,205.62140264313322,203.24631976789146,203.9941864013672,2940600
2017-03-17,205.19403080050793,205.19403080050793,200.4109978536781,200.47674560546875,5438100
2017-03-20,199.9672767749122,201.29040835763678,198.4879832617942,198.9975128173828,2759100
2017-03-21,199.95899233132874,199.95899233132874,191.31335723720983,191.48594665527344,5660900
2017-03-22,190.02312578677743,191.42023128036584,188.33016162653823,189.8998565673828,6291300
2017-03-23,189.63688790639276,192.82558585238698,188.97942273174067,190.5819854736328,4770700
2017-03-24,191.4859639317799,192.06124114372608,186.5303410615605,187.71377563476562,6387300
2017-03-27,183.51425232785977,186.61254836851472,181.50077560588232,185.3058319091797,9194800
2017-03-28,185.3880081206581,188.81503023313482,184.99353409320625,188.46986389160156,4471200
2017-03-29,188.51917887476455,188.99584075726693,186.9823640836664,187.7466583251953,2636000
2017-03-30,188.59313148556453,190.66414205706846,188.51095618977422,190.0231170654297,3156800
2017-03-31,189.45602296502025,189.67792005396697,187.9767299388774,188.79034423828125,2858400
2017-04-03,189.02046720976563,189.1026550376367,185.37977466493078,188.165771484375,3735600
2017-04-04,187.14672828173207,189.5875591638145,186.7851218488156,188.41233825683594,3042700
2017-04-05,190.78745940234668,191.39561693711494,186.80981292765168,187.0974578857422,5286900
2017-04-06,186.6289349689105,189.11907303864686,185.49482075008584,187.90277099609375,2927200
2017-04-07,186.22621371995052,188.0588864903191,185.92212885896544,187.2781524658203,2853300
2017-04-10,187.37686489181885,188.84793212924419,186.51394261126964,188.10829162597656,2653900
2017-04-11,187.1960298424056,188.5273875381066,185.2318609098144,187.1631622314453,3374700
2017-04-12,187.0891938600194,187.5822958201665,185.100371023606,185.52772521972656,2947500
2017-04-13,185.05927388645904,187.51654479630474,183.33344213615405,183.5306854248047,3653700
2017-04-17,184.00732338411603,186.45638037472503,183.2841231173165,185.94683837890625,4190900
2017-04-18,180.24337637502967,180.71181195294824,175.1973389216819,177.17794799804688,12464000
2017-04-19,177.40808973039964,178.48468290999108,175.55076209187672,175.9452362060547,6428800
2017-04-20,177.1039770397417,179.96393566353973,176.69306293988151,179.20785522460938,5168200
2017-04-21,179.61057147453167,180.1283147589693,177.82720562790365,178.2216796875,3845700
2017-04-24,181.77198006641845,184.75522085242758,181.0487796789805,183.44851684570312,5353500
2017-04-25,185.89750767617593,187.36036064347124,185.03458569117336,186.2509002685547,3996900
2017-04-26,186.63720545858706,188.49453283758922,185.80715087877252,185.89755249023438,3765300
2017-04-27,186.30846829249086,186.30846829249086,183.69506038520532,185.57704162597656,2805800
2017-04-28,185.1661270822552,186.36600188430685,183.85942313146575,183.9251708984375,2936600
2017-05-01,184.82915205549298,186.05368055408556,181.5664931884609,184.78807067871094,3004800
2017-05-02,184.796247444017,185.60163538526407,183.41556986177886,185.00991821289062,2602400
2017-05-03,184.45938994054,186.30029015150228,184.35256077113934,185.9879913330078,3042200
2017-05-04,187.59053042198755,188.10828628363373,184.7552251865114,186.21807861328125,2935400
2017-05-05,186.45637694203074,186.94125254677596,185.15788694449924,186.44815063476562,2435800
2017-05-08,186.34956556559908,186.83444124917665,184.58263975047868,184.93601989746094,2316800
2017-05-09,185.29762005991972,186.20163616817936,183.21016924270359,183.8922882080078,2145400
2017-05-10,183.64571918492732,185.1989738468029,183.316980409336,184.81271362304688,2630400
2017-05-11,184.37715604811734,184.98530087185534,182.56912403132122,184.71409606933594,2440300
2017-05-12,183.67038962662028,184.49221782972637,182.84033511581706,183.11976623535156,2166100
2017-05-15,183.3744884932226,186.201578863429,183.1443776528663,185.00991821289062,2468100
2017-05-16,185.27296918744074,186.40709622506924,184.42648706344693,185.4044647216797,1710700
2017-05-17,185.40445182639618,185.40445182639618,175.1480265909914,175.64112854003906,7525700
2017-05-18,175.87123074372198,178.83803097890012,175.75617529997976,176.82455444335938,4792400
2017-05-19,176.58624135733652,178.99420477740713,175.87125475504433,177.0135955810547,3747100
2017-05-22,178.64084822534156,178.8627454206324,177.02184515694825,177.53138732910156,2506100
2017-05-23,177.49020962081138,181.45141440494024,176.41361685346706,180.50631713867188,3308800
2017-05-24,180.80219522592083,184.41823411439822,180.3501872298355,183.94979858398438,4141600
2017-05-25,184.4264561440104,185.28115189306368,182.69239826477806,182.8321075439453,2640000
2017-05-26,182.4540647594965,184.27852427262826,181.77194588385692,183.7032470703125,1787100
2017-05-30,182.91990410009325,183.42290753617257,179.76994526837527,180.1080322265625,3097800
2017-05-31,179.95958430115743,180.009057978906,172.85156814973283,174.2039031982422,8312000
2017-06-01,175.31713496565308,178.0547836903081,173.81636609879575,177.29615783691406,4057900
2017-06-02,175.5892215723478,177.46105532174863,174.73988992116136,175.89431762695312,3692000
2017-06-05,175.7047240875023,177.9558651704071,175.3748785006062,176.45510864257812,2696600
2017-06-06,175.23470495448393,178.12904188717283,175.20996810739453,176.900390625,2891300
2017-06-07,177.5930348303212,179.12678215198892,176.71896607603176,177.93112182617188,2679400
2017-06-08,177.93109259509484,182.23547912675585,176.9828134606212,180.3883819580078,3765600
2017-06-09,182.09528385646652,184.58556384868533,181.20471990066008,183.42288208007812,4455400
2017-06-12,184.40419007437367,185.7235345693256,182.9858856201172,182.9858856201172,3388200
2017-06-13,184.1732779023446,187.01812782106975,183.69501134539095,184.87417602539062,2767800
2017-06-14,183.87645666944016,187.1336046348459,182.86219568796568,186.77902221679688,3652900
2017-06-15,185.37720244783884,186.64708581113976,183.71977100502386,184.0743408203125,3378900
2017-06-16,183.59600736754825,184.4370974958001,182.3426324661214,182.90335083007812,3758300
2017-06-19,184.23926627895224,187.21605491754326,183.97540240533434,186.46568298339844,2900900
2017-06-20,185.95443795652548,186.80376990972303,184.86597895864008,185.61636352539062,2264200
2017-06-21,185.15452069207313,185.47611217786488,183.00232764644562,183.464111328125,3015300
2017-06-22,182.59829387588408,182.97760047798266,180.82540731861295,181.22122192382812,3344600
2017-06-23,181.82317231759637,181.97984735906837,178.4918145152088,179.09376525878906,4448700
2017-06-26,179.97607352276657,183.03532605602916,179.51430240430867,181.77369689941406,2589500
2017-06-27,182.92812011454336,183.398145222694,181.04804484657873,181.64175415039062,2899400
2017-06-28,182.95290793259082,185.22879842547488,182.0293654614625,184.0661163330078,3482800
2017-06-29,188.31272131396344,188.65904964006594,183.90938784767874,185.04733276367188,5063400
2017-06-30,185.78947167755393,186.39967642258608,182.6807454355216,182.97760009765625,3154300
2017-07-03,185.08860426806623,188.88998782470404,184.23101839865194,187.41395568847656,2846600
2017-07-05,188.32097544863132,188.76625113041626,185.7070112898492,188.0406036376953,2772000
2017-07-06,187.98292506212127,189.70632560983387,185.74002563279987,186.9274444580078,3076600
2017-07-07,188.1972769953757,188.4116797066707,185.0555726650546,185.7647247314453,2697600
2017-07-10,184.93187891568385,187.46337840335684,184.6762565414123,186.2264862060547,2357500
2017-07-11,186.39146118136364,187.96644076027235,185.26176997941482,187.141845703125,2742900
2017-07-12,186.68822440063965,188.84867094740926,186.41611923759584,187.50457763671875,2567300
2017-07-13,187.50460752926784,190.18454057868,187.1417838109458,189.98663330078125,2852600
2017-07-14,187.3644658296044,189.33524725979902,185.616328559297,188.50241088867188,3703600
2017-07-17,188.60956610201637,189.35995039383505,187.3561910585001,189.04660034179688,2551800
2017-07-18,187.5953440296323,189.95368600072618,183.68675958483027,184.14028930664062,6400700
2017-07-19,183.81050244780113,184.8742246234904,182.78799996252903,183.7775115966797,4884600
2017-07-20,183.88463264242756,185.33591489956754,182.73844642207462,183.3074188232422,3497800
2017-07-21,182.96940457508842,183.31573300406643,180.660535799579,181.55934143066406,3446600
2017-07-24,180.5368565904309,181.18828119541658,179.76173516873348,179.91015625,3123100
2017-07-25,181.69121253305252,183.77743633970394,181.5592743472417,182.71371459960938,3509500
2017-07-26,183.43116710456016,184.4949017695012,182.95290046372986,183.26625061035156,2792500
2017-07-27,182.92812602380013,183.64553212876712,181.7654442177497,182.6312713623047,2812500
2017-07-28,182.87041320935413,184.43713847540263,182.12002883587718,184.38766479492188,2483200
2017-07-31,184.66802425660595,185.94614886058162,183.92589388388177,185.80596923828125,1994900
2017-08-01,187.2572702205215,188.51889952816202,186.96041552564603,187.1830596923828,2986800
2017-08-02,186.6883045175681,187.78501738655513,186.00390173432658,186.58111572265625,1863300
2017-08-03,186.35845053435054,186.9686553002486,184.68452386578244,184.70101928710938,2106400
2017-08-04,186.3996809424055,189.48365783691406,185.58332745616045,189.48365783691406,3400300
2017-08-07,189.49190425410663,192.23780668994817,189.07135281636488,192.06463623046875,3809800
2017-08-08,191.63589076647546,194.4642584219851,191.05867672932723,191.3472900390625,3322500
2017-08-09,189.92066422895618,190.88543855305542,188.88166681660542,190.4896240234375,2571100
2017-08-10,188.84876032623703,189.20333015531642,185.92144540626506,185.94618225097656,3325500
2017-08-11,185.5915851782058,186.91917092391446,183.59605439404947,184.83294677734375,2956600
2017-08-14,186.66353547043866,189.51663923813345,186.60582037272343,187.47988891601562,2266100
2017-08-15,189.3023088468668,190.15988224046842,187.59539089895247,187.6696014404297,1867000
2017-08-16,188.22202135816102,188.84046751349197,185.53384659929065,186.03684997558594,2393900
2017-08-17,185.0226552116767,186.34199984116046,182.3262256730454,182.58184814453125,3460300
2017-08-18,182.0623574667734,184.7835239757644,181.8644626836403,183.18380737304688,3149300
2017-08-21,183.3898999222084,183.3898999222084,180.75945277190144,182.0623016357422,2203300
2017-08-22,182.94465633802568,184.52787730720001,182.5076219727895,184.3629608154297,2021300
2017-08-23,182.9776187488057,185.37719313045923,182.50760615886983,183.6702880859375,2568000
2017-08-24,184.5196326993813,185.17931123739038,183.5466040247956,183.87644958496094,2263000
2017-08-25,184.41239103804176,185.49260827419624,183.16725734898841,183.44761657714844,2232500
2017-08-28,183.81042349200243,183.95884451132537,180.47081215174185,181.699462890625,2641600
2017-08-29,179.77163731111406,182.1380338790864,178.5139687355774,181.99737548828125,2369100
2017-08-30,182.23729530175143,185.52211838826943,182.10490649529882,184.03277587890625,2411400
2017-08-31,184.71953348643953,185.7455278256014,184.16516954823416,185.12496948242188,2240600
2017-09-01,185.7951867350089,188.28568989184936,184.95122377933396,186.89564514160156,2346900
2017-09-05,185.21601105960565,185.34011769544497,179.79646491443458,180.19361877441406,5646200
2017-09-06,181.1864998175214,182.87442572428836,180.05295052126903,181.06239318847656,3613600
2017-09-07,180.97968885863975,181.04588328453107,177.59557932120595,178.58847045898438,3594600
2017-09-08,178.31540606003654,181.43475021959765,178.2243903113397,179.72201538085938,3120900
2017-09-11,182.08834190646277,183.59422333713303,181.19473652577602,182.907470703125,2971500
2017-09-12,184.1320620840895,188.39323685770952,183.70181739892243,186.9535369873047,3745800
2017-09-13,186.37437580129523,187.93818248946639,185.9358488682568,187.45828247070312,2383500
2017-09-14,187.07765334960072,188.7324755371238,187.0362802698544,187.69821166992188,1986600
2017-09-15,187.9464458688452,187.99610114525615,185.19117772944335,186.34954833984375,4365800
2017-09-18,187.24315204429232,189.47715969909208,186.71360939555984,188.2608642578125,2466800
2017-09-19,188.65801707103444,190.4204069101824,188.09538353335472,189.40269470214844,1858000
2017-09-20,189.89085466685287,191.66978354934497,189.0634435354069,190.13079833984375,2682300
2017-09-21,190.2135623408617,192.04214666796585,189.80812630332727,191.37193298339844,1800800
2017-09-22,190.8341247019954,191.53742929436888,189.3778854890177,191.1568145751953,1861800
2017-09-25,190.9416868904836,191.84356207186792,188.94762286077503,190.5196990966797,2261800
2017-09-26,191.01613003895037,191.4960299994921,189.50196618723032,190.25491333007812,1770000
2017-09-27,193.67215410328694,194.93809228455672,192.7123540392948,194.24305725097656,3072100
2017-09-28,194.44165157549733,195.43454259039848,193.20053465054735,194.83053588867188,2121800
2017-09-29,194.44985379499877,196.5928578717342,194.08580356168372,196.2536163330078,1902300
2017-10-02,196.26193473059627,199.48884599589456,196.17920118551254,199.1165008544922,2501300
2017-10-03,199.464016598822,200.8209704111598,198.32218514534898,199.91908264160156,2010800
2017-10-04,199.91911184796848,200.9616581535478,198.67799491297927,198.835205078125,1840400
2017-10-05,199.40610517761985,203.80793895371477,198.677979259699,203.59280395507812,3521300
2017-10-06,203.79135121604432,204.43673084742974,202.39302447294548,203.55967712402344,2396100
2017-10-09,202.83990178894234,203.83280557960094,200.25011266496054,200.89549255371094,2165200
2017-10-10,200.8954296560401,201.6649159650589,199.98527234132652,200.72994995117188,2187100
2017-10-11,200.23353942351235,201.22643048237163,199.69572711567454,200.5644989013672,2175700
2017-10-12,200.50651107153539,201.40838604013118,197.54437814803993,198.4131622314453,2148200
2017-10-13,197.75126523272132,198.12359772588349,195.96405411519228,197.3623809814453,2491000
2017-10-16,197.42028918675453,200.86230969215526,197.21343641628445,200.57272338867188,2969200
2017-10-17,202.25237858439738,202.6247110677417,194.5988256338973,195.34349060058594,7088400
2017-10-18,195.9888864858645,200.77132220164017,195.9888864858645,200.25833129882812,4235900
2017-10-19,198.86828784985283,199.39783051518364,197.00661264161732,198.57041931152344,2710900
2017-10-20,201.01957945282254,202.92262803076946,199.13308263650504,202.49237060546875,3022800
2017-10-23,202.2109474896989,202.98871574860516,199.72044524866544,200.34100341796875,1963300
2017-10-24,201.557376938671,203.7500116073742,201.0609251597642,202.58335876464844,2285300
2017-10-25,203.6755690764599,203.95688588899475,199.24064399390244,199.99359130859375,2904300
2017-10-26,200.73824181342954,201.88834293414922,199.84463615753822,200.00184631347656,1948800
2017-10-27,199.28201708405038,200.59759802381137,198.30566518279576,199.99359130859375,2111500
2017-10-30,198.66141424923643,200.7216598504567,198.1897838523888,199.3150634765625,1764400
2017-10-31,199.14130320414375,202.0372421372707,199.09994274818968,200.63064575195312,2658700
2017-11-01,201.7973012511359,204.70150979047082,200.98644187375294,202.1034393310547,2969600
2017-11-02,202.45923829566618,204.9828448529313,201.37533169860126,204.27127075195312,2509100
2017-11-03,203.02184326050605,203.77479033851785,201.21809324975132,202.21925354003906,1954600
2017-11-06,201.47460867746238,202.36821420634405,199.96044480563165,201.46633911132812,1744800
2017-11-07,201.8138847684412,202.6992082572429,197.61890359283316,198.42149353027344,2483900
2017-11-08,197.91676525546268,200.49829689866905,196.55154176528802,199.6129608154297,2349800
2017-11-09,198.17326021101954,200.53965684647477,196.79148496457202,199.2323455810547,2122400
2017-11-10,199.97700959066836,201.3256938506309,198.5786826800826,198.70278930664062,1845600
2017-11-13,196.8990452117377,199.3233539791426,196.2288441565928,198.80209350585938,1953900
2017-11-14,198.2890645786229,199.306789319337,194.96288105498948,196.29501342773438,3000200
2017-11-15,194.41680081921947,197.04796224170778,193.24187848981035,196.60116577148438,2564100
2017-11-16,197.23830499490157,199.14962303192976,197.08936439932714,198.05743408203125,2304300
2017-11-17,197.6354521089379,197.81748359435645,196.19575198570757,196.9404296875,2826400
2017-11-20,197.56926063581622,197.56926063581622,196.18748533977623,197.0314483642578,2000700
2017-11-21,198.09053082248428,198.2394587876665,196.54326319642655,196.9404296875,2223800
2017-11-22,196.8742158416201,197.70989657834966,195.566904677774,195.62481689453125,2177200
2017-11-24,196.44397190472947,197.38722019804362,194.89671695107825,195.22767639160156,1268500
2017-11-27,195.0621811877842,195.99715983972166,194.2761431099651,194.5326385498047,1999600
2017-11-28,195.3435039381376,198.57868470655208,193.8872647953949,198.09051513671875,3212900
2017-11-29,200.2402259604373,202.91286335743823,199.53471129003015,200.33152770996094,4500000
2017-11-30,202.58091758603447,208.15858334371785,202.52281070050006,205.54405212402344,6364600
2017-12-01,207.3202586785853,208.06726391655536,202.53108907257482,206.63134765625,4765400
2017-12-04,211.56159587933584,211.56989143358,207.51113637374922,208.04234313964844,3326100
2017-12-05,208.16682805909838,208.62333678842091,205.3530903737772,206.11669921875,2526800
2017-12-06,204.38199150253016,205.90920928804914,203.46067843295677,204.1412811279297,2331400
2017-12-07,203.03737047289002,207.07122610251548,202.8547669644115,206.3076171875,2667000
2017-12-08,207.91784685844488,208.06724282490686,205.1788068219268,207.79335021972656,1959100
2017-12-11,207.50281225827388,208.6648229409336,206.4735937500849,207.6107177734375,1494200
2017-12-12,208.1751750982586,214.30897202976956,208.0755777744892,213.87734985351562,3464200
2017-12-13,213.98527808368092,216.21801120466577,212.1177520751953,212.1177520751953,3482300
2017-12-14,213.42079568580286,215.42940871588067,212.05126953125,212.05126953125,3353200
2017-12-15,213.06393416045174,214.9480508988797,211.45369737085954,213.45404052734375,5283400
2017-12-18,215.80294319413497,217.46296583408986,215.10573672494615,215.8195343017578,2575600
2017-12-19,217.13094001064658,217.29692705652872,212.6322680573722,212.88128662109375,2195500
2017-12-20,214.8649738842144,215.04757734321888,211.27933244323407,211.80223083496094,2052400
2017-12-21,212.98921074598294,217.53768228444733,212.71531813230567,216.6412811279297,3337800
2017-12-22,217.18076100021148,217.57917554519415,213.910514433708,214.94802856445312,2100600
2017-12-26,214.30065937516696,215.13897904944602,212.48293226416817,213.91055297851562,1289300
2017-12-27,214.1264024912608,214.1264024912608,212.0845683750019,212.44146728515625,1567900
2017-12-28,213.29634856919034,213.3129396791811,211.73592301213216,212.89793395996094,1301000
2017-12-29,212.37501801693202,213.02242591143911,209.91819130571773,211.45370483398438,2519300
2018-01-02,213.95196971169162,214.06818343360828,210.75643431304775,212.20895385742188,2258300
2018-01-03,212.0513085319879,212.59913175953187,210.17548733086045,210.23358154296875,2988200
2018-01-04,211.8438033409693,215.57055903824678,211.08850260209633,213.17181396484375,2583200
2018-01-05,213.46229702812786,213.71959850108482,210.56556573777982,212.08448791503906,2594700
2018-01-08,211.44537744612674,211.8022762238682,208.84743803943581,209.00514221191406,2940500
2018-01-09,209.82690448569116,212.1509391605663,209.67749583364292,210.7731170654297,2637300
2018-01-10,211.6528772803514,211.77737390688242,209.4533524451895,211.09677124023438,2927200
2018-01-11,212.275390919367,212.39159199528527,209.96796050829914,211.7607879638672,2422400
2018-01-12,212.27538564314344,213.5618929999161,210.8975638736682,213.33779907226562,2849200
2018-01-16,215.18048119147258,217.27210105090995,212.814943352502,214.52476501464844,4445500
2018-01-17,216.6163766834937,217.46297916298457,206.54002648299183,210.53237915039062,8608100
2018-01-18,211.22961189895338,211.271102338187,208.000867965492,208.30796813964844,4984500
2018-01-19,208.33286513975506,212.59913597070843,207.7186521333406,212.58251953125,4643400
2018-01-22,212.02641251378788,218.18509566671472,211.810614106208,217.0645751953125,5264700
2018-01-23,214.1429191626199,216.01875283915854,213.18841121683556,215.8776397705078,4003600
2018-01-24,216.41715216638613,220.60041647964238,216.05194514451807,220.5174102783203,4314000
2018-01-25,221.07353397646685,224.51807610394104,219.96132177768857,223.29795837402344,5055000
2018-01-26,222.01972225022456,223.27304746237715,220.82450391027646,222.5592498779297,3535400
2018-01-29,223.30627305382677,227.24882718450198,223.11536131398495,226.16151428222656,3881100
2018-01-30,224.42674723313414,225.7630531467011,221.70428609904175,223.2232208251953,3970400
2018-01-31,222.8995766777642,224.10310347655903,221.05695014709266,222.35179138183594,3710200
2018-02-01,220.90751165153094,226.25278667308197,220.78301501732037,225.95399475097656,3388200
2018-02-02,224.10307263556552,225.55559255079604,215.26345650315008,215.83616638183594,5913900
2018-02-05,213.73620108947568,218.54194789940487,200.4477131203106,206.76409912109375,6528500
2018-02-06,202.69705503311906,214.76541316044836,200.95402632409105,214.7239227294922,6739900
2018-02-07,212.3998960634718,217.4214798500743,212.20070144817956,213.3959197998047,4125000
2018-02-08,214.08483319408163,214.79034794634944,204.22430642624877,204.4733123779297,4166200
2018-02-09,207.18744154454745,208.88896744696092,198.6134222656754,206.92184448242188,5978600
2018-02-12,208.45732536984826,212.60738171935722,206.52341025614797,210.1256561279297,3692500
2018-02-13,209.17117544069944,212.81492510353993,207.98426517767555,212.0928192138672,2700500
2018-02-14,211.65289164469394,218.05227198203968,211.22128220181568,217.94436645507812,3793800
2018-02-15,220.5838216127092,222.44303890694897,218.21828422998766,222.17742919921875,3523100
2018-02-16,220.7746716810702,223.50541563009259,220.69997371242562,222.12759399414062,2602500
2018-02-20,221.52173222628198,223.14854731282443,218.55027753103408,219.86170959472656,2618400
2018-02-21,219.05659156588507,224.1030490815124,218.40087555211676,218.62496948242188,3017900
2018-02-22,219.45500296642894,221.0486359551044,216.40056717889942,216.9898681640625,2678900
2018-02-23,218.29301555027223,221.5964703036136,217.7950036047019,221.42214965820312,2507100
2018-02-26,222.02804436625235,225.58049206291489,221.42212693948483,225.14889526367188,2751400
2018-02-27,224.9330743786968,226.6926943763972,222.3849334716797,222.3849334716797,3140600
2018-02-28,224.01636170136132,224.3076608511679,218.54787297052246,218.84750366210938,3104300
2018-03-01,218.58116159392384,219.3635645374701,213.24587560378217,213.72862243652344,3483500
2018-03-02,212.2470172294503,215.77613597583496,209.8332327019506,214.8439178466797,3122800
2018-03-05,213.46226434221987,220.19590309424675,213.27914822160045,219.0056610107422,2445800
2018-03-06,220.37894376585882,222.9592062544644,219.0804936827474,222.1768035888672,2217300
2018-03-07,218.6477246019449,221.7606727430223,217.19945895787816,220.86175537109375,2509400
2018-03-08,221.80228519611768,223.15067383385747,218.59776659594928,221.6857452392578,2565400
2018-03-09,223.6501196718319,225.63940218987153,222.26843005210688,225.373046875,4410600
2018-03-12,225.56450993713412,229.1518991885527,225.37306227878997,227.5454864501953,3065600
2018-03-13,228.3445068278399,228.91882435097224,222.60135699755676,223.50860595703125,2288100
2018-03-14,225.06505577145023,225.38134949213855,219.66316950286193,220.09597778320312,2478700
2018-03-15,221.1697062199522,223.89978435891908,220.861744037974,221.9104766845703,2255200
2018-03-16,221.411123192829,224.60731082117357,220.84511178907943,222.7345428466797,4114400
2018-03-19,222.22676087349015,222.65126299856684,215.96756441880083,218.5145263671875,2426900
2018-03-20,219.14712775232616,220.2707934837703,217.98185512014047,219.0638885498047,1514800
2018-03-21,218.9140968520271,221.8106283644892,216.66676514659727,217.94857788085938,2817600
2018-03-22,215.0936683009661,217.09128251144253,209.89984087247598,210.2494354248047,4489300
2018-03-23,211.10670391265447,211.40634725450977,203.8653252679045,204.13999938964844,3634200
2018-03-26,208.6263278936468,212.54666074422067,206.79517969550022,212.1471405029297,3787200
2018-03-27,212.98787531989302,213.96171339377716,204.4314053385886,205.8047637939453,2981500
2018-03-28,207.06985006742613,209.10908353968057,203.3992221970566,207.56092834472656,2660200
2018-03-29,208.74288777830495,210.5657174210296,206.6953351087808,209.6334991455078,3073900
2018-04-02,209.13405270857172,210.2493996082648,202.89982502924312,205.87960815429688,3429900
2018-04-03,206.92835619905034,208.82609321034298,204.67270585026233,208.5680694580078,2488200
2018-04-04,204.51458359469723,210.76546209942413,203.5157638880365,210.26605224609375,2853200
2018-04-05,211.83083865660143,214.7440329013877,210.91525824231815,212.92120361328125,1924800
2018-04-06,209.31716390669843,212.5300014848901,205.32192355912824,208.06033325195312,3621900
2018-04-09,209.317143781835,214.32784093975602,207.394437803934,209.90811157226562,3256700
2018-04-10,214.7107589708416,216.3171970170674,213.03775749625007,213.55381774902344,3113900
2018-04-11,210.2410851338484,212.105534211074,207.91052696244648,210.53240966796875,3322000
2018-04-12,213.30408009770642,217.01634031106386,212.3385739132072,216.0674591064453,3059100
2018-04-13,218.02343826227474,218.48954726435585,211.86410626194032,213.0127410888672,3026200
2018-04-16,214.01990910323508,216.9580726918212,213.62870770074167,214.6441650390625,3257400
2018-04-17,217.74048089596326,218.28149764022106,210.03299262216458,211.10671997070312,10134400
2018-04-18,212.16382081844975,213.92838054755518,209.95812115706795,211.4147186279297,4524800
2018-04-19,211.41468636695595,213.2125465904848,210.4408485876745,211.55618286132812,3990000
2018-04-20,211.497930463908,212.813018548002,209.31718761068953,209.7167205810547,2930600
2018-04-23,209.46701685415266,210.3742658327645,204.9141088782486,205.31362915039062,3775900
2018-04-24,207.10314832314884,207.377809749115,199.79518073178204,201.8344268798828,4705100
2018-04-25,201.5847379908621,201.80947369411896,197.68937416999688,199.12100219726562,5041400
2018-04-26,199.15427882498372,201.1435737484526,198.1055208039,199.8367919921875,2891100
2018-04-27,199.76189417183625,201.36830664121888,198.94620332677997,199.59542846679688,2136800
2018-04-30,200.56923669432058,202.31715809159763,198.2802986600621,198.37185668945312,2790500
2018-05-01,197.68936746548698,198.01398004784005,194.7345661622433,196.99020385742188,3269800
2018-05-02,196.93190528479388,198.02227007125725,194.28505403703144,194.80943298339844,3710900
2018-05-03,193.47772596615857,194.76785747672807,189.27440000615087,194.2767791748047,4511400
2018-05-04,193.36118573155548,197.0900708206734,193.3362165111332,195.5502471923828,2622300
2018-05-07,196.43254370385495,198.23872277232374,195.8332569612592,197.4313507080078,1979400
2018-05-08,198.29704640161557,200.31131133669987,196.43259684244794,197.2649383544922,3267000
2018-05-09,198.08056362920732,201.46819855327567,197.47295808355716,201.20184326171875,2434000
2018-05-10,201.51818274587296,204.2732308282303,199.89511950858775,202.6251983642578,2599000
2018-05-11,202.62517333824812,203.848716096896,201.18522640819742,202.19235229492188,1540100
2018-05-14,202.7583489057444,204.65608608314375,202.67510969424492,203.01637268066406,1928500
2018-05-15,202.2589219320523,203.04964357234118,200.3195653129213,201.0603485107422,2165700
2018-05-16,200.81895206818203,201.29337991764442,200.25295348402216,200.56092834472656,1965200
2018-05-17,200.1114859927679,201.79281890913308,198.74644682219457,199.01280212402344,2462700
2018-05-18,198.1805190979503,198.7132171576377,197.1567298937589,197.2649383544922,2699000
2018-05-21,199.01278897986754,199.82016097199718,197.53122263772673,197.84750366210938,1951700
2018-05-22,198.6798653726372,200.34454796930868,198.08057862179385,198.09722900390625,2551500
2018-05-23,197.16500038501496,197.9890100984489,195.08414724924108,197.93907165527344,3114000
2018-05-24,196.9319482200543,197.4063761364506,194.47653132987284,196.51577758789062,2308700
2018-05-25,195.60020166716282,196.53241984072926,195.00091492686437,195.6085205078125,1985600
2018-05-29,192.7036318425515,193.49435341644264,187.2934142204815,188.96641540527344,5323600
2018-05-30,191.2300699753708,191.83982420167624,189.00820974554878,191.41383361816406,3348600
2018-05-31,189.89354981778555,190.53672236563386,187.17887555523063,188.67404174804688,5334900
2018-06-01,190.77901294815942,192.32429468112105,190.5200767405181,190.7372589111328,3330900
2018-06-04,192.40781135037992,193.0760288293192,191.23840527137332,192.02357482910156,2133600
2018-06-05,191.230027094583,191.5641357817791,189.85180008268276,190.72885131835938,1986200
2018-06-06,191.99018062714325,194.27050413779614,191.5808865630026,193.9781494140625,2566400
2018-06-07,195.36470436807355,197.06033099777048,194.23706511886803,194.99717712402344,2905000
2018-06-08,194.6213067849537,195.68212176833921,194.07837690711665,194.9470672607422,2253100
2018-06-11,195.9744686168398,196.42552943792097,195.1141264991619,195.53176879882812,1936800
2018-06-12,195.55683708260676,196.4840035487237,193.66909837255048,194.31227111816406,2080000
2018-06-13,195.16424785251994,198.98985297073347,194.70485150436352,195.31460571289062,3637400
2018-06-14,197.0185938780572,197.0353031404195,194.2788611405475,195.1642608642578,2899600
2018-06-15,193.36840498347635,194.74661961844677,191.98182934456136,193.71922302246094,4738100
2018-06-18,192.28252897628133,193.5103984639537,191.40547752145355,193.27651977539062,2327500
2018-06-19,190.62863990922878,191.31356660861152,188.90795578552965,190.71217346191406,3326600
2018-06-20,192.04867658606136,192.06538585051328,189.5762407554204,190.29458618164062,2678300
2018-06-21,189.10008065123827,190.80405563235811,187.579869302304,189.5928955078125,3094600
2018-06-22,190.26112720718714,192.53310236316796,188.42350361658163,188.79103088378906,2731800
2018-06-25,187.52139829304605,188.05597994317333,184.0883779748349,185.0489501953125,3817700
2018-06-26,185.24943659021568,186.10143053842125,183.02757626716624,185.08238220214844,2692900
2018-06-27,184.9988517850501,188.33164232636585,183.87957334596751,183.91297912597656,3104200
2018-06-28,183.97144242682361,187.6550507574744,183.4118032460554,186.61929321289062,3072600
2018-06-29,187.43786796630548,188.08104070730653,184.13849619005904,184.23873901367188,3393700
2018-07-02,183.5538120421415,186.5524810434482,182.8354666933879,186.48565673828125,1723200
2018-07-03,187.48799519645286,187.63834031327937,183.75427185007666,184.0800323486328,1204400
2018-07-05,185.01551842450002,185.55009999952108,183.5788280518627,184.38070678710938,2218200
2018-07-06,184.21366096857386,186.43552107424293,183.66238281643072,185.2577667236328,1846400
2018-07-09,186.56913705941147,190.6119107774606,186.268434144697,190.43650817871094,2743900
2018-07-10,190.44490147941303,191.17159505125665,188.64904456802134,189.4843292236328,2524800
2018-07-11,188.57386200604032,189.81844074936436,188.1061046313617,188.49034118652344,2527000
2018-07-12,190.144198763708,190.27784736769948,188.5822205340339,189.7933807373047,2223100
2018-07-13,189.30053913088915,190.96274720623725,187.04526067949746,189.1167755126953,2541500
2018-07-16,189.77664158805524,193.31825256347656,189.39241784388057,193.31825256347656,3271200
2018-07-17,193.35169207293367,194.81344024717288,189.50102922983476,192.96746826171875,9280200
2018-07-18,194.06998934535585,195.22268598444194,192.24071432956427,193.15118408203125,6149900
2018-07-19,193.04261405731984,193.77766854441555,191.2634538762499,191.806396484375,4638500
2018-07-20,191.28851507203024,193.8277873060507,191.1131124495106,193.52708435058594,2683500
2018-07-23,193.61893787384264,196.17490624912855,193.55211358845506,195.25608825683594,2788500
2018-07-24,196.08310166125955,198.36342553677753,195.74063184333033,197.0269775390625,2887400
2018-07-25,196.30026721909562,197.8372008668429,195.41486741114196,197.70355224609375,2181500
2018-07-26,197.9624394782216,199.0817177226972,197.48632116420137,198.0543212890625,1885500
2018-07-27,198.7642911574391,199.465927028867,197.11877978929067,198.4969940185547,1998200
2018-07-30,198.79774495593088,200.24278381903238,197.87057849274768,199.5912628173828,2454100
2018-07-31,200.05062389252794,200.05062389252794,197.5865373373008,198.3215789794922,2503700
2018-08-01,199.21534309295095,199.9670940064507,196.94336834915381,197.16053771972656,2510500
2018-08-02,195.3981144068648,196.4672903880865,194.42919398691353,195.4482421875,2579700
2018-08-03,195.82412350676708,196.7262324034979,195.03060568648758,195.53176879882812,3053100
2018-08-06,195.57352605753783,197.9457311452616,195.4816442462667,197.0686798095703,2259600
2018-08-07,198.1712798417495,200.01726449484084,197.53646810690282,198.65574645996094,2399500
2018-08-08,198.89798169412686,199.76668488903414,197.3192941764356,197.4362335205078,2522400
2018-08-09,197.4195454795294,197.8371878327796,194.9470971402978,195.27285766601562,2951900
2018-08-10,192.9256295729547,193.33492349754775,190.53671579447717,191.78964233398438,3863400
2018-08-13,191.68949392001684,192.02360270799397,189.25046408057062,189.49269104003906,2662700
2018-08-14,189.90192280945428,192.4244726452286,189.86015603830748,191.74789428710938,2359000
2018-08-15,191.5725167074983,193.40177916647457,190.70381363775405,191.48898315429688,3218500
2018-08-16,192.67512298226677,194.8635648491077,192.49135932599717,194.621337890625,2438300
2018-08-17,194.21202964852708,195.22272968439836,193.4853360805724,194.93873596191406,2107200
2018-08-20,195.5652057892728,197.11047479671294,195.52343900627542,196.94342041015625,2604900
2018-08-21,196.53414100400806,200.07575289244014,196.53414100400806,199.3406982421875,2437300
2018-08-22,198.70586252600472,200.19266816576635,198.44692632683967,199.91702270507812,1870900
2018-08-23,199.6747748164658,199.86688669481273,196.99350579505526,197.41114807128906,2064700
2018-08-24,198.26314885404946,198.63067610932563,196.04128880746626,196.38375854492188,1948100
2018-08-27,197.9540534223903,203.51703780833478,197.59487450480324,202.63999938964844,4106900
2018-08-28,203.02425485636672,204.71153316765773,201.79638558347554,202.44790649414062,2951000
2018-08-29,202.85017581179017,203.47032514973452,201.3919629807565,202.30543518066406,1911700
2018-08-30,201.80264285075188,202.07081246734904,200.02596639177722,200.62936401367188,1963700
2018-08-31,200.243861242194,200.5874651410194,198.71860264017315,199.29685974121094,1965500
2018-09-04,199.25497051022867,199.55666933533192,196.59835078334476,199.17117309570312,2083500
2018-09-05,198.62642604539352,200.67127215193432,197.92246640506866,199.0873565673828,2092000
2018-09-06,198.61805062922335,199.9840776011235,196.00333608007367,196.53968811035156,2651400
2018-09-07,196.98380433652582,197.4782511421986,194.99761563575774,196.02842712402344,1952900
2018-09-10,196.9503520439076,197.36100161898045,194.20993460432652,194.35240173339844,1948100
2018-09-11,193.31315424359042,194.134440352489,191.62867693309008,192.9276580810547,2719400
2018-09-12,193.51433789014675,194.4194344036894,190.48897360615734,191.20130920410156,3577700
2018-09-13,192.33264490687046,192.62596778104347,190.71521311609095,191.3521270751953,3003600
2018-09-14,191.9806854096768,193.21262115111168,191.71250300637413,192.11477661132812,2228300
2018-09-17,192.2488659160027,192.88579276610727,190.48896674828586,190.98341369628906,1918800
2018-09-18,191.3688694122286,192.24881235712164,189.87714029094812,191.8214111328125,2498100
2018-09-19,192.66782916612868,198.0145961233921,192.3493786315053,197.42796325683594,3716500
2018-09-20,198.61806234455992,199.88351459392146,197.80515195245903,198.95327758789062,2503000
2018-09-21,199.5063668224684,199.8918758081811,196.79946638114245,197.22686767578125,3760300
2018-09-24,196.7240298735206,197.56208059035612,194.6289030814318,195.1820068359375,2057000
2018-09-25,196.64022987323904,196.64022987323904,194.62052447200622,194.8468017578125,2003200
2018-09-26,195.23231325568926,195.2658296599706,191.27671259321428,191.8130645751953,2372700
2018-09-27,191.72090317437338,192.625999658234,190.67333957559603,190.8577117919922,2451500
2018-09-28,189.1900129513256,190.57279198408523,187.5558160614342,187.924560546875,3097800
2018-10-01,189.58387749216837,190.73200314445472,188.5614543610659,188.8380126953125,2451300
2018-10-02,188.79607786722732,189.67603373989536,187.69823339626546,189.45814514160156,2272700
2018-10-03,190.86606433370247,192.55893048264596,189.88554645978707,190.89120483398438,2573900
2018-10-04,192.13146898109707,193.92489668851832,188.88821736882008,190.63973999023438,2903600
2018-10-05,191.07557903590765,191.41918292689184,187.89937218639,189.1564483642578,1722400
2018-10-08,187.94129687260028,190.17051541441853,186.46633184002368,188.8547821044922,2522900
2018-10-09,188.55308399840212,188.66202192408326,186.4914730768871,186.8099365234375,1862900
2018-10-10,187.08645891867616,187.42167411237332,179.8121715691603,180.08872985839844,3955500
2018-10-11,179.51047416982752,181.0441086287657,176.7868091401174,178.47967529296875,6217400
2018-10-12,181.85703576665375,182.6783220250604,177.2142396506018,179.2339324951172,4161300
2018-10-15,179.72000791348063,181.97436681735832,178.5467418014008,180.3653106689453,3333800
2018-10-16,183.8264410294143,186.04727044899727,181.27038363013207,185.7958526611328,5924200
2018-10-17,184.81534779218669,191.82982911973627,184.41308697590347,191.31024169921875,4953700
2018-10-18,190.65654798772215,191.6873468424573,187.6060437314242,188.51951599121094,2995400
2018-10-19,188.77929831399408,191.32697963324173,187.88259070394736,190.20399475097656,2759100
2018-10-22,190.1788506378198,191.80467113951227,185.64500579705717,185.71205139160156,2736800
2018-10-23,181.51340669508363,183.9689020126873,179.61104072251487,183.16436767578125,3318200
2018-10-24,182.81237604898615,183.47443046406258,174.6497577675267,175.30343627929688,4152700
2018-10-25,177.05505137575193,180.7592355337363,176.27565723884052,179.35130310058594,3179700
2018-10-26,176.6024332507976,180.01330598547426,175.59677489532024,177.9684600830078,3557900
2018-10-29,179.46854731399023,182.87104380326906,177.70864856536858,179.7534942626953,3278200
2018-10-30,181.01059501250245,184.66449697399662,180.21443653067257,183.7677764892578,3897400
2018-10-31,185.95512256423618,191.9136652591144,185.54447300008675,188.8715362548828,4369600
2018-11-01,189.19827930202874,191.81300559943466,188.95525027970206,190.2123260498047,2557600
2018-11-02,192.75172185358312,194.16803002974754,189.6425471484255,192.49192810058594,3699000
2018-11-05,191.34377038097156,193.67355064998586,190.19563205585249,191.67898559570312,2565200
2018-11-06,191.23478815918662,192.34939710651938,190.27941088827836,191.2431640625,2275600
2018-11-07,192.79358770068743,195.0982273839897,190.15372002722972,193.8243865966797,3514300
2018-11-08,193.5897021186564,196.1541350877126,193.25448697030276,194.13442993164062,2404800
2018-11-09,194.16794945888105,194.16794945888105,186.29865467837246,186.5919647216797,3721700
2018-11-12,186.04726573686176,186.3070594222738,171.90935373439805,172.68035888671875,11019400
2018-11-13,171.29760541293433,175.64709179672755,169.562846632993,171.84234619140625,6984800
2018-11-14,172.83960523910113,173.76145346594996,166.30280630377388,169.69691467285156,5742500
2018-11-15,169.11867081742804,171.38140564494296,167.0403082072613,170.74449157714844,4260000
2018-11-16,170.06565999128475,171.58254283507753,167.90349996064788,169.3868408203125,2829600
2018-11-19,169.14380276812173,169.53768768639037,165.38933858110164,166.11843872070312,3419100
2018-11-20,163.50369412316078,164.16574853922614,159.52295336053393,160.3526153564453,5513800
2018-11-21,160.9811705148185,163.62103813216348,160.2269299313714,161.40858459472656,4111700
2018-11-23,160.57889016149588,160.7967787331926,158.34129639636492,158.4753875732422,1862600
2018-11-26,160.2101712476785,163.612655478246,159.80791044083773,162.86679077148438,3143300
2018-11-27,162.07903098645946,163.10145405726732,160.53702047521008,162.28854370117188,2345400
2018-11-28,163.28578991332412,166.3111533516738,161.09847714723045,166.22735595703125,3762900
2018-11-29,164.93999413200646,166.1432538933129,162.53346176996632,163.95550537109375,2665700
2018-11-30,160.35410887828317,161.09457141991672,158.29255926868998,160.455078125,6220000
2018-12-03,163.24025230709253,164.6370534237597,161.23761005161612,161.24603271484375,4017000
2018-12-04,160.4550596189618,160.80846478113688,154.51446328632517,155.08663940429688,5797500
2018-12-06,152.5791525348608,155.56628346556053,151.58624121945203,154.9015350341797,5275500
2018-12-07,154.69961869357937,156.7190809091205,150.61860661869835,151.182373046875,3921200
2018-12-10,150.28204197546907,151.3254252794064,146.98356715823004,150.47557067871094,4528300
2018-12-11,153.2691155376882,155.18760803310073,147.6314397717155,148.76739501953125,4713900
2018-12-12,150.19783007408068,151.4599967133587,148.4981087381479,148.6832275390625,3677300
2018-12-13,149.63409402224718,150.3577368882625,147.35377351812338,148.0269317626953,4008600
2018-12-14,146.69738831834772,148.31295974703124,145.03974210903496,145.37632751464844,5078300
2018-12-17,142.54073192706682,144.24886369942595,140.1257896639579,141.37112426757812,8395800
2018-12-18,142.8604536153615,145.58673855939298,142.4733963153018,144.3077392578125,5150800
2018-12-19,144.3834514371594,147.1265685869081,141.02609626765872,142.4144744873047,5316100
2018-12-20,141.69090066191401,144.43400630655285,140.65592707038832,141.70773315429688,6488200
2018-12-21,141.57304524238023,142.73424282757557,134.14308834063755,134.67320251464844,8960000
2018-12-24,133.7897141809822,134.63115892425884,129.8433362807064,131.5598907470703,3783500
2018-12-26,132.1067680735134,137.24799376498308,127.64711027766957,137.09652709960938,7054700
2018-12-27,134.73211540826077,139.18336486816406,133.80653398208557,139.18336486816406,4973000
2018-12-28,139.37686521899934,139.63771095735692,136.330840264877,137.18069458007812,4110500
2018-12-31,137.81179651845082,140.62221842051727,137.81179651845082,140.56332397460938,4550000
2019-01-02,138.27460186121633,144.93884199600538,137.4499896933757,144.75372314453125,3999400
2019-01-03,143.60092390003726,144.53492782454015,141.60669167022468,142.6332550048828,4060200
2019-01-04,145.5614872412511,148.09423053907327,143.9711576655164,147.29486083984375,3788300
2019-01-07,147.44633555178106,149.634096675577,144.9556666939534,148.111083984375,3152100
2019-01-08,149.5920481577095,149.8613166433887,145.48579362709827,147.5641632080078,2692700
2019-01-09,148.17840043896513,149.5162942827277,147.1770793022561,148.48973083496094,3321400
2019-01-10,147.8082111378264,149.83609638606535,147.67357687516645,148.09429931640625,2808700
2019-01-11,147.33698317787872,148.96937523343118,145.0819045359115,148.87681579589844,3182700
2019-01-14,146.8489155849878,151.07295824404812,146.4955103927612,150.3829803466797,3361700
2019-01-15,150.0464139687479,151.4516249730803,148.4308289655487,151.38430786132812,2911800
2019-01-16,157.35011681397293,166.73221757379594,156.17209968482499,165.83187866210938,15194200
2019-01-17,164.8810129160812,168.12057870310403,162.25571073069264,167.5231475830078,8177000
2019-01-18,168.608667460799,170.81324813101676,165.6888537685483,170.42617797851562,5650900
2019-01-22,168.70964139683073,169.52584368161533,164.85582360873065,166.33676147460938,4648500
2019-01-23,166.22738186961996,166.6817563003686,163.68621560441508,165.68043518066406,3410700
2019-01-24,165.10824499744453,168.01963585107902,164.72117486829788,166.43772888183594,2631800
2019-01-25,168.14585773291898,169.290222778455,167.80086240285183,168.9115753173828,3275000
2019-01-28,166.5975884129761,168.34779437961137,165.84870337893042,168.05328369140625,2369600
2019-01-29,167.44744332710704,169.94653433758504,166.49660700261407,168.70960998535156,2694100
2019-01-30,169.0461724538412,171.05722402806504,167.99436696858976,170.3756561279297,2773300
2019-01-31,168.37305447319034,170.26630465314634,165.72249651759722,166.6144256591797,5604500
2019-02-01,166.60600173363576,167.9859701233071,165.3774871826172,165.3774871826172,3174200
2019-02-04,164.75483520971585,166.404059235052,163.9049680498478,166.3704071044922,2400200
2019-02-05,166.7069850704434,167.72513859434432,165.64676959186087,166.6144256591797,2601000
2019-02-06,165.9160158127755,167.4979355381591,164.78007347247404,165.44480895996094,2063100
2019-02-07,164.317303303601,164.82217520810576,160.75799617906276,162.4577178955078,2948800
2019-02-08,161.3217531408908,162.0790481141462,158.3766971613473,161.27967834472656,2757500
2019-02-11,162.2978483439197,162.66808604455483,160.77483558038315,160.9936065673828,2056500
2019-02-12,162.44090544191823,164.62865400592548,162.39883063811612,163.652587890625,2392900
2019-02-13,164.85581979106993,167.2623517920344,163.7451196272384,163.8208465576172,2757300
2019-02-14,161.73407082283524,163.34964290019425,159.40326570586402,162.00332641601562,2865000
2019-02-15,162.57548278668352,167.35488095138368,162.48292338648008,167.02671813964844,3065400
2019-02-19,165.47850075393427,167.4979626903389,164.59498134197253,167.1697998046875,2558200
2019-02-20,167.2202494073548,167.69987889947515,166.19368616683147,167.11087036132812,2266000
2019-02-21,167.4222452984836,167.82613514089826,164.12378376667317,165.22607421875,2785900
2019-02-22,165.42801337489354,166.39566952841622,164.24998323209894,164.9231414794922,2626600
2019-02-25,166.60600507300023,169.55106071823002,166.3619918260276,167.15293884277344,3032200
2019-02-26,167.00149678284762,168.76011276789148,165.38592482707566,167.36331176757812,2499800
2019-02-27,167.70124362593182,168.875574236931,166.53535679944562,167.36331176757812,1804200
2019-02-28,167.31264338010612,167.61678726911012,165.59761372277916,166.18055725097656,2964300
2019-03-01,167.9124809890652,170.18510983838928,166.79728247468375,167.44781494140625,2580500
2019-03-04,167.96315648889325,169.6697421631051,164.02618684979342,165.57225036621094,2683600
2019-03-05,165.46246635948296,165.7412531371751,163.05465924009985,165.5891876220703,2338600
2019-03-06,165.5046505056613,166.90709223356,164.34722033654964,164.52464294433594,2247500
2019-03-07,163.16448020147487,163.43482317100003,160.5877073025411,162.86033630371094,3567800
2019-03-08,160.85801944308963,165.39483278951263,160.27508890109988,164.9470672607422,3162700
2019-03-11,166.62830933538055,168.09834016152695,165.36104538254676,165.56381225585938,2669000
2019-03-12,165.5891439806356,166.77191842398747,165.32724484612731,166.12139892578125,1977400
2019-03-13,167.0676239361781,168.0645320150902,166.0284711490651,166.64520263671875,1904500
2019-03-14,166.7043334650739,167.70124145822314,166.18052233274014,166.8310546875,1482300
2019-03-15,166.569139905585,167.99692570328568,166.30724080967968,167.4984588623047,2985200
2019-03-18,168.27574321414323,172.22116950829522,168.0560887785663,171.05528259277344,3354900
2019-03-19,173.09138129468496,174.4177776669535,169.62752097224853,169.91476440429688,3284900
2019-03-20,169.24736148129475,169.24736148129475,163.8741607001696,164.16986083984375,5033500
2019-03-21,162.97018364923994,165.20902497828027,161.9986195101237,164.3895263671875,4031500
2019-03-22,162.7758230772723,163.65446660514843,158.64454325653224,159.64146423339844,5703100
2019-03-25,159.95406870035885,161.74513108529257,157.56316233090456,159.26129150390625,3751000
2019-03-26,160.54547378677498,162.55620374509985,159.41338754607017,161.1030731201172,2910100
2019-03-27,161.02699184636168,161.88027816330342,159.45558422030606,160.54542541503906,2343800
2019-03-28,161.14527838440716,162.1337426562649,159.92024633012628,161.51699829101562,2343400
2019-03-29,162.78430092974116,163.1475900292018,161.48324871856815,162.2013702392578,2632800
2019-04-01,163.89948185732823,167.35488536546558,163.56999372388466,166.21435546875,3562600
2019-04-02,165.79191775151966,167.07606923176755,165.08224016464305,166.85641479492188,2247000
2019-04-03,168.3348713923231,169.8893785285899,167.73502753352,169.695068359375,3227900
2019-04-04,169.64442016490992,172.59291299704964,169.39096477153504,170.8525390625,2582300
2019-04-05,171.82409063962956,173.61515281106125,170.7088922293816,170.979248046875,2447100
2019-04-08,171.32563632291442,172.03531395043282,169.96543913281164,171.1144256591797,1891500
2019-04-09,170.00764874027578,170.3117925489046,168.00537618671214,169.49229431152344,2400900
2019-04-10,170.4892824630773,171.64671299318144,169.19667398881077,171.48619079589844,1907100
2019-04-11,172.54224131540715,173.57295056199834,170.29496926632888,171.35946655273438,2802100
2019-04-12,174.88239169188876,177.39157486485684,174.35013680935822,175.59205627441406,5096600
2019-04-15,172.4407917408284,173.81788904959862,168.71503346930777,168.8924560546875,6617200
2019-04-16,168.64748901990302,171.4523728614665,168.3264575725896,170.52304077148438,4852600
2019-04-17,170.62440730522547,176.1496719176768,170.47232894255336,175.64276123046875,4195300
2019-04-18,174.9584559603558,175.60898839057919,173.31945920672237,173.9615478515625,2874300
2019-04-22,173.29410622402443,173.69118326870463,172.4661641035587,172.85479736328125,1591400
2019-04-23,172.5591350021628,173.35328926502197,171.28342706601774,172.46620178222656,2120900
2019-04-24,171.50306229617314,171.9423840948635,168.74042315110606,169.42474365234375,4606100
2019-04-25,168.71507621210313,171.13132672945886,168.20817835210545,170.15130615234375,2075300
2019-04-26,170.43009029345689,171.60442096565694,169.2388720513509,171.5706329345703,1543100
2019-04-29,171.92545935466944,175.72725083917072,171.7311491772406,174.8148193359375,2997000
2019-04-30,174.83168301697134,175.71877008832553,172.47456557333678,173.96994018554688,1833000
2019-05-01,174.37556193897078,176.0737043456971,172.37328847689182,172.9646759033203,1981800
2019-05-02,172.7111577349304,174.2234331310323,171.60441604789486,173.1842803955078,1514700
2019-05-03,174.0460261998058,176.36089965530223,173.75878279846495,175.32174682617188,1897600
2019-05-06,171.33406358502884,174.86549908857998,170.4131883431486,174.4008331298828,1927800
2019-05-07,171.79027591985678,172.34787508019843,169.82179128988008,171.19044494628906,2839500
2019-05-08,170.1513100493761,171.67202944675049,169.64441217776877,169.77113342285156,1817600
2019-05-09,168.5545516555422,170.84408089826766,167.20281115676426,170.3456268310547,2333400
2019-05-10,169.79649727262756,170.74272994648845,168.11526840116477,170.7004852294922,2089400
2019-05-13,167.19433077820847,167.19433077820847,163.89945008254318,164.7189483642578,3605600
2019-05-14,164.73585760779466,167.38866276585094,164.659811979014,165.82569885253906,2463300
2019-05-15,164.44012969683007,166.93241228157817,163.4094209032018,165.9270477294922,2271100
2019-05-16,166.12134801964896,168.96846248735426,166.11289134611138,168.2418975830078,2008100
2019-05-17,165.84259316567687,168.1996981799091,165.84259316567687,166.79725646972656,1928300
2019-05-20,166.50996940871198,167.09291267090333,165.22581836669673,166.63670349121094,2483400
2019-05-21,167.8364371706267,168.39403639103352,167.27883795021992,168.21661376953125,2327600
2019-05-22,166.80572046849446,167.68435107642944,165.13293577556118,165.18362426757812,2427200
2019-05-23,163.05461981952706,163.05461981952706,160.1483592482227,162.18443298339844,3184100
2019-05-24,162.96167801044172,163.95859891713303,161.9394128586991,163.0546112060547,1637200
2019-05-28,162.20979223754222,163.31653406989213,160.0047523586621,160.0469970703125,3040000
2019-05-29,159.32563504043821,160.0978970836697,156.93243463240796,159.58871459960938,2815800
2019-05-30,159.6226259090138,160.7088972168438,157.8574317964462,159.0115966796875,1919300
2019-05-31,156.8051305236107,156.90696442293256,154.71744494187476,154.87020874023438,2640100
2019-06-03,154.1998004677125,155.71889218536992,153.37660840828462,155.46429443359375,2857800
2019-06-04,158.00173707599228,161.23510621934915,157.6028832715823,161.14175415039062,2420800
2019-06-05,161.32844045589405,161.37935740617453,158.70610097205676,159.919677734375,1967800
2019-06-06,159.59719816978347,161.8715880612166,158.9607103457844,161.08233642578125,1653500
2019-06-07,161.14174817172258,161.76125936125584,159.98758306622918,161.08233642578125,1838600
2019-06-10,162.43170554340733,167.1841536701272,162.43170554340733,164.7400360107422,2372000
2019-06-11,165.74144268171216,166.4373293472943,164.2223510585066,165.25770568847656,1632200
2019-06-12,164.3072069747964,164.68061522840748,161.0993094496868,161.43028259277344,2059400
2019-06-13,161.59153035046828,163.15304402286242,161.3029923141433,162.47412109375,1411400
2019-06-14,162.33834951614386,163.0851661048623,160.65802514090635,162.65235900878906,1403900
2019-06-17,162.95781757862522,163.98467708503654,161.87154634158497,161.9479217529297,1155600
2019-06-18,161.81218246262964,167.29447015934363,161.81218246262964,165.46986389160156,2363000
2019-06-19,165.78385010056817,167.70179521878262,165.30859502981997,166.0299530029297,2196800
2019-06-20,167.60844480813262,168.1940156239195,164.30719545115255,166.08087158203125,2749300
2019-06-21,165.77533531423828,168.32128604253901,164.61268862544762,166.28453063964844,3365500
2019-06-24,166.78526548754698,169.1784658801997,166.36094027886767,167.5999755859375,2069800
2019-06-25,167.6084723559552,167.6254489916401,164.64667747381282,166.38641357421875,1828300
2019-06-26,166.75980464938823,167.92245156090377,166.4373133515581,167.19261169433594,1649900
2019-06-27,167.66789196326488,169.3991333522668,166.98047415429085,169.1530303955078,2239200
2019-06-28,172.70035997615273,174.68619884542346,172.22511781421215,173.63388061523438,4854900
2019-07-01,176.51927976686494,178.08928815608073,174.60133456194308,175.55181884765625,2465700
2019-07-02,174.31281957418545,175.08509469044014,173.26050116901894,174.80503845214844,1621400
2019-07-03,175.9252496805858,176.01010696020631,174.1685369454543,174.85594177246094,978800
2019-07-05,175.55181180014347,177.16424228430134,174.99169946167223,176.4344024658203,1511400
2019-07-08,175.12751006408124,175.88280845818224,173.7272419798712,174.60983276367188,1853900
2019-07-09,172.9125034930266,176.46835042203494,172.7342812272837,176.32408142089844,1812100
2019-07-10,175.8233991293564,177.3594673660127,174.52496493903996,174.79653930664062,1779800
2019-07-11,174.99171667093916,180.41459241909695,174.8219891742378,179.36227416992188,3691600
2019-07-12,179.9138580956883,181.7724042677278,178.8869855663792,181.56024169921875,2626000
2019-07-15,181.70451832964346,182.12036164317595,178.0383427760026,179.55743408203125,2600200
2019-07-16,182.2901393957637,184.43722423559964,180.38067567223834,182.9011688232422,5283700
2019-07-17,181.46693459960474,183.12180045400285,180.89834032908738,181.01715087890625,2583500
2019-07-18,180.51645018869004,183.16423555554564,179.70174002614593,182.05250549316406,2858100
2019-07-19,181.6281979641383,183.11333645629813,181.05960363820842,181.20387268066406,1822300
2019-07-22,181.10201057758633,182.34104599886373,180.1769846452522,181.6112060546875,1907100
2019-07-23,182.41742494286905,186.70311261783613,182.41742494286905,186.21937561035156,3330600
2019-07-24,186.06661033933298,188.47677449881954,185.54045120646177,188.4258575439453,3180000
2019-07-25,188.20520291853038,188.20520291853038,185.20097324952692,186.6861114501953,2776700
2019-07-26,187.08500462291406,188.6040963060062,187.01711102735993,188.51922607421875,2304500
2019-07-29,187.55176179723486,188.5107410126691,186.87283880266318,186.9746856689453,1372800
2019-07-30,185.42165691920212,188.39193374148684,184.43721920739387,187.89122009277344,1644600
2019-07-31,187.75541798342692,188.38341098789746,185.86291827971215,186.81341552734375,1991100
2019-08-01,186.15145724891013,186.6606396832573,178.86154098716935,179.5744171142578,3070100
2019-08-02,179.5574536283394,179.5574536283394,174.23641198140314,177.6819305419922,2503000
2019-08-05,174.66924817586005,174.66924817586005,169.37366451383406,171.15582275390625,2794200
2019-08-06,172.75126875987294,174.88138949484977,170.48537380603227,174.83045959472656,2349400
2019-08-07,170.6720931354255,174.78805301257938,168.92387527399626,174.60134887695312,2454200
2019-08-08,175.81492332860395,176.3495772898305,172.7343178558285,175.670654296875,2342200
2019-08-09,174.49948296912285,176.77387266876826,173.00586299653054,175.58575439453125,1790100
2019-08-12,172.51365485458814,173.25197656982294,170.13743110919555,171.02003479003906,1479300
2019-08-13,171.0115215632543,175.33116153968868,169.92525018806828,173.218017578125,2115900
2019-08-14,169.56038011148524,169.6537321886565,165.53777189889564,165.96209716796875,3025100
2019-08-15,166.2591091806281,167.15867656632113,164.3920808207813,166.4882354736328,1981900
2019-08-16,167.2095650763772,170.29865160427778,167.1841066037074,169.2378387451172,1878700
2019-08-19,172.9634038241958,173.5065394613334,171.27459812949255,171.59707641601562,1646100
2019-08-20,169.9083184409522,171.41891526066817,169.47549840818704,169.71311950683594,1545600
2019-08-21,172.05540557529642,172.2930266773346,169.8743675930574,170.3071746826172,1160800
2019-08-22,171.6650181860384,172.65793769445094,170.50237117137544,171.78382873535156,1275900
2019-08-23,170.4174976642593,171.32555987676233,165.64808619869223,166.50521850585938,2200500
2019-08-26,168.26194601279468,169.4840048609966,168.03280674141195,169.43307495117188,1441900
2019-08-27,170.01010801030233,170.4598916118099,166.75977596305165,168.0921630859375,1513300
2019-08-28,166.81922095373358,170.97760287382653,166.54764660089953,170.08651733398438,1437800
2019-08-29,171.9567288160788,174.52719369282187,171.9567288160788,173.73300170898438,1816800
2019-08-30,174.93709364364113,175.24452570909597,173.3657669587345,174.1343536376953,1529600
2019-09-03,171.73470004184838,172.1702234182593,167.8747221484644,169.9157257080078,2633600
2019-09-04,172.0677437821487,172.58867001108013,170.838015436432,172.27268981933594,1720600
2019-09-05,175.2957796340853,178.42132407437362,175.09935563479863,176.81585693359375,2237900
2019-09-06,176.8243798318008,177.8406139966855,175.5519631300946,176.95248413085938,1438800
2019-09-09,178.66895436565812,182.6484877601299,178.0028537754165,181.0259246826172,2734500
2019-09-10,182.32401566907697,185.38978873025496,182.0849032483564,184.1429901123047,2615800
2019-09-11,183.78431590848666,185.1848370576617,182.20445393388437,185.1421356201172,1886300
2019-09-12,184.78345811667805,188.52386670794576,183.73305753230653,186.79884338378906,2913800
2019-09-13,188.17374385369004,189.15581170445606,187.19166297227557,187.78944396972656,2722400
2019-09-16,186.01318461648128,187.3026845592109,184.73221974850472,185.50079345703125,2205500
2019-09-17,184.28815738739368,184.5785063111298,181.50418526377953,184.38209533691406,2429100
2019-09-18,183.45980860621216,186.07297511764088,182.1532253504978,185.38125610351562,2474900
2019-09-19,185.80824195082852,186.10712596135457,183.65621713405278,183.8013916015625,1596200
2019-09-20,183.31461808138263,185.03964141247658,182.43502323544055,182.52896118164062,5458900
2019-09-23,181.76891447979665,182.84492024531534,180.66727742949712,182.2898406982422,1485500
2019-09-24,182.78515795237362,182.92179734486567,176.60237529457947,177.4136505126953,2837600
2019-09-25,177.59297774574358,180.2659156169585,177.15744134435573,179.36070251464844,1593400
2019-09-26,178.52383519738495,179.30949221291738,177.72109499893972,177.81503295898438,1685500
2019-09-27,179.2069783627196,179.80475932201932,177.70397134431167,178.45547485351562,1530900
2019-09-30,179.087414523322,179.087414523322,176.62795807506026,176.96954345703125,1794500
2019-10-01,176.78170164943745,178.8056351710536,173.02420960118778,173.092529296875,3156200
2019-10-02,172.2385390737478,172.40079670938724,168.74577797737211,169.3008575439453,3386800
2019-10-03,168.75432167416656,169.40333921923545,165.66293045622245,168.4383544921875,2914500
2019-10-04,168.22488161043682,171.84573462489035,167.41359328818817,171.47853088378906,3021100
2019-10-07,171.46992162432224,172.95584530336515,170.3426795128022,171.13687133789062,2202200
2019-10-08,168.74581674143298,169.8986775746837,167.31112897678463,168.5493927001953,2654900
2019-10-09,169.24962643345006,169.92426222191494,167.96011341263838,168.1053009033203,2443500
2019-10-10,168.73723008545664,171.92257212547082,168.69452865013193,170.68429565429688,2108000
2019-10-11,173.9721056938331,177.02079523443558,173.9721056938331,174.7919158935547,3334300
2019-10-14,174.06606937565581,176.06437169244455,173.2889474644657,175.76548767089844,2286100
2019-10-15,172.50328534001136,177.83210439006342,169.6083049835015,176.31202697753906,8241900
2019-10-16,176.06436512043092,178.15660531575642,176.00459353061285,177.1318359375,3405800
2019-10-17,177.8747927985486,178.42133733978602,174.54428903642213,176.31202697753906,2876500
2019-10-18,175.05663728796378,177.67833821519642,175.05663728796378,176.36322021484375,2207000
2019-10-21,178.1993025844959,180.06951349713978,177.35386102612765,178.69461059570312,1934900
2019-10-22,178.98495165028314,180.74414135335556,177.89186264972068,178.99349975585938,1868000
2019-10-23,178.6689701297579,181.06010701293772,178.48109425125213,180.4623260498047,1574500
2019-10-24,180.70997526342975,182.0250933950881,179.14719663922446,180.23175048828125,1266500
2019-10-25,179.48878015550062,183.96362184714997,179.48878015550062,182.9473876953125,2602100
2019-10-28,184.73223456627892,186.95256603048017,184.19422510876635,185.9534149169922,2707800
2019-10-29,185.5007979447018,187.25998765437782,184.84323231465095,185.85946655273438,2030800
2019-10-30,185.33002468041303,185.35564293862896,182.5887537754581,184.2967071533203,1584900
2019-10-31,183.73308703726474,183.91242788287005,180.46236764987677,182.2215576171875,1876200
2019-11-01,183.82697620743937,186.0729385662411,183.39145288463692,185.6459503173828,2112300
2019-11-04,187.61863476253268,188.46407619000163,186.65365017673383,187.76380920410156,2538100
2019-11-05,188.55801708201935,189.39491041797777,186.5682502387727,186.7134246826172,2525100
2019-11-06,186.17542495509926,187.08065105347387,184.92862647599804,186.5255584716797,1863000
2019-11-07,188.53243637825844,191.94834311793642,188.2250042504614,190.6844482421875,3748600
2019-11-08,190.4367790819536,190.63319004856862,188.81422877737128,190.35992431640625,1610800
2019-11-11,188.6434563795219,189.0789928559054,186.611000602119,187.04652404785156,2754500
2019-11-12,186.6451137471714,188.82275656821585,186.1071043477968,188.2249755859375,1891600
2019-11-13,186.4999387073022,187.7382021018199,185.32144689549943,187.2941436767578,1756000
2019-11-14,186.8415322861639,188.2762197324838,186.1925147691672,187.38807678222656,1483100
2019-11-15,187.87486947760004,188.8057009308376,187.05504613184814,188.08836364746094,1693100
2019-11-18,187.64425659179688,187.83213246814884,186.2010341919329,187.64425659179688,1603400
2019-11-19,188.3531292213344,188.45560227204044,186.43168133668152,187.9090576171875,1817100
2019-11-20,186.4743595547637,187.422274247666,184.80055942804722,186.09007263183594,2177700
2019-11-21,186.67930725846765,187.294171509855,185.15922981216278,186.3633270263672,1677700
2019-11-22,186.16688715298343,188.48116932768224,186.16688715298343,188.11395263671875,1529100
2019-11-25,188.6348697800946,191.24803580204076,188.6348697800946,190.2232666015625,2181800
2019-11-26,190.16348248139437,190.2318021656886,188.82274614023166,189.96707153320312,1926300
2019-11-27,190.82107706391344,191.52987923679314,189.4632573374972,190.3940887451172,1614600
2019-11-29,189.68984234882302,190.65168449168002,189.28620935584917,190.09347534179688,770400
2019-12-02,189.76717187364255,190.47997044023114,186.42647323271493,186.9073944091797,2118500
2019-12-03,185.00944659790207,185.00944659790207,180.3462150417981,182.26991271972656,3207100
2019-12-04,183.38634115547927,186.3491824755192,182.39015292022606,185.44744873046875,1583600
2019-12-05,186.4866105431802,186.8988399900136,185.00090458623353,186.47802734375,1329300
2019-12-06,188.89123127927152,193.57164341068878,187.9208055717194,192.89320373535156,4229400
2019-12-09,192.89317492329965,192.92752082026243,190.45421001124035,190.48855590820312,2134600
2019-12-10,190.36829305499288,191.40743644203988,189.4064508551007,190.54864501953125,1854100
2019-12-11,190.86641738827262,191.38169754750376,189.65551818696255,189.9561004638672,1778600
2019-12-12,190.57445543952127,194.75676652119876,189.44944049095574,194.12985229492188,2974300
2019-12-13,194.70522618938858,195.79589515463036,192.11167197363142,193.2281036376953,1908200
2019-12-16,196.23388658378093,198.12322554056877,195.6928436659645,195.83883666992188,3218400
2019-12-17,197.52205378619317,199.299758560246,196.49150656117595,198.50965881347656,3590000
2019-12-18,199.21389047365426,199.41140887445724,197.47054455671505,197.9085235595703,2280800
2019-12-19,198.33787939304997,198.71574972130048,196.62889282316806,197.4705047607422,2418100
2019-12-20,198.34649297690294,198.62988264366652,196.33691088374988,196.60313415527344,3715500
2019-12-23,197.23004169392914,197.93424384787204,196.15655241331356,196.7405242919922,1670400
2019-12-24,196.64609544614066,197.47912434031633,196.12223204984588,197.4447784423828,467700
2019-12-26,197.74532533887285,199.4113829393506,197.51346106969828,198.56118774414062,1704000
2019-12-27,199.07650292360512,199.4200274678782,197.9257251845636,198.08889770507812,1343900
2019-12-30,198.96483056813827,198.96483056813827,197.0926711798065,197.35031127929688,1494500
2019-12-31,197.2729919971317,197.49627305919805,196.37984154063076,197.4619140625,1447200
2020-01-02,198.38081611075933,201.50681632530964,197.6594344698901,201.2320098876953,3736300
2020-01-03,198.89614678691316,199.76352161589236,197.77971504687991,198.87896728515625,2274500
2020-01-06,197.46194549472688,200.9744130835689,197.08408819972473,200.91429138183594,3329300
2020-01-07,201.81601907798918,204.19487539755127,201.6099043835755,202.23683166503906,5255200
2020-01-08,202.3999912558836,205.89527924142973,202.22823556242892,204.186279296875,3564700
2020-01-09,207.26071837809312,209.0298266085146,205.95536485327008,208.34280395507812,3980700
2020-01-10,208.47166896778523,209.0212950888908,207.3037118224209,207.9220428466797,2248100
2020-01-13,209.92303157447841,211.35721204759005,208.6863695103504,210.5843048095703,3359200
2020-01-14,210.67877813822693,213.4269088531047,210.06044708936432,210.97076416015625,4302800
2020-01-15,207.82757786627488,214.26851519684124,205.38861274208935,210.5843048095703,5411200
2020-01-16,212.13008200745654,214.54329711068965,211.46022569112282,214.45741271972656,3968400
2020-01-17,214.89542148347863,215.09295298928032,212.9803198571426,214.23416137695312,3108400
2020-01-21,212.30184945109838,213.7102669668344,210.91919463166522,211.00506591796875,2492400
2020-01-22,211.7866040740243,213.42689922980037,211.55472666512583,212.1644744873047,2030900
2020-01-23,209.97457247523988,212.12155174390287,208.58333410246516,210.90206909179688,2806800
2020-01-24,210.46406679872126,211.0136929066436,206.625267241908,207.7588653564453,2877400
2020-01-27,202.99252401644415,205.2425664505741,201.82456715955843,204.51258850097656,2506200
2020-01-28,205.67200543041545,209.18445993675195,204.43534342717717,208.32566833496094,3123000
2020-01-29,209.99173426954627,211.6921380377751,205.74071829691403,206.21304321289062,3711600
2020-01-30,204.12613469905193,209.83709239991808,203.3016891701107,209.65675354003906,3261700
2020-01-31,207.81890732141704,208.59181423458546,203.43048334047276,204.17762756347656,3482800
2020-02-03,204.70155635377117,208.16248528527598,204.4353330673661,205.259765625,2733000
2020-02-04,208.5832823366826,209.32184354597288,207.4410880767268,207.77601623535156,3052500
2020-02-05,210.39536372468137,210.51559402732994,208.68636368320804,209.80279541015625,3126600
2020-02-06,210.70452216046547,211.06521305630574,207.12334969323192,207.67298889160156,2225600
2020-02-07,205.89528027702778,206.55655345947974,203.14714985557228,204.39239501953125,3006500
2020-02-10,203.8771193354745,204.28075243330386,202.2110746492552,203.8427734375,2591300
2020-02-11,205.2511794973918,205.7235174685234,202.86374004780185,203.06985473632812,2238800
2020-02-12,204.4009812074745,207.12334896980687,204.15193741268786,204.9506072998047,2119200
2020-02-13,204.26358211617415,205.2254244904383,203.16432994440956,204.69297790527344,1461300
2020-02-14,204.34084083833005,205.25974088076444,202.8723016849069,203.60227966308594,1718700
2020-02-18,203.14710768099516,203.5936828768073,198.5525684631408,200.27874755859375,2736500
2020-02-19,201.81601544691188,204.22063442199678,200.33889292382196,203.81700134277344,2207100
2020-02-20,203.02690623623576,203.44770569408487,198.59553885136387,199.86654663085938,3183700
2020-02-21,198.30353072805198,199.06785457073553,196.1221931742469,198.05447387695312,3081600
2020-02-24,191.70803872750264,194.67946332901124,191.11547044684636,192.8330535888672,4139400
2020-02-25,193.03912438836858,193.97520384292687,185.40446958228924,186.881591796875,5343100
2020-02-26,187.81771313886483,188.93414479712627,184.43407226720265,185.31004333496094,4171100
2020-02-27,180.7670541110338,183.33483268665972,176.37003207421662,176.6448516845703,5848200
2020-02-28,172.0221722730165,174.75254900889314,168.3586414881965,173.47377014160156,6727100
2020-03-02,174.02678700020178,181.1205678861963,170.7607077068947,180.990966796875,5285500
2020-03-03,180.58489439084403,182.9955673235113,174.6402773804556,175.7721710205078,5677200
2020-03-04,177.85446833118255,180.5157202640775,175.14137596846487,180.36019897460938,3520400
2020-03-05,173.95769124600824,175.806741808296,170.17318059120936,171.7630157470703,4151500
2020-03-06,164.75557090319006,169.6114973429936,163.5459170195314,166.63055419921875,5071900
2020-03-09,149.98050197786105,154.87962147677462,147.02547814601996,149.315185546875,6443000
2020-03-10,156.92739411413882,160.1934736986413,149.72991853073754,159.28623962402344,6803900
2020-03-11,154.21433222707196,156.19299732682086,147.72537651424983,148.52029418945312,5314000
2020-03-12,138.2467905705783,144.07907704777455,129.60636615991714,130.19390869140625,8357700
2020-03-13,140.68338233877986,153.41935819267613,131.6368578420292,153.08238220214844,6368400
2020-03-16,129.80511229730587,146.48977230421875,129.6063861967257,133.63282775878906,6888000
2020-03-17,135.65466120092933,144.07043919628194,129.60636420470954,137.0976104736328,6876300
2020-03-18,129.6063625944561,134.76469688045475,116.99998689031986,120.98322296142578,9543200
2020-03-19,118.70214184161324,131.75782223125054,113.05994637083236,129.1656951904297,6548200
2020-03-20,128.73369612136884,128.9065019835808,119.48843087424393,119.59212493896484,7561300
2020-03-23,117.53569491086718,122.64218901941167,115.14229360239551,116.61981201171875,5472600
2020-03-24,124.69862080262901,132.9761364085249,124.10242936397069,132.71693420410156,6647400
2020-03-25,133.58093805358249,140.15630014922462,125.56262697250429,134.03887939453125,8587800
2020-03-26,135.11032433327603,144.86537174557967,133.33039885550917,143.24960327148438,6762200
2020-03-27,137.45185027011686,141.46964167984612,135.65464070918583,136.8124542236328,4186700
2020-03-30,136.96804851698337,138.6183600060192,132.35405061298292,137.91848754882812,4152800
2020-03-31,136.63102887938751,139.19723586115822,132.82059873260795,133.5723114013672,3588200
2020-04-01,126.23662107072975,129.23484975596682,125.28616899773938,125.53673553466797,4689100
2020-04-02,123.57534508423761,129.99517364985473,122.40888259560592,129.54586791992188,4446900
2020-04-03,128.91510741793968,130.40126121593775,125.4848584616087,126.95372772216797,2801600
2020-04-06,134.3327002413456,137.32228016881223,132.86383050013274,136.7174530029297,4689400
2020-04-07,143.43107971324653,146.1441731033442,140.36372567289146,143.4483642578125,4953500
2020-04-08,145.63436968641915,153.8859784064679,145.63436968641915,152.90097045898438,5194800
2020-04-09,156.02879551913762,161.86108236748706,155.3289232068144,159.20846557617188,6445800
2020-04-13,158.85421222198985,159.8219355623585,154.77593073866228,154.81912231445312,4774300
2020-04-14,157.55815507934275,158.44811779921162,150.80997208254968,153.998291015625,4149600
2020-04-15,147.431532296213,156.97918854395616,146.15274028258418,154.2488250732422,6042700
2020-04-16,153.1256120195553,154.17974491820098,148.95228518657126,152.97007751464844,4662200
2020-04-17,158.54315185546875,160.08978201998852,154.0501206259266,158.54315185546875,5426700
2020-04-20,155.2684181900801,160.98838790035146,153.81683327205363,155.8732452392578,4674800
2020-04-21,151.5876232764334,154.83641843655693,150.04962863077847,150.17922973632812,3819000
2020-04-22,153.3675321522324,153.9550746793657,150.74948462995047,152.05418395996094,2314500
2020-04-23,152.93550566301116,154.72407976953957,150.73219489372977,151.25062561035156,2013300
2020-04-24,152.93548583984375,153.7563233812324,149.90270213815936,152.93548583984375,2024400
2020-04-27,154.74999709726623,159.1998101255878,154.42165677058756,158.58633422851562,2743100
2020-04-28,163.44223240800835,164.5309208782568,159.7354838350704,161.58453369140625,3344700
2020-04-29,166.4231696806388,167.3822570558362,163.79648717774236,164.19393920898438,3086300
2020-04-30,160.71186619184897,162.0511343802955,158.03332981495586,158.48263549804688,2695400
2020-05-01,154.66361772349214,155.18204853145807,152.63311244057584,153.02194213867188,2650200
2020-05-04,151.2074189805364,152.3393124074265,148.3733609823833,152.09738159179688,2990100
2020-05-05,154.75001347647247,157.77416215715206,153.92052689441962,154.05877685546875,3272600
2020-05-06,155.25116203926177,156.56451043209043,151.38890389603844,152.8664093017578,2408700
2020-05-07,154.81910560371628,158.44809410687944,154.81910560371628,157.53221130371094,2480100
2020-05-08,159.87377390170207,160.6341354787184,157.89512248691008,160.18482971191406,2277500
2020-05-11,157.72229560516521,159.7182446455701,156.61632237591206,158.2580108642578,2212200
2020-05-12,158.8888029902197,159.2430636422964,152.71953897294,153.11700439453125,3549200
2020-05-13,151.77769387531913,152.83182667699876,147.54387812870263,148.44248962402344,3445300
2020-05-14,146.05772047750827,151.0173285652867,142.87805079609313,150.73219299316406,4176700
2020-05-15,149.8940535678929,150.42111989494128,147.38833618737775,148.50294494628906,2867800
2020-05-18,153.5489683787772,158.20615601354746,151.41478276736171,157.1520233154297,4505800
2020-05-19,156.0115272711333,157.41992090574473,153.55764949028674,153.65269470214844,2210500
2020-05-20,156.34846507597857,158.83691133424435,155.7868428060807,156.7718505859375,2599900
2020-05-21,155.70044052039427,156.5385627175449,153.523049943367,155.61404418945312,2153500
2020-05-22,155.55354207642247,156.08060843343162,153.85137760465062,155.46713256835938,2176400
2020-05-26,160.39220317890647,170.30277107128313,160.03794261247134,169.40415954589844,5971200
2020-05-27,175.40064000160694,182.0624139524887,172.81714799614244,181.15516662597656,8182100
2020-05-28,182.17469339274976,182.58079436866987,173.85397418575292,173.86260986328125,4886100
2020-05-29,171.48035486104493,174.6886038180879,169.23718881574126,170.83697509765625,3822600
2020-06-01,171.5498973256284,175.427621228637,169.64581391062276,173.8278350830078,2230800
2020-06-02,177.16649985821996,179.54007682016223,175.03636600690487,177.48818969726562,4128700
2020-06-03,181.27030627710707,184.26118120517543,179.47924126438159,183.07875061035156,3471900
2020-06-04,181.5310932450707,186.92165328274814,180.8094668516275,186.7738494873047,3522300
2020-06-05,193.01644710100862,193.86849797264716,189.24306568852646,189.4691162109375,4737600
2020-06-08,191.2949266073659,193.24247119042732,189.7473185297607,191.98178100585938,3260300
2020-06-09,187.57375358960945,191.29497086943888,187.0694747457711,189.62564086914062,2478400
2020-06-10,189.00831186673526,191.14714860013748,185.0175695983008,185.64356994628906,3091200
2020-06-11,177.9750752558606,179.88784823223276,168.6894253851143,168.78506469726562,4923400
2020-06-12,174.42775216214432,176.44486746676193,170.59351637820384,175.43630981445312,3380800
2020-06-15,170.1761934927063,179.96613699871924,169.67191460862006,179.37490844726562,3467400
2020-06-16,186.91292253221684,186.91292253221684,177.13168511349232,182.22662353515625,3099100
2020-06-17,182.58313113100786,183.26998564412503,178.61847097768504,179.2705535888672,1798300
2020-06-18,177.35776516913666,180.20083555481742,176.21009350520225,177.2273406982422,2051700
2020-06-19,180.0182906782356,180.33998054818812,174.73207227294824,175.305908203125,4962400
2020-06-22,174.74945650674178,177.870755535359,173.88870265261548,176.86219787597656,1806900
2020-06-23,179.54010655519906,180.41823983063486,177.05349728483367,178.04466247558594,2451800
2020-06-24,175.92319483681416,176.15794829678555,171.61076250048302,172.16720581054688,2756700
2020-06-25,172.02810426331516,180.3139003745903,171.8107433721135,180.061767578125,3466500
2020-06-26,173.01925951280919,174.09737424757836,163.8987922629974,164.49002075195312,9530700
2020-06-29,166.39412395588087,168.5851123225346,164.0292362521996,168.2112579345703,3736000
2020-06-30,168.53291701566903,172.50627999381825,168.34163839323512,171.8194122314453,3102800
2020-07-01,172.91493939953347,173.66266139154632,169.9936085082572,171.77597045898438,2620100
2020-07-02,176.0622948585609,176.49701657426107,171.39338787727056,171.6281280517578,2699400
2020-07-06,175.0537871349569,180.661696210826,174.8712113917066,180.287841796875,3567700
2020-07-07,178.6706427971528,178.85323177310593,173.1844563259002,173.33226013183594,2853500
2020-07-08,173.48872751191982,176.71436831329308,173.03662650291182,175.8449249267578,2789700
2020-07-09,175.7232290494613,176.06231148907037,169.5414851376233,171.132568359375,3160100
2020-07-10,171.1673570983282,179.38360972261276,171.13258519169534,178.7228240966797,4414800
2020-07-13,181.7136734467272,185.17405451827457,179.9747866194858,181.60934448242188,4449600
2020-07-14,183.82645970463784,186.32177193567205,179.9835204649617,186.0696258544922,5202000
2020-07-15,195.0770504678069,195.83347539857027,186.66084303884517,188.58230590820312,12516700
2020-07-16,185.63489015998653,191.67753352964624,185.62620050036205,186.64344787597656,5769600
2020-07-17,186.84341631559207,187.07816979218222,183.66995261843297,183.80906677246094,3614300
2020-07-20,183.2178210902846,185.3392653072125,182.80049193394532,184.06988525390625,2268700
2020-07-21,184.5394153470079,185.89574532300625,182.92224962178125,184.33944702148438,3393500
2020-07-22,183.0178888932015,183.45261071955116,178.54025938846306,179.1053924560547,4978400
2020-07-23,178.322909836867,179.12279645631506,175.67110387384682,176.51446533203125,4088600
2020-07-24,176.49704139905532,178.1750610896821,175.036382596851,175.1667938232422,3191500
2020-07-27,173.97569129639396,177.5230099507608,173.53226651460452,176.51446533203125,2601200
2020-07-28,175.54931091916305,177.01867231116745,174.8363610003657,175.2971649169922,2139600
2020-07-29,175.36676711950355,177.27085067896826,173.55832288433427,176.1318817138672,2635000
2020-07-30,173.45400503257855,173.88003718935684,170.6717880563147,173.48008728027344,3057900
2020-07-31,173.74961152850838,173.74961152850838,170.85436265372007,172.1150665283203,2399700
2020-08-03,172.57587394575057,173.7844000821504,170.87175856349361,173.35836791992188,2294600
2020-08-04,173.32358572053414,175.3841627923893,172.5671607726461,175.31460571289062,1944700
2020-08-05,176.6448645418238,178.07075159524706,176.50575037401245,177.81861877441406,2232400
2020-08-06,178.23594503040852,179.35752148131954,177.2186975702826,177.5838623046875,1882400
2020-08-07,176.91439783449812,181.5398446204295,176.0188718976214,181.07904052734375,3075000
2020-08-10,182.22665834563628,183.13957666577443,180.8790182793995,182.04408264160156,2432800
2020-08-11,184.9480710334293,188.62581429122625,183.04398714487974,183.50479125976562,4042700
2020-08-12,186.66950610329906,187.75631041604143,181.94843453674022,184.43504333496094,2439400
2020-08-13,182.9396293799094,184.49592757228777,180.57474174829565,181.183349609375,2219900
2020-08-14,180.37476483474603,182.13103125486796,179.63573251011496,180.81817626953125,2287600
2020-08-17,179.9748294234707,180.7138618074762,176.08841537893568,176.55792236328125,3922600
2020-08-18,176.88824185218655,177.0012737297872,174.8450579980321,175.0276336669922,3067900
2020-08-19,175.97540121168504,179.1923535449616,175.427660696913,176.51446533203125,2458500
2020-08-20,174.54947361911675,176.7404749705389,174.18430893832223,175.49717712402344,1764200
2020-08-21,173.9843323851816,176.80133398896507,173.73219961755325,176.00143432617188,1780900
2020-08-24,176.59270377966834,180.34869352339572,175.0364054526743,180.27044677734375,3097400
2020-08-25,182.5744774063215,183.00919923267114,178.3837526323154,179.1053924560547,2627600
2020-08-26,179.00971525469166,180.2182411456178,178.26199334088201,180.16607666015625,2563200
2020-08-27,179.6965767377701,185.1914660418417,179.46183654407488,182.7135467529297,3692400
2020-08-28,184.22638481357995,184.32202413035154,180.05305331201455,180.5921173095703,3697400
2020-08-31,179.75236385736716,180.54835076434048,178.1166653526655,179.2012939453125,3046200
2020-09-01,178.09046587778613,180.81080694347406,177.57437826984884,179.71742248535156,2457000
2020-09-02,180.0060646119821,184.50206097926977,179.63868903492494,183.72357177734375,3565200
2020-09-03,185.219270716475,188.2632483823604,180.04100510374812,181.5542449951172,3533500
2020-09-04,184.46708043318694,186.61886694590194,179.59496616831174,184.5108184814453,3668900
2020-09-08,183.2599401645754,183.65356916699122,176.05235982520892,177.11074829101562,4574700
2020-09-09,178.60650594266772,179.16631814416544,176.71713475749706,176.88333129882812,4681400
2020-09-10,178.2041695772442,179.62120491721205,174.5478983395873,174.95025634765625,2510300
2020-09-11,175.1514515867712,176.61221165176235,174.02307132806152,175.74624633789062,2376400
2020-09-14,177.8280650411183,177.8280650411183,175.5275796877552,176.11363220214844,2756900
2020-09-15,176.6909074879656,177.2069816877501,173.17457975030905,173.19207763671875,3717600
2020-09-16,173.62073256508245,178.2654282199153,173.2533569403647,175.5363311767578,3571400
2020-09-17,173.37578140141963,174.8452836114302,170.13935293736694,170.4192657470703,4274800
2020-09-18,170.5767116557631,172.01123147979132,168.27623991384442,170.4455108642578,9066300
2020-09-21,166.10697639879731,169.84198177902425,163.98144322861054,169.6932830810547,4871300
2020-09-22,169.69325835753568,171.56513191069334,164.82113107958713,167.6114501953125,3355800
2020-09-23,167.9438366361797,168.74856591842413,162.58187549754402,162.80055236816406,3116100
2020-09-24,165.30219364890246,172.71972169365816,163.61401484561304,170.66415405273438,5114600
2020-09-25,168.7835715077321,170.90910440722135,165.8532959322212,170.52423095703125,3106000
2020-09-28,172.99965629743753,176.57720693491342,172.44858627587337,174.12803649902344,3280100
2020-09-29,173.33200986630717,173.86558187810527,170.94404921596208,172.13365173339844,2400000
2020-09-30,173.78687517136947,177.63559607940883,173.50697571908086,175.7899627685547,3075800
2020-10-01,176.27979653791462,177.6793338380465,173.07836397307236,173.6731719970703,2288700
2020-10-02,170.86537011953698,175.55380313529525,170.8216320725119,174.85403442382812,2541200
2020-10-05,176.62967885106397,177.42566587835884,174.58286650685764,176.51597595214844,2551600
2020-10-06,178.65900688189686,180.26846547868445,174.85402391795907,175.89492797851562,2833100
2020-10-07,178.35282511403474,179.31500854746974,175.96487776175073,178.09042358398438,2326600
2020-10-08,179.44625261149062,182.07913093874,178.5365626115396,181.9216766357422,2330600
2020-10-09,182.60393315973448,183.52237870546102,180.25098119278525,181.5367889404297,3040900
2020-10-12,181.42309355494803,187.9659021982509,181.42309355494803,187.29237365722656,3474200
2020-10-13,187.19614070014046,187.28361678586123,182.97130202178064,184.39707946777344,3317300
2020-10-14,187.08244826344523,187.58102460839038,183.9247535888676,184.76446533203125,7550100
2020-10-15,183.32122952887812,184.32713798012512,180.97700610383671,182.46401977539062,4325700
2020-10-16,182.21909241983994,183.68859477146188,180.02356781645756,180.3734588623047,3244500
2020-10-19,181.40559449508953,181.86044614880177,178.95641073653292,179.91859436035156,3235300
2020-10-20,180.80203053510294,184.89566841601004,180.6008515550961,181.96539306640625,3335500
2020-10-21,181.4055939527733,181.8954280336247,176.69966317449231,177.48690795898438,3083600
2020-10-22,177.74057823732701,180.51339967444113,176.86587065412465,179.66493225097656,2136900
2020-10-23,180.85447318173289,182.12280942073897,178.45778376634118,179.3499755859375,2110200
2020-10-26,177.11950472794967,177.3994041531472,173.6381596956684,175.9386444091797,3249700
2020-10-27,174.94150849292626,175.4575827397057,170.9266040762883,171.1627655029297,3430400
2020-10-28,167.3403147531088,169.14221033747384,165.26726193864718,165.99327087402344,4214600
2020-10-29,166.01947874521466,168.24998543986467,163.48281910046452,166.14193725585938,3581200
2020-10-30,165.76583471465847,166.54432395531586,162.27575988548818,165.35472106933594,3658800
2020-11-02,167.9438303267555,168.55612287209317,164.64617950454027,166.36935424804688,2459600
2020-11-03,169.64079973549323,174.06681820354407,169.01100917473715,173.13087463378906,4545500
2020-11-04,171.66130185690375,175.65872049013166,170.4804417027929,173.0783233642578,3868500
2020-11-05,174.63531659901906,178.54525951031326,174.11924246724016,177.53060913085938,2892800
2020-11-06,178.7377410448265,178.78147909257393,175.30888898368343,176.04364013671875,2475100
2020-11-09,187.61600967639362,190.6862280851465,183.1374983628533,188.00086975097656,6960500
2020-11-10,188.280804377512,191.01864334170006,184.7207381622912,190.22265625,4166500
2020-11-11,191.24605471056415,192.36567928638848,188.08835997876866,190.72998046875,2680700
2020-11-12,188.254532027679,189.68905166280967,185.7878506963699,187.63348388671875,3005500
2020-11-13,188.80560389278548,193.2753593889574,188.42073048850045,191.6309051513672,2832100
2020-11-16,195.5233643302109,196.4593077518175,192.46188811273277,194.5174560546875,3004700
2020-11-17,192.45313486520618,196.6779734059784,190.9748771547131,196.50302124023438,2722900
2020-11-18,196.80920731510284,199.1884130224037,195.50588820397053,196.19691467285156,2856200
2020-11-19,196.1969001826825,196.75671246382126,194.2812885707769,196.43307495117188,1505200
2020-11-20,195.05975282880246,196.64297110862324,194.73611535747307,195.36590576171875,1848100
2020-11-23,197.736343378198,201.18269250709645,197.44768834818123,200.15928649902344,3371300
2020-11-24,202.14491904150498,208.28535639919733,201.73380542748853,207.7430419921875,3915200
2020-11-25,205.55626138369624,207.69929207766273,203.30825671435528,206.90330505371094,2272800
2020-11-27,207.30569591034626,207.56811085304616,204.49787871332043,205.90615844726562,1050400
2020-11-30,202.97586925485118,205.55625359871635,201.4976115083484,201.69004821777344,2705400
2020-12-01,204.00306407683982,206.56232659418276,203.46658369229678,204.1085968017578,2577600
2020-12-02,204.10862339849325,209.42945149530576,203.66888576106624,209.00729370117188,2136300
2020-12-03,208.6906647445955,210.06265733206686,206.36006082755807,207.09002685546875,2142600
2020-12-04,209.05124849789757,210.85417530856887,208.39164211007096,210.7046661376953,2373000
2020-12-07,209.79004128334114,210.94216524903098,207.07246570885934,209.7108917236328,1788600
2020-12-08,208.44437679694386,210.3616393844538,208.06620896686152,210.05381774902344,1371800
2020-12-09,211.07405734469177,215.78804516217897,210.6607029088136,213.55418395996094,3552300
2020-12-10,211.07405520060624,215.62973045055037,210.6431075068033,214.94374084472656,2541700
2020-12-11,211.78643985034037,212.12943467246086,208.52359407935032,211.06527709960938,2077300
2020-12-14,213.9587408947665,214.15222652619178,208.77863213283172,209.1304168701172,1927800
2020-12-15,210.63432556062187,214.24896942957866,208.60273984955268,213.211181640625,2348000
2020-12-16,214.20501374478084,214.50403214255167,212.05909174717127,214.38970947265625,2400900
2020-12-17,215.4714459062396,216.28935148392452,213.71249532741317,214.9701385498047,2983600
2020-12-18,215.81444180436145,215.81444180436145,211.5665745250273,212.94735717773438,4088100
2020-12-21,220.1238482753838,229.41111792879857,218.77825225401014,226.00755310058594,7408500
2020-12-22,225.90197411417574,226.64075685878885,219.69289512293412,219.94793701171875,3599800
2020-12-23,221.18798467254862,229.1736066636947,221.01209233886135,225.54139709472656,3376100
2020-12-24,226.0603500681861,226.57043395864125,223.1668686696964,225.28640747070312,968100
2020-12-28,226.73751363330842,230.9941706521978,226.0251408230071,228.302978515625,2793400
2020-12-29,228.8921948008439,229.4198583816446,225.5853598840945,226.9133758544922,1430900
2020-12-30,227.61697832594672,229.23520950137362,226.75508295274446,228.1798553466797,1566500
2020-12-31,227.60818023290813,232.11989248575782,226.904610780224,231.92640686035156,2043100
2021-01-04,234.8198479994288,235.32993174003226,228.8042416309639,233.06089782714844,3572000
2021-01-05,232.07589531908226,240.53644154644027,230.92378507711274,238.27618408203125,4207100
2021-01-06,242.9901881458789,253.62303911395645,240.18466036908603,251.1341094970703,6383500
2021-01-07,253.08656387867435,260.22792491341363,252.12793914945016,256.4989318847656,4009700
2021-01-08,256.8067529613088,257.0530049385155,250.70319305541463,255.11814880371094,2800800
2021-01-11,252.23345906097634,259.44516593459997,249.94684517175784,258.4161682128906,2649700
2021-01-12,261.3272449563956,267.34285143944584,260.3422102960179,265.7861633300781,4814400
2021-01-13,263.912939824902,267.11424284363403,263.05107119636386,266.4282531738281,2413800
2021-01-14,267.40443622467257,272.11843747179245,266.95592210270155,270.7640380859375,3192200
2021-01-15,264.8891035175018,268.11676205568637,261.0985680408781,264.7308044433594,3863700
2021-01-19,268.2399288365791,269.647094486891,258.3897961238484,258.7416076660156,6727800
2021-01-20,260.16636414274205,261.5999130353004,252.83154408165436,255.46116638183594,4792600
2021-01-21,255.4435768625448,257.457555701094,253.75497270695266,254.4937286376953,2516000
2021-01-22,252.13678888857248,255.56673736731503,251.09021108051985,254.51138305664062,2568800
2021-01-25,251.11655090274874,251.83772700281932,244.05436617318918,248.92666625976562,4575000
2021-01-26,249.70939531340002,251.32762651392767,246.32341031406398,247.8009490966797,3296800
2021-01-27,242.73514284690287,243.9400195152727,238.61920556183685,240.38693237304688,3891800
2021-01-28,241.51265720829312,246.1035185487086,238.627979800027,241.8732452392578,3778700
2021-01-29,241.2136255025723,243.96638685403875,238.00354676227906,238.48727416992188,3412000
2021-02-01,239.79770503935882,243.43871831650122,239.2172482016646,241.61822509765625,2324100
2021-02-02,244.77555540108835,253.50873809862844,244.4941168826321,252.3830108642578,5195500
2021-02-03,252.06641396222918,254.88074578207946,250.80877066925635,253.77259826660156,2712800
2021-02-04,255.0478235123005,260.1751524307912,254.62566572842127,258.3458557128906,2994700
2021-02-05,259.4451893899063,261.4152052902079,256.97386617372143,258.1259765625,2938100
2021-02-08,259.4451951971035,264.6253172316041,259.00545757812534,263.9744873046875,2826200
2021-02-09,263.49079550057434,265.99730538074226,261.8197978602808,264.24713134765625,2071700
2021-02-10,263.84259717548923,268.39827291191637,261.8637776966731,267.60675048828125,3213700
2021-02-11,267.34286654433424,268.24872487791646,263.1125932075669,265.8829345703125,2159900
2021-02-12,265.59270576119184,269.73505325735084,265.3992201445594,269.4008483886719,1977300
2021-02-16,272.6373200564843,275.2053995257309,271.95133045379134,274.361083984375,2792200
2021-02-17,272.6637181453732,277.01713148778634,271.5467942095122,275.0470886230469,2333100
2021-02-18,271.9513102560408,276.5949380308018,270.50895810960463,272.5493469238281,2093300
2021-02-19,272.83956872563857,278.6001198693206,272.83956872563857,277.5799255371094,2749500
2021-02-22,275.2756960380985,281.9245253990832,274.5809032199534,278.67926025390625,3162300
2021-02-23,279.65547603927854,281.4320059144121,273.14733943094967,280.7372131347656,2942500
2021-02-24,281.58153752113566,291.0798572900482,281.5199678263969,290.7896423339844,3934400
2021-02-25,293.15549301185024,295.33660144091203,286.9640061593732,288.2568359375,4244000
2021-02-26,286.5066419497745,289.0659181428235,280.5877907065183,280.9747619628906,3732200
2021-03-01,286.9521772587257,292.2850806514231,285.4600237813901,291.29620361328125,2957800
2021-03-02,291.36679078168856,296.8321275886078,290.93416386622124,292.1967468261719,2850300
2021-03-03,294.6160313599513,300.2844529581096,294.2363779841626,295.2782287597656,3606300
2021-03-04,294.1304068959395,299.9842357475006,285.9986310292078,290.7399597167969,3647600
2021-03-05,296.2935852454695,296.2935852454695,279.4119709364249,289.04473876953125,3740200
2021-03-08,292.56766876973404,298.06833231167025,290.5722653133766,295.0663757324219,2998000
2021-03-09,290.14844425318887,297.00882740791786,287.4555186057232,291.8878173828125,3324800
2021-03-10,293.1945093078183,302.3151624153261,292.71771966449523,301.9796447753906,3153100
2021-03-11,299.0129518495809,304.6107224726499,297.07049588484915,302.05023193359375,2756600
2021-03-12,304.8050772059466,309.02548127238555,303.41005974623715,307.97479248046875,2436700
2021-03-15,308.53095588968773,311.1620960904372,301.9619567795942,305.5378112792969,2276200
2021-03-16,304.8579367783726,306.2882784453178,298.2094778467348,301.70587158203125,2332600
2021-03-17,304.27526846261094,306.4031325496464,300.54930356639136,304.566650390625,2710900
2021-03-18,309.6876395653034,315.0735169467195,306.36781476399506,307.25958251953125,3713000
2021-03-19,305.86455470652123,306.5885366680459,300.7523835943031,303.9044494628906,3513000
2021-03-22,301.1319701103132,302.7389084645042,296.6643484470282,299.6044921875,2094500
2021-03-23,298.09477147333115,301.86489917537324,292.5411351754781,292.92962646484375,2457500
2021-03-24,294.3864580022255,297.49436111604444,289.9894580141157,290.17486572265625,3332200
2021-03-25,289.0270881918332,292.59413228603626,284.23278563273146,291.8524475097656,2804700
2021-03-26,295.34892685494464,296.1788832215864,284.9126876492133,289.0624694824219,3082600
2021-03-29,282.8465739674235,289.3890871841595,280.52446422355564,287.59674072265625,4533200
2021-03-30,290.8459175878333,296.4436894584433,290.35147904023165,293.14154052734375,2717300
2021-03-31,291.56989026536723,293.70656509225796,287.3406493746268,288.718017578125,2624500
2021-04-01,286.3340723367134,291.06658923270606,286.21047619807564,289.2830810546875,2659000
2021-04-05,293.8831907783061,293.8831907783061,285.23046252841186,285.6631164550781,3235000
2021-04-06,286.5019207704902,290.0778031090771,286.0692937325781,288.77105712890625,1801700
2021-04-07,289.33606940758904,290.6604639390033,285.4953198775125,288.3206787109375,2157300
2021-04-08,286.32536791167803,292.6824475375353,285.1598938828946,292.3734436035156,2402800
2021-04-09,294.89861053274814,295.6932421182607,290.29855292499354,292.0820617675781,2347100
2021-04-12,293.72417960935644,295.3222799085539,291.3137722840267,292.9913330078125,2318800
2021-04-13,290.9342276655248,291.4109903910437,286.2281964084449,289.3184509277344,3575900
2021-04-14,290.0865464043092,304.14279928985724,287.96752048225903,296.0904846191406,9876800
2021-04-15,299.2249243949011,301.38811333151534,295.3753631358866,298.9158935546875,4354800
2021-04-16,300.45223949652814,303.498331649661,298.9777346278792,302.2357482910156,4231900
2021-04-19,300.1961578752102,304.1075307595774,297.1942016854344,302.9244079589844,3228200
2021-04-20,300.1696631931853,300.611128119672,290.79295246578795,293.0267639160156,3662300
2021-04-21,291.3668665945697,296.19649421864466,289.21251548597684,296.0198974609375,2733300
2021-04-22,295.44597585188643,297.520866344512,291.6229015379305,292.1173400878906,2165200
2021-04-23,292.4704565837885,300.7876660275165,292.0025049310495,299.6221923828125,2163800
2021-04-26,301.9090597272275,305.40545467427773,300.9819940869487,303.3040771484375,2171500
2021-04-27,303.72790818965956,306.86229878982596,303.4277152347187,306.0500183105469,2088600
2021-04-28,307.25954959766347,309.1313563357562,305.5731505604519,307.3566589355469,2140900
2021-04-29,309.51100329496103,312.40701170556747,306.8004295263013,311.647705078125,2584400
2021-04-30,310.0142675277831,311.5152587743089,306.5531982423158,307.6568603515625,2101100
2021-05-03,309.32557736797753,312.61007681831654,308.3720251800808,309.1666564941406,1871700
2021-05-04,308.05419911316955,310.59704122591563,302.46526538422563,308.8841552734375,2831400
2021-05-05,310.7912956718322,317.095427500536,307.74517702436947,315.75335693359375,2786800
2021-05-06,317.65167836961837,323.41720950155604,314.7645073154379,323.1258544921875,3048700
2021-05-07,319.885457888892,328.14085696275606,318.67584836603027,327.4698486328125,3378100
2021-05-10,329.774282822828,332.84688825049045,325.35963378905524,325.5185546875,3396300
2021-05-11,320.50356147211863,325.4744612408427,316.6363241051581,317.7841491699219,3734300
2021-05-12,320.56535315516214,325.03297612487324,311.9126242949615,312.91033935546875,3309800
2021-05-13,311.89492894144206,318.64052505152273,311.89492894144206,316.80401611328125,2673900
2021-05-14,319.62056727757823,326.25137827633296,319.355699132371,325.5979919433594,2732300
2021-05-17,324.72400340698687,327.30217093486556,321.8279940037608,326.02191162109375,1826100
2021-05-18,327.9025087616613,329.4034734164398,321.3864818244784,321.88092041015625,2018600
2021-05-19,317.85481133396166,317.85481133396166,312.4954195760858,316.4244689941406,3696000
2021-05-20,316.9542197594575,319.5765229261607,311.9833195693025,317.6605529785156,1919600
2021-05-21,319.1702139636474,324.15878778270934,318.30496019634853,323.3818054199219,2657500
2021-05-24,324.3178123035846,326.4368386417354,322.7197113649667,325.17425537109375,1834300
2021-05-25,326.60457717532125,330.0126733910742,321.46591908966417,321.8367614746094,2631000
2021-05-26,322.26937112440663,325.6156825499631,319.5411213255334,324.3883972167969,2121200
2021-05-27,327.8583825310935,329.81848819386397,324.3001757361639,327.8937072753906,3897000
2021-05-28,329.55919579345993,330.5071279258864,326.24589425067495,329.576904296875,2169700
2021-06-01,334.60892239556875,339.62315976244855,333.3774919253659,338.8081359863281,3644000
2021-06-02,339.5965969115846,340.7837426497945,336.0883933557692,339.6940612792969,2809700
2021-06-03,338.6397325017152,346.6129374527039,336.7616041056673,344.37158203125,3003900
2021-06-04,345.2219889126655,347.32159485458385,342.2453392319391,346.7900695800781,2514100
2021-06-07,348.16329765951974,348.3936433527098,343.3350680862764,343.87548828125,2188700
2021-06-08,341.77591281166093,342.38719410207943,338.6132012718231,340.8102722167969,2452600
2021-06-09,339.4459647708545,340.42931388073424,335.6542633903062,339.10931396484375,2025900
2021-06-10,345.18665690382954,345.18665690382954,329.8692356352638,331.27783203125,3900800
2021-06-11,332.83707421035535,335.5390943871064,332.3143624565651,334.9189453125,2117300
2021-06-14,334.36968085434347,335.5390909073054,328.4075118027044,330.3742370605469,2560500
2021-06-15,330.8880118680753,332.07513027277446,325.27133507156793,328.9389953613281,2302900
2021-06-16,328.6644110390841,331.4018752651786,323.5792859429619,328.67327880859375,3264200
2021-06-17,330.9057605290659,330.9057605290659,315.8718364412431,320.2571105957031,4146300
2021-06-18,315.84522530003625,317.4930350985153,308.4124402957335,309.0325622558594,6290100
2021-06-21,312.62944717038005,317.12986749341616,310.9905048331192,316.7489318847656,2717300
2021-06-22,316.270427670318,318.821857294911,312.40786623677457,316.7399597167969,1870800
2021-06-23,317.85628676925467,321.12530331447994,316.8552021584023,319.8584289550781,1713100
2021-06-24,321.58587940280717,328.56686645497706,321.39097778840085,326.67987060546875,2716600
2021-06-25,326.7419436402896,328.8061059041567,322.95024283188906,326.6976318359375,2782400
2021-06-28,325.83828738554143,326.7862193202474,322.3477933931237,326.64447021484375,1833400
2021-06-29,332.0928319045033,334.9543362993412,328.45174795897003,330.1083984375,2365900
2021-06-30,328.5846794210127,336.74391948447226,328.5846794210127,336.2301025390625,2238400
2021-07-01,337.2665829038408,338.0993420348333,331.46384525550474,332.2080078125,2571000
2021-07-02,333.37751406794393,333.6344360960372,329.93133074110386,331.4728088378906,1598900
2021-07-06,330.6488448015151,331.0032040864255,323.721008582613,327.6632995605469,2162900
2021-07-07,325.57255816015044,327.86706627811634,320.8595013057922,325.7231750488281,2012800
2021-07-08,318.653630654763,321.48855934610515,315.0213867176945,317.98919677734375,2940500
2021-07-09,324.24369733550753,329.6920491376575,323.31350082143825,329.3465576171875,2641800
2021-07-12,328.06188462469504,340.1900151938239,325.42185862803694,337.0893249511719,4135900
2021-07-13,337.5855024441085,341.36833558284434,329.56801255858824,333.0850830078125,6466800
2021-07-14,335.5390854051229,338.2145292376799,329.01878770622284,331.68536376953125,3295700
2021-07-15,328.8858696184089,335.53907551643454,328.2923238856415,330.7551574707031,2183900
2021-07-16,332.1548622222204,332.1548622222204,322.32123709218905,323.1805725097656,2583300
2021-07-19,313.6127528237062,314.66698994663375,309.18319416800415,314.2506103515625,4394600
2021-07-20,312.0800867259205,325.40420549118846,311.4333885253909,323.1451416015625,2937900
2021-07-21,326.0509304608277,332.1282713881568,325.9534661209029,330.88800048828125,2398800
2021-07-22,329.8249443132367,331.0563746625453,326.4142055947995,330.18817138671875,1887100
2021-07-23,331.85364400495155,334.8746059964738,329.0098751589956,331.375244140625,1706900
2021-07-26,330.60454015160934,333.7052312745012,330.5425198405401,333.01422119140625,1559100
2021-07-27,330.0021041692838,332.3409240055848,327.0963149106512,332.07513427734375,1791800
2021-07-28,332.9345188184836,334.37855941042216,329.8604037225055,331.5347900390625,1668900
2021-07-29,334.0152877964895,336.2123585495299,332.0485627373629,334.4759521484375,1296600
2021-07-30,333.60778869886934,336.60217469035814,330.498229856034,332.110595703125,1474900
2021-08-02,333.2533456742784,342.7857351678559,332.88125094310845,335.0428771972656,2383200
2021-08-03,336.86795574742393,337.8070200752628,329.3554140888308,336.96539306640625,1494600
2021-08-04,335.2998066592859,338.9940426108866,332.8901262086908,334.7505187988281,1460500
2021-08-05,336.7793734485166,340.4647698693047,336.60220730579255,340.4559020996094,1583800
2021-08-06,344.51331939868834,353.3547001733549,344.30070925872315,352.4953918457031,3655800
2021-08-09,351.34373512767905,358.43989684494574,348.6771321281308,354.2583923339844,3319100
2021-08-10,354.47103237651413,363.78197423738567,353.9217713749651,361.4254455566406,3152300
2021-08-11,362.16066885557035,367.3698336423165,360.6191912481822,366.66998291015625,3000500
2021-08-12,367.10405943680956,370.8603160338229,363.7198705780937,367.6533203125,2312800
2021-08-13,368.53925492326067,369.32772928721727,361.6114191714289,363.914794921875,1980000
2021-08-16,362.32902388264023,362.32902388264023,356.26939099272886,361.7620544433594,1590700
2021-08-17,357.76661554263677,361.76208638391984,354.54191067205517,358.7677001953125,2077400
2021-08-18,356.6681170011173,359.77764921705074,353.11560182332613,353.3016357421875,2187800
2021-08-19,349.58073129703297,352.35363899843287,346.31171525039804,348.6682434082031,2241500
2021-08-20,346.8255135262046,351.2196543999927,346.3914255063342,350.705810546875,1612100
2021-08-23,356.03912588610245,357.9969835018735,353.47882766588464,355.6493225097656,1857600
2021-08-24,357.54504698391196,362.92253669778853,356.75659974594663,361.9480285644531,1958400
2021-08-25,363.1352776767531,369.14175919914555,362.2848098338696,365.9879150390625,1845300
2021-08-26,368.4329094066086,372.72958594401894,364.2514056994601,365.3587951660156,2076500
2021-08-27,365.6866053848389,371.9500071632324,365.4385512072727,371.8082580566406,2174500
2021-08-30,372.0386306613286,372.75621697822027,365.6334793127586,366.4130859375,2089400
2021-08-31,366.86704817480376,369.315143145422,363.884845126212,368.1133728027344,1958100
2021-09-01,367.8019009685669,370.42802368999725,365.2647781750877,368.24700927734375,1680400
2021-09-02,369.53777001853877,371.73660593010726,367.3389612742227,368.9947509765625,1830400
2021-09-03,368.54959152847283,369.5466295549301,365.52286118608487,366.1549072265625,1373600
2021-09-07,365.8789612718613,369.19947841349233,364.6682799390762,365.27362060546875,1557000
2021-09-08,364.29437316001656,365.861162790072,360.27060462594216,360.53765869140625,1646200
2021-09-09,360.24396176017746,363.9917660214998,359.21130724902423,360.163818359375,2424600
2021-09-10,363.2083391919649,364.8018343653485,358.89969450671873,359.1845703125,1956000
2021-09-13,362.68314149471894,364.4279583913116,359.46944550174675,364.3300476074219,1802800
2021-09-14,365.2557462954604,371.22911738051675,358.56132932972474,359.3714294433594,3263200
2021-09-15,354.3062043878195,359.3003064395365,352.71270907783696,357.82257080078125,3199800
2021-09-16,360.1103048228849,361.4100402423961,351.5375442714059,353.1310119628906,2882900
2021-09-17,352.8105352267062,355.3387462922489,346.1427965773326,348.48406982421875,3843700
2021-09-20,336.34158878225503,339.04782725496386,331.60563070413906,336.6175537109375,3834500
2021-09-21,339.038973029229,339.6176083439398,333.01218969595277,334.5789794921875,2377300
2021-09-22,338.994440803546,346.55239755112757,338.0241080543705,343.1517639160156,2991300
2021-09-23,347.5316482446991,350.5138519212168,345.5642501300063,348.8402404785156,2518000
2021-09-24,347.60284496810124,349.4010725547572,345.93814442573245,347.9411315917969,1789700
2021-09-27,353.0420106593857,356.97677913107833,351.7957131233005,355.91741943359375,2788500
2021-09-28,356.4871687918796,359.83436398726764,345.7511611648468,346.7392883300781,2609000
2021-09-29,347.7898018920507,349.31209178211617,342.11021584755855,342.6354675292969,1955000
2021-09-30,345.40399330377994,345.4217878531214,335.273325442079,336.5285339355469,2665700
2021-10-01,337.78373803249804,340.7036469542887,334.5878641796274,338.2822570800781,2382300
2021-10-04,338.4691411260533,344.39798510720067,331.8904566150686,333.0744323730469,2895600
2021-10-05,336.5909053243088,345.5998930613763,334.27633670726556,343.4544677734375,2508100
2021-10-06,340.4009140718203,346.7837497466211,337.0893083400726,345.44842529296875,2111800
2021-10-07,349.7749926943101,354.17266468470984,346.9708159569892,347.73638916015625,2348000
2021-10-08,347.92321404989696,351.0211764603845,345.5641463597135,349.68585205078125,1446700
2021-10-11,349.76602139705045,353.37141415111194,342.7511117526975,342.94696044921875,1787400
2021-10-12,343.81940250223255,345.9292111671105,339.1902660401772,344.0953674316406,2088200
2021-10-13,345.4040042007785,345.7422908196942,337.0626798893911,343.8995361328125,2391600
2021-10-14,348.96490899880035,350.4426718224883,340.24079714073224,348.25274658203125,3380900
2021-10-15,358.1429208096247,362.5583860918508,352.8283283625199,361.4901428222656,6451400
2021-10-18,363.21722812825044,370.27663816681576,362.8522361179825,368.2736511230469,3832300
2021-10-19,369.6000035526756,370.1964604379773,364.71272467140807,366.91156005859375,2568300
2021-10-20,365.8790035568551,368.8434127269725,361.60597496615804,363.1104431152344,2453400
2021-10-21,362.1401050623096,367.35678850920635,360.19943937811036,362.8433837890625,2162100
2021-10-22,364.9797901557816,369.760247575945,364.18751173664907,368.8344421386719,2411000
2021-10-25,370.51696298548285,373.43687171245136,367.8997245766896,369.2172546386719,1824700
2021-10-26,370.65941545239,373.721762184958,368.3359635800303,371.7632751464844,1843300
2021-10-27,370.819626592521,372.1638620356833,365.4783282495693,365.8700256347656,2067200
2021-10-28,366.7691547788973,369.36859860616227,364.1519164039398,369.2795715332031,1444700
2021-10-29,368.5674075954879,370.2944296947383,366.0391961187168,367.9709777832031,2061700
2021-11-01,371.28253121286514,372.7602935804944,367.88189831267897,370.9531555175781,1820800
2021-11-02,369.5288734707211,379.37466575769326,367.4724755352935,377.3182678222656,3000800
2021-11-03,376.6683539747428,377.4517487434228,367.2676710850789,372.02142333984375,3542400
2021-11-04,369.1281800962519,370.32106666763025,358.7838711285167,363.27056884765625,3802300
2021-11-05,366.2351161409585,368.95029316275554,361.5169788689585,362.3893737792969,2105600
2021-11-08,364.8908075092389,368.23800264697496,363.17266923709656,363.5109558105469,1728400
2021-11-09,361.5257891918133,362.8344084589992,356.139990540346,360.8492431640625,2246900
2021-11-10,358.16077939233037,361.02727750418353,353.63849169131555,355.3031921386719,2243900
2021-11-11,356.211217874791,359.4337970275585,354.7601607368073,358.169677734375,1252400
2021-11-12,358.75726372392234,360.6267238814925,355.374451756702,360.45758056640625,1360100
2021-11-15,361.4279206628906,362.6208075843184,359.5673713264451,360.3685607910156,1436500
2021-11-16,359.5673253090639,361.28543651701824,355.19635933140694,358.83734130859375,1311000
2021-11-17,357.7334852207661,358.4456475125817,348.4930341396716,348.5642395019531,2927000
2021-11-18,349.2319782098678,350.67415199213787,343.33874837949844,348.4040832519531,1847400
2021-11-19,340.4009989508236,347.39808779240855,339.2081120681839,344.8609924316406,2610400
2021-11-22,349.99747222078275,358.3031790213993,347.34461765091305,352.6681213378906,3058700
2021-11-23,356.3091151532011,362.2824596080279,353.86993090351075,361.73052978515625,2402300
2021-11-24,360.5376644661148,362.74541105589515,354.57320334755303,355.3655090332031,2186300
2021-11-26,342.2704220179,348.7066694053051,340.7036324110991,346.6413879394531,2687900
2021-11-29,350.7453168655999,352.8551257192746,340.46332669240536,344.10430908203125,2883400
2021-11-30,341.4246702840259,344.3623733261393,335.84302363711197,339.16351318359375,4570400
2021-12-01,343.4859952221574,349.15974831024397,336.6756835536983,336.9173278808594,2476000
2021-12-02,338.2776039614736,348.20220022899514,336.51462170554595,346.8150939941406,3343700
2021-12-03,348.9092530255602,348.9092530255602,339.1994257005137,342.5106201171875,2807500
2021-12-06,347.82636363342937,352.2382847127881,343.1906866616117,348.39013671875,1990200
2021-12-07,352.22041869375425,359.53188179763805,351.75507300962346,358.064208984375,2441000
2021-12-08,359.0665012643655,359.4960426816828,353.6164760471998,355.5673828125,1635200
2021-12-09,354.11762228196847,358.1357790088231,351.7013425918229,354.8245849609375,2111500
2021-12-10,356.176011026471,356.94562447385977,347.8175119344315,349.9653015136719,1893800
2021-12-13,350.0815573967191,350.0815573967191,342.4479388517369,344.2198791503906,2313300
2021-12-14,343.2533135128269,351.2538492317705,342.9848501574057,347.9605712890625,2788500
2021-12-15,348.56911701895604,350.26944871302265,340.6043852757682,348.93603515625,2802300
2021-12-16,353.6075221171567,357.82256118541756,350.62744194810784,355.61212158203125,3578200
2021-12-17,348.30963333025375,352.30097130216205,340.6312796328275,341.6783142089844,7058600
2021-12-20,336.05816929990664,336.15662406305904,328.1202847451842,332.5590515136719,3735600
2021-12-21,336.87262119166803,341.9378399752613,335.37812943693115,340.3538513183594,2942800
2021-12-22,340.44335589821895,343.65609539086915,339.4141824660418,342.1526184082031,1487900
2021-12-23,343.4592073349183,346.8777596078678,343.26232507328285,344.5778503417969,1624000
2021-12-27,346.32292722001074,348.22014144571165,344.5420562401423,347.2626037597656,1430400
2021-12-28,348.0590094859785,350.20679832745026,345.65168785251626,346.8777160644531,1528200
2021-12-29,347.19995551993105,348.5333692928321,344.02302019004225,345.615966796875,1327800
2021-12-30,347.0030234781602,348.819698433861,344.72100291338245,345.0073547363281,1160100
2021-12-31,344.5419770477172,346.3318054999131,340.8191305898759,342.34942626953125,1601300
2022-01-03,348.1217028674852,357.3393102967978,346.63614168080204,353.7864990234375,3334300
2022-01-04,359.9614585352502,367.165509123227,359.0217819516299,364.6597595214844,3916400
2022-01-05,366.7358623073446,369.2953313586513,356.07745722846596,356.73968505859375,3469600
2022-01-06,358.86069213158055,359.03968594467284,345.82178212476924,355.2183837890625,2960900
2022-01-07,355.8806468668857,358.4579775819307,353.0706023412114,355.7374572753906,2360700
2022-01-10,359.1470524351958,361.87653042238,352.7931547530165,357.2229919433594,3009400
2022-01-11,358.1894716699495,360.9547537579723,354.66350691575684,360.6952209472656,1748800
2022-01-12,360.86527348897357,361.6528025297396,347.7279366670902,349.2940368652344,4158000
2022-01-13,352.6409234923214,355.1645880472613,348.7928034230603,349.7324523925781,2497800
2022-01-14,341.973549881137,343.996064607647,335.59280759634055,340.9085998535156,4685300
2022-01-18,322.2049840686135,323.5742019905346,310.7411329372726,317.15765380859375,13123500
2022-01-19,320.6835385014587,321.90956653740017,309.989330619657,310.82159423828125,7426100
2022-01-20,312.2356349655919,319.64552525391076,309.76568974323266,311.51971435546875,4599900
2022-01-21,309.22867307197015,312.3161108029717,304.9151798954729,307.76995849609375,4904100
2022-01-24,301.87258018723554,307.9132533522439,291.9479811830374,307.3047180175781,6569800
2022-01-25,302.3556325689023,306.8928531280283,296.13599662157253,305.6578674316406,3959300
2022-01-26,310.17735771039577,313.64963018951045,302.84800608840425,306.6692810058594,3745900
2022-01-27,309.34504247295166,312.1192549936956,302.23046276307844,305.192626953125,2573400
2022-01-28,302.23941635944055,310.66949377117754,298.40918424800947,310.5442199707031,3714600
2022-01-31,308.38750848436933,317.8825371833564,307.3494045004617,317.4082336425781,3312400
2022-02-01,318.7058265563117,326.23205892012544,316.84438956200944,325.802490234375,3303700
2022-02-02,325.301357261437,329.80277522547726,320.2271810200819,324.9075927734375,2742400
2022-02-03,324.69280403035106,327.3238541854855,320.52250022874756,321.1668395996094,2372900
2022-02-04,324.1111416610037,331.9684885495748,323.0819683115812,328.97052001953125,3762300
2022-02-07,327.08226240425165,332.4338604640404,325.16715974827514,329.4627380371094,2635600
2022-02-08,332.08479274133276,333.4898147735949,327.76236860682104,331.2077941894531,3422300
2022-02-09,333.8030234671564,336.7383411869898,331.92369803377034,335.1722412109375,2250400
2022-02-10,332.6486061284885,337.74067097611913,330.07124842507955,331.62841796875,2406200
2022-02-11,329.82066368016166,335.50337510820026,322.8582313214337,324.9075927734375,3142100
2022-02-14,324.9076067106554,326.0083612098651,319.645505882229,322.3839416503906,2585600
2022-02-15,325.82930002404845,327.4401619319699,323.3861744845383,325.695068359375,1846400
2022-02-16,323.3772721075322,324.87176362221567,319.0637788358656,322.2138671875,2165300
2022-02-17,321.0773836579485,323.0282904730296,311.28701804935986,312.3788146972656,3102400
2022-02-18,309.25559760596025,313.22006212343035,307.28677486264985,309.67620849609375,2910900
2022-02-22,306.4723398894555,312.3250869888846,305.34476645607316,308.0921325683594,2590800
2022-02-23,311.04534200550984,312.55774922218603,304.1097568003858,305.3357849121094,2217300
2022-02-24,294.0420174870162,305.16579641468024,292.5922605951558,304.44091796875,4564000
2022-02-25,304.4408704183266,313.84642760163354,304.4408704183266,313.3273620605469,2980500
2022-02-28,304.4946049234977,307.7073441346154,302.0783252753901,305.4253234863281,4245700
2022-03-01,303.72395785185586,304.4081107214392,294.37998564509684,295.4422302246094,5631500
2022-03-02,298.50285080164673,304.2640582444999,294.72204382298474,302.8057556152344,3469900
2022-03-03,305.0472212838642,307.4147241404907,297.1795735916505,300.1412048339844,2393700
2022-03-04,294.3619241875148,297.6566205805174,291.6613560757027,296.76544189453125,3293100
2022-03-07,294.1999207753581,295.07310563518143,288.82578869409525,289.7619934082031,3689900
2022-03-08,290.31107214444086,297.5665962768964,286.7553131403885,289.2938537597656,3596400
2022-03-09,298.5748850263684,303.78699059129946,297.0895776553609,300.29425048828125,3202100
2022-03-10,294.9290531267286,298.71884275226034,292.3455139826468,296.97247314453125,2232600
2022-03-11,300.9963300645078,303.0127455616307,294.1008758543669,294.3619384765625,2613500
2022-03-14,296.3513629160257,298.52082280010154,290.6711696502596,292.5435791015625,2342200
2022-03-15,294.4250036156909,298.7729070680346,292.41757102324954,296.306396484375,2140700
2022-03-16,301.6264855072545,307.261652781745,300.8973342507182,306.7485656738281,3468500
2022-03-17,303.69691380201596,309.3051040290197,301.4734447363861,309.0080261230469,2403500
2022-03-18,305.04719800823807,312.1586892500972,303.63389396242036,310.9074401855469,5861900
2022-03-21,310.79944076066,311.735618076768,303.49888950828625,305.16424560546875,3401200
2022-03-22,308.04483557195874,311.68158110893586,306.17242616350984,308.77398681640625,2840200
2022-03-23,306.06442436430575,306.81156954804277,301.6805059754853,302.1125793457031,2196800
2022-03-24,302.8598085019232,303.81400733463823,300.933389461637,302.6707763671875,1944100
2022-03-25,303.7509834951342,307.7118124150278,301.9956301808898,303.80499267578125,1580800
2022-03-28,304.3990413888002,304.714113174438,298.42179803303316,301.83349609375,2182600
2022-03-29,308.28789205535196,309.6651808597303,303.12081323540775,305.75836181640625,2378700
2022-03-30,305.16425412079155,305.93840393897557,300.3302406854853,302.0946044921875,2650200
2022-03-31,302.58069892134637,302.91376463856824,297.1525573730469,297.1525573730469,2632000
2022-04-01,300.6002233643724,300.80727680486297,294.8750322787965,297.2605285644531,2444800
2022-04-04,297.0625186835441,298.7458685606279,293.33572117187254,295.451171875,2569400
2022-04-05,294.68603568113235,296.82849118944546,291.1933233295985,291.6253967285156,2573900
2022-04-06,288.0606082595273,288.6187212925741,284.2348033060805,284.69390869140625,3151300
2022-04-07,283.5597835141349,284.30692895144057,277.4385039380302,282.79461669921875,3562600
2022-04-08,282.28138503429665,291.3733036319084,281.7592872604239,289.3118896484375,3294200
2022-04-11,288.60979210376007,296.0723720357754,287.18750453636477,288.7448425292969,2747700
2022-04-12,289.57293379523384,294.46996656904065,286.2692539193659,287.8625793457031,2365200
2022-04-13,284.27986351365894,290.4281738402877,283.3076708371933,289.83404541015625,3022900
2022-04-14,295.68526999776833,299.7901322509152,287.18747823507005,289.5369873046875,5460900
2022-04-18,288.64579915747214,299.4570853969068,288.64579915747214,296.9545593261719,3653400
2022-04-19,297.48565237093715,303.5439381497855,297.48565237093715,302.418701171875,2774800
2022-04-20,304.3540626070923,310.4753399602641,303.8139434355531,307.01861572265625,3040100
2022-04-21,309.9622495179835,312.6808394869057,300.0871692514249,300.933349609375,3097800
2022-04-22,299.1419602953396,299.3129984922062,287.5835308080524,287.85357666015625,3125200
2022-04-25,284.80193530108727,290.00502909012556,281.525232600538,289.3388977050781,3093600
2022-04-26,286.21520890749485,289.50089447278776,281.5792118735026,281.8672790527344,2791700
2022-04-27,280.98510553850014,287.3764276878964,280.98510553850014,281.96630859375,2469300
2022-04-28,285.4680813834635,287.48449701278525,280.99413860220403,286.62933349609375,2176000
2022-04-29,285.58510774806257,287.2324423813738,274.2967241658305,274.9988708496094,3129600
2022-05-02,275.28694085280847,280.2919921306402,272.0462532520103,279.43682861328125,2968100
2022-05-03,280.42705358622095,287.6285703678337,280.24703214964444,283.253662109375,2606200
2022-05-04,284.3068087737109,292.3815088661002,281.012139713903,291.7603759765625,2629400
2022-05-05,288.5107591348515,288.67278666536123,277.8795224390305,281.8223571777344,2622100
2022-05-06,281.11117485473466,282.3984392414834,275.51199508790785,281.7232971191406,2375600
2022-05-09,278.08651385973434,282.4524103519462,274.539765523904,278.05950927734375,3234000
2022-05-10,280.6070508015212,283.69469395965257,270.641947197531,274.6117858886719,2798400
2022-05-11,274.61176081057374,279.8778740004241,270.9569942486684,271.45208740234375,2320600
2022-05-12,270.0568347968677,272.65839549177974,264.56567366167764,269.5257263183594,3408300
2022-05-13,273.3246187838417,278.7257572956169,273.27060959645286,276.3492431640625,2152500
2022-05-16,275.4129878484244,275.8810764975166,270.55194258288276,273.15350341796875,1568800
2022-05-17,278.9417371658921,282.94759173393214,277.3754161077829,281.7323303222656,2096200
2022-05-18,278.15856315371445,281.63328153295396,274.4497867071216,276.1151428222656,2033200
2022-05-19,273.4956111966858,279.0497656513183,273.10853626140215,277.4384460449219,2108800
2022-05-20,280.1929651426172,281.3902049729557,269.52571511714075,276.1781005859375,2201100
2022-05-23,281.5073097338521,289.70802429647205,280.0220022988832,285.009033203125,2653000
2022-05-24,283.8747924010511,284.27986123315964,275.8450891792237,282.6145324707031,1870900
2022-05-25,280.1839793759703,285.9001881443067,279.04074861094426,283.46966552734375,1929500
2022-05-26,286.53031309948983,293.011688629239,286.2422733316374,291.3283386230469,2440400
2022-05-27,294.13687575050557,295.8652514231385,290.9322038008064,295.7842102050781,2106700
2022-05-31,293.45658707128536,298.62813904224305,292.23388353829984,296.0287780761719,2722900
2022-06-01,296.164635717219,298.22056987414936,286.04792942430953,291.5002746582031,2330200
2022-06-02,290.3591370390428,294.53443958993455,289.127395008486,293.67401123046875,1957500
2022-06-03,290.6217676045074,292.0890009543686,287.5604893116652,288.62921142578125,1238900
2022-06-06,292.5418722373171,294.54346678188995,289.63457530191664,290.28668212890625,1099700
2022-06-07,288.26689373496066,291.49119134038915,286.79966060033547,291.19232177734375,2516800
2022-06-08,288.3213752247476,289.4172676804604,283.3037748578326,285.0065002441406,1438100
2022-06-09,283.9920641454346,284.5173870560957,275.35165484663315,275.5328063964844,2896500
2022-06-10,268.98453503057044,270.4880042648337,259.8007274736083,259.9546813964844,3866900
2022-06-13,252.6909662283777,259.41129010824056,252.0750952381577,256.6036071777344,4218100
2022-06-14,257.5183738167999,261.9110363700388,254.77409640969955,255.89718627929688,2487700
2022-06-15,260.0815349589234,266.7112839368956,257.3734933105347,262.7171325683594,2725800
2022-06-16,256.0239237557787,259.1486077982838,252.8267956896079,258.1070556640625,2777300
2022-06-17,255.52581915300954,259.2663744378859,251.92111369836675,253.40647888183594,5234400
2022-06-21,260.633965807249,260.9056931070993,256.295671276693,257.9530944824219,2506300
2022-06-22,255.6707268198919,259.03994070305595,254.5385988704395,257.70855712890625,2463100
2022-06-23,257.00209906360834,259.5652244666376,252.62754138147326,259.1848449707031,2547000
2022-06-24,263.55938292297816,274.5455568122111,262.6536805761638,274.2013854980469,3984300
2022-06-27,274.48214497509866,275.6233387517252,270.6963158822742,272.4171447753906,2091700
2022-06-28,277.0543033210604,279.83481576752285,270.96798330253625,271.2487487792969,2276600
2022-06-29,274.76293690242875,278.44915236083216,271.6292142892635,274.6814270019531,2475900
2022-06-30,268.61320748006847,272.00959150345506,264.67342412481514,269.01171875,2669500
2022-07-01,267.4267348156058,272.00958669902906,264.2115023861938,271.0133361816406,1749400
2022-07-05,265.3708128950111,269.31062400691627,261.16834033835374,269.1747741699219,2480900
2022-07-06,268.3323757147083,269.30148368374563,263.19705981717465,266.05908203125,1774500
2022-07-07,269.59132569165314,270.86836913659533,265.91417689550974,270.44268798828125,2046500
2022-07-08,272.16355973491386,272.5167969231585,267.24560254364883,268.5135803222656,1438900
2022-07-11,265.55191469375035,268.57695693682734,264.3563810724606,265.5337829589844,1519400
2022-07-12,262.3909814745876,270.8774068231319,262.2098576151411,264.945068359375,1772600
2022-07-13,263.1155874686656,263.7314584071813,258.8587755468987,262.7895202636719,1884100
2022-07-14,257.43681826345255,257.43681826345255,251.6403289508196,255.03671264648438,3171900
2022-07-15,259.4837601141987,268.4773790929707,258.2610562401416,266.1587829589844,3457600
2022-07-18,276.92762070606636,281.8999188639268,270.5424011406612,272.8519592285156,6767900
2022-07-19,274.9621467635024,289.0458335399303,274.8806368765965,288.05859375,5641100
2022-07-20,287.3612400507647,291.79013780242815,286.4827076670518,291.1380310058594,3489800
2022-07-21,290.28663297116714,296.3095473222692,289.68886617766674,295.7480163574219,2518800
2022-07-22,296.264312926817,298.0213778778055,291.8082723846045,293.3841857910156,1830300
2022-07-25,295.2317987870034,296.4273325333044,292.1795862624618,293.5562438964844,4024500
2022-07-26,291.4278681289805,293.7102559982991,287.79602009031805,288.5115051269531,2054700
2022-07-27,290.0874105582938,295.6122003667478,288.35751577008205,293.9366455078125,2081900
2022-07-28,294.62489956393466,298.86360664983204,291.5364795426507,298.07562255859375,1820700
2022-07-29,298.4288923709628,303.57327453457003,298.4288923709628,301.95208740234375,2112200
2022-08-01,300.44865128855855,303.2291365039295,297.98513978462904,300.765625,1476500
2022-08-02,298.4289032026517,300.5391773672591,296.36390309640296,296.961669921875,1862900
2022-08-03,300.75656010756137,303.8721781345421,298.53757848514454,301.7528381347656,1770600
2022-08-04,301.8525443990427,302.7763510485975,299.4433723021291,300.57550048828125,1533400
2022-08-05,299.6968739319347,305.140153388814,298.58287783558836,303.11138916015625,1876400
2022-08-08,305.32130293613454,306.88817793655517,302.8125174016714,303.1204528808594,1460000
2022-08-09,304.4518212567146,306.2813575840381,303.02082379063836,304.87750244140625,1587900
2022-08-10,309.1705084035503,316.7240895309603,309.1614701760938,315.1028747558594,2459500
2022-08-11,316.9958217088907,322.47530985677895,316.79656608679426,318.51739501953125,2360800
2022-08-12,320.1113951399619,321.12577720491305,317.1316270942894,320.45556640625,2369000
2022-08-15,317.90155759280503,324.80300578825654,316.1354267724625,322.2942199707031,2045700
2022-08-16,319.7038612753891,322.85571538000875,318.825328896908,321.4971618652344,1740900
2022-08-17,318.71668950467244,322.05873378653484,317.6932413045567,320.3831787109375,1576300
2022-08-18,319.4050064402449,321.6149224710355,317.77472556318907,321.089599609375,1102200
2022-08-19,317.90153080692244,318.68042157539327,314.7315725225229,316.33465576171875,1812300
2022-08-22,310.14874985064745,312.0416646584031,308.62717636496524,310.1306457519531,1723900
2022-08-23,309.7049174264115,311.6250019103256,307.06025450716305,308.101806640625,1538000
2022-08-24,307.0511988095601,311.8514378181821,306.5711776726821,309.69586181640625,1530800
2022-08-25,311.969129382477,314.1518473301909,309.84976194174243,313.8167419433594,1763900
2022-08-26,315.4923410238366,315.85461642179206,304.31597777587274,304.6782531738281,1703900
2022-08-29,302.4321594238281,304.6782837000997,300.70226451244037,302.4321594238281,1835600
2022-08-30,303.4103024883493,304.32507075254176,299.95051270402416,302.16949462890625,1830300
2022-08-31,302.55269962447176,305.8287435298773,300.8462538641934,303.57476806640625,2488000
2022-09-01,301.01968834615093,304.5055992541977,296.2288513885311,304.33221435546875,1575100
2022-09-02,305.40900407382827,310.5557451232993,301.11094673257224,302.4888916015625,2215400
2022-09-06,303.2553666731154,304.10402237750156,295.1702460005448,297.93524169921875,1578100
2022-09-07,295.8911654491086,303.1093619095196,294.97862523184074,301.6492919921875,1496600
2022-09-08,301.40296343472085,306.44017619867134,298.72919901386683,306.04779052734375,1755600
2022-09-09,308.42042969824246,311.2036669167295,307.55350513588127,310.3550109863281,1445600
2022-09-12,311.77852051600036,314.2514969177417,310.34582556927694,312.6180419921875,1563200
2022-09-13,306.6865378432805,307.08805781111255,298.2455399011423,299.66912841796875,2242100
2022-09-14,299.72386460878414,301.9869466688315,295.2067791059318,298.637939453125,1953300
2022-09-15,299.97935044748147,305.95647762755937,298.9390412505426,302.6165771484375,1489400
2022-09-16,297.8348926317237,300.2257436420463,291.82125569816264,297.67974853515625,2946800
2022-09-19,292.533078944638,300.4904322441105,292.50570384693145,299.91552734375,1652700
2022-09-20,297.2144243269753,298.2181965047311,292.02206713735796,294.9878234863281,1569900
2022-09-21,296.502611902698,300.9466787884721,292.58780614716665,292.6607971191406,1796700
2022-09-22,294.12996587228537,295.1063905763187,283.98252323764825,285.5520935058594,2239900
2022-09-23,280.6517774239124,282.695886773464,271.444248505602,275.559814453125,2918500
2022-09-26,272.84959273295885,275.67847367882484,266.7446949352325,268.8526611328125,2308800
2022-09-27,271.4807382534871,272.9864241732563,263.37737596346864,265.89599609375,2007400
2022-09-28,268.28681551176425,275.96128184152474,266.88149582340367,274.48297119140625,2289700
2022-09-29,271.088338965062,273.1689296227631,266.05109895803537,270.2122802734375,1930800
2022-09-30,270.1119577050614,274.7567849872885,267.10058553221813,267.4199523925781,1970800
2022-10-03,271.17963805876553,274.8845497884501,265.6405112464434,272.9864501953125,1938800
2022-10-04,279.9673959664651,287.59624852920064,279.12787435649716,287.33160400390625,2399500
2022-10-05,279.7666156273516,283.0791416409694,277.0472631356935,281.9749755859375,1992800
2022-10-06,280.50573093501237,282.0478981726021,276.8829454144747,278.02362060546875,1367400
2022-10-07,277.4122803558844,278.4616962414734,272.98645386602834,274.7476501464844,1790100
2022-10-10,277.0745983025932,278.0692638251554,272.3293779019024,274.2548522949219,1309600
2022-10-11,271.94615510173566,276.0616930900722,268.21386846027593,268.4784851074219,2392800
2022-10-12,268.2777094274809,273.5613254742682,266.197118691995,269.4822692871094,1763800
2022-10-13,265.0199841776157,281.75597107438216,262.58348915779754,280.2137756347656,2724900
2022-10-14,280.5696061950695,284.36577682437434,272.91340828639943,273.7529296875,2397600
2022-10-17,277.7863615810459,284.3657685297075,277.5399857560976,279.88519287109375,3118600
2022-10-18,293.5369532320567,296.1011901441319,284.71267319102043,286.40087890625,6428600
2022-10-19,285.26916713357036,287.25852585479646,281.11712052920996,284.4935302734375,2363800
2022-10-20,284.8038633761111,288.40838123391603,281.9749825766729,283.6266784667969,2382300
2022-10-21,283.8001041408814,297.2783177107841,282.42215903239867,296.66693115234375,3545700
2022-10-24,299.76950715645074,302.26985882211915,297.35128078105737,299.9520263671875,2232600
2022-10-25,299.185458768756,304.423459191936,297.4151561519037,303.3283996582031,1837700
2022-10-26,305.26291272376227,309.04997652298914,304.916170868862,306.3305969238281,2176700
2022-10-27,309.63405347036525,312.0249046508325,307.09719249700794,307.6903381347656,1998800
2022-10-28,308.91313034949684,312.61804171585595,306.6135388337111,311.9245300292969,1677100
2022-10-31,311.24013155316277,315.90319919001655,310.78386139620153,314.3792724609375,2224000
2022-11-01,314.9450448439734,318.193686152678,313.7039755285412,318.0932922363281,2316600
2022-11-02,317.21725454423495,326.1784069714503,316.4142146246895,319.1974792480469,3221200
2022-11-03,317.10770408122204,320.0004686279141,312.62712857525975,318.3578796386719,2515600
2022-11-04,323.03929409928975,327.03622541424795,320.5115672754498,326.6073303222656,3172700
2022-11-07,328.5236497766312,331.215627013665,327.16394576175327,330.8506164550781,2526900
2022-11-08,330.6134126215957,335.07574904213504,329.84688194200226,332.1829833984375,3501300
2022-11-09,331.2065240626753,335.03917674129593,329.3175588950762,330.339599609375,3047200
2022-11-10,337.63996614517913,347.15775634503115,337.40269671690066,345.2231750488281,3790400
2022-11-11,346.76527865581625,353.1530601047392,345.62460339708,351.4831237792969,3409100
2022-11-14,350.4154636874647,353.4268354391213,347.2215727423967,348.91888427734375,2609100
2022-11-15,352.22228233682205,355.5074048331802,347.3584273939672,349.3934020996094,3192400
2022-11-16,349.69461108068856,351.6930768542593,346.7744984079744,348.8915710449219,2303700
2022-11-17,344.16452899142587,348.33484436642436,342.21170745525876,346.56451416015625,2297600
2022-11-18,347.9333804959676,349.3478068867085,344.3836130466946,346.0353088378906,2384500
2022-11-21,345.76151413203746,347.46796003743094,342.58589171079865,346.9569396972656,1877500
2022-11-22,348.04286880189,352.0854156931433,348.04286880189,350.2968444824219,2019400
2022-11-23,350.3241833698571,354.24812300795975,349.87704757552075,352.4686584472656,1865400
2022-11-25,352.0215502195803,355.37969179395526,351.4922612576563,354.85040283203125,1129300
2022-11-28,351.72038958994796,354.42152884013916,347.57747681499336,348.91888427734375,2232200
2022-11-29,347.79653686157354,351.264179339413,346.0900907214807,350.15087890625,1746900
2022-11-30,351.3357142682147,354.6883239746094,344.53863677487675,354.6883239746094,2964100
2022-12-01,355.0098046894071,355.0098046894071,349.4527413394585,352.5389709472656,1706300
2022-12-02,350.4356202642248,351.3541451917658,347.56982697528184,349.57220458984375,1932300
2022-12-05,347.70760915902633,348.0015438709681,339.22044757759636,341.2687683105469,2329600
2022-12-06,339.37651078433623,340.1939831779799,330.97198748970277,333.341796875,3081900
2022-12-07,332.95601568574483,335.5370678979483,328.96962177781796,330.5954284667969,2128200
2022-12-08,332.53351849534107,333.047890119615,327.04992454446483,328.90533447265625,1967800
2022-12-09,327.64699162953633,332.1753404469578,327.18772920420724,329.8790283203125,1588800
2022-12-12,329.35545770415195,334.3522350625578,327.30713722534716,333.58984375,1750400
2022-12-13,344.10691794763187,347.716713344674,335.7299770444212,338.65087890625,3062600
2022-12-14,337.1077677376534,338.77946143072927,330.1637230705688,331.0179443359375,2519700
2022-12-15,325.5987082660493,327.09588026835877,319.591547725881,321.3275451660156,3163700
2022-12-16,316.96449814575794,319.4445261030149,315.4305775603089,318.13104248046875,5008800
2022-12-19,318.05762220210516,320.01408481740697,314.7142059828358,316.5328674316406,1646700
2022-12-20,317.80042530734227,319.113937235075,315.504113027527,316.4226379394531,1623000
2022-12-21,319.8854542467556,322.29198472595084,318.62707976192087,321.6306457519531,1923100
2022-12-22,318.87508253256306,319.6925550529767,312.1882229084784,317.4237976074219,1528900
2022-12-23,316.7441036091539,319.42620848537643,315.1550455389828,317.3595275878906,1062000
2022-12-27,318.278082219118,319.4170441614707,313.9426434316111,314.10797119140625,1035000
2022-12-28,312.7577454683361,314.9162847070215,311.65550431589685,313.09759521484375,1117200
2022-12-29,314.5396440006133,316.5604098324761,313.4374029957512,315.448974609375,1273600
2022-12-30,313.896651549575,315.6877860956025,311.74730691303307,315.4030456542969,1031400
2023-01-03,317.3503187368956,320.19775122614885,314.8794847797804,318.01165771484375,1589700
2023-01-04,319.6741946093826,321.76843009494,316.96453515566236,319.37109375,1881000
2023-01-05,316.20223503346136,317.0197357481991,312.42711069324685,315.7521667480469,1397800
2023-01-06,319.00364456699003,320.565147903911,313.17103464466254,319.7200927734375,3097800
2023-01-09,323.210484089905,327.45406382617466,321.02439076366915,324.2392272949219,1989000
2023-01-10,323.9085781688559,328.37259495582055,321.9429217678744,328.2439880371094,1610100
2023-01-11,329.63096669705544,335.72079016645426,327.18768754168195,334.7839050292969,2127000
2023-01-12,336.4005192380436,339.94603959974694,333.02954886481587,339.799072265625,2103100
2023-01-13,333.874584766812,343.8497790948109,332.8366472137305,343.5282897949219,3310200
2023-01-17,335.07777942729984,336.90566253281446,315.97247801556216,321.41015625,14448300
2023-01-18,319.94057312582987,325.88342985283316,319.4629222778558,320.6478271484375,5585200
2023-01-19,317.83713868258525,323.46770024931834,317.3686820598119,322.1725769042969,3100400
2023-01-20,321.3643411435527,323.55043515492196,310.6543361505549,313.98858642578125,11247200
2023-01-23,313.8323748551436,321.07952081482466,308.7712943322347,320.6937561035156,4915700
2023-01-24,312.29840836013284,321.7592018715238,312.29840836013284,319.94970703125,2372000
2023-01-25,316.6613937585387,321.4468996487058,315.8806421488432,321.143798828125,1985200
2023-01-26,323.07272530711185,326.0762911939374,321.04276539640523,326.0487365722656,1919200
2023-01-27,323.27484463411827,326.9856649887615,323.16459810169835,324.88226318359375,2427400
2023-01-30,324.50558331458916,332.80902601594494,323.6880829164339,328.3358154296875,3184500
2023-01-31,329.89736989719796,336.1066065032236,327.7847460425701,336.00555419921875,2311500
2023-02-01,329.8422608245145,338.88054148012435,329.52996575668993,335.9136962890625,2889400
2023-02-02,338.0171379819577,342.5087378628129,334.8482161009156,339.36737060546875,2619600
2023-02-03,335.831030009323,344.051838111243,335.66570227421823,339.8082580566406,2243100
2023-02-06,338.93559506892547,341.01146974310893,335.9779445814954,340.58892822265625,1816200
2023-02-07,338.173269154373,345.65004603462194,337.4108779153006,343.8956604003906,2205500
2023-02-08,342.536288390296,347.52387143807215,341.67287281654455,344.5386657714844,1893200
2023-02-09,346.3205696196389,348.74546031363826,337.833382112766,338.0079040527344,2052500
2023-02-10,337.0985918005133,341.90248645607846,334.85738911117306,341.0298767089844,1933400
2023-02-13,339.01831038540126,344.50190448690245,338.01712173096894,343.546630859375,1570600
2023-02-14,343.473152596767,346.32975115872034,339.28468191414953,341.4891357421875,2155500
2023-02-15,338.69677147523845,343.86806975505453,338.24670336537133,343.84051513671875,1687200
2023-02-16,340.5430802754067,343.75791717618597,338.75194564679697,340.03790283203125,1947800
2023-02-17,338.0630625138663,340.82783130428464,336.9700156911965,338.4764099121094,1857300
2023-02-21,336.8413447195009,336.8413447195009,330.7515220951839,331.6976013183594,2403000
2023-02-22,332.1661190416207,333.42449349904325,328.8686184613876,331.4864196777344,2203800
2023-02-23,333.6082066518817,337.9068958348032,330.3106780702958,333.9205017089844,1931400
2023-02-24,330.82506641276603,335.42685627774665,330.2371971269268,334.2052307128906,2428600
2023-02-27,338.2192166225362,340.12973594990814,334.81149732577603,335.7483825683594,2842400
2023-02-28,336.1801369398779,336.1893311594914,322.70536337964404,322.9992980957031,4945600
2023-03-01,323.22132920588825,326.13539420925304,320.048208597733,320.2980041503906,2717400
2023-03-02,318.2257186526773,323.5820652979896,314.9878627647036,322.9530029296875,3259800
2023-03-03,324.3776847444494,330.9736363764983,323.3785590644006,330.3445739746094,2396200
2023-03-06,331.24188731508025,331.98195732619234,327.2362096799752,330.3075256347656,1614200
2023-03-07,328.9198624474732,329.52120107270594,319.742870389215,320.1591491699219,2048500
2023-03-08,320.2609027389543,323.4987581122506,319.3173093364913,323.12872314453125,1584600
2023-03-09,323.04556724230974,327.7543321241973,315.5059648143506,316.46807861328125,3177800
2023-03-10,313.48923579389447,314.469841422528,301.6109323218808,303.12811279296875,4559700
2023-03-13,295.7273025789781,301.6849321523524,290.9815258639717,291.8788757324219,5660700
2023-03-14,300.4452153620534,301.9346435139874,295.0611458845017,298.0214538574219,3785900
2023-03-15,287.49380793362326,289.1035038809386,281.61017543446866,288.8074645996094,6596700
2023-03-16,285.856399437126,294.4783532767015,282.08199726463516,291.4902648925781,4399100
2023-03-17,286.86476331819756,287.15154256720734,279.2604267304321,280.80535888671875,6369800
2023-03-20,283.8026504423666,288.81671323115637,283.3216078031196,286.3466796875,3963700
2023-03-21,293.8308276091931,296.32861374842594,291.73085669802646,293.51629638671875,3242400
2023-03-22,293.51626988688867,298.0862746001145,290.01012649548403,290.1766662597656,2505900
2023-03-23,291.601272542263,297.2906418356141,289.22378284480425,291.26824951171875,2585900
2023-03-24,286.92029898460135,289.3255691547226,282.489053745543,289.1590576171875,2456700
2023-03-27,294.75592422929515,296.8651551555782,293.41454358922226,294.67266845703125,2300600
2023-03-28,295.1907576013884,296.596902305519,292.44320386896726,294.5894470214844,1224300
2023-03-29,298.3452575529626,298.53952097854153,294.81136276537114,296.6985778808594,1475900
2023-03-30,300.2509900444913,300.53776929818645,295.9215210869048,297.087158203125,1456300
2023-03-31,299.2426300464793,302.8135088426071,298.2712846125938,302.6099853515625,2281100
2023-04-03,301.71266355703693,304.3399488367069,298.94659044535496,302.0641784667969,1808800
2023-04-04,302.3416946658944,302.38793845054676,296.14350300210674,298.4840087890625,1536800
2023-04-05,295.68101978126447,298.0677981300295,295.44974434144655,297.4479675292969,1329300
2023-04-06,296.38411218887137,299.02065790286593,296.0140771239994,298.2528076171875,1311000
2023-04-10,298.2527444057726,300.6487541154527,297.2443870691639,300.6210021972656,1114400
2023-04-11,301.6293839395885,304.54347674431403,299.42766571093,302.85052490234375,1559600
2023-04-12,306.87471477931143,307.19850599718234,302.6747454612371,305.50555419921875,1862400
2023-04-13,305.3575225905458,308.00332783744835,302.5082220949725,307.2539978027344,1765500
2023-04-14,311.32446900825477,314.1922898789055,309.2800021887716,311.6852722167969,2275700
2023-04-17,310.8341278672895,314.9508411511328,308.68788544684526,314.2384948730469,3012100
2023-04-18,303.4333416532903,311.3429494798615,301.7034060823039,308.90069580078125,7549500
2023-04-19,308.04041079170526,311.75004985134626,306.82852967941255,311.6575622558594,2625400
2023-04-20,309.86276299789733,313.89619204231985,309.2799445277497,313.34112548828125,2217900
2023-04-21,313.6094169852839,316.7177445580939,310.83411241019286,316.0701904296875,2278900
2023-04-24,316.37554642415625,319.2156156439022,315.95000751335056,318.197998046875,1966300
2023-04-25,315.45967221921524,317.7446744933034,312.9896383167695,314.05352783203125,2138200
2023-04-26,312.29579687140694,315.0896218716844,309.5760240434792,311.3522033691406,2041900
2023-04-27,314.66406905326096,317.64286907690666,313.3874243392071,316.01470947265625,1768200
2023-04-28,314.580810741188,318.3274894336871,314.25704774305234,317.7169189453125,1714100
2023-05-01,318.2811946349975,321.4357944832585,314.8768275178549,315.0618591308594,1375000
2023-05-02,313.6187407773848,314.4328348019725,305.2835653085519,308.4011535644531,2397600
2023-05-03,307.46678736981363,309.7517896974127,303.6646329352321,304.03466796875,1825400
2023-05-04,301.53691038354464,302.4897640051936,294.7003952697989,297.19818115234375,2965100
2023-05-05,300.7135420574983,303.3130754524536,298.271288366091,302.5267333984375,2413400
2023-05-08,304.9505041579619,305.56104636828843,301.277849686531,302.054931640625,1607300
2023-05-09,300.69510806360455,302.674811308026,299.0854116745856,300.4453125,1253300
2023-05-10,305.20959495137635,305.20959495137635,295.18146670463585,298.3915710449219,1752200
2023-05-11,295.71797247117206,297.82720293017906,294.3488119784673,296.6985778808594,1515200
2023-05-12,297.9197428996335,299.01135606962623,293.55326198780085,295.5699768066406,1099100
2023-05-15,296.421097614831,299.0391229903758,294.23784293346614,297.947509765625,1178200
2023-05-16,298.34531508893105,298.8726298633405,296.49511158450355,296.7818908691406,1618900
2023-05-17,298.4932887829186,305.6443343895921,298.4932887829186,305.4500427246094,2098100
2023-05-18,305.2835746846873,305.8386413759415,301.2686365145367,304.89501953125,1645400
2023-05-19,305.28354025995196,307.0874997451417,300.4637686353145,301.7218933105469,1546100
2023-05-22,301.7218717565985,302.822744884715,298.28049278296095,300.5840148925781,1498900
2023-05-23,299.36295700367333,302.6378253777088,298.63211865507844,299.335205078125,1550900
2023-05-24,296.39332524435156,297.7902095101414,294.92238880634386,295.85675048828125,1439100
2023-05-25,295.03342158633774,300.82453853995986,294.92238567698115,299.6219177246094,1618500
2023-05-26,300.3990064921175,307.93857923237726,299.73293218022036,307.14300537109375,2718700
2023-05-30,307.20770749333406,307.6240144797715,303.1835383731121,306.05133056640625,1998600
2023-05-31,303.9447351044275,305.044660130371,299.9831161416954,301.9219665527344,2938000
2023-06-01,302.49056239228025,302.6490112060083,292.7123362011783,294.93084716796875,3339700
2023-06-02,296.64599293202417,303.1989750593162,295.53673744354046,301.68890380859375,3987700
2023-06-05,301.0177533393613,301.53975256763573,298.584867126885,299.9737548828125,1462900
2023-06-06,300.55171121909103,305.80902627164306,299.5916023498689,304.62518310546875,1495600
2023-06-07,305.4082080973056,314.91607646235803,304.17776903754196,312.9678955078125,3382700
2023-06-08,312.60435836359517,313.50854080173525,308.85714300953254,312.7069091796875,2009500
2023-06-09,312.464538266859,313.3873818127534,309.97572528851975,313.2195739746094,1702100
2023-06-12,315.47536005838043,317.0133946134938,313.52717916232666,316.4541015625,2290800
2023-06-13,317.1159337491395,321.85122072001934,316.4168245728379,319.2598571777344,1772400
2023-06-14,321.38518951943064,324.13503068074544,314.3475009461272,315.4567565917969,1819400
2023-06-15,314.4314179908491,320.6581449077484,312.92134639481145,316.68719482421875,3322700
2023-06-16,318.21585013945526,318.2344828094654,314.23557046339386,315.3541564941406,4544900
2023-06-20,312.5670499874829,312.62297644425996,306.89028705001664,308.2791748046875,3208100
2023-06-21,306.16319904751373,307.60801318526075,302.87272658979884,303.0125427246094,2158700
2023-06-22,301.72624471355454,302.25757459121075,297.36380965315743,297.8951110839844,2409100
2023-06-23,295.0799741138823,296.15193573829106,292.7589409461739,293.3554992675781,2612000
2023-06-26,293.747070263161,295.154619331318,290.9879270382671,291.1650085449219,2481000
2023-06-27,291.21165178142337,294.25975808665044,289.4871764864735,292.18109130859375,2156800
2023-06-28,290.5684964041267,293.5327132870969,289.6083873465546,292.3768615722656,2423500
2023-06-29,296.2825571512379,303.41346704684315,294.7911181369098,301.1669921875,3553600
2023-06-30,303.7116413001969,303.9073838821352,300.57031564429207,300.6542053222656,2361800
2023-07-03,300.5330646517241,307.0487532567958,300.5330646517241,304.44805908203125,1106800
2023-07-05,301.96855066273486,302.58374166881845,297.9416752147011,298.3331604003906,2561000
2023-07-06,296.42229405607276,297.0188808809763,291.61241945588347,291.7615661621094,2896900
2023-07-07,291.9480043617305,295.8350354645196,291.4819315759978,293.7843322753906,2903100
2023-07-10,295.1825647695304,298.3611562872513,294.5580146901343,294.9961242675781,1775800
2023-07-11,297.1959570879353,299.25601926216893,293.2343384484745,299.10687255859375,2041700
2023-07-12,302.55580751008995,310.7307426599065,302.24821197749515,304.2523193359375,2741300
2023-07-13,305.13785292338673,306.93688701614775,303.5904878894578,306.3775939941406,2787800
2023-07-14,309.4630438233396,309.9198145631109,302.96598711482727,304.0566101074219,1815200
2023-07-17,303.7769688294548,305.26837915763423,302.350758632354,304.9980773925781,1777400
2023-07-18,305.0912719874008,315.2982786391514,305.0912719874008,314.384765625,3887400
2023-07-19,315.06523960354656,322.41055210792655,308.8198521735022,317.44219970703125,6037400
2023-07-20,316.1465251610696,327.8169785724054,316.1465251610696,327.0526123046875,3915000
2023-07-21,327.91016252170465,330.9862314774923,323.2494347421325,328.07794189453125,3217400
2023-07-24,328.88891837761355,337.0824861379808,328.1152500489312,334.57501220703125,3517500
2023-07-25,333.16745593174875,336.33674493101796,329.9608731475028,330.63201904296875,2893000
2023-07-26,330.4362495994681,335.814747347067,330.24050700933725,333.2979431152344,2281600
2023-07-27,333.8292878511263,336.0757620232746,330.1379994661225,330.4549255371094,2010800
2023-07-28,331.9463658150893,332.3099162643576,327.7517104905743,329.2618103027344,1827400
2023-07-31,330.7997803265695,332.96236458786376,329.99812045090806,331.72259521484375,1385500
2023-08-01,329.97953039340734,333.58692918265683,329.41093525257276,333.4471130371094,2024300
2023-08-02,330.9023375257626,330.9023375257626,325.1976113485919,327.27630615234375,2106600
2023-08-03,326.2416797143302,331.1074816340154,324.9646445970333,329.19659423828125,1840400
2023-08-04,329.3643248449997,334.38860331329295,328.5906565090119,329.2524719238281,1725300
2023-08-07,331.2845690978412,333.4005579981474,329.90501169693175,331.4337158203125,1260300
2023-08-08,327.8355805675606,328.115212836135,318.82172115287494,324.6289978027344,1917300
2023-08-09,323.2868088907049,324.8155131900543,319.2506017000707,319.4370422363281,1326000
2023-08-10,320.72335515787586,323.6969020064553,316.74307509422687,317.3023681640625,1345900
2023-08-11,316.86422134621904,318.59802681430256,314.64571044620595,317.6099548339844,1256800
2023-08-14,314.5152804157223,315.48471989763055,312.138291840096,314.8228759765625,1347000
2023-08-15,310.68415675796143,311.36463337367695,308.05552745002285,309.6681213378906,1657800
2023-08-16,308.1114629371478,310.3299743647629,306.64798728826474,306.7784729003906,3340300
2023-08-17,307.6080263320343,311.32727791106515,302.0151531259973,305.2962951660156,3135200
2023-08-18,302.313484884505,305.38955415941524,301.26948630506456,302.882080078125,1730500
2023-08-21,303.3109093206714,304.2430550401655,297.71803500370663,300.20684814453125,1983500
2023-08-22,300.5983725443039,300.74751927834205,296.7113122392917,297.15875244140625,1810300
2023-08-23,298.86453499075236,300.5703774675492,296.42231792911815,300.45849609375,1429000
2023-08-24,300.29069923466085,305.2683533231193,297.8298496439608,298.2492980957031,1185600
2023-08-25,299.0323110981353,300.82204325051123,296.5994246227353,298.4264221191406,1159600
2023-08-28,299.53569288231967,304.43878831914645,299.53569288231967,303.8515319824219,1440100
2023-08-29,303.4693270606454,310.12486047019615,302.64903436006836,309.9850158691406,1831700
2023-08-30,310.17301437209136,311.96826162463134,307.96420080566634,308.83831787109375,1131500
2023-08-31,309.61847185185877,310.633570933271,306.3757424400739,308.0205993652344,1271100
2023-09-01,309.86285023287184,311.6956735397702,306.61071255990555,307.7292175292969,1201400
2023-09-05,307.6727950523518,308.74431548129235,303.2457887229427,304.2984924316406,1846000
2023-09-06,302.94503409677407,304.66510047349146,300.12527948421325,301.8359375,2120800
2023-09-07,301.3566017829813,304.7403134113123,300.89605099330225,302.6160888671875,1471100
2023-09-08,302.5785058539398,306.38516342106334,302.33411792181795,305.9621887207031,2026400
2023-09-11,308.53752847809557,310.31395879324276,304.80605242785924,305.1444091796875,1283100
2023-09-12,304.54289953574863,315.13576712784055,304.53349117503376,311.0189208984375,2054700
2023-09-13,313.46270110348127,316.7618229686459,310.94372736108863,314.8537902832031,2165000
2023-09-14,318.6322635899625,324.38455827240784,316.61144523615303,323.86761474609375,2822700
2023-09-15,324.4127675095051,325.3902904886677,321.3204285378633,321.9595947265625,3063900
2023-09-18,321.95964436461963,323.57630509770206,318.8860929572414,322.6927795410156,1356600
2023-09-19,322.82428252072583,324.2435681182186,317.664141012105,321.3486328125,1660200
2023-09-20,322.0253811746127,323.1438861983333,316.08511957340806,316.4704895019531,1224400
2023-09-21,314.4026818764171,314.58126865411873,310.2482302303499,310.39862060546875,1685100
2023-09-22,310.2669692616505,311.6204536147662,307.19341872960604,308.18975830078125,1669100
2023-09-25,307.41908807434544,309.50570786677406,305.73662627044274,309.0827331542969,833300
2023-09-26,306.04675177558613,307.75740978622275,303.0484391025616,304.36431884765625,1481800
2023-09-27,305.4546405787191,305.4734286173068,299.8151311273226,302.606689453125,1493000
2023-09-28,300.971256286723,307.2029197326375,300.971256286723,305.6614685058594,1389600
2023-09-29,307.54133367121165,308.25565220051203,302.9075138321207,304.1294250488281,1403900
2023-10-02,302.681893656966,304.13875557076085,298.0481032508643,299.3639831542969,1303800
2023-10-03,296.32796698594746,296.7133368463321,286.1016822241292,287.72772216796875,3118600
2023-10-04,286.53411357481,290.49116178076844,285.24643002996584,290.0588073730469,1872000
2023-10-05,288.893277750511,291.89161945161396,285.93254081330497,291.8446350097656,1584600
2023-10-06,289.59819121157494,296.3750222821243,288.71469446732084,293.7056579589844,1595100
2023-10-09,290.3407614287344,294.6456033694807,289.8426058697255,293.8278503417969,1094400
2023-10-10,295.5760682489996,297.81307808441926,293.527053521306,295.8580322265625,1193800
2023-10-11,296.47843294335,297.6063464167501,292.87855834833476,294.2132263183594,1672500
2023-10-12,295.27531006373533,295.36930762476527,289.5136066493431,291.2336730957031,1727700
2023-10-13,293.2544960889546,297.18334751777434,289.65462178678405,290.7167053222656,1785200
2023-10-16,294.3635633801298,296.92014193064205,291.609610046931,295.5008850097656,2273900
2023-10-17,294.5515916042027,297.18335128267904,287.5304009903784,290.7731018066406,4123000
2023-10-18,288.5548526599037,288.7616357863695,283.366515146795,283.8176574707031,3460300
2023-10-19,283.81767425640487,286.99460216725976,280.68775946308665,281.214111328125,3211800
2023-10-20,280.56559911587,285.03021082709404,280.1896375506779,282.0224609375,2329000
2023-10-23,280.36822299901195,285.3121734919581,280.27422543714755,281.2423400878906,2959800
2023-10-24,281.9754823007631,284.88923468801016,281.11074486740114,281.2047424316406,1697100
2023-10-25,280.6596220849148,281.97550202422156,277.30410672665903,278.93017578125,1809300
2023-10-26,279.118104870465,282.10706659162287,277.06909004757904,279.14630126953125,2011200
2023-10-27,279.67262830370674,280.34937050514156,271.9746965188949,272.4916687011719,2601700
2023-10-30,275.8190123670337,283.6767148960901,275.6686220101678,282.7555847167969,3065200
2023-10-31,283.5545558101043,286.0077575748858,282.63345420156105,285.36859130859375,2611000
2023-11-01,285.1053586674486,289.7297685677493,284.6448079546962,288.70526123046875,2345400
2023-11-02,291.08324824698013,295.64185691855363,289.49478431107076,294.9087219238281,2597000
2023-11-03,299.3264095743618,309.54331812746506,298.8282539631628,307.9360656738281,3742000
2023-11-06,307.033719451578,309.13912729301904,302.74769424062697,304.4489440917969,2087600
2023-11-07,302.7759139209186,306.7799754195311,301.98638591967705,304.486572265625,1505000
2023-11-08,304.48653910426265,307.03370961843297,304.22336313251105,305.05987548828125,1484400
2023-11-09,306.41333214223636,307.02427323332194,300.45425421689083,301.5069580078125,1787900
2023-11-10,303.89436610786083,306.4697328545965,302.32469005776716,305.9527893066406,1781400
2023-11-13,304.68393184624625,308.9699571722141,304.0917787039427,307.2687072753906,1403300
2023-11-14,313.4909020556422,321.245226858283,312.49459110299466,318.36907958984375,3592700
2023-11-15,319.4782067467095,320.58730339514204,315.19218183070853,317.31640625,2534500
2023-11-16,317.46679871475135,319.33722686170404,314.8820235157236,316.4422912597656,1620400
2023-11-17,319.1021938484754,319.99512751400266,317.80510228550907,318.8108215332031,1465200
2023-11-20,319.57218034040517,320.81287921883427,317.2223848967257,319.05523681640625,3146000
2023-11-21,318.03069855295394,318.71684914399395,314.4496126163718,314.8443908691406,1900900
2023-11-22,316.69607273675865,318.5477129259991,315.2203941288602,318.2939453125,1235200
2023-11-24,318.4442467989576,319.82592757931934,317.3539670243816,318.7732238769531,460100
2023-11-27,318.8108585581094,319.5909780480446,315.5681292741011,317.4197692871094,1250500
2023-11-28,317.10966620268766,318.0683726197091,314.7504619006446,317.3634338378906,1419000
2023-11-29,319.3534453130325,325.54150943190007,318.88911276253583,322.4427490234375,2038100
2023-11-30,323.7883547236018,326.7070906385472,322.2816165203185,323.65570068359375,1903600
2023-12-01,323.5798499922342,330.6208089640332,322.59432916254895,330.18487548828125,3623300
2023-12-04,328.16644386877294,332.13704233676884,327.20935085723363,331.09466552734375,2178100
2023-12-05,328.4507476535122,328.6686854941829,322.70807398401405,323.8547058105469,2429700
2023-12-06,325.522539317381,328.8297805941687,323.7125505993825,324.06317138671875,1869300
2023-12-07,325.7120493923199,326.6407433340718,324.091599492336,326.57440185546875,2162400
2023-12-08,326.2806203353449,333.84276768327055,325.77837430208376,332.4591979980469,2238800
2023-12-11,333.0372951053231,334.5440333136087,330.77243052460295,333.3405456542969,1636000
2023-12-12,333.00891080062553,335.46328560632367,331.27471999363485,334.14605712890625,1597600
2023-12-13,334.45877701849605,343.84985675485484,333.1889477747719,343.73614501953125,2876500
2023-12-14,347.3087164543997,365.97716380435884,345.8872619532221,363.3901062011719,5376300
2023-12-15,360.2818934473555,365.6928893172977,359.4574543876815,360.58514404296875,4522300
2023-12-18,361.2958042919106,362.71725866046876,356.22594459347397,356.6902770996094,2740900
2023-12-19,356.32074272142637,363.6743809155011,354.9371728690952,362.42352294921875,2091800
2023-12-20,360.7935813145786,364.9631752784542,357.4957965575569,357.75164794921875,1836500
2023-12-21,360.149117417836,361.5137158259657,357.2683242625054,360.64190673828125,1301600
2023-12-22,361.9970576773016,363.4090264752379,359.5426831911461,360.7177429199219,1538200
2023-12-26,360.717779620749,362.5751388144646,360.1491920130006,361.62750244140625,837300
2023-12-27,361.2389829775205,365.5507167400039,360.3955727567935,364.34722900390625,1367200
2023-12-28,364.38516170277086,367.45552350281446,363.541780290356,366.17620849609375,1024700
2023-12-29,365.38013120705574,366.3941089778599,363.4848586274133,365.56964111328125,881300
2024-01-02,362.94470227244756,368.7632030257781,362.17711918434,367.9671630859375,2263100
2024-01-03,363.7786215499619,365.21901829147345,357.0314558309148,361.7980651855469,2265300
2024-01-04,363.46586695588115,366.8205073306992,361.9496721130725,362.8973083496094,1618300
2024-01-05,361.9212538338482,369.0758960426638,361.1252139247145,366.2045593261719,2913900
2024-01-08,365.7591491256832,368.7062838573548,362.02546014476724,368.497802734375,1902600
2024-01-09,364.46091729359057,365.74023204926124,361.7790904393201,363.64593505859375,1708800
2024-01-10,361.3811231958154,362.9920876182996,358.7087817825837,361.95916748046875,1547300
2024-01-11,360.9452179863294,361.03050178624176,355.06037551628145,359.8648986816406,2209900
2024-01-12,363.2669497612916,365.6455264820623,356.86091816695046,357.96966552734375,2223800
2024-01-16,358.54767386567863,364.84947870002605,354.71924385126624,360.52825927734375,3926600
2024-01-17,355.5531724002725,360.29135418108865,354.5391945584819,357.4294738769531,2415100
2024-01-18,360.41448377827084,361.65591387707485,354.94663300344456,357.173583984375,1771200
2024-01-19,357.0030431355957,363.22899181210323,352.58705439065756,362.1866149902344,2603300
2024-01-22,366.12877410596025,372.16524207651906,364.4230402074416,365.7497253417969,2922700
2024-01-23,360.08287004051937,363.2858566053594,358.80355518639243,360.83148193359375,3313300
2024-01-24,361.8170100573153,364.4703801050534,359.3247219841374,359.533203125,2235800
2024-01-25,362.65094529075066,366.46043288270766,362.0065595344214,362.6604309082031,2376300
2024-01-26,358.82243003155355,360.9546114143207,357.02192709224005,358.0074768066406,3464700
2024-01-29,356.20700122961836,360.89778328029536,354.6433782931629,360.6324462890625,1632300
2024-01-30,363.89237921153943,367.6071266406005,361.60857200707716,366.6120910644531,3897900
2024-01-31,365.7876119346051,373.28341854071124,363.60806001162894,363.9018249511719,3421100
2024-02-01,364.2997994100297,369.1422357224327,358.964602654932,363.75018310546875,2138500
2024-02-02,361.8074977111368,368.3840954002806,360.67035159735633,367.5501708984375,2180900
2024-02-05,364.4609351478524,365.1526911542438,361.0494386054625,362.9636535644531,2231100
2024-02-06,362.9636302626379,366.5646654060318,362.94468794846154,364.8304748535156,1487800
2024-02-07,365.13374063034,366.8015897734728,362.470884939513,366.4130554199219,1963200
2024-02-08,365.7876219456763,367.7871207127443,361.3716331948443,364.8778991699219,1913700
2024-02-09,364.6220077565487,365.91080815924647,362.556167568816,364.13873291015625,2028200
2024-02-12,364.83997042443866,375.5956480637214,364.19558469009877,372.0799255371094,2797200
2024-02-13,367.2943374627691,368.78213334349124,355.55313914620837,358.917236328125,3030800
2024-02-14,360.9356680102749,361.5042554945386,356.1027177733748,358.244384765625,2041300
2024-02-15,359.5522186611663,366.93428545766824,359.2868816236993,365.238037109375,2218900
2024-02-16,363.1721813893107,367.28492008416725,361.00211475556665,364.3093566894531,2376800
2024-02-20,361.0020919251236,365.38962408905735,360.90732250284356,364.3851318359375,2358900
2024-02-21,361.8453964724798,368.30828217812865,361.2957802112109,367.9386901855469,1772500
2024-02-22,368.84846935268064,374.88490766021187,368.6305026033377,370.0235290527344,2326800
2024-02-23,369.57817455789893,376.012633438065,368.82953374785444,370.57318115234375,2247400
2024-02-26,370.57314646187865,375.320813360248,368.45993611882983,369.78662109375,1797800
2024-02-27,371.71984845229116,375.1692297703109,368.9432519339563,370.34576416015625,1724900
2024-02-28,369.5154372625053,375.308359074671,369.3341081094423,375.23199462890625,2572900
2024-02-29,377.17895231096816,377.90426906178834,368.0649034794087,371.29058837890625,3139100
2024-03-01,371.84406811037576,373.1897075406013,367.664002885527,370.3839111328125,1697700
2024-03-04,371.061479747566,378.4672582115173,368.5706358064343,374.3444519042969,1955100
2024-03-05,372.88431414943625,379.3452649640231,372.4930264399083,373.0656433105469,2697800
2024-03-06,376.96892701616787,377.24569716807855,366.9673105689938,371.78680419921875,2692400
2024-03-07,374.01039277900503,376.50126564345976,369.39133444888023,370.69879150390625,2033100
2024-03-08,370.98520751282257,377.5606766567185,369.0573981237834,369.3246154785156,1657200
2024-03-11,368.0648476712674,368.7710586376652,364.0088527840839,368.532470703125,1654200
2024-03-12,369.9258314476783,371.3669119519853,366.261124115899,370.46026611328125,1703900
2024-03-13,371.1569432673939,377.207529878538,370.46025600379613,374.4017333984375,2370600
2024-03-14,376.4249704068022,378.28596805139057,367.85490995254696,370.8706359863281,3029500
2024-03-15,371.1187733538349,373.27561770417793,368.7615232838376,369.5345458984375,3763900
2024-03-18,370.9088435344811,371.2715019001955,365.90804912180533,366.82421875,2069000
2024-03-19,366.5379546274162,372.941647955741,366.19437278610667,370.9184265136719,1858200
2024-03-20,368.72337465293685,378.40051659816174,368.3798219593706,378.37188720703125,2157400
2024-03-21,381.5211937162195,395.12070633563775,380.8722415074196,394.8248596191406,4613800
2024-03-22,395.4833320818437,397.7356172011502,387.2568252244954,388.2493591308594,2190300
2024-03-25,388.29709208398174,391.7232113734948,385.4244839950025,386.4552001953125,1683900
2024-03-26,387.5526921611469,390.64478245943405,386.0543529489014,387.6385803222656,1407000
2024-03-27,390.92155076720354,396.5235907592952,389.7286111053611,396.2945556640625,2353600
2024-03-28,397.21080915495827,400.0643412340929,396.03697491919434,398.6232604980469,2409700
2024-04-01,397.6593429357557,398.8713884891534,393.1929830310137,394.6340637207031,1863900
2024-04-02,391.9904322069825,394.30952911618385,389.0128593785561,391.4273681640625,1976000
2024-04-03,392.2385985885841,397.6116040028937,392.2385985885841,395.1016540527344,1549200
2024-04-04,398.9189845252404,399.87333616286054,387.18047103231225,387.7053527832031,1704700
2024-04-05,388.0012717338453,390.4635157272676,383.1436244884654,389.4423522949219,1694900
2024-04-08,390.42535257078475,393.69877246757704,388.9460897099739,391.79962158203125,1181900
2024-04-09,392.7253214300918,394.3572548652487,388.468891401101,391.9618225097656,1247200
2024-04-10,385.5676464981637,386.9419153005795,379.1544017950575,382.46600341796875,1903300
2024-04-11,382.19880972241975,383.1436086607814,376.816251726227,379.33575439453125,2176200
2024-04-12,374.9075333668536,376.1004730396905,369.44864025897186,371.71044921875,2815800
2024-04-15,388.42116396453235,394.0232041018397,380.49050321698587,382.5805358886719,6177000
2024-04-16,385.98760501117164,386.4838574724439,377.14074500553414,378.7440490722656,3459700
2024-04-17,384.0311789070466,388.5357208074513,382.8668684841811,385.4722595214844,4373800
2024-04-18,386.9801021789816,389.2419112857435,384.0407114488767,384.708740234375,2776300
2024-04-19,385.61539476567253,389.3755432733215,384.6133370026393,385.5581359863281,2805500
2024-04-22,388.3639604206652,398.90001344042497,386.1021511014373,398.29876708984375,4165600
2024-04-23,398.64229100996425,405.9335529024401,397.2012395648646,404.6451721191406,2662300
2024-04-24,402.25926353548414,405.19865411735543,400.45552474413955,403.7289733886719,1575900
2024-04-25,401.7725813621574,404.2729785825346,395.912876069866,400.87548828125,1970100
2024-04-26,401.04724670302005,408.96835458445383,400.48418266501733,408.05218505859375,2322700
2024-04-29,408.05219666880373,413.5492431048743,407.69909117089964,411.144287109375,2453000
2024-04-30,408.93971253071624,411.6978029847223,406.55383322773656,407.2314147949219,1829900
2024-05-01,407.21236946752964,413.64469124170745,405.78084177598225,407.46051025390625,2310100
2024-05-02,411.516517273229,413.85466176229465,408.62483241771065,412.823974609375,2087500
2024-05-03,415.143024771348,422.10978112345595,415.0666894436435,418.1778564453125,2406300
2024-05-06,421.5848986141937,424.094848454319,419.60938344065346,423.4172668457031,1914300
2024-05-07,424.848776630725,426.99606804431056,422.6537501554687,423.5412902832031,2058200
2024-05-08,422.5869329040043,427.5686500820171,421.87116910902836,426.5475158691406,2006700
2024-05-09,425.9654011470055,435.5948078165967,425.9654011470055,434.7645263671875,2710200
2024-05-10,435.68065025398266,437.8088651404679,433.58109387951015,433.9723815917969,1823900
2024-05-13,435.44208969258034,436.3296590101557,432.6267693288914,432.8558044433594,1579600
2024-05-14,434.07738519031784,440.6910364178068,433.2852859819525,437.54168701171875,2412900
2024-05-15,440.51925952083025,444.9092837817301,439.9084894918696,444.8138427734375,2217700
2024-05-16,443.17237428428956,446.8752642087704,441.17778236610434,443.3155212402344,2070300
2024-05-17,445.09055696401003,447.2664777066017,443.05778315359487,446.369384765625,1655900
2024-05-20,446.82751689087013,449.95778957721564,441.4831410759008,441.8076171875,2591500
2024-05-21,441.1300545689398,449.7955563254392,441.1014251791691,448.9366455078125,2762600
2024-05-22,446.025846720477,448.86027275339563,438.7632434460271,441.273193359375,2729500
2024-05-23,443.03871136452545,443.11504668767213,436.5300256162715,437.2362365722656,2254500
2024-05-24,438.8491322761903,444.01217905688657,438.1429212575,440.1279602050781,1932200
2024-05-28,438.94456599847854,442.52338522219674,437.9615848166775,438.82049560546875,1930800
2024-05-29,434.07739974807816,437.7993662049632,431.03301496198964,436.3010559082031,2315700
2024-05-30,434.93758723992056,437.68353675062724,429.7529066296618,432.2780456542969,2135000
2024-05-31,431.8267907001946,438.5572620089632,430.252168130471,438.3172302246094,2638300
2024-06-03,440.5735328758055,440.5735328758055,432.24924704028274,436.8386535644531,1930700
2024-06-04,432.5373056791653,439.4598146202292,431.2987333809997,437.1459045410156,1835000
2024-06-05,439.306154657613,444.55805120738813,439.2581600216283,443.271484375,1678900
2024-06-06,443.4059640153877,445.9982899537384,438.78775438705816,439.83428955078125,1598000
2024-06-07,437.2803200848353,442.77224866218177,436.37779820213893,436.7714538574219,1736100
2024-06-10,434.2943114011674,437.20349556420075,432.3452544114224,435.4656677246094,1698600
2024-06-11,433.05577438489286,433.84305640921474,425.7011966205225,426.5556945800781,1938200
2024-06-12,437.43392279765794,439.39259033144015,428.39912306036035,430.8090515136719,1733000
2024-06-13,428.91761790249205,430.44421657495644,424.52021908930016,428.5527648925781,1849100
2024-06-14,424.36655600308825,430.35776886854245,421.63979862939084,428.6583251953125,1559100
2024-06-17,427.35260838228146,432.8061236649185,425.71079912903895,432.23004150390625,1531600
2024-06-18,431.6443932601161,439.4406214526828,430.6266607699982,439.19097900390625,1798400
2024-06-20,439.73826024282675,442.0521703248242,437.0882997786583,439.7862548828125,2080600
2024-06-21,440.3911224327719,440.5063330048232,431.96120706886796,432.23004150390625,3780800
2024-06-24,433.257386110536,445.0381359557847,432.05722714624085,443.6651611328125,1882200
2024-06-25,441.14005715456705,445.57584035213233,438.5381205167424,439.14300537109375,1555900
2024-06-26,437.2515235808668,439.67103353184405,434.4095553256426,437.6835632324219,2131700
2024-06-27,431.8460071134828,431.8460071134828,425.1443087671027,428.1783142089844,2835200
2024-06-28,432.1532455123296,439.1045568538877,431.60596599269707,434.28472900390625,3839700
2024-07-01,436.38744888195356,445.5182391699728,435.90738525353424,445.172607421875,1850500
2024-07-02,443.10830182852055,447.678487256161,441.2744554085191,447.0447998046875,1491800
2024-07-03,450.338032999808,451.1541469127396,447.2464224984204,449.2626953125,993900
2024-07-05,448.8306633670318,448.9362632946711,441.78333323494985,446.2191162109375,1593800
2024-07-08,449.0034629028936,455.9259715591151,445.53741790121427,446.28631591796875,2214300
2024-07-09,447.0351977927651,460.18892189933285,443.1754679759154,453.9768981933594,4525100
2024-07-10,453.6697025162011,460.72661383798993,451.1157607051488,459.7953186035156,1946000
2024-07-11,460.8610525268749,463.8950579721009,457.27976754959155,460.12176513671875,2251400
2024-07-12,461.7539714582297,464.16390012836285,459.0368243498811,460.745849609375,2727800
2024-07-15,461.10105984769547,473.34268090559885,457.31815656495746,472.6033935546875,3568200
2024-07-16,474.30282863653304,486.39082636038955,472.37296362150676,482.9631652832031,3981700
2024-07-17,482.94395802626656,489.1655925268451,479.5162970573979,482.1566467285156,3908900
2024-07-18,479.60268428805574,483.6064272361761,464.91275119934915,466.8233947753906,3320200
2024-07-19,469.6173562263458,472.9586090382381,463.9238096311493,465.59442138671875,2032700
2024-07-22,465.2392353155224,469.9534634001054,463.14616504438175,467.620361328125,1792500
2024-07-23,467.65872902692695,476.04064976850435,466.89063901130214,472.5265808105469,2020500
2024-07-24,469.7518687337897,476.2135063878699,466.4490286425395,467.2939453125,1598600
2024-07-25,466.6698026389038,476.32867969501535,463.962266268464,472.1041259765625,1489700
2024-07-26,475.95424457697567,483.90409641751893,475.887028642514,479.13226318359375,2249700
2024-07-29,480.46678135693026,481.98376917235316,471.4799771176445,473.07379150390625,1599500
2024-07-30,478.4409863591793,489.1560095094901,478.43137571086334,485.5075378417969,2642500
2024-07-31,484.72974714456683,496.6353464655933,484.72974714456683,488.7334899902344,2658900
2024-08-01,489.6648637546214,493.52459378611246,474.9557082661246,480.1788024902344,4006800
2024-08-02,471.5184295245789,474.74444254942983,448.5809788050689,451.8742370605469,6115500
2024-08-05,429.74337288881145,444.71175391695147,419.9308707519291,440.7176208496094,4177200
2024-08-06,442.628215168247,456.30041604878556,439.19094365313396,451.4709777832031,2209300
2024-08-07,460.2753965518508,469.07013599713383,453.7273219576326,454.1497802734375,2587600
2024-08-08,458.8159715844725,468.28284083147065,458.13428948974615,466.4009704589844,1936400
2024-08-09,465.6808584040488,472.3825564400268,462.9733221174178,470.7119445800781,1622700
2024-08-12,470.71193816763736,473.2178559234226,464.46150114803925,466.1417236328125,1839300
2024-08-13,470.7407472390312,473.60190738541127,467.07305450428,472.324951171875,1243700
2024-08-14,473.24667454095515,479.4395064856177,468.92610229140155,478.8154296875,1545600
2024-08-15,484.86425205849326,486.6980985873203,478.39300389241055,479.1226806640625,1732300
2024-08-16,477.2312094028042,484.77782437368637,477.18321476347273,484.15374755859375,1587000
2024-08-19,484.8642240469667,487.53337642513554,481.8494106489256,484.5569763183594,1027900
2024-08-20,483.77927280726055,484.0577178909722,476.70314024739895,477.5096435546875,2122700
2024-08-21,479.5834980278155,480.8124595734542,474.3316014919972,476.6647033691406,917100
2024-08-22,477.18322490268713,479.7755800983165,475.06135196598376,477.9033203125,943800
2024-08-23,482.7039103978242,492.0075445504473,479.91954760525766,489.10797119140625,1751800
2024-08-26,491.91158041994566,493.02530215328983,485.1714689291637,487.6197814941406,1084200
2024-08-27,487.5909795197795,491.0858564902754,486.3908205547614,487.03411865234375,977900
2024-08-28,486.40040715482434,488.09982161699793,478.5945689441499,483.2607727050781,1568100
2024-08-29,485.8243370892309,492.7756482673885,481.1581332123807,489.7608642578125,1566300
2024-08-30,490.4658950491134,493.711022816697,487.8968736371541,492.80316162109375,1838900
2024-09-03,490.11826475903933,492.2720257939451,468.80288913694216,470.7924499511719,2373600
2024-09-04,470.05839509822124,479.2335638704249,470.05839509822124,473.8636779785156,1509400
2024-09-05,476.7031737513327,478.818294183163,466.55255865367,471.1980895996094,1828300
2024-09-06,469.96176643480857,478.4705250928228,460.7479579445948,463.21075439453125,1995600
2024-09-09,468.92840904181674,477.37922276997324,466.86159678226204,471.8644714355469,1714200
2024-09-10,472.405322549311,472.47293613311945,445.7876761032604,451.1575622558594,3583100
2024-09-11,448.1152611968581,455.75480012781156,441.8375140335964,455.0594177246094,2426500
2024-09-12,455.1849788161266,458.1210413261239,449.4867215143118,457.8506164550781,1480500
2024-09-13,459.7146081240733,465.61570606424385,459.2413719779321,462.6120300292969,1794500
2024-09-16,464.96857329964485,470.71513817742124,463.09490489281177,468.571044921875,1500300
2024-09-17,471.3139557605471,472.9848129766855,465.3259387952611,468.793212890625,1444900
2024-09-18,468.80286384585236,476.1333378147941,465.296978583728,468.0108947753906,1699500
2024-09-19,477.8235365688599,489.0945217285687,476.58730429412964,486.60272216796875,3060700
2024-09-20,483.08715939411474,484.88354683811656,478.53821522950045,481.3873291015625,4452600
2024-09-23,481.1748557446025,484.25578344756883,478.287101294915,480.4022216796875,953200
2024-09-24,480.576012458212,482.4786538661,477.20535468233675,480.9913024902344,1035400
2024-09-25,481.4549153655137,484.8352407492235,473.6318707255373,474.3465881347656,1763900
2024-09-26,477.1087849193104,481.3583309549461,475.64076849946485,479.928955078125,1378100
2024-09-27,481.9088627082184,488.1189964838506,478.90518672201586,481.464599609375,1420100
2024-09-30,477.96833684506123,479.54257781455135,472.18313170506195,478.1807861328125,1602500
2024-10-01,477.66897441027913,477.66897441027913,468.03987418936543,473.4097900390625,1528600
2024-10-02,474.375571422492,477.9393731450018,471.2656708233242,475.1675109863281,1445100
2024-10-03,473.1779411700117,473.73812588317196,467.6438844646045,469.4789123535156,1290600
2024-10-04,478.692754618791,479.3398290182172,469.38235789890706,478.2291564941406,1721600
2024-10-07,477.71724807068415,481.94748857064957,474.0085517420552,477.70758056640625,1173300
2024-10-08,480.00620190778955,481.30038008227893,475.93049414522227,479.5909118652344,1296700
2024-10-09,481.16520856876014,488.95925107813423,478.31606524459914,487.9065246582031,1695900
2024-10-10,488.9978360109898,489.47107210237897,482.5076105152257,486.49639892578125,1309000
2024-10-11,490.630082376775,500.25915235190934,490.4369091373811,498.6462707519531,2409700
2024-10-14,499.9501693193235,505.1848283473176,497.8833275625918,504.8757629394531,2174900
2024-10-15,520.3769723085975,522.0285240474108,497.883341043595,504.5184326171875,4525400
2024-10-16,511.8777503315776,517.8850420497737,507.9951870222469,511.7425231933594,2649000
2024-10-17,513.0754472035597,516.9869548766354,510.1683578748671,510.91204833984375,2123500
2024-10-18,511.2887819326476,512.6216008300023,508.854928476921,510.42919921875,1779200
2024-10-21,509.94624733383745,511.7329672347996,499.3223671810492,500.0950012207031,1752100
2024-10-22,497.97988738422265,501.86245159036247,495.4011984008996,500.5779113769531,1588000
2024-10-23,498.16341012058774,502.21981270515425,495.8455078924079,499.51556396484375,1263200
2024-10-24,501.25397793285276,507.04882160837707,500.48134389908915,506.56591796875,2058200
2024-10-25,509.99455001459046,510.71890551379164,493.27642745095574,495.07281494140625,1633200
2024-10-28,497.7770720624628,506.6528429022697,497.37139058141724,505.6773681640625,1687100
2024-10-29,503.3594774127067,509.2122677098846,503.1856391601019,506.353515625,1281600
2024-10-30,505.50355307320194,512.640824059656,505.1848201658475,506.4693603515625,1441600
2024-10-31,504.5763545515053,507.04881881484596,496.936844951902,500.0853271484375,2061700
2024-11-01,502.21980883837523,508.63278362187964,499.3609979359429,501.5920104980469,1625000
2024-11-04,500.288196510601,500.3364750874193,493.0543090468221,493.9814758300781,1797800
2024-11-05,495.45914243385204,509.4247371436901,495.0727959364953,508.94183349609375,2169900
2024-11-06,547.9024607907266,578.141884515103,546.7434802595103,575.601806640625,8042800
2024-11-07,569.8262022904985,574.6552379031299,561.6361767548962,562.263916015625,4475600
2024-11-08,566.3687753037801,574.8003142332373,561.4238459893112,569.1116943359375,2714000
2024-11-11,578.4219446676753,586.3898539162633,575.7852509770082,581.7443237304688,2510800
2024-11-12,577.6010287815009,581.5029278977087,571.2460004091747,572.3277587890625,2392900
2024-11-13,574.2979915375533,582.9129760283909,572.3857119735397,573.9019775390625,1763100
2024-11-14,579.4843228582633,580.9620361766848,566.1948062890028,568.4837646484375,1670500
2024-11-15,573.0714010189195,574.7905662949711,567.0158293787827,573.2452392578125,2007700
2024-11-18,574.3753270344906,574.7230035430274,564.7268618110608,567.8850708007812,1848900
2024-11-19,559.8397575789575,564.7654095091883,555.8316931969975,561.5009765625,2217400
2024-11-20,563.8672839841813,567.7015106123805,556.9037922345574,562.0322265625,1528600
2024-11-21,566.4556297703205,580.1604372511019,564.5240152357393,575.7273559570312,2281900
2024-11-22,575.8335594920842,583.289621975204,574.1144532724121,582.1693115234375,1733700
2024-11-25,587.9738283900458,590.3980142414177,578.354425025337,582.4108276367188,2940800
2024-11-26,579.60988465552,586.4284811884559,572.7236745442171,584.7962646484375,2846500
2024-11-27,586.901765126352,591.3155115019963,582.6522484322106,584.7286987304688,1424500
2024-11-29,588.4759793962145,591.7790234963221,586.3029132083186,587.7612915039062,1170200
2024-12-02,590.1198328291449,593.9148208199626,583.6168557180157,584.0148315429688,1804100
2024-12-03,591.0517008566442,593.4393191627529,583.1316372942955,584.3740234375,1718100
2024-12-04,585.2669677085897,586.5093538863016,579.2104831928289,581.1031494140625,1617300
2024-12-05,582.8695544412659,588.7221925151989,578.8124283606811,579.2492065429688,1672800
2024-12-06,579.598645068002,582.35515218739,576.8907149368133,582.0445556640625,1405700
2024-12-09,581.3748492372772,585.2669323454073,576.2598108219288,576.6480712890625,1633200
2024-12-10,572.6493145842958,578.7349457487034,566.5928296169609,567.8255004882812,2600800
2024-12-11,572.7656646209294,576.2501154697288,569.6403872619254,575.1339111328125,2195300
2024-12-12,575.1631344978418,578.7834236704526,571.3001380870423,574.2119140625,1218400
2024-12-13,576.5316701457722,577.5022621830545,567.874005760479,568.26220703125,1215000
2024-12-16,570.7080300686072,570.9701088352053,561.6815373594451,569.087158203125,1713300
2024-12-17,563.7586648546768,564.5059803868057,555.4600561346798,557.77978515625,2314100
2024-12-18,560.5070893200947,562.4288422651098,528.4775576219673,534.0681762695312,3271600
2024-12-19,544.9291024395474,550.3255908728537,537.3196361049885,537.6981811523438,2753300
2024-12-20,538.6202473124024,556.0520983847528,537.1061263855997,549.4520263671875,4515900
2024-12-23,548.3843360430127,554.8290794488521,545.2784306103006,553.994384765625,1519500
2024-12-24,557.3138936784744,565.6512451171875,554.557386553215,565.6512451171875,913400
2024-12-26,561.1477047003083,565.4571349063935,560.5167962984276,564.1370849609375,1092000
2024-12-27,560.0315492377067,564.8457065853665,554.5476810820078,559.2356567382812,1486000
2024-12-30,550.5876969508977,559.0803762437348,548.4814698333089,556.6829833984375,1265900
2024-12-31,558.1582964989514,559.9538678354153,553.6256488688995,555.7803344726562,1055800
2025-01-02,562.273613339134,567.1265730300486,552.9850413818959,558.0612182617188,2219000
2025-01-03,563.9138681830855,565.0203571162796,554.9164627235331,563.0694580078125,1422600
2025-01-06,567.7767893771121,576.19186319055,562.7685616033574,566.2335815429688,2257000
2025-01-07,569.8442429119325,570.9798781810057,551.6845048877917,563.059814453125,2021900
2025-01-08,563.9527320722154,564.1080599606098,555.8288820924007,562.9627685546875,1513400
2025-01-10,559.3035505839756,559.3035505839756,541.5999648126907,543.5314331054688,2817900
2025-01-13,541.4738063820662,549.5394225893053,540.3867482083999,546.3947143554688,1871200
2025-01-14,552.9073507715057,556.7218290359858,548.5785488497461,554.722412109375,2221900
2025-01-15,580.4140023468397,591.4884307406312,575.5610424609965,588.10107421875,5119800
2025-01-16,592.0513589899481,598.6999492218816,588.1787066867346,594.963134765625,3224500
2025-01-17,599.6317156680202,608.5611737659015,594.9728859944141,607.5323486328125,3425200
2025-01-21,598.6708401730702,616.743258202848,591.0905191363497,616.0735473632812,5076700
2025-01-22,614.8118223368737,616.90827507126,611.1915329954451,614.1226806640625,2835700
2025-01-23,616.248275428591,626.5559580534626,615.830927964297,620.693603515625,2582700
2025-01-24,611.4729357151961,621.7611868105018,610.4635414017688,618.1700439453125,3183500
2025-01-27,606.6199041795895,617.0149641840919,606.0958059088593,614.6564331054688,3351700
2025-01-28,613.6082269811859,620.2859041660165,613.2296819126894,619.0435180664062,2338000
2025-01-29,618.2670955987618,629.9141994404968,617.6944202608404,618.6359252929688,1918900
2025-01-30,625.5368050734705,630.4189110851541,622.1494485993155,626.7112426757812,1812800
2025-01-31,630.8847361983258,630.8847361983258,618.6941042807795,621.5670776367188,1995100
2025-02-03,607.5904672924257,619.7034340093717,604.1739651967857,613.7731323242188,2102600
2025-02-04,613.4140241886626,618.9172631665105,610.5896280860235,615.5299072265625,1743400
2025-02-05,619.2377055698918,627.4003583503368,616.8403717281551,626.4686279296875,1908200
2025-02-06,630.8847390404326,639.4744537143531,629.8559139894527,638.8629760742188,2439200
2025-02-07,640.0083388262032,644.3468562941862,633.9517954544436,636.6112670898438,2616700
2025-02-10,639.6394855802055,643.0074109993816,625.3038244242695,631.399169921875,2351600
2025-02-11,627.759498227982,629.9529863024395,624.672963654417,628.2059326171875,2711400
2025-02-12,624.8282316155583,631.3408651485328,620.3149557246472,629.9141235351562,2295800
2025-02-13,632.6609098872407,632.8258939164893,621.6738029024401,629.8656005859375,2031800
2025-02-14,631.1953147669537,643.7547759892756,631.1953147669537,641.1244506835938,2246000
2025-02-18,643.1045816733076,652.4222412109375,641.5807451189642,652.4222412109375,2350100
2025-02-19,649.4035587655997,651.3058807231289,643.7741383415173,648.5009155273438,1953600
2025-02-20,648.3845482023148,650.5683800204604,613.0840656008802,623.3723754882812,3929000
2025-02-21,625.7891920402583,628.45832004043,605.0961634900989,607.2023315429688,3000800
2025-02-24,614.8796981576213,618.5582202165534,596.7199019654104,607.7264404296875,3274100
2025-02-25,610.046114413182,612.7540443060196,588.178651938001,596.8265991210938,2885900
2025-02-26,598.5349134224257,604.8049586642322,597.1081717098222,599.6026000976562,2001200
2025-02-27,599.3792984126086,606.843152465985,589.4501622687094,590.119873046875,2396300
2025-02-28,592.8411902170297,608.3111537187588,589.1541914768842,606.9845581054688,3337200
2025-03-03,607.0919881803418,613.3150757397507,583.6042232750428,590.37353515625,3152300
2025-03-04,581.3216515357369,585.2427973287116,553.6104312771719,566.8466796875,4061000
2025-03-05,567.7733517418171,582.4336535213013,562.593955132206,578.4832763671875,2600600
2025-03-06,566.3102802756913,572.2797526913156,550.7330351778021,553.7080078125,4332300
2025-03-07,554.1956639547817,554.1956639547817,531.5077414256298,545.9047241210938,4069600
2025-03-10,528.9620003477629,533.0294216113133,510.26350738253745,518.5836791992188,5272100
2025-03-11,519.3737134233277,526.7087758378406,511.30715701583443,518.3593139648438,4190500
2025-03-12,530.6202028854038,531.5956076701196,515.5892413478858,522.5341186523438,3078100
2025-03-13,522.4950107132108,524.9042912417628,507.26895787525353,511.9021301269531,2529100
2025-03-14,520.8563251239129,530.200718440818,513.7456465812501,528.0938110351562,2808100
2025-03-17,527.9182761472052,543.4564661513002,526.7185473956773,537.7796630859375,2695600
2025-03-18,536.7554592165548,540.1303810886376,533.2050311672788,538.2088623046875,2641000
2025-03-19,535.4971787093388,549.1528444687755,531.205374228496,543.632080078125,2769800
2025-03-20,539.4963647335175,554.4591003848302,538.4234432797057,548.8407592773438,2531300
2025-03-21,541.671576487402,553.0545340909754,537.6529133833575,551.2402954101562,3565600
2025-03-24,560.857674447869,568.3877697789306,558.9556234712073,565.8322143554688,1877700
2025-03-25,570.30943053276,572.4553329831492,563.9888265279625,571.5286865234375,1875500
2025-03-26,573.9183975105055,578.0638675706612,556.9560951409135,559.8042602539062,1944200
2025-03-27,551.1036954488446,552.0791002195506,538.9598941467594,545.1732177734375,2100900
2025-03-28,542.2763633289176,546.7144436947532,524.4849875680184,529.7619018554688,2773100
2025-03-31,520.6906122121114,533.9268628666863,515.5892640146527,532.8538818359375,2455100
2025-04-01,529.8886377180453,538.3844346395089,520.1248265109558,534.9607543945312,1869600
2025-04-02,526.5235069744309,553.3666665210665,525.821244084285,549.2504272460938,2560700
2025-04-03,512.5068874090158,516.954730485971,497.0272194911533,498.6561584472656,5193900
2025-04-04,475.0220901608051,479.8991136737497,448.68616319090415,459.23028564453125,8105200
2025-04-07,435.908371298954,477.92882406609965,428.5733383880003,454.0606689453125,6353800
2025-04-08,476.241377935795,479.82112653152893,441.69252795867556,450.8515930175781,4240900
2025-04-09,440.25863987524224,509.1612404140665,436.11317000597063,504.15740966796875,7024100
2025-04-10,490.7261359044516,490.7261359044516,462.3418517129782,477.75323486328125,5374500
2025-04-11,475.02210024682427,486.25875194311743,466.8091793791675,482.27911376953125,3770200
2025-04-14,497.45642913098294,499.4072386569868,484.92247197301,491.5845031738281,4392600
2025-04-15,494.93014093869095,505.8937108619644,494.530221408511,495.3983459472656,2501200
2025-04-16,489.3800700862313,496.9199594848054,480.5721664253466,486.7757263183594,2765600
2025-04-17,490.8626742029775,502.1676413891308,486.84401141748623,496.9589538574219,2593500
2025-04-21,492.96951281890654,496.7443241180183,482.5131735964915,489.02886962890625,2859300
2025-04-22,497.68075390387474,508.1858518723364,496.4127099257655,507.20068359375,2514600
2025-04-23,520.5051981844679,538.2185207752668,515.2672798756294,516.2914428710938,3048100
2025-04-24,514.1357591704304,533.390296669207,510.54627725857637,531.9564208984375,2223600
2025-04-25,531.205369630512,535.5849866911356,527.9084970201238,531.458984375,1612700
2025-04-28,531.4590202170364,540.8619363380114,529.1277885657647,532.961181640625,1459700
2025-04-29,530.4152371060155,537.3308817989789,527.9864892181843,535.4190673828125,1695600
2025-04-30,522.5828845951478,536.0044641537329,518.3788922931593,534.0828857421875,2438300
2025-05-01,534.6192648953747,544.6171625586969,532.0832366187562,540.2083740234375,2583000
2025-05-02,547.7677859632979,555.7661163789596,545.9340203717177,552.1765747070312,2883000
2025-05-05,544.6270486365411,552.6253804731019,543.7882147369427,545.7975463867188,2197200
2025-05-06,536.0824152462426,543.7296145165742,533.6049086668088,535.8483276367188,2902500
2025-05-07,536.6774330049587,541.7202585553811,534.2681524760638,538.3453369140625,1954900
2025-05-08,545.0757093369739,558.0875758355531,544.4807267060188,551.7864990234375,1994600
2025-05-09,556.2245875095223,558.0290625769327,551.8645566274085,553.1520385742188,1522500
2025-05-12,581.5948118227957,588.5299249024574,573.6160085774584,576.7958374023438,3527700
2025-05-13,578.7075935764926,592.7632085690079,578.4735059751534,588.9591064453125,2765800
2025-05-14,588.9494105644803,599.873956309764,587.6813962221672,596.5575561523438,2874400
2025-05-15,594.7335406651706,603.9804185125358,594.7335406651706,600.7518310546875,2428100
2025-05-16,601.77601192277,605.5215330696144,598.4693753150509,603.8048706054688,2021800
2025-05-19,594.2068617581708,604.1462392065039,583.6237433267537,597.2403564453125,2842100
2025-05-20,592.8022679170762,596.5087942547628,588.178858684921,591.6025390625,1601600
2025-05-21,586.9985505490251,594.8700738097834,577.4395961679064,578.8637084960938,2635900
2025-05-22,577.9761261092003,587.3888066300002,577.9371313478306,583.5164184570312,1939600
2025-05-23,570.6117669756902,587.1546526265687,568.1732551510078,583.8187255859375,1530600
2025-05-27,590.9977518342739,602.4782250643269,590.0711054306637,600.5859375,2364700
2025-05-28,602.0979470471734,603.4147198087718,592.3731295304751,593.475341796875,2001900
2025-05-29,593.55329093129,594.9968708457475,583.5846238751891,589.9832763671875,1736100
2025-05-30,588.1600032852964,591.6889393727164,582.1117746707836,588.6011352539062,2129500
2025-06-02,586.7876462152421,587.3464054363336,580.4845382612037,586.9052734375,1221200
2025-06-03,588.1599300364464,594.355221812517,582.0136396217345,591.9143676757812,1730300
2025-06-04,593.5318515290264,594.3651141072453,586.9052391851477,587.3856201171875,1294900
2025-06-05,588.1600380709151,597.688201968912,581.2001682193692,593.9240112304688,2086700
2025-06-06,600.9035223050691,609.1181625187979,597.9627220327768,601.8837890625,1675900
2025-06-09,602.6189168289575,606.8830527798808,598.9527291689494,601.4132080078125,1610700
2025-06-10,600.9034175002457,604.3833519160354,597.2862314029777,602.7365112304688,1376400
2025-06-11,605.0010332821518,617.4112440002459,602.4621758725634,611.8530883789062,2063600
2025-06-12,608.7455935000501,613.6567390205274,603.6481949216657,612.7744750976562,1634700
2025-06-13,603.8932792448966,607.8829718319845,597.5607947523365,601.4328002929688,1674800
2025-06-16,606.7851124958125,619.7932712907902,605.8048457551085,615.46044921875,1870400
2025-06-17,612.3725343037175,619.2049635338947,610.7060691792988,612.313720703125,1479300
2025-06-18,612.1862876168622,627.2529800706974,611.3432727227125,622.7045288085938,2423100
2025-06-20,626.2238104914916,629.95862433129,624.126025334562,628.1549072265625,4115400
2025-06-23,626.6453017138105,634.6442516794216,617.5778347171216,634.1149291992188,2020800
2025-06-24,641.5355559368838,650.6716487912713,640.3494116868349,649.0443725585938,2307800
2025-06-25,651.4852204971688,656.896311790536,647.750406788568,656.6512451171875,1566400
2025-06-26,657.3865065713868,675.727319657834,657.2786915844134,673.60009765625,2849500
2025-06-27,677.3642926178128,680.5011580374714,671.8650107664996,677.1780395507812,3650500
2025-06-30,700.1751104299359,700.2044873187658,689.0784842779603,693.7837524414062,3976400
2025-07-01,694.0288152349607,698.9399609156842,686.7846300498984,692.5192260742188,3301000
2025-07-02,694.8130055248181,704.5470464033773,691.1664422217477,701.7631225585938,2906500
2025-07-03,701.7826621083397,711.6735788059702,699.3222431060915,709.3993530273438,1502000
2025-07-07,707.4584925287415,709.6836572628231,692.4016103085945,696.9010009765625,2863700
2025-07-08,696.6951126071114,697.1558690630004,680.0796400902891,683.5203857421875,3100700
2025-07-09,690.4410788963177,690.4410788963177,681.0011057192286,682.8145751953125,1763400
2025-07-10,682.9910026008907,696.3618545841297,682.7067468004434,695.126708984375,1733500
2025-07-11,689.7058531520885,692.0682695029161,686.4121116672359,691.0390014648438,1681800
2025-07-14,690.8331020863388,699.3516215785249,688.2746205161072,699.2241821289062,1909300
2025-07-15,699.224149739875,700.58673466531,686.2258051266929,688.6470947265625,1981200
2025-07-16,694.5189490814288,695.7737191619638,677.6583500663052,694.8326416015625,3323200
2025-07-17,692.342757707153,703.2923194259776,690.3822244087773,691.9114379882812,2046100
2025-07-18,693.1073594189253,696.2736016634308,684.6084640185139,694.28369140625,1925200
2025-07-21,695.1463501734221,698.6949108827005,690.4508343335273,692.0682983398438,2006500
2025-07-22,689.774428735632,692.5486002047516,678.2269183067817,686.5885620117188,1978900
2025-07-23,688.1472040128454,704.8215496829964,687.6570706766539,703.3609619140625,2395700
2025-07-24,704.743092518226,711.4481427013316,700.6259606395282,704.9881591796875,1974700
2025-07-25,706.5370241802281,715.4868637846075,704.1745479684266,714.5947875976562,1851400
2025-07-28,713.6341311719812,718.0649556377284,707.9191597700191,709.3699951171875,1464800
2025-07-29,712.5068712611394,719.6432419995773,708.1642966898378,717.53564453125,2136000
2025-07-30,716.7122133940387,723.3192014159648,708.9092688794633,716.3298950195312,1816200
2025-07-31,712.252018405182,719.5549575635301,706.2233541787895,709.3112182617188,2358100
2025-08-01,696.4893242135873,700.420203375545,680.3541122915796,695.56787109375,2999100
2025-08-04,701.0867588058161,712.4480164022169,701.0867588058161,711.7030639648438,1753700
2025-08-05,713.634138034062,715.0065353087269,700.449539314402,706.6840209960938,1977300
2025-08-06,710.2032221280867,713.9282236113356,707.7525553850636,710.4384765625,1477100
2025-08-07,716.2024153176443,718.4766411262242,703.4491366232222,705.537109375,1400400
2025-08-08,711.5363779871594,713.6341631007047,704.4686933173496,707.0369873046875,1275400
2025-08-11,707.9486079810231,709.5562596949599,701.6160636916749,705.0469970703125,1273500
2025-08-12,710.9678893124791,733.3767726107974,710.0561885939944,728.710693359375,2418100
2025-08-13,731.0633290414049,734.1315087714756,718.1629857501376,729.9948120117188,1862600
2025-08-14,728.0636259033031,733.3962789335744,722.4565293198689,732.4552612304688,1371200
2025-08-15,734.2197180515124,734.2687194176799,714.7908259428784,716.3004150390625,1645900
2025-08-18,715.1044947711888,717.1728429669444,709.5855889490051,716.5357055664062,1157800
2025-08-19,714.7712806668087,715.5947310664358,703.5668388381553,707.1448364257812,1856400
2025-08-20,706.9684370875162,707.9977052744156,691.6272375407599,706.4586791992188,1872700
2025-08-21,702.4002843008147,705.0273918944137,698.9007249790994,701.8219604492188,1162000
2025-08-22,705.9293200070513,730.1419209829708,704.400106252295,727.2501220703125,1948600
2025-08-25,727.2500441743131,731.7690591015532,723.7602972702863,724.211181640625,1381200
2025-08-26,723.1525879404148,734.3765940879682,719.3785251470637,734.1707763671875,1511600
2025-08-27,731.2494663609954,738.1407694613018,730.3182609307717,734.87646484375,1534800
2025-08-28,736.1704318428535,738.4642820980037,732.2493652964773,736.3958740234375,1411200
2025-08-29,735.8933401798311,738.0712880954991,728.196476576733,734.4544677734375,1467000
2025-09-02,725.7227874367305,725.7227874367305,710.7133658623917,720.2630004882812,2296400
2025-09-03,718.0062664031279,721.4161673949264,711.8369375152871,719.977294921875,1485600
2025-09-04,723.1210709994753,738.0614403576991,720.5784274271349,738.0516357421875,1778200
2025-09-05,741.2938869524413,746.3791134729543,716.6166344220352,727.5164184570312,1822800
2025-09-08,728.7089063983016,732.769220165311,722.9436722820858,731.1036987304688,1400100
2025-09-09,729.4086423351365,754.5293901055707,727.8416482634565,752.85400390625,2611300
2025-09-10,750.823806214717,763.2511253809848,750.5971572054214,758.4320068359375,1996200
2025-09-11,760.8169721496809,781.6802911887554,760.1763638510663,773.362548828125,2075700
2025-09-12,772.1504253784065,775.629319600717,765.0153117355115,768.76025390625,1099400
2025-09-15,771.608352495527,780.9017441542022,770.1202164340411,775.3631591796875,1292000
2025-09-16,778.0929964437368,778.5660239756936,768.3955109815599,774.1509399414062,1529500
2025-09-17,777.4327460202405,787.0021109091882,773.8553245303494,782.715087890625,1945300
2025-09-18,784.0455509353465,795.5859440427938,780.921487717317,792.658935546875,1501600
2025-09-19,792.4421367702416,797.9313979121331,785.8194500908996,793.3389282226562,3789800
2025-09-22,789.5348522300642,794.3540310530707,785.9869650571767,793.8908081054688,1151000
2025-09-23,795.4085013545462,813.295608473162,790.3824029027276,794.6398315429688,1758800
2025-09-24,797.8230489503444,801.0654293290602,780.8623872067685,780.9510498046875,1402500
2025-09-25,774.6142000044849,786.6177563436844,770.682007773663,783.247314453125,1413100
2025-09-26,785.612472708354,797.7737443951031,783.611910162147,790.885009765625,1376200
2025-09-29,796.0983647528167,797.1233380252197,786.4304727837132,792.4716796875,1059000
2025-09-30,793.8316879733414,797.8920016646126,775.0576544965396,784.814208984375,2463900
2025-10-01,782.123792530161,784.7452940468534,771.8842853210717,774.1312866210938,1788900
2025-10-02,777.4524731061118,779.5417584684341,761.250616706113,768.090087890625,1553700
2025-10-03,771.6576290624948,783.4049416434867,766.5920715695704,778.5364990234375,1470500
2025-10-06,783.48379295204,790.8751494893233,768.750343557519,785.238037109375,1632600
2025-10-07,786.4403848124842,793.6543564627208,770.0710072791352,778.2113647460938,1547200
2025-10-08,780.2808225923848,783.4837435566099,763.1230478320107,765.2615966796875,1939300
2025-10-09,767.5677156449597,771.5689009171675,760.1763590964712,768.6616821289062,1575000
2025-10-10,771.7758531368867,780.1921225067388,752.9328269907693,753.28759765625,2457900
2025-10-13,766.6117732939923,779.5909781708774,766.6117732939923,775.3828735351562,2766000
2025-10-14,753.3763782100943,775.1759485434106,731.7049295409796,759.594970703125,4710800
2025-10-15,767.3410573489115,771.1549924697414,751.6122291495192,756.805908203125,3217400
2025-10-16,759.4963816353861,770.1202540696751,741.5107466629489,747.1085205078125,3160900
2025-10-17,747.1676310160249,747.946165596567,729.2903886035565,739.89453125,2884700
2025-10-20,746.0342384418652,755.3177652272203,741.9739248095863,752.2626953125,1925400
2025-10-21,748.0053252367004,754.2140530602404,747.2859190734017,747.985595703125,1782200
2025-10-22,749.5919346001375,749.5919346001375,732.3454362525788,733.8138427734375,2141400
2025-10-23,738.4852760164757,744.0632602160189,733.873016384494,739.9044189453125,1615400
2025-10-24,748.842907270763,773.2442473940491,745.0487018311014,772.5248413085938,2505600
2025-10-27,777.5706762842809,785.1690121517651,775.6095127198423,778.5463256835938,1645300
2025-10-28,780.5765077323452,786.7950999096033,775.9445789760723,780.615966796875,1242000
2025-10-29,776.5851783231896,788.8942408782873,767.538165316683,771.7167358398438,2251500
2025-10-30,772.209497583184,795.4479390639711,769.2923539216112,778.7138671875,1829500
2025-10-31,773.6089418588799,780.2512981521454,771.6576429296814,777.9353637695312,1328100
2025-11-03,778.1324336561212,784.4692825774129,770.1201986086705,774.14111328125,1569100
2025-11-04,765.7445284036169,794.3244400171367,761.8024716293384,779.3742065429688,2046000
2025-11-05,778.9898647138912,785.8096062937142,764.3451377986157,781.6015014648438,1832700
2025-11-06,782.4983102922872,786.637482150233,765.7445681323768,776.1713256835938,1572500
2025-11-07,771.6576358172671,775.6588211525012,751.7502365028895,774.9492797851562,2098400
2025-11-10,784.5481454341376,794.6791999283029,777.373573329629,785.6519165039062,1698200
2025-11-11,786.9133714737683,800.2375429144618,784.0849504876173,798.572021484375,1521500
2025-11-12,802.33675326636,827.8320031218527,802.33675326636,826.81689453125,2954100
2025-11-13,820.9924331959973,829.09339096319,793.3586374851283,793.8316650390625,2557400
2025-11-14,784.0258646088754,789.0125644035685,766.7301012195379,779.4530639648438,2552000
2025-11-17,778.5562056462006,785.1886968586348,759.3386790511362,764.3253784179688,1850600
2025-11-18,760.8760560719772,776.289511891786,755.4359986882776,765.0546264648438,1673500
2025-11-19,765.0547342047489,776.4571418015114,763.773577653083,774.6043701171875,1521100
2025-11-20,783.7301274638397,804.1795460678946,761.0041735802654,762.4923095703125,2599000
2025-11-21,765.577054834328,769.0657536393828,743.0777475715416,762.817626953125,2284700
2025-11-24,767.3608174254849,782.4884368535778,764.1283018662043,779.2559814453125,2319500
2025-11-25,785.4548111856097,793.5951680373666,766.720176767673,790.69775390625,2252900
2025-11-26,794.1668508133124,807.7078073443738,793.338992354842,804.1895141601562,1862500
2025-11-28,808.1216733847655,818.5385660756641,807.0868954673417,814.0741577148438,868300
2025-12-01,806.7321408040563,812.7831526175127,797.8821818877664,799.1140747070312,2133200
2025-12-02,803.3332097388572,811.8308583110671,800.5402746011598,807.3839721679688,2254200
2025-12-03,805.1456378076209,829.8659814534967,805.1456378076209,828.5388793945312,2347900
2025-12-04,827.5186887656407,835.887579788815,826.4886946586389,829.7867431640625,1670800
2025-12-05,829.2222338753676,847.9804104882268,828.4893476177687,846.3561401367188,2277500
2025-12-08,852.8333279144113,862.202532710398,848.0794204942646,858.3696899414062,2238100
2025-12-09,857.6863466479022,875.236204540594,856.0125683340502,868.164794921875,2274800
2025-12-10,862.9849773523011,888.5868524806153,860.9249889675638,880.7032470703125,2394300
2025-12-11,881.4360911847975,910.2765316831278,879.4751187098009,902.2840576171875,2683000
2025-12-12,904.977939402971,906.2060256488637,878.4748275057357,879.435546875,2715200
2025-12-15,883.4367640630632,895.7870225450473,881.0499267578125,881.0499267578125,1976600
2025-12-16,881.6836702093026,887.6359831895505,865.9264346378657,870.7100830078125,2161600
2025-12-17,877.8211650818964,887.3685742285825,860.1028962664201,863.95556640625,2213300
2025-12-18,872.0471429897783,884.2191364323135,866.302835455157,867.887451171875,2066300
2025-12-19,874.6914454710769,891.1122924143385,873.4831866325773,884.9024658203125,4808300
2025-12-22,887.9133953034745,896.787340295759,886.2495306174212,890.3695678710938,1442300
2025-12-23,891.7065380081661,897.2230727806882,885.120414852416,893.0535278320312,1210200
2025-12-24,892.5087354632198,903.1258536841647,890.0723904289903,902.0364379882812,771800
2025-12-26,902.254341935098,904.5520770411326,896.618963879796,898.3323364257812,995300
2025-12-29,897.7480163863435,897.7776969502469,883.0009471220923,883.614990234375,1578000
2025-12-30,886.150377356392,886.4277183379118,872.7205574258533,875.929443359375,1833300
2025-12-31,875.6125388135954,877.4943228277873,868.3727178682782,870.5615234375,1221500
2026-01-02,875.5135558134159,905.6613327098464,872.2947559758666,905.5623168945312,2817600
2026-01-05,905.6217084820269,952.4576988054562,903.8389402716671,939.3348999023438,3742000
2026-01-06,940.2955423062087,949.367639240271,934.1947055208689,946.29736328125,1966000
2026-01-07,947.6938731242234,949.0507161684332,925.0335182899208,931.9861450195312,2683300
2026-01-08,926.4992534327896,936.116057957002,923.0526812200502,925.8555297851562,1960800
2026-01-09,929.757752946327,937.056995526318,923.7460181734681,929.9656982421875,1334100
2026-01-12,925.0335579270275,941.4345787630969,920.1904876394906,940.4342651367188,2179600
2026-01-13,938.2256884137788,940.8205314482959,922.0623539668134,929.1437377929688,1969600
2026-01-14,923.3498654465398,929.1437414496185,909.0881423719485,923.71630859375,2513000
2026-01-15,916.0208976392803,971.8398218580155,915.7930645553358,966.4916381835938,3773700
2026-01-16,963.6591084375203,975.2467994263548,947.8127099431726,952.7647094726562,3071600
2026-01-20,937.2947121626017,953.3589703813221,930.0845714906263,934.3135986328125,2629100
2026-01-21,934.9375101350598,959.618258836998,934.3928022772602,943.8610229492188,2251300
2026-01-22,950.8433273989625,961.6287968384512,941.6821283063989,945.4852905273438,2468300
2026-01-23,925.1128072316803,928.1929365850489,908.2462669762169,910.0587158203125,3872600
2026-01-26,909.5931713770888,924.7760192007825,909.1673066619076,922.9140625,2655900
2026-01-27,915.1295579749972,924.4393417271565,911.5542286469977,920.7946166992188,2012500
2026-01-28,923.5578815932334,928.1731188352726,913.9014819286365,927.8165893554688,1674100
2026-01-29,928.3018525104284,946.2083003675783,916.2487021555244,931.0947875976562,2335400
2026-01-30,924.9840474330892,937.9087547192612,914.3075069329105,926.4299926757812,1893700
2026-02-02,923.1814871937376,940.3253074824875,903.3239807815754,937.2451782226562,1802000
2026-02-03,940.3847602040299,955.2407595753416,910.2369830618794,929.9756469726562,2321900
2026-02-04,928.1235596947575,935.0959533059877,885.2194282993655,904.5322265625,3561900
2026-02-05,893.0138508974348,902.0859477313048,868.303361579572,881.8619384765625,3214300
2026-02-06,899.1543682273673,922.8249504343177,898.5204977723823,919.8339233398438,2473200
2026-02-09,920.0815153939743,939.8895135725313,918.2096450582895,934.5611572265625,2322600
2026-02-10,936.6212445988094,952.5964006247325,921.0026180469961,939.879638671875,3324900
2026-02-11,941.5137577786719,958.8358420327925,922.3396305822372,935.5218505859375,2654300
2026-02-12,946.9907130858718,959.0934320339674,895.3017367413962,895.8662719726562,3188700
2026-02-13,885.8235900215421,897.2924383338793,860.6575539652756,896.4506225585938,2623000
2026-02-17,899.0156898208336,912.7030238135872,896.9853820977502,907.2459106445312,2008500
2026-02-18,912.7327903233859,938.6020318265028,911.1481141555994,924.76611328125,1864900
2026-02-19,916.1199126884006,920.7351496508852,897.7876007637025,907.85009765625,1974200
2026-02-20,903.7894359206774,913.5151703999004,891.9244642095072,913.3864135742188,2009100
2026-02-23,909.6823514476142,923.0527507339972,875.2659532845172,883.7437744140625,2535900
2026-02-24,876.939706733635,903.0169535277645,873.1861128021866,893.608154296875,1971500
2026-02-25,905.9385707595484,913.6538246956984,898.8077398133594,912.53466796875,1763600
2026-02-26,918.8533957630589,929.3813512480314,912.6930771199676,920.0814819335938,2220300
2026-02-27,903.2447140013328,907.4539136005715,845.950103636087,851.3180541992188,5552300
2026-03-02,836.3142104248782,869.7966520679189,832.3317618038074,857.9190063476562,2873200
2026-03-03,832.3317774173322,864.5299018603185,821.0216377054891,858.795166015625,3782100
2026-03-04,866.0233033314352,874.9439493459278,856.2264529921267,863.4446411132812,2081700
2026-03-05,858.2276182019754,862.7178386116808,818.5923019083422,831.7941284179688,3093700
2026-03-06,812.4195338956446,823.5305390186446,797.8139203195095,817.8157348632812,2473000
2026-03-09,806.4458464581081,833.0087714913384,791.5116641162913,828.3792114257812,3258200
2026-03-10,831.0175448995619,842.3775135994551,822.7240786469663,830.1513671875,1871900
2026-03-11,826.3082882089209,829.1457584338937,806.9834229987335,820.1454467773438,2227000
2026-03-12,801.786398600958,803.6681201830515,780.6594767923647,784.0645141601562,3533000
2026-03-13,785.8963611272785,794.49846434799,777.075252410534,778.7777709960938,2567400
2026-03-16,788.5247888263667,801.9257496642291,786.5335646121588,791.2826538085938,2082700
2026-03-17,802.7620360546564,816.8400059428774,799.9444367547594,803.498779296875,1955600
2026-03-18,797.4853555933689,812.6087070271379,797.4853555933689,801.9456787109375,1541300
2026-03-19,789.450757980204,812.5987411471679,787.1210595105324,805.9480590820312,1765900
2026-03-20,803.4590116225854,823.600226136298,801.3980871631452,809.9603881835938,3918400
2026-03-23,829.3448870621654,845.8023843975209,825.3624386248922,827.6224975585938,2190300
2026-03-24,821.3103450133813,840.7944825887811,814.4107599261373,832.052978515625,1656100
2026-03-25,841.3022527755711,850.9995056264154,830.2410161078947,838.1461791992188,1628900
2026-03-26,830.1314345449495,841.0931340639529,812.5290189853214,819.0303955078125,2052200
2026-03-27,810.0997329651887,813.5146753977273,794.2795018526815,799.3670654296875,2106800
2026-03-30,807.5609096079204,815.037966460176,798.3614632086708,804.0563354492188,1621400
2026-03-31,820.2848552245671,844.7768892263738,806.445822361064,842.2778930664062,2689800
2026-04-01,856.1766779939967,866.381702501079,846.4196911065476,856.435546875,1803600
2026-04-02,834.7113090494499,863.4944303968281,827.3537204650028,859.2531127929688,1717700
2026-04-06,859.2132730694112,869.3784948506818,855.9974653167983,862.2498779296875,1444500
2026-04-07,854.2352372478092,864.1614613607902,846.2703399308134,860.3582763671875,1498400
2026-04-08,899.0477282599688,914.0914131111363,889.6789839929008,901.7756958007812,2439000
2026-04-09,898.0421539173074,905.4097080900849,891.3615745546059,899.7545776367188,1797800
2026-04-10,899.4061568259743,904.9716555671396,891.0728878645393,903.8167114257812,1642700
2026-04-13,871.7082278292152,893.0043868405718,861.5430664116833,886.88134765625,4236200
2026-04-14,890.4953894144785,910.1786607831826,886.1943376960936,905.638671875,2822600
2026-04-15,910.9851058311854,923.7189631938282,893.1636242626328,895.5431518554688,2403900
2026-04-16,894.0497132467892,903.975997630366,891.9190887369546,896.0509033203125,1742100
2026-04-17,911.4829258115856,925.1128586129627,908.217288782352,921.8870849609375,2805100
2026-04-20,919.6270348638764,937.6675223849871,918.9400600411338,937.6077880859375,2374300
2026-04-21,940.3556864865968,947.8327435418381,918.4920215449791,922.4844360351562,1765400
2026-04-22,934.8798179913987,936.8511106221245,927.0642868444145,930.7380981445312,1382600
2026-04-23,930.8973390362396,940.2461514958565,916.6501319251059,927.2135620117188,1655000
2026-04-24,926.4071429970794,928.8264732380284,915.1865745814679,922.8428344726562,1263300
2026-04-27,921.9766331321692,937.5977898511031,921.9368305232924,933.6950073242188,1223000
2026-04-28,937.109981117505,941.1521640622856,920.1845743729076,922.4844360351562,1501600
2026-04-29,923.4302732630828,925.9193036492366,895.2145980680115,901.6263427734375,1725900
2026-04-30,906.4152500147118,923.9280948431746,901.0290149063287,919.7166748046875,1880300
2026-05-01,912.3789989974781,931.6739673349706,908.1376815137018,919.6569213867188,1359800
2026-05-04,918.2232098806113,920.9412115242092,895.0552963894747,899.3065795898438,1660100
2026-05-05,905.7381912105915,917.7054682953158,904.234807192047,914.8580322265625,1507200
2026-05-06,931.8232473114226,939.9175787356154,927.2434558509663,933.2369995117188,2318200
2026-05-07,933.8145144098863,941.1422053898132,917.9344881603267,921.8074340820312,1715300
2026-05-08,931.892975221478,935.6564183281972,923.3904693109786,932.370849609375,1665000
2026-05-11,928.5576652353872,945.6125056611387,922.5640608454437,940.7140502929688,2411400
2026-05-12,938.0259322060158,944.3381400802936,916.7596709102469,941.7495727539062,2236500
2026-05-13,937.7073532243602,955.3396051173437,928.9857812616895,951.2277221679688,2355200
2026-05-14,962.6574154181511,971.3789268372649,956.2854733295283,964.7083740234375,1898000
2026-05-15,949.4655519556767,955.2898587311545,937.4783427684613,944.3082275390625,1862700
2026-05-18,943.5814691885706,957.4702711270156,934.431790906699,942.20751953125,1508000
2026-05-19,929.1251177947441,935.5169913874638,919.7564344394463,924.664794921875,1767300
2026-05-20,940.8534894606655,978.417916742471,936.373234748948,977.8106079101562,3104400
2026-05-21,977.9002358621685,995.1143481322039,966.0424610758233,983.8340454101562,2452300
2026-05-22,990.2656841750414,1000.9485827382347,986.5520704264984,992.3564453125,1923500
2026-05-26,1002.113500296361,1012.0795266126196,982.6990638791686,990.1561889648438,2080600
2026-05-27,991.5400548498139,999.2461438209881,970.1443597867003,992.0975952148438,2195000
2026-05-28,982.0917353818012,1005.5383897283438,978.1391842526722,1003.9454345703125,2273000
2026-05-29,1004.8414977203302,1022.7126872637696,999.5946022252514,1021.06005859375,2158000
2026-06-01,1015.3300170898438,1051.199951171875,1011.5999755859375,1048.5799560546875,2666700
2026-06-02,1049.739990234375,1073.969970703125,1047.8900146484375,1064.5799560546875,2125600
2026-06-03,1055.280029296875,1055.969970703125,1031.010009765625,1041.02001953125,2562200
2026-06-04,1052.8699951171875,1095.9000244140625,1050.0,1092.6099853515625,2608800
2026-06-05,1092.8199462890625,1098.3599853515625,1035.5999755859375,1038.6800537109375,2643800
2026-06-08,1052.780029296875,1063.1800537109375,1042.3299560546875,1045.0,2326700
2026-06-09,1061.7900390625,1064.3499755859375,1006.2999877929688,1032.010009765625,2868500
2026-06-10,1028.3499755859375,1036.31005859375,1000.0399780273438,1001.2899780273438,2287200
2026-06-11,1013.5,1036.9200439453125,1000.4500122070312,1035.6400146484375,2561900
2026-06-12,1053.0,1073.739990234375,1048.06005859375,1062.75,2206000
2026-06-15,1089.52001953125,1094.1800537109375,1075.0,1076.1700439453125,2364000
2026-06-16,1086.0,1097.25,1085.530029296875,1090.6700439453125,1965500
2026-06-17,1098.4599609375,1121.949951171875,1094.2900390625,1099.1400146484375,2180000
2026-06-18,1120.0,1125.0,1093.3299560546875,1096.56005859375,4499200
2026-06-22,1109.699951171875,1115.97998046875,1091.6300048828125,1106.3699951171875,1894400
2026-06-23,1077.3399658203125,1103.550048828125,1069.0,1094.43994140625,2066900
2026-06-24,1090.0,1090.0999755859375,1068.510009765625,1076.9100341796875,1933100
2026-06-25,1095.6199951171875,1105.25,1062.0999755859375,1065.0899658203125,1950000
2026-06-26,1054.739990234375,1057.0,1013.3800048828125,1019.6099853515625,4008500
2026-06-29,1029.18994140625,1035.9300537109375,1016.1699829101562,1020.2100219726562,1887200
2026-06-30,1019.2899780273438,1026.3199462890625,1006.1099853515625,1011.3699951171875,3162800
2026-07-01,1010.0,1033.530029296875,1003.0,1019.6099853515625,1735000
2026-07-02,1038.989990234375,1039.280029296875,1009.72998046875,1021.0,1543500
2026-07-06,1029.8800048828125,1055.2900390625,1029.0,1055.2900390625,1754400
2026-07-07,1052.0,1053.8599853515625,1035.1300048828125,1042.97998046875,1353500
2026-07-08,1030.0,1040.1800537109375,1011.9199829101562,1029.6400146484375,1699000
2026-07-09,1055.0,1064.010009765625,1042.6099853515625,1055.969970703125,1241800
2026-07-10,1063.2099609375,1067.1700439453125,1048.0,1055.1800537109375,1110600
2026-07-13,1056.3399658203125,1057.8199462890625,1036.8399658203125,1045.9100341796875,1799500
2026-07-14,1085.0,1143.8399658203125,1082.0,1140.0,3792600
2026-07-15,1148.4200439453125,1153.989990234375,1117.4000244140625,1152.0699462890625,2736800
2026-07-16,1147.6500244140625,1152.449951171875,1089.010009765625,1095.4599609375,2529400
2026-07-17,1071.6400146484375,1085.9300537109375,1047.1500244140625,1065.219970703125,2162700
2026-07-20,1074.6500244140625,1087.9000244140625,1053.6600341796875,1055.030029296875,1718300
2026-07-21,1070.0699462890625,1088.47998046875,1063.0,1085.56005859375,1718600
2026-07-22,1078.52001953125,1106.6600341796875,1078.0,1098.199951171875,1538700
2026-07-23,1072.52001953125,1084.72998046875,1062.47998046875,1074.719970703125,1852700
2026-07-24,1075.0,1077.3800048828125,1051.8199462890625,1061.22998046875,1381400
2026-07-27,1080.1800537109375,1088.5,1029.0,1048.22998046875,2538900
2026-07-28,1041.9300537109375,1047.7099609375,1011.8699951171875,1033.3399658203125,2173100
2026-07-29,1025.0,1028.1199951171875,977.7000122070312,980.75,3198400
2026-07-30,1025.0,1009.0,999.0700073242188,1000.030029296875,171825
