datetime,open,high,low,close,volume
2015-01-02,80.09807064131653,80.47890968587704,78.20148801538245,78.78036499023438,4323700
2015-01-05,78.28527347412647,78.28527347412647,76.76953569607245,77.12752532958984,5878100
2015-01-06,77.74445392082457,77.74445392082457,76.42674875115546,76.89137268066406,4910100
2015-01-07,77.91203515083674,79.5724932492383,77.69114785665244,79.52679443359375,5091000
2015-01-08,80.2580136246072,81.49192827581706,79.99142167345947,81.2862777709961,6464600
2015-01-09,81.40812464977017,81.40812464977017,79.83907017430461,79.89238739013672,5717600
2015-01-12,80.10569007310224,80.197093543607,79.26022685714838,79.53443145751953,4992900
2015-01-13,80.2884459266027,80.76830076634917,78.56705276651526,79.00882720947266,5395200
2015-01-14,78.01103409048497,78.76509925019717,77.59972740640742,78.17860412597656,5384400
2015-01-15,78.69654653341551,78.94790159081404,76.79235211883312,76.93707275390625,6895000
2015-01-16,76.82284391348604,79.45063070163734,76.35060145920913,79.30591583251953,6403800
2015-01-20,79.85433017471964,79.93811523161838,77.95775331003755,78.64326477050781,5331300
2015-01-21,78.49091183038894,79.26020234409634,78.07198665073334,78.85651397705078,5899200
2015-01-22,79.5039533279266,80.97399220724411,78.86414655076078,80.79119110107422,5804100
2015-01-23,80.89782526848145,81.10348159692109,80.21231385892,80.25801849365234,4072300
2015-01-26,80.25040684420145,81.11871943238911,80.0219010847235,81.0120849609375,4192300
2015-01-27,79.80862685299451,80.59315433146004,79.5191912798268,80.09806823730469,4606500
2015-01-28,80.21230869540419,81.82706815496384,79.67151801021318,79.77815246582031,4917300
2015-01-29,80.08283000070797,82.06319177561625,79.60297491948992,81.97179412841797,6529300
2015-01-30,81.01208893605926,81.39292801311439,79.50396363401795,79.53443145751953,7000000
2015-02-02,79.80863942561548,79.97620955637369,77.36365314508642,79.54205322265625,5012800
2015-02-03,79.89242287815362,81.74330106582482,79.83148722980927,81.68236541748047,5969200
2015-02-04,81.56808874522648,83.02289641673931,81.3091210319901,82.5735092163086,6765200
2015-02-05,83.00768433883378,83.2818831166555,82.37549010254632,83.01529693603516,4471800
2015-02-06,83.23616105659154,83.58653219777703,82.61158540297545,83.05335998535156,4223700
2015-02-09,82.93149417357138,83.37326878494301,82.29168747666763,82.52018737792969,4243800
2015-02-10,82.86297650387671,84.43203182016758,82.76396042459655,84.29492950439453,5414400
2015-02-11,84.24157056639304,84.39390962582375,83.63984435670883,84.02068328857422,4552900
2015-02-12,84.40151698101197,85.46024868098311,83.94451145337142,85.4297866821289,4592200
2015-02-13,85.31554742646593,85.60498295077275,84.77475678805132,85.2241439819336,5098600
2015-02-17,85.07181929714612,85.48312612230386,84.25682405409523,85.30793762207031,6028600
2015-02-18,85.0032619078703,85.43741812658911,84.5462562793992,85.3003158569336,3731600
2015-02-19,85.31555985478967,85.65069424461254,84.2720588361477,84.50056457519531,5910600
2015-02-20,84.40153813211862,85.49835632223207,83.82266703057387,85.49073791503906,7276100
2015-02-23,86.0620234627704,86.19151318117159,85.15563030082517,85.52123260498047,5638000
2015-02-24,89.49714644307498,89.81704974207007,87.69196786536143,88.92588806152344,12775500
2015-02-25,89.38289733409032,89.38289733409032,88.24038052331505,88.59075164794922,7328200
2015-02-26,88.35463526725727,88.67453858648209,87.74529063061283,87.88239288330078,5649900
2015-02-27,87.73768992031759,88.10329210291431,87.25782906533927,87.40254974365234,5732600
2015-03-02,87.48633663222188,89.16202592859152,87.48633663222188,88.44605255126953,5971900
2015-03-03,88.43844969563195,88.44606810418605,87.44065318733733,88.4079818725586,3784800
2015-03-04,87.89000355722762,87.9509391777595,87.02169130364052,87.41014862060547,3799000
2015-03-05,87.7681610076596,88.43081716748515,87.63867132748743,88.28610229492188,4088700
2015-03-06,88.32420803543661,88.32420803543661,86.8313193819957,87.174072265625,5169200
2015-03-09,87.12073944674182,87.95859001008712,87.11312684972432,87.78340148925781,5351200
2015-03-10,87.16324986219334,87.53839089692416,86.17562866210938,86.17562866210938,5685000
2015-03-11,86.26749573491696,87.12496673156394,86.06078705377487,86.56607818603516,4356500
2015-03-12,87.16324004045835,89.16144919948199,87.10199086261598,88.88583374023438,5742000
2015-03-13,88.80163895610256,89.04662988539992,87.27810179706727,87.90589141845703,4626900
2015-03-16,88.29634538158382,89.27630907282145,88.2886877724523,89.19209289550781,4820300
2015-03-17,88.38821579402807,88.87054588502225,88.15088247372586,88.48774719238281,3715900
2015-03-18,88.35759559568504,89.13084473663599,86.74983644002162,88.87054443359375,4773600
2015-03-19,88.97007248984953,89.13850485116109,88.09729192763922,88.16619873046875,3545600
2015-03-20,88.46478014076907,90.33283378757466,88.29634778156363,89.95003509521484,8446000
2015-03-23,89.60553796785905,90.14911152752416,88.86290740966797,88.86290740966797,4095200
2015-03-24,88.9624020309461,90.21032934166506,88.83990950289488,88.92412567138672,4026900
2015-03-25,88.7786571229457,89.27629650765591,87.00247172230509,87.03309631347656,4725800
2015-03-26,86.7881293713904,86.84172096046638,85.42536681399123,86.03018951416016,5409600
2015-03-27,85.80812883377835,87.4541638526172,85.74687966074188,87.17089080810547,3879300
2015-03-30,88.01308558191806,88.84758987229132,87.68387843194341,87.76043701171875,3968400
2015-03-31,87.04842366866299,88.32697578972581,86.93358872935487,86.97952270507812,4128800
2015-04-01,87.18622038785433,87.27809416870248,86.0761066142314,86.61202239990234,4737700
2015-04-02,86.21391007900833,87.98243792484713,86.1450032865368,87.69151306152344,4064800
2015-04-06,86.85701326537936,88.46477230369516,86.82639451282225,88.00540924072266,3248900
2015-04-07,87.91357064945124,88.6485436181042,87.45421327417388,87.50780487060547,3188300
2015-04-08,87.25513544200484,88.6638318354052,87.14795227472632,88.49539947509766,3753500
2015-04-09,88.39588169678879,89.00070438882969,87.38529328704776,87.7145004272461,4674000
2015-04-10,87.63793247154123,88.54133760789665,87.59965026636442,88.2274398803711,3658100
2015-04-13,88.01307541968362,88.37290712823027,87.54606054361811,87.6149673461914,2982000
2015-04-14,87.43121065633727,88.02838146591706,86.59671239031768,87.31637573242188,4072500
2015-04-15,87.72213856041239,88.20446274852418,86.80341831123845,86.85700988769531,4210800
2015-04-16,86.77281879424748,87.27045834289302,86.5278278252129,86.79579162597656,4013000
2015-04-17,86.44360127744123,86.5967184140086,85.57081490766535,85.8234634399414,6245200
2015-04-20,86.51251001670678,87.0407741151467,86.2675190715402,86.40532684326172,4396300
2015-04-21,86.89531060878889,87.26279995499158,86.12971315849119,86.64266204833984,3899500
2015-04-22,86.66558883701018,86.74980498476243,85.8923399764373,86.50481414794922,4065500
2015-04-23,86.31344495422644,87.66855555591734,86.17563719542812,87.24747467041016,3945300
2015-04-24,87.18623153546015,87.30872992558696,86.43594933958998,87.04842376708984,2878300
2015-04-27,87.31639162047134,87.36232559839563,85.19568341027677,85.27989959716797,5618000
2015-04-28,84.90475810045007,85.57082414154151,84.25400143824963,84.6597671508789,5743300
2015-04-29,84.34586755643684,84.45305072947423,82.73811411983141,83.22809600830078,7238900
2015-04-30,83.11324964991611,83.61088911480319,81.62799470558687,81.90361022949219,9041600
2015-05-01,81.9036079550817,84.05493466261524,81.80407656024154,83.8711929321289,6696900
2015-05-04,84.16978213341667,84.56023261164454,83.69510963075102,84.26165008544922,3366800
2015-05-05,83.60324948302926,84.1238560466823,82.66922538566402,82.73046875,4164800
2015-05-06,82.83762068766023,83.38119987904558,82.10264802349198,82.92183685302734,3996600
2015-05-07,82.99074360105786,84.76692899882026,82.87590284461182,84.24632263183594,5400200
2015-05-08,86.05312839912987,86.87997479572574,85.83110450517117,86.10671997070312,6435300
2015-05-11,85.93065708260413,86.44361181885044,85.60144994189905,85.67035675048828,3725200
2015-05-12,85.07319534554098,86.37470874447833,84.85117137211373,86.14502716064453,4053800
2015-05-13,86.4512423973368,86.47420938088862,85.05785559843761,85.12676239013672,4340700
2015-05-14,85.78518205384239,85.91533219640917,84.85115238875096,85.70096588134766,3815700
2015-05-15,85.68565965608349,86.81874637880344,85.6091010842478,86.78046417236328,4575800
2015-05-18,87.17860277454774,87.73748576412557,86.63502916725376,87.53077697753906,6878200
2015-05-19,88.90118076481104,89.17679632267624,86.00721740722656,86.00721740722656,11133200
2015-05-20,85.89237024012778,86.42828605915788,85.14973986158293,85.8234634399414,7004500
2015-05-21,85.73159539157658,85.99955330077019,85.45597987325046,85.75456237792969,4238600
2015-05-22,85.6473760960101,86.15266730051515,85.33347838449426,85.86940002441406,3694000
2015-05-26,85.74692349979371,85.8847312890602,84.74399260299322,84.927734375,4612600
2015-05-27,85.01192890516886,86.15266730051515,84.83583894779878,85.86940002441406,4147800
2015-05-28,85.67799057830872,86.28280726235224,85.63970837960264,85.8923568725586,2806100
2015-05-29,85.62441359280022,86.19861166412869,85.26458770791204,85.30286407470703,5310600
2015-06-01,85.72393660839218,86.00720389092687,85.17270557928947,85.49425506591797,5114500
2015-06-02,85.24028016198739,86.34089981566603,85.15561666000674,85.88679504394531,6088200
2015-06-03,85.98684364860517,87.3414536276213,85.77903112706133,87.09516143798828,6337500
2015-06-04,86.60256966811447,87.09515991081216,85.5635246948215,85.78672790527344,4328600
2015-06-05,85.69434558156779,85.70974214249611,84.87080573392694,84.9477767944336,4505400
2015-06-08,84.77077481982423,85.28644818303559,84.53218090862147,84.60914611816406,3449000
2015-06-09,84.50139139777596,84.85543604988912,83.91644525112123,84.30127716064453,3659000
2015-06-10,84.58605898910865,85.57892606846994,84.19352877818228,85.41729736328125,3967900
2015-06-11,85.43266536655953,86.45631943295058,85.43266536655953,85.65586853027344,3642800
2015-06-12,85.34802775526958,85.88679012605155,84.98628478971479,85.12482452392578,4301900
2015-06-15,84.84003466101011,85.0170540287145,84.31666309515973,84.67070770263672,3965200
2015-06-16,84.58605165438452,85.00936321543797,84.47060091152679,84.84004211425781,3466600
2015-06-17,85.22487925645184,85.6558891261185,84.63223481359113,85.02476501464844,5722200
2015-06-18,85.47887124468474,86.43325871292642,85.24797559687369,86.08690643310547,7222600
2015-06-19,85.92528992054274,87.20293500040411,85.77135946680855,86.5333251953125,9255100
2015-06-22,86.91811883239393,87.44918864585998,86.8026681070229,87.02587127685547,3190200
2015-06-23,87.15672024268514,87.42610137717647,86.91812636243114,87.11054229736328,3075900
2015-06-24,86.92583782201967,87.49538743158378,86.47173309326172,86.47173309326172,3716100
2015-06-25,87.15672586210647,87.51846878263318,86.3870620727539,86.3870620727539,4466300
2015-06-26,86.7949802247432,87.23368833605907,86.3793669589227,86.66413879394531,4208500
2015-06-29,85.8636983524079,86.44864453025453,85.01706928072443,85.07864379882812,5187400
2015-06-30,85.54814955814324,86.01764503928152,85.11713375141647,85.53275299072266,5938800
2015-07-01,86.54869572872425,86.8257751785513,85.79442846024877,86.2562255859375,4216200
2015-07-02,86.6487356311996,86.77957704316579,85.50963083885226,85.80979919433594,3845000
2015-07-06,84.87081347502792,86.14845803350906,84.79384827956872,85.67896270751953,3864700
2015-07-07,85.98683653619474,86.69492578881139,85.20177620962838,86.51020812988281,5515900
2015-07-08,85.98685243274798,86.55640207844479,85.27876304922549,85.43269348144531,3794100
2015-07-09,86.44861382439713,86.6564204090993,85.58658849333762,85.72512817382812,3643700
2015-07-10,86.71802502078822,87.34145673553459,86.2716185761721,87.04898071289062,4631400
2015-07-13,87.90331721341273,88.5267431210033,87.7955647323988,88.43438720703125,4171900
2015-07-14,88.1265026818618,88.91925543457812,88.0418391964194,88.78841400146484,3688900
2015-07-15,88.83460699840418,89.39646423588039,88.56522580457435,88.95775604248047,3364600
2015-07-16,89.18094406916968,89.21173132493735,87.61082925743023,88.30352783203125,5234800
2015-07-17,88.11881476594357,88.51134498352819,87.74168111410621,88.10342407226562,5497600
2015-07-20,86.39474683475329,87.82632172868477,86.3331723319445,87.28755950927734,6107500
2015-07-21,87.287580008084,87.71858988482926,86.72572281412468,87.63392639160156,4660600
2015-07-22,87.71090122987788,88.57292695005914,87.58775805389187,88.43438720703125,5485200
2015-07-23,88.6729562534211,89.36565477409168,88.07261949286267,88.19576263427734,4308900
2015-07-24,88.31120845614832,88.68834788491881,87.30295092060807,87.42609405517578,4427800
2015-07-27,87.25677272759754,87.65699525387357,86.74879188479213,87.02587127685547,4468200
2015-07-28,87.55692852077469,88.53439866151386,87.11052224519499,88.3881607055664,4176800
2015-07-29,88.63450322438662,89.86596436891384,88.59601767809173,89.5657958984375,5104000
2015-07-30,89.23483290461179,89.85056049074083,88.78072815797478,89.63505554199219,3291100
2015-07-31,90.03529656867353,90.92040546379135,89.5658010627408,90.07377624511719,4301200
2015-08-03,90.52785291303708,90.58942155062154,89.40414453617981,89.96599578857422,3645000
2015-08-04,89.76586632252383,90.68176791383266,89.47339625944798,90.45856475830078,3008200
2015-08-05,91.11280554074298,91.22825629404012,90.12763674047004,90.8203353881836,4299100
2015-08-06,91.12050719785465,91.20517069526983,89.33488721321822,89.71202087402344,4768900
2015-08-07,89.81975515348131,90.1738056375343,89.11166592951184,89.99678039550781,3986100
2015-08-10,90.45861307129401,91.0820390604248,90.32777159467382,90.51248931884766,3408900
2015-08-11,90.06603932745963,90.92806474460441,89.86593100281975,90.58171844482422,4080000
2015-08-12,90.15070280021796,90.72795054789678,89.0500835264276,90.58171844482422,4575800
2015-08-13,90.82033031779295,92.46741041480774,90.6587016210282,91.60538482666016,6255500
2015-08-14,91.82088238021382,92.27498114769423,91.1743618143632,92.16722869873047,5135500
2015-08-17,91.66692619617089,92.93687220821198,91.38215444524984,92.12872314453125,7255600
2015-08-18,93.76815741388482,95.2843962860191,93.24478570988013,94.51473236083984,11021900
2015-08-19,94.4146596976157,95.27668529276818,93.99904052881375,94.48393249511719,6490300
2015-08-20,93.88359394741803,94.30690551886471,92.77527618408203,92.77527618408203,5555500
2015-08-21,92.0056135073709,92.63673760324129,89.39645363414469,89.4041519165039,10190700
2015-08-24,84.70150445958826,89.18863999959409,70.93991180786672,86.61796569824219,13983100
2015-08-25,90.05064729880799,90.05064729880799,85.34800191454926,85.40957641601562,10221100
2015-08-26,87.78782358950666,89.30406173904157,86.26389303227617,89.22709655761719,9313200
2015-08-27,90.43549050793376,90.88958930125311,88.76532158189217,90.55863952636719,7579100
2015-08-28,90.38163028571317,91.17438314804151,89.9891000600305,90.45089721679688,5016000
2015-08-31,90.05837302851234,90.42780840577586,89.22713462156521,89.63505554199219,5444500
2015-09-01,88.18068879584791,88.76861329023392,87.07446531789527,87.468994140625,7392900
2015-09-02,88.8305131806277,90.10692596435547,88.43598430522785,90.10692596435547,6487400
2015-09-03,90.53240130341194,91.34466566847286,89.87485705177488,90.19976043701172,5302900
2015-09-04,88.71446170096782,89.49578185787463,87.79389642601788,88.5133285522461,5752000
2015-09-08,89.49581806183274,90.23071954203834,88.75317909917038,90.06826782226562,5775800
2015-09-09,90.59429491751389,90.87278523682647,87.9563743656833,88.16524505615234,5316400
2015-09-10,88.18844331627643,89.27919794813323,87.94863452571302,88.56749725341797,5259100
2015-09-11,88.16522350995382,89.31786010977453,87.95635287052947,89.3023910522461,4472800
2015-09-14,89.34881473738572,89.4880598795487,88.51334388440786,88.75315856933594,4248700
2015-09-15,88.79182280472024,90.22294964258523,88.1110721423651,89.87483978271484,4994000
2015-09-16,89.79749176657043,91.30597584774289,89.71239718743061,91.14352416992188,5285100
2015-09-17,91.53805338124687,92.69069009113564,90.71805160670954,91.21315002441406,6607100
2015-09-18,90.130142703564,90.66391087566153,88.94656184538955,89.05486297607422,11366700
2015-09-21,89.70466454406714,90.59428598179227,89.17089050103834,90.18428802490234,5201100
2015-09-22,89.27142974429228,90.03727483592064,88.87690098110393,89.58086395263672,4631600
2015-09-23,89.61958016634371,90.16109175191646,89.47260342477666,89.86712646484375,4084900
2015-09-24,89.22502116089237,90.23841845871017,88.83822983093816,89.99860382080078,5172300
2015-09-25,90.68710421309628,91.41426795135129,89.76653889425833,90.30804443359375,5478900
2015-09-28,90.14560700509966,90.80315123581896,88.07240476692333,88.26580047607422,5994600
2015-09-29,88.35089184170182,88.907872408081,86.48656034242711,87.3452377319336,7908800
2015-09-30,88.47467071639538,89.4493808363539,88.1884429435366,89.34107971191406,5395600
2015-10-01,89.91354686300132,90.60976678084351,88.76090404388067,90.53240966796875,5215200
2015-10-02,89.3952191766594,91.20540584980849,88.73767503076796,91.13578033447266,4359800
2015-10-05,91.86300290480243,92.28073853151136,91.21319586456943,92.21111297607422,4528700
2015-10-06,92.13373370328958,92.21109082254605,91.25958704194868,91.80883026123047,5275400
2015-10-07,92.21107302037137,92.7061655703946,91.66182990712589,92.55918884277344,4680100
2015-10-08,92.29616294713328,93.78144642420307,92.17239276685906,93.64993286132812,4958200
2015-10-09,93.81239906518822,93.99032573546344,93.19353626407872,93.85881805419922,3893500
2015-10-12,93.9825642705178,94.72520298351917,93.60351038514548,94.29973602294922,2861900
2015-10-13,94.19919439885462,94.60146084297192,93.71183925898862,94.07542419433594,2971400
2015-10-14,93.85881259919748,94.28427964361319,92.48956759135501,93.03881072998047,5200400
2015-10-15,93.30954318101081,94.40029166968458,93.13935405038873,94.2301025390625,3448900
2015-10-16,94.09086947364841,95.01143485156577,94.09086947364841,94.94954681396484,4068800
2015-10-19,94.84897348064834,95.30538443185702,94.53180174685178,95.22802734375,3097700
2015-10-20,95.0655967324472,95.2821989878823,94.64786128183576,95.03465270996094,3318400
2015-10-21,95.37502161389045,95.93973373794817,94.95728620463186,95.38275909423828,3491800
2015-10-22,95.84691900563108,96.29559848779077,95.0578611712166,96.20276641845703,5855300
2015-10-23,96.70559827536414,97.27804795871299,95.1274884789706,96.39616394042969,5281600
2015-10-26,96.34976471195725,97.20844231145163,95.93976076557416,96.70561218261719,4550200
2015-10-27,96.31880107750563,96.76747463928653,95.78502702918391,96.28785705566406,3674800
2015-10-28,96.21822338607177,96.38067506051178,94.54728766185447,95.78501892089844,6821500
2015-10-29,95.47561742259654,95.9784475792132,94.95731820203993,95.63806915283203,4635300
2015-10-30,95.35954708682016,96.50445220280564,95.35954708682016,95.6457748413086,4991500
2015-11-02,96.10993387566329,96.41936820328249,95.44465213697113,96.24144744873047,3715600
2015-11-03,96.10218859076485,97.50237149364241,95.7772793470188,97.20841217041016,4313700
2015-11-04,97.0691690292088,97.37086583875849,96.40388737174838,96.99180603027344,4101200
2015-11-05,97.053703842189,97.47917677130692,96.65917493536772,97.25483703613281,3059400
2015-11-06,96.90672174284562,97.5565344106988,96.55861181854597,97.45597076416016,3752000
2015-11-09,97.31671803941984,97.56426429791314,95.69992692772267,96.3110580444336,4988800
2015-11-10,96.3033171504587,97.01501778262305,95.95520726559285,96.89897918701172,3872900
2015-11-11,97.03050665205642,97.03050665205642,96.32654335639455,96.47352600097656,3240200
2015-11-12,96.06351812217505,96.67464927919545,95.19710320931662,95.77729034423828,4285700
2015-11-13,95.22803859291162,95.3440771897634,92.7525760692588,92.8299331665039,8728800
2015-11-16,92.86863389018973,93.62674186287789,91.7546725729686,93.4797592163086,7785700
2015-11-17,96.58955054890188,97.73444980757962,95.22804314482845,97.61067962646484,10517100
2015-11-18,97.81182593311242,98.03616568732231,96.4348492849,97.8891830444336,6502000
2015-11-19,97.88143499842042,98.72464335613122,97.43275553842635,98.13671875,4662200
2015-11-20,98.52351737852229,100.72823333740234,98.31464669304336,100.72823333740234,8191900
2015-11-23,100.7282408435618,102.60804174113842,100.7282408435618,102.49974060058594,6329700
2015-11-24,102.0587836931607,103.60594945317058,101.91181286126769,103.35067749023438,6672700
2015-11-25,103.42027764663405,104.61933324569561,103.3119765359796,104.16291046142578,5300900
2015-11-27,104.28667333303007,104.79724070604028,104.070071139135,104.23252868652344,3337700
2015-11-30,104.58839152293221,104.68122948500891,102.8942433132569,103.56726837158203,8057900
2015-12-01,103.74596616832972,104.60844431455091,103.54393678333267,104.45303344726562,5267600
2015-12-02,104.55405343103158,104.62398121113812,103.78482413748934,103.97129821777344,5022700
2015-12-03,103.7459932029905,104.21219035777666,101.63253290396776,101.73353576660156,6688000
2015-12-04,102.2152690149772,104.76385092160564,102.0598699926092,104.53074645996094,5387100
2015-12-07,104.11894086019791,104.73277119033833,103.48956706989846,104.06454467773438,5444300
2015-12-08,103.11663406285831,104.55409031562311,102.8835295240834,103.99464416503906,4731400
2015-12-09,103.50511762044096,104.72501256230153,102.18419610871914,102.48722839355469,5055600
2015-12-10,102.53384346779296,103.80035674803352,102.40951950893951,102.9844970703125,4185600
2015-12-11,102.98453711319664,102.98453711319664,101.25181424162362,101.35282897949219,5300800
2015-12-14,101.8578251037732,102.66591886709924,101.56257056302805,102.57266998291016,5960100
2015-12-15,103.04667307659336,103.72267728476184,101.93555866558057,102.01325225830078,4921800
2015-12-16,102.69701701260826,103.55949528411105,101.29063619515466,103.26422882080078,4711700
2015-12-17,103.38854310696824,103.7615031240912,101.78791068328935,102.05986785888672,4345800
2015-12-18,101.57811389328168,102.02877934098791,101.01866794827981,101.2362289428711,9840600
2015-12-21,101.78792304763958,102.26189782004782,101.15077157881456,102.02879333496094,3414800
2015-12-22,102.07541375742201,102.78249302805548,101.36834634297537,102.47169494628906,3401900
2015-12-23,102.94568093378972,103.6061298934841,102.47170610097933,103.42742156982422,3244800
2015-12-24,103.18653523205712,103.71489431778467,103.07775472286696,103.26422882080078,1517100
2015-12-28,102.75919249225674,103.2642423820687,102.47946945243486,103.09329986572266,2607200
2015-12-29,103.62943522809702,104.37536727590002,103.55950743316828,103.88584899902344,3037400
2015-12-30,103.79260754026362,104.16556762026478,103.55950304419271,103.61389923095703,2484700
2015-12-31,103.40411076405206,103.78484852775044,102.75142761730167,102.75919342041016,3178700
2016-01-04,101.0963912923616,101.84232330322266,100.58356377590633,101.84232330322266,8050900
2016-01-05,101.90446246335263,102.5183046277317,101.04976188414449,101.34501647949219,5320900
2016-01-06,100.23391954996266,100.93322122295237,99.89203451652311,100.29608154296875,8199600
2016-01-07,98.62551119573891,99.36366556767234,96.89278275867122,97.43669128417969,12551000
2016-01-08,98.2447623386226,98.31469011983653,95.96035996948488,96.27116394042969,7104500
2016-01-11,97.02486034917224,97.9650380508725,96.41878994627226,97.73193359375,6811600
2016-01-12,98.50894889695735,100.07850639469717,97.77079460031969,99.06062316894531,5695700
2016-01-13,99.04508370322914,99.04508370322914,93.99453817953122,94.32865142822266,8932200
2016-01-14,94.24319526864475,94.42190358835624,91.84224016046105,92.94559478759766,13389100
2016-01-15,91.00306985066722,94.13440738319781,90.21051932233784,92.6425552368164,10515000
2016-01-19,93.6604393021681,94.70939773242435,92.30844856823991,93.05437469482422,6350700
2016-01-20,91.6013546204829,92.19965332933144,88.26022215417964,90.490234375,11331400
2016-01-21,91.20509327456715,94.74824975978227,91.0186132263223,93.41179656982422,8993900
2016-01-22,94.51514872745965,96.8694794304047,94.46853019570837,95.3853988647461,6554500
2016-01-25,95.86715021613873,96.23234456392566,94.45299729004758,94.56954956054688,4854700
2016-01-26,94.58507562454064,95.14451574944908,93.73813481427537,94.95026397705078,4475600
2016-01-27,95.15225950915908,96.59749274520773,93.90904971688389,94.46072387695312,5431000
2016-01-28,94.77155036698132,95.33099638870172,93.48171582489337,95.01242065429688,4871600
2016-01-29,95.70400127751414,97.7164535522461,95.3776595880212,97.7164535522461,7616200
2016-02-01,97.06372705645221,98.74983106758619,96.34111020480995,98.2991714477539,4674100
2016-02-02,97.44444927403316,98.23699379394851,96.90054082522319,97.33566284179688,5832200
2016-02-03,97.91840625951164,98.02719267861195,94.43741869106623,96.18568420410156,7485700
2016-02-04,96.07692352088996,96.27117528460867,92.8134903335597,94.10332489013672,9171800
2016-02-05,93.932392977487,94.0178642374049,89.89195820794359,90.4669418334961,8117700
2016-02-08,89.30142451652452,90.10951259629893,85.17551879214827,86.90824127197266,11286600
2016-02-09,86.20116492199321,89.58114443908559,85.9991414270225,88.47002410888672,7572900
2016-02-10,88.96729483548789,90.25712920435141,88.6176440829173,88.835205078125,5307600
2016-02-11,87.86396935328526,88.726447758227,87.1957427345359,88.0115966796875,6447100
2016-02-12,89.26257001997362,90.46693334906996,88.20583993108862,90.38146209716797,5361600
2016-02-16,91.78007342228666,93.24084451897029,91.4537259611194,92.7979507446289,6966400
2016-02-17,93.59048047043025,94.5462015835252,93.13982096541787,94.1810073852539,5970700
2016-02-18,93.96344760352312,94.10330908703689,92.89894598299651,93.21752166748047,4460700
2016-02-19,93.10095029425686,94.56172087754511,92.26955329328523,94.553955078125,5435500
2016-02-22,95.57186687901867,96.71406818777504,94.89586861332177,95.45531463623047,7796900
2016-02-23,98.67989717931117,98.82753041853785,95.8438202086178,96.76068878173828,11168700
2016-02-24,96.38773951506106,97.73195856742682,95.50971763988356,97.59986877441406,7935500
2016-02-25,97.71640702789027,98.57111358642578,97.04040876885477,98.57111358642578,4738800
2016-02-26,99.13830354618514,99.26262749067914,97.84847522656574,98.10488891601562,4608200
2016-02-29,98.1049103723677,98.67212219092255,96.38772552810268,96.4421157836914,5575300
2016-03-01,96.95493190372733,97.87957212492083,96.33332986447972,97.6697769165039,4916900
2016-03-02,97.49884711742024,97.80187939228445,96.70629660770359,97.58431243896484,3967500
2016-03-03,97.28126687598606,98.8819052093995,96.9549253827232,98.52448272705078,5009700
2016-03-04,98.96739918893412,99.06840798060446,97.25021416197491,97.5610122680664,6448200
2016-03-07,97.13365565372759,98.32247552445195,97.13365565372759,98.03498077392578,4161200
2016-03-08,97.83184931901411,100.16005959010383,97.6599668236938,99.00376892089844,5280900
2016-03-09,99.24596326362357,99.62878866277526,97.91779010535527,98.46468353271484,4047000
2016-03-10,98.59749570276908,99.22252184670982,97.12087754741744,98.35530090332031,4503700
2016-03-11,99.19908626086111,100.59757170380287,99.01158079845577,100.36319732666016,4626600
2016-03-14,100.33976000308846,101.30074275017071,100.08194815730754,100.66008758544922,3653200
2016-03-15,100.6132016331428,101.94137477610384,100.48819401650628,101.33979797363281,4033900
2016-03-16,101.27731021683215,102.43360105052503,100.63665502106899,101.91795349121094,3609600
2016-03-17,101.64450136260695,102.49609343835064,101.03510410460844,102.25389862060547,4130900
2016-03-18,102.4570121497776,103.19922542811611,102.21481736729272,102.62108612060547,8069200
2016-03-21,102.76172994988664,103.2305025930098,101.77732170498825,102.35546112060547,3817000
2016-03-22,102.04291927272999,102.51950026000155,101.50383449287106,102.02729034423828,3946500
2016-03-23,102.02731277609205,102.48826493621743,101.52729424683797,101.73824310302734,3625300
2016-03-24,101.20694779586493,102.16010980183988,101.1444559225963,101.92573547363281,3448700
2016-03-28,102.03512248461385,102.98046414276335,101.9491812501111,102.4101333618164,2621100
2016-03-29,102.3476421387231,103.83206882103715,102.12107626794635,103.49612426757812,3405400
2016-03-30,103.99614747130728,104.63679066393526,103.78519860189117,104.23834228515625,3138300
2016-03-31,104.34770969721859,104.9180405122071,103.91019499413801,104.24613952636719,3685900
2016-04-01,103.98835863552817,105.62903925971173,103.98835863552817,105.35559844970703,4259400
2016-04-04,106.30876087387395,106.43375659663191,104.96495850279878,105.35559844970703,3547600
2016-04-05,104.84773270373827,106.0196522464508,104.61334641091935,105.14462280273438,4068600
2016-04-06,104.88681866083174,106.05092991569312,104.5508740514451,105.81654357910156,3364800
2016-04-07,105.26179809451818,105.66025832370143,104.00393745061528,104.58989715576172,3953700
2016-04-08,105.1758412585407,105.1758412585407,103.95704716005972,104.39456176757812,2924400
2016-04-11,104.36336502718483,105.53528481603742,103.87897532930216,103.91802978515625,3472700
2016-04-12,104.14455900053555,105.25397445215378,103.99611398916075,104.98834228515625,4251400
2016-04-13,105.36340662994174,105.36340662994174,104.08210808491474,104.56649780273438,4324800
2016-04-14,104.30085828846279,105.24621213708564,103.81646860413835,104.9805679321289,4183300
2016-04-15,105.01181486077252,105.691524433622,104.66804986072539,105.48057556152344,3508900
2016-04-18,105.32430051942923,106.8790512084961,105.26961714678033,106.8790512084961,3964300
2016-04-19,106.8790846397836,107.03533822371655,105.35559133401486,105.81654357910156,4649500
2016-04-20,106.05871526957908,106.31653899140795,105.06648675006466,105.62120056152344,4760200
2016-04-21,105.6524382206272,105.85557854871537,104.99616620999022,105.16024017333984,3542200
2016-04-22,105.3555990278482,106.00405085245538,104.23055406715713,105.98843383789062,4180900
2016-04-25,105.61338839275916,106.04309462940483,104.91024140288995,105.9805908203125,2835400
2016-04-26,105.54309860451859,106.44157764043133,105.3790365018446,105.73841857910156,3507200
2016-04-27,105.7618333371785,106.47280075329547,105.28525222456392,106.05872344970703,3488100
2016-04-28,105.3243046942329,105.8165146744857,103.51174215723474,103.6992416381836,5553600
2016-04-29,103.68364066303079,104.92587260194425,102.93360685910436,104.60554504394531,4610100
2016-05-02,104.98054244250403,106.44935199496466,104.93366757106487,106.29309844970703,4284400
2016-05-03,105.82433255863582,106.12903116356522,104.72272532489794,105.11336517333984,3408700
2016-05-04,104.3711633388674,105.7852778385274,104.01178131469987,105.5977783203125,3192100
2016-05-05,105.37118121704147,105.76182103698618,104.49615183520733,105.21492767333984,3474900
2016-05-06,105.06648356807159,106.10558692892481,104.9336674586758,106.01964569091797,3356800
2016-05-09,105.93370465486338,106.62123456022887,105.66026393077945,106.44154357910156,3552300
2016-05-10,106.5040261264961,107.67594536509903,106.48839719866194,107.4337387084961,3662800
2016-05-11,106.8790721776126,107.07439211510042,104.722732438062,104.92587280273438,6058400
2016-05-12,105.47277001540547,105.47277001540547,103.98834320596421,104.83993530273438,5355600
2016-05-13,104.54302897073697,105.73057738707966,103.93363179213328,104.01176452636719,5295800
2016-05-16,104.56649873160377,106.68377250149258,103.97273030057022,105.73841857910156,8394800
2016-05-17,104.02738070903368,105.0743045010895,102.42576696240576,103.12891387939453,15989600
2016-05-18,102.3710827132483,103.73051374371205,101.58199447267384,102.94923400878906,8258900
2016-05-19,102.69921139364727,103.23048777434808,102.1757554394188,102.91796875,4577200
2016-05-20,103.04301047845698,103.95710657475182,102.93363176406406,103.01176452636719,5089800
2016-05-23,103.00393261539026,103.50395124278984,102.58204674158428,102.67579650878906,3854500
2016-05-24,103.2695358630287,104.58990034632455,103.16797761757745,104.19145202636719,5181500
2016-05-25,104.26960001915852,105.09775464148532,103.94927246255806,104.06645965576172,5017500
2016-05-26,104.01179188933419,104.97276278203547,103.80084298851233,104.7305679321289,3996800
2016-05-27,104.74617008552941,105.39462171466225,104.20708521092216,104.64459991455078,4025300
2016-05-31,104.89587972817266,105.07650114653771,103.44302349481394,103.75714874267578,6366900
2016-06-01,103.75718855751447,103.75718855751447,102.99542195687054,103.52944946289062,4744300
2016-06-02,103.54514407218586,104.21266337748004,103.13677156693284,103.98492431640625,3858500
2016-06-03,104.07917253484084,104.23623521554912,102.81479818300046,103.45877075195312,4155900
2016-06-06,102.7362762743105,102.77553295846624,100.89075676062674,101.45619201660156,8051700
2016-06-07,101.60538672133299,102.7205471607684,101.55826912268415,102.02945709228516,4434000
2016-06-08,102.10015231209528,102.32004246840098,101.5033093139962,101.77031707763672,3742400
2016-06-09,101.51901321919966,101.96664244572335,101.3383797575314,101.54257202148438,3450500
2016-06-10,100.8750496731204,101.48760255343109,100.68657923801874,101.17347717285156,3926000
2016-06-13,101.25985710383618,101.66036873644155,100.35673171237663,100.38814544677734,4830900
2016-06-14,99.97977216087693,100.08186829482284,97.93792737220183,98.3541488647461,7303500
2016-06-15,98.7468102568524,100.32531592676071,98.55047891452998,99.36721801757812,5140000
2016-06-16,98.99025351488356,100.16038649941524,98.68397713632531,100.01902770996094,4431800
2016-06-17,100.14468918574079,100.3488754608809,99.5242874120485,99.84626770019531,7541900
2016-06-20,100.623730761462,101.18916591497047,100.06614454673935,100.22321319580078,3880300
2016-06-21,100.49023164308485,100.76509431884915,99.9640650935422,100.31745910644531,3600900
2016-06-22,100.27821720219283,101.28343290549563,100.05047208323234,100.20753479003906,3723700
2016-06-23,101.29126608826678,101.38551328418136,100.08971919260819,100.7493896484375,4784500
2016-06-24,99.02953669035375,100.36459353200308,98.5583426251189,99.26513671875,8979800
2016-06-27,98.43265293181146,98.75463912418687,97.08189868604133,97.90648651123047,5656900
2016-06-28,98.86458641046457,100.15251922607422,98.63684138932491,100.15251922607422,5385000
2016-06-29,100.44310743821188,100.89074262119813,99.65778213531978,100.02688598632812,5782100
2016-06-30,99.94833422086627,100.4116791982315,99.02950518722129,100.2781753540039,6642000
2016-07-01,100.74937730385132,102.27291030072114,100.61587344103768,101.79386138916016,5645200
2016-07-05,101.77816421178103,102.4692423309208,100.91430158396487,101.58183288574219,4096600
2016-07-06,101.46402722238199,103.35666408735239,101.3305233582253,103.32525634765625,4933200
2016-07-07,103.07392651001629,103.80427315167975,102.53205023620875,103.00325012207031,3973600
2016-07-08,103.92210311132922,105.51631258415381,103.85927564649948,105.50060272216797,4806200
2016-07-11,105.88542086332193,106.71001489679571,105.58699338872219,106.13671875,4577000
2016-07-12,106.2074173968737,106.7964114800755,105.4692095619623,105.89328002929688,3615800
2016-07-13,105.89327710569982,106.17599473715578,104.52681853959182,104.8880615234375,4235500
2016-07-14,105.54772399588536,105.85400040813641,105.10009477018649,105.65766906738281,3122300
2016-07-15,106.11316101127245,106.48226489678333,105.74405712576157,105.84615325927734,5323000
2016-07-18,106.38018794492478,107.18121125511382,105.86971922591776,107.0712661743164,3730900
2016-07-19,106.85923080522771,107.62884632665344,106.4587071899979,107.57386779785156,3831500
2016-07-20,107.90369150700099,107.94296016865282,107.40894471614996,107.91155242919922,3092000
2016-07-21,107.40109448704109,107.69952196557132,106.38803002099453,106.8592300415039,4938100
2016-07-22,107.12623732557984,107.3068588066352,106.77284330330133,107.2126235961914,2627200
2016-07-25,107.23617570639601,107.47177570091642,106.92203838599764,107.19690704345703,3352600
2016-07-26,107.19690292888411,107.99007716410755,106.85135788126581,107.39323425292969,2575600
2016-07-27,107.59744734120495,108.13147493674566,106.77286511514534,107.04772186279297,3030800
2016-07-28,106.95346890678566,108.46914118771026,106.88279249622865,108.34349822998047,3230000
2016-07-29,107.950824584739,108.94033018158005,107.93511472294718,108.5633773803711,3662600
2016-08-01,108.42202792492039,109.11311814414098,108.25711629367969,108.9796142578125,3157800
2016-08-02,109.0895383819324,109.16021478174326,107.44821140972235,107.76233673095703,3898100
2016-08-03,107.69166675763087,107.76234316165935,106.56864530013061,107.63668823242188,3642600
2016-08-04,106.63932123388074,107.74663282456468,106.3801744202525,106.84351348876953,3802900
2016-08-05,107.58958205117975,108.17072717326076,107.27545667785292,107.51890563964844,3022100
2016-08-08,107.51888728835715,107.90368900753745,106.92989332656248,106.96916198730469,3182800
2016-08-09,107.01629519824927,107.6602557925323,106.28593634786209,106.89064025878906,3180400
2016-08-10,107.03985293926637,107.50319204292389,106.06604514278553,106.49012756347656,3438000
2016-08-11,107.04770275497117,107.98224189301634,106.15243228332821,107.62098693847656,4183300
2016-08-12,106.80425847227542,107.89586034057187,106.51369189779327,107.25189971923828,4090000
2016-08-15,107.67595689569778,108.35133716145717,107.53459210452723,107.63668823242188,6327400
2016-08-16,108.10002377988259,108.88534908735174,106.53723408721146,106.98486328125,7286100
2016-08-17,106.41160893543072,107.17337565546283,105.82261479003165,106.92206573486328,5222200
2016-08-18,106.82780133261427,106.92203653554614,105.57913696131372,105.86185455322266,4430800
2016-08-19,105.56343525996414,106.61576838442765,105.48490991248856,106.38018035888672,3959000
2016-08-22,106.49014200509782,106.68647337901348,106.03465177963957,106.28594970703125,2752500
2016-08-23,106.74926920135556,107.23617906745568,106.74926920135556,106.97702026367188,2961100
2016-08-24,106.62361864160498,107.00057142787742,105.86970108594709,106.06603240966797,4113000
2016-08-25,105.80690295578005,106.92992467000214,105.52418529192352,106.35662841796875,3168900
2016-08-26,106.35661889631838,106.94561297802967,105.17078179239448,105.51632690429688,4193400
2016-08-29,105.90899283740656,106.25453795978852,105.68910266554815,106.2074203491211,3227700
2016-08-30,106.40474785795976,106.60208603572136,105.48120663138353,105.85220336914062,3440600
2016-08-31,105.68640274208617,106.30998589977071,105.4574958231942,105.86795043945312,4650600
2016-09-01,106.15211869965755,106.60994458582783,105.50485592580512,105.95478057861328,3851800
2016-09-02,106.38105395624119,107.25723582963896,106.20739541956307,106.68099975585938,3402600
2016-09-06,106.53104718242314,107.13095090677442,105.67854480914512,105.85220336914062,4220400
2016-09-07,105.22074633668203,105.67067123658776,104.32088449230085,104.81816864013672,4676000
2016-09-08,103.83933158480916,104.9365311604534,103.49990372113685,103.61041259765625,5019600
2016-09-09,103.12103314530887,103.3183713143748,100.82401998896862,100.8319091796875,6315000
2016-09-12,99.85309425088113,101.70807749945418,99.45841798901994,101.50283813476562,7882600
2016-09-13,100.83192438388443,101.03715779689887,99.00852135389937,99.23743438720703,6376300
2016-09-14,99.15056258191683,100.20829198334965,99.1189877609706,99.66364288330078,4313900
2016-09-15,99.43475199237069,100.75296944214158,99.22951862186157,100.2162094116211,5100700
2016-09-16,100.2635653078278,100.2635653078278,99.22162010938614,99.54525756835938,6941200
2016-09-19,99.99520211839052,100.53985741855145,99.59263054773753,99.6873550415039,4525400
2016-09-20,100.13728130136596,100.50827802391913,99.71892534522149,100.11360168457031,3627100
2016-09-21,100.65827161224709,101.50287891103888,99.89260441536524,101.12399291992188,5367400
2016-09-22,101.68442612280978,102.33957830020452,101.60548603069218,101.62916564941406,4099700
2016-09-23,101.53442771676659,101.98435243082709,100.87136840820312,100.87136840820312,4464700
2016-09-26,100.32673285752792,100.4293525688158,98.94536555140303,99.02429962158203,5338500
2016-09-27,99.30056818849779,100.23989376963875,98.95325108693945,100.10570526123047,4433600
2016-09-28,100.41355669727626,101.455502025085,100.29515258728553,101.25027465820312,5751100
2016-09-29,101.43180327385889,103.19995733234123,100.96608815730465,100.98187255859375,5987500
2016-09-30,100.93453816764357,102.01595360163485,100.74508917186759,101.57390594482422,6044600
2016-10-03,101.19500789581616,101.6844147319003,101.01346015776343,101.43181610107422,3652700
2016-10-04,101.45547984600772,102.55267938231671,100.99765393267941,101.19499206542969,4848600
2016-10-05,101.28973747763224,101.85017111222925,100.65824692862938,100.70561218261719,4115400
2016-10-06,100.14518024367761,102.97105836171238,99.7978631249864,102.76583099365234,7472400
2016-10-07,102.4816491543769,102.93947510616569,100.94240797624889,101.28182983398438,5511900
2016-10-10,101.39235020977077,101.77913736234362,100.44512939453125,100.44512939453125,4349700
2016-10-11,100.1293871721046,100.31094093997466,99.03218741862182,99.34003448486328,5113900
2016-10-12,99.34003054223092,100.37408661662965,99.22952165218568,100.00308990478516,3545900
2016-10-13,99.65578021024845,99.97941771390444,98.80327783320091,99.6873550415039,3655700
2016-10-14,100.1688546987157,100.68982432761882,99.78996276855469,99.78996276855469,4462100
2016-10-17,99.60052193564847,100.08992276788618,98.57436103725051,98.77959442138672,3753000
2016-10-18,99.57681887254223,99.65575291792189,98.78746637418246,99.25318145751953,3563300
2016-10-19,99.26899886416936,99.52948068250059,98.28230797300832,99.37161254882812,4094800
2016-10-20,99.41897637321162,100.31094883425199,99.1190244964762,99.6557846069336,3543200
2016-10-21,98.91376423132195,100.08990384448641,98.86640500635332,99.9320297241211,3234100
2016-10-24,100.42934687115616,101.1476546980019,100.42934687115616,100.86348724365234,3824800
2016-10-25,99.67155281021712,99.67155281021712,97.31928537196546,97.35874938964844,8731900
2016-10-26,96.9561975794192,97.68240064797939,96.61677566354902,96.8614730834961,5456100
2016-10-27,96.86146238499819,97.45347686899098,96.18261862823718,96.50625610351562,4261600
2016-10-28,96.85359104943932,97.95079101514729,96.46680984411742,97.54822540283203,4497700
2016-10-31,97.3666515105254,97.48505561654055,96.00107475169526,96.30892181396484,5671500
2016-11-01,96.056335365719,96.49837096612228,94.09084273760425,94.635498046875,7492600
2016-11-02,94.6670350423846,95.74055480483105,94.5802057952543,94.95120239257812,4846000
2016-11-03,94.99068842525948,95.4564095880613,94.78546108653006,94.86439514160156,5113500
2016-11-04,95.1485654147129,96.22208545831046,94.76967350779744,95.44062805175781,4607600
2016-11-07,96.69568996236781,97.86393441743161,96.54571104672445,97.68238067626953,5510400
2016-11-08,97.84027914859549,99.00062875185064,97.56400686741189,98.07708740234375,6105900
2016-11-09,95.47219517945484,99.66366160775476,94.9749052062556,99.47421264648438,8052500
2016-11-10,100.0267562257365,102.69477170236237,99.86099291270125,101.85015869140625,8737000
2016-11-11,101.87386399412523,102.7184772180693,101.60548694980484,102.4974594116211,5496100
2016-11-14,103.01051107920527,103.12101995796743,100.20041783819786,100.77664184570312,11438500
2016-11-15,100.30305068034885,100.77666111162637,97.027235662064,98.19548034667969,13445400
2016-11-16,97.5639977937934,99.22163734901572,97.31140515701938,98.92958068847656,9793400
2016-11-17,99.35582141639418,101.93700196307957,99.22162688734811,101.77123260498047,6801200
2016-11-18,101.7712193585726,102.11064722114241,100.81610950987805,101.29761505126953,4428900
2016-11-21,101.25818230279593,101.74757721393111,100.57144917980708,101.21082305908203,4072100
2016-11-22,101.33710215975267,103.6420105683698,101.33710215975267,103.38941192626953,5535800
2016-11-23,103.68935907191289,104.18665506922926,103.29468276790051,103.57096099853516,3582700
2016-11-25,104.08404002358058,104.30505780013141,103.46045673500481,103.85513305664062,2545800
2016-11-28,103.60252299709997,103.91825920174166,102.75002079109042,103.12101745605469,4859000
2016-11-29,103.43845716987293,103.77967525115048,102.5655539945962,102.85916137695312,4127100
2016-11-30,102.63698249598633,103.41466436777843,102.21640512646579,102.6845932006836,6973800
2016-12-01,102.63697060563113,103.43845773692067,102.36716857125549,102.7401351928711,5398700
2016-12-02,102.3988828520071,103.65268346284077,102.29573039559898,103.05752563476562,3738300
2016-12-05,103.41465619424184,103.52575186592851,102.8115550263541,102.90677642822266,4065400
2016-12-06,103.26386839816142,103.27179947785008,102.11322009182005,102.16084289550781,4292600
2016-12-07,102.16876306532308,105.58893486630238,102.16876306532308,105.1128158569336,6987300
2016-12-08,104.91443774292894,105.64449663195325,104.41450124267126,105.16836547851562,4975400
2016-12-09,105.15248476994729,105.85873826888952,104.03359721238806,105.8508071899414,5174600
2016-12-12,105.6444917608369,106.85861282675137,105.6444917608369,106.79512786865234,6276500
2016-12-13,106.77134954576199,108.6282396331789,106.77134954576199,108.35049438476562,6886300
2016-12-14,107.96165893118015,108.62030187558707,107.72359331981909,107.9061050415039,7036300
2016-12-15,108.32667111757385,108.9694518340089,107.73945639356079,107.79499816894531,5839800
2016-12-16,108.0092420047354,108.40601388600935,107.16808755379732,107.2156982421875,9429300
2016-12-19,107.17604189830702,108.318747101799,106.9617816455224,107.47759246826172,3463600
2016-12-20,107.6441934419471,108.90593707327035,107.4696128667581,108.80277252197266,4301500
2016-12-21,108.65998984657591,108.90599869336586,108.36638239877541,108.58064270019531,2704700
2016-12-22,108.12037746435709,108.7155355054453,107.27127951364768,107.46966552734375,4094800
2016-12-23,107.64424048040287,107.91405464719925,106.96179214513334,107.16812133789062,2337300
2016-12-27,106.9379677493639,107.69977519364586,106.89830024260928,107.3347396850586,2254900
2016-12-28,107.5807548082424,107.81087721678429,106.85862693659699,107.1839828491211,3369400
2016-12-29,107.14430159454679,107.8029444896477,106.83481995550122,107.2077865600586,2777900
2016-12-30,107.63628767870617,107.77913186859885,106.19997524291135,106.39836120605469,4149100
2017-01-03,107.20778567284225,107.53312946918402,106.00952663506703,106.58087921142578,5299700
2017-01-04,106.60469361184322,107.87436880234532,106.50154112993543,107.52520751953125,4055300
2017-01-05,107.1125602401352,107.49347005874847,106.16030991064177,106.25553131103516,3821100
2017-01-06,106.31108296401881,106.5967592677096,105.58102398981335,105.96192169189453,3827500
2017-01-09,105.71591926695898,106.93797154452025,105.65243430197256,106.58087921142578,4310200
2017-01-10,106.33488051393303,108.22351883360798,106.15236881089884,108.00132751464844,5928300
2017-01-11,108.00131608166842,108.23143845604488,106.92209602874554,107.68389129638672,4643700
2017-01-12,107.53313200199167,107.54900627074191,106.28727434678076,107.1839828491211,3600000
2017-01-13,107.06493486266031,107.72357771163577,106.93796494052854,107.16015625,3117600
2017-01-17,107.19985812312015,108.30288382006987,106.93798714504308,107.8664321899414,3976900
2017-01-18,107.84259816854518,108.15207976790323,107.06492863066141,108.0489273071289,3869700
2017-01-19,107.92196660422573,108.54092985577437,107.07286884900064,107.43790435791016,5078700
2017-01-20,107.33475432589523,107.92198122988985,106.81102450181376,107.60456848144531,4853900
2017-01-23,107.37441692681827,109.72331206195658,107.1284202694883,109.56460571289062,7056200
2017-01-24,109.41382381084338,109.81059571371588,108.95356695048919,109.55665588378906,4055100
2017-01-25,109.86617426482312,110.59623335749649,109.05675592160026,109.096435546875,3631700
2017-01-26,109.51696485170565,110.44540955458982,109.27891142161967,109.87406921386719,2931200
2017-01-27,110.14389402506791,110.16769937301537,109.27099090526485,109.77092742919922,3149500
2017-01-30,109.50112898426403,109.89790094101885,108.60442048727197,109.88202667236328,2705000
2017-01-31,109.21543797384874,110.00103859290823,108.59647477340047,109.1757583618164,3227000
2017-02-01,109.23926264384757,109.47732824963796,108.3425541090623,109.06468200683594,2968800
2017-02-02,109.08847321567885,109.15195817622819,108.36634541151297,108.67582702636719,2197600
2017-02-03,108.9218495374144,109.88204314444927,108.69172709574809,109.49320220947266,2654700
2017-02-06,109.05674269872793,109.4297093357504,108.27907299342412,108.31082153320312,3864100
2017-02-07,108.84252044890803,109.27102896975187,108.1838773397131,108.43780517578125,3242000
2017-02-08,108.62821324637775,109.43763133473433,108.57267147529915,109.41382598876953,2882700
2017-02-09,109.41383636070951,110.42162839146766,109.04086976054836,110.07247924804688,2931900
2017-02-10,109.98516688552021,111.54844901742638,109.70742173392645,110.97709655761719,3297000
2017-02-13,111.4770278930248,111.61192888389637,110.34226608883122,110.99296569824219,2753000
2017-02-14,111.05645432039606,112.18328508297796,110.57239210963391,112.17535400390625,4775800
2017-02-15,112.10393317988886,113.206958549639,111.84999335822576,112.83399200439453,4343500
2017-02-16,112.99274702225276,113.46887833875641,111.81036192166616,112.31822967529297,4295800
2017-02-17,112.17534954567975,113.57198224340442,111.88967329972274,113.47676086425781,5108400
2017-02-21,115.5399763775905,115.57964387880386,113.67514369692186,115.07971954345703,9275900
2017-02-22,115.10354644748608,115.43683343631714,114.24651757255518,115.26225280761719,5037800
2017-02-23,115.94469682327544,116.11927744560532,114.67502177151607,114.833740234375,4184000
2017-02-24,114.78616204467266,115.92093653087295,114.78616204467266,115.8177719116211,3516900
2017-02-27,115.75424702376237,115.86534268753834,114.90516133101444,115.30193328857422,4388400
2017-02-28,115.04801157398848,115.56382246530369,114.64330847249717,114.99246978759766,4211900
2017-03-01,116.4287822337007,117.20645200061931,115.77013922908353,116.39703369140625,6213500
2017-03-02,116.71443636678251,117.62700699353289,116.16688914732475,117.40481567382812,4053400
2017-03-03,117.4048349969848,117.65083170510842,116.50813849077812,117.29373931884766,3412300
2017-03-06,116.75411987304688,117.05565832639691,116.3176682988991,116.75411987304688,3998000
2017-03-07,116.82600796090584,117.3209956844753,116.42682116906876,116.5785140991211,3996300
2017-03-08,116.73816860087248,117.45669984386548,116.49865412580407,117.29702758789062,3614500
2017-03-09,117.42470629347474,117.48857759751054,116.98559869210715,117.05744934082031,3594000
2017-03-10,117.55246917296613,117.72811224380206,116.9217475507259,117.24110412597656,3123200
2017-03-13,117.62433258184763,117.89577656357321,116.96168132137001,117.70416259765625,2933300
2017-03-14,117.57646903343321,117.83194221928532,116.92978844606147,117.4886474609375,3272500
2017-03-15,117.64031467271909,118.46263822541631,117.16926515104353,118.11933135986328,3670500
2017-03-16,118.47858553629058,119.10930722640882,118.16722045579202,118.74205017089844,3544500
2017-03-17,119.27701444314913,119.74806413935963,118.2630887127951,119.43669891357422,9002000
2017-03-20,119.26098086032272,119.42863239390347,117.91970768064141,117.99954986572266,5906100
2017-03-21,118.42271015814676,118.71810437362402,116.77007162005516,117.04950714111328,4530000
2017-03-22,117.14530585644874,118.1033513387758,116.61039723033456,117.64828491210938,3169000
2017-03-23,117.58439482884931,118.48656037339323,117.38480154428348,118.1512451171875,3219400
2017-03-24,118.03951379474599,119.87576289591816,117.3688708704258,117.92774200439453,4735400
2017-03-27,117.41677975992842,117.90377583060449,116.77008708402688,117.25709533691406,2943000
2017-03-28,117.59239663190831,117.64030926240841,116.5145999987444,117.52054595947266,4635600
2017-03-29,116.85788315780016,117.69617746695424,116.5305593993147,117.39279174804688,3730000
2017-03-30,117.13731568723739,117.66424491760826,116.90578063955559,117.32093811035156,2450800
2017-03-31,117.25707300181146,117.50456675524563,117.081429915721,117.22514343261719,3248700
2017-04-03,117.3129345569635,117.52050715842563,116.63431261101307,117.05744934082031,3775300
2017-04-04,116.9617117934364,117.28105630428786,116.60244617317545,116.83396911621094,3124200
2017-04-05,117.06552223669047,118.51057647107623,117.02560112114435,117.07350158691406,3390400
2017-04-06,117.39282106509717,118.1273353240127,117.36089148881068,117.55250549316406,2699100
2017-04-07,117.44071042151137,117.9995692623234,117.28102602510018,117.46466064453125,2869100
2017-04-10,117.3289528682316,118.95762914194873,117.16128910457032,118.32691955566406,5044500
2017-04-11,118.08740866132372,118.67819716141497,117.44072817759631,118.31893157958984,2844800
2017-04-12,117.69620192653565,117.81596524256594,116.85790744316752,116.9936294555664,4445600
2017-04-13,116.89779703093362,117.36883427323814,116.45868935496853,116.49063110351562,2346900
2017-04-17,116.48265865232219,117.60836791992188,116.37088687851715,117.60836791992188,3467700
2017-04-18,117.40875444709987,118.30292848408382,117.17723159188351,117.96761322021484,2969400
2017-04-19,118.10336781666919,118.47860427845042,117.3768573020517,117.53652954101562,3461000
2017-04-20,117.88783400979939,118.99757268822695,117.71219086510902,118.7341079711914,3700500
2017-04-21,118.55047249472699,119.87576310196891,118.47860962906852,119.75601196289062,5019900
2017-04-24,120.61825783303019,121.40066037411407,120.43463535733136,121.26493835449219,5077200
2017-04-25,121.98345772837465,123.468432633784,121.98345772837465,122.1750717163086,5496500
2017-04-26,122.23894243542279,123.59617467543443,121.67209200449602,123.12513732910156,5120200
2017-04-27,123.50038357869323,124.76181501647606,122.86168242026744,124.64205169677734,5881400
2017-04-28,124.5542052648798,124.74581922881046,123.0293216291056,124.62606811523438,4983000
2017-05-01,124.72183662235561,124.76175771058519,123.11711120605469,123.11711120605469,3152900
2017-05-02,123.34070946919046,123.87561817889615,122.75788812300313,123.70795440673828,3295100
2017-05-03,123.87563697268526,124.05925946931745,123.42055822365106,123.74789428710938,2445500
2017-05-04,124.1150990288973,124.25880035280233,123.1570414740324,123.63607025146484,3793100
2017-05-05,124.01932333207702,124.34665935587783,123.02135656357078,124.3306884765625,2500600
2017-05-08,124.42650242300724,125.47236965441584,124.13908750441915,125.25680541992188,3184600
2017-05-09,125.37658411064145,125.93545537341218,124.77780391385647,125.88754272460938,3004400
2017-05-10,125.75975696995508,126.26272383042914,125.58411388146922,126.24676513671875,2617600
2017-05-11,125.62408478107487,125.90350821828532,124.01136677574588,124.70594787597656,3929100
2017-05-12,124.85758674194521,125.50426709764305,124.34662837107952,125.28072357177734,2926400
2017-05-15,125.5681340189093,126.01522105498205,125.07314654071561,125.6080551147461,6068900
2017-05-16,127.82756635071698,128.4263464044149,126.18291908571389,126.35057067871094,10120900
2017-05-17,126.35057960597935,126.35057960597935,124.45843840091284,124.61811065673828,5937000
2017-05-18,124.13104334879249,125.08110926529935,123.93944160577023,124.30668640136719,4858600
2017-05-19,124.5781664846386,125.13703754988472,124.00334890652285,124.78575134277344,4781800
2017-05-22,124.93747261006983,125.34463870689693,124.3865929494014,124.51433563232422,3802100
2017-05-23,124.4744198611938,124.88956532518388,123.4924116490851,123.61217498779297,4640900
2017-05-24,123.50837979720785,124.09118904960492,122.3826702222198,123.74789428710938,4558700
2017-05-25,124.7059359102893,125.09714330350363,124.02732575742274,124.91352081298828,3110800
2017-05-26,124.62608757217505,124.88156071509214,123.46045709514794,123.66802978515625,4284700
2017-05-30,123.65998365838082,124.10965436581223,123.27455337381217,123.56362915039062,3504300
2017-05-31,123.94907676526596,123.96513993637952,123.08184931427664,123.26653289794922,7158400
2017-06-01,123.27458205701701,124.59148040059621,122.64825310413245,124.58344268798828,3385100
2017-06-02,124.29436601061096,125.15356807637133,123.99726470876627,124.74404907226562,3485600
2017-06-05,124.88858744619772,124.96085334732744,123.84470172586046,124.29437255859375,2651800
2017-06-06,124.01330079885925,124.18995889992037,123.37893427615582,123.8205795288086,3260300
2017-06-07,124.21404490470955,124.70386740138196,123.94103230069088,124.43085479736328,3159000
2017-06-08,124.43087320768802,124.64767087981066,123.16215225395895,123.25850677490234,4041600
2017-06-09,123.65999886077823,123.65999886077823,122.68035373375032,122.82489776611328,4705300
2017-06-12,122.69640760076932,123.0979010731196,121.83720568868766,122.19854736328125,4473900
2017-06-13,122.30295295317691,123.69211708859757,122.10220619506255,123.6519775390625,3753800
2017-06-14,124.0614822586396,126.29378497214626,123.62787470208717,125.87622833251953,5999400
2017-06-15,125.37038894074847,126.28579381106609,124.3987690880987,125.8843002319336,3972300
2017-06-16,125.46675794761883,125.82007429841742,124.79225159751957,125.77992248535156,9105400
2017-06-19,125.99670645363585,127.69903515307693,125.57914973868614,127.52237701416016,5196100
2017-06-20,127.45812072579966,127.85158875947374,126.55075376432818,126.6069564819336,4201200
2017-06-21,126.79970263266405,127.29755074025637,125.61127283969766,125.73975372314453,4071300
2017-06-22,125.61927677143179,126.1251624560796,124.84037847233611,124.84840393066406,3347400
2017-06-23,124.59146672553207,124.64766944456541,121.17877195184136,121.49996185302734,11422200
2017-06-26,121.78904938301301,122.02994795838511,121.35544174943166,121.58830261230469,4128500
2017-06-27,121.2992566623158,123.05780076746974,121.05033256571657,122.24678802490234,4567100
2017-06-28,122.65623388966888,123.21832220001683,122.34306952728888,123.04166412353516,5087000
2017-06-29,122.67232529821132,122.85700887428527,121.66859156557828,122.18250274658203,2855400
2017-06-30,122.46353424960185,123.65998920545076,122.27082522497702,123.17819213867188,3640900
2017-07-03,123.97316878160025,124.29435869698665,123.4271434749214,123.66802978515625,1658500
2017-07-05,123.66803747992681,123.89287288520879,121.62043019986669,122.60810089111328,4432500
2017-07-06,121.86936470967568,122.43947873184001,121.42771932113253,122.09420013427734,3408500
2017-07-07,122.0861237647878,122.7526043669044,121.97370608808187,122.23869323730469,3775400
2017-07-10,122.23068218959148,122.26279627846164,121.25103706882665,121.39556884765625,5081100
2017-07-11,121.61236397428758,121.90143974938978,120.84952886717579,120.9298324584961,5642000
2017-07-12,121.62038139095772,122.96939328126173,121.32326795473627,122.52774810791016,4275900
2017-07-13,122.71251206654364,123.76442335768125,122.5358538990505,123.08990478515625,3288000
2017-07-14,123.03367090749994,123.39501261222725,121.9094939922129,122.76065826416016,3588400
2017-07-17,122.776754462922,124.06153905646168,122.6322226287711,123.57171630859375,4166600
2017-07-18,123.45925749349745,123.54758655806873,122.03796700089032,122.19053649902344,3783600
2017-07-19,122.49565259336985,123.65998113404552,122.49565259336985,123.09789276123047,2808400
2017-07-20,122.50371994708539,122.51175766040792,116.9229616001697,118.06320190429688,18264100
2017-07-21,118.06314977309604,118.4084404729824,117.34046654465497,117.75801086425781,9120200
2017-07-24,117.72595693796653,117.79019738594752,115.83090660667142,116.09589385986328,7295900
2017-07-25,117.02730612195357,118.36025496037921,116.65792678551314,118.01497650146484,5002400
2017-07-26,117.92665980979264,118.2398242191482,117.20397648131305,117.79015350341797,2836000
2017-07-27,117.38064226766994,118.72966689658769,117.1477814119776,118.62527465820312,5399000
2017-07-28,118.76175177011758,119.05886524028345,118.29603017330926,118.90629577636719,3421100
2017-07-31,118.84210764667256,120.43201889932222,118.47272813716177,120.12689208984375,5253300
2017-08-01,120.64080888563005,120.76125207211946,119.60494847136889,120.32764434814453,4110600
2017-08-02,120.39984715822774,121.13859357094806,120.3837839909102,120.84951782226562,3754200
2017-08-03,121.01010107630444,122.07807492678084,120.84950617642497,121.08236694335938,5146600
2017-08-04,121.25908608381818,122.65628814697266,121.09046564242725,122.65628814697266,3258600
2017-08-07,122.72048964507526,124.03738767362965,122.43141387038733,123.13804626464844,3833600
2017-08-08,123.11395763780843,123.82057777946177,122.92123637048056,123.13804626464844,3218900
2017-08-09,123.13802698216001,124.92065860482091,123.11393835909209,124.67172241210938,3844900
2017-08-10,124.61554003797647,125.24989430325839,123.56362915039062,123.56362915039062,4433700
2017-08-11,123.74834231603208,125.04115203551646,123.64395007232744,124.36664581298828,3650500
2017-08-14,125.29809034237508,125.30612805431787,123.306685945503,123.8687744140625,6662500
2017-08-15,123.8848022939942,124.3023588599494,119.05081833623115,120.58452606201172,13528700
2017-08-16,121.61234597633523,122.81682615223676,121.37948520014089,122.2547378540039,6043900
2017-08-17,121.90145133756388,122.17446396983355,120.13488243405392,120.18305969238281,4460900
2017-08-18,120.13487691967818,120.13487691967818,118.00696642376698,118.43254852294922,6989100
2017-08-21,118.11938358400322,120.35168629338415,117.9507509357283,119.80564880371094,4222500
2017-08-22,119.87787996171961,120.91373967404034,119.87787996171961,120.37574005126953,3268100
2017-08-23,119.30783082936851,120.0305143549167,118.38438826604428,119.72538757324219,5235400
2017-08-24,120.23123342561115,120.92984040872417,118.82600625337714,119.04281616210938,3736000
2017-08-25,119.25156484061738,120.87360160168272,119.16323580282159,120.1669692993164,3048000
2017-08-28,122.00583899808153,122.3671806746294,120.79332086335647,121.56419372558594,6845400
2017-08-29,121.21689311229512,121.8873028457844,120.3768411467261,121.0311050415039,5368700
2017-08-30,121.16034698486328,121.36228089650473,120.57877633333051,121.16034698486328,3641000
2017-08-31,121.6530801411964,121.91154916863486,121.03920541659443,121.05535125732422,6083300
2017-09-01,121.37033357986805,121.91960013698882,120.96646582392205,121.79035949707031,3383000
2017-09-05,122.54159703164407,124.32668615132445,122.53351178603525,123.52702331542969,7488800
2017-09-06,125.08594304876806,126.83872792741205,124.51244531516997,126.45909118652344,8126000
2017-09-07,127.75951188076655,128.6560987038529,126.64483303988499,127.5656509399414,8273100
2017-09-08,128.50267370934012,129.79505580114895,127.23453502837823,128.9630889892578,10088600
2017-09-11,127.9614402602997,128.2199215036665,126.1844248498771,127.92105102539062,8847900
2017-09-12,128.47839796875223,129.98885930757586,128.19569795791114,129.16497802734375,5794600
2017-09-13,129.5527187162026,130.35238143626904,128.87422373709228,129.2538604736328,4713700
2017-09-14,129.52039715020794,129.92426491516017,128.6965034586869,128.7368927001953,5290800
2017-09-15,129.22152850545305,129.22961374891216,127.85645346801904,127.94530487060547,9124200
2017-09-18,128.42997268675748,128.42997268675748,127.37184092153791,127.46876525878906,4010600
2017-09-19,127.46070061218303,127.88072664264807,126.94375023817574,127.34761810302734,3713400
2017-09-20,127.27490359328822,128.7449759668427,127.10527369534455,128.17147827148438,4599200
2017-09-21,128.32495374468647,128.88229329336502,128.20379833195958,128.58343505859375,3082100
2017-09-22,128.54303322360795,129.3103795208844,128.43802365948397,129.2134552001953,3576500
2017-09-25,129.2780957889385,130.39276262680508,129.03577262416118,130.126220703125,4897700
2017-09-26,130.48969762986218,130.853176209876,129.87581064355012,130.2554473876953,3222600
2017-09-27,130.3523835252736,130.60277960550087,129.35078687929666,129.98081970214844,3966200
2017-09-28,129.8192655360586,131.21664466139367,129.7708033724732,131.14395141601562,4614100
2017-09-29,131.25703769208292,132.1536247194746,130.97432529625763,132.1132354736328,3467400
2017-10-02,132.63018874429804,132.670577991044,131.8386112733613,132.48480224609375,2721400
2017-10-03,132.517139533974,133.50257824177228,132.4686773557332,133.41372680664062,3046400
2017-10-04,133.67217710718342,134.14873818249475,133.20368895134467,133.5106201171875,2746500
2017-10-05,133.33291777659034,134.28603984259897,132.67864160535373,134.1810302734375,3504900
2017-10-06,134.22950884621255,134.59299976080453,133.87411550150014,133.9629669189453,2916300
2017-10-09,134.19721975555956,134.59301471817628,133.61564901766423,133.8498992919922,2131800
2017-10-10,133.8417809137718,133.9225594004543,132.98558318523018,133.40560913085938,2755400
2017-10-11,133.4298550933543,133.9791094238409,132.83212627041183,133.4783172607422,2319300
2017-10-12,133.60753949279945,133.60753949279945,132.84826610828236,132.9451904296875,3397800
2017-10-13,133.21176043378549,134.14066381596967,132.7513575274539,132.84828186035156,3259000
2017-10-16,132.84828095477053,133.00982561685467,131.87091541279986,132.64634704589844,2586700
2017-10-17,132.64634482148287,133.21175729182946,130.45737586298767,131.94361877441406,4189200
2017-10-18,132.00012195054822,132.66247091646437,131.9435868797135,132.02435302734375,2757900
2017-10-19,132.0647736695601,132.557492890015,131.47513011887392,131.85476684570312,2676100
2017-10-20,132.44437799920746,132.58976445899148,131.4508668821567,132.00819396972656,4166500
2017-10-23,132.50090533417708,134.30216409232784,132.26666749873405,133.0663299560547,3995100
2017-10-24,133.00983165400547,134.455685409193,132.99367348954337,134.1083526611328,3686700
2017-10-25,134.17292899326222,134.85142377734672,133.58328559697907,134.140625,4189400
2017-10-26,134.39909739716143,135.6510897758095,134.17293246328413,135.41683959960938,3750500
2017-10-27,134.73028637478663,135.49763264906773,134.4556592576866,135.1664581298828,3720400
2017-10-30,134.8837660705701,134.8837660705701,133.17944354003953,133.52676391601562,3906300
2017-10-31,133.59947434929546,134.35874784804497,133.35716350932702,133.9064178466797,2922400
2017-11-01,134.42336791579973,134.6818492446815,133.37330908608686,133.5833282470703,3568300
2017-11-02,133.28447924790606,133.28447924790606,129.66582633319942,131.42669677734375,6518900
2017-11-03,131.66898176546223,133.26830720095458,131.4024275262135,132.78366088867188,3080900
2017-11-06,133.1148351934898,133.179455523337,131.6689815039278,132.64634704589844,3275500
2017-11-07,132.54138180269874,132.79177796144367,131.52363899858557,132.19406127929688,3198100
2017-11-08,131.9355506727892,133.01791358881007,131.87901558094256,132.50904846191406,2912900
2017-11-09,132.54935849925133,132.58166248599122,131.079274438822,131.87893676757812,3405200
2017-11-10,131.93552004206788,132.93711654790587,131.60434551291183,132.55747985839844,3554900
2017-11-13,132.9855691576685,134.60104012038315,132.67055281294174,133.55906677246094,7189300
2017-11-14,132.16166902433406,135.81263667176435,131.78203238073735,135.74801635742188,10284000
2017-11-15,135.2472768004408,135.2472768004408,133.55911203036732,133.65603637695312,5534500
2017-11-16,134.63338139667107,135.50573743710072,134.13258920358075,135.2957305908203,4587900
2017-11-17,134.8918342557529,136.04689015400695,134.13256088134466,135.48956298828125,4530100
2017-11-20,135.81267565694108,137.8724040894958,135.53804848595198,137.6785430908203,4699900
2017-11-21,137.74315758685026,139.62518310546875,137.43621409988785,139.62518310546875,6229000
2017-11-22,139.64939535791208,139.68978459944532,138.96281522704538,138.97897338867188,4133500
2017-11-24,139.0193339770968,139.81899642439944,138.7204758364671,139.19703674316406,1853600
2017-11-27,139.63323098490247,141.28101829565674,139.23744848065442,140.6752166748047,4539100
2017-11-28,141.26488492911187,142.78343186926583,139.73019215028185,142.62188720703125,6049000
2017-11-29,143.34444739082133,144.85443527843114,142.62190872254257,143.896484375,4902200
2017-11-30,144.56212056019092,146.67286450634245,144.02631146799325,145.98281860351562,9180700
2017-12-01,146.38873435401595,146.6160450530902,143.44991050883505,146.46990966796875,4683400
2017-12-04,148.71870007550228,151.2515982243434,148.71870007550228,150.10691833496094,6193800
2017-12-05,148.33713118380777,150.1150355033866,147.9636850596589,148.4426727294922,6347600
2017-12-06,146.33193469542215,147.8744022836721,145.05735933209948,146.7784423828125,6892500
2017-12-07,146.1695480598636,148.22347070298358,145.942237344321,147.7526092529297,5484300
2017-12-08,148.1585118683443,149.29506536055192,147.88249350416586,148.89727783203125,5092100
2017-12-11,147.6389541670537,148.5319693994048,147.03819733915344,147.95556640625,6038900
2017-12-12,148.3615201337536,148.73496634629024,147.47663086628614,147.5902862548828,5275500
2017-12-13,147.7607385233972,149.1083753261422,147.75262470681665,148.58880615234375,5177400
2017-12-14,149.04343095316779,149.37628325298306,147.8013356758147,147.85816955566406,3542500
2017-12-15,148.55634779662756,148.73495087262822,147.85817551430873,148.22349548339844,8202200
2017-12-18,148.97035815161567,150.56965944538823,148.97035815161567,149.96890258789062,5011900
2017-12-19,150.38295907736205,151.58446053670738,149.86338987433376,150.98370361328125,4576300
2017-12-20,151.8117357367671,152.54237549921518,151.0323759209857,152.0634002685547,5383700
2017-12-21,152.53430361391514,153.30553743905853,152.16898363226906,152.6885528564453,5859100
2017-12-22,152.99699999227872,152.99699999227872,152.03092338699093,152.72909545898438,3256600
2017-12-26,153.05382876144193,154.58818215249627,152.89957956333268,154.5394744873047,2969200
2017-12-27,154.7343415382595,155.45686758819002,154.25535385206507,154.4014892578125,5912600
2017-12-28,154.98603384338648,155.04285534259222,153.95500916486176,154.06866455078125,3175700
2017-12-29,154.8480397493076,154.8480397493076,153.86572265625,153.86572265625,4637800
2018-01-02,154.41769359746607,154.83172110765616,152.63166342605098,152.6479034423828,4684700
2018-01-03,152.623585821185,153.72767183113635,152.47746280203987,153.4435272216797,4530500
2018-01-04,154.14171618558524,154.95354385793783,153.0051623992945,154.66128540039062,4047400
2018-01-05,155.00221930701622,156.30926208323373,154.6612532420253,156.27679443359375,4224800
2018-01-08,155.64357246628077,157.26722749940492,155.54615712829488,155.90335083007812,3508500
2018-01-09,156.43922322155365,157.06433413057675,155.57868768803368,156.7639617919922,3012300
2018-01-10,156.48790479286828,156.86135098966807,155.5867755400006,155.70855712890625,3119500
2018-01-11,155.61113242491422,158.08720946434875,155.38382165285216,158.04661560058594,3899200
2018-01-12,158.7123028008136,161.89466564668717,158.16026595446613,159.4591827392578,6748400
2018-01-16,160.62814677840583,161.51303554425303,158.87459687337744,159.36981201171875,5692700
2018-01-17,160.33594496206456,162.21939086914062,159.8001357932406,162.21939086914062,3996100
2018-01-18,162.1869285102864,162.56037468343735,160.4658578394767,161.00978088378906,4474600
2018-01-19,162.21128519343884,163.4452667236328,161.6592483223696,163.4452667236328,5809600
2018-01-22,163.6644397906239,165.9943809058793,163.59136589628247,165.98626708984375,4857700
2018-01-23,166.33534626700765,167.52061994081646,165.73458942035037,166.3434600830078,3621700
2018-01-24,166.5870324205965,168.12951239845344,166.05934939955756,167.41510009765625,4370700
2018-01-25,167.88591047986156,167.91026431110538,165.48289590127996,166.72499084472656,3537700
2018-01-26,166.91173027764845,168.29994829347564,165.97000745360532,168.23500061035156,3778100
2018-01-29,168.23503047173062,168.54352892445183,166.18923383396535,166.35971069335938,3632900
2018-01-30,163.55892723451518,164.9227918205466,155.52183798288303,163.83494567871094,5979600
2018-01-31,164.97957600826803,166.4895755665185,162.55220746402287,163.09613037109375,4547300
2018-02-01,161.82972601746178,164.19214752845014,160.96919066260185,162.2843475341797,3553800
2018-02-02,161.75666396948148,161.7972578306641,157.03994716773013,157.47021484375,6179000
2018-02-05,154.3040570849031,157.73808390165232,146.4374467189599,148.6537322998047,10618500
2018-02-06,145.00862601889705,155.83841442775665,142.41078046176986,155.09152221679688,11682700
2018-02-07,154.8398883734897,157.91672218660736,154.01994688447655,155.2945098876953,6016800
2018-02-08,155.17276059255016,155.17276059255016,146.88399354997244,147.1194305419922,7241800
2018-02-09,148.7674077991873,150.9999337006758,142.71116844864676,149.47369384765625,9059200
2018-02-12,151.4463966040853,151.81983025297632,148.89725918718938,149.42494201660156,6783700
2018-02-13,148.75120199991125,149.36819904627092,146.85152795061308,149.1490020751953,4273800
2018-02-14,147.65522850919658,150.23683469236434,146.9814100204276,149.93646240234375,6767000
2018-02-15,151.60070579879553,151.96602577820036,148.77553654638155,150.40731811523438,5113300
2018-02-16,150.2367754796167,152.61543618439794,150.07441247839515,151.78736877441406,7619200
2018-02-20,154.16607493220403,155.4162965244284,151.25161646868622,151.57635498046875,8922100
2018-02-21,151.9822355634802,152.6073338352624,148.45078089429924,148.61314392089844,7527200
2018-02-22,149.14895816256544,151.17852703328668,148.4913798304526,150.5696563720703,5653900
2018-02-23,151.16229336784707,152.95643777548293,150.69143188354667,152.90773010253906,4315400
2018-02-26,153.57341515591006,154.0767442696601,152.5099230542742,152.9970245361328,4648000
2018-02-27,153.32985289885323,153.63835130669366,150.15561685174927,150.17184448242188,4618800
2018-02-28,149.70909667277945,151.5275821555875,147.97178649902344,147.97178649902344,6419900
2018-03-01,148.36153118177384,149.70104210337715,144.7083060637548,145.8367462158203,6123900
2018-03-02,144.27801199603624,145.47139964119728,143.15768586690376,144.87876892089844,5671000
2018-03-05,144.391714422516,147.96375231738716,144.26181898224516,147.54161071777344,5748600
2018-03-06,148.36151745818344,148.56447439041077,145.73119115701425,147.46038818359375,5306800
2018-03-07,145.99893279608546,146.96234664417295,144.36601783337244,145.802978515625,4799200
2018-03-08,146.50511207713913,146.94599357418227,144.29250712872715,145.28042602539062,4750700
2018-03-09,146.14580762768557,148.79113287638165,145.26403254478686,148.72581481933594,4477200
2018-03-12,148.9462614747011,149.46063342982418,146.59487351873827,146.7255096435547,4993300
2018-03-13,146.6275724805168,147.73795497472142,145.2151047534533,145.61517333984375,6128100
2018-03-14,146.22750154248496,146.68471561882467,143.6066682331209,144.84768676757812,4531500
2018-03-15,145.07629315655706,146.84800392351994,144.28432861424497,145.3865509033203,3936700
2018-03-16,145.6804863359966,147.28890839335784,145.30492291259864,146.11322021484375,8410900
2018-03-19,145.86011883521698,146.40715629130082,143.69651157040073,144.59461975097656,4744500
2018-03-20,145.03547594227888,146.05604757902037,144.6435799220521,145.4600372314453,4148300
2018-03-21,145.61513547538783,147.07658827011878,145.06809823002186,145.345703125,3494400
2018-03-22,144.85581787173345,145.78657847180713,142.94531123865798,143.11676025390625,5255100
2018-03-23,143.89243685221768,144.561925349815,140.0714102679944,140.26736450195312,6021300
2018-03-26,142.15339786441587,144.34967025525484,141.67169099022883,144.0067596435547,7323600
2018-03-27,144.82320389317545,145.9254138039764,141.7369962098927,142.61875915527344,4713900
2018-03-28,143.07599052920125,144.94567237951057,141.99826084706103,142.68408203125,4318600
2018-03-29,143.45158157933787,145.85196864474617,143.28829256946477,145.525390625,4423500
2018-04-02,144.63540993491173,145.07630386634912,139.14065563375377,141.16546630859375,7229300
2018-04-03,141.06750525996975,142.83105619247894,140.78174019342532,141.8676300048828,5283300
2018-04-04,139.45088676871345,145.19873974913475,139.1406290583047,144.87216186523438,4757300
2018-04-05,145.32942849860947,146.99499624251217,144.76607085550714,146.2520294189453,3799900
2018-04-06,145.31303128942562,145.75392510035095,141.53284338485128,142.43093872070312,5236900
2018-04-09,142.92904549681444,143.1658251443049,140.73277286630895,140.84707641601562,5079800
2018-04-10,142.08806775470518,142.218703917104,140.62661461958763,141.64718627929688,4783000
2018-04-11,140.4306890738826,142.9290470141019,140.26740006659003,141.13284301757812,4228400
2018-04-12,141.50020552921927,142.25951725814025,141.16545506315575,141.54103088378906,3396700
2018-04-13,142.4636312862191,143.2964087186517,140.6184299118294,141.0838165283203,4311200
2018-04-16,142.25139908780443,143.36995443146773,141.50843216649187,142.41468811035156,3534200
2018-04-17,143.5004843022874,143.89239264981427,142.14517508939718,142.80650329589844,3106500
2018-04-18,142.88005073536587,147.16645225742684,142.87189064597277,146.83987426757812,5858900
2018-04-19,146.55408752950746,146.7173765003059,143.50870524349938,144.57826232910156,5407300
2018-04-20,145.20695184007135,146.05606204434983,143.95777302963364,144.5211181640625,5008600
2018-04-23,145.0191993424621,145.63971511058085,143.80268545462764,145.05186462402344,2987700
2018-04-24,146.3908050151392,146.96232266721495,142.9208612854966,143.9087677001953,4435400
2018-04-25,143.7618179403211,145.38657262247395,142.51263913710167,144.8313751220703,5587300
2018-04-26,145.7050002750961,151.80392589253572,145.39474246117868,151.63247680664062,8782500
2018-04-27,151.44466872489178,152.71016757055563,150.1219994302936,152.23663330078125,4382400
2018-04-30,152.66934524580716,153.3306736231986,150.8813018798828,150.8813018798828,4173200
2018-05-01,150.82416145275218,150.82416145275218,148.10535700614938,150.74252319335938,3423900
2018-05-02,150.62821450532334,152.77548877188983,150.0240316073855,151.78758239746094,3866500
2018-05-03,150.93842975564846,150.9629224735651,147.94203350175354,149.56678771972656,4123900
2018-05-04,149.20757016709211,152.14682140261752,148.46459104114686,151.069091796875,3896200
2018-05-07,151.37120571471658,151.45285644269043,149.14228037233315,149.86892700195312,3582300
2018-05-08,149.77904573229765,151.28949628227323,149.003414013991,151.07720947265625,4168200
2018-05-09,151.06913926196273,152.269332855384,149.87711821724795,152.155029296875,3392300
2018-05-10,151.83656506489484,153.46947966475767,151.76308689785697,152.8081512451172,3850100
2018-05-11,153.19192008756195,155.78008878946062,152.9633129911146,155.38002014160156,5355100
2018-05-14,156.35156228102124,156.4740258844048,155.012572898716,156.00865173339844,7035900
2018-05-15,154.71872603638295,154.87385498455274,151.94277498521913,153.4777069091797,10147000
2018-05-16,154.5390315316339,154.5390315316339,151.77940196416387,152.1713104248047,5044800
2018-05-17,152.06518039959042,152.82447974999565,150.93846527767258,151.3140411376953,4227700
2018-05-18,151.6569946389072,153.66548575608962,151.49370561544902,153.02047729492188,4697900
2018-05-21,153.65728006097012,155.6739308339502,153.49399107273578,154.9554443359375,4147800
2018-05-22,155.17592810613755,155.76377856965087,152.28567370899222,152.57142639160156,4585600
2018-05-23,152.7591794620832,152.93880108078415,151.02828135988804,152.40809631347656,7387400
2018-05-24,152.5060778786115,153.01228995678952,150.7751921135009,152.8000030517578,3941300
2018-05-25,152.44078068031064,153.35520906595065,151.90191575670744,152.55508422851562,2730400
2018-05-29,151.4936860581621,152.5387506231653,150.43228885547535,151.0446319580078,4725500
2018-05-30,151.75068148798226,154.18913685127228,151.07743218298538,153.606201171875,3976000
2018-05-31,153.66366959344893,153.8278727585112,152.09550243212252,153.162841796875,4839900
2018-06-01,153.7047586538278,155.03482088115447,153.13824695614383,153.8197021484375,3706200
2018-06-04,154.5339857732653,157.2597938875946,154.3287286475998,157.1120147705078,4103300
2018-06-05,156.35663804013592,157.94943501366706,155.74907256251015,157.5881805419922,4231300
2018-06-06,158.5159758186608,158.94290161132812,156.98886233345712,158.94290161132812,4134700
2018-06-07,159.13996864526428,161.90683090713105,159.13996864526428,161.06117248535156,4378700
2018-06-08,160.81482883105116,162.97413753375102,160.1087439053557,162.83456420898438,4006200
2018-06-11,163.31077844805566,164.63263480589376,162.8427861996749,163.91012573242188,4243000
2018-06-12,164.074321921304,165.3058645924009,163.8033810303147,165.28123474121094,4616700
2018-06-13,165.27301241088094,165.50289935089188,163.92652639314593,164.46018981933594,5128100
2018-06-14,164.4192184250141,165.02678423023585,162.69506550950086,163.934814453125,4305900
2018-06-15,163.34363069713186,165.51936391373306,162.97417034801893,164.64906311035156,7820900
2018-06-18,163.33538662569703,164.95281352369562,162.65393157235607,164.77218627929688,3396300
2018-06-19,162.73603949722286,164.1235669256297,162.64572587498114,163.55706787109375,5501100
2018-06-20,164.20570791222778,164.31244563129914,162.6621702489244,163.4503631591797,3389600
2018-06-21,163.55706613440682,164.97744169830992,163.06444410415554,164.46018981933594,4695100
2018-06-22,164.8543377375811,165.1909624920364,161.88221802239786,162.0792694091797,6785800
2018-06-25,162.07923989942933,162.43227614257856,160.14981790484407,161.23358154296875,5127200
2018-06-26,161.39779036525587,162.01356176441362,160.59318591150208,161.2171630859375,3270600
2018-06-27,161.46347543818374,162.55544489807556,160.1087708324978,160.1169891357422,3771700
2018-06-28,160.10054299588307,160.92977719571533,158.87720613166556,160.27296447753906,2994000
2018-06-29,160.8065941497996,163.24504906368554,160.09230357854506,160.1826171875,4106600
2018-07-02,159.13174102858434,159.42729924535348,157.7359826339301,159.2959442138672,3822800
2018-07-03,159.6407786596668,160.68348833057345,158.79512033277487,158.967529296875,1608400
2018-07-05,159.68181841906426,159.88707551956946,158.56521929120004,159.6161346435547,3040600
2018-07-06,159.75576816061832,160.38796377618192,158.4174873521652,159.6736602783203,2552400
2018-07-09,160.67527932249243,161.50452614794415,160.12519171585174,160.98727416992188,2575100
2018-07-10,161.3813563095992,162.36658798176063,161.23357719633015,162.24343872070312,2842400
2018-07-11,161.92324981734197,162.36659971709338,160.88054006272304,161.70156860351562,3309300
2018-07-12,162.72780956903688,162.95769649506383,161.74257809636447,162.52255249023438,2709200
2018-07-13,162.94127869689447,164.1481787482791,162.94127869689447,163.13011169433594,2308100
2018-07-16,163.4995956872558,163.56527946284973,162.47331018341197,163.2861328125,2530500
2018-07-17,163.08086934613468,165.3797387626929,163.08086934613468,165.1088104248047,4662800
2018-07-18,165.04317490781435,165.7820956466285,164.36171965726675,165.0021209716797,3787800
2018-07-19,164.93638116740323,166.85758445820548,164.65723454112901,166.36497497558594,3691100
2018-07-20,165.91343234168903,167.29275413811695,165.69996945259425,166.2172088623047,3564100
2018-07-23,166.225451428006,166.98900199221674,165.76566490085014,166.03660583496094,2264300
2018-07-24,167.10388610524382,167.69502747360042,165.31405045453445,165.83950805664062,5058100
2018-07-25,165.3551092187165,166.08582396916256,163.4421241352455,165.02670288085938,4382700
2018-07-26,165.4618838217615,165.9462876629099,163.31079301483695,163.7130889892578,4280000
2018-07-27,164.37810723500814,164.60799419282995,161.4798653558055,161.8575439453125,3871200
2018-07-30,161.3567018772458,162.21057838350478,161.24996418198882,161.97247314453125,2331100
2018-07-31,162.309098464312,162.58824509996722,161.6358491958391,162.16952514648438,2795900
2018-08-01,161.62763579383164,162.35014472533132,160.5931446192827,161.16786193847656,3086800
2018-08-02,160.18266683612893,160.79021991386685,158.91007014383067,160.64244079589844,3543500
2018-08-03,160.94620767769788,161.24998419833972,160.30580648245837,160.62600708007812,2309000
2018-08-06,160.6096057266294,160.9708603038554,160.19088566370027,160.66708374023438,2515700
2018-08-07,161.20891306187573,161.9067796059627,160.62597745173463,161.78363037109375,3052500
2018-08-08,162.1038952733906,163.31080836590505,161.9889517659084,162.58009338378906,2176700
2018-08-09,163.38464758460412,163.9922130957161,162.59645482769938,162.62930297851562,2466000
2018-08-10,162.02172588015057,162.50612958290696,160.6259802398518,161.16786193847656,2873000
2018-08-13,161.16789475623892,162.2270159938524,159.27952672759966,159.39447021484375,5294400
2018-08-14,160.24012606755238,160.90515712827474,157.03812002411132,158.5406036376953,11488000
2018-08-15,157.43222333819884,159.42731668705818,156.89034149237233,159.27133178710938,6049300
2018-08-16,159.295971203131,160.99549387700097,159.04966011952462,160.4207763671875,5690100
2018-08-17,160.59318140794505,160.90516372246316,159.95278017301203,160.56033325195312,3885800
2018-08-20,160.79021799713223,162.9248971025018,160.42896345364807,162.50616455078125,2956700
2018-08-21,163.24509637372608,164.81326379827877,162.9002659108439,164.39453125,4124600
2018-08-22,164.86249929039792,167.1203273091143,163.0972807772077,163.36001586914062,5007000
2018-08-23,163.70485600101404,165.36333691558804,163.49959889621675,164.33705139160156,3595000
2018-08-24,164.49305100954817,166.25825712340222,164.20568604780465,165.2730255126953,3054300
2018-08-27,166.52923921281956,166.62775863989688,165.18275275518434,165.83135986328125,2521300
2018-08-28,166.0940610140491,166.19258042094415,164.72294498052543,165.8231201171875,3516300
2018-08-29,165.9634287878275,166.68964144387814,165.63333899441454,166.43380737304688,2488000
2018-08-30,165.8726387298953,166.23574502842095,164.30469345039003,164.4367218017578,2825400
2018-08-31,164.53575192026926,165.79836348323252,164.4614710225938,165.68283081054688,4023300
2018-09-04,165.6168336999847,169.93282015731887,165.46003663805755,169.2396240234375,4612800
2018-09-05,169.03330518884474,170.5517383272946,167.64690040739023,168.47213745117188,3667100
2018-09-06,168.83523988641602,170.89833244847335,168.18330817733766,169.90805053710938,3490400
2018-09-07,169.5449452744384,171.01386618029017,169.52843700804743,170.18862915039062,3672700
2018-09-10,171.75656661231093,174.6366354447902,171.75656661231093,173.86917114257812,5586600
2018-09-11,175.7754570608341,177.14535331637367,174.53760172941978,176.47691345214844,5969500
2018-09-12,176.62543858980106,177.7807651206608,174.05070369696236,174.93370056152344,5660100
2018-09-13,174.48815859636252,174.48815859636252,172.22700409614632,172.84593200683594,4701100
2018-09-14,173.45657959261808,173.73715717080697,171.27795425870065,172.53231811523438,3622400
2018-09-17,172.5405224654574,173.33274279150942,171.8638222028444,171.97935485839844,3074700
2018-09-18,172.16920922894872,174.72743652062397,171.78134680930035,174.1415252685547,4338500
2018-09-19,174.95023910338753,175.50314636685835,173.84442457644587,174.6861572265625,2579100
2018-09-20,174.6696772969146,175.45364997721094,174.13326565830906,174.17453002929688,4020800
2018-09-21,174.37257419302716,175.49489697535574,173.72062993546473,175.27207946777344,9749200
2018-09-24,174.55415343578042,174.8182227576366,171.61631139946252,171.6410675048828,4623700
2018-09-25,172.34249281879443,172.72210738100208,170.6590148718934,171.20367431640625,4443300
2018-09-26,172.12792297240946,172.59005364545663,171.01384806322216,171.253173828125,2965800
2018-09-27,171.23669134650186,171.509021089577,169.7265060033315,170.69203186035156,3218800
2018-09-28,170.3619190137005,172.35074309746076,170.28765070985466,170.9478302001953,3966100
2018-10-01,172.07839977712842,173.12644156079173,171.12936979864287,171.31918334960938,3670500
2018-10-02,171.2284237323033,171.6822939928887,168.9012494286936,168.96726989746094,4428000
2018-10-03,170.13089194952607,170.378465610161,168.059538667404,168.13381958007812,4162500
2018-10-04,168.05951634747993,168.15029292458607,163.61974968278057,164.098388671875,5996200
2018-10-05,164.27991737416536,164.79980806373868,160.56635128693588,162.06002807617188,5016600
2018-10-08,161.944497407805,163.94156923937558,160.97071129614557,163.73526000976562,3731800
2018-10-09,163.3556493604306,164.3706872683889,161.39984184682683,161.54013061523438,4466800
2018-10-10,164.31295479514242,164.4202396445585,159.55959376796758,159.84841918945312,6157900
2018-10-11,159.85665121342933,162.2993454740727,155.53240516807924,156.58045959472656,5831400
2018-10-12,159.06442410617524,159.7576201307556,156.92706340099406,158.83335876464844,5450200
2018-10-15,158.74260850110375,159.51007295718617,157.3727118978156,157.7605743408203,3642800
2018-10-16,158.3052096901054,160.16199287523216,157.29841957791177,159.74937438964844,4057400
2018-10-17,156.49796931511082,157.34796255427872,151.82712412270908,152.8091583251953,8985700
2018-10-18,152.0581759957975,152.99894573960555,148.1548082315549,148.90577697753906,9262000
2018-10-19,148.82327296216147,149.35968469504138,147.36261219100246,148.41891479492188,7004300
2018-10-22,149.219385841666,149.69801230225843,146.52910470373774,147.51113891601562,4866700
2018-10-23,145.0519097590676,148.1217923798396,144.77958004037296,147.32955932617188,7004900
2018-10-24,147.37083800171038,150.49848096772763,145.49754632027947,146.04220581054688,6791700
2018-10-25,146.4960875482303,148.95529048022706,145.92667195769437,147.77520751953125,5228000
2018-10-26,145.9679448548242,146.34754687594025,141.04127827346485,142.13058471679688,9472200
2018-10-29,143.37668056272304,145.23346380818472,141.07426228676488,142.93104553222656,5918400
2018-10-30,142.89807207020505,145.59658856282576,142.4689452139367,145.43980407714844,5657100
2018-10-31,146.875675049577,147.59363978909366,144.9033591593122,145.14268493652344,6339500
2018-11-01,145.9348903299866,149.25234619278092,145.15916562948144,148.92225646972656,5225300
2018-11-02,150.58100292122685,151.02662538000163,146.38879726854725,148.48489379882812,4730600
2018-11-05,149.38440403855645,150.53148295544818,147.96499540284793,150.3499298095703,3885300
2018-11-06,150.13536502538352,150.72953668723605,148.5839279902065,150.20138549804688,3338800
2018-11-07,151.67029239501315,154.8804636034416,150.2426360077066,154.5091094970703,4673400
2018-11-08,154.42659439218843,155.71396201869294,153.26300727126454,155.14454650878906,4054000
2018-11-09,155.408643635968,155.54067199084528,152.6358467096607,153.48583984375,4761100
2018-11-12,152.8586268866431,154.2780353566771,147.7339128084907,148.07225036621094,7590400
2018-11-13,146.31449188091585,149.87950842408205,142.64219052081035,147.71739196777344,14274000
2018-11-14,150.69651106872124,150.9358242295969,147.84118584933904,148.46011352539062,7561100
2018-11-15,147.72566488899392,148.27032430917257,143.26939030526276,146.36402893066406,8663100
2018-11-16,143.58298333368606,146.57033710211604,143.18686052620305,146.0834503173828,6834900
2018-11-19,145.82760077765022,147.61836312639252,142.18830345982838,143.2528533935547,6203400
2018-11-20,139.67137729681778,141.9407792913008,137.81459384678624,139.50633239746094,8661000
2018-11-21,140.2902793043326,141.0577436116052,139.58882287096444,139.71261596679688,5752100
2018-11-23,139.78690053351528,140.5626253593703,139.0276839741153,139.34127807617188,2711000
2018-11-26,140.45533564946524,142.26260670408462,139.35776892241063,140.14175415039062,6140500
2018-11-27,139.55584583196014,143.0796117582722,139.31653261461173,142.94757080078125,7084200
2018-11-28,143.5452936013221,147.48030762856348,141.64418931603902,147.29766845703125,7133600
2018-11-29,146.77465949739747,147.16484200837778,145.2139294534762,145.82826232910156,4329300
2018-11-30,145.90292588029976,149.73832164217944,145.37161559005045,149.6968231201172,8942400
2018-12-03,152.16247578963933,152.33681777602695,148.89160325842278,150.87571716308594,7610600
2018-12-04,150.31116652572527,151.28246770753503,144.90674323182841,145.5293731689453,7059600
2018-12-06,144.03508415703996,146.14371900848928,141.51136260773174,146.0773162841797,7571200
2018-12-07,145.5709181040621,148.0697356039008,142.98907819305683,143.44566345214844,6226100
2018-12-10,143.94376292617346,144.4418720248685,139.24497852010705,142.532470703125,5373800
2018-12-11,144.69926268471215,145.7784909106656,142.1589334661633,142.96420288085938,5229400
2018-12-12,144.2425655120199,146.83270133986508,143.46220082864724,144.62445068359375,5912500
2018-12-13,144.70753298584322,145.2056421260663,142.84795255288597,144.34225463867188,6102200
2018-12-14,143.6034003225201,145.39657802080478,142.74832267950725,143.03057861328125,4265200
2018-12-17,142.38303743286775,142.781529791468,138.580841683117,139.44422912597656,5631700
2018-12-18,140.21629197366704,142.74832355377447,139.88422765748055,141.16268920898438,4462200
2018-12-19,141.8932499825644,145.23884810066747,138.44803510023144,139.10386657714844,6996900
2018-12-20,138.04125968453425,138.89633744500736,134.67905420525165,136.2812957763672,7675600
2018-12-21,135.16045499240113,139.43585325466864,132.96879892683225,133.2261505126953,13034100
2018-12-24,132.96059975976863,133.99000686197238,131.24213441859712,131.2836456298828,4547400
2018-12-26,132.37946079282747,139.7015838623047,132.36285377733495,139.7015838623047,6141500
2018-12-27,138.17401997611339,141.51131955854171,135.61708517505534,141.3950958251953,5069300
2018-12-28,142.14229193831525,143.71961634661832,139.96724166282678,141.31211853027344,4552000
2018-12-31,142.34979991300744,143.81921002694148,141.66905180722364,142.64036560058594,4206000
2019-01-02,140.8887375330173,143.76942766377442,140.34082003232132,143.1302032470703,4242900
2019-01-03,142.65699674759745,142.65699674759745,139.64347586175035,139.9755401611328,4810500
2019-01-04,141.27892096535305,145.06452278786216,140.73101607944568,144.1347198486328,4762600
2019-01-07,144.30902772678814,147.92027401805277,144.30902772678814,146.973876953125,4928800
2019-01-08,148.24405937024895,149.09082705629845,145.7867407107377,147.67953491210938,4722400
2019-01-09,147.66298403814363,150.48558206707995,147.023759444021,149.2071075439453,4922000
2019-01-10,147.7958314760145,148.80034728567455,146.3928358138409,148.65090942382812,3605300
2019-01-11,147.71275568384715,149.64706133989603,147.04031721702225,148.94142150878906,3285100
2019-01-14,147.43045550516362,148.79193904607223,146.8576339705393,148.44326782226562,3871400
2019-01-15,146.17693478280017,147.62144106886893,145.44637813226782,146.50070190429688,5016100
2019-01-16,147.01538815203506,147.71273069094195,145.99427852953286,146.973876953125,4075400
2019-01-17,144.4584594728866,145.66222095933608,142.7898156065995,145.1724090576172,6499200
2019-01-18,146.92407896851424,149.4644074451542,146.25993774131888,149.08253479003906,6371100
2019-01-22,147.3474675968505,148.268960491686,145.57919436603223,147.03199768066406,6272700
2019-01-23,146.60029545982283,147.82065118636712,144.8901405416557,146.84934997558594,4910400
2019-01-24,146.94068230518317,147.3806731653572,145.52939014986433,147.18142700195312,3860100
2019-01-25,149.24857169600583,150.15345765489252,148.2772703455347,149.76327514648438,4501800
2019-01-28,148.57612001854216,149.42290035139635,147.28105166678844,149.29006958007812,4091400
2019-01-29,148.56785081088412,149.55574660648838,147.8455912730385,149.1738739013672,3686900
2019-01-30,149.82137753747335,152.91792042176897,149.24855592958028,151.240966796875,5197700
2019-01-31,150.67647384538947,153.30812203378076,150.31119551836767,152.36172485351562,5138000
2019-02-01,152.7767956240268,153.706585692241,151.78059016987734,153.05905151367188,4513100
2019-02-04,153.00092003338682,154.76918029785156,152.61903479585132,154.76918029785156,3050200
2019-02-05,155.15112495814114,155.23414737514474,153.32474579104291,154.7360382080078,4135200
2019-02-06,154.9850671723693,154.9850671723693,152.80170717399827,153.34962463378906,3072500
2019-02-07,152.53605409501256,153.51565255611843,151.4651233923434,152.8100128173828,2793400
2019-02-08,151.9632601759269,153.23342460472182,151.68930140359672,153.20021057128906,2792300
2019-02-11,153.58209377915713,153.9307651206168,151.71420344941063,151.85533142089844,3729200
2019-02-12,152.61912609520854,154.7443686864907,152.3534771050208,154.01382446289062,3773200
2019-02-13,154.66131268041676,156.63711683171874,154.34584272315422,156.41297912597656,4146900
2019-02-14,155.6575061639539,156.84464799725967,154.41224611464227,155.83184814453125,2600600
2019-02-15,157.6250459251191,159.90802315923418,156.94431020965328,159.7170867919922,4997900
2019-02-19,159.1525937611531,160.3812471988676,158.7956125096377,159.66729736328125,3828400
2019-02-20,159.71704106115348,159.72533823389514,158.6544202480148,159.2687530517578,3970100
2019-02-21,159.26873963278473,159.7004205928871,158.23932026478425,159.24383544921875,3094200
2019-02-22,159.13596784770604,159.84160775596675,159.07784961955596,159.7170867919922,3321600
2019-02-25,160.0159539405916,160.57216870656947,157.6997752782394,157.71636962890625,6190700
2019-02-26,154.07186472470337,156.46276796015206,151.7556867159422,156.32164001464844,13635100
2019-02-27,155.98958108146238,156.48769020213263,152.09607836907315,152.4779510498047,8766200
2019-02-28,152.41985688842576,153.73982968917704,152.01306732056213,153.6983184814453,8060600
2019-03-01,154.26281055963352,154.8771307019323,151.80549198812025,153.7231903076172,5481300
2019-03-04,154.57827579426623,154.6114898221525,151.17457264744888,152.5941619873047,5046800
2019-03-05,152.95116880588466,153.6817128653638,152.12929248809814,152.75192260742188,3691000
2019-03-06,153.19182734942274,153.55710550735438,152.61900593516037,153.1254119873047,4460900
2019-03-07,153.0756529396143,153.266589250059,150.74286801383587,151.51492309570312,4122200
2019-03-08,150.66820002888292,151.01687139488163,149.03275714500896,150.4523468017578,3867100
2019-03-11,151.09150890720508,152.08771412475429,150.42736787302675,151.456787109375,3866200
2019-03-12,152.27871763636358,152.97607299726224,151.3655343951541,152.75192260742188,3777000
2019-03-13,153.25374189153055,153.70536811514603,151.44721147353175,151.4973907470703,4528300
2019-03-14,151.61444319525015,151.99917213533558,150.9620872739549,151.89044189453125,4393000
2019-03-15,152.467501774676,152.62641124855065,150.18425645670834,152.40895080566406,8059100
2019-03-18,152.65988038444138,153.45441509903145,152.49261193322738,153.40423583984375,4395800
2019-03-19,154.0482108682622,155.41147343721556,153.45439327487526,153.99803161621094,4437100
2019-03-20,154.14023405793873,156.4987485984121,153.41259650630937,155.6456756591797,4772600
2019-03-21,155.14392149671554,158.90752067049033,155.14392149671554,158.88243103027344,4755700
2019-03-22,158.33038685796475,160.6220044973942,157.79512008780628,157.86203002929688,5173600
2019-03-25,157.86202741433664,160.33764416141543,157.66129759318983,158.63983154296875,3845900
2019-03-26,159.48455321959128,160.73908584724117,157.85366335599954,158.35546875,4143300
2019-03-27,158.6147493581968,160.25401107011712,157.56094646166957,158.28021240234375,4298400
2019-03-28,158.8322086932739,160.0783696921345,158.20494233435213,158.95765686035156,3326100
2019-03-29,159.61840112996322,160.61365313614593,159.02458330007252,160.4882049560547,4674100
2019-04-01,161.40819085425974,163.8419747301996,161.29110163947834,163.62452697753906,5381400
2019-04-02,163.5074412413717,163.5074412413717,162.26963912138157,162.51217651367188,2717800
2019-04-03,163.07256177709155,166.25907360322034,162.3449367098945,166.10853576660156,4581500
2019-04-04,166.43464195054904,167.6808154719516,165.61501763886042,167.64735412597656,3138400
2019-04-05,167.99030333015236,169.88883317747232,167.78121453345358,168.99392700195312,3615300
2019-04-08,168.41683614303463,170.44081411874308,168.30811864916615,170.24009704589844,3040900
2019-04-09,169.16118617769774,169.53755620045712,167.65575713372692,168.02374267578125,3721700
2019-04-10,168.32482767308113,168.60919811420231,165.6150452386733,166.79429626464844,3587500
2019-04-11,167.1873921485748,168.52556551543893,166.45976723979217,168.5088348388672,2465100
2019-04-12,169.05246547869325,170.83389321671737,169.05246547869325,170.49099731445312,3097900
2019-04-15,170.75029300588514,171.56991758768498,170.11465484052454,171.3357391357422,3049900
2019-04-16,171.66186209836818,172.28076938664864,170.8589556909169,171.00950622558594,3271400
2019-04-17,171.73716540831472,172.99169814770653,171.72044749359506,172.74916076660156,3271900
2019-04-18,172.30589488881367,173.77787538687593,171.5364496674334,172.0048065185547,3162500
2019-04-22,170.7084424344521,172.49824186380468,170.6164428616541,171.268798828125,2593900
2019-04-23,171.56987696526878,173.4014965935404,170.13970419359634,172.33096313476562,3702600
2019-04-24,172.42297009123226,174.2127694907383,171.904421252397,172.89132690429688,2750900
2019-04-25,172.2975634806519,173.7277367644296,171.50302843933983,172.70738220214844,3292100
2019-04-26,172.18885937182782,172.40630718858156,170.06450944093606,170.2903289794922,3560300
2019-04-29,170.03934839836253,170.4491669796904,167.55537280259696,169.07754516601562,3785200
2019-04-30,168.56742639680036,170.4074056477596,167.9317881517593,170.36558532714844,3415600
2019-05-01,169.94735232355518,170.21499207892867,166.15030581699685,166.26739501953125,4644700
2019-05-02,166.6855929367883,168.15757348593687,166.26741533923578,168.11575317382812,2810000
2019-05-03,168.94373329072803,169.2030013345886,167.53866282267077,167.7393798828125,3583400
2019-05-06,166.21722281532243,167.21247469825178,165.85758347398564,166.96157836914062,2619400
2019-05-07,164.55287598828215,165.30559051960822,161.3830955806103,162.8968963623047,4622100
2019-05-08,162.66269948232616,164.43576811778973,161.98524116688895,163.23141479492188,3122600
2019-05-09,161.67584700683435,163.15619951611984,160.23731481645615,162.73802185058594,2917700
2019-05-10,161.59221913078932,163.49910826468235,158.91587186195667,162.73802185058594,3863600
2019-05-13,159.74386157198077,160.29585913028967,158.18824021059962,159.19186401367188,3325900
2019-05-14,159.32564599417358,161.21580391934378,158.9158274023675,160.26235961914062,3663600
2019-05-15,159.58493592631575,161.2576463499644,159.13330972710844,160.3794708251953,3355800
2019-05-16,160.9733249534927,163.05585449495334,160.74750542206428,160.89805603027344,3854000
2019-05-17,159.62668472366155,162.6710158203168,159.5346851811076,161.06521606445312,5223800
2019-05-20,159.85256166941332,161.29945248539912,159.41765342419623,159.70201110839844,4782800
2019-05-21,156.50717564061782,161.01513032007614,155.8464477890095,160.12022399902344,8555600
2019-05-22,159.31729223730676,160.76418302918887,157.27658369193787,157.995849609375,5706000
2019-05-23,157.61119655640505,161.03188759999952,155.78794763266828,160.58026123046875,7754000
2019-05-24,161.03184330649128,162.1358384244361,159.25041520147172,161.91001892089844,3799500
2019-05-28,162.57071344179604,164.31869259194815,160.036558431485,160.20382690429688,5165800
2019-05-29,159.14170737709435,160.47988114607037,157.2599076929679,158.899169921875,4569900
2019-05-30,159.0161952080019,160.99835266089306,158.98273385826278,159.81072998046875,3029800
2019-05-31,158.6063880039253,159.1500137394125,157.78676354123544,158.7820281982422,3681500
2019-06-03,158.50603125273858,160.4714581938565,157.86203421536004,158.5478515625,4620200
2019-06-04,160.22893300667172,163.50744390548726,160.0951131099606,163.29835510253906,5118100
2019-06-05,163.39942488924436,165.68185131586995,162.61616488885034,165.65658569335938,3704600
2019-06-06,165.6228627286813,166.46508427899502,164.19951910372714,166.06082153320312,3732900
2019-06-07,166.0861065569199,167.61895612620214,165.25231534950993,166.1703338623047,3522300
2019-06-10,167.23154567036605,168.3180189053972,166.18719894363173,166.80201721191406,3154500
2019-06-11,167.61894733348956,169.15178397108198,164.94067594839254,166.76829528808594,3708500
2019-06-12,167.4420665328717,168.6043363997856,166.74302109489315,167.5515594482422,2551500
2019-06-13,168.40224398190537,170.70150586535314,167.98113308780142,170.423583984375,3630900
2019-06-14,169.5476258810302,173.91875798042363,169.5476258810302,173.30393981933594,4898000
2019-06-17,174.33986133506963,175.84743225920053,173.49763978272628,174.32301330566406,4620500
2019-06-18,175.26632677575972,177.0097188714926,174.4325227335418,174.744140625,3891300
2019-06-19,175.09786521863313,175.58635528800343,173.41342202133495,175.13156127929688,3648200
2019-06-20,176.50441569067848,178.2646560376874,176.28542981411402,177.91934204101562,5171500
2019-06-21,177.92771811349243,178.5425490913042,176.09168132284805,176.35276794433594,9855000
2019-06-24,175.3084201762167,176.243286662411,172.75648976684778,173.0765380859375,4943500
2019-06-25,173.75032609846042,174.42410597759988,171.98165552212964,172.43646240234375,3587900
2019-06-26,172.94179371241088,174.60940186305288,172.36065870700074,173.8513946533203,3071200
2019-06-27,174.85362763250544,175.18209354384888,173.50606792627082,174.35671997070312,2286800
2019-06-28,174.98837283757334,176.02430173266532,174.668324540195,175.1568145751953,11069000
2019-07-01,176.6138811065108,178.81208017276222,175.32528298332372,177.1023712158203,4097700
2019-07-02,177.0686785967347,177.08551377626694,175.56952513631424,176.9844512939453,3160500
2019-07-03,176.71497408199534,179.1826776454646,176.6138987329344,178.63523864746094,2183700
2019-07-05,176.84127655199114,178.69416156640182,176.63913873447495,178.09619140625,2547800
2019-07-08,177.69193399476396,179.76380507012254,177.36346803966507,179.3174285888672,2705300
2019-07-09,178.49203318725603,179.67115124152699,177.8772149636467,178.55099487304688,2397400
2019-07-10,177.47293384338278,177.9782719361029,175.88113555798037,177.49819946289062,3457400
2019-07-11,178.76156327026,180.3028305876064,177.72563413447378,180.26913452148438,3450100
2019-07-12,181.07764719159056,183.81486743983552,180.74918127585244,183.7980194091797,4429800
2019-07-15,184.40441831682838,184.69920101984616,182.6020645915631,184.19386291503906,3141300
2019-07-16,183.01475990416395,183.89909517207613,182.534687413964,182.98106384277344,2657400
2019-07-17,182.5347302425996,183.25062392537734,181.59144592285156,181.59144592285156,3037300
2019-07-18,181.49875565160093,182.1135738241268,179.40161923129966,180.6060028076172,3068000
2019-07-19,180.7997205471858,181.27136261624278,179.33425024580234,179.42689514160156,3254800
2019-07-22,179.39322773252897,179.61220075494225,177.186610921657,177.93618774414062,2764900
2019-07-23,179.03104292054095,180.3449064960479,178.32356704418396,179.4605712890625,2589900
2019-07-24,179.55323926743796,180.90078622404468,179.45217677979522,180.8334197998047,2207100
2019-07-25,180.47120770087346,181.85245033744542,179.92376890973574,181.54083251953125,2335300
2019-07-26,181.52405493185736,182.93899417153685,180.31968398349355,182.6863250732422,2675500
2019-07-29,182.58522343967294,183.83172071814846,182.21465671363998,183.63800048828125,2407200
2019-07-30,183.20003563226837,184.10120601045313,182.64416632351083,183.06527709960938,2172600
2019-07-31,182.21464724411618,183.4358659867798,178.69415429385987,179.97433471679688,3426400
2019-08-01,180.35332344065574,183.27583326731448,178.56781785481232,179.25001525878906,3431500
2019-08-02,178.43309899556624,179.51114179856114,177.77616706409387,178.67733764648438,2884900
2019-08-05,176.4706828000234,176.83284475423113,171.88057785888134,172.60488891601562,4553200
2019-08-06,172.66383854797485,176.10010407799112,172.23431017595325,175.85586547851562,3646800
2019-08-07,173.5313447442074,175.6032156772661,171.08048948662176,175.10630798339844,3901100
2019-08-08,176.61392490213967,178.2899510625562,175.78855106166833,178.1888885498047,2968000
2019-08-09,178.08773238453975,178.89627067356318,175.13995715473703,176.88336181640625,2912100
2019-08-12,175.26632847397428,176.56334414537608,173.6239859944849,174.34829711914062,2005000
2019-08-13,173.75876101727638,178.23095629479303,172.47016281362866,175.46005249023438,3876700
2019-08-14,172.20067839618665,172.95867289113903,169.7161137544632,169.7834930419922,4582100
2019-08-15,170.9709981671153,171.6110820066979,167.64422515727284,169.951904296875,4199700
2019-08-16,171.6026599220794,172.17536447124058,169.85083736084366,171.5184326171875,4093600
2019-08-19,174.32304331513507,175.8727410051987,172.90811703223557,175.13999938964844,6413600
2019-08-20,179.81433306319371,183.47800260101332,178.69417665933457,182.83790588378906,12452600
2019-08-21,184.21913229860792,186.0299165017581,182.5599546705098,185.62564086914062,7938600
2019-08-22,185.33085595229542,187.52905472731973,185.18767982994132,186.14781188964844,4544600
2019-08-23,185.20453617174425,186.0214922024521,181.92829445885295,183.15794372558594,5769300
2019-08-26,183.99169161087937,184.86759620713877,182.07141500705487,184.15170288085938,3680200
2019-08-27,184.90977822599615,185.63408940761266,183.52853514143482,183.7812042236328,4311700
2019-08-28,183.50327087929014,187.0490170931119,182.85475656213833,186.9311065673828,3066700
2019-08-29,188.57343265273778,191.77387766879323,188.4555221293123,191.45384216308594,4184200
2019-08-30,192.3886600588537,193.09613591885812,190.92320280525206,191.95071411132812,3768300
2019-09-03,190.7210925840583,191.71492082681402,188.13547876717246,188.71661376953125,4139400
2019-09-04,189.76734298168776,189.9368133544922,186.98798749246131,189.9368133544922,3132900
2019-09-05,191.75863125583615,193.86009205928318,191.71626043553394,193.3262481689453,3373100
2019-09-06,193.7922918412664,196.05475389319636,193.09745955542587,195.8513946533203,3237900
2019-09-09,196.1649505470283,198.17320097882,194.96169408660484,197.32583618164062,4449100
2019-09-10,196.80045059924475,197.4529250353423,194.64814996101012,197.43597412109375,4210600
2019-09-11,197.3766520828923,198.012175603765,195.75819534302005,197.1478729248047,2978300
2019-09-12,197.7918736080408,199.54592480438797,197.5291926106577,198.11387634277344,3366100
2019-09-13,198.5629401917126,199.10525299646017,196.86821106065693,198.266357421875,3805500
2019-09-16,197.2072252220604,197.9529104551942,195.4108158110693,195.73281860351562,3120200
2019-09-17,192.1738246188069,195.17350274130052,191.90267465239847,195.0718231201172,3732500
2019-09-18,195.20743548555126,196.19038181030606,194.0550187775053,195.59722900390625,3341800
2019-09-19,195.86835643866218,196.08019762578155,193.15679182948628,193.30084228515625,3134000
2019-09-20,193.19066768160116,194.9362367599752,190.00456838071662,190.37741088867188,7687700
2019-09-23,189.94524346700564,192.47038624337384,189.7672912197558,191.7162322998047,2754000
2019-09-24,193.31778816676024,195.0972592641322,190.47064216882086,191.00448608398438,4511300
2019-09-25,192.00437597921908,193.58047493452762,190.23338675135773,193.28390502929688,3716700
2019-09-26,194.62274699356826,195.84295441154543,194.04654511827968,194.71595764160156,4200600
2019-09-27,196.25815691745447,196.37678746928543,194.1566958865519,194.7752685546875,3152000
2019-09-30,195.05489649658105,197.08856675204902,194.99557475699783,196.60557556152344,3249200
2019-10-01,197.44445930438738,198.71550645231517,195.5039996809788,195.80905151367188,3335400
2019-10-02,195.402333370153,195.402333370153,190.09782130273368,191.12313842773438,4336100
2019-10-03,190.65708291454243,192.19081115722656,188.2166681157128,192.19081115722656,2777700
2019-10-04,192.4958998517309,194.22453164169076,192.36880027736478,193.139892578125,3163100
2019-10-07,192.7839771441633,193.30935215641497,191.54683167318487,192.1315155029297,2917600
2019-10-08,190.96212827378758,193.86011428401773,190.74181808462174,192.07217407226562,3438500
2019-10-09,193.62283921579396,194.5210437534602,192.0213204064292,193.9956817626953,2657600
2019-10-10,194.33464172006566,196.79200741804297,194.11433152497565,196.25816345214844,2781500
2019-10-11,198.55451992976626,200.57123929842837,198.07998479561485,198.84262084960938,3459200
2019-10-14,198.4697538782182,199.54591062856377,198.33417242798785,198.43585205078125,2183900
2019-10-15,198.8680391267282,200.70681911853669,198.79177940088255,199.6560821533203,2663300
2019-10-16,199.48656391807967,200.1220873404832,198.1477263566454,199.89329528808594,2388100
2019-10-17,200.28311631842436,201.81684432074195,199.56285116838978,200.6305389404297,2250500
2019-10-18,200.81698284489931,202.29138927954895,199.67303522581702,201.61349487304688,3662500
2019-10-21,201.89309957158474,202.51168508383643,199.64758839076558,200.5712127685547,2041700
2019-10-22,201.07964520606606,201.92700990315885,200.41870177671444,200.99490356445312,2003200
2019-10-23,200.53733464021215,201.17285817039385,198.5883932283697,198.85107421875,2110500
2019-10-24,198.96969846584096,200.29158529803766,197.49529219751028,198.19012451171875,2173900
2019-10-25,197.8512077989435,199.48661562353072,197.0546828343166,198.60536193847656,2210900
2019-10-28,199.08834538273786,200.79155680490945,198.757873647501,200.65597534179688,2705000
2019-10-29,200.68989059561076,201.24915450706794,198.21558675282157,198.40200805664062,2558000
2019-10-30,197.86815747508317,200.4865246353537,197.33432642259567,200.1814727783203,1956700
2019-10-31,200.70678584525785,201.1558880626879,197.62237912359754,198.77479553222656,2824100
2019-11-01,200.03742711279418,201.20678181804004,199.1815803359652,201.1135711669922,2197400
2019-11-04,201.90158887875214,202.00326850431736,198.18165839630151,199.0629119873047,2542400
2019-11-05,198.9103853812194,199.06290481407123,195.12266430829615,196.75807189941406,3624600
2019-11-06,197.29192494085464,198.31722898868765,196.49540005292928,198.29180908203125,2631900
2019-11-07,198.28338231814632,199.80015976729672,196.3852803284207,197.3851776123047,2832500
2019-11-08,197.26648036797732,197.6562608411435,196.27506534306642,197.3003692626953,2088400
2019-11-11,195.31759730686983,196.8259057007155,195.04643434944248,196.41917419433594,2309600
2019-11-12,196.71571388152762,198.81718768913456,196.58861434588022,197.53765869140625,2991100
2019-11-13,196.66492379926495,199.0460171874195,195.6141995595172,198.96128845214844,2399600
2019-11-14,199.13070444387148,200.7745940301696,198.31722864300673,200.44412231445312,2282200
2019-11-15,201.41012063513108,201.71517244890057,200.2831240156426,201.0711669921875,3524700
2019-11-18,202.0456742367696,202.78287750901853,200.62209458407776,202.39309692382812,5747400
2019-11-19,195.40231679804597,197.53766666163645,190.996009748011,191.38580322265625,14972200
2019-11-20,190.27578133336667,190.6570929332809,186.90327282092454,187.18289184570312,10225400
2019-11-21,188.06412267506062,188.37764347501778,185.14918605243022,185.18307495117188,7823700
2019-11-22,185.14919324305012,185.68303715971794,184.5645095114158,184.7509307861328,5786500
2019-11-25,184.72551240258724,185.17461467817606,183.7764680360237,185.064453125,8865400
2019-11-26,185.3695099843171,187.23372279752482,185.05598916107766,187.06423950195312,9981400
2019-11-27,187.84379845165603,189.3436375747157,186.97949577646014,188.9623260498047,6687500
2019-11-29,189.2165412426013,189.2419611493746,186.66596520509893,186.85238647460938,2952900
2019-12-02,187.1828896003649,187.4286326467532,184.2679653865949,184.40353393554688,4416300
2019-12-03,183.41208522353065,183.41208522353065,180.42935788368143,181.33604431152344,6505400
2019-12-04,182.0694399604084,183.31451070856875,181.80507892114724,182.58111572265625,4256200
2019-12-05,182.80283828561429,182.92222756399235,180.59413012939268,181.64305114746094,4580500
2019-12-06,182.67493100597864,183.65562774802297,182.41055694196947,182.734619140625,4193700
2019-12-09,182.74317005467026,185.80467605245278,182.64936324673053,184.65341186523438,5111100
2019-12-10,184.6448544826361,184.78982624759007,183.43390237614815,184.11611938476562,4663000
2019-12-11,179.96309652701152,182.19738756099778,179.60492862928945,180.79029846191406,8284800
2019-12-12,181.21665782855277,182.6067003561175,179.70722602338745,180.82437133789062,9915100
2019-12-13,180.89262375542063,182.69199936978063,179.6560889711351,182.5640869140625,6869200
2019-12-16,182.86254539553175,184.81542888107612,182.75169227639802,183.8006134033203,5850300
2019-12-17,184.2184669337372,187.14351081777215,184.0905414820941,185.66819763183594,7574400
2019-12-18,186.08607285519327,187.26290637251296,185.59997954508376,185.906982421875,6677400
2019-12-19,186.3163365808054,188.2692201910773,186.1457822991663,187.80018615722656,5405000
2019-12-20,188.11568931724955,188.95142731667,187.44199543246776,188.6273651123047,7778200
2019-12-23,189.31810512589075,189.31810512589075,186.8791416294464,186.9388427734375,3943700
2019-12-24,187.1862036261112,188.4994860718556,186.94742499961222,188.1839599609375,2260700
2019-12-26,188.24361956349608,188.59325125281154,187.262909766755,188.3118438720703,2649200
2019-12-27,188.6358655197298,189.13900508296186,187.42491349743796,187.58694458007812,3082800
2019-12-30,187.92807566579197,188.03041863224348,184.67044634319274,185.3185577392578,3952400
2019-12-31,185.13947049895873,186.34188643199155,184.57662975692742,186.2310333251953,3789900
2020-01-02,186.8280305213786,187.40791773757073,185.77057305293206,187.32264709472656,3935700
2020-01-03,185.17359496692015,187.33966151065744,184.84100958781403,186.7000732421875,3423200
2020-01-06,184.6192677743441,187.6125358204502,184.54250730204262,187.57843017578125,5682800
2020-01-07,187.1861583401689,188.09010763785966,184.96891390199997,186.35043334960938,5685400
2020-01-08,186.5891910631612,190.14529972050119,186.4783249499075,189.13900756835938,4916200
2020-01-09,189.86388027894608,192.34548550904256,189.1901864633214,192.03848266601562,4843600
2020-01-10,191.66327836530746,192.29434345464298,190.19648827519714,191.2113037109375,4226600
2020-01-13,191.45009421451806,191.4586173738738,189.89802038960585,190.4608612060547,6060900
2020-01-14,189.72744497957123,191.83382321446805,189.58247321193107,190.0088653564453,3915100
2020-01-15,189.55684997264422,191.8593644555272,189.42893756177125,191.5267791748047,3444300
2020-01-16,192.6695503815849,195.16821514354172,192.21757574421812,195.1341094970703,5390800
2020-01-17,195.80780431620008,198.35763406644415,195.2108579066404,197.7692108154297,7979200
2020-01-21,197.44516044965783,199.26159528774704,197.04435076226295,198.65611267089844,4873500
2020-01-22,199.37247251944183,201.70910661660946,198.59644855287306,198.61349487304688,4030800
2020-01-23,197.95684411603585,200.25083620135047,196.68619069365207,199.25306701660156,4617900
2020-01-24,199.9438331006958,200.77102198462197,196.61796618393495,197.84597778320312,4467500
2020-01-27,194.6053524344605,198.24674462311765,194.6053524344605,197.15518188476562,3595600
2020-01-28,197.69248498099154,200.61752921409536,197.29167527376487,199.43215942382812,3621900
2020-01-29,200.31902960262173,201.15476759701124,199.03985313514022,199.56858825683594,2564000
2020-01-30,197.84591382149793,198.9545357686779,197.47922289961647,198.5196075439453,4685700
2020-01-31,198.66465903657144,198.89490145500775,194.34103589375462,194.52012634277344,5304700
2020-02-03,196.39621491806204,199.15070439563107,195.5860724849482,197.4536590576172,5100900
2020-02-04,199.57711031504888,201.5640993117424,199.57711031504888,200.40431213378906,3505100
2020-02-05,202.19518050290594,203.2355784813275,201.13772319349772,203.05648803710938,3868600
2020-02-06,202.96264995414825,204.1650788604792,202.51919850403834,203.67898559570312,3930300
2020-02-07,203.67897407389881,204.26739725062376,201.70052150736217,202.36569213867188,2456100
2020-02-10,201.76877043023953,205.1884307861328,201.41058957355318,205.1884307861328,2568000
2020-02-11,205.18843616814652,206.75755619711114,204.83879147325425,206.06680297851562,2692400
2020-02-12,206.484680762161,206.62965254152311,203.67901293742457,206.024169921875,3592100
2020-02-13,205.49544691828717,207.73827393431824,205.00935359030586,206.68081665039062,2468100
2020-02-14,207.60177893912416,209.10267438308543,206.91102584836668,208.95770263671875,2841600
2020-02-18,208.79571420022083,209.8787539530064,207.36304275830983,208.02821350097656,2892600
2020-02-19,208.85540910516877,209.35854872657313,207.23511110388466,207.77236938476562,2713300
2020-02-20,207.81501182551597,210.7400557802851,206.5017166933068,210.65478515625,3701800
2020-02-21,210.2113245604313,210.94471956012617,208.07936386509223,209.2220916748047,3881100
2020-02-24,203.37203174086105,207.3204279034619,202.70686091168076,204.4124298095703,5350100
2020-02-25,209.87022496419462,210.612143153685,201.66643101176837,202.43394470214844,8061500
2020-02-26,203.9007393234353,205.55512999978842,199.82443125072953,200.64309692382812,6963000
2020-02-27,197.05288769042087,200.25082903034667,191.5097893678828,191.64622497558594,7612800
2020-02-28,186.44422993452864,188.51648947376904,181.07168640739584,185.77052307128906,11809600
2020-03-02,187.59546644320798,196.14036785134965,186.32482630118523,196.08920288085938,7150800
2020-03-03,196.16596776356977,201.1035960537985,192.36255714475706,194.38365173339844,8432500
2020-03-04,198.70725809271062,205.79390630774665,197.6753964128584,205.5892333984375,6770000
2020-03-05,201.76877023405464,204.33564628810612,198.82665399420713,200.24227905273438,6473900
2020-03-06,194.06809901415565,196.3876599755516,189.53128100244993,194.8697052001953,7399900
2020-03-09,182.38497432355834,184.35490397722833,176.73954641391282,179.47698974609375,10120500
2020-03-10,185.23330329654826,192.58430058305964,179.93750650290116,192.4734344482422,7206600
2020-03-11,186.54984407944292,188.13804241715732,180.71211057171254,182.76390075683594,7253900
2020-03-12,167.75751064037757,177.3468410306476,158.68326631853827,163.6195831298828,10928700
2020-03-13,172.08427968097732,176.69437886530363,163.11306379230362,176.5655975341797,10292300
2020-03-16,156.2194262922468,159.764994182828,140.02830437404054,141.61651611328125,12536600
2020-03-17,144.40658269558037,150.0468541695578,133.32347564473835,149.06817626953125,16234400
2020-03-18,137.1866821474974,139.3586604437465,120.7294331152842,133.60678100585938,14681900
2020-03-19,131.48631068939403,139.85658686181978,121.90556066507219,138.32847595214844,13499100
2020-03-20,139.74500027082323,146.13216792646935,130.3273639822483,130.61924743652344,12602400
2020-03-23,128.82497558437527,141.59071454930805,125.63139252274817,139.41015625,12241600
2020-03-24,148.85356873243424,159.39582404567466,147.6688484348512,158.58026123046875,14676600
2020-03-25,158.32272535407077,164.44376328945012,154.52820109902572,156.0391387939453,11497400
2020-03-26,157.52429863396972,170.15267629761962,156.6743890133596,167.58580017089844,10170300
2020-03-27,161.81674868648173,168.5902327501635,160.10834925209514,163.58523559570312,7121700
2020-03-30,163.6024208404968,170.1526896420002,161.06128506109312,168.34986877441406,6936700
2020-03-31,167.23383046569256,167.82619057605862,159.2069448852387,160.2886505126953,7335400
2020-04-01,151.01695726996687,156.89760506237297,150.23572833872169,153.35205078125,7858200
2020-04-02,150.19283467836394,156.86330617022202,149.37727173420168,155.65283203125,6353900
2020-04-03,154.15041105351673,155.68711497833704,150.18419276401548,153.412109375,7299800
2020-04-06,161.39610972259916,165.18205352540167,158.93224777133898,164.2548828125,7454000
2020-04-07,174.20474534394415,175.22635028251335,164.70127024972453,165.07899475097656,6438800
2020-04-08,166.72729729984997,168.92502892686852,164.43511817842946,167.2509765625,6094700
2020-04-09,171.52629069778655,176.8403454623884,168.69327130782807,173.011474609375,7125100
2020-04-13,172.08426049738688,172.08426049738688,167.72313117969406,170.65916442871094,4415600
2020-04-14,173.311942053654,180.0510797864508,171.80958475596148,177.8533477783203,5655400
2020-04-15,170.55615103132794,173.6209656182522,168.7876643047669,170.39303588867188,5693900
2020-04-16,170.94247639471598,173.59521970215707,168.96796043123223,171.56918334960938,7262800
2020-04-17,177.85331027677563,180.49746013511992,176.98624039218913,179.784912109375,6717600
2020-04-20,176.96049593732477,181.16709046248718,176.29945516353732,176.89181518554688,4753100
2020-04-21,172.3418372248278,175.42381263953502,171.277305096007,172.22164916992188,4845000
2020-04-22,173.32050683431024,176.59994418903796,172.67663947823158,175.27786254882812,4067700
2020-04-23,174.5481565684318,177.6816391730308,173.578058879552,173.68966674804688,3565500
2020-04-24,175.7586262980741,182.79824056734543,175.00316412495533,182.1543731689453,5025200
2020-04-27,184.60965444856222,189.67475250196986,183.72541093728466,186.9447479248047,5472800
2020-04-28,192.29310955295117,192.4905585129394,186.21500100191744,186.83311462402344,5080700
2020-04-29,190.0181243568836,192.44765200105434,188.71322932571132,190.42161560058594,4381100
2020-04-30,186.11201569916454,190.6791881578022,185.8802328627456,188.72183227539062,5152700
2020-05-01,186.09483720346583,188.61020602415155,185.23634740535908,187.64012145996094,3819300
2020-05-04,186.01757686692525,191.15135566937712,184.755608822313,190.4473876953125,4090900
2020-05-05,193.10871228829444,196.46541080362027,191.96691919614338,193.68389892578125,4655200
2020-05-06,195.1948348763794,196.11342531246464,192.13003289420766,192.23304748535156,3321100
2020-05-07,194.45650681172646,198.8519831999533,194.3792458788031,196.98046875,4501300
2020-05-08,199.77056891396376,202.21727002343658,198.43990713687356,201.25575256347656,4365200
2020-05-11,198.97219009445652,204.9816188599833,198.52577171829603,203.0843505859375,4378300
2020-05-12,204.80994049087175,205.39370733156989,199.94229125976562,199.94229125976562,4399600
2020-05-13,200.0624313479225,202.8611161175711,196.19922774767068,197.53848266601562,6237200
2020-05-14,194.33633778086906,201.45322577637492,194.19039608234502,201.29869079589844,6434500
2020-05-15,199.84784102300233,208.8104769109866,199.77058008247167,205.46237182617188,16176300
2020-05-18,211.05117539184172,213.18023999258244,209.5058907943743,210.63052368164062,8314800
2020-05-19,206.42387633977185,208.14944927621244,204.14888353739394,204.40643310546875,9387000
2020-05-20,207.75453240931145,207.98632832407856,201.70217667583142,204.4836883544922,7534200
2020-05-21,203.99434461869438,207.05056624874422,202.42330669323317,206.79302978515625,4772700
2020-05-22,206.63847980183127,208.04640246510306,204.88716647903522,207.65150451660156,3041800
2020-05-26,213.03421526027242,213.09431582744645,207.81460937643786,208.1665802001953,4535200
2020-05-27,208.34688760904814,212.38178697073366,206.7071689790298,212.3560333251953,4664800
2020-05-28,214.21038494027445,216.53688503179922,209.8406617725695,210.4501953125,5259300
2020-05-29,210.38147184736786,214.37345658553897,210.09816869050312,213.3175048828125,5341600
2020-06-01,214.1159515604256,214.43358860555645,211.07689022768588,212.2959442138672,3407800
2020-06-02,213.44633446796615,216.957554792004,212.04699182802534,216.948974609375,5301000
2020-06-03,217.45848874725212,218.3480120802259,216.24078715164342,216.76759338378906,4638100
2020-06-04,215.70537911022524,217.77805230735848,213.71905960929388,214.99720764160156,4759400
2020-06-05,217.92484172746933,220.9561420910132,216.23216187554783,220.1356964111328,5054300
2020-06-08,218.05439412497887,221.78520814516983,217.85575297018184,221.7506561279297,3811900
2020-06-09,220.5070876257767,223.0633969319564,219.23757097806973,221.7420654296875,3716100
2020-06-10,222.3379312750403,223.92698142039924,219.54844233876346,219.7470703125,3589800
2020-06-11,214.9195048621042,216.4394644660642,206.179714078296,206.81015014648438,6563700
2020-06-12,209.9191177974226,212.7863156600525,204.72014652193275,209.3836669921875,5238500
2020-06-15,205.2124388261355,209.18507787383857,202.35387184749135,208.44236755371094,6250900
2020-06-16,215.3858179065525,217.32895384139493,209.74640666987295,215.86080932617188,5291600
2020-06-17,218.2962179049103,219.89389958286452,215.97308877887286,216.63807678222656,4234000
2020-06-18,215.35127784648535,217.4153194784765,213.42541793173442,215.22174072265625,3347800
2020-06-19,218.58118190099955,219.61751830913497,212.77768220216234,213.01084899902344,11114600
2020-06-22,212.19039615310828,215.9557615101668,212.02630704520104,215.1785125732422,3815200
2020-06-23,218.4948361760405,218.87482930391448,216.01626260704478,216.1717071533203,3105300
2020-06-24,214.01266656710993,216.15443043440578,209.62549595760797,212.56179809570312,3873000
2020-06-25,211.41317894600658,212.7517862518196,209.167772292531,211.91407775878906,2938400
2020-06-26,211.8882099945256,212.53592205298318,207.48376272591963,208.14010620117188,5002700
2020-06-29,209.56504265373206,212.8813246293178,207.56144739073244,212.5531463623047,3468300
2020-06-30,213.313164313303,217.3289736740181,212.52727054528177,216.34445190429688,4524600
2020-07-01,215.60171357942386,216.18897926949137,213.25267717462074,214.30628967285156,3677300
2020-07-02,217.57940729812043,217.89030957115455,214.1076674455284,214.6085662841797,3369800
2020-07-06,216.13721605486995,217.1994602222543,213.3477264216993,215.51541137695312,3133800
2020-07-07,213.63268031206437,216.57761396040465,213.37360606078965,213.61541748046875,2927800
2020-07-08,214.06447622156827,215.7226172248282,212.63951520903134,215.1871795654297,2294000
2020-07-09,215.61040245049782,216.3444682416638,212.751835218061,214.1422576904297,2994700
2020-07-10,214.42719036591197,216.18897421720857,213.0022293730768,215.9989776611328,2745300
2020-07-13,217.5621557505928,222.69202406582843,215.11812072511827,215.57583618164062,4437500
2020-07-14,215.04035502386986,222.9683425102816,214.574008244912,222.6315460205078,4614200
2020-07-15,224.6610670211608,225.654220097596,220.35160548712278,222.6401824951172,4343700
2020-07-16,221.74203552330428,224.97195068090457,221.0856789800828,222.88198852539062,2511200
2020-07-17,224.56609152322835,225.1015292838094,222.57114045759423,224.8683624267578,3091300
2020-07-20,223.71109092651403,225.5765046067022,222.83018575906877,224.68698120117188,2451100
2020-07-21,225.93920311343732,227.88233902236325,225.16195402096045,226.63011169433594,2439900
2020-07-22,226.77690677245687,229.36775459531887,226.26737652995,229.0050506591797,2750000
2020-07-23,231.2763553106076,231.2763553106076,226.09465928701997,227.83053588867188,2680100
2020-07-24,228.89276398266196,230.49045865805553,227.1223355862389,229.1259307861328,2984500
2020-07-27,228.93594129768266,232.03631929090815,228.93594129768266,230.94818115234375,2412500
2020-07-28,231.93272675873186,232.3731793826904,228.57327399316662,229.10006713867188,2227000
2020-07-29,228.68546771009082,230.68041822538012,228.14141186039183,228.5645751953125,2874100
2020-07-30,227.4246225463668,230.88773096148336,225.87874260657486,229.98956298828125,2347800
2020-07-31,228.85825441377833,230.73231284821512,225.06696728437333,229.2814178466797,3640600
2020-08-03,230.35232398802717,231.94999263418362,229.4368930616729,229.8773193359375,2363500
2020-08-04,230.26593187459403,231.35409643799434,227.85643592226535,231.33680725097656,2224000
2020-08-05,231.78589366424845,231.78589366424845,229.62685382470875,231.0,1959900
2020-08-06,230.24004098766173,233.55632341072032,230.1795815396927,232.6322479248047,2203400
2020-08-07,233.70311683056252,237.42532609686143,233.0122345617493,234.59266662597656,2846300
2020-08-10,235.26634016184082,237.49445839326674,234.73087597159136,237.26129150390625,2393100
2020-08-11,239.8174840925547,241.2683523746593,236.9848251989613,237.42527770996094,3321300
2020-08-12,241.59659613779968,244.37744094381017,239.18709991742972,243.177001953125,3867900
2020-08-13,242.81427050404812,244.10104987204355,241.58792422409985,243.24607849121094,2202400
2020-08-14,242.79703225519293,243.53972941768478,241.11297039256323,242.2874755859375,2490400
2020-08-17,245.61239796920714,249.77503363213688,244.89560824814055,248.92868041992188,5584400
2020-08-18,249.49858937837314,250.9494575390821,244.4378136432354,246.1304931640625,6934300
2020-08-19,248.255002027342,248.69545453956223,243.47920748558195,244.28236389160156,4986800
2020-08-20,242.27882670976632,243.4619763478941,241.32884389086055,242.39971923828125,3530000
2020-08-21,241.78656274916986,244.87829630713034,240.44796854575142,244.60195922851562,5519100
2020-08-24,246.1219188643858,247.7282583517994,243.47063773729022,247.6418914794922,4430900
2020-08-25,248.09095382779776,248.27233216007667,245.17195394527053,247.1064453125,2854500
2020-08-26,248.48820090509807,252.27946082595147,247.22730277346557,252.11537170410156,4001900
2020-08-27,252.3658195698439,252.9962686153921,247.47775079635247,249.26544189453125,3430900
2020-08-28,248.98923128147294,249.43830230185148,245.93202197970112,247.24473571777344,3100100
2020-08-31,246.13053282315104,247.59004581043436,244.2910267293877,246.1650848388672,4105400
2020-09-01,245.29284263140477,247.58141967825966,244.83512722203378,246.94235229492188,3235100
2020-09-02,247.2984015720719,250.06786791529566,246.21318831828404,249.33860778808594,3464600
2020-09-03,249.4252683641935,249.7725576126068,236.2898765203505,238.42556762695312,5380100
2020-09-04,239.2243186826488,240.2834875222206,229.7786479509795,234.11080932617188,5253500
2020-09-08,231.89696241343148,235.30889192087713,228.16384061983075,233.7635498046875,5241200
2020-09-09,236.54163388061298,242.86191157242104,235.92524048674787,240.5178680419922,4754700
2020-09-10,241.36002784015622,243.93849462960216,235.42174630874075,236.7500457763672,3156300
2020-09-11,237.8613253611039,241.334006809722,237.40985981633114,239.90150451660156,3729200
2020-09-14,241.82878440966795,245.22333287164108,241.3686552904693,243.65194702148438,3055800
2020-09-15,245.72691921529005,248.9044255644113,245.15392366107602,247.9320526123047,4174900
2020-09-16,247.95810848001946,248.80023473695965,243.6780352283705,244.5028076171875,3379100
2020-09-17,241.27317919968533,245.4490756683696,240.44840692647264,243.05291748046875,3166600
2020-09-18,241.70734470118413,242.94013193662943,235.1092438038364,238.91183471679688,6072900
2020-09-21,236.0294205126769,236.9236347304004,231.39339497176033,236.44615173339844,3548000
2020-09-22,235.8645713517836,237.46200200264255,234.95300286168606,237.27969360351562,2972000
2020-09-23,239.11147464318807,240.15326310198228,229.79599782671585,231.41078186035156,4467600
2020-09-24,230.68153050834187,234.14554813440168,229.0927904651534,230.67286682128906,3095600
2020-09-25,229.36191542463015,234.53620303361842,229.1275189798475,233.14712524414062,2457700
2020-09-28,236.0814939653566,238.0696109551701,234.66637243308776,236.4287567138672,3061100
2020-09-29,237.35774000475988,237.73973703263218,235.3696227225772,236.23779296875,2048900
2020-09-30,237.42716012622645,243.01817749292346,236.59369778356935,241.09950256347656,4778800
2020-10-01,242.60148421287604,243.08765740813615,239.484756356156,241.0214080810547,2696900
2020-10-02,238.69468736052468,244.02523795156281,237.96542766213096,242.48858642578125,2943600
2020-10-05,243.8863627321584,245.18861791730686,242.82719412179304,244.91079711914062,2330700
2020-10-06,245.2581845104223,245.69226979274166,239.4153870723974,240.0231170654297,2992500
2020-10-07,243.825620031826,246.5603510206645,243.08767002037348,245.50987243652344,3423700
2020-10-08,246.42138473125576,247.3850672674607,244.1033855260054,247.01173400878906,2256200
2020-10-09,247.8365771706166,249.4079632976732,246.6384979147491,248.22726440429688,2240100
2020-10-12,249.50341636434067,250.3194718788949,248.34873530089135,249.08668518066406,2411900
2020-10-13,248.03627401359878,252.43787745330474,248.03627401359878,252.08192443847656,2699900
2020-10-14,251.34397989795855,252.02981532584326,247.55874379556877,249.2429962158203,2221000
2020-10-15,246.66451324746794,251.98640081824553,245.79634304654374,249.6336669921875,2699400
2020-10-16,250.2500712653231,254.07001501610262,249.38190102676168,249.73785400390625,3108600
2020-10-19,251.56100829483745,251.86484667249428,246.02207812105507,246.32594299316406,2428100
2020-10-20,247.55008819830422,251.5870747314484,246.673227730755,248.33143615722656,2281500
2020-10-21,247.7671068102856,250.05037218753452,245.93525390588468,247.00311279296875,2304500
2020-10-22,246.4995483794962,248.01884616695008,243.65195130050347,244.0947265625,2787000
2020-10-23,245.15398402569335,245.85719999391586,242.69704673396154,245.69224548339844,1750600
2020-10-26,242.77509101176906,244.41591866641295,236.14225896182973,239.64967346191406,2911900
2020-10-27,240.4745043153127,242.8533091651994,239.7192003262213,240.3442840576172,3014100
2020-10-28,234.6230014703245,237.59215527415003,233.26865804947846,234.16287231445312,3255900
2020-10-29,234.136865933947,237.61823754723824,232.07061624309952,234.08477783203125,2872500
2020-10-30,233.38150488382146,234.07603040247662,227.48662217713127,231.54965209960938,3872800
2020-11-02,234.53627497295886,238.55590896464997,233.12115270000012,235.04849243164062,2956400
2020-11-03,238.61661791312434,242.67964865481744,237.63558121174447,240.8043975830078,3037500
2020-11-04,240.27482429171098,249.19961404911237,239.62369655699456,245.44911193847656,3525300
2020-11-05,250.33686824779662,250.90117354684926,246.6297647479399,248.16644287109375,2516600
2020-11-06,248.93040767838707,248.9738055830565,245.56190364928247,246.76864624023438,2839100
2020-11-09,250.0156673355396,250.3976643485985,233.94582822382503,234.37991333007812,7856400
2020-11-10,236.82820191620308,239.43271301812496,233.75487139748734,239.24171447753906,4828500
2020-11-11,240.76104668560367,244.55494748842236,239.7626559208294,241.1343536376953,2987900
2020-11-12,245.69217292145942,246.29121249442838,237.73973050551533,239.82333374023438,3818600
2020-11-13,239.97967054819344,242.8533124157868,238.97258971777273,240.63079833984375,3939200
2020-11-16,242.37572588962522,244.20757860593181,239.96221403425793,242.71432495117188,5360200
2020-11-17,236.22912000576008,237.47059705036543,233.88504983536416,236.5503387451172,8532200
2020-11-18,234.84006282552096,239.07673806865787,233.53780739395614,234.2583770751953,5122200
2020-11-19,234.7705995982661,236.47220578962566,233.27734577886218,235.21334838867188,3929400
2020-11-20,235.66479379470923,236.46349548219072,233.42490000903084,234.24098205566406,4111000
2020-11-23,234.41464088308055,237.609500815475,234.0152635206926,235.6213836669922,3294200
2020-11-24,237.87873340939558,239.22438717943731,236.6372558674264,237.27969360351562,4773400
2020-11-25,237.42724354097726,238.52112019654592,235.45647983453654,237.8439483642578,3001700
2020-11-27,238.9552259229654,240.11857114538,238.19123168867296,239.60635375976562,1625300
2020-11-30,238.93783150653218,241.14299149141647,236.07288010854975,240.83912658691406,4624100
2020-12-01,241.9850555052403,242.1760539822779,239.22425451997873,240.13584899902344,3942400
2020-12-02,239.14950198496757,239.27169468866379,235.30872984059886,236.64427185058594,4168600
2020-12-03,236.23402362473786,237.36878821645055,233.18759706226393,234.0605010986328,4168900
2020-12-04,233.4756274123114,234.57549494598743,229.41662925367575,230.4379119873047,7732800
2020-12-07,230.01022145344723,230.8831255196842,227.82796128785475,229.25953674316406,6379000
2020-12-08,228.45645141601562,229.13731551656528,225.84647680372825,228.45645141601562,5338100
2020-12-09,230.97907261382423,231.99164426620038,228.91903233544286,231.82579040527344,4550100
2020-12-10,230.5164875008689,232.25358465748565,228.79686547398484,231.15371704101562,4234300
2020-12-11,229.8879998527077,231.63380796813442,229.2682454306282,230.9267578125,3454500
2020-12-14,232.3146410641026,234.46197705437882,231.5551923456371,231.82579040527344,4576800
2020-12-15,233.51060189647617,234.6017321036274,232.36709957049536,233.92086791992188,3754100
2020-12-16,234.40095661746628,236.3388049479705,233.51060395061023,235.32623291015625,4669600
2020-12-17,237.56961216688038,239.46379937821877,236.81890069664257,239.14956665039062,4247000
2020-12-18,239.69072860173077,240.69456296792046,235.94596263227186,236.07691955566406,9817000
2020-12-21,234.42712819164146,237.38628594329958,232.08775154482362,236.54827880859375,4339000
2020-12-22,235.73642736999506,236.87119179534307,234.38343696754836,235.71897888183594,3140100
2020-12-23,235.73646026047578,236.55699217996244,234.112871551013,235.5182342529297,2337100
2020-12-24,235.19527500220215,236.8712359005915,235.16035138046792,236.4871826171875,1093900
2020-12-28,237.5783105302073,237.64813113411822,235.02068138022943,235.0294189453125,2633800
2020-12-29,235.66666677508422,236.08564370887353,231.38070429706443,232.3583526611328,2572100
2020-12-30,232.28850175363365,233.3272597838227,231.2497703623642,231.5465545654297,2511400
2020-12-31,231.81717477174365,232.14888262994887,230.08007729939348,231.86080932617188,2607900
2021-01-04,232.20115104472532,232.5764932897227,227.88026652924862,230.3767852783203,5002000
2021-01-05,229.27693839777126,232.65507218179616,228.9277821703857,232.23606872558594,3822600
2021-01-06,230.49901065485872,235.4832846585391,228.5873489085018,233.5629119873047,3949200
2021-01-07,233.0217700971512,234.6191729472123,232.34090593564514,232.41946411132812,3833200
2021-01-08,233.37092583725487,236.3213460759998,233.0654040621983,234.8897705078125,3757700
2021-01-11,233.47559394512606,238.62572133499233,233.292291595427,236.75772094726562,3764400
2021-01-12,236.65303394741346,242.61498427590547,236.251505492853,241.2095947265625,4030900
2021-01-13,242.93794037935686,244.83215401650205,239.1233536862796,239.2193603515625,3921400
2021-01-14,239.6121379989571,239.96129425660067,233.65021564892166,234.23504638671875,4641400
2021-01-15,234.48823916320146,241.2619836919426,233.93830530268812,240.5636444091797,5131700
2021-01-19,242.66730924977855,242.66730924977855,238.32023778903545,238.46864318847656,3615800
2021-01-20,238.52108327505363,241.97777660213575,236.9935008570066,239.4376220703125,3498400
2021-01-21,241.11357069058587,245.02419063437316,240.63348409289966,243.58387756347656,4397900
2021-01-22,243.76719789204358,248.8474793084274,242.55384845413846,247.90475463867188,4501900
2021-01-25,247.773833412264,249.44979436173097,245.65268284860161,248.8474884033203,4025900
2021-01-26,249.14430474299868,249.34505564095804,245.8971003628831,246.68270874023438,2472200
2021-01-27,244.40441288874192,245.1202006512701,238.37264230050337,239.2193603515625,4337000
2021-01-28,241.0699307290816,246.99693023343605,239.98751155885483,242.71096801757812,3463000
2021-01-29,240.75568541811603,241.8468155781412,235.71030062371653,236.39990234375,4079500
2021-02-01,236.75781130745747,237.99732033037137,233.2836430667233,235.7452392578125,3707800
2021-02-02,235.68410404906226,240.65093044698747,235.67536648371754,237.569580078125,4111800
2021-02-03,237.3338615326107,240.6770718523762,236.3038146530291,239.32408142089844,2802700
2021-02-04,239.39393970737186,243.9243139335856,239.39393970737186,243.38311767578125,2976000
2021-02-05,244.66628758359823,245.94945762337204,242.50147591463647,243.4180145263672,2389900
2021-02-08,244.14253162074084,244.77976115614564,241.69841097890355,244.43931579589844,3475600
2021-02-09,244.11634866775304,244.58772431142566,241.4627129093779,241.59364318847656,2507800
2021-02-10,242.69345728647463,243.4790654267239,241.13968949303523,243.2695770263672,2410600
2021-02-11,242.60619343015938,244.6313370292361,240.93023272941076,241.84677124023438,2595300
2021-02-12,241.8991938769164,243.28710827926886,241.42781817684101,242.23963928222656,2392200
2021-02-16,241.80318430664818,243.21728475099164,239.9438942265224,240.3890838623047,2873500
2021-02-17,240.51995906444182,245.97560868894158,240.39773972617422,245.2161865234375,3536400
2021-02-18,245.11146621845734,248.49833846598085,244.26474815657647,247.07550048828125,3532000
2021-02-19,246.91830883409682,247.8261363008408,243.92425500924213,244.09884643554688,4079900
2021-02-22,242.85059837890583,243.0950104172441,238.85271004346245,240.79055786132812,3995500
2021-02-23,235.1428992960972,235.3960489316956,224.84261543317245,233.27487182617188,12111000
2021-02-24,229.7745237598409,233.05662460324254,221.74379650524557,226.92884826660156,14512700
2021-02-25,226.7368453994437,227.7406798106756,222.33741449075407,222.80877685546875,6545400
2021-02-26,225.00848074906216,227.16455494623824,223.5594567432874,225.50604248046875,7871200
2021-03-01,225.91626741684127,229.11983660962613,225.619483272812,228.36912536621094,4528900
2021-03-02,228.42151363266964,229.6697599664667,226.75426378646713,227.20819091796875,3740300
2021-03-03,226.32657660177884,227.39152068166047,223.47218975175517,224.6505889892578,4257500
2021-03-04,223.46345686225337,224.21414162596844,215.69461544756058,219.03782653808594,7154900
2021-03-05,220.19876217665092,221.89219809800053,215.24939800661483,221.2986297607422,6351800
2021-03-08,221.91836530197853,229.77451409436503,220.42570702101793,226.10830688476562,5037400
2021-03-09,229.3381088318054,233.5629615721437,228.51757682862817,231.28466796875,6625300
2021-03-10,233.57721707022546,236.06300360195468,231.9609853820014,233.8582763671875,3798400
2021-03-11,235.93125489506252,237.84610372593298,234.70153669201937,236.15084838867188,4371300
2021-03-12,234.92119374835536,240.5076408704985,234.3151133975384,239.88400268554688,4190500
2021-03-15,241.11368422009863,245.63730535704715,240.97314115102796,244.66232299804688,4355200
2021-03-16,244.66233396043518,248.1582457890021,243.8805681297984,247.77175903320312,4458900
2021-03-17,246.94606309248638,249.3527991173702,245.28592347414562,245.97105407714844,5908400
2021-03-18,245.0926487073071,250.74937831685077,243.9771235933346,248.7203369140625,4808100
2021-03-19,249.14199776973592,253.9379119873047,248.07914599973262,253.9379119873047,13729200
2021-03-22,251.65408337633792,255.01824309775915,249.63383444155147,253.7973175048828,5564700
2021-03-23,254.38600799391563,257.74140477878785,253.79751213203468,254.71102905273438,4801200
2021-03-24,254.0784653297456,260.6838279909667,253.84128720005998,257.14398193359375,4842000
2021-03-25,257.38993991869296,261.65005930848076,256.88926029017347,261.0351867675781,5373500
2021-03-26,261.17574434393094,267.0257189023757,260.02507644970774,266.85882568359375,5865900
2021-03-29,266.41076983891605,268.3871109410025,263.45065434383685,265.444580078125,4642900
2021-03-30,264.96154447863313,268.5013910637981,263.54737503069884,267.7460021972656,5045400
2021-03-31,268.3432201788525,270.5567127050196,267.1486445695748,268.1236267089844,4744100
2021-04-01,269.55542947044466,271.02229910480673,266.9290996707982,270.3196105957031,3923900
2021-04-05,272.15542674008475,277.4344636359283,272.0675839692979,277.0391845703125,4697200
2021-04-06,275.4669060540604,277.51353284776036,275.04530361514344,275.6162414550781,3988600
2021-04-07,274.79057032370696,276.81084698496704,273.1128724533089,274.465576171875,3799300
2021-04-08,274.6676246054279,276.90746810567003,272.8142410939719,276.18719482421875,4035600
2021-04-09,277.0128432888489,280.48243180214035,276.46825562072434,280.40338134765625,4607800
2021-04-12,279.0770360487701,282.2303960310033,278.71689943051814,281.7736511230469,3556800
2021-04-13,281.5451926548608,281.8701867176525,278.44453377683516,281.4309997558594,3635100
2021-04-14,280.8249352169236,283.45129162243643,280.45603315978093,281.09722900390625,3440600
2021-04-15,281.26413450256575,284.0661497415845,281.1235914441311,283.4864196777344,3508200
2021-04-16,285.3310176292569,288.6952051865238,284.54048636082007,288.17694091796875,6213100
2021-04-19,286.7803290267401,288.83572104417965,285.8580470158108,287.0965576171875,4494300
2021-04-20,286.3499042581141,287.83435836023887,282.976951547358,284.5580139160156,4462900
2021-04-21,285.4363913172901,288.0276051924091,284.496551563131,286.3059997558594,3740100
2021-04-22,286.5256019422832,286.7276108011969,280.06075553427064,282.3620910644531,4875000
2021-04-23,283.00333543383096,285.9371015246386,280.71076523952036,284.49658203125,3405700
2021-04-26,284.31209459209555,284.593180710151,280.4823967555189,281.0708923339844,2848500
2021-04-27,281.51881944310253,283.2492170030208,281.4134188698433,281.5978698730469,3335800
2021-04-28,282.79252720985943,283.67966674443113,280.46481460602,280.824951171875,2713400
2021-04-29,282.58173080786173,286.16551223087265,282.028350822996,285.7702331542969,3261900
2021-04-30,285.5154477687315,286.200578392,282.49383917230483,284.3033142089844,3118700
2021-05-03,286.5958217811059,291.2863349737367,286.068792104282,290.10052490234375,3683700
2021-05-04,289.090479206104,292.7006106924377,288.8796780001926,292.2965393066406,3954400
2021-05-05,293.5964652132683,293.5964652132683,290.8822931793816,291.6640319824219,3227200
2021-05-06,293.0870656096725,296.7235200459564,292.700578903576,296.521484375,3539600
2021-05-07,295.7309452400666,298.4802600872115,294.72082052393847,297.9883728027344,2998100
2021-05-10,299.042546699841,303.6452195392736,298.24322285532344,299.63104248046875,4840600
2021-05-11,296.4951285832143,296.8904075996946,288.2911187615101,290.4431457519531,5500900
2021-05-12,286.80672300512657,288.80941503118333,277.80338780447687,278.4446105957031,5822000
2021-05-13,280.20125180020597,287.59717124417375,279.928958057344,285.8404235839844,5159800
2021-05-14,286.6046665872453,287.50939075591384,282.7134493049002,284.2681884765625,3998000
2021-05-17,281.9579909113866,283.56540317715246,276.96004182521904,281.0884094238281,4388000
2021-05-18,281.07972203038673,285.08510592485163,276.494607992532,278.2250061035156,7010300
2021-05-19,274.05268491594154,276.46821338875833,271.47905555830727,276.2047119140625,5242100
2021-05-20,276.59113219536647,280.8248734386147,276.59113219536647,277.478271484375,3854700
2021-05-21,278.4445147268074,280.4472060633343,276.20467209724126,277.3641052246094,3920600
2021-05-24,278.3040811817914,279.9729868178342,276.32773921140694,276.5473327636719,2930600
2021-05-25,277.1533885910407,278.5324424106566,276.02907077515323,278.2250061035156,3523300
2021-05-26,279.15603468146935,282.2918362486588,278.1634677871618,278.7344055175781,2881600
2021-05-27,278.70799598488696,281.43975244160305,278.70799598488696,279.99920654296875,3734800
2021-05-28,281.40470259982993,282.40606192808303,280.0695836346756,280.1222839355469,3194000
2021-06-01,281.65937168199247,282.1864013713567,276.8371076568734,277.83843994140625,3549800
2021-06-02,278.5625719261978,279.88704207751715,275.8518165493581,276.57586669921875,3380100
2021-06-03,274.60671431810755,276.31085884336255,273.45001295048644,274.98638916015625,2652500
2021-06-04,275.5868875912355,276.77010455871357,273.1498810022637,274.6156311035156,2638700
2021-06-07,274.7127059766594,275.7811041254442,271.851859683936,273.6884460449219,3974800
2021-06-08,274.8452225150952,275.74587951683344,272.8232173662072,274.5185241699219,2913500
2021-06-09,275.0041227278533,276.3550810055352,270.9865476922298,271.37506103515625,3603700
2021-06-10,271.64879733695864,273.4147573741843,270.31551583241315,272.2315673828125,3286300
2021-06-11,273.0792468858765,274.8187187674825,272.26692028071653,274.4037170410156,2785100
2021-06-14,272.7790379100275,273.7768097420772,270.3861693657408,273.1234130859375,3393500
2021-06-15,272.6200458854101,272.79665264511374,267.97556295856833,270.5892028808594,5270600
2021-06-16,270.80111810547635,271.3838880954667,265.92707857066017,267.3486633300781,4492500
2021-06-17,267.58711070660695,269.49435097171596,264.92052048358994,267.64892578125,4481100
2021-06-18,264.2317476918944,268.27578397057493,263.481209351775,267.19854736328125,8792700
2021-06-21,269.52969702077604,272.5936392899909,269.19416024458974,271.6047058105469,3774200
2021-06-22,272.95561215248495,278.05923548287524,272.22272366131045,276.1166687011719,4418400
2021-06-23,275.50735512166443,276.95545496802396,274.2800271778212,275.1983337402344,2564500
2021-06-24,276.4787241906552,277.99745103826007,275.198419215402,275.3485107421875,2649200
2021-06-25,275.7016913861386,278.54488831983986,275.09243297560164,276.9290466308594,11733500
2021-06-28,276.9554559881763,278.37704057648943,274.93342463776264,277.5028991699219,2635400
2021-06-29,278.83619687231777,282.8184174222741,278.6331018188609,280.9994812011719,3150100
2021-06-30,280.73464460558637,282.8096528562798,280.5138996203298,281.573486328125,3061500
2021-07-01,282.4740687046582,284.0457716577436,281.22906396343353,283.913330078125,2578000
2021-07-02,284.7875646351776,285.30851964974204,283.7456546060487,284.93768310546875,2201600
2021-07-06,285.05239482724124,285.93537474448453,279.72802700412035,281.9001770019531,3109500
2021-07-07,281.22028487250276,286.4563766269402,281.00837830040643,285.6263732910156,2939900
2021-07-08,281.7324131001078,282.8449494898024,277.96207154838294,281.2644348144531,3663000
2021-07-09,283.03053063215407,285.47637651561706,282.71264369210746,284.3991394042969,2587400
2021-07-12,283.49838433270247,286.0855091676044,283.0215676057616,284.0899658203125,2521800
2021-07-13,284.70809756037494,285.4586360134647,279.754565327113,279.9488220214844,3213800
2021-07-14,281.44986649874124,282.60656810808996,280.79646994132884,281.8648681640625,3381600
2021-07-15,280.24020055976183,285.16721717100006,280.222523713816,284.94647216796875,2603900
2021-07-16,286.08545282308467,288.0986456725021,283.7896999728777,283.913330078125,3623700
2021-07-19,280.7788508377973,281.67066941711204,278.0592838170895,281.5558776855469,3752600
2021-07-20,281.2291089195652,287.9662501259868,281.0260138340808,287.27752685546875,4251700
2021-07-21,289.2643168399026,290.03250529698033,286.94207461908906,288.1694030761719,2832600
2021-07-22,289.56441724372405,289.5909055616495,287.25982579858737,288.4342041015625,2208100
2021-07-23,290.9154442442763,294.42971461758754,289.5644858173384,293.8910827636719,2786400
2021-07-26,291.44525899047477,292.76089076590034,288.62855021025933,292.42535400390625,2752000
2021-07-27,292.9639487102098,293.04341367852976,287.9044634892126,288.96405029296875,2910300
2021-07-28,288.2223463874762,290.79179450076424,286.71243117070526,287.4276428222656,2376200
2021-07-29,288.2841019541844,290.11187683350795,287.3569838280159,289.1141052246094,2172400
2021-07-30,288.60205767524195,291.48055454351777,288.1517291910894,289.7852478027344,2381200
2021-08-02,291.3834557645739,291.3834557645739,288.22239861603595,288.92877197265625,2016400
2021-08-03,289.92644945341306,294.0411389343974,289.643889424221,293.0963439941406,2405900
2021-08-04,291.99267173656773,293.0787468870462,290.8448084625302,291.6571350097656,1783700
2021-08-05,293.1139731288246,296.6812191420741,292.34578499782805,294.12939453125,2284000
2021-08-06,295.52455398336724,296.42518380838294,290.6063493218401,291.2420959472656,2656600
2021-08-09,290.70354542231473,292.3282255582064,289.01705021283686,290.2885437011719,1995300
2021-08-10,290.20904445438185,294.2442425194632,288.8668976271872,292.6902160644531,1868100
2021-08-11,294.73866269023375,298.9328169711708,294.38547614006774,297.564208984375,3258600
2021-08-12,297.8733220230077,298.5973721232863,293.3966067509688,294.9329833984375,2554200
2021-08-13,294.79170007154147,296.50468348655863,292.2487402184884,292.5489501953125,2217000
2021-08-16,292.0102776616171,296.35455066289643,289.59092133794024,295.8424072265625,3496300
2021-08-17,283.43653475968796,285.7234493610961,279.56024024411977,283.2157897949219,9322800
2021-08-18,281.9708021135323,289.4937812697091,281.67059217675614,283.92218017578125,4880600
2021-08-19,281.48525280605315,287.13632044186727,280.61108412392053,285.1142883300781,2974700
2021-08-20,284.88469457041475,291.100854683994,284.7345761063868,290.71234130859375,2929900
2021-08-23,291.3833912634095,291.8513695715216,289.0699880441984,289.3878479003906,2792700
2021-08-24,290.28850469797504,290.3591312394314,286.53583981076474,286.88018798828125,2359500
2021-08-25,286.21797865372173,288.3459638140031,285.2996718540455,285.9795837402344,2586900
2021-08-26,285.3879200297746,286.9596231414022,283.43654203613977,283.8603820800781,2952300
2021-08-27,283.3306661478262,286.1296980474293,282.2445908959489,285.5381164550781,2985400
2021-08-30,287.77197517848276,290.9418697058977,287.15387848552183,288.8227233886719,2926900
2021-08-31,288.7344871469329,289.85586215165705,285.7500101549054,288.01043701171875,4183100
2021-09-01,288.9245069665349,289.1197512984564,284.2386700838335,287.2205810546875,3339100
2021-09-02,288.45415757418044,291.2496805695554,287.27383527245854,290.85919189453125,3109000
2021-09-03,288.7203958034666,293.6636066529203,288.5695411785449,293.1666259765625,2774800
2021-09-07,293.7788765758306,295.1367031299246,290.1136250904682,291.9329528808594,2555200
2021-09-08,291.93297726025247,294.5776178990619,290.76151152423057,294.2669982910156,2219500
2021-09-09,295.0391686302308,296.1751282085877,293.6369520217418,294.4356689453125,3011900
2021-09-10,296.41472959652447,297.5063265244083,294.1516938416524,294.5954284667969,3178600
2021-09-13,297.25789492589007,299.2103114120794,295.3054513562832,297.7016296386719,3908700
2021-09-14,298.2162973676252,299.5119949169614,295.0125463066926,295.6337585449219,2857200
2021-09-15,295.8467684953065,297.00937825653756,292.95363684101,295.85565185546875,2875500
2021-09-16,297.0537722716379,299.8226725932489,296.56567491262473,298.5358581542969,3043800
2021-09-17,297.25781066217024,301.42889952988935,297.25781066217024,297.89678955078125,7098400
2021-09-20,294.48897795060464,297.6483941337439,291.4715872139904,293.9387512207031,4036600
2021-09-21,295.55389473632505,299.0505258839592,294.6398024566185,296.6099853515625,3171100
2021-09-22,298.05660835766486,300.8521315974176,295.9355434563921,298.1275939941406,2872800
2021-09-23,299.8226421100437,301.31358411880007,297.8347194317019,298.1098327636719,2426600
2021-09-24,298.8819587205203,299.82267416591435,297.79036155271336,299.5120544433594,2004900
2021-09-27,298.9618175511202,305.0587280999128,298.9618175511202,302.9909362792969,2966100
2021-09-28,302.9553615923599,302.9553615923599,295.04800763667043,296.2372131347656,3304100
2021-09-29,295.8467126602173,300.74555986414384,295.8467126602173,299.0149841308594,2424000
2021-09-30,300.17757347399026,300.5946850812332,290.76153826413906,291.3206481933594,4255000
2021-10-01,291.2230964353909,295.2877217087104,288.0548239789118,292.74066162109375,2814200
2021-10-04,291.53364766990205,293.4061947812295,287.6820343875298,289.7320861816406,2919900
2021-10-05,290.113756048827,294.80847699453506,289.6078919653397,292.4034423828125,2514300
2021-10-06,291.2319707156617,293.44176092448447,288.7825464279137,293.18438720703125,2226800
2021-10-07,295.97106613030917,301.04739254577595,295.40307267352637,299.5032043457031,2789500
2021-10-08,295.52728605040704,297.6660903796404,293.6458554094985,296.71649169921875,2912200
2021-10-11,297.834647690297,302.50271693257554,296.9471785536057,299.05047607421875,2589100
2021-10-12,300.9763420333862,302.67138451021964,299.43212708273245,299.787109375,2960300
2021-10-13,299.3612021922317,301.9525978266002,298.6778333804762,300.2131652832031,2477400
2021-10-14,302.2099190893111,305.6177979450277,301.8283137910329,305.33380126953125,2824300
2021-10-15,307.54364723887653,311.4573904637259,306.8425388437007,310.9781494140625,3473500
2021-10-18,309.7267866635583,315.8947091511121,309.7267866635583,315.06048583984375,3487500
2021-10-19,316.7733680461807,317.7939525627108,314.53695463821236,317.7052001953125,2375600
2021-10-20,317.4832734615485,319.1073575226945,316.12544645281764,317.91815185546875,2574800
2021-10-21,317.8914526202998,323.79311690736773,317.82043992332035,323.5889892578125,2885400
2021-10-22,323.92631512679316,325.7278768371754,321.39702204405154,324.8049011230469,2734700
2021-10-25,325.8787492406978,329.83685487438066,324.80489184991796,329.48187255859375,2923400
2021-10-26,331.37218517207543,331.95789109477965,327.5471674540767,327.6536865234375,2989500
2021-10-27,328.24829659855754,332.9341338609111,327.7513159103849,330.422607421875,2840300
2021-10-28,331.0260325440886,331.8602558115429,329.1534854136492,329.7569580078125,2553500
2021-10-29,328.6565019207137,332.9341105504454,328.3902719576243,329.9078369140625,3820200
2021-11-01,331.0260670139282,331.5319310426286,323.6600822542229,325.2397766113281,3380500
2021-11-02,324.9913406973129,327.37863581137594,323.87312046418344,325.95867919921875,2367100
2021-11-03,325.37287949497227,327.7956533930501,324.14816750616126,327.4495544433594,2378800
2021-11-04,329.05588815666266,331.23019892162716,327.8400594670338,330.29833984375,3210000
2021-11-05,331.74493834931394,332.2774254125814,326.207137891533,326.9437255859375,3090200
2021-11-08,328.5589146264135,330.9462094229579,326.45561653121194,327.1123352050781,2357200
2021-11-09,328.0708185786827,331.8070570960293,327.2188284713368,328.9405212402344,2183300
2021-11-10,326.8105406284627,329.43744193922913,326.3401830246761,327.1033935546875,2161400
2021-11-11,329.25111268833274,330.1385819947703,324.66288445734847,326.2603454589844,2387300
2021-11-12,327.5826971606331,331.4698174252314,325.4350364018602,330.6977233886719,2793300
2021-11-15,332.2596306996748,332.6855986129475,327.7335320372641,329.32208251953125,3650600
2021-11-16,339.0133301762798,350.0002063095805,336.35092182411006,348.1808776855469,8648200
2021-11-17,348.62459184518616,354.4818952911149,346.8319134105077,350.41729736328125,4647000
2021-11-18,353.2127735744622,360.791768811903,351.5177039990073,360.1794128417969,4503700
2021-11-19,361.75911381356093,363.9511640601488,358.63520455521893,362.6998291015625,3542000
2021-11-22,363.6849609599525,369.6842629632075,362.70876625535266,362.78863525390625,4006400
2021-11-23,360.01968166743484,363.5784151320468,357.6590100871643,362.41583251953125,3557000
2021-11-24,358.2358556095292,366.3029481776538,357.54363064906545,365.7349548339844,2676300
2021-11-26,361.4307691234909,367.5365624661747,356.984539099708,357.3839111328125,3007800
2021-11-29,361.1112077864273,364.58121556733886,360.3479972835037,361.04022216796875,3725500
2021-11-30,358.1737516645994,362.4691000679673,355.2096072860387,355.5290832519531,7773500
2021-12-01,358.30940699967977,365.5900296723648,356.6519003577105,356.83013916015625,3516200
2021-12-02,358.0687600464222,365.9910032491846,357.34693922760596,363.37994384765625,3705000
2021-12-03,365.2336125396136,370.6517299652848,360.4214635847915,363.4156799316406,5237500
2021-12-06,368.5040418074783,374.82221838013857,366.45443158225453,370.4467468261719,4624500
2021-12-07,371.60525279551376,372.9954285440068,368.05850701924663,370.87451171875,4204500
2021-12-08,370.8744824771234,374.1449768657267,363.8344848811468,366.4811706542969,4079400
2021-12-09,366.0800868813568,370.0456684387596,363.843345283257,366.5613098144531,3822900
2021-12-10,367.3188621207391,370.36654455745594,365.5989690875011,370.1794128417969,2625200
2021-12-13,370.1794720238133,371.1597312549289,360.474973624341,361.12548828125,3766400
2021-12-14,359.53030641002306,361.51753044512026,354.74486359559523,358.4163818359375,4662800
2021-12-15,357.0083832944895,363.5226123446816,355.912298865394,363.4156799316406,4421400
2021-12-16,363.9414220454039,364.36025876230434,354.7805076715643,356.0370178222656,4632800
2021-12-17,353.75569060627424,354.6557503111866,345.24531824414487,345.7443542480469,11097500
2021-12-20,342.45608529786597,347.6959911213996,339.43510864015354,347.0097961425781,4294800
2021-12-21,348.997012572733,350.8951443082964,341.52033813196255,347.9632873535156,3038200
2021-12-22,348.435594676224,352.6863209129959,346.52854281779906,352.57049560546875,3267800
2021-12-23,354.9320401590137,356.3132958214136,351.66154548083796,353.8448486328125,2743900
2021-12-27,355.60031184647966,360.4213797798724,354.86065083588926,360.1005554199219,2228300
2021-12-28,360.90260679709223,362.71161904161505,359.1292477501907,361.99871826171875,2521400
2021-12-29,362.14130875861525,367.47922616809365,362.07892246078893,366.11578369140625,2209300
2021-12-30,367.01592301288974,368.4328319964758,363.9414799005809,365.3138427734375,1804400
2021-12-31,365.3583401679146,371.1864011537223,365.26924795833514,369.8318786621094,2386100
2022-01-03,371.2220656582922,372.3538032695688,359.36099860897286,364.15533447265625,3715700
2022-01-04,364.1553314721796,368.5842695691023,363.7543077384687,367.8981018066406,3266500
2022-01-05,368.9318588116099,369.1279106456554,362.52456179332967,362.9077453613281,4443200
2022-01-06,364.08404756464756,364.53853753154556,359.14712582333436,361.5888671875,3315100
2022-01-07,359.4500551717227,360.10059686857176,350.1109295903702,350.7614440917969,4520700
2022-01-10,345.22750913623696,345.3968278523183,339.4440212729655,345.2809753417969,6440000
2022-01-11,345.8245859763481,349.1841728168205,342.4828121393202,344.5769958496094,4385400
2022-01-12,346.0206441225364,350.6189282698123,344.3185640203052,347.0097961425781,3623300
2022-01-13,349.78124227808513,351.3852828137289,343.85514168737836,344.8532409667969,3466300
2022-01-14,339.81822612625297,340.4242216771649,331.05833648353496,331.50390625,6336200
2022-01-18,326.2462343353999,328.0195935528414,320.8370100827384,326.7987365722656,6435200
2022-01-19,327.2087167694739,328.5632667182888,320.2845700697886,320.5340881347656,5175100
2022-01-20,321.9954568579037,322.45886685088084,311.02553065443226,311.5245666503906,5440600
2022-01-21,313.43164436627023,320.89047901830224,309.38586266851894,311.09686279296875,7718400
2022-01-24,306.35597973847706,324.7134614851469,306.20447403597194,324.20550537109375,8584300
2022-01-25,319.15275214535023,322.1647811751256,313.85046060153445,319.90130615234375,5536700
2022-01-26,320.81028406853096,326.06800272945804,315.86446973397767,318.3863830566406,6103300
2022-01-27,321.19343407217247,324.4817413162261,315.3832137687309,317.6288757324219,3941000
2022-01-28,320.9618409150257,326.7987958574837,314.4297708053998,326.6383972167969,4551300
2022-01-31,325.09658041870324,327.4135484266453,322.77961241076116,327.0303649902344,4084600
2022-02-01,329.2493696487696,330.3365611164398,322.9222726548014,328.5632019042969,3406800
2022-02-02,328.27808148015185,333.88335839597573,327.72557915945146,333.0456848144531,3839300
2022-02-03,329.8910157413631,331.61090887728767,323.6619577894127,325.0966796875,4009700
2022-02-04,323.92925767374896,324.9719030138159,315.68621604106073,320.5162048339844,3728100
2022-02-07,321.0419498783775,322.41428523413884,316.74665062825545,318.44873046875,2809300
2022-02-08,318.4487480834651,323.46586848646876,316.1763257392261,322.093505859375,3225100
2022-02-09,325.5422633933813,327.45820843737425,323.48373272440557,324.70458984375,2777500
2022-02-10,319.77661939656156,323.4837644230988,314.45651342277773,316.4348449707031,4291800
2022-02-11,316.0782962666679,318.4398106881414,310.6156063511668,312.15728759765625,3308700
2022-02-14,310.116577218692,314.49207586761327,309.0739319327469,313.2890319824219,3654300
2022-02-15,316.85356509296463,318.51109873936304,313.1286084317038,314.803955078125,3552500
2022-02-16,313.2356057040648,314.4475426467258,308.08481930690465,311.9790954589844,3594900
2022-02-17,310.99882665024586,313.95741689980815,309.57302492578543,310.0631408691406,3927000
2022-02-18,310.46416887108603,312.43357996630755,306.6411719958941,309.109619140625,5526100
2022-02-22,298.61199566630546,300.037824610382,278.34748780414947,281.75164794921875,19752800
2022-02-23,284.5586919826464,285.5211107453727,273.6689654273699,274.87200927734375,11026000
2022-02-24,267.34194263427776,279.3188638399277,266.7092409847633,279.140625,8416700
2022-02-25,279.08709627498143,282.88335971260835,274.08781612130434,282.1793518066406,6510600
2022-02-28,278.8999621917449,281.6713932988305,276.6810332863663,281.4486083984375,5735100
2022-03-01,280.34368780831994,287.33022110992977,279.6040536838756,285.3875427246094,5640900
2022-03-02,286.1092423192328,295.1364896990085,284.879465472473,291.7323303222656,5645600
2022-03-03,293.35423766962225,294.68202692840464,287.6865758541923,289.0500183105469,3858400
2022-03-04,287.13408498946086,291.09966711646945,284.7280243692162,288.9609375,3630900
2022-03-07,288.96093416700944,293.7196163472777,285.2626830864331,287.63311767578125,4670000
2022-03-08,284.94186012901514,292.73041079325986,281.5555408477139,282.259521484375,5092500
2022-03-09,286.88557351782424,289.0909987035712,284.1243119109129,284.3753356933594,4443600
2022-03-10,281.82926991262525,285.32571056816045,276.79981912523186,285.038818359375,3895200
2022-03-11,286.24013252442063,288.4904004105926,283.50576484277724,284.0078125,2973300
2022-03-14,289.49442307624315,290.47162371237783,283.4877458396101,285.4152526855469,3604200
2022-03-15,287.1993895284762,296.01214460523295,287.1814416681856,294.5418701171875,3775300
2022-03-16,297.2671856760707,299.39195459747054,290.67780559976967,296.6665344238281,3942400
2022-03-17,295.07984196340317,301.55267333984375,293.91435256511335,301.55267333984375,3123200
2022-03-18,299.10514370119273,305.4793701171875,297.92173401196004,305.4793701171875,9409600
2022-03-21,303.05883072005463,305.43459699441,293.23297768568546,295.2860107421875,4521200
2022-03-22,295.24118914114615,297.0162765183746,290.48068276841195,295.6087646484375,4852800
2022-03-23,293.0716099548063,294.228125366781,283.16510101344556,284.24090576171875,5207700
2022-03-24,284.33045821881376,286.3476221579723,281.77537842397226,283.10223388671875,4599900
2022-03-25,285.522912968205,285.8097777847169,276.39634371429776,278.5300598144531,5176500
2022-03-28,278.8169613375066,281.8203006373276,277.2301351047324,281.7575378417969,3936600
2022-03-29,284.115377476729,287.78213093982635,280.5382812397274,284.83258056640625,5306100
2022-03-30,280.7085960440427,282.6181827969209,274.42402664326903,276.539794921875,7223800
2022-03-31,274.52269124317866,276.091597298114,267.9602021380789,268.3546447753906,11044600
2022-04-01,269.4034858514656,271.9764864802409,267.9690525014798,270.649658203125,5554600
2022-04-04,270.29101094135973,274.76465118598367,268.5697129262156,273.957763671875,4659500
2022-04-05,274.56746330502216,277.11356976824254,270.9365509481763,273.31231689453125,4376100
2022-04-06,267.24288798385373,269.5469444362727,264.4636783691439,267.6463317871094,6499900
2022-04-07,266.07744794500445,273.07027380235195,263.2085808776319,271.4206848144531,5241000
2022-04-08,270.26416909939286,279.9734693484609,270.10280250898995,278.9155578613281,5741900
2022-04-11,275.9570285987488,281.65889369413077,274.27157144879607,274.9798278808594,4100600
2022-04-12,277.41838508297843,280.8699830256173,273.5275023082097,274.5943603515625,4122600
2022-04-13,274.4330112534598,279.4445691128747,274.08338358858674,278.2970275878906,3185300
2022-04-14,278.66453072775056,279.93759765359783,272.83716680541784,273.00750732421875,4569200
2022-04-18,271.6448157778557,274.59436615770016,267.80772178468226,269.1435241699219,3192400
2022-04-19,269.50209645309303,276.24392516071197,268.7848934397273,275.94805908203125,3389700
2022-04-20,278.8169384074462,283.389183062242,277.6962915488953,282.5285339355469,4720800
2022-04-21,284.1960535212032,285.4511725758866,277.68732757825046,278.2431640625,3014200
2022-04-22,277.7591314741119,277.7591314741119,268.7580857459325,269.0539245605469,4043200
2022-04-25,268.9552348144176,273.58126813637057,265.6112148787902,273.384033203125,4396900
2022-04-26,270.97240522493996,275.73291080042617,268.70421712091274,268.91937255859375,3415200
2022-04-27,270.12079875550734,274.71099281506326,268.1663965426941,270.3897705078125,3446200
2022-04-28,273.213754552773,281.9906700299242,271.6538225927443,279.49835205078125,4149500
2022-04-29,276.2618844774759,279.4624587774007,268.6952739772639,269.3138732910156,4878200
2022-05-02,270.73931246966976,276.8356479169135,268.8745680982278,275.2039794921875,4233900
2022-05-03,274.056475774236,277.02394693287624,271.66276167030475,273.4020080566406,3336600
2022-05-04,272.6129782005531,283.0753475002802,271.58198874094734,282.6808776855469,4021300
2022-05-05,278.81692360024795,279.1396567457908,263.31612941530545,268.1573181152344,4959600
2022-05-06,265.63812602288215,266.04156984430654,259.4611346349253,263.85406494140625,4325300
2022-05-09,260.24110917298583,269.61867493589307,258.6453090537948,266.2926025390625,5243600
2022-05-10,267.5746271529491,269.91455224523304,257.8922483092341,261.0300598144531,4392900
2022-05-11,261.2899783220585,262.9754078659392,253.32890031159798,253.67852783203125,3880500
2022-05-12,252.43241077813457,262.84096465517837,251.58968223372577,259.7121276855469,4447700
2022-05-13,259.94521323165935,268.4352335213017,258.6004372239623,265.3960266113281,3949100
2022-05-16,263.6478776329002,268.5697777468249,259.80183691729707,265.3602294921875,4267900
2022-05-17,274.78263793752086,278.76317817666813,260.7969582345341,269.8069763183594,12425900
2022-05-18,262.679611489968,264.86711624540544,252.08276871954357,255.66883850097656,7799500
2022-05-19,255.95573434775784,262.23135655593404,255.47160725959833,257.98187255859375,5211500
2022-05-20,259.8287626426571,260.4383881035959,250.6573768541498,257.4709167480469,5621800
2022-05-23,259.17424965821135,260.2948965715487,251.3118007636722,256.430908203125,4305600
2022-05-24,254.61103519050113,259.3805160779673,251.6076953246187,258.1253967285156,4241900
2022-05-25,256.23368861787463,264.9119722688898,256.09921645211887,263.190673828125,4612900
2022-05-26,266.55264449000384,274.00270425854535,266.26575226470646,271.4745178222656,4170800
2022-05-27,272.1289439114227,276.5756632844319,270.38969768125946,276.539794921875,3899300
2022-05-31,274.8722828100139,276.01085023461394,269.6993591021208,271.4206848144531,5966600
2022-06-01,272.22361887006934,273.3423401118526,267.97436136279447,268.11871337890625,3080800
2022-06-02,269.58023096001523,276.0939674899554,266.94588246514985,275.9496154785156,4086400
2022-06-03,273.65812418675694,278.2863099100465,272.36801397484794,275.2369384765625,2956600
2022-06-06,275.6699543624131,277.5194112476286,273.5859220065982,274.163330078125,2562000
2022-06-07,266.1970253991519,272.80098456586376,263.97767200232596,272.2506408691406,3547800
2022-06-08,270.45534928056884,271.17708181392186,266.756408099389,268.4254455566406,3003100
2022-06-09,268.6329719649438,276.8608444538125,268.26307507262555,270.52752685546875,4168400
2022-06-10,262.9852227559598,267.49611851506717,260.4050035972653,260.9462890625,4623900
2022-06-13,256.5436733889206,258.7630541245836,253.7649734664941,255.46107482910156,4704600
2022-06-14,255.50624492264558,258.3661660119877,249.5338211211106,251.41036987304688,3987000
2022-06-15,253.5124726808611,255.84911458781136,248.52342049416467,252.36671447753906,4050400
2022-06-16,248.02717797123046,249.10074615003336,243.34486458430723,246.70997619628906,6181000
2022-06-17,244.49060304819562,249.56084657339522,243.9402868620182,244.2470245361328,10775600
2022-06-21,246.91749132304773,247.12500250436332,241.26083618742445,242.86671447753906,5498400
2022-06-22,240.33157166437,245.1852734685355,238.63547007130052,242.668212890625,4678400
2022-06-23,243.58847676162216,248.63165710625114,243.48925022735105,248.47830200195312,3747500
2022-06-24,250.32773639667326,255.73178256315086,247.12501031983572,255.31678771972656,10310700
2022-06-27,256.63397243449555,257.1211570727393,253.95449822265473,255.03712463378906,2538600
2022-06-28,256.0204803105472,257.6624534986491,243.4260630407104,243.72377014160156,4052100
2022-06-29,245.01386599508675,249.1458630088195,242.5148390028195,247.07986450195312,2460500
2022-06-30,244.24703960104773,249.93978942941527,241.82017480523368,247.44073486328125,4058000
2022-07-01,248.75793346744203,253.28686409999548,247.69334086116862,251.78021240234375,2818300
2022-07-05,248.5504851695633,255.97543334960938,248.1264596471094,255.97543334960938,3241300
2022-07-06,257.1121031368055,257.95115091884855,253.07936004314843,255.84002685546875,2206100
2022-07-07,255.1724168106201,258.8984221176204,253.9184017682211,258.64581298828125,3133900
2022-07-08,258.01433158139855,259.8186907575358,256.1378101524437,258.4473876953125,1891000
2022-07-11,257.28355654814004,261.2621716534001,257.2474891895492,258.3752136230469,2453200
2022-07-12,260.70279702718796,264.915987177106,255.68668148278354,257.2294006347656,2696100
2022-07-13,254.080865492275,261.4426549214645,252.3937939103992,259.08795166015625,2941600
2022-07-14,254.27926959936565,261.89366594402793,254.09882270628955,261.16290283203125,2822200
2022-07-15,265.9714994081419,266.5489074238055,262.4891002352831,263.8062744140625,2647200
2022-07-18,268.1728315544169,269.29152522053016,263.43638961779556,264.3836669921875,2664000
2022-07-19,266.53990421614833,270.66287099247694,264.61825754422426,270.5004577636719,2614900
2022-07-20,271.49286981088346,273.9828940364943,269.10209964689716,272.7288513183594,2533400
2022-07-21,273.2251141690573,275.3903398357454,269.63442922859895,275.164794921875,1965000
2022-07-22,277.5645513298728,280.280120465118,274.5873424276936,276.5992126464844,2391500
2022-07-25,276.7886205585027,277.356997968532,274.10914672002843,276.20220947265625,1910500
2022-07-26,267.9472757600687,271.2312219175622,266.963903540115,269.0118408203125,2690200
2022-07-27,269.0389649897051,270.93354761520715,263.2469875010493,269.6705017089844,3233700
2022-07-28,266.1429425084404,271.77253356674714,264.4919661996482,270.3200378417969,3992100
2022-07-29,270.6538716071327,271.95301239343377,268.33526349927104,271.5019226074219,3236000
2022-08-01,271.23119781682374,278.27721594332286,270.66282045296714,275.90447998046875,3303900
2022-08-02,275.52559634827503,275.71504632222644,270.6628634679786,271.29437255859375,3091000
2022-08-03,273.67615416653007,277.93444246635806,270.9605850876264,276.4007263183594,3329400
2022-08-04,274.7496702273924,279.6484968352205,274.65944679798844,277.1224060058594,2718400
2022-08-05,275.5076043098636,279.47718895200023,274.7136818749691,279.39599609375,2029100
2022-08-08,281.3537183387659,284.90830818428196,280.0726387180522,281.4529724121094,2505100
2022-08-09,278.6742901410791,279.6396014587575,273.6401121885897,275.354248046875,2607000
2022-08-10,279.2245529881772,282.3641475343853,278.81856120353257,281.10107421875,3863400
2022-08-11,283.13995506043585,283.8436538301731,279.296662339079,280.298095703125,2444100
2022-08-12,282.0303151374789,284.123378147078,279.83802560020894,284.0873107910156,2273800
2022-08-15,281.5160755634033,284.8721841266187,279.8109432341659,283.83465576171875,3917300
2022-08-16,282.3641212869081,300.40770946348607,282.2738978395591,295.3554992675781,10089800
2022-08-17,295.99610937732706,297.268185950373,292.3693572024115,293.89404296875,3162600
2022-08-18,293.17222125471113,295.8607258805061,290.7002584151288,293.39776611328125,2899600
2022-08-19,293.18122426520955,294.39917189332124,288.48988063556766,289.8882751464844,3489100
2022-08-22,286.9742219825363,288.4628123820173,281.2183134077032,281.6694030761719,3144200
2022-08-23,280.76726707216045,281.0469405071889,275.74214831442436,276.8788757324219,3317500
2022-08-24,275.2097924487455,279.6575574515513,273.85652345942395,277.970458984375,2495600
2022-08-25,278.4486416967582,279.6394974880883,275.91349244907855,279.47711181640625,2529700
2022-08-26,279.9463017092105,281.03795878158525,268.8675380015192,268.9397277832031,3315500
2022-08-29,267.55937665851474,270.392205926553,265.5024085325912,267.3338317871094,2711800
2022-08-30,269.3546945816979,270.5636117416811,263.13869248357304,264.4288024902344,2892400
2022-08-31,265.16431090232487,265.58201342322354,261.7772153926824,261.90435791015625,4376200
2022-09-01,261.88620330407286,266.58997807422827,260.36065922380175,266.3992919921875,3742500
2022-09-02,268.8874340862691,269.51400189945076,263.44812712601697,265.0644836425781,2753600
2022-09-06,266.26309320918625,267.42541649157056,260.851028023582,262.9214172363281,4110000
2022-09-07,263.7386730572772,270.33124063017925,263.6115305243028,270.12237548828125,3016000
2022-09-08,268.78749762265113,272.59229583636187,267.4617292112967,272.3289489746094,2703200
2022-09-09,271.9475878219951,274.6808473580981,270.9032898593008,272.2109069824219,2769200
2022-09-12,273.14621968056775,274.98959240338434,269.10534293372945,270.1859436035156,3632900
2022-09-13,265.1643372922334,267.044012679333,251.82484675448362,252.37875366210938,4797200
2022-09-14,253.71361606061427,253.84075859294265,248.0563830354082,250.9349365234375,4194400
2022-09-15,252.342410320094,252.45137377866246,245.66812136309434,246.57618713378906,3896100
2022-09-16,244.3150951301402,251.13467823203138,244.17889080101486,250.5989227294922,9535100
2022-09-19,248.4286368962828,255.3753626462924,248.36509334945433,254.63983154296875,3047200
2022-09-20,251.42532873979633,253.15064866757288,246.42187600846566,248.9644775390625,2940700
2022-09-21,250.62616422922358,254.37648046845277,246.54895759926677,246.6034393310547,3173500
2022-09-22,246.28566144764886,246.28566144764886,243.22548346381174,244.3968963623047,3515800
2022-09-23,243.2617973044495,246.35827776486227,241.83612713166676,246.03138732910156,3527900
2022-09-26,246.4762988411125,248.41048347138738,241.19134911849625,242.07217407226562,4181800
2022-09-27,244.59659353067576,248.52853401071056,242.4354201787138,243.9882049560547,3701000
2022-09-28,249.91788083597808,257.4366648599159,247.63862671665422,256.2471008300781,5816600
2022-09-29,252.90546207137717,253.13247856378638,249.47297381462903,252.7419891357422,4518600
2022-09-30,252.27886933747726,255.88389198819866,249.5001899626813,250.5717010498047,4789100
2022-10-03,255.16655777008484,259.76136972507203,253.84985092455898,257.61834716796875,3580000
2022-10-04,261.0689312481833,264.52865991141897,260.2153471342751,262.9395446777344,3641300
2022-10-05,259.93386853594063,265.25512150361084,259.1347660956962,263.2029113769531,2728000
2022-10-06,262.9395271824435,266.03603484291204,261.31408166364713,263.6932373046875,2641500
2022-10-07,261.0961578671473,262.0950357876345,256.4559549397496,258.1812744140625,2406000
2022-10-10,257.4911264202673,258.6716008314188,254.45819008690694,256.49224853515625,2115400
2022-10-11,255.25730589817516,259.8884470927017,255.07568165055866,256.88275146484375,2771900
2022-10-12,258.27211578049753,258.4718913872156,254.70339572812594,254.7306365966797,2258200
2022-10-13,249.40939437763456,258.64440946768525,244.02457000491702,256.8282775878906,3881600
2022-10-14,260.2880200290162,260.2880200290162,250.5807934472995,251.0166473388672,2783100
2022-10-17,253.8951802149961,257.7726108533234,253.6590742605614,255.40257263183594,3426700
2022-10-18,261.47759532073525,263.2119768584591,257.1915230276977,258.853271484375,3166500
2022-10-19,256.5013964029073,256.7738051099126,247.9201618765757,250.1630859375,4323000
2022-10-20,249.6636658316025,252.442345547651,243.2436326230958,244.6874542236328,3959500
2022-10-21,243.67039081241504,250.3628318014555,243.36165174384817,250.1993865966797,3429100
2022-10-24,251.507037696173,258.31753260323046,251.507037696173,257.2187805175781,2937100
2022-10-25,259.261852624269,265.2732432576642,259.261852624269,263.5751647949219,2791600
2022-10-26,263.884043707513,265.0372778071451,259.861317085603,263.47540283203125,2615000
2022-10-27,265.0190155003974,267.2165192693366,262.83966307157596,264.3016357421875,3041500
2022-10-28,263.33914323724224,271.6570312249315,263.33914323724224,271.19390869140625,3243100
2022-10-31,267.34367370488786,271.7659500180529,265.65465679167136,268.9055480957031,4210900
2022-11-01,272.7557416737688,274.4265795536395,266.3811292254823,268.84197998046875,3309100
2022-11-02,268.0610701682682,272.5741588907203,261.99516877289517,262.1858825683594,4426400
2022-11-03,257.50030893426174,259.6615106719637,254.7216289034957,255.62060546875,4823900
2022-11-04,259.60698581465266,262.2857637200269,251.98829924912124,257.91796875,4401600
2022-11-07,260.1608307022386,264.88278356591417,256.8373068170463,263.584228515625,3260200
2022-11-08,265.5457137123605,266.37205703550796,261.1870083257086,264.37432861328125,3371800
2022-11-09,262.431088062609,265.6093192329174,259.9429959571143,260.387939453125,3071400
2022-11-10,270.3675095626518,285.8046285702362,269.76818279339153,283.04412841796875,7794000
2022-11-11,283.31655121718563,288.47435870385624,281.7183464194118,285.98626708984375,4945400
2022-11-14,285.4595671899539,286.93065714442,278.17688905217926,278.7035827636719,6394800
2022-11-15,276.10651649363564,287.5209115553231,275.3709853285123,283.25299072265625,9290400
2022-11-16,277.7410321145062,287.32114430548216,276.51516527829125,285.95904541015625,5249500
2022-11-17,283.3165896900679,284.8421339067558,278.0043980909841,282.8080749511719,3642100
2022-11-18,285.259824708215,286.9488139187756,281.73652471099314,284.3880615234375,3559300
2022-11-21,287.82058023243593,289.52774867892293,285.3143370155695,287.6571350097656,4069000
2022-11-22,290.58111524800506,296.7741319176021,290.018118771128,295.0124816894531,6054700
2022-11-23,296.71961638697616,297.6821640046686,290.9806333634717,291.9522705078125,4243400
2022-11-25,293.2054012269286,298.8263034511288,292.30639717406103,296.3745422363281,3393500
2022-11-28,295.1758822085809,298.57203961082826,288.62873520663277,289.6003723144531,4733700
2022-11-29,286.9488365003998,290.58110025356945,286.603767009933,286.9125061035156,3505600
2022-11-30,285.88013563352075,296.1668233731865,284.5737523859078,295.9841003417969,15106500
2022-12-01,298.10359845561544,301.17317287550105,296.3952466499742,298.79791259765625,3830100
2022-12-02,293.3256673094583,300.0860298052149,292.6404976953984,299.63836669921875,3644100
2022-12-05,297.04383168075077,297.38184419613015,291.9187768574942,292.4120788574219,5057300
2022-12-06,292.0101578881607,293.8463934365154,287.3509990867942,290.00946044921875,3341500
2022-12-07,288.64825760656004,294.9701017404668,287.2596571753568,292.47607421875,4038200
2022-12-08,291.01437295833125,296.4683243894408,291.01437295833125,296.07550048828125,3483600
2022-12-09,293.6911474820315,296.39527606629946,292.2751133875757,292.777587890625,3738800
2022-12-12,295.07973584682,299.9581405180514,293.51755681627884,299.6292724609375,4900200
2022-12-13,314.58422178968806,317.23353878388065,301.43808710264494,304.1148376464844,5787700
2022-12-14,301.9588976800921,309.75156109376576,300.5702969214642,304.60821533203125,4546000
2022-12-15,300.9630506643552,301.4929029192114,295.4177376838019,299.2821044921875,5056900
2022-12-16,295.4725063060441,299.59266806930333,291.6446902381886,295.3902893066406,9615000
2022-12-19,291.88224708362515,294.0839287248654,288.7030501303696,289.8998107910156,3000600
2022-12-20,286.2364303030915,289.4978439656504,283.9616484993168,287.6250305175781,2632200
2022-12-21,290.55760323556046,291.96449274648245,287.5337233605309,291.7543640136719,2610400
2022-12-22,289.0502596910696,289.0502596910696,283.8703922313983,288.7944641113281,3064400
2022-12-23,286.99477499251697,291.51690667218605,285.99899826225015,291.17889404296875,2064900
2022-12-27,290.88650459080213,293.75506712901165,290.0643065577931,291.9279479980469,1610200
2022-12-28,292.8415072998639,293.64544417750466,288.2280426501818,288.43817138671875,1568200
2022-12-29,291.10571894390773,294.0108313614538,290.13734813805905,292.7135925292969,1559100
2022-12-30,290.0459605078025,290.6672020787254,285.96234893764625,288.5568542480469,2581600
2023-01-03,289.98208393634576,291.6264799705734,284.8295947044159,288.60260009765625,2822400
2023-01-04,293.31654304203636,294.63207089717747,289.03194693654325,292.0923767089844,3560900
2023-01-05,290.3565788952224,290.5849687507759,286.15422785673513,288.2005920410156,2935100
2023-01-06,288.949775576492,291.28848593738843,282.2899182427226,290.08258056640625,4022500
2023-01-09,292.33907669273606,294.6686425582805,289.6532091952514,290.33837890625,3466300
2023-01-10,288.95885312749897,293.0059428229915,286.82112728426563,292.9145812988281,2111300
2023-01-11,294.668655778188,300.59767690150625,294.27583181736907,300.5611267089844,2864800
2023-01-12,303.49362208052315,303.49362208052315,298.4690443604741,301.35589599609375,2481800
2023-01-13,298.26804546100976,303.6580690537434,297.8204102076377,302.5800476074219,2798600
2023-01-17,301.77606429870383,306.188571812761,298.82528528001546,299.2181091308594,3988900
2023-01-18,301.4746102312563,305.60388879533593,295.0157384057988,295.7100524902344,2952200
2023-01-19,292.6497133145209,293.5632730218946,283.7790563622191,284.0074462890625,5359300
2023-01-20,283.2125872867448,287.9904855911694,280.81906587632875,287.771240234375,3725100
2023-01-23,286.4374094089208,290.0825023321658,284.1991778261028,288.209716796875,3237900
2023-01-24,287.8808442946863,290.60326144385056,285.6060902261899,290.22869873046875,2127900
2023-01-25,288.0727158914373,290.62155480026644,284.61946196447906,289.8359069824219,2060400
2023-01-26,286.99471944203214,291.6630231160777,285.5147574710384,286.6841125488281,3555300
2023-01-27,285.0488199747703,290.7311610767225,284.41846170085233,289.3151550292969,2761200
2023-01-30,288.5295217785556,290.6398701446073,286.574518694169,287.07696533203125,2643100
2023-01-31,288.6756820704733,296.31305463836424,287.86262854362843,296.14862060546875,3526800
2023-02-01,294.52249383563225,301.97711566311006,290.18308572075983,299.7297668457031,3076500
2023-02-02,304.62643200557835,311.953169293091,303.9321178513836,310.41839599609375,4776600
2023-02-03,303.7859052495208,305.7774580443983,301.77606342374145,302.8449401855469,3389700
2023-02-06,300.5519741937999,302.3973824920728,299.1542290730314,300.8077697753906,2229700
2023-02-07,295.9932865084345,298.7339650872163,292.9968123774847,297.0895690917969,3865500
2023-02-08,295.02493857383746,295.984164999124,291.9462471917664,293.060791015625,2777200
2023-02-09,295.1710411678064,295.89276088408934,287.615887254454,288.2736511230469,3063300
2023-02-10,286.7206538252228,289.78108371733407,285.7157328021921,289.1781311035156,2768800
2023-02-13,289.9089982090463,295.71010720676435,288.32853007479,295.5639343261719,2432500
2023-02-14,292.89630772427563,295.0431781971166,288.3833492923533,290.9047546386719,3380800
2023-02-15,288.57517201574575,293.73677748416014,288.49295500838184,292.9693908691406,2585500
2023-02-16,287.7712301612936,295.75573092746436,287.70727430792624,293.4718322753906,3169200
2023-02-17,291.1331281354399,292.88717460250837,285.8984501626707,290.46624755859375,4985500
2023-02-21,279.13811050825666,281.38548708390664,269.5274740390656,269.95684814453125,10891800
2023-02-22,271.8296018949263,274.43325189089205,269.58225346497414,270.6876525878906,5922100
2023-02-23,271.1353400269072,273.9582356218883,269.15290358480354,273.4375,4354500
2023-02-24,267.1247684817687,272.5421691441553,266.7593502901721,271.01654052734375,3713300
2023-02-27,273.48319293354945,274.5155197591242,269.5366365857079,270.42279052734375,3238300
2023-02-28,269.5000320571434,272.88021310259,268.86967381958925,270.90692138671875,3949500
2023-03-01,266.6862878244158,268.330683688199,263.7080750857366,265.6539611816406,5905100
2023-03-02,263.5253936115192,268.68699975996003,262.43825546044184,267.69122314453125,4103700
2023-03-03,269.1711657287843,272.79796992693207,268.3672289639959,272.6518249511719,4036700
2023-03-06,272.240685977786,274.1682828217875,271.3088654785516,272.4325256347656,3763200
2023-03-07,273.20912194351905,273.20912194351905,265.3159817801124,265.57177734375,4512400
2023-03-08,266.3354542404604,269.1143726310527,265.2588371346194,268.2218017578125,4680300
2023-03-09,269.6573101781024,270.8719480873034,264.7803932295905,265.01043701171875,3248000
2023-03-10,265.5257469322614,269.7585583644175,261.4217735040642,263.4553527832031,4730900
2023-03-13,261.32051769032887,269.00398539243804,260.0414889035828,263.6485595703125,3892100
2023-03-14,266.20664926578434,266.6667368228158,258.928088825281,262.7744140625,5116000
2023-03-15,261.2837549871118,266.0778598376552,260.10593187369085,264.98284912109375,4835500
2023-03-16,264.09023402414476,265.03801318327055,262.2498839612588,263.841796875,4400200
2023-03-17,264.84481715788945,268.64514500242854,263.4093461772112,265.36932373046875,8342000
2023-03-20,264.4858943413285,266.6943087319638,263.7313440993951,266.1698303222656,3677800
2023-03-21,268.1666442938242,269.5101202669306,264.64238573229204,266.3262939453125,4788200
2023-03-22,266.93361003540576,267.96420172635345,259.9034863827166,260.0506896972656,3723400
2023-03-23,262.4890984086804,263.27122460087054,257.85140909493623,261.2468566894531,6005800
2023-03-24,260.00473624870557,262.1855472646997,258.4128228352921,260.4280090332031,3851000
2023-03-27,261.0996404064164,262.194650836492,258.48634693477317,258.8175964355469,4269700
2023-03-28,258.3851734953463,260.67642873740414,257.5846255998089,258.4035949707031,3633300
2023-03-29,258.7992581425805,261.3205290402664,258.7992581425805,260.7408142089844,3607500
2023-03-30,262.5811462402344,263.26209489198743,261.1917009707351,262.5811462402344,3432800
2023-03-31,264.08104465006915,271.95774130987036,263.86942234788705,271.56207275390625,5800600
2023-04-03,271.33209015377804,274.18463924146016,271.21246286999934,273.96380615234375,4007600
2023-04-04,273.75204715367397,275.8684383024258,270.8994991972831,271.414794921875,2965700
2023-04-05,271.4516802216354,272.1049967417166,265.4521481104902,265.6269836425781,4002400
2023-04-06,264.32032205293507,266.6575748870898,261.55058575830503,265.5717468261719,3193400
2023-04-10,263.2897082722561,269.28005721431464,262.8572248480266,267.9273986816406,2799900
2023-04-11,269.32604748425905,271.5436728056721,268.4702913960147,270.31982421875,2497000
2023-04-12,272.5558941881762,274.61707756475255,266.4643110279059,267.25567626953125,3341400
2023-04-13,267.6697610121033,269.12362538318456,263.51055139068694,268.82916259765625,3505800
2023-04-14,268.82915192976566,272.5558779625244,268.1206272066264,268.865966796875,2653200
2023-04-17,268.41510147279786,271.9117557969711,268.27705273560616,271.8197326660156,2621900
2023-04-18,272.6662391770261,275.3531342191903,272.29817482513505,275.0863037109375,2847800
2023-04-19,272.7858948357618,274.47901349610265,271.49762734763215,273.20916748046875,2889300
2023-04-20,272.3442031382363,277.2579343995321,271.911719753439,274.7366638183594,3371800
2023-04-21,277.54321982671206,278.9971122661907,275.45443237884746,276.08935546875,3506700
2023-04-24,276.05254478386587,277.80087195119364,275.3348092906885,277.5616455078125,2515400
2023-04-25,277.43276266534133,278.5277731625149,272.4914274054384,272.6754455566406,4529500
2023-04-26,271.8473664753524,272.34426897154646,264.16389754677624,265.07489013671875,4037400
2023-04-27,265.0104098033348,271.18477641891513,264.8263635639216,270.467041015625,3133600
2023-04-28,270.31980511075625,276.80705584093755,269.96095145588106,276.5494079589844,4063400
2023-05-01,275.1139803118079,275.64766955041955,273.6324836971573,273.9361572265625,2970000
2023-05-02,274.6171171656125,274.8287675927172,267.81700825942124,270.7891845703125,3413200
2023-05-03,271.04677526347626,274.9115219168524,269.1512168036199,269.6849060058594,2743400
2023-05-04,269.35368574569077,271.0744088771488,262.5535775365818,262.9400634765625,4422500
2023-05-05,264.24674708454074,267.6513787661017,263.2621527969739,266.50115966796875,3806600
2023-05-08,265.9306085179583,266.70355224559887,261.734612235615,264.9460144042969,3736500
2023-05-09,263.3265130876141,267.8261545937572,262.9492379377715,267.38446044921875,2570000
2023-05-10,268.42428408828675,270.1358244629462,263.09649020942675,265.9582214355469,3571000
2023-05-11,265.69136187679334,266.3447064471951,262.2683092206314,264.7251892089844,3859700
2023-05-12,265.0104305251005,267.7433517131512,264.5043454494123,267.28326416015625,3438300
2023-05-15,266.77717031632267,267.6973453920693,264.03503848125246,265.50732421875,5353600
2023-05-16,259.259371025259,263.2529281532571,254.97135108412724,259.7930603027344,12362100
2023-05-17,259.62737648517367,270.5774536156638,258.7624097191581,269.04998779296875,7956900
2023-05-18,269.28922854200243,272.30740164747664,268.3230559513852,271.598876953125,4547000
2023-05-19,272.151043247439,272.151043247439,266.80482724585926,267.66058349609375,4470600
2023-05-22,267.52248783721393,269.6020642416134,265.0840016222057,267.45806884765625,3736200
2023-05-23,266.18828920740395,274.0005679180383,266.18828920740395,271.396484375,5352200
2023-05-24,273.63252616684804,273.77054684640063,267.0164634722494,267.863037109375,4978200
2023-05-25,268.4979202029309,268.4979202029309,263.225306379582,263.8602294921875,5355900
2023-05-26,264.09028588853494,269.8873784925049,262.88485860713314,269.45489501953125,4626100
2023-05-30,269.8689321047155,270.9455492473951,265.8845865743391,269.0591735839844,5193300
2023-05-31,268.3919209316268,268.77191220153986,261.3204347162455,262.7013854980469,18288800
2023-06-01,263.25741941853937,268.0489858745695,259.4853664797783,267.2797546386719,4305100
2023-06-02,269.3742914098273,274.5272947954733,268.5123745912633,274.2770690917969,4515600
2023-06-05,273.98051400063383,274.0731996243974,270.04161540197475,271.6449890136719,3028800
2023-06-06,270.45868679972966,275.18537077892296,270.301118410828,274.33270263671875,2855400
2023-06-07,275.54681428974783,280.0788783618334,275.3614430377917,279.615478515625,4842700
2023-06-08,280.04173104839583,283.09090922193803,278.77202030079445,279.050048828125,3757300
2023-06-09,278.94818021434673,279.3652231036449,274.4253932125232,275.5838928222656,3485800
2023-06-12,276.5570252341221,280.4588440574877,275.8619254580894,278.8369445800781,4456600
2023-06-13,280.26419554857017,281.85829200423325,276.8072511154167,278.114013671875,4043400
2023-06-14,278.95735930162607,280.40316419076356,273.98972779201017,277.77105712890625,4176000
2023-06-15,278.8184010322906,281.2188087121228,277.65062443206074,279.9120178222656,4109700
2023-06-16,282.06223954326913,283.58220474727887,278.1696974665694,278.3921203613281,10809300
2023-06-20,277.82674507066696,280.5886184500886,276.3994938497392,279.3467102050781,3371100
2023-06-21,280.69982976122503,281.3486008858405,278.20673622428404,278.6886901855469,2713300
2023-06-22,279.43003598314164,280.66266681480096,277.66912267348204,279.1334533691406,3052000
2023-06-23,278.33652655658886,280.19012618211167,277.2058296536725,278.7906494140625,8525900
2023-06-26,280.51449068435835,286.5757406398821,279.874996598935,285.3523864746094,4440100
2023-06-27,285.59327233920874,292.3681747078641,285.35232369192454,290.7740783691406,5342500
2023-06-28,289.1614541225761,290.0326479457678,283.65626263716365,284.0733337402344,4025600
2023-06-29,284.3235960286998,285.5747812152817,281.77489698642154,285.2874755859375,3279700
2023-06-30,286.91862834412603,288.6332133840897,285.73232590221323,287.90106201171875,3230700
2023-07-03,287.1039931514055,288.60540405224833,286.2884049376932,287.326416015625,1483300
2023-07-05,287.7712573399786,289.439485199493,287.2985805235226,288.0492858886719,2496000
2023-07-06,284.37919888682455,285.43576405535265,279.4671720954584,279.9120178222656,4828300
2023-07-07,279.8841826319864,283.2577465168546,278.8647257700344,280.6441650390625,2951900
2023-07-10,281.0056838179986,287.7991132579348,281.0056838179986,287.5674133300781,3246700
2023-07-11,290.0048819517704,291.54337276521653,287.9937142659223,290.6999816894531,2913800
2023-07-12,293.15601556709913,297.74368546948017,292.8779869660929,294.2774353027344,5300500
2023-07-13,294.8149656720161,295.1115483393979,290.5238788930255,291.5711669921875,3235600
2023-07-14,291.79360145606444,293.70280649228755,291.21899019245876,293.33209228515625,2942100
2023-07-17,292.60917711518545,294.55546197363833,291.154094923914,292.9150085449219,2002500
2023-07-18,291.5063160331424,295.0188949062296,289.2820023524715,293.5730895996094,2315600
2023-07-19,293.79549029914926,296.5202835444289,293.50818466912216,296.0939636230469,2361400
2023-07-20,296.8909824177568,297.9197446880193,294.6110633062292,295.73248291015625,2101900
2023-07-21,297.5675906114344,298.3275731641027,296.10323122617757,297.0115051269531,3673400
2023-07-24,297.4748324102749,301.8215242660717,297.45630660266215,301.311767578125,2621900
2023-07-25,301.27474707094746,302.97077786210156,300.12549635574754,301.3303527832031,2890800
2023-07-26,300.92255494669763,306.7335780742803,300.50548382630956,305.4638671875,3448100
2023-07-27,307.42870305417097,309.0320766259566,304.8522011662947,305.5751037597656,2608600
2023-07-28,307.69750528902597,308.62430500375194,305.380506002211,307.1136169433594,2268200
2023-07-31,307.3730776361241,309.6159450834114,307.2155375450588,309.40277099609375,2690000
2023-08-01,307.47508448590696,310.45010367084865,306.65949620604783,307.76239013671875,2547200
2023-08-02,305.8716765996834,308.18867564318725,303.91614298313243,304.45367431640625,2752600
2023-08-03,303.69372717099003,307.7901944012693,303.65667554623315,305.70489501953125,2451300
2023-08-04,304.1385909376941,305.3990249452035,301.5157319651519,302.53521728515625,3591600
2023-08-07,303.25809836094913,305.297068856038,302.68348711697325,305.07464599609375,2111000
2023-08-08,302.6741743591434,304.481444734001,299.71770991560084,303.81414794921875,3272600
2023-08-09,303.3878718809331,306.6965534282051,302.8410634800389,304.1849060058594,2698900
2023-08-10,306.4555879358413,308.5316101842031,304.8614913426544,305.2878112792969,3075100
2023-08-11,304.4722421997585,307.3175242064362,304.31470208189137,306.8726501464844,3108400
2023-08-14,307.19699458209533,309.3564535387638,304.38879286067106,305.79754638671875,3974800
2023-08-15,307.47499064320266,313.4157784356263,304.4721412307784,307.8271789550781,5860900
2023-08-16,308.2721083424578,313.082200995941,307.4009143712196,308.652099609375,3753900
2023-08-17,309.3378877947247,311.08027554268114,303.11907048892584,303.3229675292969,3885100
2023-08-18,301.2654673166764,304.81512552460356,300.6815790595614,303.4063720703125,3472000
2023-08-21,302.70204256898165,303.8698192654014,299.8197090197968,300.3387145996094,3109700
2023-08-22,301.4601176817074,302.4239972553896,298.45729580962495,300.72796630859375,2582200
2023-08-23,300.76501054304396,302.99860108101404,300.3572164366447,302.2200927734375,2728000
2023-08-24,301.3210897633238,304.9170768362034,298.7167850779643,298.9762878417969,2490000
2023-08-25,299.75484516110487,302.45183590688356,297.68809975944225,299.2265625,2418100
2023-08-28,299.5416342425839,303.4712553935996,299.23577454367876,302.0532531738281,2099900
2023-08-29,302.8688490232663,305.6955764881131,302.8502949297226,305.2692565917969,2628200
2023-08-30,305.9314385969317,309.307872480819,305.8101807285675,308.3844909667969,2256200
2023-08-31,308.91619010065244,310.2219895110576,307.49844062853344,308.07672119140625,2914700
2023-09-01,309.66238530597064,311.01483783233226,308.86026146472653,310.6697082519531,2317400
2023-09-05,309.5131204333468,309.9421627194036,305.3438700674206,305.7262878417969,3141400
2023-09-06,305.4930666484584,306.50038937043877,303.6556114032693,304.0660095214844,3199700
2023-09-07,303.1612844661586,307.7222884579325,302.4803901821823,306.3232116699219,2454000
2023-09-08,305.4651691009583,307.32126895882885,304.7003334491827,306.59375,2210300
2023-09-11,307.13469382676726,307.68499398739976,305.5304178554535,306.2765808105469,2087800
2023-09-12,304.84016238685484,306.64963729297216,303.96343379501405,304.3271789550781,2190500
2023-09-13,304.1033398362034,305.89414219206367,303.13330528927645,303.9541015625,2564300
2023-09-14,305.3625337104173,308.0767178109848,303.3851478085955,307.4518127441406,2707600
2023-09-15,305.29727707674425,307.02281115147383,298.77755859168565,299.77557373046875,7117800
2023-09-18,298.61900005826243,300.0087407778909,295.5876665403705,295.91412353515625,2740400
2023-09-19,294.69224992355845,295.6062953043443,291.3251232970853,293.4423828125,2776500
2023-09-20,293.80613738506577,295.06531223814574,289.88871083421503,289.9446716308594,2320000
2023-09-21,288.582966382503,289.3571383238749,285.7474954677388,286.12060546875,2766500
2023-09-22,285.56094349643473,286.9506841942372,284.90802951711726,285.1598815917969,2289200
2023-09-25,284.02204102931313,286.6149966039513,284.02204102931313,285.8688049316406,1882300
2023-09-26,284.03127268440556,285.23448686412064,281.3357324888854,282.18450927734375,2655500
2023-09-27,282.61353980641934,283.751456847842,279.7221084587756,281.512939453125,2513900
2023-09-28,281.37300129928036,284.3576812873026,280.51488836834676,283.0705261230469,2369600
2023-09-29,284.4323693503603,285.1039274580567,279.6475213910605,281.830078125,3502600
2023-10-02,280.30034636567854,283.0332311852662,278.37894995181136,279.6567687988281,2806800
2023-10-03,277.86599550878344,278.22974069162996,270.5534905225997,272.29766845703125,3609200
2023-10-04,273.6220856675269,274.4149015063856,270.8239322110531,272.7173767089844,2956300
2023-10-05,272.35368710287656,272.97862075853374,270.7120941268319,272.0738830566406,2469300
2023-10-06,271.197133198452,274.72280659922427,268.05387764755716,273.1185302734375,2922500
2023-10-09,270.7680884547896,275.64621500288837,270.18980771145084,275.4876403808594,1929900
2023-10-10,276.7281151430228,280.4403431568826,275.31039398177614,279.087890625,3116300
2023-10-11,279.5729083822523,280.60824025319636,275.991274368313,277.9966125488281,2292800
2023-10-12,277.6701651473674,277.6701651473674,271.2064076543479,273.3050231933594,2546400
2023-10-13,273.2304454772032,274.9000188644528,271.31838473702584,272.2790832519531,2092700
2023-10-16,274.620166097414,278.2950774576662,273.82735006936645,277.3250427246094,2567000
2023-10-17,276.72813354108956,278.2857568178103,274.68547863841735,276.0285949707031,2139700
2023-10-18,273.2863466638852,273.5941310488088,270.09643889867374,270.7120361328125,2720100
2023-10-19,271.4209012375279,271.7380218988603,267.14906590041414,267.4754943847656,3028600
2023-10-20,266.6267585201868,267.8579531333346,264.5281429831692,267.1397705078125,2885300
2023-10-23,266.589400389455,268.85589774368833,265.19963155364206,265.8898620605469,2590900
2023-10-24,267.44750640012217,268.53879880564415,263.05441330976913,264.248291015625,2705200
2023-10-25,262.79333913348023,264.1737722445766,260.41491923334223,262.02850341796875,2962800
2023-10-26,261.65533777011103,264.1829951779394,259.0623832812412,259.2955627441406,3108200
2023-10-27,260.2096285080615,260.8532060830756,255.80719924492357,257.8591613769531,2907300
2023-10-30,258.8012951757726,263.3249837031023,258.3255998309953,262.54150390625,3074400
2023-10-31,263.57677843393134,266.1977137589588,262.6720408277062,265.5354919433594,3036000
2023-11-01,266.3749359920458,267.53149722860115,263.04512582826544,267.344970703125,2747300
2023-11-02,270.7213477676619,274.83463677736586,270.4881683122203,274.71337890625,3628000
2023-11-03,274.386984203972,277.7727552191285,274.3776763793599,275.72076416015625,3071900
2023-11-06,274.9186453570951,276.4949411394245,273.49158787854617,274.7507629394531,2890300
2023-11-07,274.78804807485216,276.08453981318814,273.8087055186655,274.9372863769531,2629000
2023-11-08,275.1797855446806,277.95929538277,274.3216724755362,276.0099182128906,2454900
2023-11-09,272.30700030558904,273.04382694692777,268.32427668447673,268.5014953613281,4059100
2023-11-10,269.7700817796233,271.9712829589844,267.4942472079759,271.9712829589844,3653500
2023-11-13,268.4269199337784,270.4229216430041,267.9139079576026,268.6880798339844,4586700
2023-11-14,280.64550341254,287.50095722610513,279.94596498549936,283.2011413574219,7952800
2023-11-15,283.63953272436834,288.1445478737467,283.5555915250462,287.454345703125,3985900
2023-11-16,285.299762759944,287.230495691432,283.85403290113214,285.82208251953125,3114000
2023-11-17,287.74353647961595,287.9393993124026,284.8987576343372,286.5962829589844,2770300
2023-11-20,286.5216277582664,288.8347785086612,285.1691753525043,287.454345703125,3459000
2023-11-21,285.0106474487145,285.47700645093545,281.99795804722146,284.7961120605469,2977200
2023-11-22,286.70820599979146,289.01199218482725,285.85942918537535,288.39642333984375,2873500
2023-11-24,288.3777824623306,290.42977371882506,287.56632224953904,289.7955322265625,1259900
2023-11-27,289.786197005628,291.8381882696912,288.9094396895554,290.000732421875,2992600
2023-11-28,289.80482048281306,293.414434821102,288.5736542763499,292.25787353515625,3116900
2023-11-29,294.89638047662356,294.89638047662356,291.9385959583218,292.0418701171875,3083800
2023-11-30,293.4691302612739,294.6146882294339,289.7601438428127,294.36114501953125,4493700
2023-12-01,294.68041801964233,300.567847696585,293.901076336149,300.11712646484375,3613600
2023-12-04,300.1171459612067,305.24397493781635,299.49741497308884,304.2486572265625,3827900
2023-12-05,302.35187399626886,304.15473007693186,300.483311025469,303.7603454589844,3269800
2023-12-06,305.16883489868775,308.2768598170679,304.42703186110674,306.2110900878906,3030800
2023-12-07,306.2111213416924,307.43181399913476,304.8683852083927,306.2674865722656,2742300
2023-12-08,306.10781107724426,307.30970563096236,305.22516663017024,306.54913330078125,2889300
2023-12-11,309.6853384626403,311.8262141149483,308.7463574106556,311.1125793457031,3520700
2023-12-12,310.27693313275404,314.10796361184947,310.16425997975574,312.8685302734375,2893400
2023-12-13,314.46476655881054,322.85925993596175,311.6572222225856,322.44610595703125,5822700
2023-12-14,328.39919800646186,331.5260207095781,326.7653802748239,330.3428955078125,7594800
2023-12-15,326.97198266463386,332.7561093763696,325.5916793737034,332.3992919921875,11212800
2023-12-18,332.12693913212047,333.26312669755424,328.94380865718796,329.4039001464844,4420500
2023-12-19,330.01427330647005,331.42274488785904,329.01895568138934,330.5870666503906,4654700
2023-12-20,329.5824054689012,333.12235432279664,327.0565437157505,327.38519287109375,3259500
2023-12-21,330.3992477296605,330.7560651030004,325.8264147359578,327.67620849609375,2794200
2023-12-22,327.7419804593859,329.9016255884427,325.53536908074005,327.3194274902344,2029900
2023-12-26,327.1691450107932,328.72785691924963,326.91563045515187,327.9954528808594,1585500
2023-12-27,328.55889058507984,328.6433954481149,325.99546178462975,327.2630920410156,2764300
2023-12-28,327.23488081310865,327.74193858021215,324.6996206330174,326.1644287109375,2859400
2023-12-29,324.7278021304007,326.3428506737514,322.0892676868201,325.40386962890625,10325700
2024-01-02,323.206681103889,326.10812930639753,322.2770989711189,324.0235900878906,2833600
2024-01-03,321.5822523014138,321.78882928632754,316.0516399562499,317.6197509765625,3309600
2024-01-04,319.18776586133197,321.9953381975724,317.88259732995476,317.9295349121094,3652400
2024-01-05,317.2534592732399,322.8497771874917,317.2065216923065,322.01409912109375,2664300
2024-01-08,322.4742315796011,327.1973047700414,322.30522188024355,326.69964599609375,2736200
2024-01-09,324.70897857614165,327.8076040442704,324.1831515713128,325.0657958984375,2338100
2024-01-10,329.2255461077556,335.0847789559351,328.93446426147926,335.0284423828125,4109300
2024-01-11,335.30072942319026,338.9721486547503,331.7044447203656,334.77490234375,3530400
2024-01-12,336.65287730637834,336.65287730637834,331.864068183364,334.00494384765625,1956100
2024-01-16,336.21157205464715,337.7045485724607,334.4744512798756,336.5589904785156,3669400
2024-01-17,334.8687898634703,337.8078049015308,332.4462028997431,333.99554443359375,2646100
2024-01-18,334.3899854344586,336.82194334071863,332.42751813532436,336.0613708496094,2510700
2024-01-19,336.91580490006726,340.812570718963,334.5401838724402,340.296142578125,3234600
2024-01-22,337.43223438874907,339.4041004301116,333.9861897983057,334.9251708984375,4003700
2024-01-23,334.136372656809,334.1645409387437,327.760684061629,329.375732421875,3878400
2024-01-24,330.4649485410882,331.3381939227262,325.8921160280673,326.07989501953125,3474400
2024-01-25,331.075344022369,331.3476565660505,327.0095684504174,329.55419921875,3064200
2024-01-26,330.0236796895159,335.26318148142224,329.60112674344987,333.6199645996094,3177700
2024-01-29,333.4790877038351,334.62464564011435,331.46968331717005,333.99554443359375,2732000
2024-01-30,332.868702715808,337.0283808964225,332.4367795594971,335.31005859375,2336500
2024-01-31,336.0801578297336,337.07547559187725,330.8500257599767,331.42279052734375,3377900
2024-02-01,331.83589137144406,338.16464302032364,330.82180446406875,338.0989074707031,2439100
2024-02-02,332.56828072380335,337.6106040637699,328.6621163601407,335.43218994140625,3697600
2024-02-05,332.08005475499584,334.34300261391644,329.35701533306064,333.4697570800781,2653800
2024-02-06,333.19748648680877,336.1552715529057,332.6810296305491,334.5120544433594,2045300
2024-02-07,336.60591901177605,341.5355692590787,335.8922842824302,340.55902099609375,3272200
2024-02-08,340.7186454890151,343.3384106069781,339.58248645723853,341.52618408203125,2521900
2024-02-09,341.91114795328434,342.19283078439,338.78432525088454,340.9909362792969,2389900
2024-02-12,341.9956473480834,346.22106167982906,341.83600797605277,343.1506042480469,3119700
2024-02-13,336.5965410703597,337.4979548626883,332.28662145198587,335.7702331542969,3106500
2024-02-14,335.3758981288409,337.0754516579818,332.38054607351984,336.3712158203125,2998900
2024-02-15,337.00026954241565,339.57309692514985,335.07536998672384,339.0472412109375,2662800
2024-02-16,338.67169608438013,341.77972123123595,337.2350561483876,340.23980712890625,3899600
2024-02-20,333.62933882686417,342.9628123155095,332.92510307262285,340.44635009765625,4830000
2024-02-21,338.5871624964138,342.83134639002367,337.0472485247392,341.9111633300781,3277800
2024-02-22,345.0191930810466,350.20235806759973,344.74688055793877,348.68121337890625,3387500
2024-02-23,349.3760093075606,351.41361051935917,347.6576868264335,349.2633361816406,3398200
2024-02-26,350.71881119713515,352.0052106142415,348.09904611849953,348.92535400390625,2461000
2024-02-27,349.92069834819006,352.86908408606166,347.99576990992506,352.64373779296875,2802900
2024-02-28,352.6437039176965,356.66254147256416,352.17421341523334,354.568603515625,2282500
2024-02-29,355.67660499951955,358.48414889337624,355.07564343197276,357.3855285644531,4382800
2024-03-01,357.1508444985707,361.6016344862085,356.6531856519543,360.9913024902344,2750900
2024-03-04,359.5358381946511,361.0663818905118,356.9160730425004,357.16021728515625,2619000
2024-03-05,356.9066737148445,357.7329815562916,354.0145962697796,355.35736083984375,3011600
2024-03-06,357.5583243783775,358.77686265868164,355.06460312706406,356.5287170410156,2496300
2024-03-07,356.934863237799,359.2302270258919,354.77172803956347,355.68798828125,2368500
2024-03-08,354.22386243246547,355.7541049058839,351.48453699501675,352.665283203125,2162900
2024-03-11,350.97440693613436,352.3157471609034,348.43343907701916,350.9366149902344,2833700
2024-03-12,351.8718065708847,355.07397512770444,351.77734111387775,353.7893371582031,2843800
2024-03-13,355.1967988808118,361.50669974693227,354.96064963737786,357.9927978515625,3761200
2024-03-14,357.0576418491667,359.1357666393306,351.55065439544853,354.4788818359375,3877500
2024-03-15,353.392617239499,357.4544015460714,351.9001666961878,352.55194091796875,9234900
2024-03-18,355.63129504061936,356.6798126408147,350.57772444003524,351.3050537109375,3455600
2024-03-19,354.1199887550425,358.43677520478565,352.45748878422745,358.3895568847656,3493800
2024-03-20,358.39895861629526,363.5564494768204,355.3856922820954,363.11248779296875,2750400
2024-03-21,366.8908668024021,374.88214810007617,366.77751979243357,373.3046875,4212200
2024-03-22,372.8229943682749,374.45715756527306,368.477842378063,368.6573181152344,2910900
2024-03-25,367.5426836953076,368.2605577842265,361.67674463254355,362.26239013671875,2683900
2024-03-26,361.22334828159103,362.9708585262335,358.38010203937176,358.8807373046875,2720200
2024-03-27,359.7497518950891,364.91669833194675,359.64583124130525,364.5105285644531,2536500
2024-03-28,365.6818691384306,366.13525728388214,358.68240137487396,362.3474426269531,4108200
2024-04-01,360.3353999732828,361.9128895649093,347.46053892164133,347.6400146484375,4333200
2024-04-02,344.30556721332647,346.53480204209154,342.85087992780467,342.888671875,4650500
2024-04-03,341.9440472617999,342.3218802226946,339.1102568148789,339.96038818359375,4723000
2024-04-04,342.52035181010183,344.77795278989953,337.13616545988384,337.8634948730469,4381600
2024-04-05,337.86346248860247,339.42204183988474,336.29542794233583,338.0429382324219,3243400
2024-04-08,338.2318553894036,342.48254189796165,337.4667341240082,341.9913330078125,4339600
2024-04-09,343.48376070522886,344.2583370486174,338.85524185805747,341.3962097167969,3022600
2024-04-10,332.3752980189115,334.3778387829774,329.4281603792063,331.13787841796875,4805200
2024-04-11,331.5913172358295,332.4131119597207,326.6321833105996,328.1246337890625,4104700
2024-04-12,326.94384097821586,326.94384097821586,322.5892635514398,323.8739013671875,3550300
2024-04-15,326.7550221019567,326.9061322613807,318.5086795312517,319.2076721191406,4209200
2024-04-16,318.15918668523386,319.377696129735,314.51302706640894,316.2794189453125,4525500
2024-04-17,318.1213673269617,318.5653290572229,313.5495214381081,314.39019775390625,4273800
2024-04-18,317.0539366803714,318.28192991919315,312.9732712445364,314.4468688964844,3717300
2024-04-19,316.1660165669616,317.26175241714594,314.1540205816031,316.7799987792969,3076600
2024-04-22,319.4815788931354,320.64344350950853,315.22143745991156,317.48846435546875,3112800
2024-04-23,319.2737867867349,321.3424565279774,317.65853398426225,320.2183837890625,3697400
2024-04-24,318.3953339259918,318.84872205992514,313.4361994233969,314.5602722167969,4029200
2024-04-25,311.45254273554656,314.4658096530228,308.7887721168121,313.58734130859375,3787800
2024-04-26,312.6615957645328,317.2239864267861,312.6521405702925,316.5249938964844,2465300
2024-04-29,316.43999571594077,318.65034924172414,315.63708249876163,318.1402587890625,2427400
2024-04-30,317.1200507708447,318.74475848099604,314.41848883134304,315.7031555175781,3089900
2024-05-01,314.56026985354026,316.8084154234502,311.17859630368474,313.577880859375,3267500
2024-05-02,316.9122760376027,317.38457451157825,312.6427082105156,316.94061279296875,3213600
2024-05-03,322.3720782604559,327.661827476111,321.5124914905657,323.8551025390625,4165100
2024-05-06,326.8305575910613,327.18950905850903,321.5786006480551,323.32611083984375,3366100
2024-05-07,324.5635390647169,326.3960595740073,321.5219355332278,321.81475830078125,2930700
2024-05-08,320.01052094585043,321.5785551822214,318.9242403294488,320.0577392578125,3123200
2024-05-09,320.4545438814909,328.7292231264158,320.10504759109534,328.1907958984375,3801400
2024-05-10,328.20962798150265,330.4294364427852,325.60256016214123,327.2366943359375,3413700
2024-05-13,328.77643834671414,329.4660045528925,321.5408216731056,322.0697937011719,4055600
2024-05-14,316.48718911917024,325.17749238539375,314.55077694796256,321.63525390625,5854300
2024-05-15,326.0559374516476,331.0245261634117,325.59309421449234,329.35260009765625,4151100
2024-05-16,328.71971440113896,328.9558636212547,323.68502571206693,323.74169921875,3101600
2024-05-17,325.6592856597982,325.8198510140383,321.72030330801397,325.1397399902344,2739000
2024-05-20,322.2304042902939,323.5717159916265,318.8393042556999,319.1037902832031,3237400
2024-05-21,320.2183828488575,320.2183828488575,313.9179081780337,317.5262756347656,4275100
2024-05-22,316.1188392642326,316.67614804168795,310.7062880117734,312.2743225097656,4024400
2024-05-23,312.6426947667754,312.66157632727044,307.93859179060473,308.779296875,4021100
2024-05-24,308.3070085811059,309.3932892949737,306.4461514592656,307.0884704589844,2736900
2024-05-28,307.3624304380977,312.65215055550027,306.50284371231663,310.4890441894531,3807500
2024-05-29,308.43922212115257,308.6848265377547,305.83212547355924,307.85357666015625,3506200
2024-05-30,310.3266226532884,314.0932221052809,309.80346529535143,313.10400390625,2921800
2024-05-31,313.93152837081703,318.8015102895195,311.9911755647184,318.5161437988281,5557800
2024-06-03,317.35572800733775,317.35572800733775,310.8783062406039,311.9911804199219,3712800
2024-06-04,310.90681166002463,313.68422187932566,309.22326269825254,312.22894287109375,4296800
2024-06-05,312.45725982169586,314.3215324528303,310.0032703704116,314.1313171386719,2422400
2024-06-06,313.693767660666,315.6341496806866,312.0387521587961,314.9302978515625,2979400
2024-06-07,309.82255036280003,312.7616425978633,308.11043835327206,311.0590515136719,2583800
2024-06-10,311.0305023452542,316.5472397056316,310.55492053738686,316.3189697265625,2691000
2024-06-11,316.73751010487985,319.8858596098715,314.18839837146766,319.3246765136719,3250900
2024-06-12,330.08228259899215,333.3733003244987,326.30616217868265,327.33343505859375,4793000
2024-06-13,329.0074633252058,331.66121773462356,326.3156832737029,330.8907775878906,3380800
2024-06-14,327.97071985620323,330.5293522722283,325.0030940571342,329.9015808105469,2589000
2024-06-17,328.046851087772,333.56358874621185,327.5807611523769,332.43170166015625,2680200
2024-06-18,335.7132330217081,339.00425123232776,334.91422998524115,336.5882873535156,3655000
2024-06-20,334.8095519742569,337.5869621660142,332.5172444561684,336.1792297363281,3661200
2024-06-21,337.510902264418,338.8520464790107,334.85714758332125,338.42401123046875,6596400
2024-06-24,339.4702566728628,340.22168398612905,333.5920730478657,333.7442626953125,4278900
2024-06-25,329.39745615138514,330.04424041745597,318.19275037124004,321.79766845703125,4879600
2024-06-26,322.8819480685612,325.85909441707383,321.0462095114395,325.126708984375,3365300
2024-06-27,326.0874220212665,327.9231899301835,321.9213496086439,324.8128662109375,2912600
2024-06-28,324.6797105560213,328.41777665136215,324.0709519004164,327.4285583496094,6344000
2024-07-01,327.124171971352,327.8185027665131,319.01074827209277,319.77166748046875,2643600
2024-07-02,318.63983135660413,320.3804481111461,316.290455916558,318.6112976074219,2995900
2024-07-03,320.5421175305386,323.0532032448466,317.25109976303617,317.3462219238281,1733000
2024-07-05,316.46162417340327,319.51488014163067,315.44390121120273,318.24029541015625,3437500
2024-07-08,319.4768374517919,324.11852050539966,318.63980883199906,323.0151672363281,3534500
2024-07-09,322.39692603917416,322.69178444416286,319.18198830507976,320.62774658203125,2254300
2024-07-10,322.10203485326866,327.4761030443993,321.13182946585516,327.3714599609375,3263100
2024-07-11,333.6491345451328,336.8355381059076,328.1514106238847,336.51214599609375,4146900
2024-07-12,337.66306402533286,346.17598950389714,336.79750170189027,342.2001037597656,4019900
2024-07-15,341.6008843063954,343.5412370091941,337.69158710155426,340.9540710449219,2884000
2024-07-16,342.475936136355,351.37884181532706,341.9432868850805,351.0934753417969,3210400
2024-07-17,348.73460203890966,356.86703841053037,347.57418139961624,353.72821044921875,3991100
2024-07-18,351.8353556558949,357.3901467412548,347.9165668716975,348.201904296875,2395000
2024-07-19,348.534824926424,349.64769896334207,344.27363113890794,345.61474609375,2474500
2024-07-22,346.699116800706,349.343350330169,343.4461246612216,345.5101623535156,4049300
2024-07-23,347.5836920318091,347.5836920318091,341.8291641168189,342.05743408203125,2535700
2024-07-24,341.40114349590715,343.79809434191213,332.907259526518,333.2021179199219,3508100
2024-07-25,333.09752883678686,341.30604692582955,332.2699920610492,336.03662109375,3297600
2024-07-26,337.67261395132397,344.0073672924891,337.67261395132397,341.9528503417969,2439000
2024-07-29,341.6674410520138,345.1677448781795,341.4201582744747,344.00732421875,2142100
2024-07-30,345.10117275999124,346.87984398806435,341.71503277958067,345.9286804199219,2788800
2024-07-31,347.17467873278116,354.2988840843724,345.3104063937791,350.18035888671875,3526100
2024-08-01,351.92104915588607,353.33830281174636,336.47415990911963,341.0682678222656,3759000
2024-08-02,337.59650070386283,338.2052593609794,329.80646824103707,338.07208251953125,3764600
2024-08-05,333.7442250593659,336.6547827989484,328.37964944385055,332.9167175292969,3827900
2024-08-06,331.7183046097659,341.1443393437343,330.32009296042986,336.6263122558594,2831100
2024-08-07,337.8342752192878,338.8710400438738,325.56427077585005,325.67840576171875,3429100
2024-08-08,325.52617465167486,331.7087371680741,324.6701333394607,331.3282775878906,3591100
2024-08-09,330.9003053074679,334.36252557680467,328.53188830108763,331.6136779785156,2314800
2024-08-12,333.63960726990433,334.3339670680903,325.42156980226406,328.9218444824219,3830200
2024-08-13,325.17429335111234,336.13171653527087,322.79638436527364,332.9738464355469,6388600
2024-08-14,332.4792381137016,342.1240513378721,332.33656937341726,338.2908630371094,4814800
2024-08-15,344.7587087509326,347.56465264342324,340.6497045551523,342.4854431152344,3575800
2024-08-16,342.39033708624396,345.9381875032604,342.39033708624396,344.3782653808594,3308300
2024-08-19,344.79675807790784,346.87980840061016,344.4162984951251,345.33892822265625,3634900
2024-08-20,343.0371935712266,349.68584778538104,342.894524817106,349.3338928222656,3459400
2024-08-21,351.4073865414081,354.66034963997424,350.52278237574853,352.3680419921875,4587600
2024-08-22,353.35727882188917,354.2703877539448,346.80374765845755,347.5171203613281,4097300
2024-08-23,348.7536144207441,357.9418573674247,347.35540290652733,357.24749755859375,3426200
2024-08-26,358.66473962703276,360.09148495587146,355.13593097465656,355.83978271484375,2452100
2024-08-27,355.2500585682969,356.001485886809,352.8816706603877,354.9552001953125,1780300
2024-08-28,354.7840551980928,357.0763631666864,352.12080848577483,354.48919677734375,2218300
2024-08-29,356.56567866798815,357.2451276266909,351.1302622194508,351.2546691894531,2698400
2024-08-30,353.3408172878676,354.4604508912891,349.16856935094626,352.6326904296875,3216700
2024-09-03,352.05848205233445,353.4747648191509,347.2737784930379,349.0345458984375,3598100
2024-09-04,348.48915044074647,350.1733464215529,344.50827313458524,348.9676208496094,3221300
2024-09-05,349.18770080023705,349.4269360062119,342.1828869604485,346.26904296875,2789200
2024-09-06,347.2929532998792,349.70443350064147,343.94366064150773,344.5465087890625,2228800
2024-09-09,347.1398387081753,350.39343144458786,344.5273799256381,349.7809753417969,2747600
2024-09-10,349.9532972068575,355.5609568374572,346.87194635484485,354.9006652832031,2787400
2024-09-11,353.6374301771251,355.2259552712779,346.54652516542865,354.5369567871094,2937700
2024-09-12,355.9245995585241,358.8432576129016,354.60401644813055,358.307373046875,2367700
2024-09-13,359.38868890057415,365.5513900641143,359.3408535413962,363.6279296875,2514700
2024-09-16,365.55142588449127,367.4653076954048,363.1877806798723,365.5610046386719,2877800
2024-09-17,366.9198276918504,371.2356403244082,365.24518118342326,366.7380065917969,2947600
2024-09-18,367.55139593165336,375.76196451859266,364.66144516944485,367.474853515625,3549400
2024-09-19,374.01072746561954,374.99637529169433,370.34565716191855,373.5322570800781,3753500
2024-09-20,371.6088187137049,374.95811161013677,370.33610026260806,373.07293701171875,6584200
2024-09-23,374.0011412912437,375.74278046889765,370.5848850009399,375.0824890136719,2502300
2024-09-24,377.7045691182595,383.83853433168053,376.6806353892292,383.4079284667969,4057700
2024-09-25,383.40786983415165,383.40786983415165,378.5848804603881,379.8384704589844,2787300
2024-09-26,382.2978306287544,382.7763010050107,378.4604888660546,379.618408203125,2849500
2024-09-27,382.44139683054146,386.16391067655707,381.15909962289174,382.3265686035156,2452300
2024-09-30,382.9677371895071,387.8576908813302,381.8385247996829,387.75244140625,3442000
2024-10-01,386.6232040274415,392.8816049154208,384.12560260541966,391.4366149902344,3476200
2024-10-02,390.14477623910545,393.74285379238256,387.522738586042,393.5514831542969,3431300
2024-10-03,391.38874137267413,395.18779707198706,389.28346017777324,393.8576354980469,3320700
2024-10-04,392.4127264879017,394.08737291189846,382.25001971883825,390.7763366699219,3989000
2024-10-07,387.45580213194205,392.16393484937953,383.9629446002993,390.4892883300781,3267800
2024-10-08,392.1543282648796,397.40795311669416,390.8529027942144,396.3457336425781,3693900
2024-10-09,401.9151281720656,401.9438352273658,393.0634259444665,398.15435791015625,3627800
2024-10-10,392.07774714019007,396.6327942448254,390.07774456953206,392.3074035644531,3040800
2024-10-11,392.88161274377387,395.3505363632009,391.2356733986611,394.1639099121094,2717400
2024-10-14,393.7619996522049,398.48928940548416,393.5897281184528,397.5323486328125,2088700
2024-10-15,399.9533989175263,403.4079410140215,397.1495403199321,397.6854248046875,3693000
2024-10-16,396.0491012136172,400.70939843697755,396.0491012136172,400.5849914550781,2429000
2024-10-17,400.585023180198,400.95824415545434,396.7094241484085,397.70465087890625,2013800
2024-10-18,398.7093786087156,398.71895736184376,395.44620697523453,397.13043212890625,2436600
2024-10-21,398.1543877344101,398.6232794072756,386.95816807240107,388.9007568359375,3699500
2024-10-22,381.34090389746336,385.59930208412345,379.14950131665177,384.5466613769531,4486700
2024-10-23,383.31219288579825,386.8720137219689,379.60883677468416,382.43182373046875,3159000
2024-10-24,384.9677506294773,386.7955111949356,380.9485872955298,385.3409423828125,2550300
2024-10-25,386.1447596493849,386.1447596493849,380.69976389957884,381.7332763671875,1941400
2024-10-28,386.077754597198,388.36482778804384,384.64234348213125,385.5418701171875,2586500
2024-10-29,376.9772764469597,381.9246442305549,372.2978217266235,378.0586242675781,3822700
2024-10-30,377.9916320008521,380.5658051981013,375.0633953651775,375.618408203125,2795600
2024-10-31,373.68541333395336,378.63281052904944,373.68541333395336,376.79547119140625,2518600
2024-11-01,377.8002253294612,381.54186745270914,375.13038145918364,375.6853942871094,3277800
2024-11-04,375.0729578377128,383.23566168478663,374.2308452620567,378.5370788574219,2690500
2024-11-05,377.9629549728611,382.9964735389732,376.90073536967475,382.86248779296875,2496500
2024-11-06,377.0729619252946,377.0729619252946,365.2834442318016,371.6470947265625,7133400
2024-11-07,374.16383517268514,382.5466455308857,373.972435340296,382.24041748046875,4323100
2024-11-08,386.6040596424308,388.9007115817821,384.97724870015367,388.4222412109375,3448700
2024-11-11,390.2117531798236,393.8768529262556,388.3552856264723,390.7093811035156,4071500
2024-11-12,396.4127043202574,398.1064789286504,384.87200125134285,385.7236633300781,5647100
2024-11-13,391.5131720012032,394.9677140758499,389.20694129940654,392.52752685546875,3083100
2024-11-14,390.43182372916954,393.7811163346894,386.97728165944864,388.25,3348100
2024-11-15,385.5514491161491,391.3026727682752,385.5514491161491,390.6040954589844,3239500
2024-11-18,388.03949477511765,394.7763661906145,386.55624821509,392.76678466796875,3394300
2024-11-19,390.7954911286239,391.54190378935766,382.16386636600566,389.28350830078125,3239400
2024-11-20,388.5179817199707,389.1878519905498,382.6997942521353,382.7763366699219,4732200
2024-11-21,384.04901262893196,393.6758632978078,383.1399364520778,392.7763366699219,3722200
2024-11-22,394.34575542705574,402.0491468708785,393.2548580326672,401.9151611328125,4932500
2024-11-25,406.69980669424666,411.7237454828226,406.18305052758086,410.2117919921875,4544200
2024-11-26,410.14483832546944,420.4510803690421,406.4127749951727,411.02520751953125,2758600
2024-11-27,412.3046681406926,413.74763826062696,409.76502663810317,410.9482727050781,2293500
2024-11-29,412.26617847181546,414.6134122027073,411.28496936423363,412.81451416015625,2028700
2024-12-02,412.6894372481573,414.03620343298473,407.0714773362333,410.72698974609375,2617100
2024-12-03,413.3917106923268,414.3055741547088,407.2254148515,413.0261535644531,2714000
2024-12-04,410.19791343683113,412.52588869954445,409.32250807529806,411.6505126953125,1968800
2024-12-05,410.3806839821349,413.4205443799048,409.6880571907784,410.3229675292969,2523500
2024-12-06,412.40088986701676,419.18283798127953,410.7751411129514,414.9693603515625,3161400
2024-12-09,415.9120996797014,419.7696198952276,411.7563386261967,412.86260986328125,3426000
2024-12-10,410.66923302480046,411.0636483254871,405.3879725162535,406.5231018066406,3354900
2024-12-11,409.0627596738424,411.7274336642096,405.2436979583193,405.359130859375,4211200
2024-12-12,405.40727910715975,406.67709992440933,397.47094303530554,398.663818359375,3673600
2024-12-13,399.96241737917285,402.24233465838824,398.4328726892461,401.1264343261719,2649500
2024-12-16,401.9633387156222,402.5693907974779,395.07555856677004,395.09478759765625,2879600
2024-12-17,394.4118307819835,394.79661694055426,390.78517646756814,392.94000244140625,3726500
2024-12-18,391.52587469334804,395.0948124072407,378.42371129881246,378.84698486328125,4225500
2024-12-19,379.7320401557101,380.11685570676144,370.25655903581855,370.381591796875,4576100
2024-12-20,368.7942244048019,378.3370777964666,368.48638379535873,377.6733093261719,8046400
2024-12-23,376.2304347225426,378.2890569349889,372.3151685476056,377.52911376953125,2433800
2024-12-24,377.22127714700883,381.0788269042969,375.6532448210099,381.0788269042969,1392600
2024-12-26,377.59643914525554,380.7325038388574,376.7306628788827,380.1168518066406,1319500
2024-12-27,377.23083401121886,380.4342143472657,376.49009065647914,377.9234313964844,1942700
2024-12-30,375.6820241356367,376.336163447939,371.0164155633522,374.62384033203125,2444700
2024-12-31,375.18183043292686,376.5766838231518,372.5748434870645,374.2005920410156,2179700
2025-01-02,377.22124511348505,377.7407225652251,371.68985977598516,373.6907653808594,2415700
2025-01-03,374.999043095514,376.1438016210494,371.14149397884603,374.38336181640625,2231600
2025-01-06,375.6532348539166,379.01053606045065,373.2771427959134,374.5661926269531,3274500
2025-01-07,376.03797212281177,376.99995211256436,368.5345399456617,369.62158203125,2274300
2025-01-08,368.43834046487285,372.95002901914944,365.6486043328129,372.4786682128906,2848500
2025-01-10,374.1236856972113,377.9716061124676,369.996782831804,375.0664367675781,5323400
2025-01-13,375.1625632521338,380.80938104127273,372.95965023374316,374.38336181640625,3512900
2025-01-14,375.73978841791296,379.21255170313236,374.81629577960683,377.8465270996094,3405200
2025-01-15,391.18915810741186,392.4878369688422,386.48509120953696,390.65045166015625,4584800
2025-01-16,390.82361640460834,394.51761619868216,388.5629868188781,393.76727294921875,2305900
2025-01-17,397.7691231000182,398.69264508903603,392.9977102526317,393.8153991699219,3229000
2025-01-21,397.2977868173221,404.24328441006713,397.2977868173221,402.5213317871094,3568100
2025-01-22,401.674759912895,401.674759912895,393.76728269259456,394.5080261230469,3581400
2025-01-23,395.9221274860112,398.9235004786009,393.2093367591319,398.6349182128906,3840300
2025-01-24,398.3463073208551,399.23134186615846,395.14292673638994,398.74072265625,2369800
2025-01-27,399.12551886108804,409.98628189971635,398.25974268323694,408.7164611816406,3699200
2025-01-28,407.14840217962524,407.14840217962524,400.85707417291127,402.90606689453125,2818300
2025-01-29,404.243265465501,405.34953667255877,396.1337805356814,397.7018127441406,2384900
2025-01-30,400.57810803744565,401.45351338810747,395.8740115966311,398.74072265625,3081300
2025-01-31,397.4613480727029,400.54929610758694,394.7196987973329,396.31658935546875,2761000
2025-02-03,390.67935259112426,396.2395963816857,385.76364838325213,393.218994140625,2896200
2025-02-04,393.94048250543466,396.89373911857746,390.6504976265111,395.8451843261719,2150800
2025-02-05,399.36602949241046,399.36602949241046,392.6225690075845,398.08660888671875,2212100
2025-02-06,399.1351508175691,401.9056580917028,397.29776537733045,398.4136657714844,2023700
2025-02-07,397.4901655107031,398.53872023469745,391.0448874796797,391.8818054199219,2530200
2025-02-10,395.027482032529,399.1736134917227,393.2478131577306,398.2500915527344,2617600
2025-02-11,398.25977030163705,400.73206625964883,397.047665954208,400.530029296875,1441800
2025-02-12,393.04577717576643,394.075102825952,386.83139456904297,391.6605529785156,3387000
2025-02-13,393.1708834914242,397.2785573597586,391.99726658008626,396.74945068359375,3067900
2025-02-14,399.22173766717225,402.1076779394651,393.02658353406616,393.93084716796875,3004400
2025-02-18,392.78603505309906,393.32474148202476,385.0036207008809,387.97613525390625,3994000
2025-02-19,382.11773506329035,383.4837597173808,378.0004614250229,380.3957824707031,3780000
2025-02-20,378.0581723138825,379.7512666529328,376.2304160291181,379.6358337402344,2703500
2025-02-21,381.32889407792777,382.69491869526206,369.30414319657723,370.6509094238281,5287000
2025-02-24,371.41085174335325,371.853354319814,363.82084486910253,367.8804016113281,5722000
2025-02-25,370.3623051545134,385.76361456319694,369.5831036922529,378.3371276855469,6823900
2025-02-26,380.21297714152564,383.70496934280567,373.78695759568905,375.63397216796875,3871500
2025-02-27,375.08567756163376,380.4342847579585,373.56573250986077,375.4319763183594,2825100
2025-02-28,379.42422211451617,381.78105585790803,375.44161021844434,381.5213317871094,4263500
2025-03-03,381.8580082818241,381.97344119539923,371.7764463749216,374.8740234375,3397600
2025-03-04,371.4685698256159,373.2097512709247,364.4942148500784,367.16851806640625,4384800
2025-03-05,364.5904512644119,372.4017248370774,363.63810037708174,371.6610107421875,2780300
2025-03-06,368.9193690161329,373.01741364386936,366.25469470295053,367.2166748046875,4222000
2025-03-07,365.0714178574165,366.17768900976677,354.8744237664871,362.47406005859375,4573900
2025-03-10,363.08975533499375,368.55379501709956,358.4433752161099,360.40582275390625,3710500
2025-03-11,359.99219472218186,360.6751923741348,351.8249930555878,354.16259765625,4013300
2025-03-12,357.8277018819788,357.8565601076955,347.9962651047281,350.86297607421875,3368000
2025-03-13,350.3596086033906,350.4467326988841,334.24100097775715,336.16748046875,7062400
2025-03-14,339.4589303576567,340.17533320172646,334.39586574446463,340.0978698730469,5510700
2025-03-17,340.53355488415093,344.20257539459527,339.7590692356985,342.8279113769531,3681300
2025-03-18,342.2470292913101,342.5955551933172,336.49660302883177,338.4134216308594,3008200
2025-03-19,340.76587046548417,343.1183095830619,337.85192558510687,342.14056396484375,2990200
2025-03-20,343.37002550489865,350.2240533973109,340.9595036283325,344.17352294921875,3391200
2025-03-21,340.8529646979746,342.11149263094745,335.228394521791,339.9429626464844,8205400
2025-03-24,343.30227651511854,352.799187408031,342.9731311809247,352.1602478027344,4023200
2025-03-25,349.99173774877517,352.04407303931447,347.0971733101002,349.4689636230469,2799500
2025-03-26,348.8881126188902,353.08959731478734,348.62671080197265,350.57257080078125,3140900
2025-03-27,350.34991538061416,353.554273999352,349.6238517139466,351.1534423828125,3036600
2025-03-28,351.56971934362474,351.6084510122218,344.80281527893493,346.7196044921875,2980200
2025-03-31,342.2179836464614,356.971586839671,341.3951056412781,354.79339599609375,4498800
2025-04-01,352.5184378167255,355.56789924049394,350.36928822922675,353.8543701171875,2801600
2025-04-02,350.9888455796751,360.42767299429846,350.69843193820583,359.0530090332031,3189500
2025-04-03,344.42523066687363,348.54928162871175,340.48511819211507,344.55108642578125,5407100
2025-04-04,339.5170315554296,353.7769321191624,337.9003463904243,342.605224609375,7531100
2025-04-07,333.31159211800417,342.915006543387,322.8562878666023,330.61065673828125,6950500
2025-04-08,339.1975591131549,342.70202138451714,319.21627453285663,324.5407409667969,4868000
2025-04-09,318.11269682068485,344.6769482365905,315.8957741778471,344.0476989746094,6793000
2025-04-10,341.5887527652259,343.95088221481285,328.8197109486063,342.33416748046875,5574800
2025-04-11,339.1297781214054,343.15701436572476,333.2147942755509,342.56646728515625,3576400
2025-04-14,346.3807234750431,347.5617880918259,342.3147851133669,345.7998962402344,2841800
2025-04-15,345.1803525577437,349.9046116374682,342.0437669086443,342.80853271484375,2883100
2025-04-16,340.61099557625886,342.508433752088,333.3310075949906,334.94769287109375,2637200
2025-04-17,337.42596851227415,346.09033988774524,337.2517203267121,343.72821044921875,3232400
2025-04-21,342.98280534597075,343.05054883540566,330.8914049310163,335.8286437988281,4015200
2025-04-22,339.9526897310494,344.8511968563986,339.2363163743828,343.1183166503906,2802400
2025-04-23,350.36932821856436,353.19611980975503,343.52496033399734,345.04486083984375,3283300
2025-04-24,345.12224774122075,348.8977727334556,343.2925532005964,348.16204833984375,2749500
2025-04-25,346.2839806491949,347.5424792021221,343.41842807295615,346.16778564453125,2811300
2025-04-28,346.56466739207946,348.60734167859226,343.1957512028483,345.5288391113281,2413000
2025-04-29,344.5317505988238,349.0720416175871,343.40876856516826,347.54248046875,2836900
2025-04-30,345.1222145693355,349.73996820711903,341.1337101125091,348.98486328125,3741500
2025-05-01,348.81063653902356,351.29862159840263,346.30330041908576,346.8647766113281,3210100
2025-05-02,350.5241317086575,354.5417072672521,349.6335102362526,352.8862609863281,2283300
2025-05-05,350.5725918233055,352.63461740057164,348.24919395705325,350.18536376953125,2563500
2025-05-06,347.2326681406202,350.70808921922946,345.7321484352336,347.91033935546875,2299700
2025-05-07,348.9752484835186,352.16991677287217,348.27822618756437,351.17279052734375,2657200
2025-05-08,352.3925750977803,357.52341297653425,350.69842661318734,353.2154235839844,3035800
2025-05-09,350.57258748122575,353.9028018809295,349.9626892708721,351.1340637207031,1970700
2025-05-12,363.03185443944096,366.63313161722454,361.56037595847863,364.57110595703125,3831400
2025-05-13,368.8403046856653,368.8403046856653,361.04723395003674,361.6764831542969,2726800
2025-05-14,360.0307214395842,363.7965853903035,358.99486364123385,360.91168212890625,2587400
2025-05-15,360.2243967822867,367.2236316932871,359.6628909965161,366.5459899902344,2830500
2025-05-16,368.0948845272829,369.0048865790074,366.08125165144884,368.6273193359375,3129100
2025-05-19,362.2477010760519,368.9952541967218,362.21865970999596,367.2720642089844,4428200
2025-05-20,374.0389460065376,377.3110775898421,362.1121333332452,365.0163879394531,6287400
2025-05-21,365.9167175582356,366.2555236165179,356.8360770544098,359.00457763671875,3966000
2025-05-22,356.2551990656602,357.445953980843,352.9346753604857,354.44488525390625,2957300
2025-05-23,350.81460870478793,353.07992381209687,349.62385364916383,351.1340637207031,3115000
2025-05-27,354.2126009560265,358.7238506262194,353.50588833791306,358.5786437988281,3998500
2025-05-28,357.0490779485247,359.3047027539561,355.70342576398025,356.3133239746094,2986100
2025-05-29,358.1914277169937,358.53026335463676,352.4410008112377,356.5360107421875,3034800
2025-05-30,355.3355653272124,357.84293131960624,353.4671684839113,356.5360107421875,4110400
2025-06-02,353.4962059296873,356.29398555554013,350.29184717805845,356.2165222167969,2506900
2025-06-03,356.2165058215573,361.6184360213828,355.2871526046649,361.173095703125,3359500
2025-06-04,361.17309164898325,363.3900142817705,359.7984276728696,360.5148010253906,2428800
2025-06-05,361.3817690634546,361.9370138426336,357.99191615311423,359.716064453125,2324100
2025-06-06,361.88829333275584,362.9987530800003,356.4917651513605,357.8165283203125,2349700
2025-06-09,357.8067885947498,357.83601043583644,354.92342821391657,355.74169921875,2619700
2025-06-10,356.4625504511794,359.00493999277415,353.16033353150175,358.38153076171875,3014900
2025-06-11,359.579701510864,359.579701510864,350.00427085922075,351.1244812011719,3793500
2025-06-12,351.46540366586026,355.61508372469166,349.22498310226143,353.7545471191406,2921900
2025-06-13,350.6763972530566,353.3941476553856,343.66285741711283,345.4747009277344,3364400
2025-06-16,346.66308931393684,347.86121458999185,342.7861564008943,344.4031677246094,3688600
2025-06-17,342.8251725816176,345.114316306164,338.4124954135383,339.74700927734375,4230100
2025-06-18,341.01332455887007,341.8120946529061,336.84417273980534,338.0423278808594,4453900
2025-06-20,338.49037600019926,342.1140332199877,337.8377449214751,340.5652160644531,8056500
2025-06-23,340.90616126958844,347.82228498675744,339.49370279152214,347.7151184082031,3862400
2025-06-24,347.43266155045563,352.3421098199291,346.56569727960533,351.0855407714844,4089600
2025-06-25,349.81916234801423,354.1831457292119,349.05936472238477,352.4881896972656,4159600
2025-06-26,353.81297677804804,355.7709293581335,351.2608368396067,354.0857238769531,3187900
2025-06-27,354.1928895198744,360.5635190881765,353.59870211320623,359.1900329589844,5503700
2025-06-30,359.7160511296117,361.3428130380384,355.2741525151179,357.1444396972656,4600700
2025-07-01,354.90399599863906,369.856454030968,353.5500109095049,363.4955749511719,5152600
2025-07-02,363.9728524259979,364.28457189741687,359.8037011091855,362.219482421875,3011400
2025-07-03,362.1805319438361,363.5150457104414,358.79064937350506,362.05389404296875,2573600
2025-07-07,361.3914955870541,363.13514481929917,355.2838926033202,358.1185302734375,3433100
2025-07-08,356.54046691532693,360.8070344058556,355.6540313644778,357.9821472167969,2531700
2025-07-09,357.99187503122323,361.45967228093707,355.3423190702639,361.4304504394531,3384200
2025-07-10,359.44330466550264,368.1517708477702,358.966004640848,363.6319274902344,3701700
2025-07-11,360.7680636142201,362.1707715549625,357.6022350875956,360.485595703125,3068900
2025-07-14,360.8849785029485,361.67399799887846,356.9593523430877,360.5245361328125,2481100
2025-07-15,360.39792614979416,361.1479732751664,349.2347064353945,349.35162353515625,3868700
2025-07-16,350.54001824830004,351.60181463956553,343.3316758343004,348.14373779296875,4259800
2025-07-17,347.30601918989504,350.98812020834174,345.4747043409055,349.74127197265625,3128900
2025-07-18,350.65691421368456,351.26085212130573,347.724860477492,350.0919189453125,3361600
2025-07-21,351.3777327432187,356.3066816892381,350.52051906091884,354.61175537109375,3503900
2025-07-22,355.0403663609986,362.5604277610423,354.3000400399605,361.4012451171875,3095400
2025-07-23,362.07340199845225,368.0933398487618,361.9272630471514,366.60296630859375,3238000
2025-07-24,365.7554532999287,368.09328974885136,362.6188468984032,363.4273376464844,3088000
2025-07-25,364.9567284816308,366.25226988875767,363.388410223312,365.6191101074219,2221000
2025-07-28,364.06054145240824,371.2104400740553,363.32024481901067,367.4601745605469,4062800
2025-07-29,367.2361309559481,369.8954377784584,365.0638747049975,367.56732177734375,2931600
2025-07-30,367.8984838840359,368.7264757365035,360.05698218484326,362.4435119628906,3110700
2025-07-31,359.60889361608156,363.1546059395844,357.33922154817594,357.99188232421875,3091600
2025-08-01,358.2938283271349,365.093034118006,356.27743217115915,363.9825744628906,3008200
2025-08-04,365.1320486240275,372.00919993401266,364.01183831714775,370.9571838378906,2844300
2025-08-05,371.97023741524316,376.9186877254871,371.0935523573957,375.4283142089844,2931400
2025-08-06,376.0809336277207,378.8571276640159,374.5613383140613,376.78228759765625,2812800
2025-08-07,378.5551700288278,381.31189282768236,373.43138865834266,376.16864013671875,2433000
2025-08-08,377.0550074223189,379.2077920668637,376.1978235008429,377.8050842285156,2326700
2025-08-11,379.87993714240525,381.3800313517173,373.3729195535163,377.4933776855469,2605800
2025-08-12,381.28261862917464,386.11415116582066,378.92528117786753,385.7439880371094,2911300
2025-08-13,389.1436508991483,397.2579299590374,388.4228255756766,396.6344909667969,5187500
2025-08-14,390.80936213756445,393.15691956210634,389.01699000440846,389.9521484375,3600200
2025-08-15,391.79316130102393,392.3581565375082,385.1887576019813,389.0364685058594,3841400
2025-08-18,386.29928649754964,387.8286323833715,382.3444383469069,384.47772216796875,4407100
2025-08-19,390.6339940736974,403.628498570133,390.6339940736974,396.6539611816406,7629300
2025-08-20,399.0697226055478,400.52115342664973,391.26719318321403,391.3353576660156,4195300
2025-08-21,389.55274886236265,393.9556748431572,385.90962050053713,387.3999938964844,2942600
2025-08-22,390.48788449320784,403.7648866064881,387.994188174852,402.09918212890625,5284700
2025-08-25,399.7321158153847,400.423749004625,396.9948940841517,398.3099365234375,3579500
2025-08-26,397.4332466369748,398.44632009907895,394.22844571179905,396.98516845703125,3180900
2025-08-27,398.20276558656764,401.027652608329,396.6539485269868,397.6669921875,2487800
2025-08-28,396.45910360037755,398.35861242497066,394.3258200504941,396.8974609375,4051600
2025-08-29,397.17026591374207,398.30994759284437,394.90059362516524,396.235107421875,2210300
2025-09-02,393.22509683824666,398.0079364650294,392.3191900144555,395.7869873046875,3328600
2025-09-03,394.4525074521516,398.42682691700657,393.11799368242345,397.1507568359375,3025100
2025-09-04,400.1875875403491,404.80162409437327,398.9042780739344,403.30279541015625,3873100
2025-09-05,408.1029807496485,411.83535880476114,405.58533112104004,410.4149169921875,5855600
2025-09-08,409.97406925166166,412.0116811011731,407.2800938862087,411.3847351074219,3742600
2025-09-09,409.60181151441947,410.1895939447977,404.3412170594542,406.8784484863281,3516000
2025-09-10,407.05475705377023,408.9258489319185,403.3517667634051,404.8114318847656,2897800
2025-09-11,407.23115887133787,416.5572017980559,405.8106870548664,414.79388427734375,5316400
2025-09-12,411.70799339049336,414.88200647065827,410.3463268610707,414.0787048339844,5004200
2025-09-15,413.86319610570627,414.67627370773755,409.23935350107473,414.0982971191406,4884700
2025-09-16,415.1171142348694,415.8812224174498,411.5316743332673,412.8639831542969,3726700
2025-09-17,415.79306914920005,418.0560061228361,407.3388796374738,408.504638671875,4771700
2025-09-18,409.04340471207087,412.8052001978021,407.3878320313999,408.974853515625,3677200
2025-09-19,408.8671109630693,410.05245182684865,406.64336737633323,407.2213439941406,6718400
2025-09-22,405.6735059015127,406.4278381656566,402.75423525593885,403.60650634765625,2656300
2025-09-23,403.6065171601682,405.3012834437622,399.15900008081553,402.5387268066406,2597000
2025-09-24,398.502635023782,402.2839824055749,396.75889946246326,401.4219055175781,3220700
2025-09-25,398.3654805733964,402.4897036015148,397.3466596954507,399.1492004394531,2554300
2025-09-26,399.8447388166831,403.02852799125884,397.57199598474955,401.73541259765625,2316600
2025-09-29,401.6962097545699,402.57789834517666,395.6225377161781,398.5124206542969,3008400
2025-09-30,398.3459075934487,398.70836496007536,395.2600871607669,396.93524169921875,3211600
2025-10-01,396.1515504076353,396.8764651385023,387.2565166096406,388.9316711425781,3787800
2025-10-02,387.44262381015363,389.2843280442188,385.767469382724,386.9626159667969,2964700
2025-10-03,386.10055037639495,389.22556416136473,384.63110928236614,387.0115966796875,2951300
2025-10-06,386.4630330709661,386.4630330709661,377.86190516575334,381.3983459472656,3653700
2025-10-07,381.51591829041877,381.8097945639405,377.65618378693,378.9296875,2505700
2025-10-08,378.5867797056215,378.5867797056215,375.1776956393976,375.97119140625,2517600
2025-10-09,375.09930295755316,376.5295505048327,369.77012782988123,369.9954528808594,3321400
2025-10-10,372.51313042944065,372.51313042944065,367.1447614322299,368.0950012207031,2992400
2025-10-13,371.34738958857247,374.521373002139,369.50568517472504,371.6412658691406,2925900
2025-10-14,371.151428011127,380.9673136860338,370.3089627976905,379.8211364746094,4399900
2025-10-15,381.3003889596431,386.33565831972317,378.85132042563276,380.3893127441406,3690100
2025-10-16,381.7216378482983,382.05470759562235,376.1475552355551,379.4978942871094,2783700
2025-10-17,380.58525781357866,385.1013259308019,379.31175410870986,383.9159851074219,2657700
2025-10-20,383.43596597058104,385.1698957139825,380.1835958127397,380.9673156738281,2761100
2025-10-21,379.66441869751617,385.6107645968779,377.99904004536666,382.9363708496094,2306900
2025-10-22,383.27923417174753,385.0425515974537,380.26199482432963,381.0456848144531,2857000
2025-10-23,379.2431671607422,380.80077116805273,373.5319225714139,377.1859436035156,2767300
2025-10-24,381.7608316980107,381.7608316980107,377.81293424475376,378.8023376464844,2426800
2025-10-27,379.8015684126954,381.35917244645236,375.0993387883593,377.4210510253906,3065800
2025-10-28,376.588374594008,382.0644881191651,375.03074073482713,377.8912658691406,2372800
2025-10-29,375.1972918919421,377.1565466798896,367.55621017728913,370.3383483886719,3852300
2025-10-30,370.01505509816695,376.86267092031517,368.44764528655713,371.81756591796875,2384300
2025-10-31,369.28035602314776,373.17928404554624,367.3701004288066,371.8567810058594,2643500
2025-11-03,369.32933169412354,370.7693851525698,366.06715574530307,370.64202880859375,2897600
2025-11-04,369.6623891433582,375.86341715899624,369.07460674998697,375.275634765625,2590000
2025-11-05,374.9915847510307,375.6087548028426,362.9813431343525,366.2239074707031,4763000
2025-11-06,364.24509248150383,365.0679759674705,360.0620640580178,361.5511169433594,3622100
2025-11-07,361.47269426733635,366.0377614063349,360.08164014139186,363.54949951171875,2766400
2025-11-10,362.2564158414385,363.108686875456,356.0455818633942,362.88336181640625,3257900
2025-11-11,364.4115914963855,368.3399069859683,363.3536070453897,366.6157531738281,2407300
2025-11-12,364.4801992169242,365.9496404425676,361.4923473497925,363.56915283203125,3375800
2025-11-13,364.08833102327503,365.9104236770592,359.15100044860304,360.57147216796875,3034800
2025-11-14,358.4554785369125,359.84653275374205,352.4699393597344,354.977783203125,3413300
2025-11-17,353.7728740945766,356.3688809187578,348.8453491014055,350.73602294921875,5127200
2025-11-18,333.05375717149207,341.69404871420636,329.1646349295854,329.62506103515625,10168500
2025-11-19,334.0235542137627,334.78766238635967,324.6191252385153,327.68536376953125,7595000
2025-11-20,329.5074797196365,331.9957418511405,325.36367467676166,325.60858154296875,4025300
2025-11-21,327.7539736485155,339.8523790237712,326.2159513276106,336.3257141113281,7441300
2025-11-24,335.22852329109276,336.7077404023321,329.693604315874,329.7229919433594,6132900
2025-11-25,332.09370566162914,345.80848996623916,331.9467675232512,343.9178161621094,6316600
2025-11-26,343.12429908454203,350.0502420089021,341.88995900684074,348.2281494140625,4517300
2025-11-28,347.69914177346277,350.5400552205181,346.29828178312187,349.64862060546875,2119600
2025-12-01,346.83705538368065,354.9092051716903,345.6909081123944,350.05023193359375,5107100
2025-12-02,349.56044978411484,350.2168133297072,344.14311118214977,346.8175048828125,3965300
2025-12-03,347.27793599843795,353.126313154528,346.5432154004159,350.61846923828125,4166700
2025-12-04,351.28894249538723,352.49181916435185,345.08722367914385,346.2408142089844,4022800
2025-12-05,345.7280700562231,350.62830949760183,344.6237958309911,349.6324768066406,5959200
2025-12-08,347.0098479824472,347.14786721894285,340.8475764249326,344.99847412109375,7273000
2025-12-09,342.87865339540855,351.6635912020045,340.11793772700884,340.423583984375,5063100
2025-12-10,339.2700031445164,347.0788162197039,339.17140078923484,346.2013244628906,6316100
2025-12-11,351.0029762024183,357.62865156351575,348.97189397197974,352.4424743652344,6609800
2025-12-12,354.2172355097979,355.69618067158007,351.0522711993482,354.60174560546875,3861200
2025-12-15,354.3454011754941,357.579359927637,350.62829989613044,351.97906494140625,4387400
2025-12-16,351.890350719742,353.7045198644217,346.8718003495169,347.7295837402344,3497200
2025-12-17,347.02952794372493,352.4819041668492,346.05343383765756,351.742431640625,3875200
2025-12-18,358.437146318118,361.15838486769815,349.5831840686038,350.00714111328125,4805200
2025-12-19,349.1394914439731,349.1394914439731,340.0785153162193,340.1573791503906,12825600
2025-12-22,340.4630356930076,343.0166774116561,338.87564898515177,341.52789306640625,3523700
2025-12-23,339.1714218809893,342.62229390594126,337.14033961058345,340.1278076171875,3873400
2025-12-24,339.5066482461403,343.37163818075135,339.07282192421815,342.46453857421875,1368600
2025-12-26,342.11942352082826,345.1364690558136,341.7053357512813,344.8702697753906,1786900
2025-12-29,345.0871927008666,345.40270821274765,339.9108848103536,342.572998046875,3790000
2025-12-30,341.17294881395236,342.1096261749485,338.89537553533864,341.48846435546875,2392600
2025-12-31,340.65036230421987,341.84336961987077,339.14183947211427,339.27001953125,2317500
2026-01-02,338.6094143018549,343.59838686169115,336.1346665476792,340.96588134765625,3763000
2026-01-05,337.8896584001967,342.4743820456016,336.4599994802726,339.2601318359375,4725300
2026-01-06,336.70651293277245,345.75765004144216,332.9697030904707,344.3871765136719,4680300
2026-01-07,348.3803227645915,353.4678977912044,344.13082269061283,344.160400390625,4442700
2026-01-08,340.4630219276524,358.14133860743897,339.2700146292389,354.51300048828125,5196500
2026-01-09,358.3977007876376,370.21939248630673,356.2384385050535,369.38134765625,7093500
2026-01-12,369.3813470355869,371.1363607050033,364.06698980321886,369.6771240234375,5859800
2026-01-13,370.5940554895674,374.8435553037023,365.61495239360033,374.40972900390625,4785800
2026-01-14,371.402576962321,374.75484669771674,368.7207551561611,370.6729736328125,4959900
2026-01-15,370.74198133565903,374.84359307204454,369.20388069566667,373.8379211425781,2990100
2026-01-16,373.92664061577483,377.39722114810644,372.2110738312156,374.833740234375,3709000
2026-01-20,367.015016342024,372.0434358362532,366.0882083137489,369.8447265625,5353700
2026-01-21,370.5250539043045,380.5030293317551,369.42077965031734,379.2409973144531,5169800
2026-01-22,381.02560655099694,385.11734905751234,375.18868939265536,375.6816711425781,4828100
2026-01-23,376.14505253322466,378.97476279305323,373.8871878296043,378.3831787109375,3138300
2026-01-26,379.5959387532504,381.9819836075265,376.5887621832298,381.1044616699219,3984800
2026-01-27,379.54662512274996,381.0748563661519,372.9603667037797,375.0210266113281,3466100
2026-01-28,374.8731581670115,375.65207772428147,368.4052402857728,370.0320739746094,3371500
2026-01-29,369.6376878739626,371.7969502160774,364.9543615309749,366.591064453125,4744500
2026-01-30,367.1826382311588,369.8545906553002,363.37680381074097,369.33203125,3755600
2026-02-02,368.98695694738984,374.3210228955687,363.07117616645877,372.8125,4757200
2026-02-03,371.994153103603,386.2807536592444,371.70821528225156,375.75067138671875,5684400
2026-02-04,379.1916650142771,385.04829008875464,378.9648825973972,381.7650451660156,5574700
2026-02-05,381.2523381810382,381.5678537052556,375.4844460025341,377.0028381347656,3759700
2026-02-06,375.98728671118465,380.94668150677455,373.77873828046626,379.7438049316406,4685400
2026-02-09,378.9648917937197,380.3649731120046,372.8913835068612,375.6520690917969,3639300
2026-02-10,378.42260481593075,386.2412872463754,376.57885809817844,384.210205078125,3160800
2026-02-11,379.59593227578426,385.925830931171,376.7169057319956,385.1961975097656,3229900
2026-02-12,388.0259209765789,392.04866888152776,383.53979911516075,384.74267578125,3702200
2026-02-13,384.72292930553755,388.4695781761187,381.6664367588977,385.56097412109375,2875900
2026-02-17,386.7244587530962,388.4696032452015,375.15909653502325,377.6634521484375,3485300
2026-02-18,377.37750721462396,379.7142357565836,374.2125729925531,378.1366882324219,2982600
2026-02-19,378.3535966330926,378.3535966330926,372.09275293003105,373.2660217285156,2930900
2026-02-20,372.1519090514545,379.4184547233535,370.67296390501485,376.884521484375,3984100
2026-02-23,375.642218194377,378.7480272407957,364.39237122962066,371.6983642578125,5495700
2026-02-24,383.64823761864784,388.8147067462792,376.8450955826656,379.083251953125,5675800
2026-02-25,375.72110843572847,376.0859101070057,366.1572506977326,370.2983093261719,5036900
2026-02-26,373.08854869017824,376.1253328459018,369.67712371323,369.82501220703125,2889400
2026-02-27,368.6122821451982,376.8253745597512,367.1136285285552,375.3760070800781,4819500
2026-03-02,369.73629177968485,369.84473331578295,363.8205111112099,365.6051025390625,4537600
2026-03-03,358.6244886120164,363.6035918893053,355.06514498941806,361.76971435546875,3964700
2026-03-04,361.05982791326113,364.38251992997345,356.4356569193793,363.928955078125,4324400
2026-03-05,360.98095183182903,361.8288960882838,354.1581012612978,356.603271484375,4752200
2026-03-06,352.521386197404,354.4045800289114,348.26201680119505,352.89605712890625,4167400
2026-03-09,350.60860283243505,351.48609464151224,340.788415463621,348.59722900390625,4224500
2026-03-10,348.0845153095286,356.5638062786719,346.09285005224245,352.1368103027344,3986000
2026-03-11,350.4705824133954,351.31852668219665,344.20970807893747,345.9154357910156,3197100
2026-03-12,343.4638217479043,346.07424686049404,336.1784699632124,336.40673828125,3893600
2026-03-13,339.14618185881324,340.8633132246558,335.513426265367,336.5059814453125,2531900
2026-03-16,339.8905990411044,342.6697414353192,338.11391678352766,340.029541015625,3194400
2026-03-17,342.3223854396477,344.1982990603374,338.40178019218934,338.88812255859375,3075900
2026-03-18,336.07918962592805,337.27023766635267,327.68218129393256,328.4662780761719,3592200
2026-03-19,326.51095694292064,327.77152145914164,322.213206164758,325.76654052734375,3845400
2026-03-20,325.30997769719255,327.7715255801863,317.87574869308355,318.3620910644531,9672200
2026-03-23,329.5184050161633,332.2280917306825,325.7665474139578,328.4365234375,5806300
2026-03-24,323.47373045416623,330.0444409673587,320.615166659699,328.4464416503906,4566400
2026-03-25,332.50599870334025,334.6796970583926,324.5556216981383,330.0345458984375,4397800
2026-03-26,328.9724946138041,331.63253525345,324.15859588397956,325.9848937988281,3448400
2026-03-27,325.06182501857006,325.1015357075125,318.35214223518864,319.25537109375,3977400
2026-03-30,323.2950875702295,325.5481770157906,320.1784496390803,321.09161376953125,4066000
2026-03-31,326.0444514861297,328.97250147399274,321.00228434329074,326.4414978027344,5749100
2026-04-01,326.917887926607,330.6101943303035,325.36950430154525,327.1064758300781,3386200
2026-04-02,321.19086962876275,323.870750501632,316.28764450454594,319.23553466796875,3732300
2026-04-06,317.3198994033779,324.2479150918696,316.5457075837637,324.2181396484375,2448300
2026-04-07,320.5953395998547,321.9650706650396,312.9625874505471,316.3968200683594,4661600
2026-04-08,330.77894470607737,336.2578383243535,329.77645429430777,333.6573486328125,4610600
2026-04-09,328.793843678836,338.034530123591,326.0047660033512,337.0518798828125,3002000
2026-04-10,338.50104928687557,338.68963720668444,333.3099744502094,334.8285827636719,3208300
2026-04-13,333.0419921292309,338.89806195934295,329.4588519788492,338.6201477050781,3741200
2026-04-14,338.4613084989645,340.20821526800967,335.82110814679567,340.1585693359375,2882500
2026-04-15,339.3050167001936,339.7218729406502,334.1139418621815,336.38690185546875,3365200
2026-04-16,337.45883730199483,339.43404277406773,334.18341721401424,334.6399841308594,2856700
2026-04-17,340.2876076588945,349.39925676441203,340.2876076588945,346.79876708984375,4930400
2026-04-20,345.74668780364254,348.5556360884443,341.0618258709224,348.376953125,3260900
2026-04-21,350.30249013948253,350.9178695006371,340.41664909200034,341.3595886230469,3081000
2026-04-22,341.38938659209543,342.66976104141247,335.4042797121569,336.9725036621094,2855800
2026-04-23,336.97250390104824,338.29258904217085,334.37201401931867,337.6275939941406,2712400
2026-04-24,335.36454889356634,337.73674002155695,332.18836020303655,333.3893737792969,3255900
2026-04-27,331.9898736755333,334.8682776929053,329.6672981460519,329.8260803222656,3282900
2026-04-28,331.9600858337338,333.4290480867068,324.9228430841418,326.6101989746094,4279300
2026-04-29,323.23552662924203,323.4141792936507,316.67472107601805,320.40673828125,4150000
2026-04-30,319.84098255164037,327.66232248650493,319.84098255164037,326.3521423339844,4317900
2026-05-01,327.64247502508795,328.05933124322655,320.9526324317562,321.4687805175781,3865300
2026-05-04,319.6821730130914,319.6821730130914,309.9353037403536,310.0941162109375,6396100
2026-05-05,311.07673168078134,315.26531587428565,308.0891308088343,313.07177734375,6391400
2026-05-06,319.5630769182253,322.81865689716307,316.97252227854057,320.64495849609375,5455900
2026-05-07,322.5903881812466,325.05190579011315,320.0295786999413,320.238037109375,4411700
2026-05-08,320.2777143896263,321.58789456309347,314.4414847899831,315.086669921875,4995500
2026-05-11,314.14373333673075,314.7591127388281,307.4042747784683,309.0816955566406,4335700
2026-05-12,310.898078954826,312.436527412303,306.808726050678,308.148681640625,4225700
2026-05-13,305.3199040148408,305.39932539696116,297.0419969161532,300.2975769042969,6307800
2026-05-14,302.78887315920815,303.70203722956956,299.1759881460277,302.08416748046875,5072600
2026-05-15,298.07424740300473,300.6747371606021,294.669790362803,295.29510498046875,6121500
2026-05-18,297.0221439227359,301.51841777200616,295.0866491644805,297.5779724121094,6366100
2026-05-19,289.6970696990096,300.93280137975603,286.94770281038166,300.1883850097656,8692500
2026-05-20,298.8186768095753,308.69461352004953,294.4613750762452,308.2677917480469,5810900
2026-05-21,304.0791968081222,311.6523978374447,302.1139568961854,311.4439697265625,4516600
2026-05-22,312.1586044517627,312.61517135375607,309.14122821995267,310.7392578125,2963800
2026-05-26,312.71442680501025,314.43155813919475,306.6598342608927,308.22808837890625,6978200
2026-05-27,312.4067459496401,318.6102158850976,312.1685423970403,315.4836730957031,5990100
2026-05-28,315.08664723408407,319.4836593172751,312.8136874394369,318.8186340332031,6818900
2026-05-29,318.09409181489474,319.7020263439793,314.6399889184457,314.7789611816406,6963300
2026-06-01,312.7839312414303,313.5382829013507,305.39931798337426,308.3769836425781,4544200
2026-06-02,307.6722619962661,309.87573568166556,306.272755574017,309.2007751464844,4310000
2026-06-03,305.6474630032703,311.185907914239,304.83356043684665,310.6400146484375,4328300
2026-06-04,317.8299865722656,320.75,308.1099853515625,309.95001220703125,4558600
2026-06-05,310.8299865722656,314.04998779296875,308.6300048828125,310.7799987792969,3946300
2026-06-08,308.8800048828125,313.7699890136719,307.07000732421875,309.7099914550781,4381800
2026-06-09,311.3500061035156,322.8900146484375,310.2699890136719,321.3299865722656,4875300
2026-06-10,323.2699890136719,324.0,318.79998779296875,318.9200134277344,4823800
2026-06-11,322.2900085449219,327.0299987792969,318.54998779296875,326.010009765625,4656600
2026-06-12,328.5,331.0199890136719,325.2900085449219,328.3900146484375,3649000
2026-06-15,333.760009765625,338.0,329.5400085449219,329.82000732421875,4695000
2026-06-16,331.9100036621094,338.2699890136719,329.75,337.0899963378906,5131500
2026-06-17,336.010009765625,341.1499938964844,326.1700134277344,327.4800109863281,6085400
2026-06-18,331.70001220703125,338.0199890136719,330.8999938964844,334.2799987792969,10604400
2026-06-22,330.0,331.7300109863281,326.3399963378906,326.6199951171875,4713600
2026-06-23,323.8699951171875,329.0199890136719,321.70001220703125,324.45001220703125,4788000
2026-06-24,329.1199951171875,342.9599914550781,327.7099914550781,342.8599853515625,6385000
2026-06-25,342.25,348.6400146484375,341.82000732421875,345.0,6974100
2026-06-26,347.8999938964844,350.5,345.8500061035156,348.8599853515625,7770500
