datetime,open,high,low,close,volume
2015-01-02,0.4824230968952179,0.48601792899680035,0.47475415983712044,0.4824230968952179,113680000
2015-01-05,0.4824229609070251,0.48386089334232535,0.47211785463790906,0.47427472472190857,197952000
2015-01-06,0.47499375948049893,0.47547306083844454,0.4594162796490581,0.4598955810070038,197764000
2015-01-07,0.4632506044486327,0.46732473640540023,0.45725926753450147,0.45869719982147217,321808000
2015-01-08,0.46396973849383844,0.47882828227306323,0.46373007350296386,0.4759524166584015,283780000
2015-01-09,0.47762987429903825,0.48146434161408075,0.47115920713378534,0.47786951065063477,209540000
2015-01-12,0.47906780597654147,0.479307470911026,0.46756443193136393,0.47187820076942444,190732000
2015-01-13,0.4754730786699874,0.4850592204642267,0.4678041709483871,0.47115930914878845,236720000
2015-01-14,0.4661265812836866,0.4745144549835911,0.46492831361227166,0.4730765223503113,155260000
2015-01-15,0.47643168146387593,0.4793075181161624,0.46948171193781635,0.46972137689590454,188932000
2015-01-16,0.46900249372761205,0.47882830164771506,0.46756456086209863,0.4783490002155304,181512000
2015-01-20,0.48170401850906075,0.48434019001219886,0.4737954468617418,0.47978681325912476,140308000
2015-01-21,0.4771506282873802,0.487695400340499,0.473795461855907,0.48649710416793823,144780000
2015-01-22,0.4874557279477404,0.49632296002282483,0.48242302093586176,0.49488502740859985,159712000
2015-01-23,0.4953643295721843,0.4972815922175158,0.4912902250154842,0.49632298946380615,120416000
2015-01-26,0.49416598677635193,0.4965625217269726,0.49105048562675496,0.49416598677635193,133240000
2015-01-27,0.486497108436624,0.4869764383374354,0.46948169688851593,0.4704403281211853,357948000
2015-01-28,0.4761920864214839,0.4781093206608194,0.46253181032181756,0.462771475315094,272728000
2015-01-29,0.4630110118565068,0.47667125559749096,0.4608541132222773,0.4740350842475891,235340000
2015-01-30,0.4706799942943984,0.47619203138203364,0.45941628372250776,0.46013522148132324,298200000
2015-02-02,0.46301111093451436,0.4721179515668926,0.4539042703021361,0.47020071744918823,259604000
2015-02-03,0.47355576448173575,0.482422966996429,0.47115922943861893,0.48194363713264465,183468000
2015-02-04,0.4805058760875255,0.4886540857442905,0.47906791472315813,0.48314204812049866,181516000
2015-02-05,0.4836211248079009,0.49129005851435503,0.4831418521624306,0.4910504221916199,140448000
2015-02-06,0.49057122691764815,0.49632295734349824,0.48673675901305097,0.48889365792274475,210524000
2015-02-09,0.48601796034042544,0.4898523719788401,0.4829024580307724,0.4884144961833954,273944000
2015-02-10,0.4888936854206363,0.5023142952726163,0.4867367863896275,0.502074658870697,226204000
2015-02-11,0.503272950824729,0.503272950824729,0.4953643773524583,0.49871957302093506,320832000
2015-02-12,0.5272381578011898,0.5392208315184654,0.5241226569209085,0.5344277620315552,676904000
2015-02-13,0.5332297377206341,0.5353866372298471,0.5250815268697284,0.5346676707267761,310084000
2015-02-17,0.533708774460196,0.5389811735392082,0.5303536373816852,0.5363449454307556,203340000
2015-02-18,0.5356260310094896,0.5365846906711952,0.5291553925514189,0.5301139950752258,170948000
2015-02-19,0.5368245977962391,0.5377832008035731,0.5291556594617126,0.5315521955490112,169432000
2015-02-20,0.5310726436970702,0.5356260198749734,0.5272381765436538,0.5353863835334778,157752000
2015-02-23,0.5351467799259105,0.5351467799259105,0.528436447712499,0.5310726761817932,125008000
2015-02-24,0.5331177980531616,0.5367264151573181,0.5283062703423298,0.5367264151573181,149356000
2015-02-25,0.5345609913898409,0.5369668116171643,0.5302306411680634,0.5326364040374756,123820000
2015-02-26,0.5331177345779309,0.5372075269093967,0.5297496196950228,0.5340800285339355,152864000
2015-02-27,0.5326364170617491,0.533839327204825,0.5287871849049842,0.530711829662323,157492000
2015-03-02,0.5292683238383218,0.5465898386671373,0.5285465892739621,0.5437029004096985,301512000
2015-03-03,0.5396133379720681,0.5422596609234772,0.5319148709305997,0.5335988998413086,160344000
2015-03-04,0.5316742220451955,0.5408160999261473,0.5295090178005267,0.5396132469177246,226840000
2015-03-05,0.5396132617199398,0.5509203441557268,0.5381697921838979,0.5499580502510071,323056000
2015-03-06,0.5468303688731715,0.5494766905642066,0.5420188436033411,0.5425000190734863,257392000
2015-03-09,0.5427406120423478,0.548033313113034,0.5415377019707744,0.543943464756012,222388000
2015-03-10,0.5463492218870369,0.5569346239188602,0.5453869282544827,0.5533259510993958,527212000
2015-03-11,0.5533261203288667,0.5605434108172258,0.5489957689790217,0.5504392385482788,262120000
2015-03-12,0.5451464705344432,0.549236262251567,0.5350422421193661,0.5453870296478271,406972000
2015-03-13,0.5427407843987236,0.5475523114971793,0.5352828772455683,0.5461088418960571,359288000
2015-03-16,0.5504391115639873,0.5559723720643522,0.5468304384733523,0.5526042580604553,236956000
2015-03-17,0.5514015116216497,0.5595810957275273,0.5475522787018474,0.5593405365943909,299900000
2015-03-18,0.5593405501735309,0.5622274319150247,0.5451465285312624,0.5501986145973206,413844000
2015-03-19,0.552123287612279,0.5605434314801204,0.5480334952539092,0.5586188435554504,310756000
2015-03-20,0.5631897784522166,0.5680013053388492,0.5578970759337508,0.5646331906318665,462084000
2015-03-23,0.5477928160951062,0.5550101060240865,0.5461087875141364,0.5463493466377258,426012000
2015-03-24,0.5446653147102642,0.5485145474536546,0.5364857309792607,0.5388914942741394,330480000
2015-03-25,0.5386508421958619,0.5386508421958619,0.5044889290028901,0.5061730146408081,542552000
2015-03-26,0.49582830283333673,0.5066542087355871,0.4922196292939733,0.504489004611969,311920000
2015-03-27,0.5073759485778673,0.5162772669211476,0.4991963649497632,0.5143526792526245,318288000
2015-03-30,0.516758615592324,0.5191643796626874,0.5100224417805428,0.5165180563926697,253252000
2015-03-31,0.5150743850588471,0.5155555032700144,0.503045569410903,0.5035266876220703,357276000
2015-04-01,0.5054513216018677,0.5071353500203435,0.4967905630511945,0.5054513216018677,330768000
2015-04-02,0.5083383510567263,0.5097818207955844,0.5023239702887279,0.5066543221473694,192204000
2015-04-06,0.5044889452603587,0.5230133716532146,0.49919630116918273,0.5213293433189392,515864000
2015-04-07,0.5213294557151579,0.5316742443973619,0.518442516600896,0.5259004235267639,413964000
2015-04-08,0.5263814558278754,0.5316741575535353,0.5213293705610521,0.5297495126724243,366432000
2015-04-09,0.525659899859479,0.54370315779418,0.5254193406767833,0.5420191287994385,379432000
2015-04-10,0.5425000834438873,0.5477927274539566,0.5405754386928429,0.5475521683692932,258728000
2015-04-13,0.5463491934030262,0.5494766905642066,0.5400941990806655,0.5425000190734863,236724000
2015-04-14,0.5403349404756155,0.5425001445552283,0.5326364753200488,0.5379291772842407,220276000
2015-04-15,0.5393725682929051,0.5485144441485298,0.5367261890164025,0.5444246530532837,243560000
2015-04-16,0.5412972517197623,0.5458682191380145,0.5372074598984548,0.5410566926002502,155284000
2015-04-17,0.5297496196950228,0.5393727313288531,0.5295090605455035,0.5340800285339355,293636000
2015-04-20,0.5364856674192325,0.5398537241614487,0.5304712312156339,0.5314335823059082,231624000
2015-04-21,0.5379291184470401,0.5379291184470401,0.5280654502907213,0.530711829662323,230456000
2015-04-22,0.5338395329455798,0.5374481500497363,0.525659889950818,0.5367264151573181,207420000
2015-04-23,0.5268626305784021,0.5396131806342528,0.520848194201303,0.534561038017273,259380000
2015-04-24,0.5343206074740481,0.5345611666324773,0.5239758180085016,0.5299902558326721,240960000
2015-04-27,0.53167426496496,0.5434625236603188,0.5271032969765279,0.5340800285339355,248456000
2015-04-28,0.5331177980531616,0.5386510606564117,0.5280656538062339,0.5367264151573181,234484000
2015-04-29,0.5328769631170435,0.5381696643729148,0.5304712002476313,0.5326364040374756,195156000
2015-04-30,0.5299902362024699,0.5367263512524304,0.5287873257390181,0.5340800285339355,218844000
2015-05-01,0.5384104055867971,0.5489958116793874,0.5360046419035595,0.5473117828369141,256968000
2015-05-04,0.5468304030414607,0.5504390758982716,0.5422594365421366,0.543943464756012,200720000
2015-05-05,0.5420190741230831,0.5427408089563008,0.5275844921745899,0.5299902558326721,292928000
2015-05-06,0.5328772981875441,0.5379294435406106,0.5246977107598425,0.5316744446754456,316484000
2015-05-07,0.5295089944948637,0.5427407211526757,0.5278249659424382,0.5410566926002502,534564000
2015-05-08,0.5054513330016068,0.5254191727312021,0.4929413417731654,0.501120924949646,1146552000
2015-05-11,0.49414425491942193,0.5013616025528227,0.4902950793255075,0.49630945920944214,544144000
2015-05-12,0.4927007826673623,0.5052107165378863,0.4924601662036417,0.501120924949646,388800000
2015-05-13,0.5047296703022351,0.5085789033335845,0.4991964085742816,0.5040079355239868,308524000
2015-05-14,0.5054511313692477,0.5148336210477569,0.5042482216042566,0.5121872425079346,293052000
2015-05-15,0.5143526925959225,0.5167584559229468,0.5093006068165481,0.5124281048774719,215824000
2015-05-18,0.5112252957393469,0.5148339701232331,0.5088195319360674,0.5117064714431763,324972000
2015-05-19,0.5123829455381667,0.5140748263576548,0.5075491485141014,0.5085159540176392,253808000
2015-05-20,0.5087576265818207,0.5147999016736051,0.5080325512658702,0.5085159540176392,196824000
2015-05-21,0.5087576701838162,0.5109328963180905,0.5044072179152677,0.5048906207084656,239692000
2015-05-22,0.5060989640296688,0.5080324594404588,0.5029569907695884,0.5041654109954834,212592000
2015-05-26,0.5017484868980839,0.505132132503178,0.49715636350637493,0.5010234117507935,259732000
2015-05-27,0.5044073667980951,0.5302682425874564,0.5027155429576534,0.5278513431549072,432332000
2015-05-28,0.5278511943108762,0.5367937139273444,0.5268844463351467,0.5351018905639648,327656000
2015-05-29,0.5351019855696779,0.5384856328971932,0.5341352374223052,0.5348603129386902,335168000
2015-06-01,0.5382438051300672,0.5462195758880511,0.5348601587778086,0.5409023761749268,372660000
2015-06-02,0.5375190107404898,0.5404193134858402,0.5297849085018458,0.5302683115005493,224304000
2015-06-03,0.5317181634181855,0.5358268849111764,0.5235006628088009,0.5244674682617188,250788000
2015-06-04,0.5213255113337869,0.5355852295529565,0.5213255113337869,0.5338934063911438,323712000
2015-06-05,0.532201471939618,0.540418971984161,0.5266426002727501,0.538002073764801,313320000
2015-06-08,0.5363105351512499,0.53993585559091,0.5196339113078978,0.5256761312484741,342812000
2015-06-09,0.5261592726488885,0.532201489585932,0.5251925248537697,0.5283344984054565,256888000
2015-06-10,0.522050833549656,0.5254344814736468,0.516008555722445,0.5189088582992554,529460000
2015-06-11,0.518908596212754,0.5280927870282507,0.518908596212754,0.5244674682617188,283052000
2015-06-12,0.5210837257664552,0.5242256991968423,0.5089992347355047,0.5102077126502991,323728000
2015-06-15,0.5075492824646182,0.511658062880513,0.5036822899235284,0.5092411637306213,306548000
2015-06-16,0.508274110670295,0.5162498797466556,0.5031986422120266,0.5155248045921326,256892000
2015-06-17,0.5152833363133138,0.5244675868285038,0.5140749156590821,0.5215672850608826,233544000
2015-06-18,0.5259179150059591,0.5336519596211678,0.524467763633284,0.5302683115005493,299404000
2015-06-19,0.5302681977513468,0.5346185933127224,0.523742575597572,0.5285763740539551,355656000
2015-06-22,0.5295432569149947,0.5324435597759137,0.5184255061127215,0.5264012813568115,514236000
2015-06-23,0.5273679536078978,0.5314766769852013,0.5087578332671362,0.5128665566444397,414064000
2015-06-24,0.5121413778867158,0.514800007130959,0.505374083716099,0.5077909827232361,253368000
2015-06-25,0.5077911405429394,0.5148001671290431,0.5077911405429394,0.5116581916809082,350460000
2015-06-26,0.507549296492012,0.5080326993847187,0.4990901780453128,0.5012653470039368,421296000
2015-06-29,0.49546478396503374,0.5005403124880288,0.48555551479250664,0.4862805902957916,391724000
2015-06-30,0.4891807183421113,0.4913559443346254,0.48265509798797596,0.4860387444496155,315916000
2015-07-01,0.4981234818731597,0.5051324499966968,0.48869755665725,0.49304795265197754,302892000
2015-07-02,0.4928062112146288,0.49667326134992784,0.49038931208299447,0.4935312867164612,145764000
2015-07-06,0.48942250892126193,0.49618980267951246,0.4838636357812358,0.4874889552593231,214776000
2015-07-07,0.4845886608816426,0.48652215671939225,0.46307821716378494,0.4783046841621399,594252000
2015-07-08,0.47564615289570955,0.4785464257074296,0.4710540278664218,0.4749210774898529,332492000
2015-07-09,0.4824135973187619,0.48458882408638126,0.4662203481361013,0.4691206216812134,357588000
2015-07-10,0.47516275996803264,0.4816884099447783,0.47395431053703635,0.4773379862308502,216708000
2015-07-13,0.48217186881900603,0.4831386170092718,0.47733807024425307,0.48048004508018494,212472000
2015-07-14,0.4812050255167582,0.4816883995163504,0.47443770308734834,0.4807216227054596,249216000
2015-07-15,0.4795131836819607,0.4826551579648925,0.47298756251692214,0.4773379862308502,265732000
2015-07-16,0.4802382496725821,0.48797234892845154,0.47854642626475064,0.48797234892845154,282848000
2015-07-17,0.48628049485877706,0.48676384001715894,0.4787880686697631,0.4850720167160034,220372000
2015-07-20,0.48507199107048943,0.4870055444720194,0.474921022988528,0.4761294722557068,188412000
2015-07-21,0.47516271020824064,0.4850720060293759,0.47516271020824064,0.4783046841621399,149720000
2015-07-22,0.4749211975831513,0.4749211975831513,0.4633200745909892,0.4691206216812134,356472000
2015-07-23,0.4700872798664173,0.48193007251915193,0.46912050305470626,0.4749210774898529,169916000
2015-07-24,0.47830465830904284,0.47878803224235317,0.4674286151568995,0.46936213970184326,188844000
2015-07-27,0.4652535023713166,0.4720208255183228,0.46138648115281977,0.4667036533355713,192420000
2015-07-28,0.4679120148482205,0.47999650790472814,0.4630782176256174,0.4768545627593994,198308000
2015-07-29,0.4758878448689214,0.4865222173605556,0.473954319978469,0.4826551675796509,232680000
2015-07-30,0.4814466943476666,0.4886974195317028,0.4814466943476666,0.48386362195014954,190180000
2015-07-31,0.4857970620751907,0.48603873463945646,0.4792714418527678,0.4821717143058777,218340000
2015-08-03,0.48603877560324726,0.49087257303639475,0.47975485622717867,0.49038922786712646,397132000
2015-08-04,0.48869733478623945,0.49377280407970475,0.4867637815148699,0.4923226535320282,260100000
2015-08-05,0.5044072535015633,0.5048906563288657,0.496431481403272,0.4973982870578766,234628000
2015-08-06,0.4961898735347792,0.49981525115397984,0.4860388738244398,0.4942563772201538,655676000
2015-08-07,0.5428361663920162,0.5648299349016646,0.5288181144969987,0.5554040670394897,1405248000
2015-08-10,0.551536972508079,0.5788479408847117,0.5481532673243821,0.5747392177581787,662304000
2015-08-11,0.5662801001156319,0.5773978497897636,0.5662801001156319,0.5718389749526978,435008000
2015-08-12,0.5626545162085125,0.5773975795677339,0.5626545162085125,0.5732888579368591,384048000
2015-08-13,0.574013972676947,0.5752224508049768,0.567004949355237,0.5684551000595093,276884000
2015-08-14,0.5679718071990411,0.5723222601537691,0.5645881599831992,0.5689386129379272,214652000
2015-08-17,0.5679717317898748,0.5679717317898748,0.5583041366719316,0.5653131604194641,273880000
2015-08-18,0.5635658526179467,0.5674491738116473,0.5557992102305455,0.5601679682731628,287084000
2015-08-19,0.5594397701407836,0.565750159037511,0.5519158182104377,0.5579835176467896,249248000
2015-08-20,0.5516732211298578,0.5543429792386613,0.5351691198773673,0.5378389358520508,426932000
2015-08-21,0.5339555244668215,0.5429356710147516,0.5206066204420366,0.5210920572280884,382664000
2015-08-24,0.4919670639829311,0.5298293883146357,0.4854139871919381,0.5026462078094482,682284000
2015-08-25,0.5247326760558195,0.5266743655023843,0.4922099709510803,0.4922099709510803,622684000
2015-08-26,0.5082286513916896,0.5298295783280074,0.5043453302317178,0.5293441414833069,614976000
2015-08-27,0.5349262946520768,0.5494887026039587,0.5317711004759158,0.5492460131645203,463764000
2015-08-28,0.549245927477149,0.5550708781759832,0.5453626077226407,0.5516729950904846,320944000
2015-08-31,0.5490033627895302,0.5528866834261902,0.5434211002241819,0.5456054210662842,219352000
2015-09-01,0.5298295853435968,0.5388097330953837,0.5193931849043033,0.5232764482498169,353408000
2015-09-02,0.5375958768979943,0.5392948181521627,0.5286157340405984,0.5390521287918091,344044000
2015-09-03,0.5470615858903908,0.5497314009498998,0.5395376931450933,0.540508508682251,262556000
2015-09-04,0.531285585100933,0.5397803507485719,0.5276450125846998,0.5278877019882202,287972000
2015-09-08,0.540751290961677,0.552643942465264,0.5385669700944302,0.5504595637321472,238448000
2015-09-09,0.5521584432259274,0.5567698312809284,0.5383241054633519,0.5395376682281494,289392000
2015-09-10,0.5363826174565491,0.5548283481910091,0.5339555491458537,0.5480325222015381,357076000
2015-09-11,0.5419646166166111,0.5533718263390991,0.5397802388402267,0.5497312545776367,301584000
2015-09-14,0.5524012156791176,0.5541001575125627,0.5477897690649861,0.5507022738456726,192460000
2015-09-15,0.5509448968765203,0.559682352299479,0.5492459552478699,0.556769847869873,327976000
2015-09-16,0.5557990738517035,0.5638084037653399,0.5516730641789004,0.5606532096862793,173508000
2015-09-17,0.5703615108454829,0.575458394241422,0.5645365591159905,0.5657501220703125,268712000
2015-09-18,0.5579834386651592,0.5701187779542554,0.5545855552373847,0.5652646422386169,326412000
2015-09-21,0.5659926227147396,0.572303009094157,0.563080118888594,0.5710894465446472,281840000
2015-09-22,0.5587115508296967,0.5625948708782162,0.552643852404036,0.5555563569068909,228356000
2015-09-23,0.5560417301956915,0.5616239918598603,0.5538574097062177,0.5582261085510254,161632000
2015-09-24,0.5548283813869861,0.574730365871795,0.5460909233725365,0.5689054131507874,382440000
2015-09-25,0.5759436931897064,0.5841957696824579,0.567448985151981,0.5730312466621399,369692000
2015-09-28,0.5730311826973852,0.5766717549169281,0.5618666609233098,0.5655072331428528,395584000
2015-09-29,0.5715752052764496,0.5764293424785778,0.5635658731063502,0.5754585266113281,380736000
2015-09-30,0.580797888028692,0.5990009266184148,0.5774000044659308,0.5982728004455566,556380000
2015-10-01,0.5982727359844038,0.5999716775827313,0.5696333024906363,0.5866228342056274,489296000
2015-10-02,0.5834677234844485,0.6019134521484375,0.5774000244558523,0.6019134521484375,386144000
2015-10-05,0.605796834291274,0.6244852543029927,0.6026416397335441,0.6169613599777222,482024000
2015-10-06,0.6104079158936062,0.6276400730425881,0.6079808490613903,0.6249703168869019,453216000
2015-10-07,0.626426843540776,0.6378340568730095,0.6162331352244216,0.6315236687660217,310152000
2015-10-08,0.6288541091914478,0.6368634415588446,0.6181749607909979,0.6351644992828369,460068000
2015-10-09,0.6317661673612427,0.6378338642053852,0.6208443940539699,0.6327370405197144,423248000
2015-10-12,0.6334653438104918,0.6431736739392221,0.6288539549917388,0.6395330429077148,227588000
2015-10-13,0.6344359099652663,0.644629556183252,0.6322515324046241,0.6407462954521179,298444000
2015-10-14,0.6414744971050053,0.6744826831243322,0.6407464289655882,0.6640462875366211,612148000
2015-10-15,0.6652598216843957,0.6793368479201962,0.6584640558228738,0.6657452583312988,526048000
2015-10-16,0.6679296558277396,0.6824920612672088,0.6662306564471984,0.6761816740036011,448396000
2015-10-19,0.6783661242970846,0.6815213182643205,0.6672016007000751,0.6749681830406189,294712000
2015-10-20,0.6720556521066253,0.6771524765535399,0.6669587697938564,0.6739972829818726,264824000
2015-10-21,0.6781234842446923,0.6822495522896115,0.6640465117435779,0.6652600169181824,386280000
2015-10-22,0.673026668631183,0.6914723989206648,0.672055852903499,0.6892880201339722,306884000
2015-10-23,0.6953555259911671,0.6985107196265973,0.684919129627634,0.6938992738723755,381776000
2015-10-26,0.6943847324128799,0.6960836739830493,0.6844337145314997,0.6907441020011902,247436000
2015-10-27,0.6873462369726868,0.6946274401220713,0.686860800283051,0.6902587413787842,208268000
2015-10-28,0.6946273325726701,0.6958408951759338,0.6844336265954835,0.6958408951759338,217036000
2015-10-29,0.6846764740047672,0.6917149298163737,0.6705994466498374,0.6718129515647888,327168000
2015-10-30,0.6790941878163952,0.6934139040602747,0.6739973053345911,0.6885597109794617,301160000
2015-11-02,0.6907440749517679,0.6972971515703347,0.686618065890665,0.69656902551651,190088000
2015-11-03,0.6924431282312971,0.6963264485232653,0.6839484193418643,0.6917150020599365,376768000
2015-11-04,0.6897733881372721,0.6948702135986926,0.6771526113384793,0.6803078055381775,442264000
2015-11-05,0.6837057867318478,0.6856474761364807,0.6705996291805405,0.6725412607192993,478800000
2015-11-06,0.7390429440823428,0.7752062753643006,0.7237524095903974,0.765740692615509,1172272000
2015-11-09,0.7582168600077797,0.7645272490145136,0.7516637236705681,0.7623428702354431,492568000
2015-11-10,0.7523917113359999,0.7565177786694928,0.7317616639978393,0.7477803230285645,552260000
2015-11-11,0.7482658417225911,0.7536054150194431,0.73782944246002,0.7404992580413818,619896000
2015-11-12,0.7388003222082914,0.7455961486173529,0.7346743116119466,0.7378295063972473,291080000
2015-11-13,0.7385573107996408,0.7417125042096558,0.7196261503395511,0.7232667803764343,292940000
2015-11-16,0.7327326799898585,0.7383149432357076,0.7269076693918409,0.7378295063972473,344280000
2015-11-17,0.739771195885212,0.7441398959678486,0.7346743116119466,0.7378295063972473,257048000
2015-11-18,0.7408749062115478,0.7569544560051257,0.7328351603575652,0.7559798955917358,350216000
2015-11-19,0.7586594940095218,0.7657246761385993,0.7525687556658778,0.7581722140312195,254072000
2015-11-20,0.7637758593330345,0.7691357080638571,0.7591469017057604,0.7647503614425659,239744000
2015-11-23,0.7710847136966096,0.7710847136966096,0.7506199370165305,0.7532998323440552,242552000
2015-11-24,0.7532997343128685,0.765968434368153,0.7498889483243203,0.7593904733657837,195428000
2015-11-25,0.7579287154587517,0.7669429607519451,0.7557360423596741,0.758415937423706,138300000
2015-11-27,0.7598777928093089,0.7671866457591944,0.7559797262855833,0.7647503614425659,86996000
2015-11-30,0.7654811626522307,0.776200858855014,0.7647502716345139,0.7727900147438049,327244000
2015-12-01,0.7796117074785953,0.7986147592938709,0.7788808164021926,0.7978838682174683,409496000
2015-12-02,0.7991019003196742,0.8073852542321404,0.7900876554048619,0.7917930483818054,294240000
2015-12-03,0.798127443283023,0.806410797661877,0.7861896336866774,0.7900876998901367,246656000
2015-12-04,0.7900876399850892,0.8237083930944799,0.7900876399850892,0.8222466111183167,458756000
2015-12-07,0.8220028665475198,0.8220028665475198,0.8042179909278904,0.8066542744636536,333588000
2015-12-08,0.7966656594327358,0.8210285005434392,0.7915494802251667,0.8176177144050598,314488000
2015-12-09,0.8173739223241379,0.8222464894667237,0.7886257413315321,0.7969090938568115,372676000
2015-12-10,0.7993453876576431,0.8078724093090831,0.7966654931205999,0.8034871220588684,236596000
2015-12-11,0.7954475701141974,0.8010510295451303,0.7898441106832644,0.7915495038032532,227320000
2015-12-14,0.7922803435080601,0.7978838025757539,0.7839969313521693,0.7934984564781189,275892000
2015-12-15,0.8025127460281932,0.8088470964631165,0.7981274577731827,0.8032436370849609,307296000
2015-12-16,0.8049491411413309,0.8107962704014287,0.7978839567613862,0.8081163167953491,236356000
2015-12-17,0.8093343884574097,0.8176177431087291,0.7954475743453513,0.795934796333313,254160000
2015-12-18,0.790331255554827,0.7983709983849507,0.7820479017557878,0.783022403717041,395896000
2015-12-21,0.7915493638186095,0.8022690007137525,0.784484123509853,0.8015381097793579,284216000
2015-12-22,0.8039744941747585,0.8103088443420631,0.7973965330273557,0.8022691011428833,130012000
2015-12-23,0.8034873685113991,0.8086035482201919,0.8020255862844295,0.805436372756958,122524000
2015-12-24,0.8030001367783677,0.8100653792439164,0.8017819654873125,0.8081163167953491,52448000
2015-12-28,0.7995893098910566,0.8073853850364685,0.7883823901535756,0.8073853850364685,142024000
2015-12-29,0.8078725622610405,0.8229775466903729,0.8056798891780098,0.820541262626648,203660000
2015-12-30,0.8198103162083747,0.8268755569414914,0.8132323554893175,0.8134759664535522,180344000
2015-12-31,0.812258068225912,0.8159124659976469,0.8030001521110535,0.8030001521110535,148528000
2016-01-04,0.7866767136000141,0.7937418950803347,0.7805859758156493,0.7886257171630859,358076000
2016-01-05,0.8034872381856081,0.8146941559938093,0.7917930403522535,0.8012945652008057,490272000
2016-01-06,0.7881386734436936,0.7917931288267107,0.7591468737189501,0.7681611776351929,449344000
2016-01-07,0.7489142946339453,0.7540305310627896,0.7279622432011915,0.7377074360847473,645304000
2016-01-08,0.7472090168167752,0.7479399078476348,0.7204098919991024,0.7218716740608215,398472000
2016-01-11,0.7226024730753392,0.7282059315413211,0.7101773852185337,0.7230896949768066,409372000
2016-01-12,0.7360021064776666,0.7459909119511958,0.7301550362526706,0.7352712154388428,469356000
2016-01-13,0.7408746009368711,0.745747226739234,0.7121264746421403,0.7128573656082153,481672000
2016-01-14,0.6982395000694751,0.7065229104190884,0.6777747303331642,0.6984831690788269,600236000
2016-01-15,0.6704660261793515,0.6785057692742911,0.6490266918976483,0.6604772210121155,841452000
2016-01-19,0.6741203429658962,0.6931233909603539,0.6631570371097727,0.6658369898796082,457140000
2016-01-20,0.6531683726015923,0.6780184930423742,0.6443977384409874,0.6694914698600769,481180000
2016-01-21,0.6768003566430096,0.6877636054001625,0.6629134858193761,0.6772875785827637,481456000
2016-01-22,0.690200192573935,0.6977527168140049,0.688738409941301,0.6931237578392029,257996000
2016-01-25,0.6928799273515003,0.7009196711994651,0.6909308650966491,0.6923926472663879,270728000
2016-01-26,0.6938542520947208,0.7021376048253101,0.686789012137179,0.6992140412330627,227944000
2016-01-27,0.6982396958863596,0.7004323690719649,0.6777749204108323,0.6909308433532715,231700000
2016-01-28,0.6965342609666421,0.6989705449981196,0.6699787475978585,0.6833783388137817,276776000
2016-01-29,0.6892252826983961,0.715049900321564,0.6865453881800467,0.7135881185531616,310504000
2016-02-01,0.7128575781474414,0.7174864781985758,0.706766837642719,0.7138320803642273,289884000
2016-02-02,0.7065229975323553,0.7101773941818303,0.6787493158026422,0.683621883392334,341908000
2016-02-03,0.6889820006536631,0.6931236789174606,0.6711971161814448,0.68703293800354,326772000
2016-02-04,0.6880071962610732,0.7028685686154402,0.6804547336453061,0.6872763633728027,348140000
2016-02-05,0.6826473967342876,0.6901998592412719,0.6419614041748587,0.6439104080200195,600428000
2016-02-08,0.6341653857070213,0.6373325610843681,0.6054171963082122,0.6144315004348755,608852000
2016-02-09,0.6071225377273349,0.646833970174283,0.6041989738816843,0.621009349822998,425372000
2016-02-10,0.6249074535284334,0.6429359434429325,0.616136819544582,0.6195476055145264,335800000
2016-02-11,0.6037116942796519,0.6227147431178187,0.6037116942796519,0.6163803935050964,340144000
2016-02-12,0.6261257338789142,0.6280747964439686,0.6029810007360443,0.6268566250801086,340816000
2016-02-16,0.6358707270094238,0.6585282328929546,0.6339217229757582,0.6575536727905273,485352000
2016-02-17,0.6658370787829712,0.6802111721720374,0.663157125655305,0.6738768219947815,771468000
2016-02-18,0.7291804448846415,0.7547614538523094,0.728449553935372,0.731860339641571,1068660000
2016-02-19,0.7279623770109684,0.7481835993278476,0.7223589176635817,0.7416055798530579,525628000
2016-02-22,0.7523249559389641,0.7764441761437857,0.7508631744564469,0.7679171562194824,449668000
2016-02-23,0.7618266058896184,0.7771751978717916,0.7581721515673958,0.7698663473129272,369380000
2016-02-24,0.7666992710228574,0.7764444063481674,0.7455035494132785,0.7752262353897095,336852000
2016-02-25,0.7781498741664498,0.7808297692133387,0.7630448897231976,0.7769317030906677,349616000
2016-02-26,0.7805861125429736,0.7825351164474326,0.7640193470127103,0.7718154788017273,361964000
2016-02-29,0.7729158963760273,0.7829410359245255,0.7663139695224097,0.766802966594696,323344000
2016-03-01,0.7687590315049657,0.8007906675338745,0.7675364223860981,0.8007906675338745,348700000
2016-03-02,0.796389405326877,0.8083707074372719,0.7949222975913648,0.8054364919662476,233812000
2016-03-03,0.8044583768832215,0.8078815891345004,0.7875867558340752,0.7983455061912537,302004000
2016-03-04,0.8044583152161555,0.8051918689705138,0.7897873567234054,0.795900285243988,175304000
2016-03-07,0.7914989584516372,0.7968783331888667,0.780495710492779,0.7907654047012329,239968000
2016-03-08,0.7826966622532862,0.7873424849644762,0.7738940722784311,0.7763392329216003,274940000
2016-03-09,0.7831855980150796,0.784408149001221,0.7658249192935616,0.7758501172065735,222788000
2016-03-10,0.7804958797112845,0.7848972031679569,0.7589784926916173,0.7746275067329407,286084000
2016-03-11,0.7861197596937992,0.7880759228985162,0.7768281739373574,0.7878313660621643,277400000
2016-03-14,0.7841634788662001,0.7929660655695954,0.7804957101159493,0.7897873520851135,190312000
2016-03-15,0.7856307622908942,0.7907655813938678,0.7719378530524121,0.7858752608299255,226216000
2016-03-16,0.7800067829902306,0.8120384191874853,0.776339013911563,0.8093487024307251,363644000
2016-03-17,0.8064147816625624,0.8103269920960723,0.791499260770198,0.8025025129318237,353680000
2016-03-18,0.8120383126812772,0.8374679612016004,0.806903436644628,0.8267092704772949,545512000
2016-03-21,0.8193739110721733,0.8293990495389674,0.8105713234514019,0.8291545510292053,337780000
2016-03-22,0.8264648914582668,0.8335558146098694,0.8174177470422549,0.8276874423027039,242012000
2016-03-23,0.8313552788349738,0.8479823447695656,0.8276875094098626,0.8418694734573364,429008000
2016-03-24,0.834289377021731,0.8445590723878733,0.8315997184985181,0.8430919647216797,244956000
2016-03-28,0.841624862306446,0.8553177701143291,0.8406468099552858,0.851650059223175,265388000
2016-03-29,0.847982239104576,0.8672990196429717,0.8460261345197402,0.865342915058136,261812000
2016-03-30,0.8685216931828149,0.8863713674585706,0.868032637851709,0.8743900656700134,376700000
2016-03-31,0.8783021513465336,0.8802582556710086,0.8643647477173426,0.8712111711502075,379884000
2016-04-01,0.8658320983564143,0.8844153873969615,0.8592301710905477,0.8839263319969177,348292000
2016-04-04,0.8912616878364532,0.8959075094430414,0.8719449058590528,0.8753681182861328,393940000
2016-04-05,0.8675438185433542,0.8822147819154599,0.8641205471187484,0.8741457462310791,339568000
2016-04-06,0.8631423179771226,0.8758571736173789,0.8467597513927703,0.8753681182861328,453376000
2016-04-07,0.8697443593681082,0.8775688959198268,0.8626534350589119,0.8663211464881897,378104000
2016-04-08,0.8734120120213396,0.8790358859833268,0.8633868149775114,0.8719449043273926,255936000
2016-04-11,0.8770797858963116,0.8917508055913272,0.8743901271292143,0.8773243427276611,387524000
2016-04-12,0.8802584399749652,0.8814810491566475,0.8592300517466332,0.876346230506897,292764000
2016-04-13,0.8802585096359266,0.8985972407319289,0.8802585096359266,0.8983527421951294,350716000
2016-04-14,0.8959074051693906,0.9047099920267977,0.8922396363549678,0.9007977247238159,416564000
2016-04-15,0.9005534084964926,0.9159579240403428,0.8976191928511043,0.9078888893127441,436972000
2016-04-18,0.9061774602220999,0.9061774602220999,0.8951742076966122,0.9039767980575562,307320000
2016-04-19,0.9073997025973682,0.9091113087103577,0.8822145496106216,0.8878384232521057,309152000
2016-04-20,0.8863714951978116,0.8966411922533349,0.8853934426918624,0.8912618160247803,200172000
2016-04-21,0.8915063144666404,0.89566313963655,0.8863714950881255,0.8902837634086609,178280000
2016-04-22,0.8932177980804288,0.8993306687250929,0.8839261554163326,0.8868603706359863,223540000
2016-04-25,0.8871050491515792,0.896152136851749,0.8846598887380948,0.8912618160247803,191972000
2016-04-26,0.8966410129196912,0.9069107079212134,0.8880829240355543,0.8919951915740967,214536000
2016-04-27,0.8897945998960272,0.9127791516250636,0.8880829936444844,0.912290096282959,352396000
2016-04-28,0.9066663294105436,0.9120457056210087,0.8829482793092259,0.8851488828659058,381224000
2016-04-29,0.8814810442130782,0.8834371489361419,0.8592300469278532,0.868766188621521,321904000
2016-05-02,0.8770797864414657,0.885637876410776,0.8729230198725614,0.8802585005760193,256076000
2016-05-03,0.8702332369289962,0.8739009476087651,0.8621642034768522,0.8697441816329956,224024000
2016-05-04,0.8592301575294984,0.8599637114693752,0.8411359824717941,0.8499385714530945,525764000
2016-05-05,0.8570294361850662,0.8650984701171814,0.8487158454417987,0.8550732731819153,246884000
2016-05-06,0.85360640601211,0.8660767664919966,0.851894799337857,0.8638761043548584,183240000
2016-05-09,0.8660765274710547,0.8697442383901687,0.8555623334471999,0.8626533150672913,333336000
2016-05-10,0.8680326403819633,0.880747496055635,0.8597191078094307,0.8792803883552551,269676000
2016-05-11,0.8819702853766329,0.8915063707823726,0.8770799059441252,0.8817257285118103,328176000
2016-05-12,0.888082909923471,0.8919951773998455,0.8540951700247081,0.8697441816329956,670540000
2016-05-13,0.9582590728646065,1.002516508606573,0.9536133097845637,1.0020275115966797,2110256000
2016-05-16,0.9944473760260709,1.0465294000136174,0.9912686625891935,1.031613826751709,973032000
2016-05-17,1.026968127415455,1.0411500903200404,1.013764275143554,1.0338146686553955,628392000
2016-05-18,1.026968025617141,1.0722036266409767,1.026968025617141,1.0602222681045532,541072000
2016-05-19,1.0560659203656917,1.0724486088100116,1.0545989287920925,1.0648685693740845,398880000
2016-05-20,1.0714701489110685,1.0883418290523599,1.0697585427047842,1.0839405059814453,391084000
2016-05-23,1.0885869260009098,1.092743636246499,1.0790507790688044,1.0856527090072632,413636000
2016-05-24,1.0889617665504503,1.115438168251661,1.086019931150625,1.1120059490203857,415788000
2016-05-25,1.1154375923365552,1.1200953596013241,1.0985221059698562,1.1073476076126099,458076000
2016-05-26,1.1093093130132536,1.1272053411597993,1.1061223442927504,1.1191153526306152,309964000
2016-05-27,1.1203410021961362,1.1269600722977016,1.116663650108556,1.1252440214157104,277416000
2016-05-31,1.1301470781064782,1.1477979712616193,1.1294115609056956,1.1453464031219482,412524000
2016-06-01,1.1399528899998077,1.1585843131850695,1.13652078880508,1.1475526094436646,387132000
2016-06-02,1.1536816847543503,1.1654490264250164,1.1424047269181081,1.1556429862976074,329208000
2016-06-03,1.1443657258820865,1.1458365263048094,1.119360248340785,1.1394625902175903,461076000
2016-06-06,1.142404642856774,1.1512301484603682,1.1276955837479945,1.1335792541503906,322512000
2016-06-07,1.1404434659648388,1.1468174033108953,1.1352953127769956,1.1357855796813965,193400000
2016-06-08,1.1360305800875963,1.1401981989785477,1.1227924400414642,1.132108211517334,234616000
2016-06-09,1.1281857231567745,1.1632422538349474,1.1257341553877687,1.1615262031555176,472168000
2016-06-10,1.1477978402943367,1.1580941447528277,1.1311274827794409,1.1325984001159668,400024000
2016-06-13,1.1338243984198233,1.1693713208295293,1.1338243984198233,1.1470625400543213,475588000
2016-06-14,1.1443660837035174,1.1546623912651663,1.131618207543062,1.1492691040039062,298344000
2016-06-15,1.1588299348994435,1.171087426395537,1.1460820595775099,1.1610362529754639,301036000
2016-06-16,1.152455504122736,1.1676548244814757,1.141178551309101,1.1656936407089233,246456000
2016-06-17,1.167164915355649,1.1674100487901755,1.1406885171743357,1.1453464031219482,471000000
2016-06-20,1.1637328938850127,1.180893404459589,1.1629973766334103,1.165939211845398,293768000
2016-06-21,1.1708420445089511,1.1740290126632424,1.1571135213453905,1.158829689025879,212508000
2016-06-22,1.1612812946428177,1.1688810159218164,1.1558880081626424,1.1578491926193237,202620000
2016-06-23,1.168880897880426,1.1899638916793653,1.168145380722693,1.1887381076812744,297880000
2016-06-24,1.1399531422990634,1.1610361378022684,1.1105350253500155,1.1210764646530151,1017684000
2016-06-27,1.1117605673971487,1.1203409382142844,1.0926387584636814,1.109063982963562,449088000
2016-06-28,1.130147040635285,1.1313727077672793,1.1097994465805918,1.1252440214157104,381920000
2016-06-29,1.135049893825407,1.1524556504228882,1.1321080593445394,1.1436301469802856,318932000
2016-06-30,1.1455916048793235,1.1595652635555473,1.1362759493257177,1.1524559259414673,430940000
2016-07-01,1.1460820338311415,1.1610362268931542,1.1399532297721677,1.1438755989074707,218488000
2016-07-05,1.137501608504973,1.1627522239433299,1.128431086464836,1.160791039466858,371084000
2016-07-06,1.1527007248596455,1.1750094988185509,1.1468170561988251,1.1681451797485352,273104000
2016-07-07,1.1759903504026172,1.202711883084555,1.1705970639362515,1.1985442638397217,395400000
2016-07-08,1.2112919320474704,1.2524773830115896,1.2066340467064578,1.246593713760376,481932000
2016-07-11,1.264489734535501,1.2845920762597816,1.2630188172267505,1.2752764225006104,448776000
2016-07-12,1.2894949325046077,1.3061651691957523,1.2733148456139338,1.2943979501724243,436760000
2016-07-13,1.2968498349579067,1.3042044223717473,1.291946815647747,1.2939079999923706,324604000
2016-07-14,1.300771896939774,1.318913050789864,1.289985211211294,1.3071457147598267,316892000
2016-07-15,1.2904762085519945,1.2978307977347703,1.2708641265942315,1.2919471263885498,428616000
2016-07-18,1.3078816361685868,1.3098428204810286,1.2936628453332837,1.2985658645629883,252992000
2016-07-19,1.2978307145179488,1.3171976617440169,1.2953791459818083,1.3120495080947876,382652000
2016-07-20,1.316461812703223,1.336319138771218,1.3110685269388203,1.3292096853256226,296460000
2016-07-21,1.326267913536191,1.3304355324364117,1.3002819002331154,1.304694652557373,361308000
2016-07-22,1.3093525193705244,1.340241551399231,1.2997916145881634,1.340241551399231,315768000
2016-07-25,1.348331555898796,1.36818876597738,1.3424478861434241,1.3650017976760864,312528000
2016-07-26,1.3770142838635975,1.3954005766802984,1.3750530995586638,1.3882912397384644,514508000
2016-07-27,1.4003035392743257,1.4027551072292705,1.3659824061854593,1.3743175268173218,446676000
2016-07-28,1.3775045070830583,1.387555678612521,1.3730917548638324,1.377259373664856,221916000
2016-07-29,1.3824077711824565,1.4034907685485305,1.3576475380971367,1.3998135328292847,409588000
2016-08-01,1.4056972081701407,1.4108453615736396,1.3816723753899294,1.3907428979873657,301120000
2016-08-02,1.3973619053123452,1.3980974225634126,1.360589315880871,1.3738274574279785,282748000
2016-08-03,1.372111182225298,1.3802011692822054,1.3645114619908725,1.3775044679641724,299828000
2016-08-04,1.384123324612621,1.4093739324389325,1.381426740606837,1.402999997138977,272712000
2016-08-05,1.4191803833523347,1.427515504972511,1.412316179300096,1.426780104637146,371588000
2016-08-08,1.4463917546790206,1.4498238556887577,1.4248183813361397,1.440017819404602,305064000
2016-08-09,1.4471272888964415,1.4576688431722002,1.440017952845644,1.4436951875686646,372344000
2016-08-10,1.4564433432805362,1.458649661165106,1.429721810736621,1.4343796968460083,375740000
2016-08-11,1.4419790979049474,1.4696811580703601,1.4390372634472224,1.4635523557662964,681064000
2016-08-12,1.5174854965522284,1.5537678055201245,1.4863513388287701,1.545432686805725,1425744000
2016-08-15,1.5471488502941293,1.556709753402774,1.5231240258337275,1.5439618825912476,573304000
2016-08-16,1.5417558479196152,1.544207299041966,1.5299886253584976,1.5346465110778809,287652000
2016-08-17,1.53464689443456,1.5380789970015127,1.487087491670267,1.499099850654602,595212000
2016-08-18,1.4968931882846745,1.5248403862602766,1.4910095184383587,1.5223889350891113,331684000
2016-08-19,1.5216537491450017,1.537833727847247,1.5150346775756491,1.5263116359710693,291560000
2016-08-22,1.5309689907614392,1.5348914757821093,1.512827833620245,1.5326850414276123,244748000
2016-08-23,1.548281013203687,1.5551578660039118,1.5406672878248007,1.5450881719589233,339764000
2016-08-24,1.5504915312336602,1.5512282867079774,1.5141422342438244,1.521264672279358,298448000
2016-08-25,1.5217561658175558,1.5224929213916605,1.4922838348259797,1.511195182800293,406032000
2016-08-26,1.5151245706562437,1.5320711163346121,1.503089961971871,1.5234750509262085,300024000
2016-08-29,1.5296150822340218,1.5357550617694826,1.5200365595700671,1.522492527961731,274652000
2016-08-30,1.5205278660220816,1.5286327615319657,1.5094757144881281,1.5136510133743286,285544000
2016-08-31,1.5165984279385418,1.5207736101485887,1.502107848565915,1.506528615951538,388544000
2016-09-01,1.507756331719656,1.5566312844309527,1.5065282889956668,1.5509824752807617,428492000
2016-09-02,1.5541753279236417,1.555894540905271,1.5183173233209748,1.5357550382614136,323148000
2016-09-06,1.5411586443621277,1.5502458810806274,1.533299333475438,1.5502458810806274,306812000
2016-09-07,1.5453337901183883,1.552947515659883,1.5185631338117869,1.52740478515625,397988000
2016-09-08,1.5259311368836437,1.5409130026077478,1.5084934195861075,1.538456916809082,315808000
2016-09-09,1.5215102295474425,1.530106294825007,1.4490573447433825,1.4618287086486816,697760000
2016-09-12,1.4424260630470171,1.494985028944098,1.407795982927583,1.4920377731323242,598260000
2016-09-13,1.4883536536860056,1.50554589992934,1.4620741726485944,1.4704246520996094,471768000
2016-09-14,1.4738631876238069,1.4883537644625733,1.4615831112039432,1.483441710472107,319048000
2016-09-15,1.4858978799019915,1.5414041048388265,1.4824593365132162,1.5396848917007446,515212000
2016-09-16,1.5450882681013451,1.5534387494658823,1.5256856342700937,1.5433690547943115,902444000
2016-09-19,1.5595787826602319,1.6028049329436203,1.5524563445561328,1.5637540817260742,417128000
2016-09-20,1.5816831675909981,1.5816831675909981,1.540913101051931,1.5495091676712036,331112000
2016-09-21,1.5541754783802377,1.5959279984548114,1.5539298932323162,1.5929807424545288,336212000
2016-09-22,1.60231357962971,1.6072256336159787,1.587823002803327,1.5969102382659912,308732000
2016-09-23,1.5988752496469598,1.60354160166866,1.5880686833826256,1.5951911211013794,276132000
2016-09-26,1.5770165332865296,1.5865950567103269,1.5603155721380375,1.5802093744277954,230040000
2016-09-27,1.5740693603486124,1.636698143628991,1.573332604867574,1.634242057800293,402752000
2016-09-28,1.6366982919682818,1.6413647617756504,1.619260455764457,1.64013671875,319788000
2016-09-29,1.6374349122626854,1.6605216742099407,1.622207578185347,1.655363917350769,336684000
2016-09-30,1.6644511695127762,1.6993268369125043,1.6546270609435088,1.6828714609146118,429932000
2016-10-03,1.6828717935557405,1.7071864846376787,1.678205323496059,1.6811524629592896,242596000
2016-10-04,1.683608397660882,1.711852683560941,1.6649425191016174,1.6774682998657227,281624000
2016-10-05,1.6917130300047476,1.7089052777262008,1.670591185890588,1.6757488250732422,305440000
2016-10-06,1.6556099425346655,1.6659252240396554,1.6273655353320895,1.6538907289505005,360212000
2016-10-07,1.6649423604176272,1.669363244462307,1.6371892475102627,1.6418557167053223,286260000
2016-10-10,1.6504516788350312,1.6592934463688689,1.632522675745012,1.6479957103729248,287876000
2016-10-11,1.6425925013371354,1.6450484698220746,1.6116464317936088,1.6241722106933594,388540000
2016-10-12,1.617541128444415,1.6401366032293374,1.604033007451571,1.6315405368804932,419920000
2016-10-13,1.6123838970885342,1.6160679097266228,1.5644912643427817,1.605015754699707,390116000
2016-10-14,1.624663692748479,1.6357158458331837,1.6111555707075231,1.6207340955734253,330636000
2016-10-17,1.6204885550420771,1.6357158909057912,1.609190816461698,1.6114012002944946,195328000
2016-10-18,1.6337509105871972,1.6452942330750613,1.6271196427135866,1.6359612941741943,269372000
2016-10-19,1.6249094504197656,1.6401367863828094,1.6165588511910993,1.6325230598449707,199060000
2016-10-20,1.6516800483494598,1.6688722994355139,1.6283478163372562,1.6634689569473267,312084000
2016-10-21,1.6575744663478562,1.6617496484542023,1.6430838873351377,1.6588025093078613,279508000
2016-10-24,1.6700999634811482,1.73862313286707,1.669854261240744,1.7366583347320557,339836000
2016-10-25,1.7337115103586693,1.7757096225904412,1.725361028372623,1.765148639678955,397460000
2016-10-26,1.7504118467124339,1.7916731885830337,1.7486926338938746,1.7722705602645874,333792000
2016-10-27,1.7857792825923402,1.7892177093941244,1.728799420953605,1.735921859741211,388664000
2016-10-28,1.7442723862607532,1.7707974588376874,1.7297818069904511,1.732974648475647,290856000
2016-10-31,1.7386234698471745,1.7592541470449716,1.737641012032946,1.7477108240127563,252388000
2016-11-01,1.754096295689411,1.7636748190517701,1.6772225236447271,1.6958884000778198,473224000
2016-11-02,1.7089055089523226,1.7319921543866097,1.6858187464054135,1.6887660026550293,295848000
2016-11-03,1.696625580902806,1.698099209259769,1.6366984571326482,1.669118046760559,309664000
2016-11-04,1.6580655946251863,1.688029209681038,1.6352245348665824,1.6595392227172852,328780000
2016-11-07,1.7081687669670604,1.7614646173668154,1.7069407239170347,1.7504124641418457,487580000
2016-11-08,1.7570436462411136,1.7626925737258337,1.7315010313100498,1.7477108240127563,429884000
2016-11-09,1.7003095838683298,1.7413253582045916,1.687783918572133,1.7182385921478271,456532000
2016-11-10,1.7558157214265429,1.7560613066020923,1.6396455012826432,1.6644513607025146,869280000
2016-11-11,1.9527889436674588,2.180217168169796,1.927982971914915,2.160568952560425,2175344000
2016-11-14,2.163516293516813,2.1659723791209986,2.053731890332116,2.05422306060791,1348796000
2016-11-15,2.070187584082432,2.147798125389713,2.0613458145824817,2.116852283477783,626092000
2016-11-16,2.145096947565658,2.273301573795736,2.1207822528435427,2.250460624694824,987984000
2016-11-17,2.2671603081856393,2.3280698616822386,2.2263901377171007,2.26912522315979,832988000
2016-11-18,2.2691261559501665,2.3167729628519083,2.2546355754564016,2.292949676513672,576060000
2016-11-21,2.3108780054878104,2.3172636871225327,2.269370957749516,2.283616065979004,436436000
2016-11-22,2.2914754124622965,2.30228186125354,2.268879940098631,2.3000714778900146,330368000
2016-11-23,2.3052367018461193,2.3428701785579835,2.2818696606749334,2.3113861083984375,443236000
2016-11-25,2.3224550706031333,2.339181036097256,2.2976118406186155,2.3160598278045654,195564000
2016-11-28,2.3089264895275723,2.3303259095950093,2.302285176952766,2.3148298263549805,278736000
2016-11-29,2.312124129078461,2.3229469920887627,2.275966599397766,2.2936763763427734,444568000
2016-11-30,2.302285912128321,2.3160604473161115,2.2653903970392246,2.267850160598755,440500000
2016-12-01,2.265389794381926,2.2671115815003606,2.0850933488844428,2.155686855316162,1035524000
2016-12-02,2.121497396668663,2.1842199565453724,2.0937027267810793,2.1756110191345215,478292000
2016-12-05,2.213489809008673,2.277934140799128,2.1891387199681516,2.2599782943725586,602284000
2016-12-06,2.2680962530781748,2.3054839127742186,2.2523540929206822,2.2971208095550537,498796000
2016-12-07,2.2835916891393184,2.344100307813604,2.265389772225389,2.3384430408477783,480804000
2016-12-08,2.3413949152989337,2.376568636203618,2.288757251724002,2.2993338108062744,381544000
2016-12-09,2.3170439649544154,2.3187657523124567,2.231200198055604,2.258502960205078,382312000
2016-12-12,2.2100466721018144,2.2125064354190154,2.1532274530997415,2.2036514282226562,601332000
2016-12-13,2.215949825492061,2.2700634410794005,2.214966014077576,2.2425146102905273,387796000
2016-12-14,2.2762117708415666,2.388620510739026,2.2523525935618287,2.3723864555358887,983980000
2016-12-15,2.383455975549591,2.4582312783967066,2.3760769202439715,2.4279768466949463,746548000
2016-12-16,2.455525449719329,2.4769248743504066,2.403871593327643,2.469791889190674,1089528000
2016-12-19,2.452328368178544,2.519970228529371,2.4351102566934766,2.499800682067871,744656000
2016-12-20,2.57236125836038,2.6104866457356266,2.561046489549614,2.5868735313415527,848056000
2016-12-21,2.5984344728543616,2.6060595982339696,2.5509621677815075,2.6031079292297363,576136000
2016-12-22,2.6274585993632638,2.6778825653182814,2.6203253808706926,2.634591817855835,718612000
2016-12-23,2.616635820737218,2.701741835999237,2.61393022223875,2.700265884399414,647692000
2016-12-27,2.7563473090152124,2.886711693718592,2.7356856289837985,2.885727882385254,1194272000
2016-12-28,2.9418095018336468,2.9499265328375466,2.6734555729737886,2.687229871749878,2295764000
2016-12-29,2.580232117574343,2.742326876986516,2.5285782705828,2.7408509254455566,2175368000
2016-12-30,2.7388829952081934,2.752903360393129,2.6146678000946038,2.625490427017212,1212932000
2017-01-03,2.5679337648356935,2.6163901120639688,2.4444565206291022,2.5091469287872314,1501996000
2017-01-04,2.5433364240118728,2.5949902671628715,2.497339847336833,2.567687511444092,1199220000
2017-01-05,2.5711311821681444,2.602861324223663,2.485533267786341,2.502505302429199,984296000
2017-01-06,2.5298081676787656,2.5642441440784007,2.489223018689434,2.5359575748443604,822856000
2017-01-09,2.545796462800636,2.656483214536337,2.545796462800636,2.638773202896118,916248000
2017-01-10,2.651809780371361,2.685753617760832,2.5981880739184255,2.618849754333496,880920000
2017-01-11,2.6072901251857514,2.6122094183597353,2.561785431802433,2.5866284370422363,525664000
2017-01-12,2.5637528631528057,2.575313469950122,2.4995543503252056,2.544321060180664,625616000
2017-01-13,2.5482565670688433,2.582692552212353,2.5349741726247936,2.5440752506256104,457820000
2017-01-17,2.533498015063537,2.5384173066144453,2.4737271331629276,2.4870095252990723,580612000
2017-01-18,2.4656102509269693,2.5391554350821646,2.437815583452183,2.5322682857513428,654424000
2017-01-19,2.535220638765336,2.61860466368911,2.5330069451082435,2.5866284370422363,644872000
2017-01-20,2.6092566590430595,2.6269666700563827,2.536449461524009,2.5583407878875732,492024000
2017-01-23,2.553174538573133,2.6048283675312183,2.5507147765808873,2.584904670715332,369904000
2017-01-24,2.594990666555596,2.646152611962438,2.5802323228513475,2.640003204345703,428052000
2017-01-25,2.682309761941616,2.6884591686835297,2.6154059055359467,2.651317596435547,522760000
2017-01-26,2.654023772984051,2.7044477463760166,2.6245073179187,2.697068691253662,458800000
2017-01-27,2.7039558001115758,2.7521660797017424,2.6773910144085673,2.7492144107818604,471996000
2017-01-30,2.728306765414349,2.7305204583569456,2.654269679451095,2.706169366836548,496004000
2017-01-31,2.679850269317658,2.706906955612821,2.66140228342344,2.6855075359344482,362756000
2017-02-01,2.71994292181555,2.8070165406635503,2.7022331485362923,2.80283522605896,590004000
2017-02-02,2.7868483286226367,2.846865293202944,2.756348057820163,2.8382561206817627,483240000
2017-02-03,2.8397318569521035,2.8508005576340194,2.8016064627010318,2.81341290473938,372744000
2017-02-06,2.804065000884692,2.8859732631636184,2.804065000884692,2.885481357574463,506768000
2017-02-07,2.9196717061147854,2.974277222661696,2.899994072080427,2.930248498916626,746224000
2017-02-08,2.9122931719776353,2.934676408451014,2.8626069377800265,2.9174585342407227,449580000
2017-02-09,2.923606556364871,2.928526081101919,2.8434203205032986,2.8626058101654053,842568000
2017-02-10,2.9499266245706193,2.9688662859767034,2.7696301495311757,2.7947192192077637,1651092000
2017-02-13,2.7890618020379416,2.8035740775941367,2.661402991177167,2.665830612182617,1180724000
2017-02-14,2.6562376293592855,2.7093674394038962,2.6144225901354146,2.6756694316864014,850632000
2017-02-15,2.6786208127955558,2.700757977143089,2.650580076215723,2.6810803413391113,373020000
2017-02-16,2.690673197388687,2.691903078890702,2.5989261016064082,2.638035535812378,647176000
2017-02-17,2.624506880721197,2.641970821443127,2.5775264898508476,2.637543201446533,563740000
2017-02-21,2.6621402981663205,2.7359315390968164,2.661894228059426,2.7319960594177246,551952000
2017-02-22,2.7440637376528034,2.7534224446418536,2.708845396115706,2.727809190750122,433772000
2017-02-23,2.5982654717006426,2.620184426073657,2.4549299359358927,2.4748785495758057,1592888000
2017-02-24,2.3906504250915286,2.51206700687691,2.3569098959544026,2.498767852783203,1029904000
2017-02-27,2.516992855525954,2.5864440228198635,2.5012308335104962,2.571420907974243,715400000
2017-02-28,2.5810259386033034,2.5908774085511657,2.4820210613213884,2.499260663986206,625360000
2017-03-01,2.556151194154126,2.5704356354819806,2.4901479527934924,2.5315232276916504,504804000
2017-03-02,2.5187166575620576,2.53275471854796,2.4354735794352274,2.4381825923919678,754332000
2017-03-03,2.4275924261651074,2.432517925092343,2.3697162283846613,2.4241445064544678,864692000
2017-03-06,2.3879417107634335,2.4160178367351186,2.3438574156919465,2.4054276943206787,883568000
2017-03-07,2.405427692240396,2.451235947557968,2.3926210630228404,2.431779623031616,603400000
2017-03-08,2.480050073296227,2.494827039490643,2.4251295049234582,2.4273459911346436,638712000
2017-03-09,2.411338254085188,2.4492653767794295,2.398777771874124,2.426853895187378,478060000
2017-03-10,2.453206224061338,2.4650275650400766,2.4229136120978807,2.44113826751709,499740000
2017-03-13,2.4514828020882304,2.5182249744164813,2.4507438947173297,2.508373737335205,774136000
2017-03-14,2.521179605242259,2.530538077993127,2.474386067128181,2.5066490173339844,522016000
2017-03-15,2.5182239880794843,2.5364486403620106,2.4706915470359947,2.5256123542785645,615036000
2017-03-16,2.5362030580819708,2.5571369626904445,2.5221649947743616,2.5566442012786865,523100000
2017-03-17,2.5741295240609903,2.613534690457664,2.5566435445942948,2.6123032569885254,1119688000
2017-03-20,2.629789757833636,2.699487308875962,2.613781354432952,2.6955466270446777,748568000
2017-03-21,2.67830684004042,2.7081069231789536,2.6004820197567367,2.608362913131714,913484000
2017-03-22,2.5972805313984235,2.6662394129479843,2.5933400842769565,2.66156005859375,616764000
2017-03-23,2.653679019434173,2.6736278712912966,2.6278196141304773,2.6374244689941406,533940000
2017-03-24,2.6837251803874778,2.69160607399549,2.6209234727172857,2.646782875061035,439500000
2017-03-27,2.6002361023902445,2.6699336610431588,2.5509799228403383,2.6659932136535645,506644000
2017-03-28,2.6672242908280603,2.6817548794675865,2.64185741459823,2.6522011756896973,432444000
2017-03-29,2.6595900383360065,2.6719041425886148,2.641365380124389,2.6435818672180176,349992000
2017-03-30,2.6507236626285504,2.7090924045068174,2.645059254940107,2.6943154335021973,525532000
2017-03-31,2.684710313965368,2.706383124345953,2.6696871985996316,2.6827399730682373,440808000
2017-04-03,2.6832330004973897,2.7004726042867815,2.6455517831303115,2.6691949367523193,445232000
2017-04-04,2.5465465215371452,2.5716672510971565,2.471184567729061,2.482020854949951,1271280000
2017-04-05,2.4633029949015173,2.521179191229485,2.450496369191422,2.4635493755340576,747048000
2017-04-06,2.468721891571607,2.493596242380354,2.4236523093317857,2.4815285205841064,635120000
2017-04-07,2.4879309410989427,2.5054169180778265,2.4559143800722465,2.470937490463257,429068000
2017-04-10,2.4716773235905585,2.478326784023212,2.40370373044892,2.407890558242798,756332000
2017-04-11,2.3778433716698966,2.435719566296251,2.3729178730110867,2.4165096282958984,618148000
2017-04-12,2.4165102342073284,2.430794442258566,2.3913895036201556,2.39656138420105,414092000
2017-04-13,2.3724257314380846,2.3940983048471662,2.3517379760742188,2.3517379760742188,506892000
2017-04-17,2.364544780272681,2.4440935636431433,2.359372899763019,2.443847417831421,497292000
2017-04-18,2.429562402431561,2.451481587850071,2.4037030059785804,2.445324420928955,370116000
2017-04-19,2.4628111998558007,2.4869466443917414,2.4482806100187,2.454930305480957,380828000
2017-04-20,2.4694607776958026,2.4985219559857987,2.448280493405277,2.493842601776123,404016000
2017-04-21,2.4834993431664096,2.506896121164708,2.4716779986557205,2.5041871070861816,341896000
2017-04-24,2.535710194209574,2.548516823214267,2.5147765253189474,2.53546404838562,371820000
2017-04-25,2.5499944180038687,2.5940787085073245,2.528567989566946,2.5795481204986572,388440000
2017-04-26,2.5930938808343194,2.5955565134355374,2.5598458745621926,2.5618162155151367,327004000
2017-04-27,2.569205029511451,2.610087556259433,2.5512265166026133,2.6017141342163086,319700000
2017-04-28,2.594818261695914,2.601714103841039,2.5630478298347183,2.5687124729156494,348248000
2017-05-01,2.5795480408062277,2.6315134579593793,2.5724058199239215,2.6263413429260254,307732000
2017-05-02,2.5994966326968756,2.6007280661669334,2.5258584143676903,2.548516273498535,629972000
2017-05-03,2.5416202179323193,2.5770847002910715,2.526843487291447,2.5674798488616943,336904000
2017-05-04,2.5736367956905744,2.584719461171228,2.5497475049821383,2.557628631591797,209788000
2017-05-05,2.54605381704411,2.5650173770727904,2.530537942148709,2.557875156402588,228428000
2017-05-08,2.5696969233909654,2.571174502844636,2.51970184469319,2.5310308933258057,365240000
2017-05-09,2.536695337922424,2.5842275500321854,2.5283216829446,2.535217523574829,847672000
2017-05-10,2.814746786240692,3.00019652625086,2.8080973259094417,2.9871435165405273,2129096000
2017-05-11,2.95660467620869,3.2122444879911485,2.953156755790905,3.1154558658599854,1939792000
2017-05-12,3.118657911087424,3.191803388276,3.0977240060748827,3.149689197540283,962620000
2017-05-15,3.1908183302500723,3.310264591094834,3.1863851215693786,3.3078017234802246,1087540000
2017-05-16,3.35878269921038,3.384888726639058,3.284406004655166,3.369372844696045,1120700000
2017-05-17,3.3026300588414914,3.3213474781439447,3.141315977465027,3.145502805709839,1271368000
2017-05-18,3.1893400151724665,3.2861286303624024,3.129001177316484,3.2772624492645264,1156032000
2017-05-19,3.378344164916682,3.40768235370232,3.333720398880428,3.3529505729675293,1018372000
2017-05-22,3.3965887178959764,3.4387470285648796,3.385740781197584,3.424447774887085,836608000
2017-05-23,3.444171142220138,3.4463899636458977,3.345801433016775,3.378344774246216,681248000
2017-05-24,3.475233793199202,3.477945894018367,3.4042301238121535,3.4163107872009277,815996000
2017-05-25,3.4515672305204474,3.45230691602231,3.363798819825326,3.4086692333221436,608228000
2017-05-26,3.400532615005211,3.5817397682319263,3.380316351858587,3.496929883956909,779140000
2017-05-30,3.542787239914688,3.606641191255746,3.5267622095865256,3.5716326236724854,989652000
2017-05-31,3.6165019482286525,3.6241447363909933,3.5021072361841976,3.558811664581299,887316000
2017-06-01,3.5745901712722277,3.575576496794286,3.5136947391954503,3.55905818939209,503340000
2017-06-02,3.5560999855360116,3.582233264386071,3.535390674601021,3.5413076877593994,487456000
2017-06-05,3.525035780117917,3.661865583310814,3.513448394768166,3.649045467376709,817376000
2017-06-06,3.644361141632944,3.6904642774354706,3.6192141903945796,3.6325273513793945,758728000
2017-06-07,3.656934574651522,3.69514827893029,3.6414025938686745,3.6764111518859863,612612000
2017-06-08,3.7834106859235215,3.94464825285427,3.7422384649272717,3.943169116973877,1161744000
2017-06-09,4.061508036091195,4.154207119752375,3.519365205176831,3.6882455348968506,3692928000
2017-06-12,3.5965325130376598,3.7400190145561973,3.503586789949396,3.6973674297332764,1697532000
2017-06-13,3.8065845728409085,3.815706731560428,3.590861671820395,3.7326226234436035,1672504000
2017-06-14,3.735580969115222,3.7982021713586356,3.6611257426194843,3.740511655807495,1184640000
2017-06-15,3.623159176398944,3.7868619576745894,3.6118181950116477,3.756537675857544,963824000
2017-06-16,3.7661525797616067,3.8139814956329006,3.7040244112134193,3.738046884536743,924960000
2017-06-19,3.782177570386992,3.8837524143273754,3.7784796135025065,3.878575086593628,778176000
2017-06-20,3.9207332138848434,3.9875456612321845,3.868713298754314,3.8729043006896973,1095444000
2017-06-21,3.900517291074151,3.9352794509320526,3.8386355256277778,3.9315812587738037,682652000
2017-06-22,3.9397165843861486,3.9530299803879188,3.8805469282153835,3.90446138381958,469132000
2017-06-23,3.912104742758777,3.927883367062651,3.7774935084634222,3.7925326824188232,1088588000
2017-06-26,3.8253222534593307,3.8608240977558985,3.656935192015024,3.7511136531829834,1063960000
2017-06-27,3.7336092056554144,3.7422380852138897,3.608120139106439,3.613790512084961,999492000
2017-06-28,3.6813425994987306,3.7459362279256134,3.593327558921808,3.7412519454956055,994948000
2017-06-29,3.7128999205782436,3.7158581920594695,3.5521554141315024,3.61625599861145,1064424000
2017-06-30,3.633513231265619,3.6470730316264435,3.5378556487749755,3.5639889240264893,731060000
2017-07-03,3.5760693693672363,3.590861665171587,3.4165576160174305,3.4350481033325195,709072000
2017-07-05,3.498409198821919,3.555606674924944,3.4794256652149875,3.526761531829834,820188000
2017-07-06,3.4976697327146473,3.5842053967269725,3.4456495841948076,3.537362575531006,746284000
2017-07-07,3.5940668603958397,3.6364718027947545,3.571138495932102,3.61822772026062,654972000
2017-07-10,3.691697137236971,3.796723293180096,3.6655638595565008,3.7893271446228027,958492000
2017-07-11,3.7930246886402927,3.8507152018204374,3.7511127954416708,3.8430724143981934,757956000
2017-07-12,3.902735437994072,4.018609284166019,3.859837450895551,4.006528854370117,1145208000
2017-07-13,4.018609297375198,4.099967630111991,3.913829790297327,3.960179328918457,1369132000
2017-07-14,3.976452043177156,4.068165054223206,3.9695489385951275,4.066686153411865,941948000
2017-07-17,4.100707978259597,4.129553359604619,3.9877923845376433,4.049427509307861,930792000
2017-07-18,3.988532828762602,4.106132962625271,3.9766987997934153,4.091587066650391,776640000
2017-07-19,4.100706388474558,4.127086298173017,4.058301691120276,4.070382118225098,687044000
2017-07-20,4.09084561689386,4.1297987693603195,4.041044530843994,4.129552364349365,699596000
2017-07-21,4.109091500190759,4.1739317883539035,4.094792008409364,4.144346714019775,648332000
2017-07-24,4.151495382262104,4.16111035204074,4.085669024142947,4.0962700843811035,652524000
2017-07-25,4.073342475412102,4.090847112599931,4.032909937619727,4.076547622680664,496556000
2017-07-26,4.133991379328136,4.189463090731363,4.088874324688348,4.123636722564697,640404000
2017-07-27,4.14853564218558,4.160123260333032,3.8844908229736324,3.9875447750091553,782856000
2017-07-28,3.9517972947574473,4.077286594312323,3.9268969821075874,4.0528788566589355,513348000
2017-07-31,4.066438193290225,4.1024330776482305,3.9599329108716357,4.006528854370117,559672000
2017-08-01,3.9971600679360977,4.057069403518674,3.969301253496339,4.0553436279296875,431384000
2017-08-02,4.086408754079938,4.090353115961001,3.975958627352933,4.0528788566589355,478444000
2017-08-03,4.05238479064642,4.108102881977157,4.035373442150098,4.104404926300049,442420000
2017-08-04,4.127088146322244,4.192914512439405,4.104406652281488,4.122404098510742,589096000
2017-08-07,4.1514959354084855,4.249618767665108,4.14188049411003,4.249125957489014,717412000
2017-08-08,4.287090944170613,4.303609011562781,4.159383105174048,4.198583126068115,755336000
2017-08-09,4.152480102172168,4.245672438298626,4.133742978909622,4.243206977844238,530784000
2017-08-10,4.2444398946369395,4.256767198133595,4.051398977240928,4.061507225036621,1328088000
2017-08-11,3.8741371128462263,3.9199936110045717,3.769850640220084,3.845045328140259,1497196000
2017-08-14,3.936512093213958,4.155439938462175,3.9249247068549793,4.151741981506348,1279020000
2017-08-15,4.156919681721959,4.183052728297874,4.082464434131405,4.116733551025391,764532000
2017-08-16,4.131772880500717,4.155194061260784,4.03932018295067,4.0716166496276855,596632000
2017-08-17,4.063233011089507,4.080243890553686,3.9786695428124434,3.9808881282806396,525444000
2017-08-18,4.035127452660243,4.0521388029082015,3.935771452083458,3.981627941131592,601204000
2017-08-21,4.0060361717191615,4.0173769165480335,3.8798074323025435,3.923691511154175,623672000
2017-08-22,3.960210708852366,4.01696481579482,3.940963608638758,4.011042594909668,450456000
2017-08-23,3.9777312249130286,4.102343559017083,3.9690942791568165,4.0912394523620605,579520000
2017-08-24,4.123318779692817,4.127760800017181,4.049785411456159,4.076188087463379,469700000
2017-08-25,4.100369547249984,4.110486695181089,4.035718825794448,4.042134761810303,357200000
2017-08-28,4.06113490960157,4.073966310674227,4.005614378935982,4.07075834274292,389496000
2017-08-29,4.012031913597884,4.085812381504118,4.003888679550643,4.0640974044799805,324096000
2017-08-30,4.083837227371453,4.099383355759798,4.053486248552185,4.0882792472839355,384400000
2017-08-31,4.108512028744885,4.185006717267959,4.101109605416797,4.181058883666992,612684000
2017-09-01,4.1936448982720345,4.241762546696998,4.185007950756027,4.206229209899902,445432000
2017-09-05,4.154906035880689,4.1598413028910715,4.035969207240048,4.09395694732666,695364000
2017-09-06,4.126774126781559,4.140592491450574,4.056694873972055,4.091487407684326,397672000
2017-09-07,4.108266451135546,4.142812357188386,4.070265954477423,4.110487461090088,352868000
2017-09-08,4.098889548180518,4.113694868928455,4.014991946187767,4.0391740798950195,498856000
2017-09-11,4.084822584661707,4.18081120699432,4.079393608851173,4.170200347900391,567444000
2017-09-12,4.194876574495957,4.194876574495957,4.12010919274396,4.185253143310547,411488000
2017-09-13,4.160085388556763,4.232878885290844,4.127760491849729,4.20400857925415,580960000
2017-09-14,4.165021321671949,4.258049133364543,4.14059256105081,4.1800737380981445,513712000
2017-09-15,4.265451378809329,4.444350719451904,4.260269492191347,4.444350719451904,1364792000
2017-09-18,4.568468943563326,4.718004230469194,4.561559762772193,4.627937316894531,1684460000
2017-09-19,4.5776000836369635,4.684692878764824,4.555638485479901,4.6230034828186035,874280000
2017-09-20,4.626703838446828,4.674081146439339,4.545520491706357,4.585741996765137,724920000
2017-09-21,4.482104117027129,4.508260639988848,4.3826608525460555,4.460389614105225,1075600000
2017-09-22,4.4490385055449515,4.498636822570755,4.407089705956855,4.416959762573242,491232000
2017-09-25,4.386114599843208,4.387348650945643,4.19882593035556,4.219553470611572,874580000
2017-09-26,4.3540357397041225,4.409062550954901,4.203513530023849,4.243241310119629,1125620000
2017-09-27,4.33355464879167,4.349594015727894,4.262735094747809,4.336268901824951,713720000
2017-09-28,4.343425182877306,4.347373487232075,4.287658031286867,4.335035800933838,435244000
2017-09-29,4.418935396823112,4.434974302180255,4.373778616070399,4.411285877227783,619092000
2017-10-02,4.461376193978597,4.49049359050854,4.367608538186016,4.416959762573242,503480000
2017-10-03,4.4231284173264385,4.455947495502793,4.381919956113937,4.426089763641357,390332000
2017-10-04,4.432260024607311,4.485312946735495,4.395739722514229,4.463104724884033,427848000
2017-10-05,4.487533957389768,4.490988548760033,4.430779351181859,4.460637092590332,437364000
2017-10-06,4.432999126532874,4.487038992476936,4.41695975507425,4.4737138748168945,318800000
2017-10-09,4.510480873474691,4.607703591995316,4.491727247865102,4.5746378898620605,563492000
2017-10-10,4.7236800345069,4.761187290244358,4.62078217390146,4.661990642547607,974876000
2017-10-11,4.678522680700664,4.71306905596208,4.632626046099398,4.711588382720947,529508000
2017-10-12,4.7150435477905255,4.764641871539029,4.686666484024716,4.713809967041016,528292000
2017-10-13,4.775992483557607,4.81177244288442,4.729108885804572,4.801655292510986,628728000
2017-10-16,4.831513104326579,4.8870336505873215,4.768343039663124,4.884072303771973,576640000
2017-10-17,4.863344095500636,4.908007148435938,4.845084185022525,4.879630088806152,478596000
2017-10-18,4.88851384839967,4.889253714378823,4.770316963661443,4.8754353523254395,567316000
2017-10-19,4.797952097369897,4.88579750434866,4.748847509828158,4.880862712860107,570772000
2017-10-20,4.897890955677958,4.925033966777259,4.849772836939612,4.858656406402588,451620000
2017-10-23,4.880369280366201,4.9067724166286295,4.831511311912816,4.85174560546875,428696000
2017-10-24,4.860876651927827,4.904306125975059,4.83496722308686,4.902578830718994,407244000
2017-10-25,4.8630973851669195,4.915903669121941,4.717263784669593,4.778706073760986,828160000
2017-10-26,4.806342981512302,4.840395168035618,4.782407472703444,4.828797817230225,322744000
2017-10-27,4.880864040723219,4.981294252288455,4.854954142760017,4.981047630310059,572192000
2017-10-30,4.9810473431084725,5.085425382920258,4.965254595001695,5.029905319213867,504056000
2017-10-31,5.061738191741753,5.129843051892422,5.056062590623898,5.103193283081055,411908000
2017-11-01,5.1658697271553615,5.181168764657281,5.0486597843027905,5.11281681060791,502576000
2017-11-02,5.083205316935321,5.12786837054264,5.025217145580886,5.081724643707275,342308000
2017-11-03,5.112816895637146,5.14958381652832,5.0669202530208235,5.14958381652832,353640000
2017-11-06,5.112816040053674,5.181414605792804,5.100478351361336,5.172778129577637,389944000
2017-11-07,5.195479105060958,5.253467266688198,5.1833880405829715,5.231998920440674,427700000
2017-11-08,5.227557565489611,5.231259248075691,5.11380271815011,5.161180019378662,522988000
2017-11-09,5.065192696409627,5.091348750075029,4.9442815447434665,5.0664262771606445,978564000
2017-11-10,5.257910610678226,5.39584810052816,5.222130648916055,5.333418369293213,1253256000
2017-11-13,5.33341703786811,5.358832749540778,5.2315061572511885,5.246805191040039,582376000
2017-11-14,5.255936801907377,5.300353246142824,5.2122606944962255,5.2850542068481445,529292000
2017-11-15,5.230025482309857,5.231259533456734,5.127621357791847,5.1814141273498535,501948000
2017-11-16,5.255441375550552,5.285545726872409,5.2127522447468815,5.221635341644287,441768000
2017-11-17,5.2786370306660775,5.31392327018724,5.200415034451737,5.2154669761657715,515664000
2017-11-20,5.231013387196668,5.294677165489488,5.194246469201468,5.282586097717285,396100000
2017-11-21,5.322313210280413,5.342794130397142,5.290481560536533,5.331196308135986,399176000
2017-11-22,5.358359740780388,5.358359740780388,5.274650632517011,5.307245254516602,356640000
2017-11-24,5.323541324645499,5.358358491793912,5.299095128354143,5.357370376586914,180752000
2017-11-27,5.366014676120123,5.367249113970685,5.2845276485914425,5.287737846374512,422896000
2017-11-28,5.292922832387818,5.302306160495451,5.142049202613219,5.203040599822998,512752000
2017-11-29,5.185753973503644,5.188470112425873,4.722021410189646,4.850177764892578,1396788000
2017-11-30,4.918825384343876,5.004756565350237,4.855858700600845,4.956111431121826,823768000
2017-12-01,4.921540834628558,4.941789189353718,4.752641429319346,4.881291389465332,811548000
2017-12-04,4.939812212810802,4.945985811813881,4.555838186380829,4.609174728393555,1240844000
2017-12-05,4.503984534332593,4.758321553039635,4.459043655943532,4.635844707489014,981488000
2017-12-06,4.585471987872158,4.69510853690682,4.564235982135408,4.673378944396973,467032000
2017-12-07,4.740048085684807,4.780544796670754,4.694613153463657,4.74078893661499,542600000
2017-12-08,4.790668012075413,4.809681928054298,4.72004651036949,4.728442192077637,466876000
2017-12-11,4.742519124868883,4.809684138421246,4.726715869315257,4.806720733642578,372748000
2017-12-12,4.7632609779938075,4.786472271749457,4.688935196712779,4.712393283843994,455016000
2017-12-13,4.753382020939242,4.754616458388995,4.58991490318919,4.597322940826416,554280000
2017-12-14,4.590903388771166,4.675353337787176,4.558308770760704,4.604484558105469,438164000
2017-12-15,4.648438340726052,4.750420038118922,4.583495896964614,4.7301716804504395,670036000
2017-12-18,4.770667556389095,4.889687404876546,4.74103634416411,4.886724472045898,477704000
2017-12-19,4.877342181633996,4.882527668424535,4.814128224681,4.842525005340576,373100000
2017-12-20,4.881786521877626,4.8909225860625005,4.804003753747096,4.859562873840332,288820000
2017-12-21,4.863018873018598,4.887958655888736,4.828695763535771,4.837091445922852,300904000
2017-12-22,4.8002983686390674,4.831164483844602,4.722515626446848,4.821781158447266,466276000
2017-12-26,4.76646912350389,4.883019611346507,4.736590650682599,4.875364780426025,355080000
2017-12-27,4.862031879793944,4.937838882780134,4.847463065811417,4.868698596954346,329488000
2017-12-28,4.892405445107379,4.9232715779048375,4.868206502493647,4.874379634857178,240248000
2017-12-29,4.900553514670071,4.900553514670071,4.778076648712158,4.778076648712158,279964000
2018-01-02,4.8343745490267915,4.9262325212577105,4.802768051762325,4.922528266906738,355616000
2018-01-03,5.0398209418013105,5.276873030919499,5.031178464326242,5.246500492095947,914704000
2018-01-04,5.3277399216062165,5.38428668271751,5.251932446899893,5.274156093597412,583268000
2018-01-05,5.288971564597203,5.356136083669661,5.212176454343494,5.318850040435791,580124000
2018-01-08,5.4423143725652325,5.555901465342016,5.397373027882378,5.481822967529297,881216000
2018-01-09,5.487257325016361,5.526765934947544,5.398856774971853,5.480343341827393,497000000
2018-01-10,5.387990627341934,5.526764791172021,5.33366641767401,5.523307800292969,582664000
2018-01-11,5.555901280923127,5.58726145673746,5.511700788622706,5.533184051513672,406032000
2018-01-12,5.521333074143963,5.555656193077837,5.4655271567039865,5.506023406982422,359916000
2018-01-16,5.532443747287633,5.617880865788269,5.350704010135814,5.435153484344482,702348000
2018-01-17,5.4497223136245685,5.558864779376796,5.355889511892631,5.548987865447998,538408000
2018-01-18,5.529725568545394,5.596396484631688,5.49861266276359,5.542072296142578,408632000
2018-01-19,5.632204027514249,5.706282545208724,5.6052889489269235,5.682083606719971,609380000
2018-01-22,5.689984589553513,5.772211989215612,5.632450183320997,5.770483493804932,550944000
2018-01-23,5.823818590085952,5.922096481349807,5.805299202916989,5.899379253387451,475228000
2018-01-24,5.902589945397093,5.938394759156828,5.767025993334276,5.822585105895996,579972000
2018-01-25,5.876908937643834,5.9201217873348,5.8213502995805415,5.836165904998779,409884000
2018-01-26,5.879871609972731,6.008768350136301,5.867031294612784,6.008521556854248,516356000
2018-01-29,5.993953241669754,6.126554246914878,5.941357538495678,6.095440864562988,455116000
2018-01-30,5.9537038376780185,6.084823142037893,5.887032909160199,5.993459224700928,570832000
2018-01-31,6.068773900387158,6.155199143875029,6.0361792801898755,6.069514751434326,478576000
2018-02-01,5.889750569156849,6.096677388489884,5.878391951500347,5.938642501831055,519224000
2018-02-02,5.8522170708127845,5.8761692122464035,5.70825742887083,5.766285419464111,718464000
2018-02-05,5.605288167231631,5.759124725722033,5.0620442099654275,5.276872634887695,1165204000
2018-02-06,5.0472278136425,5.57318626405171,5.0373504296823395,5.570223331451416,1114800000
2018-02-07,5.668994251809078,5.8020888318594785,5.597878695706052,5.649733543395996,802932000
2018-02-08,5.775173819591477,5.808262016728006,5.370950913075161,5.3711981773376465,1144000000
2018-02-09,5.883082013651636,5.898885261891157,5.37119834714765,5.730726718902588,1674604000
2018-02-12,5.811721451971718,5.814684856532062,5.556644002443449,5.630722522735596,1093172000
2018-02-13,5.594422507483304,5.790484254656035,5.562074685872346,5.7443084716796875,625524000
2018-02-14,5.704060004472654,5.990250813952045,5.692948180613447,5.961359977722168,744988000
2018-02-15,6.044574406786816,6.13297493093032,5.963828714785373,6.086799144744873,698900000
2018-02-16,6.059637210328734,6.173224311591797,6.011979722715716,6.021116256713867,637656000
2018-02-20,6.043587059178459,6.219400471784907,6.0398828041022865,6.15050745010376,686240000
2018-02-21,6.214954157019103,6.221868136653164,5.95987634843524,5.963580131530762,892292000
2018-02-22,5.997433245034983,6.069086919541259,5.917625614895713,5.983102321624756,534364000
2018-02-23,6.042896798610495,6.076499938964844,5.9922449056726785,6.076499938964844,415300000
2018-02-26,6.122701895089861,6.127149291469299,6.030292943975575,6.092557907104492,469312000
2018-02-27,6.065873456547653,6.150128938266392,6.056731715809551,6.079710483551025,455436000
2018-02-28,6.0905826933433405,6.130115850206077,5.967782771820318,5.979395866394043,523116000
2018-03-01,5.9771714232388495,6.031035498043806,5.636444803216449,5.737501621246338,1040120000
2018-03-02,5.630019649725559,5.8509115742309685,5.4815231620254234,5.844487190246582,913428000
2018-03-05,5.794328943702791,5.862029557266009,5.6710347004087245,5.82249641418457,620776000
2018-03-06,5.907742614445411,6.002622487963582,5.864750311666506,5.983349800109863,636808000
2018-03-07,5.880562549530063,6.027576919595379,5.879327344549998,5.975442409515381,581208000
2018-03-08,6.002867703637452,6.002867703637452,5.9149061354144825,5.959134101867676,411912000
2018-03-09,6.006573892223446,6.074521467925761,5.9905138731861145,6.061673641204834,505524000
2018-03-12,6.1029366088716035,6.251185699554829,6.094782654396949,6.171131134033203,605060000
2018-03-13,6.213875849328938,6.28824780511237,6.07921591098693,6.120478630065918,619772000
2018-03-14,6.163471502138722,6.190650721838629,6.083663883882365,6.145928859710693,505496000
2018-03-15,6.159518522086137,6.241796550769239,6.11874969218862,6.1607537269592285,401952000
2018-03-16,6.177059507022573,6.207944804557686,6.139502879654894,6.188919544219971,399456000
2018-03-19,6.1320919277643275,6.161000243993237,5.855853764205862,5.954686641693115,713772000
2018-03-20,5.957650839295235,6.2054745560434075,5.957650839295235,6.166682720184326,554696000
2018-03-21,6.160258768339329,6.226477242198689,6.1110895132459655,6.141480922698975,438688000
2018-03-22,6.078229347549368,6.124680787800747,5.9383806619957715,5.975689888000488,551196000
2018-03-23,5.989275935318532,5.991746815300183,5.745158836906404,5.756277561187744,735620000
2018-03-26,5.880561753784872,6.041906553384697,5.828674668740064,6.040671348571777,611424000
2018-03-27,6.1214667902168935,6.177060428326292,5.43210709147728,5.572202682495117,1409000000
2018-03-28,5.537859467379129,5.667824617577534,5.361689827086438,5.469170570373535,945904000
2018-03-29,5.537363877539234,5.81879073560349,5.453108871312396,5.722181797027588,916628000
2018-04-02,5.651763826874527,5.79778944981991,5.37404303062302,5.461757183074951,922092000
2018-04-03,5.6285385874770215,5.691544407182308,5.469170288265712,5.568003177642822,667432000
2018-04-04,5.312520973949269,5.600372327678425,5.287565681619228,5.58999490737915,789168000
2018-04-05,5.648303662971835,5.661398905403933,5.398503442460601,5.469910144805908,701240000
2018-04-06,5.3673718781755655,5.475346975127524,5.264585489977508,5.293741226196289,662988000
2018-04-09,5.356747878247084,5.484489560749731,5.3023894347219755,5.322403430938721,499524000
2018-04-10,5.552437213274264,5.6581883844427345,5.49536094111408,5.631256580352783,761676000
2018-04-11,5.616432822972658,5.657695557383344,5.557380023217859,5.58999490737915,460244000
2018-04-12,5.682896854549457,5.814344627825064,5.638668880942705,5.7965545654296875,593920000
2018-04-13,5.8600534187104,5.868454318867843,5.671776832869516,5.7199578285217285,503036000
2018-04-16,5.7266291042846555,5.75306700922149,5.625572299221727,5.719710826873779,350792000
2018-04-17,5.771846621525627,5.8904460934350125,5.716252971795476,5.869196891784668,447224000
2018-04-18,5.818790588362269,5.9114464924525745,5.7513373842584405,5.840286731719971,391364000
2018-04-19,5.726135189444897,5.7594913744128435,5.6038296491681026,5.659175872802734,471996000
2018-04-20,5.650527592750426,5.734782597827774,5.619889708986493,5.651021957397461,386200000
2018-04-23,5.668812361040737,5.719958133507901,5.505737995704806,5.531681537628174,427508000
2018-04-24,5.557379209219602,5.653246859552801,5.400234833211706,5.4654645919799805,414596000
2018-04-25,5.435815069761808,5.474854339013972,5.196145211344037,5.353289604187012,588492000
2018-04-26,5.5148796816834365,5.572944202692886,5.44890862482424,5.56479024887085,375824000
2018-04-27,5.670540986708159,5.690307558874956,5.549964566600113,5.592215538024902,400848000
2018-04-30,5.608525393307064,5.658189027463611,5.537613026569521,5.556885242462158,327844000
2018-05-01,5.548729654613741,5.61494765130067,5.490170775009389,5.612229824066162,253788000
2018-05-02,5.608770757760308,5.653245194599308,5.565531054308875,5.591722011566162,268248000
2018-05-03,5.62359615167403,5.782964431798426,5.57837992758132,5.756773471832275,443144000
2018-05-04,5.728111633202851,5.909964301493581,5.710815939958727,5.906752109527588,400660000
2018-05-07,6.011269041796054,6.201522641365676,6.001385517587172,6.14444637298584,687616000
2018-05-08,6.144693033340903,6.189662312359762,6.0957707218406165,6.186944484710693,506616000
2018-05-09,6.206958841101183,6.322099174849618,6.17977961841624,6.319875240325928,596760000
2018-05-10,6.372750852816729,6.436497985127587,6.354960791030304,6.427356243133545,994080000
2018-05-11,6.245750302554876,6.4189551572692665,6.190404073614181,6.288989543914795,1214456000
2018-05-14,6.32704047074805,6.386834567735954,6.285777746273571,6.309497356414795,523140000
2018-05-15,6.245996601499489,6.248714900336522,5.967040608795675,6.067356109619141,963528000
2018-05-16,6.028812321677307,6.140493517913737,5.99199699127198,6.0784759521484375,553828000
2018-05-17,6.080204169037876,6.214122796023594,6.064143679711127,6.120478630065918,519784000
2018-05-18,6.172367155324837,6.235619921994685,6.071804224633403,6.076745986938477,483716000
2018-05-21,6.17409665197543,6.177802738024202,5.9420859571111215,6.0347418785095215,640624000
2018-05-22,6.04808586502139,6.073288103955001,5.936157234891628,5.996692657470703,518264000
2018-05-23,5.940566793480325,6.1212959301625816,5.939825023817826,6.120059490203857,442956000
2018-05-24,6.1163520518220045,6.16604638276045,6.063196442969986,6.1237688064575195,437372000
2018-05-25,6.136378382604383,6.17939726015594,6.100776731775564,6.163079738616943,292112000
2018-05-29,6.145032496721267,6.214011442333314,6.099294104002322,6.146021366119385,352684000
2018-05-30,6.179644883509454,6.2634573298368625,6.154921265787929,6.2548041343688965,390996000
2018-05-31,6.222911883911303,6.309444324380892,6.212280948178275,6.2350263595581055,493868000
2018-06-01,6.279776042091162,6.3754563523537335,6.271122844982644,6.369275093078613,421968000
2018-06-04,6.4033913457574085,6.57002781149854,6.371250978449719,6.5480241775512695,642024000
2018-06-05,6.551238626485291,6.591043794732279,6.5064891122517645,6.553463935852051,391712000
2018-06-06,6.463471356881197,6.558656989179558,6.447153833389016,6.555442810058594,371356000
2018-06-07,6.551734163638174,6.5636015387033915,6.409573705424271,6.499814987182617,369448000
2018-06-08,6.427127439991888,6.527010312038009,6.408337508734217,6.484486103057861,360456000
2018-06-11,6.471875766257849,6.513411098293093,6.430587533609372,6.443443775177002,265372000
2018-06-12,6.469898714529508,6.5040168245084224,6.419709711431199,6.4919023513793945,319160000
2018-06-13,6.493387148700687,6.568299311392896,6.478305593439592,6.487453460693359,338208000
2018-06-14,6.532450519907455,6.655573484370887,6.517616064187925,6.59895658493042,430016000
2018-06-15,6.541845640445692,6.61304943138983,6.5109412287544775,6.558163166046143,432260000
2018-06-18,6.514154196775797,6.571512860974775,6.4869586402088615,6.553959369659424,356268000
2018-06-19,6.450861045769104,6.518109337887466,6.3049927016297485,6.432318687438965,594932000
2018-06-20,6.473358782829117,6.538134184208658,6.435037160608371,6.485226154327393,369780000
2018-06-21,6.5171203519928484,6.535415610588816,6.349000332053163,6.356664657592773,359516000
2018-06-22,6.3774334594619235,6.390784374571806,6.189040409066197,6.204368591308594,434160000
2018-06-25,6.098058255229692,6.101766633436622,5.82337985092073,5.911890029907227,665816000
2018-06-26,6.025122406003173,6.073333197549709,5.931419859492689,5.982844829559326,478884000
2018-06-27,6.026358646530971,6.092617600471763,5.822389396022876,5.827828884124756,453892000
2018-06-28,5.817937967041672,5.966773834877099,5.8102736427552495,5.954906463623047,338012000
2018-06-29,6.01993183011891,6.032540504475527,5.855767248384286,5.857003688812256,392300000
2018-07-02,5.787530159257591,5.99273540122519,5.7670095879044485,5.98902702331543,357572000
2018-07-03,6.0236393295648005,6.0295730166874435,5.847113198684711,5.8555192947387695,222732000
2018-07-05,5.910651286676765,6.006083985969745,5.871835465666743,6.0011396408081055,306216000
2018-07-06,5.976663683229958,6.12327425896357,5.955401346587171,6.1148681640625,296352000
2018-07-09,6.189039127853757,6.198681191457179,6.083716783273464,6.162337303161621,303880000
2018-07-10,6.174698540714243,6.283234577958508,6.134399181102936,6.261230945587158,360016000
2018-07-11,6.1685189048834905,6.203131684655478,6.1091820373261445,6.119813442230225,367508000
2018-07-12,6.165058722643337,6.259255014559469,6.155169085771474,6.211291313171387,345508000
2018-07-13,6.229833456417124,6.229833456417124,6.122038689961179,6.164068698883057,246988000
2018-07-16,6.136378288269043,6.1892868006375465,6.124016715484966,6.136378288269043,197036000
2018-07-17,6.08717870889515,6.2871920150318585,6.0617133215949455,6.272110462188721,362136000
2018-07-18,6.264693310372985,6.278538422105761,6.171980104393504,6.222910404205322,277640000
2018-07-19,6.20412110838301,6.2646939499617895,6.189040026518868,6.231069564819336,235752000
2018-07-20,6.228597159860733,6.2674129879557,6.192006169603679,6.202884674072266,222352000
2018-07-23,6.176429878007075,6.178160516869015,6.014737750983517,6.166293144226074,301584000
2018-07-24,6.214258822618776,6.300791264976543,6.131434758562498,6.148988723754883,354620000
2018-07-25,6.158382360901804,6.239722867446417,6.100529031134341,6.227113723754883,319112000
2018-07-26,6.207089255285769,6.33738188386494,6.190277059823228,6.300543785095215,325124000
2018-07-27,6.337134763946254,6.344057321687582,6.176926123314018,6.230823516845703,295420000
2018-07-30,6.244915885311409,6.250849573296613,6.00089432266595,6.035754680633545,340340000
2018-07-31,6.025369068604396,6.128466100668753,5.986553244463329,6.0538010597229,283988000
2018-08-01,6.085200371609465,6.14033371720076,6.02981945505752,6.093605995178223,283556000
2018-08-02,6.022402810446132,6.200164907682016,5.9635610819659,6.19620943069458,269668000
2018-08-03,6.220685533246548,6.256534755260272,6.203873812770747,6.232800006866455,214288000
2018-08-06,6.220191827825918,6.283978379739529,6.173711668170743,6.280517101287842,207508000
2018-08-07,6.329222115783142,6.37125212463202,6.3025207594226975,6.3527092933654785,258132000
2018-08-08,6.353945411950338,6.434049476976423,6.319085060697001,6.389052391052246,262100000
2018-08-09,6.406853724259384,6.409573232602088,6.332930442341758,6.34059476852417,204280000
2018-08-10,6.258759924707362,6.331694335781546,6.247634320592188,6.299306392669678,256396000
2018-08-13,6.3079610843283085,6.45284107161226,6.306230444867925,6.332190036773682,375208000
2018-08-14,6.437510873299413,6.477563142330335,6.354439727543762,6.463470458984375,466220000
2018-08-15,6.484238823873163,6.518110310173274,6.3267501822412875,6.405371189117432,591136000
2018-08-16,6.475091479399227,6.477563888544107,6.304746120358458,6.364824295043945,801260000
2018-08-17,6.253569607926439,6.254311377932448,6.025865550201098,6.052814483642578,1143188000
2018-08-20,6.012267069902748,6.259996521428613,5.901999886921479,6.12747859954834,854388000
2018-08-21,6.143795354500337,6.267412965369303,6.124016555623853,6.262962818145752,673988000
2018-08-22,6.230328345923656,6.502781407875291,6.226867067592977,6.497836589813232,749856000
2018-08-23,6.459268251708762,6.662495759442093,6.445423137541601,6.597225666046143,720684000
2018-08-24,6.60563053130619,6.744823888499425,6.6011803842341825,6.730237007141113,531512000
2018-08-27,6.759905313460884,6.895390300265316,6.728506711388606,6.8212199211120605,505776000
2018-08-28,6.815286080173353,6.838031958112946,6.663730675070671,6.783639907836914,475384000
2018-08-29,6.775971957096754,6.914004818889428,6.755192928225578,6.8890204429626465,420108000
2018-08-30,6.857850955777092,6.968920613673174,6.835340342716159,6.872198581695557,346608000
2018-08-31,6.8521629920880605,6.956058620253745,6.842267945680956,6.943195343017578,306592000
2018-09-04,6.9300826494256444,7.055499453577627,6.901635105757006,7.017899513244629,391720000
2018-09-05,7.00033802863459,7.035711924845331,6.80639945012959,6.887289524078369,393156000
2018-09-06,6.870962477559457,6.873436239069993,6.713387691094614,6.746287822723389,322796000
2018-09-07,6.654265481017739,6.850430552376574,6.6094914867958945,6.725013732910156,295420000
2018-09-10,6.7475227674728355,6.825691813121733,6.703738193655591,6.79600715637207,220140000
2018-09-11,6.7497500993448964,6.837319263553331,6.728971071598156,6.748266220092773,243112000
2018-09-12,6.708439423219944,6.727981806708105,6.479126993875945,6.6344757080078125,419092000
2018-09-13,6.700277184038123,6.802688457167006,6.682961325274999,6.712151050567627,305536000
2018-09-14,6.802442107649743,6.904111218371304,6.765583858420306,6.8380632400512695,386936000
2018-09-17,6.812584100065427,6.861563449924384,6.756925640720748,6.776220321655273,205528000
2018-09-18,6.780178095532601,6.882836607123447,6.697556439574552,6.704235076904297,299520000
2018-09-19,6.685682284622454,6.74579332075343,6.63571352908889,6.727982521057129,224860000
2018-09-20,6.606027784289586,6.648328013817437,6.53305348337467,6.58698034286499,430584000
2018-09-21,6.598855835085795,6.6443720124459675,6.483828510832966,6.5169758796691895,435128000
2018-09-24,6.486053508190043,6.576096437906463,6.398979280763885,6.572633266448975,293912000
2018-09-25,6.6386809618931375,6.664654746773195,6.553090617254046,6.639670372009277,280388000
2018-09-26,6.644619013107843,6.68494043101475,6.586981735698912,6.602813243865967,268548000
2018-09-27,6.6379397584529185,6.659213730441383,6.583271184911978,6.614686965942383,214428000
2018-09-28,6.746535538948417,6.973868701782201,6.718582458478351,6.951605319976807,709396000
2018-10-01,7.029279962617605,7.224702405153943,6.99069013205169,7.157912731170654,622060000
2018-10-02,7.130453550034417,7.2420172061980805,7.064405589517653,7.086668968200684,383964000
2018-10-03,7.156922699488836,7.164343983919293,6.98895840006214,7.092854022979736,320552000
2018-10-04,7.056737575588032,7.08097977620803,6.831877717918174,6.908810138702393,391220000
2018-10-05,6.884072409171846,6.946162256589947,6.618148985182396,6.675539016723633,426636000
2018-10-08,6.592424128949227,6.707698690775172,6.433612209284361,6.574366092681885,408612000
2018-10-09,6.5538334262312885,6.648328942870429,6.50089644123862,6.568675994873047,273500000
2018-10-10,6.462801444779352,6.508565326266384,6.075419251687974,6.077645778656006,684940000
2018-10-11,5.990570932922012,6.123903989627401,5.794901256217261,5.816422462463379,725436000
2018-10-12,6.073193540733258,6.1728838261079435,5.928234312350573,6.098672389984131,608236000
2018-10-15,6.085315086045142,6.085315086045142,5.821618106846883,5.822607517242432,449760000
2018-10-16,5.935158552615271,6.092238827469061,5.8859319857625145,6.081107139587402,408712000
2018-10-17,6.143198171812938,6.181293529998051,5.9636072518085514,6.01258659362793,329668000
2018-10-18,6.0818506761808315,6.120192798270936,5.86490656711467,5.925264835357666,524020000
2018-10-19,5.980429307895091,5.9999712224305055,5.632626353675516,5.668989658355713,613608000
2018-10-22,5.721185641635682,5.821123168969175,5.617042766252393,5.719701290130615,368844000
2018-10-23,5.452788075499012,5.5457997249829,5.360766308179031,5.468372821807861,626436000
2018-10-24,5.4300308801116834,5.4765364745777125,4.918963338483547,4.932816028594971,884288000
2018-10-25,4.835350289730436,5.188595159343033,4.791070768860585,5.141347408294678,951720000
2018-10-26,4.905604828482797,5.06713775446874,4.777219746039156,4.9051103591918945,664784000
2018-10-29,5.046109000247917,5.049572170865699,4.353966514809163,4.591689586639404,758016000
2018-10-30,4.614696653597426,5.031515796486237,4.5916910961498605,5.021620750427246,807192000
2018-10-31,5.186122279178459,5.258849356854251,5.046605057013986,5.2153120040893555,745772000
2018-11-01,5.251676491708549,5.404799200642886,5.1252702240538826,5.39539909362793,566528000
2018-11-02,5.385997495650858,5.491624699134181,5.1999746995702925,5.316486358642578,452960000
2018-11-05,5.3033763051890865,5.326629571616042,5.078021938042721,5.238565444946289,379332000
2018-11-06,5.230648964413517,5.314754966188575,5.183895675237758,5.221001625061035,299012000
2018-11-07,5.287543800590485,5.3780812001815415,5.223969597297446,5.2885332107543945,483812000
2018-11-08,5.229411431666337,5.2301536072223564,5.042151998909643,5.095584392547607,511352000
2018-11-09,5.006778825868138,5.177959070926323,4.973136517386262,5.0876688957214355,413240000
2018-11-12,4.996388890300503,5.018405036415534,4.666891233283571,4.688660144805908,617116000
2018-11-13,4.78637237013519,5.051553217455858,4.780187729744398,4.930341720581055,644712000
2018-11-14,5.103251540849771,5.117599164823573,4.770044027789219,4.877897262573242,526580000
2018-11-15,4.871960150225753,5.078514687955519,4.836091327532918,5.006529808044434,840708000
2018-11-16,4.040055797968993,4.221625587465193,3.9977550812638434,4.067513942718506,1963520000
2018-11-19,4.002206866994581,4.002948570717526,3.5777190216361867,3.5794506072998047,1697820000
2018-11-20,3.316248565605062,3.8159367939608377,3.297695827476737,3.6877989768981934,1692032000
2018-11-21,3.824841761239901,3.8416629117220666,3.552486945159913,3.579697608947754,1025496000
2018-11-23,3.5450663335822483,3.700414819052545,3.532203057648499,3.586871862411499,411968000
2018-11-26,3.707836190930004,3.7963947733887093,3.6254617760851735,3.7860052585601807,814832000
2018-11-27,3.7600314644551864,3.8839641820689237,3.7241628654717807,3.8028266429901123,738060000
2018-11-28,3.9203273328214707,3.9648540955246956,3.7879841613545278,3.9596593379974365,804524000
2018-11-29,3.9618876933348006,3.999030296001051,3.86630723207846,3.8965165615081787,549172000
2018-11-30,3.906172974959146,4.057467553965689,3.855906515288309,4.046820163726807,729564000
2018-12-03,4.273886278459166,4.325390862277415,4.1436389826089135,4.210495948791504,890804000
2018-12-04,4.165925076470357,4.1708775498111645,3.8752215979376574,3.890326499938965,812112000
2018-12-06,3.749926295027175,3.924496933073557,3.734326431991942,3.9195446968078613,692308000
2018-12-07,3.923753905767971,3.9339063322430428,3.605812600742179,3.655088424682617,681676000
2018-12-10,3.610270598600752,3.7850889964299292,3.6065562434052487,3.760327100753784,629472000
2018-12-11,3.851944832694204,3.860116223288564,3.590460333674671,3.669450521469116,671912000
2018-12-12,3.6751462375945487,3.7831076499447813,3.5860038455252448,3.6870319843292236,654136000
2018-12-13,3.7338325425265695,3.7979655714396103,3.650880489675411,3.6867849826812744,471384000
2018-12-14,3.6451839667390646,3.728878911987021,3.6028414121564096,3.6263651847839355,471820000
2018-12-17,3.5964034794123507,3.6684601640487577,3.4973561485793327,3.5552988052368164,662868000
2018-12-18,3.5991269530294487,3.7224407310238683,3.5718890628796562,3.638498306274414,564372000
2018-12-19,3.6048219994276636,3.658307614235883,3.378251585900969,3.4297561645507812,745364000
2018-12-20,3.421337306033163,3.511222600958668,3.2856425865262016,3.345318555831909,749588000
2018-12-21,3.371814015403391,3.404747300038811,3.1809005712858642,3.208386182785034,863740000
2018-12-24,3.132120241389947,3.2185389209734288,3.0828441687449724,3.1467297077178955,463840000
2018-12-26,3.192786731529265,3.2967863177925203,3.081853871001386,3.2957959175109863,695100000
2018-12-27,3.2435478766439565,3.277966760350411,3.0996817507019645,3.248004913330078,637044000
2018-12-28,3.268557663232945,3.4020238963182474,3.226710301053238,3.3094146251678467,628728000
2018-12-31,3.3527478587170454,3.385185710467524,3.274995771165083,3.3057005405426025,465140000
2019-01-02,3.234881381222815,3.429013743136944,3.2202719163607765,3.3730521202087402,508752000
2019-01-03,3.3128808158221736,3.34680449917898,3.161833936081145,3.169262409210205,705552000
2019-01-04,3.242309633257826,3.4104422086734654,3.2116051054063632,3.3723092079162598,585620000
2019-01-07,3.429509287207385,3.587737169145705,3.3782521814495134,3.550842046737671,709160000
2019-01-08,3.632308561774112,3.6345373165933417,3.3898905036888123,3.462442636489868,786016000
2019-01-09,3.513699621765161,3.5778328820402443,3.463185664388815,3.5305378437042236,617260000
2019-01-10,3.5112230484738736,3.6048224734389516,3.450804153386844,3.596155881881714,523156000
2019-01-11,3.5738699331062063,3.7080790587125985,3.5461368423942865,3.685298204421997,874764000
2019-01-14,3.6330510639730837,3.750421983358888,3.609527289244213,3.7251648902893066,730168000
2019-01-15,3.7578503426020893,3.797221699312551,3.6927269296751715,3.7110507488250732,617012000
2019-01-16,3.7382888658650337,3.7712219153154525,3.680098722595817,3.6855461597442627,470104000
2019-01-17,3.652613659562339,3.796727298193083,3.6253755251364455,3.7568607330322266,493436000
2019-01-18,3.806631579552326,3.9118692776016326,3.7551269898108366,3.885869264602661,651336000
2019-01-22,3.8556605533911537,3.8672985843530636,3.653604235062588,3.6838135719299316,661552000
2019-01-23,3.739031926253848,3.827679121889104,3.6654893966310533,3.6966891288757324,591020000
2019-01-24,3.7811261195300476,3.9259823901188353,3.776421365368206,3.9084017276763916,708972000
2019-01-25,3.848974150204566,3.9836782623502893,3.746460406726317,3.965602159500122,1154572000
2019-01-28,3.3812235989990995,3.507261112893083,3.2437957746546737,3.4173758029937744,2511528000
2019-01-29,3.371318852816988,3.419604521098029,3.2440432219899566,3.258652687072754,1153932000
2019-01-30,3.3346716185944336,3.4163855399650047,3.255186215779982,3.4020237922668457,974228000
2019-01-31,3.398804447009973,3.595165565429852,3.3770139904824843,3.5595085620880127,842852000
2019-02-01,3.5780791741946603,3.6347837049413068,3.530536669667419,3.5837743282318115,625048000
2019-02-04,3.599622847127747,3.7311080411348154,3.5775849071350003,3.693965435028076,528592000
2019-02-05,3.7058505391601373,3.749678932348677,3.672174573691517,3.713031530380249,542424000
2019-02-06,3.7462125873744347,3.8529361192776266,3.7407651501565415,3.788555383682251,702464000
2019-02-07,3.7422505305478992,3.7444790489285333,3.6075464299573263,3.6503841876983643,637120000
2019-02-08,3.5832798133270645,3.679603194977889,3.5689180664556606,3.6689558029174805,461604000
2019-02-11,3.624879348540675,3.679107648481847,3.57807952137513,3.6263651847839355,495180000
2019-02-12,3.664746308472057,3.758841173246999,3.6503843252168604,3.74324107170105,591060000
2019-02-13,3.7727078257234665,3.858631301098717,3.759088760291424,3.785583972930908,605372000
2019-02-14,3.784593687951043,3.8546695815008256,3.741507971816293,3.8264410495758057,827264000
2019-02-15,4.034935515256683,4.057716138051119,3.8732409840151694,3.896021842956543,1516748000
2019-02-19,3.8853729332250793,3.9591631594388907,3.8663064357516634,3.8786871433258057,551892000
2019-02-20,3.9079063763054944,3.9930869169133465,3.8967637858350845,3.9259824752807617,540988000
2019-02-21,3.938611014129149,3.9631249485395905,3.842535131855918,3.857144594192505,448548000
2019-02-22,3.908897822960406,3.960649894447038,3.8952787573494283,3.94183087348938,401740000
2019-02-25,4.025278219081672,4.092630154426869,3.9207832069845323,3.929450035095215,656020000
2019-02-26,3.9247456285343003,3.9807072583100456,3.8566505327848883,3.8900790214538574,488464000
2019-02-27,3.875716447675701,3.9022114203693636,3.791278584709584,3.8482308387756348,500256000
2019-02-28,3.8420350295106753,3.864343657827061,3.801383929851289,3.8236923217773438,324944000
2019-03-01,3.8735140741506693,3.920114163022685,3.8152639630606497,3.8779759407043457,357188000
2019-03-04,3.9163965477958653,3.939200883740636,3.8296408345573885,3.8861560821533203,409992000
2019-03-05,3.870539680751214,3.917883454737757,3.816255487925633,3.879711151123047,362924000
2019-03-06,3.8707877821229424,3.87921533253882,3.7661853128661065,3.768911838531494,403524000
2019-03-07,3.7453638631214803,3.7550310443588213,3.653650810029538,3.6997551918029785,450104000
2019-03-08,3.610520934256211,3.7446204227699456,3.589203729921153,3.733961820602417,422416000
2019-03-11,3.7575092789922193,4.017032220525099,3.7104132468627493,3.9942281246185303,859728000
2019-03-12,4.021990285337991,4.074787111462643,3.9458931773160653,4.028435230255127,579576000
2019-03-13,4.065864197328034,4.208886955020743,4.058427830892932,4.179637908935547,768900000
2019-03-14,4.188809953562058,4.200707952374391,4.096105224995038,4.103789329528809,519384000
2019-03-15,4.146917136012779,4.251767547765478,4.143446927502021,4.209133625030518,661484000
2019-03-18,4.240615365007121,4.294404096676258,4.160800056456478,4.18781852722168,486992000
2019-03-19,4.282256034301148,4.399748130589831,4.2654009372849435,4.3553786277771,854972000
2019-03-20,4.3843807498112275,4.437673521455852,4.2882058347189105,4.322908401489258,719148000
2019-03-21,4.345960293565358,4.585653401741003,4.341002716961014,4.559378623962402,824312000
2019-03-22,4.532111209616579,4.580694118452556,4.3858660637404325,4.399746894836426,747644000
2019-03-25,4.359097603757411,4.423296473818147,4.241357755437834,4.307539939880371,525212000
2019-03-26,4.449074933679083,4.5050942228643125,4.327864886303869,4.384132385253906,703508000
2019-03-27,4.409665383499969,4.456017276960318,4.305558598666459,4.37496280670166,474372000
2019-03-28,4.400988196292479,4.459238546118691,4.340507267685018,4.393552303314209,480264000
2019-03-29,4.460230594950168,4.475103328561793,4.40991255062805,4.450811386108398,456896000
2019-04-01,4.542523810574591,4.548472808317169,4.470888573432599,4.518232345581055,483824000
2019-04-02,4.542275660034518,4.580447958692014,4.499393521901843,4.536078453063965,440920000
2019-04-03,4.585654537511932,4.734378563014394,4.5806969596797,4.675384521484375,783504000
2019-04-04,4.660016521717433,4.708847672703521,4.603749476431988,4.66646146774292,457376000
2019-04-05,4.709590303097136,4.750489603716596,4.673153105395864,4.733138084411621,481744000
2019-04-08,4.702651143996761,4.77899624193223,4.678607409436,4.753961086273193,424192000
2019-04-09,4.720496982792374,4.73165129477477,4.649109480661156,4.691247940063477,439972000
2019-04-10,4.690505058897401,4.78742320116161,4.686043427897053,4.76164436340332,444772000
2019-04-11,4.764123741443113,4.795603844960344,4.698437480839822,4.7477641105651855,374600000
2019-04-12,4.786431210547088,4.79039736695356,4.701162866442991,4.709838390350342,471708000
2019-04-15,4.702154097545933,4.707111674658761,4.538557835067221,4.578217506408691,440092000
2019-04-16,4.617382435474857,4.684060108921409,4.584663177793732,4.665221691131592,394964000
2019-04-17,4.700170874822639,4.720992129672078,4.62010785478453,4.642416477203369,351004000
2019-04-18,4.649108882896919,4.6830672885149776,4.590114858206664,4.6178765296936035,380988000
2019-04-22,4.594330109200356,4.687282566990135,4.562850482483871,4.671666622161865,279936000
2019-04-23,4.684803889778941,4.757431036430355,4.675136943623363,4.726198673248291,346856000
2019-04-24,4.736608833155228,4.779243243282639,4.675880163403559,4.738592147827148,318204000
2019-04-25,4.698436015926182,4.720744639511506,4.55343043540214,4.632997512817383,499296000
2019-04-26,4.479317889799167,4.483779994686768,4.295643979805709,4.414375305175781,868988000
2019-04-29,4.422305747924848,4.472871998947083,4.350174554563525,4.445110321044922,391920000
2019-04-30,4.412886471536055,4.512035657356276,4.393800318272996,4.486505031585693,362920000
2019-05-01,4.53880668205535,4.580945147868897,4.473119958040308,4.473368167877197,354280000
2019-05-02,4.4830342512147485,4.582431161421947,4.439904372692867,4.540788650512695,394684000
2019-05-03,4.549217735570087,4.55913241933066,4.474855479852707,4.536328315734863,336824000
2019-05-06,4.350173126673046,4.470144005852346,4.312992252718154,4.457998275756836,422176000
2019-05-07,4.409664416633841,4.409664416633841,4.242845671273384,4.290933132171631,555220000
2019-05-08,4.263419322060434,4.391073871553678,4.251521324991654,4.311010837554932,419168000
2019-05-09,4.2421027574147105,4.251769704200405,4.099823663531328,4.218554496765137,660248000
2019-05-10,4.187817580474004,4.253256086285527,4.06512014568711,4.184595108032227,569500000
2019-05-13,4.052726536980217,4.075778844553139,3.911686638804407,3.9275505542755127,656912000
2019-05-14,3.967209629629472,4.051734749753598,3.9285416198787013,4.016536712646484,524880000
2019-05-15,3.9610134971586377,3.991997646177927,3.9017719611969133,3.9555604457855225,502320000
2019-05-16,3.9501069539339073,4.013314643034374,3.9077207575150528,3.9706802368164062,781088000
2019-05-17,3.9287902508678076,4.057932163280862,3.8405474063361402,3.8799591064453125,1022068000
2019-05-20,3.7813046795605305,3.8363325454504054,3.736687439889769,3.761474847793579,572064000
2019-05-21,3.8222039159741725,3.8593847931793843,3.783535671302211,3.8435208797454834,361848000
2019-05-22,3.8048530380730843,3.8308796059783496,3.761722925502517,3.772629499435425,325868000
2019-05-23,3.710414141406992,3.710414141406992,3.5919308215307812,3.6516683101654053,591844000
2019-05-24,3.6705058291125585,3.705703868653798,3.591186489834491,3.59787917137146,357584000
2019-05-28,3.6154783017294005,3.648197553821421,3.55078324499088,3.5527663230895996,428356000
2019-05-29,3.5051742789553133,3.540124343200313,3.4439496731796475,3.478652000427246,559800000
2019-05-30,3.481878265224037,3.5176127567953603,3.4138834523272066,3.452099561691284,394300000
2019-05-31,3.403213198882425,3.4704634892612543,3.359785827593994,3.361522912979126,389720000
2019-06-03,3.3726896529546333,3.4114020408869172,3.2905501343227805,3.3198325634002686,478644000
2019-06-04,3.3838556917823244,3.553842683808062,3.3617698666362203,3.548631429672241,641836000
2019-06-05,3.6223346757717674,3.627794187677335,3.469718728804367,3.5059494972229004,511616000
2019-06-06,3.5101685439330685,3.592556323518667,3.507686925854797,3.567988872528076,408140000
2019-06-07,3.5739442379149793,3.6449167079298492,3.5548360649678163,3.610671281814575,348856000
2019-06-10,3.666754762775281,3.7518724125005205,3.666754762775281,3.6833813190460205,402780000
2019-06-11,3.7431863298375854,3.780906161129714,3.7014962889274483,3.740952968597412,383872000
2019-06-12,3.6975261070813854,3.7037301521005195,3.612904968297418,3.628042459487915,358892000
2019-06-13,3.650128093826062,3.6975259065653265,3.632508985583392,3.6791625022888184,308080000
2019-06-14,3.5861035675727653,3.610422757405874,3.5446615476228303,3.589329481124878,394428000
2019-06-17,3.5875934961346014,3.635984107534056,3.564763127865471,3.599008798599243,276040000
2019-06-18,3.6603025933790496,3.8491493120688105,3.6493838060369956,3.7938106060028076,581920000
2019-06-19,3.829048729718864,3.8404637930278342,3.7737097883346435,3.7997663021087646,331644000
2019-06-20,3.8903434446776135,3.9042401265985758,3.809692754251881,3.8240857124328613,350168000
2019-06-21,3.8091960649060783,3.858330959221177,3.759564657724691,3.766016721725464,434428000
2019-06-24,3.7873585064817115,3.8178817434588725,3.7402087138632987,3.788351058959961,282948000
2019-06-25,3.793314632724528,3.868257794693554,3.7563393280233672,3.7590689659118652,311868000
2019-06-26,3.886373148924366,4.013181086360025,3.8734690190221097,3.952134370803833,584072000
2019-06-27,4.037747423194393,4.06975948452506,4.001764679171801,4.050651550292969,445440000
2019-06-28,4.094575522317128,4.103757460552952,4.028814309330252,4.075467586517334,397668000
2019-07-01,4.282430265963869,4.31667593257907,4.086138679092422,4.123610496520996,709756000
2019-07-02,4.106984405330587,4.12807792581039,4.012685269424141,4.025837421417236,400228000
2019-07-03,4.049162668133274,4.05487043601337,3.9789347351642497,4.038740158081055,246636000
2019-07-05,3.980423097187177,3.984889818803257,3.9129243402194605,3.9762043952941895,396552000
2019-07-08,3.9166482702461005,3.9355081894863546,3.871235794174561,3.9012625217437744,329788000
2019-07-09,3.8590755684712126,3.9317853634338737,3.846419695875436,3.9037437438964844,342860000
2019-07-10,3.9471708283790288,4.0293103394768774,3.9332741478297986,3.9719865322113037,452076000
2019-07-11,4.044944453629627,4.1670374051469015,4.0077211313339385,4.126339912414551,682560000
2019-07-12,4.154134846043525,4.230319077968762,4.154134846043525,4.159346103668213,506392000
2019-07-15,4.180438921524079,4.1965687314558435,4.122618584313724,4.15090799331665,289840000
2019-07-16,4.13601758306642,4.173240902590646,4.0906048776539645,4.1461920738220215,341444000
2019-07-17,4.147929163474818,4.21840559286607,4.118646736708043,4.211457252502441,348204000
2019-07-18,4.221880117074637,4.285904251028314,4.165300363666134,4.22312068939209,442192000
2019-07-19,4.2613376014460185,4.267789430326389,4.1739863418265974,4.1799421310424805,344896000
2019-07-22,4.201283033217133,4.264314613440293,4.193838179494945,4.251410484313965,315940000
2019-07-23,4.290619497940688,4.361095460427464,4.274985257379087,4.359110355377197,428176000
2019-07-24,4.402288551880053,4.4392638473480694,4.326352856306315,4.433556079864502,366236000
2019-07-25,4.392115142493998,4.404771252642297,4.279204123683019,4.302530765533447,392700000
2019-07-26,4.329578885751874,4.3911213876879325,4.329578885751874,4.344468116760254,274160000
2019-07-29,4.33727334318946,4.3543961781025615,4.2501705763030255,4.338265895843506,248160000
2019-07-30,4.291859034016894,4.366057642208287,4.277465842577055,4.353898048400879,197772000
2019-07-31,4.322381776910833,4.323374802458657,4.144702148503868,4.186888694763184,359416000
2019-08-01,4.197311947079872,4.287640842295191,4.040477307617723,4.09259033203125,421212000
2019-08-02,4.000028133392334,4.069263993496458,3.952630557717164,4.000028133392334,428348000
2019-08-05,3.816641366103382,3.8178821751715524,3.6950449173442688,3.7419464588165283,589156000
2019-08-06,3.816641475956048,3.8620539531895375,3.7330128829674027,3.780658721923828,361272000
2019-08-07,3.7198597974168814,3.8307856965451412,3.702488946544037,3.8188741207122803,372560000
2019-08-08,3.8764468257068865,3.928559620416878,3.819122775191908,3.927318811416626,309300000
2019-08-09,3.886372482917003,3.889846652936848,3.775694845156045,3.826070547103882,341816000
2019-08-12,3.7739579119890703,3.826070701043557,3.7364863362244636,3.758324146270752,279200000
2019-08-13,3.7568356798883134,3.918385328045698,3.717875269269923,3.87247633934021,351956000
2019-08-14,3.7843805962513932,3.7955476398944517,3.680403269804808,3.72407865524292,419880000
2019-08-15,3.74293895838976,3.7627914298790195,3.6575732836539174,3.6918187141418457,477200000
2019-08-16,3.954367735321479,4.0087136529243805,3.8930730035786243,3.9595789909362793,1007960000
2019-08-19,4.072738338834775,4.253892189927733,4.056608058764237,4.238009929656982,815112000
2019-08-20,4.232551979966629,4.233048493041963,4.144704664660755,4.165798187255859,463188000
2019-08-21,4.231805176878109,4.304266701141818,4.210215626109679,4.249176025390625,427244000
2019-08-22,4.25885432323449,4.301288890703132,4.216171262710166,4.255380153656006,303488000
2019-08-23,4.178950021509208,4.233296189711494,4.011196299667997,4.031048774719238,568056000
2019-08-26,4.109713614737591,4.133784788125039,4.067527056360016,4.105742931365967,318208000
2019-08-27,4.143958599338707,4.146688236942727,3.9858833782095293,4.01516580581665,290968000
2019-08-28,3.9888355777669298,4.057394231895982,3.949587864929308,4.004733085632324,255612000
2019-08-29,4.0961450900854235,4.180601728956362,4.09266748050093,4.148309707641602,357976000
2019-08-30,4.194511654964686,4.244192191922564,4.142844048140882,4.160977363586426,290616000
2019-09-03,4.08819559751691,4.1212328826029285,4.055158312430891,4.0780110359191895,296140000
2019-09-04,4.138621157565341,4.199479791476243,4.138621157565341,4.192027568817139,227728000
2019-09-05,4.294121570349542,4.470983604443548,4.292382765536366,4.464773654937744,695676000
2019-09-06,4.4414228081546065,4.498306828145142,4.399691498658127,4.437696933746338,376976000
2019-09-09,4.468747664893921,4.57009581931913,4.4672571254435836,4.483651638031006,417524000
2019-09-10,4.4508622737446295,4.5768019505612365,4.441174715633058,4.550223350524902,352812000
2019-09-11,4.5648778471346185,4.626978266765792,4.535814706715495,4.5787882804870605,361512000
2019-09-12,4.6252403716790145,4.679888581131553,4.56934988826807,4.577298641204834,327840000
2019-09-13,4.510727078038128,4.5477389772095895,4.475702248659228,4.519421100616455,324592000
2019-09-16,4.444403830885622,4.51097540777467,4.43397100364255,4.476447582244873,231832000
2019-09-17,4.483155132699058,4.502033719880627,4.436703934474506,4.4978108406066895,223048000
2019-09-18,4.490854977858208,4.506504218565795,4.384290423817927,4.470734119415283,258152000
2019-09-19,4.476695827451891,4.495077881473768,4.38453871342928,4.3952202796936035,245476000
2019-09-20,4.394227465347032,4.4178254630479215,4.279465873580673,4.289649963378906,350244000
2019-09-23,4.289898524535677,4.388513864421871,4.286172175945748,4.3430562019348145,249712000
2019-09-24,4.374354552305497,4.4039142288683895,4.250153689139878,4.285675048828125,317268000
2019-09-25,4.28517829278737,4.4468880685788506,4.240465903650763,4.427264213562012,308432000
2019-09-26,4.417577462812419,4.42627148742333,4.354234742031431,4.405157089233398,234564000
2019-09-27,4.363425652757466,4.4140997332501275,4.205938731326209,4.266549110412598,362056000
2019-09-30,4.292381612686943,4.334112916994965,4.261082660667277,4.323928356170654,186184000
2019-10-01,4.347031033659114,4.49607219242804,4.317471351500781,4.322190761566162,366008000
2019-10-02,4.300331205271614,4.312254572772239,4.226059134377036,4.298344135284424,293372000
2019-10-03,4.302814783628945,4.5099817302570395,4.272509837768459,4.503771781921387,450588000
2019-10-04,4.50600817250666,4.549478768616811,4.4409271216900095,4.520167350769043,265524000
2019-10-07,4.5849982276924575,4.678397122366624,4.5763042068471815,4.5787882804870605,480984000
2019-10-08,4.48713021006043,4.48713021006043,4.3842919679145,4.402425289154053,444436000
2019-10-09,4.479178774062176,4.538298587080894,4.450364373886193,4.488866329193115,292412000
2019-10-10,4.486631772251904,4.597418723099208,4.481415359062825,4.546496391296387,309124000
2019-10-11,4.630456076046907,4.703237589078241,4.611577494595454,4.620023250579834,446404000
2019-10-14,4.611329704263812,4.6543032887412705,4.580279486712769,4.633437633514404,200040000
2019-10-15,4.723607756181353,4.950398575300106,4.709696845354287,4.877864837646484,664124000
2019-10-16,4.843834979818206,4.948660756655363,4.812784755588602,4.824211120605469,428944000
2019-10-17,4.868674685329174,4.913635344117551,4.771797674871035,4.826198101043701,263436000
2019-10-18,4.826695280734293,4.859236045172796,4.6575337167856095,4.731805801391602,307440000
2019-10-21,4.793160100078846,4.882336617314803,4.774281513819235,4.868922710418701,261868000
2019-10-22,4.925806218529679,5.030880232247028,4.851285890080237,4.8589863777160645,328720000
2019-10-23,4.777014158325373,4.860228515074197,4.745218670685841,4.846069812774658,279916000
2019-10-24,4.887304246339131,4.92357087913144,4.853273422604732,4.8900370597839355,232020000
2019-10-25,4.970519620279404,5.101675728362133,4.962819131070851,5.080810070037842,423092000
2019-10-28,5.124528522221476,5.189113041993195,5.095217104547726,5.136700630187988,330792000
2019-10-29,5.12278820776898,5.12924689473732,5.02119228474358,5.040567398071289,211236000
2019-10-30,5.067395122739208,5.073108540589757,4.974492740633953,5.04255485534668,205960000
2019-10-31,5.021690323064044,5.042555981770884,4.913635680625914,4.993372440338135,209732000
2019-11-01,4.9580980333721625,5.064662581996183,4.933009501701846,5.032370567321777,283640000
2019-11-04,5.1133497137797965,5.2412769351408395,5.090248722853118,5.228856563568115,376716000
2019-11-05,5.228608631295536,5.25469070257639,5.158807702113853,5.206749439239502,300868000
2019-11-06,5.1826531701571055,5.208238230768872,5.070126945633925,5.157564640045166,269012000
2019-11-07,5.244010249079237,5.258665958605948,5.130490448135259,5.1752028465271,280340000
2019-11-08,5.158310994282021,5.192838822826329,5.120802086957309,5.161291599273682,189100000
2019-11-11,5.160546364658916,5.194328923737769,5.074350925363267,5.171227931976318,243436000
2019-11-12,5.209481779022911,5.26263993040473,5.1744569448823645,5.206749439239502,283504000
2019-11-13,5.17545020261961,5.203022811864566,5.114592039558323,5.180915355682373,300188000
2019-11-14,5.1898580791915965,5.213456550501658,5.12999344609169,5.211220741271973,518080000
2019-11-15,5.208986416578582,5.260654044805553,4.98393431532457,5.072117328643799,1053628000
2019-11-18,5.064663926606224,5.299651800518444,5.061683321264874,5.273073196411133,574588000
2019-11-19,5.24202109431378,5.2656190846197255,5.108380956750247,5.166506767272949,414564000
2019-11-20,5.14365510051986,5.329459404346898,5.130986463740042,5.245748043060303,472588000
2019-11-21,5.241277770166367,5.296919527552921,5.199297713003257,5.2209086418151855,288388000
2019-11-22,5.243513093405742,5.289964295422484,5.214946944987763,5.2385454177856445,224100000
2019-11-25,5.366470300704654,5.499862175374023,5.3535534010512755,5.494894027709961,506476000
2019-11-26,5.47725863087291,5.481978514484049,5.383859705352823,5.390318393707275,385244000
2019-11-27,5.435809325871139,5.470113709339363,5.398770112423443,5.425119876861572,215784000
2019-11-29,5.3942956186363,5.422633919033561,5.363967833757931,5.387832164764404,141556000
2019-12-02,5.38087103973987,5.3942948425342525,5.18647766664446,5.201641082763672,372036000
2019-12-03,5.018185224969009,5.166093122255287,4.980897571567401,5.162116050720215,465232000
2019-12-04,5.245641335802909,5.2680140273339715,5.17728054463059,5.205867767333984,273424000
2019-12-05,5.227743668078507,5.243404457640698,5.15838813326808,5.188964366912842,184884000
2019-12-06,5.258070886581136,5.307042264766786,5.2481272573677025,5.274228572845459,232236000
2019-12-09,5.251358984275902,5.328917585242667,5.242658545783317,5.274228572845459,211880000
2019-12-10,5.304307007637459,5.370928180069909,5.251607009810298,5.319222450256348,256388000
2019-12-11,5.329663470004647,5.408216340025426,5.327177562670897,5.40274715423584,233796000
2019-12-12,5.373911504079874,5.588191691238599,5.364962616953304,5.570044994354248,404348000
2019-12-13,5.573028398203756,5.692100660056325,5.514113388523606,5.568056583404541,454704000
2019-12-16,5.615535947211582,5.669230215850863,5.587445622206423,5.5968918800354,320976000
2019-12-17,5.615536308968904,5.697569356379753,5.606090050531391,5.674948215484619,321196000
2019-12-18,5.709749024819734,5.765680746547363,5.701297035911866,5.70527458190918,343548000
2019-12-19,5.739829113698079,5.86660755208629,5.734857298669903,5.853183746337891,445360000
2019-12-20,5.91955564300487,5.9757358217799785,5.900414677876029,5.950380325317383,603044000
2019-12-23,5.978967449642864,6.0110348480351705,5.926018998728903,5.936707973480225,355060000
2019-12-24,5.921296418459453,5.94888937699333,5.886991556684707,5.931736946105957,138864000
2019-12-26,5.935217188670649,5.973996494995526,5.916324669629933,5.945906639099121,182852000
2019-12-27,5.961069375956618,5.974493181049771,5.861883899436355,5.8882341384887695,254644000
2019-12-30,5.86635825956264,5.871578522349653,5.743805834166592,5.775127410888672,258056000
2019-12-31,5.739829359820422,5.858653183741712,5.720688392693401,5.849206924438477,231004000
2020-01-02,5.934967621143992,5.963803291320801,5.884505079799994,5.963803291320801,237536000
2020-01-03,5.844233438817881,5.91209732246454,5.81937484385445,5.868346214294434,205384000
2020-01-06,5.77512766888247,5.898176996723833,5.749026353781372,5.892956733703613,262636000
2020-01-07,5.921295338837738,6.010040281790685,5.876301509096684,5.964300632476807,314856000
2020-01-08,5.960073940201328,6.016751479720285,5.920051929536978,5.9754862785339355,277108000
2020-01-09,6.061745979509196,6.113451710976994,5.987419109058815,6.041113376617432,255112000
2020-01-10,6.148253347803174,6.178580656241072,6.059259958542958,6.073429107666016,316296000
2020-01-13,6.1564564415880145,6.288952010758555,6.13383483053505,6.263844966888428,319840000
2020-01-14,6.221089234322224,6.246445205302498,6.133835923434662,6.1470112800598145,359088000
2020-01-15,6.15968810642731,6.182060796386267,6.078649335978341,6.104502201080322,263104000
2020-01-16,6.157948519655376,6.193993464647111,6.134581559774977,6.188027381896973,284192000
2020-01-17,6.207168756490065,6.214626478954624,6.149248487016599,6.196728229522705,253792000
2020-01-21,6.160187042343165,6.196977813299668,6.129362355167134,6.163418769836426,217916000
2020-01-22,6.20866005785512,6.303867986192193,6.189767541283975,6.217360496520996,239240000
2020-01-23,6.25738300125643,6.294173292221765,6.168638052545545,6.285721302032471,244516000
2020-01-24,6.40106580470724,6.450783010321496,6.172367512330804,6.226559162139893,373512000
2020-01-27,5.922290610131101,6.0219734668079825,5.772891023514302,5.97101354598999,470536000
2020-01-28,6.036888255320021,6.196479916088812,5.98369087701763,6.164164066314697,310976000
2020-01-29,6.149744040520787,6.185788977238313,6.063981917010932,6.103755950927734,258848000
2020-01-30,6.006062657393327,6.123892191463495,5.9511256737179945,6.11046838760376,290504000
2020-01-31,6.064729509694369,6.076661675944388,5.835534340017212,5.877296447753906,370420000
2020-02-03,5.859149408225992,5.993634007995882,5.852934876956835,5.974244594573975,255564000
2020-02-04,6.115938379346584,6.162423853757808,6.0659727292741294,6.143282413482666,271544000
2020-02-05,6.2640953181149515,6.274287397486679,6.1502433053192345,6.233519554138184,208220000
2020-02-06,6.26782374742976,6.320274829864502,6.1867849664456935,6.320274829864502,218284000
2020-02-07,6.2802531394695045,6.302377384992771,6.228795848351484,6.254151821136475,189752000
2020-02-10,6.27677150791727,6.537785578987231,6.271799693919792,6.5370402336120605,529608000
2020-02-11,6.645174571161196,6.7739415190338645,6.583276767151044,6.659343719482422,638556000
2020-02-12,6.712044595791938,6.78140012988903,6.673265295025126,6.774936676025391,374644000
2020-02-13,6.717016286330041,6.7983035102749065,6.689671780436804,6.731185436248779,528016000
2020-02-14,7.1408547082051,7.332513775197744,7.109533125809277,7.203746795654297,1041924000
2020-02-18,7.100581854093952,7.390680982573565,7.081192443769368,7.37228536605835,620164000
2020-02-19,7.494590248906968,7.8406206663356475,7.494590248906968,7.822970867156982,694332000
2020-02-20,7.7749935395709695,7.863241105185788,7.366816899872005,7.673819541931152,810052000
2020-02-21,7.561707463584029,7.5868145075008995,7.2253717906862,7.310139179229736,768180000
2020-02-24,6.716519786285726,7.006867440277044,6.662079690063304,6.793332576751709,856916000
2020-02-25,6.868405630588113,6.9303034527702,6.412500679671574,6.514172077178955,1055496000
2020-02-26,6.514419911465364,6.847275480502582,6.51292874628162,6.653378963470459,747732000
2020-02-27,6.34022149999743,6.64118950204724,6.190732598799759,6.283012866973877,906416000
2020-02-28,6.030797972715024,6.7769991482412415,6.014132953557164,6.7175517082214355,1133252000
2020-03-02,6.8874379106165495,6.9046006006913085,6.4919511963656555,6.875747203826904,890744000
2020-03-03,6.931463350129404,6.991159391430268,6.528265881212004,6.613581657409668,652792000
2020-03-04,6.720786112979837,7.086175961601068,6.646165702503717,7.076724052429199,597408000
2020-03-05,6.877488416985179,7.044140056322009,6.7531215361195445,6.797645092010498,540328000
2020-03-06,6.618305863455207,6.675763568811054,6.4173289048687,6.617311000823975,515412000
2020-03-09,5.967122164255437,6.45215313065251,5.924340216709666,6.104920864105225,614160000
2020-03-10,6.381014182098124,6.493939399719238,6.118600526730272,6.493939399719238,580648000
2020-03-11,6.354152046429975,6.3825077726804995,6.033534363514282,6.130540370941162,499964000
2020-03-12,5.60795226568697,5.87310249876928,5.367675508059216,5.380361080169678,816540000
2020-03-13,5.733312068605224,5.994979953996098,5.462441346775268,5.990502834320068,634836000
2020-03-16,5.283353073561972,5.62386990228448,4.825434365934162,4.885130405426025,726972000
2020-03-17,4.997308990591307,5.493532962867673,4.750814071544446,5.404237270355225,833632000
2020-03-18,4.977162502437145,5.22191633177499,4.494121689883863,5.044817924499512,874268000
2020-03-19,5.02342686677516,5.390806930894805,4.810262418937481,5.297283172607422,765512000
2020-03-20,5.44726918222169,5.728835787493225,5.102275677674732,5.117697238922119,804636000
2020-03-23,5.116701401410118,5.3845880223773275,4.93786188180685,5.290317535400391,643876000
2020-03-24,5.6960019972439735,6.284506249716404,5.6723724650335825,6.197946548461914,1101644000
2020-03-25,6.3128613076656235,6.5123457531006785,6.060645342640623,6.1093974113464355,793432000
2020-03-26,6.316343948572078,6.52229572585307,6.218343085472186,6.398426532745361,696108000
2020-03-27,6.21834277196547,6.544681468954972,6.185509929720243,6.286247253417969,638828000
2020-03-30,6.351664829525948,6.615322944620109,6.3076389446385654,6.606119632720947,602252000
2020-03-31,6.646164892139033,6.850126943033816,6.411111600364291,6.556621074676514,949960000
2020-04-01,6.358877293798993,6.5051325489684855,6.0014468918111765,6.0459699630737305,656912000
2020-04-02,6.07507330262306,6.367584352475829,6.027067963993508,6.354401588439941,675764000
2020-04-03,6.316840683163334,6.358379163287888,5.929562530422744,6.066863536834717,663212000
2020-04-06,6.348679878999139,6.712826240772359,6.291222162421738,6.676013469696045,727884000
2020-04-07,6.897386212673465,6.921016220631699,6.399918753132553,6.4429497718811035,784520000
2020-04-08,6.551894232132744,6.6648194485399435,6.482000028923903,6.639945983886719,542444000
2020-04-09,6.765558123153106,6.78844139261449,6.477524208175872,6.540453910827637,525564000
2020-04-13,6.480757551993029,6.720785644616619,6.392457189784047,6.712080001831055,398408000
2020-04-14,6.840177873439645,7.096870991524128,6.8125684130235316,7.0627946853637695,530948000
2020-04-15,6.894898243400246,7.068265763838534,6.849628905717081,6.985437393188477,366148000
2020-04-16,7.140646280647258,7.4371366763840125,7.127463521316787,7.330181121826172,745620000
2020-04-17,7.41226464837836,7.433655858312724,7.137165405215727,7.270984172821045,539120000
2020-04-20,7.144627829354325,7.300335006334705,7.095627159726841,7.139901638031006,449388000
2020-04-21,7.02200066509569,7.08318874737835,6.643925361883159,6.7036213874816895,735160000
2020-04-22,6.89564456745756,7.16029750557425,6.850126632313321,7.1175150871276855,483356000
2020-04-23,7.159551578055297,7.291380147551621,7.039164167732887,7.064286231994629,424160000
2020-04-24,7.054088445216467,7.205069426004072,6.979468044624654,7.203079700469971,352328000
2020-04-27,7.337395205269283,7.549067532190591,7.312770338618193,7.38938045501709,479388000
2020-04-28,7.536632530726662,7.566480789850535,7.241634568960474,7.247106552124023,442904000
2020-04-29,7.381670378607925,7.47643805187387,7.306552786236492,7.423706531524658,379160000
2020-04-30,7.3697314829466665,7.423706940505074,7.2560604626028455,7.269989490509033,375916000
2020-05-01,7.0727439323957615,7.185917767812462,6.985438429326991,7.033692836761475,342096000
2020-05-04,6.98643230513877,7.259044619148258,6.98643230513877,7.245364189147949,317556000
2020-05-05,7.349334512729044,7.468726569323231,7.245363538713571,7.30630350112915,368896000
2020-05-06,7.385649862422182,7.511757839211143,7.347842234207468,7.407040596008301,323464000
2020-05-07,7.546084248410527,7.646323918023772,7.4948452521720315,7.583145618438721,373732000
2020-05-08,7.654780572992808,7.779147440058237,7.620952864853898,7.7729291915893555,339216000
2020-05-11,7.767952289627352,8.071407666336281,7.7393479749152805,8.024645805358887,469060000
2020-05-12,8.08235371634575,8.131105315022058,7.753279002014851,7.762979507446289,493060000
2020-05-13,7.877396301841328,8.037580580792781,7.556281003894796,7.740592956542969,625852000
2020-05-14,7.802030552114325,7.99529675418394,7.648561706335305,7.9898247718811035,602312000
2020-05-15,7.849784603136487,8.457440581855115,7.834114452822765,8.44774055480957,987660000
2020-05-18,8.716126976105572,8.871336954115424,8.636532261563676,8.705928802490234,774460000
2020-05-19,8.745724677106145,9.0414688152822,8.718363820712609,8.760897636413574,717320000
2020-05-20,8.945459810615404,8.997196470671472,8.84372761897781,8.924566268920898,587536000
2020-05-21,9.005652192681852,9.006646580896131,8.693242552685641,8.730801582336426,761068000
2020-05-22,8.780546752937473,9.046941243580594,8.669114557191229,8.980528831481934,1038764000
2020-05-26,9.110369079581073,9.135243019223017,8.62807463372257,8.673592567443848,770780000
2020-05-27,8.581313337076326,8.589023642130156,7.956245377477276,8.48206901550293,1175892000
2020-05-28,8.369643201042887,8.71612977146846,8.336810347043386,8.444015502929688,734896000
2020-05-29,8.511168430346617,8.83054256439209,8.442020499781519,8.83054256439209,745256000
2020-06-01,8.788508985175579,8.795970693494391,8.645486899720394,8.761645317077637,389876000
2020-06-02,8.751697555312681,8.792489306850127,8.614147438930704,8.780550003051758,391320000
2020-06-03,8.777564844600539,8.821341654091105,8.655933498137044,8.725081443786621,365440000
2020-06-04,8.68775667418007,8.902014215850874,8.63748960283906,8.726079940795898,424280000
2020-06-05,8.753948023245258,8.955513667793715,8.667846716392749,8.87886905670166,481748000
2020-06-08,8.836315791447598,8.84875796278578,8.645699106542606,8.764399528503418,387736000
2020-06-09,8.759424561032304,9.067745950107147,8.710899416736416,9.004289627075195,468488000
2020-06-10,9.125479807507725,9.456197516348666,9.111294759405718,9.323561668395996,632180000
2020-06-11,9.10781266966482,9.218549664951384,8.74549155681853,8.755694389343262,583652000
2020-06-12,9.120251596693144,9.14488723008976,8.663118775221182,8.891311645507812,570908000
2020-06-15,8.774603216221042,9.139910604567905,8.703432128605263,9.131449699401855,400004000
2020-06-16,9.182464923079202,9.224022372872781,8.797995385566145,9.02668571472168,535716000
2020-06-17,9.07172781257394,9.256122973976474,9.028427490860382,9.193413734436035,408304000
2020-06-18,9.184451563788096,9.239695665772665,9.072470147700916,9.175493240356445,254408000
2020-06-19,9.1998831293818,9.40144879419368,9.184703242099346,9.218545913696289,524160000
2020-06-22,9.257118524157914,9.487302056324824,9.230491304611464,9.48282241821289,398468000
2020-06-23,9.506960557763616,9.598038937764816,9.364122850339776,9.406426429748535,375108000
2020-06-24,9.432553235534522,9.512433926958058,9.10233306985164,9.192914009094238,449372000
2020-06-25,9.312611657128182,9.461173510700254,9.13991158750096,9.446242332458496,376072000
2020-06-26,9.456197752995324,9.456197752995324,9.082926789061299,9.112788200378418,592084000
2020-06-29,9.12747025510975,9.16206001434002,8.858963428244438,9.157580375671387,342248000
2020-06-30,9.271052779473228,9.482323840413832,9.223772146240533,9.45395565032959,367892000
2020-07-01,9.476849291492085,9.531595986934233,9.369596194012617,9.486056327819824,326648000
2020-07-02,9.594555539183766,9.692601616807512,9.534085643354649,9.5679292678833,364056000
2020-07-06,9.696831134904459,9.863060925578766,9.667715860624158,9.7938814163208,315892000
2020-07-07,9.90038756505966,10.023566685048234,9.805327925441164,9.826231002807617,357800000
2020-07-08,9.947668620000956,10.177853089859866,9.919549138442747,10.168893814086914,365480000
2020-07-09,10.332387440764878,10.52126223708513,10.186313645698538,10.460543632507324,494548000
2020-07-10,10.539926128477521,10.606119214480618,10.330894381296,10.430931091308594,497676000
2020-07-13,10.546149200369124,10.74248914202726,9.97877669146229,10.005901336669922,457076000
2020-07-14,10.028543640334897,10.354782578911696,9.740378299322161,10.329151153564453,542676000
2020-07-15,10.366228896039699,10.3848916779029,10.00938150824188,10.18009090423584,403984000
2020-07-16,9.968820569091442,10.159685972931204,9.84987143136345,10.088018417358398,344964000
2020-07-17,10.178350410253335,10.201244122022572,10.041235900917167,10.154460906982422,266284000
2020-07-20,10.226875749369688,10.482690699140393,10.109917234833206,10.462285041809082,284852000
2020-07-21,10.464524220514964,10.51130838501067,10.23931776030554,10.280875205993652,277036000
2020-07-22,10.31969594109073,10.553612018427057,10.244046163134492,10.390617370605469,367292000
2020-07-23,10.401814053155686,10.498366900172412,9.984995131598533,10.083041191101074,411660000
2020-07-24,9.829463828665853,10.316955374000012,9.731916157211755,10.147490501403809,473292000
2020-07-27,10.185067234875442,10.393600550017624,10.170633482181762,10.373444557189941,292132000
2020-07-28,10.326414528145886,10.334128352270644,10.162175384539536,10.16839599609375,271636000
2020-07-29,10.342838679361162,10.467759731459614,10.299290598378333,10.417243957519531,284508000
2020-07-30,10.327161360719078,10.57401798861962,10.247779023481753,10.565059661865234,308880000
2020-07-31,10.514544480145966,10.716858214499968,10.384895060573951,10.565807342529297,386080000
2020-08-03,10.683015662706206,11.04757702922631,10.665845136648791,10.959485054016113,412720000
2020-08-04,10.999048630506225,11.175978660583496,10.855712561468552,11.175978660583496,310336000
2020-08-05,11.19215269021843,11.319313061745826,11.11476100189389,11.234704971313477,249924000
2020-08-06,11.297415830981054,11.305628025623456,11.127204783408471,11.283231735229492,244316000
2020-08-07,11.260338450705653,11.45170224316212,10.986606845979392,11.147859573364258,342516000
2020-08-10,11.281988797793014,11.355646995207982,10.806440904133613,11.113518714904785,427796000
2020-08-11,11.022687098568131,11.08539727357645,10.74596911283335,10.799969673156738,354512000
2020-08-12,10.940071438029333,11.414125122757872,10.907721031284495,11.38749885559082,464412000
2020-08-13,11.49276161637444,11.6677019727211,11.303389402079686,11.390236854553223,374460000
2020-08-14,11.476833720238632,11.650778256595569,11.387746937929792,11.510677337646484,366436000
2020-08-17,11.79660376231853,12.352528815873693,11.762761090180327,12.28011417388916,621300000
2020-08-18,12.392593371852119,12.438381746178354,12.03052110177565,12.204216003417969,503448000
2020-08-19,12.239800515615501,12.258214588595601,12.042215177317894,12.082529067993164,622624000
2020-08-20,11.91978322105072,12.317938426854452,11.823976501691238,12.085017204284668,921388000
2020-08-21,12.145488010516427,12.749689506590398,12.139017738747308,12.625017166137695,999868000
2020-08-24,12.824343188832731,12.85296104070654,12.449827806001334,12.66159725189209,490564000
2020-08-25,12.572511247772661,12.702409372757435,12.515773906574502,12.691211700439453,289076000
2020-08-26,12.740233502188829,12.809164303214024,12.619293712172963,12.714104652404785,321244000
2020-08-27,12.72256667034822,12.790751345600363,12.508557844715538,12.570023536682129,317604000
2020-08-28,12.616554992173452,13.087373535062817,12.584204585857165,13.087124824523926,537160000
2020-08-31,13.12196361348135,13.51240499533192,12.977632707337218,13.312829971313477,500840000
2020-09-01,13.42185899037855,13.933393212520636,13.378546663293708,13.761388778686523,511316000
2020-09-02,14.640328637897767,14.663230147107154,13.840045378460548,14.28462028503418,874012000
2020-09-03,13.76910292266537,13.824612353112618,12.823200691803297,12.95936107635498,945128000
2020-09-04,12.728611687105868,13.11817478517767,11.65426602615585,12.568058013916016,1463684000
2020-09-08,11.683886817797339,12.495869670621197,11.653767694372018,11.861617088317871,795728000
2020-09-09,12.346515345038622,12.75400040657726,12.17899096545241,12.660157203674316,736200000
2020-09-10,12.933224521841012,13.008896928842086,12.114520712963447,12.258646965026855,698684000
2020-09-11,12.431643572879187,12.597923028611836,11.844437197153031,12.112028121948242,636928000
2020-09-14,13.024579895343457,13.257569871709805,12.576769791725022,12.816729545593262,1201744000
2020-09-15,13.222723002447166,13.241392323479953,12.772424030801492,12.934969902038574,727556000
2020-09-16,12.901362978238856,13.036278499769432,12.4597762967511,12.460522651672363,556384000
2020-09-17,12.079919058916289,12.53544615204914,11.982839763543263,12.409740447998047,792512000
2020-09-18,12.539430184632225,12.578012742879299,11.937040148177086,12.136674880981445,698460000
2020-09-21,11.873563455723925,12.468486075393573,11.853151697144176,12.463258743286133,721044000
2020-09-22,12.520763197052464,12.59344829876963,12.103073121959817,12.583242416381836,646452000
2020-09-23,12.5212581987383,12.672105439487142,12.027149449148329,12.071456909179688,647012000
2020-09-24,12.020180820740766,12.515285706992461,11.962181636898192,12.294740676879883,731240000
2020-09-25,12.393812906216654,12.827932265146119,12.192933271803156,12.81822395324707,588016000
2020-09-28,12.984001402355277,12.995452154753405,12.695003554970125,12.978774070739746,573808000
2020-09-29,12.88169735695408,13.384768065727984,12.877466113660384,13.16870403289795,621460000
2020-09-30,13.100748073599721,13.563742542883896,13.093529512118515,13.472139358520508,689184000
2020-10-01,13.698658927613552,13.703387740885159,13.40269029134298,13.555777549743652,525004000
2020-10-02,13.167958188027503,13.461187347792777,12.9947079495707,13.00590991973877,552496000
2020-10-05,13.1789125626471,13.585401616628305,13.165719361089417,13.583659172058105,479820000
2020-10-06,13.770348670376706,14.081003232270978,13.60606038275203,13.677251815795898,784420000
2020-10-07,13.93936472563544,14.05834944334115,13.803701921805605,13.903768539428711,418084000
2020-10-08,14.014292260405256,14.023751786873135,13.698660090271776,13.779061317443848,378900000
2020-10-09,13.707619453210627,13.764622541474697,13.601827927722326,13.703387260437012,346892000
2020-10-12,13.929158832555586,14.285116896035671,13.852491292566945,14.16463851928711,434744000
2020-10-13,14.234837322926795,14.286613084948678,13.958285283848605,14.186795234680176,344604000
2020-10-14,14.228862717598037,14.280887264715126,13.899788560818896,14.034455299377441,276100000
2020-10-15,13.751181831148036,13.94534045823671,13.70836707735876,13.909745216369629,267224000
2020-10-16,13.976207032310032,14.060591666359802,13.733010226412944,13.751928329467773,242392000
2020-10-19,13.843032003278086,13.923184432811734,13.348922328803374,13.439530372619629,298068000
2020-10-20,13.524912268022215,13.740229967654253,13.448742284587745,13.586645126342773,229212000
2020-10-21,13.56623229376561,13.732014232770208,13.419368456639658,13.466414451599121,219596000
2020-10-22,13.464173860061539,13.553038513396526,13.174677441609322,13.303370475769043,290480000
2020-10-23,13.391986202058305,13.534618788168892,13.233921352971006,13.531631469726562,233484000
2020-10-26,13.369085896916106,13.633689579571246,12.982261385916676,13.08456802368164,336896000
2020-10-27,13.24860995113112,13.384024003134751,13.134603752896393,13.338969230651855,250520000
2020-10-28,13.141073702441242,13.20280655451587,12.554614456414914,12.57253646850586,376520000
2020-10-29,12.783123011626987,13.13584495995668,12.695004720775675,12.967823028564453,320080000
2020-10-30,12.794575514658112,12.880701638769581,12.246947595239426,12.479938507080078,416820000
2020-11-02,12.603153941396506,12.781381768805504,12.341537577545923,12.52648639678955,299652000
2020-11-03,12.653684234543976,13.048473643303717,12.54839028330013,12.963342666625977,272900000
2020-11-04,13.331499752886495,13.767860047508005,13.279475206935611,13.734752655029297,410228000
2020-11-05,14.101413431699372,14.277151505773915,13.930652955568876,14.098923683166504,319028000
2020-11-06,14.048891455608413,14.525825518344906,13.835068378723031,14.499191284179688,383348000
2020-11-09,14.489730948690765,14.628131343754319,13.55204339364055,13.571956634521484,582976000
2020-11-10,13.54781121416907,13.54781121416907,12.573781115211155,12.714920043945312,644068000
2020-11-11,12.997446446842183,13.377052414591688,12.892401270410012,13.360125541687012,404744000
2020-11-12,13.420864460161631,13.706626317908823,13.258567381324138,13.398710250854492,365812000
2020-11-13,13.568470299974223,13.609791386132025,13.002920455645425,13.239645004272461,346312000
2020-11-16,13.11568372017377,13.590626548003572,13.099255366942009,13.456955909729004,413776000
2020-11-17,13.494046140938254,13.53760725179244,13.2463692967436,13.364357948303223,312028000
2020-11-18,13.407169259990862,13.547063298311084,13.128128487665085,13.370826721191406,510924000
2020-11-19,13.155760695717245,13.429325390449687,13.043496960142532,13.382279396057129,565936000
2020-11-20,13.395968917954983,13.436293916600302,13.008645914860107,13.031298637390137,341088000
2020-11-23,13.11443773189081,13.324775884606339,12.959359267395191,13.083322525024414,361356000
2020-11-24,13.08581200094348,13.105227670734758,12.829422986955962,12.901859283447266,346500000
2020-11-25,12.976289464632114,13.212266767837656,12.963843568606508,13.177666664123535,259916000
2020-11-27,13.31731084616741,13.349670932792165,13.113692699646311,13.20405101776123,167276000
2020-11-30,13.207782160737864,13.354645961878012,12.916294572079847,13.343692779541016,286952000
2020-12-01,13.434052973003837,13.470395511124003,13.171190821745373,13.332243919372559,296948000
2020-12-02,13.29291762801155,13.614524440565008,13.17716899170747,13.48608112335205,283360000
2020-12-03,13.532892215696354,13.605101070203562,13.275431963831027,13.342162132263184,199520000
2020-12-04,13.394450674202265,13.505503297047852,13.334941202298934,13.50376033782959,202244000
2020-12-07,13.546582392900358,13.67605999980221,13.445739649478464,13.5520601272583,223244000
2020-12-08,13.530402826794454,13.544097642446557,13.228122398331958,13.296347618103027,271920000
2020-12-09,13.247042376503204,13.360085838709526,12.816529658441905,12.878778457641602,401300000
2020-12-10,12.81727614291095,13.01622323580961,12.797853789659424,12.920110702514648,207764000
2020-12-11,12.91513334344989,12.967671921625609,12.77146318057453,12.960948944091797,209264000
2020-12-14,13.035397836313285,13.334938860612665,13.024940082840144,13.255260467529297,270156000
2020-12-15,13.385732658762745,13.409885223527201,13.133750208165058,13.306801795959473,193016000
2020-12-16,13.368554535432228,13.383245733797809,13.159398488926833,13.189278602600098,223116000
2020-12-17,13.313030761632488,13.325730144353361,13.125537721033849,13.287633895874023,231384000
2020-12-18,13.325229723016056,13.351125252225733,13.017970240699636,13.218660354614258,342064000
2020-12-21,13.02220170883082,13.316265019825284,12.915382540524025,13.278666496276855,302332000
2020-12-22,13.265718661021117,13.283645967615037,13.001534523080034,13.224883079528809,185580000
2020-12-23,13.202724607149166,13.221648300636407,12.952733906135586,12.956966400146484,179144000
2020-12-24,12.984852485701106,13.079719802401335,12.88674905910573,12.941527366638184,97884000
2020-12-28,13.009999423359698,13.009999423359698,12.711952513384338,12.848152160644531,212564000
2020-12-29,12.873052511880598,13.01995972337383,12.790634778448547,12.891228675842285,170372000
2020-12-30,12.938041984526887,13.160643991606976,12.844918572910682,13.092917442321777,225396000
2020-12-31,13.083700669906014,13.098142055543267,12.863090552298234,13.002528190612793,192424000
2021-01-04,13.051582318788373,13.597629030369669,12.910401695595096,13.060794830322266,560640000
2021-01-05,13.04710135296224,13.389469813350296,13.03440292226786,13.350875854492188,322760000
2021-01-06,13.16935698709165,13.191766594805781,12.535415751922324,12.563800811767578,580424000
2021-01-07,12.915382094628498,13.32398392120334,12.834708264575642,13.290369033813477,461480000
2021-01-08,13.3087946092629,13.367058829260577,12.989582367036666,13.223388671875,292528000
2021-01-11,13.364819940572676,13.904891272024647,13.308796388895459,13.566755294799805,518344000
2021-01-12,13.697226140854115,13.699218908007824,13.291364630760276,13.43055248260498,291476000
2021-01-13,13.4357823822842,13.570240034440598,13.331204841612394,13.477364540100098,210028000
2021-01-14,13.520441735796062,13.545092022114554,13.12752745599619,13.147197723388672,283120000
2021-01-15,13.174833267369788,13.271692381711922,12.796859128798951,12.807814598083496,277780000
2021-01-19,12.963934834618934,13.041372547513665,12.79237734581268,12.972899436950684,226188000
2021-01-20,13.059052877089373,13.376522184971396,13.004274570708622,13.312032699584961,258572000
2021-01-21,13.364568959095964,13.942985300241656,13.199734440258004,13.81176471710205,337780000
2021-01-22,13.684778315815404,13.786119751969078,13.572481408125672,13.657388687133789,246820000
2021-01-25,13.726360770124714,13.772922949913667,13.183302194742383,13.598377227783203,251112000
2021-01-26,13.525919807719731,13.589911580254576,13.333695631638935,13.381254196166992,163980000
2021-01-27,13.176827521248605,13.179566863996952,12.742331097480742,12.865833282470703,371272000
2021-01-28,12.944018103883906,13.286137711006822,12.908411395926858,12.998547554016113,228316000
2021-01-29,13.022449229079449,13.281155615738037,12.859606529711234,12.937541961669922,271552000
2021-02-01,13.000788099819756,13.217413681369504,12.85089267680462,13.183799743652344,217204000
2021-02-02,13.344900937302837,13.517453895988597,13.232105357802928,13.502265930175781,220440000
2021-02-03,13.581195250724157,13.875757217775313,13.4621763232891,13.476119995117188,245408000
2021-02-04,13.47661645272623,13.618543641909477,13.284143457889288,13.609331130981445,201340000
2021-02-05,13.669838214950548,13.682038927768824,13.491307924573183,13.536375999450684,169152000
2021-02-08,13.672080435543572,14.41558027564343,13.672080435543572,14.380721092224121,434624000
2021-02-09,14.283112900004856,14.524638573331769,14.165338264412211,14.205924987792969,287560000
2021-02-10,14.405123197998494,14.845097404880885,14.283862625755715,14.704913139343262,485352000
2021-02-11,14.920043907883057,15.21087016144193,14.865015793501902,15.18945598602295,450828000
2021-02-12,14.989516258547587,15.229796745148876,14.715620876758273,14.901123046875,374756000
2021-02-16,15.003706913820904,15.310718485509026,14.889915901123095,15.268637657165527,321960000
2021-02-17,15.110026568801802,15.162316290720591,14.720598221294038,14.846092224121094,274756000
2021-02-18,14.66980213100204,14.813472286009498,14.516420797901691,14.769400596618652,233868000
2021-02-19,14.964115141640802,15.116002383057575,14.7870798988498,14.866509437561035,271724000
2021-02-22,14.715368455188019,15.072428084036344,14.267426101767738,14.298052787780762,325884000
2021-02-23,14.018682760546774,14.181526454338423,13.33568870828733,14.085165023803711,391780000
2021-02-24,14.065990089420389,14.448446595280082,13.700713365709305,14.440727233886719,448320000
2021-02-25,13.989050761356713,14.316977835811675,13.163134143029106,13.254016876220703,824436000
2021-02-26,13.697225432091273,13.798815708495557,13.307299430514368,13.659379005432129,500932000
2021-03-01,13.819236639241204,13.869035880161727,13.498780057911683,13.786120414733887,353184000
2021-03-02,13.844135500255799,13.864553293096154,13.342161365725818,13.352370262145996,264116000
2021-03-03,13.37228948153276,13.39743748342225,12.747310913046222,12.753287315368652,377592000
2021-03-04,12.749301630930296,12.922851894147273,12.035183354685007,12.320531845092773,573344000
2021-03-05,12.499560385516855,12.499560385516855,11.632309598213094,12.411416053771973,542840000
2021-03-08,12.399960789446373,12.421125153517597,11.52001165248514,11.54665470123291,543112000
2021-03-09,12.085666683941009,12.570378398131114,12.014927537191268,12.474233627319336,521824000
2021-03-10,12.79330869541298,12.93229567297207,12.411716868075333,12.4224271774292,384376000
2021-03-11,12.902405394482225,12.998302184299803,12.687697531280483,12.945745468139648,299916000
2021-03-12,12.601762440863276,12.841378959282121,12.543727056525297,12.808749198913574,243964000
2021-03-15,12.8174670258616,13.158210052490965,12.720325527727177,13.142766952514648,221988000
2021-03-16,13.307412672645334,13.462839487710482,13.0685438785525,13.242403030395508,272128000
2021-03-17,12.991825039852959,13.403805133986928,12.941759670722005,13.292217254638672,243864000
2021-03-18,13.088219157514716,13.13554423645725,12.67026061604295,12.675740242004395,293896000
2021-03-19,12.70314025989356,12.874010155684777,12.566145800065824,12.798538208007812,299208000
2021-03-22,12.865293491438804,13.345272507132586,12.85931502565977,13.137787818908691,297804000
2021-03-23,13.20553571417136,13.295454030041492,12.973392265762131,13.022710800170898,222048000
2021-03-24,13.102915085638799,13.110886055698332,12.59030636238717,12.596532821655273,245840000
2021-03-25,12.453563465581471,12.668022417306725,12.22689958693841,12.489181518554688,295144000
2021-03-26,12.508356491147842,12.808997613768744,12.328021986506789,12.792059898376465,363968000
2021-03-29,12.773132589205469,13.014492713127513,12.653324782729335,12.900662422180176,273520000
2021-03-30,12.79480042870209,12.927560916338413,12.658303875869729,12.824440956115723,200204000
2021-03-31,12.9676641139645,13.420991773399177,12.934785406687192,13.29919147491455,314776000
2021-04-01,13.522368421618353,13.819023625386853,13.461591793310602,13.760988235473633,308276000
2021-04-05,13.816532577415291,13.962493775777086,13.682526408463117,13.936091423034668,255672000
2021-04-06,13.948296742716591,14.0025960659606,13.722878585220865,13.810554504394531,191744000
2021-04-07,13.829735341708554,14.191152220575374,13.661107830911533,14.091520309448242,251284000
2021-04-08,14.20036660361676,14.418312621618602,14.196629588023145,14.26438045501709,244416000
2021-04-09,14.161759195266548,14.355046432497897,14.12290297240524,14.347075462341309,195172000
2021-04-12,14.237230012870905,15.296073878996914,14.087282859260705,15.153100967407227,869324000
2021-04-13,15.175516698626726,15.642294876119408,15.070155296333773,15.621870040893555,676212000
2021-04-14,15.567572446035657,15.662721441224473,15.171533365001741,15.22085189819336,385500000
2021-04-15,15.604930665768292,16.15465281373212,15.574044473789503,16.07793617248535,598480000
2021-04-16,15.993999034973276,16.10633564214932,15.806939219576352,15.854016304016113,335208000
2021-04-19,15.479399250455955,15.749403162911921,15.177014518006649,15.305291175842285,404420000
2021-04-20,15.266928848264836,15.440040149999742,14.908003434580994,15.115488052368164,334132000
2021-04-21,15.063184408428354,15.306039135930256,15.046745528966595,15.304046630859375,216776000
2021-04-22,15.318489656115332,15.381756666672457,14.72916341508692,14.795668601989746,277788000
2021-04-23,14.879361749601612,15.27863902524811,14.845487265337356,15.209145545959473,227500000
2021-04-26,15.12918967843709,15.4221087880324,15.069409783535395,15.421112060546875,197796000
2021-04-27,15.521246713685633,15.612908608923208,15.298069966592816,15.325220108032227,164572000
2021-04-28,15.30802899668714,15.475162801608885,15.159576467603044,15.220601081848145,209416000
2021-04-29,15.34340000196832,15.379765830719082,15.016107543211453,15.268426895141602,173196000
2021-04-30,15.118729701211409,15.308528865809581,14.941881343927635,14.95433521270752,201912000
2021-05-03,15.06941043878628,15.19071284416774,14.733151247079403,14.782219886779785,203912000
2021-05-04,14.583453950082967,14.583702894438511,13.958758495262643,14.298504829406738,405324000
2021-05-05,14.654938309097338,14.75905499847583,14.334620122131005,14.405359268188477,292024000
2021-05-06,14.441976491548107,14.517697387535478,14.16574610808728,14.469624519348145,193380000
2021-05-07,14.753823675891304,14.915725847718134,14.617825015407917,14.757808685302734,229328000
2021-05-10,14.732904749404433,14.751586031066266,14.197629637235746,14.213321685791016,268904000
2021-05-11,13.774187749389633,14.301990590214329,13.699463592554991,14.253668785095215,285584000
2021-05-12,13.9580113483226,14.207840322870009,13.658865734558306,13.707934379577637,303408000
2021-05-13,13.982172876716831,14.029001024518745,13.409535245687866,13.61502742767334,285404000
2021-05-14,13.838949606962357,14.275339526116129,13.697969198962545,14.190651893615723,258616000
2021-05-17,14.104967840462367,14.11717276437191,13.802584080647618,14.113436698913574,216980000
2021-05-18,14.214566961029632,14.351312494718293,13.952533036625123,13.964240074157715,186256000
2021-05-19,13.516637860643087,14.027752884459964,13.49347368536492,14.014053344726562,344000000
2021-05-20,14.249934831389337,14.62978403099266,14.21805284914082,14.558795928955078,321592000
2021-05-21,15.108017088006374,15.16605342254954,14.814849033504863,14.936649322509766,672992000
2021-05-24,15.156589134652451,15.687132304008871,15.120223305868196,15.554621696472168,554816000
2021-05-25,15.708054812680162,15.760361630715945,15.42559704511767,15.590239524841309,435408000
2021-05-26,15.676421168733075,15.735702226871508,15.528965356400244,15.64229679107666,370440000
2021-05-27,15.642047824221699,15.692113190945143,15.403179081309112,15.431076049804688,581476000
2021-05-28,15.444032817878627,16.21767885890233,15.444032817878627,16.184799194335938,644536000
2021-06-01,16.210205842744976,16.328021150399323,15.844802987740685,16.20472526550293,472804000
2021-06-02,16.19251743061265,16.85656787926671,16.17582865881313,16.716583251953125,594168000
2021-06-03,16.63936684781397,17.195565429117057,16.522049469970472,16.907377243041992,580008000
2021-06-04,17.04960345412486,17.596087541905547,17.032667639127915,17.513643264770508,617120000
2021-06-07,17.506673820238802,17.747036276594248,17.129564882139565,17.55424690246582,575756000
2021-06-08,17.46283462472556,17.55673796608518,17.18759905493115,17.39284324645996,323848000
2021-06-09,17.455372530301904,17.514418168620654,17.196268545386232,17.29841423034668,381656000
2021-06-10,17.290192689067965,17.431703394406398,17.11679270243008,17.364933013916016,287772000
2021-06-11,17.419250155413216,17.877416579612827,17.38362394384522,17.763809204101562,416308000
2021-06-14,17.84427598888684,17.97731494669159,17.601864607504492,17.956636428833008,321376000
2021-06-15,17.853247418996794,17.954148103362822,17.66689173938309,17.727182388305664,243032000
2021-06-16,17.729422074916453,17.892856291722083,17.52388192123169,17.74885368347168,307124000
2021-06-17,17.713230770641097,18.770074396069546,17.69504416542192,18.592937469482422,809656000
2021-06-18,18.71925067030263,19.30821305776164,18.51993932359038,18.574501037597656,968856000
2021-06-21,18.371703230531587,18.472605819565104,17.76131527148521,18.363731384277344,672384000
2021-06-22,18.407828248625574,18.89838188023769,18.32262225653675,18.821645736694336,580144000
2021-06-23,18.942232994544018,19.0867336597578,18.84257729781816,18.991561889648438,332356000
2021-06-24,19.161473823483938,19.35306044926967,19.022453105749324,19.139299392700195,320924000
2021-06-25,19.214039016111002,19.27881548823382,18.829369907690694,18.96539878845215,278364000
2021-06-28,19.294512263445398,20.009539746281707,19.25240821728546,19.916112899780273,495436000
2021-06-29,19.81396615542745,20.029470225090638,19.589243331185592,19.957719802856445,367632000
2021-06-30,19.93031286945108,20.093000115257194,19.795279984425818,19.933551788330078,326568000
2021-07-01,20.055632059782717,20.385490527597725,19.949996529159517,20.142332077026367,480136000
2021-07-02,20.369791959842154,20.434568434216665,20.217817481948444,20.416379928588867,342764000
2021-07-06,20.666014703465514,20.7701542975296,20.280100602150775,20.62714958190918,446708000
2021-07-07,20.781614931327567,20.803040452353898,20.261912992280784,20.301525115966797,418428000
2021-07-08,19.788052722862183,20.063598390632993,19.632839339363898,19.834142684936523,503300000
2021-07-09,19.893683614392536,20.011027866337272,19.686151461479575,19.981130599975586,296624000
2021-07-12,20.170231770581537,20.461972057856865,20.118161969430805,20.44179344177246,321984000
2021-07-13,20.330177323660422,20.390718871936702,20.04466588340788,20.18019676208496,290708000
2021-07-14,20.287574757322712,20.3473673991596,19.684660708468368,19.773103713989258,380100000
2021-07-15,19.743463690189294,19.778591902318016,18.793498450144497,18.900876998901367,550564000
2021-07-16,18.96490214619044,19.09096527868611,18.01070219908961,18.098398208618164,688224000
2021-07-19,17.85350083008128,18.97636621146561,17.80392103012152,18.71502113342285,749060000
2021-07-20,18.665437217414535,18.773064743639477,18.101388235116307,18.54784393310547,434687000
2021-07-21,18.816914001718725,19.459691152678595,18.677397187844907,19.343093872070312,371017000
2021-07-22,19.574299353352185,19.81845383790225,19.209559734509735,19.526464462280273,323826000
2021-07-23,19.588247101340414,19.63209605947266,19.183646421770963,19.490585327148438,195672000
2021-07-26,19.24444061109095,19.374987702936075,18.84880770915418,19.22749900817871,203943000
2021-07-27,19.198593120837312,19.554362894991016,18.676399176562164,19.14179039001465,248863000
2021-07-28,19.252413746267163,19.578286345913273,18.92953106507303,19.435779571533203,202191000
2021-07-29,19.451720092622526,19.78457038148823,19.261378455641132,19.594228744506836,190781000
2021-07-30,19.35106731996473,19.562336470219837,19.1966028063269,19.43178939819336,183497000
2021-08-02,19.63209982500397,19.89219990444975,19.294267573085897,19.681926727294922,217444000
2021-08-03,19.671958043759762,20.152296989603176,19.153749973523123,19.746700286865234,301811000
2021-08-04,19.92109911933117,20.247969602176056,19.759656839937854,20.204120635986328,231309000
2021-08-05,20.429339555669177,20.661536241718938,20.271883215334118,20.565866470336914,211435000
2021-08-06,20.453255584823058,20.499096555119213,20.140336838007727,20.295799255371094,178497000
2021-08-09,20.375518990564935,20.43730554179816,20.073563974802937,20.225040435791016,146443000
2021-08-10,20.25194620111402,20.359573704227063,19.766623580582603,19.867277145385742,179238000
2021-08-11,19.973908022072912,19.9798878561772,19.363022159673235,19.631093978881836,185925000
2021-08-12,19.801508432244812,19.959958849718042,19.552370188713052,19.836387634277344,151652000
2021-08-13,19.836388472220936,20.1443233694404,19.782573757798062,20.118412017822266,183063000
2021-08-16,20.0655949890892,20.21707147166275,19.385944729446937,19.88123321533203,210876000
2021-08-17,19.617150871347825,19.70185888892524,19.200592328362852,19.390933990478516,204585000
2021-08-18,19.432786399803497,19.56632529724626,18.93450982544956,18.97437286376953,285913000
2021-08-19,19.426800578843118,20.42435132672305,18.6973235489856,19.729753494262695,766555000
2021-08-20,19.92209227489408,20.79308023295475,19.864293533156978,20.74424934387207,675741000
2021-08-23,20.898715368530024,21.921177903907907,20.877787845028326,21.882312774658203,575807000
2021-08-24,21.678019114764727,21.8833084230163,21.46077013569365,21.717880249023438,297299000
2021-08-25,21.66206982160792,22.392542896960293,21.64712213641012,22.136428833007812,347701000
2021-08-26,22.123482634275426,22.262999479286844,21.714895958935315,21.9919376373291,237940000
2021-08-27,22.107528492260414,22.643674033280696,22.090586896089597,22.55797004699707,304722000
2021-08-30,22.751303423762153,22.963568544992565,22.47326582404602,22.609792709350586,262580000
2021-08-31,22.620760614168464,22.620760614168464,22.047642674505877,22.31177520751953,259850000
2021-09-01,22.411444728207552,22.622751099548815,22.28386320003959,22.36758804321289,201767000
2021-09-02,22.444337387679806,22.51909280352411,22.222067304803737,22.322736740112305,187834000
2021-09-03,22.25197477815264,22.910811920681166,22.127383658232656,22.768280029296875,280532000
2021-09-07,22.758307882725695,22.82409196545465,22.4483244181334,22.587867736816406,198107000
2021-09-08,22.439355044930288,22.53603785625392,21.905107228441466,22.26592445373535,254434000
2021-09-09,22.23901265299159,22.464273188352024,22.058604988452572,22.104454040527344,196856000
2021-09-10,22.274888947085536,22.551979359049604,22.197145003216097,22.404464721679688,248376000
2021-09-13,22.609793787016553,22.88887850668766,21.786495670040438,22.07953453063965,297500000
2021-09-14,22.202132041411108,22.336690647857136,22.013751133052175,22.169240951538086,199755000
2021-09-15,22.236024626845165,22.293835464685625,21.894146209939382,22.267919540405273,166538000
2021-09-16,22.11043394136282,22.204126304937887,21.855270869830687,22.169240951538086,156033000
2021-09-17,22.227052672404977,22.247983887075033,21.758590795663608,21.82836151123047,294503000
2021-09-20,21.076824957284188,21.362886747600268,20.594409012672557,21.043933868408203,349440000
2021-09-21,21.3469404733302,21.35491372577289,20.88146906785273,21.17650032043457,204688000
2021-09-22,21.296102923922355,21.888159587451916,21.126658982440958,21.86922264099121,268726000
2021-09-23,22.067574601135654,22.461282925863888,21.818392405906536,22.408456802368164,248555000
2021-09-24,21.997802477816837,22.076544517927047,21.78948654099759,22.008766174316406,217655000
2021-09-27,21.63898325171852,21.72769282238247,21.255244302712523,21.589147567749023,245215000
2021-09-28,21.14459928108021,21.348928549299167,20.58343950338847,20.631282806396484,343069000
2021-09-29,20.871501019861885,20.948248800717536,20.40004683540283,20.44988441467285,218394000
2021-09-30,20.70006144475727,20.99708693414732,20.620323224212417,20.648231506347656,221009000
2021-10-01,20.68212371981342,20.79076641966092,20.13691215457875,20.674150466918945,240978000
2021-10-04,20.436923825487426,20.474799620417603,19.49102893557556,19.667449951171875,345635000
2021-10-05,19.884737541485297,20.58045410102996,19.789050920867343,20.384098052978516,279282000
2021-10-06,20.0541779058827,20.652213474540314,20.014307854047548,20.632280349731445,297202000
2021-10-07,21.023002332349666,21.252251394930184,20.90339594423825,21.006059646606445,256919000
2021-10-08,21.03197467494621,21.136630744836808,20.707040866525467,20.76285743713379,151258000
2021-10-11,20.507693882375722,20.994096456605053,20.44390216537423,20.627300262451172,163388000
2021-10-12,20.759860446042797,20.988111365227073,20.460842654611554,20.603374481201172,162134000
2021-10-13,20.849573164865863,20.921338143306798,20.64524382851647,20.87050437927246,180652000
2021-10-14,21.218359995410317,21.68383134051635,21.052902671473788,21.674861907958984,243589000
2021-10-15,21.738653534036047,21.85925800191469,21.59113886513245,21.790483474731445,226994000
2021-10-18,21.677853093300257,22.218079867426876,21.573195134718436,22.14930534362793,189494000
2021-10-19,22.20313265408627,22.305796372358465,21.964916022213767,22.21708869934082,161473000
2021-10-20,22.232033823134188,22.359615354512936,21.910090500609137,22.03069496154785,146276000
2021-10-21,22.024716293024067,22.636708092213606,22.010762150737015,22.617769241333008,187590000
2021-10-22,22.74833799814001,23.054332903700523,22.487195958001656,22.651655197143555,249384000
2021-10-25,22.897850050486433,23.27860041757706,22.69551498837549,23.090219497680664,230235000
2021-10-26,23.9105273389636,25.17637336256749,23.84573943509634,24.636144638061523,485898000
2021-10-27,24.393937207117244,25.007921262227864,24.202563973433747,24.37101173400879,245990000
2021-10-28,24.79661760339399,24.868382573846535,24.442779360511576,24.859411239624023,234204000
2021-10-29,24.91921563206718,25.624899789420567,24.918219450808614,25.48336410522461,292503000
2021-11-01,25.565094542912135,25.80929200930688,25.144474150231424,25.742511749267578,265740000
2021-11-02,25.737529816984793,26.590728607704555,25.71560052254652,26.314634323120117,294112000
2021-11-03,26.58275893777931,26.69638634791327,26.149182413290003,26.51099395751953,239910000
2021-11-04,27.139925507145282,31.2623950368217,27.029288562062703,29.70351219177246,1153631000
2021-11-05,30.088249068059874,31.29728030818793,29.313790454475946,29.654672622680664,851260000
2021-11-08,30.05037382681619,30.998263036065406,29.809164902811037,30.703231811523438,503101000
2021-11-09,32.17639722764453,32.20430550943804,29.86597932140083,30.556711196899414,646746000
2021-11-10,29.259972850188642,30.749085226450433,28.683862559196594,29.362634658813477,636206000
2021-11-11,30.368334246239346,30.489934904320453,29.679594643475284,30.29058837890625,332172000
2021-11-12,29.911832261950494,30.579640650645906,29.53307424388538,30.29058837890625,413054000
2021-11-15,30.45205524331211,30.54375334062734,29.15132398754459,29.92677879333496,384909000
2021-11-16,29.661650656013027,30.290585092245067,29.608822634811435,30.104196548461914,264484000
2021-11-17,30.318494131813672,30.409197952977312,28.70578699749506,29.165279388427734,428508000
2021-11-18,32.26112405677025,32.65283625350955,31.21854422447708,31.571386337280273,781711000
2021-11-19,32.1375210519031,32.97975795583658,31.80062743099509,32.87709426879883,533867000
2021-11-22,33.40735381658586,34.533658301488515,31.795644847195604,31.85146141052246,754335000
2021-11-23,31.431840673643133,32.25414264484403,30.77898266433961,31.64215087890625,532163000
2021-11-24,31.358073414275974,32.74751194114988,30.826816220897783,32.56710433959961,435162000
2021-11-26,32.493355877058754,32.60299664841291,31.2474468349952,31.399946212768555,283069000
2021-11-29,32.26012461188157,33.30270053648563,31.931202291527786,33.26681900024414,454964000
2021-11-30,33.06048273898262,33.24388267932972,31.75975378505098,32.569095611572266,622066000
2021-12-01,33.114390390664795,33.184169646455935,31.281179063188567,31.33600616455078,484368000
2021-12-02,31.11569943003582,32.37571869369958,30.927293561836475,32.02482604980469,472890000
2021-12-03,31.899225278294047,32.027820642535175,30.03511346450326,30.596342086791992,544325000
2021-12-06,29.785904339285608,30.145767578458255,27.949705907051353,29.942411422729492,658938000
2021-12-07,30.859506976245633,32.34680875654143,30.554469012712545,32.32487487792969,593053000
2021-12-08,31.898232211155804,32.188316185516875,31.322051376993954,31.72577667236328,475551000
2021-12-09,31.634061878266106,32.103581165831095,30.33217500414839,30.393980026245117,488507000
2021-12-10,31.051901151200305,31.206413705262143,29.766960947879433,30.1028995513916,488825000
2021-12-13,30.15373687601913,30.198595232835125,28.027453044551194,28.072311401367188,598344000
2021-12-14,27.61176761656936,28.58768456683166,27.16418223461943,28.247758865356445,667035000
2021-12-15,28.310561418103585,30.40394841022342,27.750331012948195,30.36307716369629,698297000
2021-12-16,31.053901627697662,31.061875857394217,28.004534516432194,28.297607421875,707366000
2021-12-17,27.896870039197612,28.830919505652275,27.67257823059536,27.713449478149414,713758000
2021-12-20,27.21901421962327,28.055370925868335,27.059518227197945,27.631710052490234,461847000
2021-12-21,28.284643989318436,29.028294944690636,27.314706725168943,28.983436584472656,524385000
2021-12-22,28.800017170257917,29.46192565947625,28.359407778692482,29.30741310119629,395184000
2021-12-23,29.661291348376615,29.9643348089571,29.338312319080405,29.546653747558594,343022000
2021-12-27,29.566590756031,30.989096709482265,29.54665328628474,30.847543716430664,403686000
2021-12-28,31.213393083122995,31.231336047997825,29.917485879079116,30.226511001586914,420591000
2021-12-29,30.177667453136895,30.451801065304423,29.273522212886757,29.906522750854492,343139000
2021-12-30,29.733070560375477,30.361087673132488,29.446975608009016,29.492830276489258,308864000
2021-12-31,29.58055454684799,29.9354343785165,29.238634264128304,29.318382263183594,266530000
2022-01-03,29.72110791823675,30.614286167328913,29.691201708964883,30.02614402770996,391547000
2022-01-04,30.18164886854297,30.372047335762616,28.259721233713027,29.197757720947266,527154000
2022-01-05,28.85783647032943,29.323366804704467,27.446297114632042,27.517072677612305,498064000
2022-01-06,27.55295241716997,28.34843960109803,26.979764412182007,28.089258193969727,454186000
2022-01-07,28.052377508601495,28.33249270432617,26.971789766731415,27.161191940307617,409939000
2022-01-10,26.497290128969677,27.382494114013422,25.5632406683439,27.313711166381836,594681000
2022-01-11,27.23695493896439,27.97661882621992,26.754479886883722,27.729398727416992,404089000
2022-01-12,27.97861047249407,28.50494756627951,27.52105632637495,27.910825729370117,383413000
2022-01-13,28.289627869102336,28.390309630110426,26.41455104320911,26.491310119628906,540171000
2022-01-14,26.21717640732011,27.111352875878474,26.12745967935316,26.857154846191406,395832000
2022-01-18,26.177296679460166,26.554106460456605,25.688840119306743,25.821420669555664,424270000
2022-01-19,25.996872119985937,26.459409683048193,24.97310593684919,24.98805809020996,488315000
2022-01-20,25.22431303336184,25.49844661807642,24.002172240904777,24.073945999145508,435181000
2022-01-21,23.432970816782724,24.74482640351697,23.189739748176777,23.300390243530273,718958000
2022-01-24,22.259676871868574,23.30636938474509,20.822218672511546,23.29839515686035,913982000
2022-01-25,22.474999365021613,22.870750425042836,21.93071925859125,22.253698348999023,664616000
2022-01-26,23.166817365748525,23.981244082392827,22.229776879057887,22.70029067993164,755959000
2022-01-27,23.493779360509365,23.91943467808651,21.606739331750255,21.874893188476562,573353000
2022-01-28,21.94268417210936,22.78602081917115,21.228939224684222,22.768077850341797,543774000
2022-01-31,23.10899903268621,24.431821873051916,22.979409239604102,24.408893585205078,564680000
2022-02-01,25.02494354865154,25.065814798100266,23.814765930647102,24.56041145324707,518925000
2022-02-02,25.712769688020778,25.735696069563566,24.475676742278374,25.162508010864258,543419000
2022-02-03,24.38097948355901,24.99802967321124,23.705115075622988,23.87258529663086,410178000
2022-02-04,23.89651089080567,24.557423171481002,23.557581418595635,24.24241828918457,354829000
2022-02-07,24.29524762592509,25.10269624776117,24.125782912567686,24.650127410888672,376868000
2022-02-08,24.282288838178633,25.150546207819467,23.90448265925914,25.0289306640625,410359000
2022-02-09,25.54130782575454,26.6408347629827,25.273155890673355,26.62089729309082,524282000
2022-02-10,25.913134866611202,26.84020442347212,25.519378382520046,25.742671966552734,513200000
2022-02-11,25.834383427476414,26.069640256444483,23.69813270066166,23.873577117919922,605472000
2022-02-14,23.85862696314563,24.79666354683214,23.680189818886806,24.19057846069336,440424000
2022-02-15,24.870432839092235,26.46140756576052,24.705953427119574,26.41156578063965,699869000
2022-02-16,26.176305909012655,26.498288671486034,25.47153166394175,26.42751121520996,732676000
2022-02-17,25.549285582156386,25.703798143147747,24.088900885684307,24.42982292175293,810595000
2022-02-18,24.590310858620988,24.907310153114818,23.02725016540724,23.567543029785156,761255000
2022-02-22,22.9624597952012,23.988218678165815,22.92757016662024,23.316341400146484,633422000
2022-02-23,23.72704258537858,24.07893155363586,22.230770094894353,22.316497802734375,566511000
2022-02-24,20.948817318078245,23.725046427228275,20.82421097780637,23.67321014404297,735801000
2022-02-25,23.64630098063684,24.14073741705025,23.30737152091748,24.0809268951416,528866000
2022-02-28,23.916442673962294,24.58732353254716,23.63234037536328,24.308204650878906,477319000
2022-03-01,24.21450233159208,24.3002319386135,23.059151897859554,23.403064727783203,412056000
2022-03-02,23.685222229370265,24.336276568768735,23.345238595457605,24.147838592529297,389642000
2022-03-03,24.18971640143085,24.2535268091343,23.399079682408747,23.64335060119629,365095000
2022-03-04,23.314331446054602,23.609449084190494,22.415018401859665,22.867666244506836,431415000
2022-03-07,22.749018838877227,22.964376798114145,21.2664496692882,21.28838348388672,450821000
2022-03-08,21.24551620790643,22.30634551586361,20.58847910622701,21.449905395507812,557467000
2022-03-09,22.320301778530236,23.150820212926504,22.1807194875951,22.9454345703125,492742000
2022-03-10,22.46387173081111,22.720105999777736,21.816805180949956,22.59049415588379,428066000
2022-03-11,22.9534068346535,23.076041459647897,21.980314929450074,22.034154891967773,367209000
2022-03-14,21.803848494685607,22.195677339606927,21.095964602580043,21.266454696655273,385354000
2022-03-15,21.45388943534592,22.96936124008591,21.258474245006287,22.90455436706543,491996000
2022-03-16,23.429982841181694,24.523714502325593,23.102960984324504,24.423015594482422,671422000
2022-03-17,24.04813783867153,24.767984935801795,23.83477472930563,24.69221305847168,471941000
2022-03-18,24.725114127062692,26.489841079768297,24.550636279337244,26.37418556213379,730719000
2022-03-21,26.428027300009337,27.071106099040612,25.88963521663449,26.65435028076172,591727000
2022-03-22,26.647369201302396,27.156848316591432,25.994321917033023,26.444974899291992,547007000
2022-03-23,26.04816147769014,26.532713584181124,25.49880439684632,25.557628631591797,502120000
2022-03-24,26.08804154718275,28.235623263570396,25.829812434294954,28.066129684448242,877379000
2022-03-25,27.802919332389703,28.273513231464275,27.189751821010642,27.6094970703125,579016000
2022-03-28,27.67330780734801,28.165835529081235,27.124945266667112,28.13492774963379,425494000
2022-03-29,28.60950676132991,28.85975839254765,27.896636856560235,28.57062339782715,488984000
2022-03-30,28.219672974520872,28.41110037401944,27.42105885059828,27.607501983642578,463487000
2022-03-31,27.699230691592014,28.163841976043138,27.188756923217856,27.204708099365234,523440000
2022-04-01,27.29343862106805,27.41407840137785,26.188740006342908,26.632413864135742,517235000
2022-04-04,26.648369216228314,27.475896299662303,26.533712066907064,27.278486251831055,397120000
2022-04-05,27.172794878575203,27.237601739870207,25.743067547357654,25.853736877441406,436615000
2022-04-06,24.859708318326327,25.224617033059545,23.931482507749063,24.334278106689453,703833000
2022-04-07,24.36818516337684,24.648348142863963,23.40805479480209,24.135879516601562,557992000
2022-04-08,23.845742196501757,23.851724837527705,22.99329001527572,23.050119400024414,524781000
2022-04-11,22.147813889994346,22.2534970579757,21.59546368595663,21.85169792175293,575207000
2022-04-12,22.46985514903304,22.65729475827579,21.218593162457935,21.439931869506836,662258000
2022-04-13,21.66326329916609,22.432962530129032,21.39107597210752,22.1368465423584,516943000
2022-04-14,22.437950489268136,22.70914138808518,21.099949624918715,21.194665908813477,569097000
2022-04-18,21.13683828693259,22.02219119866503,21.016198500677564,21.718101501464844,525701000
2022-04-19,21.655289899939216,22.306344324811956,21.250499340490578,22.131866455078125,512781000
2022-04-20,22.449911553032234,22.6024555729677,21.13683607316311,21.41799545288086,468974000
2022-04-21,21.6443221623934,22.325287868143974,19.940414139309308,20.12286949157715,656209000
2022-04-22,20.242508087919838,20.424963414737594,19.44190107394043,19.45685577392578,624713000
2022-04-25,19.14479141968029,19.885577840769354,19.039108228053102,19.84270668029785,641566000
2022-04-26,19.659252706344454,19.729043844449905,18.614374777282016,18.732023239135742,653143000
2022-04-27,18.542589470786602,19.10989445940128,18.235508451875706,18.360136032104492,499460000
2022-04-28,18.910490135420694,19.977303851455268,18.43491199008361,19.72306251525879,570327000
2022-04-29,19.344195296792407,20.06803212955995,18.46183178332937,18.491743087768555,500435000
2022-05-02,18.48576255245507,19.51568405448222,18.336209816554007,19.474807739257812,572049000
2022-05-03,19.342200337321106,19.7659352569291,19.07599562451621,19.543598175048828,475751000
2022-05-04,19.863647358689075,20.339225604182804,18.695138003087777,20.273422241210938,648855000
2022-05-05,19.807809899114023,19.86563575823811,18.444882087815973,18.787857055664062,626331000
2022-05-06,18.680180965141894,19.453868144607874,17.936403191321382,18.619361877441406,633297000
2022-05-09,17.98027188540069,18.20061223010109,16.776867157808468,16.89950180053711,644455000
2022-05-10,17.63630138327549,18.14378578300302,16.974279965454567,17.54258155822754,761474000
2022-05-11,17.295314714048374,17.700105173473105,16.518636414884845,16.5804500579834,670167000
2022-05-12,16.170677698614824,16.73798268883239,15.520620763164581,16.126808166503906,708728000
2022-05-13,16.73798356385744,17.874586549641382,16.543564832253985,17.653247833251953,670437000
2022-05-16,17.456835364759026,17.735003457169242,17.055036163870508,17.21256446838379,521446000
2022-05-17,18.020150928461515,18.316266948710442,17.581463204511554,18.122844696044922,585830000
2022-05-18,17.652248119677026,18.06401769834439,16.813754263169248,16.88753318786621,545161000
2022-05-19,16.886541532338022,17.634307130960774,16.684145291017686,17.07298469543457,621310000
2022-05-20,17.280361950120188,17.358128675360334,15.708059831340721,16.644262313842773,739105000
2022-05-23,16.225514794885957,16.86460579941811,16.13079851441161,16.84765625,639889000
2022-05-24,16.460811455935517,16.547552147553244,15.732985873904111,16.105871200561523,588550000
2022-05-25,15.972274124910482,17.060023452980932,15.952333251945635,16.924428939819336,781132000
2022-05-26,15.988218897337006,18.03809265565369,15.974260672186306,17.79781150817871,996575000
2022-05-27,18.1318174179565,18.82474642934616,18.046073205336302,18.754955291748047,738379000
2022-05-31,18.923452187686582,19.142797955948794,18.29532999144944,18.616371154785156,664100000
2022-06-01,18.668212704516566,18.996231017813137,18.06800517898297,18.26541519165039,544514000
2022-06-02,18.237498762615502,19.560544628460704,18.14377897274522,19.53362464904785,648656000
2022-06-03,19.025147490431646,19.274402636121195,18.466814594887644,18.66422462463379,598779000
2022-06-06,19.081977060607624,19.27938709229923,18.508689459205605,18.73002815246582,422406000
2022-06-07,18.416967656771526,18.94339449795544,18.133813364518677,18.86961555480957,388914000
2022-06-08,18.74695362356912,19.12689931949138,18.4836845843309,18.596372604370117,363252000
2022-06-09,18.42983530392258,18.880583584037574,17.991052933850728,17.99803352355957,395574000
2022-06-10,17.55127599699547,17.648007580932866,16.82229882218963,16.92700958251953,465248000
2022-06-13,15.955702996068341,16.266839478389468,15.562793756532253,15.603680610656738,604153000
2022-06-14,15.68744737975274,16.021519942748558,15.369330314017972,15.792157173156738,469680000
2022-06-15,16.050439932166825,16.821300578805904,15.881908139766276,16.481245040893555,563936000
2022-06-16,15.816090696879078,15.897864407425715,15.358361819515217,15.557807922363281,545749000
2022-06-17,15.604675799839594,15.950715197159008,15.285562074810612,15.836033821105957,630334000
2022-06-21,16.42939011174875,16.960913567479754,16.361577575315028,16.520137786865234,483089000
2022-06-22,16.181077014713374,16.61587073985761,16.135204840649315,16.314706802368164,437135000
2022-06-23,16.473265177528255,16.539082437023865,15.809109627633456,16.18008041381836,463680000
2022-06-24,16.454318352824092,17.09254584996885,16.26484385133375,17.078584671020508,472153000
2022-06-27,17.26407044859053,17.282020263994987,16.579968879448046,16.822296142578125,427968000
2022-06-28,16.85321143493184,17.154375384027293,15.90085545872729,15.937753677368164,461149000
2022-06-29,15.770219221628231,15.776202177014092,15.128002076209375,15.498971939086914,482352000
2022-06-30,15.318471504237966,15.523901498559498,14.820853441865891,15.11703109741211,686070000
2022-07-01,14.85775230195311,15.021297826850201,14.352155961339314,14.482792854309082,577610000
2022-07-05,14.135757815443023,14.929553680216015,14.016090140147133,14.92257308959961,651397000
2022-07-06,14.9684432720513,15.276587784305496,14.748054467101642,15.08811092376709,529066000
2022-07-07,15.413208995404638,15.900854523259023,15.346394102933195,15.814095497131348,492903000
2022-07-08,15.387281829188536,15.992601679207207,15.346394973873567,15.79415225982666,467972000
2022-07-11,15.483013354753316,15.484010989302513,14.996364558759826,15.1100492477417,437321000
2022-07-12,15.225729017833062,15.388277846313347,14.835811736826283,15.040244102478027,458483000
2022-07-13,14.549605743927154,15.33243221201758,14.424951823504246,15.122015953063965,521918000
2022-07-14,15.066172037556123,15.430161276206992,14.687223985290593,15.32944107055664,456235000
2022-07-15,15.615647329390558,15.738305988579,15.40223910380052,15.718361854553223,385935000
2022-07-18,16.2568630566496,16.85021493548919,15.957694457686417,16.056419372558594,670517000
2022-07-19,16.440358091474902,17.062631077163257,16.127228231279975,16.944957733154297,702366000
2022-07-20,16.90008038178597,17.883350564875844,16.754484694338107,17.75769805908203,760538000
2022-07-21,17.835482614701714,18.093764403863,17.49642380939711,18.000024795532227,557049000
2022-07-22,17.843459684574043,17.91725420891557,17.089552288201755,17.27104949951172,536671000
2022-07-25,16.971880453577725,17.076591197104143,16.602905897371375,16.97686767578125,480748000
2022-07-26,16.84224178303558,16.872159411075533,16.43238035984879,16.487228393554688,397865000
2022-07-27,16.984842903526864,17.886341221329417,16.866172897497414,17.740745544433594,569776000
2022-07-28,17.925232053707944,18.089774220465507,17.391713488476277,17.934206008911133,474646000
2022-07-29,17.763679641541707,18.19348605858086,17.64301437349248,18.11271095275879,435460000
2022-08-01,18.13166037008038,18.79382347486427,17.940192505913,18.389944076538086,476469000
2022-08-02,18.071825862895118,18.885566611126666,18.041908238318054,18.474706649780273,489527000
2022-08-03,18.13365949315847,18.91548946592828,18.086788725234523,18.840696334838867,418146000
2022-08-04,18.796820102527445,19.220642788518756,18.708065786644244,19.161806106567383,409652000
2022-08-05,18.757920901412877,19.17576145516048,18.614320486775554,18.936426162719727,386068000
2022-08-08,17.453543487866224,18.188502488777342,17.19426311465401,17.743736267089844,981859000
2022-08-09,17.20423899397108,17.398698836090517,16.677700873007122,17.038698196411133,668263000
2022-08-10,17.64900050219798,18.06783774802281,17.269054837998027,18.04689598083496,597422000
2022-08-11,18.080800327074023,18.655205740612683,17.826505292941643,17.892322540283203,509327000
2022-08-12,18.109721945226894,18.666177625548745,17.903294316475968,18.657201766967773,478094000
2022-08-15,18.649226086629287,19.110943606719005,18.56147037086015,18.97930908203125,457666000
2022-08-16,18.867617579479603,19.08900306515244,18.449777011947884,18.826730728149414,451240000
2022-08-17,18.47171996728055,18.636262177287165,18.094766197974923,18.284238815307617,446799000
2022-08-18,18.250332132443727,18.812769810722802,18.13265879882492,18.721025466918945,415447000
2022-08-19,18.35503657639965,18.468721246381484,17.720797888259778,17.799579620361328,441588000
2022-08-22,17.44158008519119,17.509392623810882,16.91903057051117,16.98684310913086,409593000
2022-08-23,16.94196640912856,17.4166484395593,16.923018006184385,17.133434295654297,369986000
2022-08-24,16.964898742460186,17.35780889595624,16.848223999149923,17.174318313598633,522661000
2022-08-25,16.79736826116041,17.897315311031562,16.78639903354692,17.8634090423584,770691000
2022-08-26,17.80756586241982,17.874379819726403,16.192049758099092,16.21498680114746,769127000
2022-08-29,15.97564814658675,16.29276663412164,15.723348333249264,15.757253646850586,496132000
2022-08-30,15.915812157547325,15.994592953755117,15.139966300020541,15.425174713134766,530181000
2022-08-31,15.341407879469896,15.496976116815032,14.91758433882462,15.052210807800293,573710000
2022-09-01,14.169659947404499,14.340186988303111,13.233260527452883,13.89841365814209,1178865000
2022-09-02,14.060963550220945,14.131766129658757,13.55337197606146,13.609217643737793,743157000
2022-09-06,13.692984371926862,13.740851814141763,13.314036323816168,13.42772102355957,535751000
2022-09-07,13.529468955559182,13.803789664823167,13.313005420498245,13.680095672607422,512657000
2022-09-08,13.425726414837639,13.97336992015191,13.335949711141568,13.955413818359375,624873000
2022-09-09,14.122000907484114,14.438217613905524,14.091078359455306,14.351432800292969,486612000
2022-09-12,14.33347754387466,14.511036991860852,14.162899808803669,14.469141006469727,484159000
2022-09-13,13.767879095556324,13.887582320478687,13.06661696561573,13.09853744506836,714956000
2022-09-14,13.221233728873338,13.2571449823335,12.881077130493788,13.095545768737793,588507000
2022-09-15,12.982822462776163,13.200282946033923,12.75837836522552,12.897034645080566,523625000
2022-09-16,12.710498889536233,13.179337223190453,12.585807914194328,13.165371894836426,670751000
2022-09-19,12.97983183509863,13.429717086609914,12.977836924096026,13.348917007446289,569685000
2022-09-20,13.182328122597518,13.449665184246959,13.024718760603728,13.143424034118652,524818000
2022-09-21,13.180334501882477,13.996312044305188,13.07758850400222,13.228215217590332,807679000
2022-09-22,13.037687792673827,13.116492959222398,12.39727571074283,12.529946327209473,759162000
2022-09-23,12.389295442898492,12.579823238873681,12.22669830375946,12.485057830810547,663309000
2022-09-26,12.460118479404896,12.627703351069655,12.18380288466906,12.197768211364746,547343000
2022-09-27,12.47607929062904,12.70451323216134,12.227695289178223,12.382311820983887,553854000
2022-09-28,12.37932021781137,12.791299318139588,12.323458902869692,12.704514503479004,542414000
2022-09-29,12.417225794477423,12.469097284845578,11.916466992118151,12.189789772033691,532763000
2022-09-30,12.057116325939106,12.601766889967653,12.045145910694353,12.108987808227539,565638000
2022-10-03,12.316476553047927,12.646658600455845,12.075074233627726,12.48106861114502,547478000
2022-10-04,12.847160878067555,13.187318430145417,12.847160878067555,13.134449005126953,584182000
2022-10-05,12.87908032737509,13.2880665303076,12.58979733374113,13.176342964172363,507131000
2022-10-06,13.187317554392024,13.622239538294219,13.07060622540916,13.097539901733398,644157000
2022-10-07,12.47408277401214,12.638674790247842,11.992277140241855,12.046143531799316,672478000
2022-10-10,12.007240867482555,12.094025672565365,11.379796220873162,11.641148567199707,698699000
2022-10-11,11.532418070127365,11.81671332375179,11.255105480239216,11.557356834411621,667482000
2022-10-12,11.550374224944592,11.705987738753207,11.316952527256786,11.471569061279297,492590000
2022-10-13,10.943876148054613,12.048139665363264,10.786266778590695,11.930431365966797,850103000
2022-10-14,12.0271914472458,12.081057843251315,11.176300644723986,11.199243545532227,713432000
2022-10-17,11.48952497727775,11.918462240438945,11.48852799742512,11.858610153198242,580774000
2022-10-18,12.313482956867912,12.461116834509994,11.589277945577948,11.93741512298584,659362000
2022-10-19,11.849631206949502,12.3194674213086,11.804742384541735,12.02120590209961,523131000
2022-10-20,12.08305357020032,12.73743191217373,12.075072975272215,12.163853645324707,652398000
2022-10-21,12.06809134335418,12.467103048862125,11.857613479696207,12.435181617736816,609494000
2022-10-24,12.477077391333092,12.678577660700563,12.034174829585528,12.567852020263672,517457000
2022-10-25,12.662617544617813,13.26711930987685,12.63269102706923,13.228215217590332,505482000
2022-10-26,12.837184898566917,13.354900896725308,12.676582681545735,12.864117622375488,532953000
2022-10-27,13.596302061670135,13.803787996713407,13.089557639646497,13.143424034118652,583113000
2022-10-28,13.071603238162181,13.815759201014696,13.028709325811903,13.799798011779785,521040000
2022-10-31,13.743938035026355,13.803790122164811,13.264127212017728,13.463632583618164,486341000
2022-11-01,13.77685473939127,13.890573215216364,13.4855768377865,13.509517669677734,432817000
2022-11-02,13.815758887447336,14.174868513384318,13.178338754402183,13.186318397521973,672628000
2022-11-03,13.010753571214046,13.746928905168618,12.923968770800348,13.387818336486816,500065000
2022-11-04,13.95142241289194,14.193821673388257,13.663136398930058,14.121002197265625,612576000
2022-11-07,14.192822695386663,14.37636779307645,13.919500910812577,14.265642166137695,410061000
2022-11-08,14.764407269491864,14.854184915550686,14.180853521426073,14.565899848937988,595292000
2022-11-09,14.12698780032859,14.175867398651944,13.724984235954823,13.741942405700684,454414000
2022-11-10,14.763411236851555,15.734005334197544,14.511036451418649,15.71106243133545,700819000
2022-11-11,15.767922381770838,16.348483351245335,15.443726031126113,16.286636352539062,655487000
2022-11-14,16.177903764636575,16.499108168761815,15.882635102124247,16.25471305847168,527852000
2022-11-15,16.68065721766376,16.955973916165302,16.34149766989013,16.62479591369629,545876000
2022-11-16,16.12204333727618,16.321547735639033,15.833757322153295,15.870665550231934,649547000
2022-11-17,15.676148882942353,16.225787271704426,15.496593581923413,15.638242721557617,710894000
2022-11-18,15.926529043321702,15.962441247903389,15.082620775152405,15.370906829833984,492072000
2022-11-21,15.109553050431892,15.438737129847263,15.042718303446582,15.279132843017578,404739000
2022-11-22,15.290106315115047,16.018302109906227,15.084615259338909,15.998351097106934,472866000
2022-11-23,16.05820212549382,16.486142404800624,16.008326496462395,16.478160858154297,427241000
2022-11-25,16.277656134662113,16.446237020144476,16.132017196689414,16.229774475097656,167934000
2022-11-28,15.986376858031377,16.316559781885694,15.686122350635678,15.787869453430176,303741000
2022-11-29,15.787871978822768,15.89261289133373,15.481631739149844,15.600337028503418,298384000
2022-11-30,15.662199992090873,16.89246723894382,15.562422258629718,16.885482788085938,565298000
2022-12-01,16.961311508590725,17.22672059418411,16.598118225185257,17.097009658813477,470977000
2022-12-02,16.622065055941654,16.895457726979757,16.408538823613274,16.83858299255371,371389000
2022-12-05,16.64202269753776,16.95732209492753,16.435480895818028,16.57317543029785,352255000
2022-12-06,16.493352558842304,16.536256494140442,15.783928452332743,15.951556205749512,352694000
2022-12-07,15.737033837548465,16.150116510882306,15.632266127408133,16.08426284790039,372388000
2022-12-08,16.236922259213415,17.140913726572844,15.923617339692608,17.130935668945312,515456000
2022-12-09,17.121954302942694,17.54401680190964,16.937365000489294,16.963306427001953,465338000
2022-12-12,16.99922915428006,17.499117875319435,16.75976146929497,17.496124267578125,457328000
2022-12-13,18.48991676619764,18.7483433376604,17.671735017061216,18.03193473815918,656589000
2022-12-14,17.947124880020315,18.211538706655226,17.381382402080057,17.63481903076172,496888000
2022-12-15,17.107987414571323,17.281601445328924,16.662977044280925,16.914417266845703,478542000
2022-12-16,16.826609420854215,17.003217021729515,16.37361555870543,16.534257888793945,478232000
2022-12-19,16.53526189450194,16.57217862044,16.10920846876325,16.217966079711914,354039000
2022-12-20,16.028385941930914,16.27384085919094,15.81685699546008,16.049339294433594,403260000
2022-12-21,16.078277218761983,16.59014043707696,16.066302786245483,16.464418411254883,325025000
2022-12-22,16.058317929250357,16.102221001275094,14.849005155476785,15.304991722106934,565045000
2022-12-23,15.162310836101799,15.304993457460409,14.850005025607482,15.17228889465332,349326000
2022-12-27,15.040582308063698,15.06652469064024,14.024838544585242,14.08969497680664,464902000
2022-12-28,13.896123310795858,14.230380640006066,13.853218422811985,14.004881858825684,351066000
2022-12-29,14.370069773045314,14.650445953818707,14.195457574978805,14.570623397827148,354923000
2022-12-30,14.302219345783994,14.596565369641379,14.201443443017887,14.581599235534668,310490000
2023-01-03,14.818075144951218,14.962754136499147,14.064748866809973,14.283263206481934,401277000
2023-01-04,14.534704309371103,14.820069526606867,14.209426861493185,14.716300010681152,431324000
2023-01-05,14.458873382334806,14.531711494421922,14.116633408077806,14.23337459564209,389168000
2023-01-06,14.44191076025438,14.976722686175162,14.00288666985135,14.826057434082031,405044000
2023-01-09,15.250116050155102,16.020403900966134,15.107432477127848,15.593353271484375,504231000
2023-01-10,15.472621454131234,15.926612657782302,15.437699200244237,15.873730659484863,384101000
2023-01-11,15.804883260537807,15.992466195096986,15.528496936448766,15.96552562713623,353285000
2023-01-12,16.064305755567425,16.60011394726638,15.457652972865747,16.474393844604492,551409000
2023-01-13,16.241910621869895,16.884483841910928,16.129162184625386,16.861534118652344,447287000
2023-01-17,16.861536645437063,17.688699300985697,16.861536645437063,17.662755966186523,511102000
2023-01-18,17.627830325283927,17.83337297862017,17.243683680111356,17.33847427368164,439624000
2023-01-19,16.998228042242104,17.158872284903268,16.693905869643526,16.727828979492188,452932000
2023-01-20,16.973286475081306,17.816414337109105,16.787699916065623,17.79945182800293,564967000
2023-01-23,18.023952936401,19.202336426570977,17.778499909823832,19.15045166015625,655163000
2023-01-24,18.785255740944123,19.45177579883952,18.778271292054193,19.2222843170166,496204000
2023-01-25,18.87107002531869,19.327057588077132,18.538808102919397,19.280160903930664,449537000
2023-01-26,19.657322688857523,20.121291926493868,19.235260153653364,19.758098602294922,489535000
2023-01-27,19.418852978689333,20.582268342414245,19.36198013839365,20.31985092163086,542142000
2023-01-30,19.905771381530464,20.095348779096263,19.107543848870183,19.119518280029297,488611000
2023-01-31,19.12750161644277,19.643355663941833,18.907990025151328,19.493688583374023,498017000
2023-02-01,19.647345080075983,21.145016818201913,19.567522516028927,20.896570205688477,660477000
2023-02-02,20.953440010374486,21.90033534849852,20.654105914331332,21.66086769104004,564276000
2023-02-03,20.95344207269312,21.696791212168588,20.74290942748652,21.053220748901367,429366000
2023-02-06,20.759872338931974,21.522178471104034,20.739916222678673,21.042245864868164,452197000
2023-02-07,21.334595540764557,22.209652016752774,21.10310954039303,22.123842239379883,664150000
2023-02-08,22.33736696829217,22.827279543884256,21.959207503696422,22.155771255493164,559651000
2023-02-09,22.555882109825383,22.96896380674192,22.07095953858251,22.287477493286133,523876000
2023-02-10,21.64191049076745,22.02904881959799,20.7648596572667,21.217851638793945,550737000
2023-02-13,21.490248862723064,21.999118385629707,20.915525681631326,21.739694595336914,474919000
2023-02-14,21.530157577256894,22.997896827890425,21.318627718423105,22.92007064819336,675474000
2023-02-15,22.499008003095835,22.804329348665444,22.056991258302702,22.713531494140625,420575000
2023-02-16,22.08393046172455,22.500005788164945,21.878387788866807,21.953222274780273,412026000
2023-02-17,21.583045106514625,21.691802710091036,20.928499305845392,21.34058380126953,465888000
2023-02-21,20.953439640659408,21.446343845986352,20.57228662621733,20.60920524597168,410015000
2023-02-22,20.661090150563847,21.05720930150761,20.375723053454355,20.707984924316406,513184000
2023-02-23,23.388031723311734,23.83503841711281,22.97395090605858,23.611534118652344,1117995000
2023-02-24,23.173511315975173,23.421959839225643,22.89612775467356,23.234375,589716000
2023-02-27,23.617522349762986,23.827055854409227,23.40200162980687,23.448896408081055,452994000
2023-02-28,23.32018024556822,23.77217689153847,23.154547928957133,23.164525985717773,455963000
2023-03-01,23.140580708274207,23.204439895549427,22.45809718193452,22.647676467895508,460026000
2023-03-02,22.438148550640456,23.328169423400574,22.382271034207484,23.26231575012207,389415000
2023-03-03,23.268298244670323,23.8470122834048,23.07871895003249,23.837034225463867,412393000
2023-03-06,23.838034225602097,24.19424120106475,23.434928663312892,23.501781463623047,437429000
2023-03-07,23.5516758916116,24.07560049580581,23.193409839893587,23.240314483642578,515154000
2023-03-08,23.438905826491442,24.150447084590173,23.37603510396069,24.131484985351562,513573000
2023-03-09,24.125499097663184,24.403929057492398,23.33512096029611,23.38801383972168,501257000
2023-03-10,23.36106942050816,23.578623466893095,22.679467330163575,22.917978286743164,474866000
2023-03-13,22.70541520633813,23.250296778148737,22.251346912588748,22.918975830078125,421890000
2023-03-14,23.447888767567775,24.169407892174178,23.411961279895785,24.01372718811035,474910000
2023-03-15,23.712347660414334,24.23627231190452,23.312169659954225,24.17839241027832,524486000
2023-03-16,23.97780468614888,25.535607427755508,23.845075681386035,25.488704681396484,583253000
2023-03-17,25.92880271607246,26.344948734040642,25.61544454374299,25.67232894897461,848547000
2023-03-20,25.56255140531931,25.970714347329455,25.07854386503028,25.846967697143555,432747000
2023-03-21,26.12639693275394,26.337962757604163,25.329033093000934,26.145357131958008,547408000
2023-03-22,26.370893785694037,27.532511945846586,26.18327899167826,26.413806915283203,797295000
2023-03-23,27.059479880369732,27.442694389660254,26.635350859477686,27.135324478149414,564889000
2023-03-24,26.975653609349873,27.111374826778054,26.301037139360137,26.72416877746582,454920000
2023-03-27,26.782050151047695,26.944716509158773,26.3110164665487,26.47667694091797,361026000
2023-03-28,26.392847592513167,26.45871243560378,25.79706988863312,26.35592269897461,356104000
2023-03-29,26.770074250919894,27.02255456693602,26.542540461107045,26.928747177124023,393694000
2023-03-30,27.17324699449219,27.44269460926943,27.04650622795167,27.32693099975586,364516000
2023-03-31,27.08442659853217,27.77700578403353,27.049498418004845,27.720123291015625,433933000
2023-04-03,27.452677711579923,27.942671641255586,27.280031583933262,27.907743453979492,398716000
2023-04-04,27.908733850028394,27.942664624417038,27.25108288313044,27.39678382873535,368592000
2023-04-05,26.774064682882994,26.942717354778598,26.340953337844432,26.825958251953125,515015000
2023-04-06,26.529564526400943,27.024549174224266,26.372886420842022,26.981637954711914,397654000
2023-04-10,26.768077072918704,27.564443419953324,26.614393073942708,27.52252960205078,395279000
2023-04-11,27.667230920271166,27.733095757858216,27.070453958606574,27.113367080688477,314378000
2023-04-12,27.313958486817846,27.4117573972983,26.393845475280525,26.440750122070312,446259000
2023-04-13,26.67926041012461,26.831947015202942,26.275090880655256,26.408815383911133,353615000
2023-04-14,26.44973120006375,26.827954885781043,26.166312310977247,26.703210830688477,395660000
2023-04-17,26.510607005107396,26.950704014318593,26.378877313961777,26.946712493896484,321471000
2023-04-18,27.476625156577658,28.05244337278638,27.30098493529646,27.610349655151367,604812000
2023-04-19,27.304973482039863,27.942664953460447,27.176237922113327,27.87380599975586,358660000
2023-04-20,27.614340416338198,27.972606485594795,26.944714827313312,27.04850196838379,427713000
2023-04-21,26.896812971013922,27.127340875735126,26.66728437395246,27.0634708404541,345103000
2023-04-24,26.957691440868356,27.309967410410923,26.61639072563291,26.986631393432617,339282000
2023-04-25,27.02255136042849,27.19120592261038,26.1712993166917,26.187265396118164,378527000
2023-04-26,26.9467060300577,27.27403346747145,26.650313344355617,26.900798797607422,406337000
2023-04-27,27.306974277389113,27.438703972842852,26.57048448729234,27.17025375366211,377161000
2023-04-28,27.16925155716985,27.701159169994924,27.015565670619335,27.69217872619629,292216000
2023-05-01,27.782990951478922,28.998497210087734,27.723114349099813,28.850799560546875,570329000
2023-05-02,28.621277734605123,28.776958460184716,28.025499975903916,28.152238845825195,402730000
2023-05-03,27.782995617159955,28.30891697061435,27.415749094927655,27.745073318481445,383387000
2023-05-04,27.594380294690612,27.801954572191782,27.184222567509938,27.505563735961914,321850000
2023-05-05,27.769021662211923,28.696118323225086,27.674216876393494,28.621273040771484,361494000
2023-05-08,28.46359870886539,29.16016946274796,28.291951910306917,29.091310501098633,344979000
2023-05-09,28.83982442392339,28.91367230214077,28.391744423620203,28.512495040893555,314869000
2023-05-10,28.94561039227481,29.053390963914687,28.402725530757564,28.825857162475586,369350000
2023-05-11,28.8368313012262,28.890721581405018,28.188162647959096,28.519481658935547,322149000
2023-05-12,28.470583157825374,28.72107056378974,27.988572349830026,28.281970977783203,274222000
2023-05-15,28.449628270125718,28.90968479771039,28.09435819789657,28.89371681213379,293926000
2023-05-16,28.781944947212995,29.808839206478215,28.77296450239682,29.153182983398438,449405000
2023-05-17,29.523423532319487,30.137164031905737,29.369739532230806,30.116207122802734,432535000
2023-05-18,30.34773114084469,31.76282685759254,30.25791527609372,31.613134384155273,748725000
2023-05-19,31.471427932457345,31.515338464823536,30.85269847604877,31.19998550415039,473908000
2023-05-22,30.837723229883725,31.455457092023806,30.617177004038794,31.11216163635254,372000000
2023-05-23,30.936525465603022,31.223935873295638,30.568281535055462,30.625164031982422,356253000
2023-05-24,30.14814019154648,30.54432854642124,29.74496810397816,30.4754695892334,721419000
2023-05-25,38.44411669724596,39.39915781484461,36.559982197378055,37.90222930908203,1543911000
2023-05-26,37.8124117084939,39.08978942316248,37.47310777717433,38.866249084472656,714397000
2023-05-30,40.51187589734803,41.852124379037896,39.86719878603495,40.028865814208984,923401000
2023-05-31,39.40714336242504,40.21249015793831,37.74455429743757,37.75653076171875,1002580000
2023-06-01,38.410189027460895,39.967993574032356,38.2614958531395,39.688568115234375,635873000
2023-06-02,40.01490294369922,40.417077693745,38.97802879731639,39.24647903442383,482731000
2023-06-05,38.829332843104154,39.483987893521245,38.62774678025024,39.090797424316406,396094000
2023-06-06,38.75049794421731,39.07982029424169,38.06989131464503,38.57485580444336,388729000
2023-06-07,38.8393365135724,39.42220064737449,37.28336583715142,37.40213394165039,511998000
2023-06-08,37.650652361661095,38.78843525380602,37.43208020342754,38.435123443603516,417772000
2023-06-09,38.96109737948555,39.6337866781629,38.492013810296655,38.694618225097656,427717000
2023-06-12,39.123778310934604,39.45313466256055,38.5429092499931,39.40522766113281,388701000
2023-06-13,40.107868537313834,41.021090447407424,39.662736532909214,40.94224166870117,613208000
2023-06-14,40.744623565348384,42.91639126476324,40.47314927155152,42.91339874267578,740465000
2023-06-15,42.51916882992291,43.20483334915505,42.065051672698964,42.570068359375,568622000
2023-06-16,43.36551525859182,43.635988226566326,42.578047952217986,42.60898971557617,655709000
2023-06-20,42.91439764756023,43.90446942443079,42.59102630942327,43.72282028198242,451153000
2023-06-21,43.41641836747542,43.530198935249985,41.998183661789234,42.9613037109375,551603000
2023-06-22,42.170846843287116,43.341566542076215,42.15188658669768,42.941349029541016,417737000
2023-06-23,42.381435491620046,42.72576209923424,41.93330719856048,42.126930236816406,358140000
2023-06-26,42.378435975213705,42.68084821314237,40.02202672023089,40.55299377441406,594322000
2023-06-27,40.71967665079335,41.85845711307234,40.36936115095312,41.79458236694336,462175000
2023-06-28,40.58094002022697,41.76363726159132,40.43921783251657,41.037052154541016,582639000
2023-06-29,41.47719520674288,41.51911336113598,40.521057714884826,40.74262619018555,380514000
2023-06-30,41.59896098123988,42.467268355429134,41.420308161971434,42.219749450683594,501148000
2023-07-03,42.434329951938,42.814589668673115,42.11994379587202,42.33053207397461,198209000
2023-07-05,42.05308438927501,43.09305847208115,42.00318235487924,42.23473358154297,323618000
2023-07-06,41.76264953628558,42.09699732253943,41.265616640980895,42.02114486694336,303582000
2023-07-07,42.23971652222752,43.129984404943556,42.097994303095824,42.42036437988281,355881000
2023-07-10,42.57406572515449,42.727765640952,41.568022298100566,42.097991943359375,353908000
2023-07-11,42.39840417547179,42.67486603723535,41.985211451319245,42.32255172729492,298244000
2023-07-12,42.94932537767914,43.84957190915323,42.693822639384614,43.81663513183594,481277000
2023-07-13,44.43144838419821,46.065262910266576,44.40549795947818,45.887611389160156,478204000
2023-07-14,46.49243252940778,47.994507542631396,44.97239476607481,45.38059997558594,772075000
2023-07-17,46.1990038397671,46.40559830268811,45.1740001632929,46.37066650390625,510488000
2023-07-18,46.61019966194242,47.8028759240553,45.645080740043866,47.40165710449219,569164000
2023-07-19,47.37171073363014,47.7250225002053,46.65111448328101,46.9854621887207,427502000
2023-07-20,46.41657614955658,46.99545027981004,44.974385975713794,45.431495666503906,537865000
2023-07-21,45.698975360580505,45.77682663388391,44.014257511133955,44.22285079956055,963769000
2023-07-24,44.644025212328465,45.02129240158318,43.95437069346409,44.5252571105957,382516000
2023-07-25,44.85362300335587,46.093204951452925,44.835656447425045,45.590187072753906,348081000
2023-07-26,45.93151461260815,45.963453882826926,44.543220492794724,45.36362075805664,364237000
2023-07-27,46.42855649018283,47.302852779891246,45.66105061247082,45.810760498046875,455976000
2023-07-28,46.57726209617673,46.93556524542494,46.29082136263418,46.65910339355469,331194000
2023-07-31,46.66309454574556,47.03836291442901,46.41557565297474,46.63814163208008,251055000
2023-08-01,46.369666884333206,46.8088138287661,45.93751010661882,46.41657638549805,237858000
2023-08-02,45.741897261987354,45.75087863735261,43.302648610435476,44.18293380737305,530142000
2023-08-03,43.71483401069051,45.030272068122756,43.71483401069051,44.428443908691406,324176000
2023-08-04,44.89754317360456,45.55326355445046,44.306695052607424,44.593135833740234,362666000
2023-08-07,45.02329618186399,45.45146298171195,44.47636125716046,45.32870101928711,322154000
2023-08-08,44.76578774990283,45.154031311172126,43.970336566145846,44.57715606689453,353843000
2023-08-09,44.18791316298273,44.2258412871121,42.05207472701769,42.47126007080078,586449000
2023-08-10,42.07803041712352,43.48928271463046,41.753661535765616,42.30558776855469,492705000
2023-08-11,41.669820039034846,41.93630299373014,40.55998266636193,40.77556228637695,533085000
2023-08-14,40.40728777661957,43.71484392430669,40.23262877049562,43.66793441772461,690286000
2023-08-15,44.4733696589914,45.17999337738196,43.625019909517064,43.85457229614258,676512000
2023-08-16,44.43344112151487,44.58813853982079,43.32160482572684,43.401451110839844,527451000
2023-08-17,43.88450205046222,43.97632221329704,42.91738449342878,43.25971984863281,452395000
2023-08-18,42.55209903416188,43.49326626137414,41.57899634242321,43.21480941772461,583768000
2023-08-21,44.40749503476182,46.97349568922654,44.13602449197177,46.87568664550781,692573000
2023-08-22,48.04140287567031,48.09330371430153,45.24485304459103,45.579200744628906,755293000
2023-08-23,45.77682532419549,47.108231304990525,45.120103708429646,47.02439498901367,779046000
2023-08-24,50.118361983877634,50.16826400478164,47.067306662299096,47.07129669189453,1156044000
2023-08-25,46.92060245427504,47.712060008928106,44.93646466129562,45.92853546142578,925341000
2023-08-28,46.3916241394205,46.88865698143186,44.800725372190506,46.74393844604492,685192000
2023-08-29,46.575266020642104,48.985571364963455,46.30079918990067,48.68914794921875,701397000
2023-08-30,48.94863943193041,49.82992198159772,48.330843509784565,49.168212890625,735206000
2023-08-31,49.283989932424504,49.64728061160453,48.86280955740575,49.259037017822266,528570000
2023-09-01,49.66524637506185,49.7031706927899,48.0483934780796,48.41468048095703,463830000
2023-09-05,48.1292368066892,48.75601791251672,47.76694364415611,48.45360565185547,382653000
2023-09-06,48.35079314460042,48.4585899209421,46.49325871140174,46.97336196899414,468670000
2023-09-07,45.44023319735737,46.257708449088824,45.067926633125616,46.15489959716797,433330000
2023-09-08,45.8564505879392,46.51921177692775,45.18669865684588,45.48713684082031,473069000
2023-09-11,46.06206706824175,46.077038527672016,44.22948732817348,45.093875885009766,473966000
2023-09-12,44.6546914479524,45.587951736657104,44.44807617569655,44.78644561767578,349256000
2023-09-13,44.51695245570367,45.84447779885845,44.4201329496468,45.400306701660156,398355000
2023-09-14,45.864436629731664,45.90136648262812,45.04696145729557,45.496124267578125,370097000
2023-09-15,45.25657120735263,45.5140902129406,43.726424825872876,43.81825637817383,506831000
2023-09-18,42.66839815481211,44.15961559349167,41.921789942113186,43.88412857055664,500271000
2023-09-19,43.751381753727316,43.88413352477652,42.92192782259573,43.43896484375,373064000
2023-09-20,43.51881278602881,43.82124998391259,42.14437793528599,42.16034698486328,367108000
2023-09-21,41.505572228064345,42.02160786318076,40.903694380315116,40.94062423706055,450736000
2023-09-22,41.494589042058344,42.0365810200349,41.154224400495224,41.53252029418945,479236000
2023-09-25,41.51355366859355,42.4567936946112,41.1003231092512,42.14337921142578,419091000
2023-09-26,41.92279078773523,42.74026599878411,41.577434392681035,41.83295822143555,402282000
2023-09-27,42.25117631483952,42.79216683776979,41.55148148041127,42.388916015625,444935000
2023-09-28,42.38093203987961,43.36509601724836,42.036577072071424,43.00876235961914,424663000
2023-09-29,43.74538760189782,44.06179864340564,43.22635545841842,43.417999267578125,397830000
2023-10-02,43.94800606273331,45.09087429927052,43.779322054087544,44.6986083984375,433298000
2023-10-03,44.7245629218231,45.045965740925496,43.16547120468859,43.43596649169922,470850000
2023-10-04,43.6605451941074,44.06079943552314,43.21138241263282,43.958988189697266,361821000
2023-10-05,43.96796593517015,44.8163852842479,43.80626887294011,44.60477828979492,393483000
2023-10-06,44.11070969679084,45.70373848025028,43.9440208476475,45.676788330078125,434436000
2023-10-09,44.75849682767498,45.52007649973999,44.28538045832398,45.18869400024414,409675000
2023-10-10,45.225636261945006,46.17286677038151,45.00404949375793,45.71272659301758,368582000
2023-10-11,46.109976834306515,46.77174426177856,45.96424879463127,46.718841552734375,378137000
2023-10-12,46.68989566086201,47.52034710135052,46.24372943331202,46.857582092285156,481325000
2023-10-13,46.87255588078778,47.02826743741539,45.19568386802554,45.376346588134766,474115000
2023-10-16,44.97908693457242,46.13892190023753,44.82836714020883,46.0091667175293,375099000
2023-10-17,43.91807838161958,44.67067615739755,42.400907944252246,43.85619354248047,812333000
2023-10-18,42.51168506984707,43.13851774775219,41.74711270086322,42.1174201965332,627294000
2023-10-19,42.73128289845607,43.21637798376251,41.8040119269262,42.022605895996094,501233000
2023-10-20,41.81199054712487,42.390912280968735,41.00150240429951,41.30992889404297,477266000
2023-10-23,41.152230295210934,43.1674718539468,40.86875871685224,42.89497756958008,478530000
2023-10-24,42.99678817947999,43.615632642963874,42.61150915403504,43.581695556640625,401463000
2023-10-25,43.317183162193714,43.56871659941446,41.47761668487891,41.70119857788086,398379000
2023-10-26,41.77506880872993,42.177318286010724,39.80574303401105,40.250911712646484,541001000
2023-10-27,41.053411354619094,41.1292700454015,39.94048596248548,40.424583435058594,416784000
2023-10-30,41.01049849985918,41.68823125867914,40.405624059194345,41.08435821533203,388028000
2023-10-31,40.374672312145435,40.802874255163,39.15694305189198,40.70405578613281,517969000
2023-11-01,40.80786677095721,42.30208077870125,40.79289531240805,42.246185302734375,437593000
2023-11-02,43.247317846401735,43.802282272530825,42.814127888386025,43.42498779296875,409172000
2023-11-03,43.93803330221259,45.22463078266812,43.641585445769095,44.921199798583984,424610000
2023-11-06,45.200681510034094,45.8494727665492,44.815398638194424,45.66581344604492,400733000
2023-11-07,45.63386992886557,46.13193749816825,45.073913725971586,45.86943054199219,343165000
2023-11-08,46.01415398971753,46.779727832903724,45.8823998221808,46.487274169921875,346719000
2023-11-09,47.3786111235174,48.14019083451283,46.662947187934414,46.86257553100586,540496000
2023-11-10,47.411554622346145,48.38174487246118,47.19495962235481,48.244998931884766,421245000
2023-11-13,48.23002031531456,49.02453947075824,48.009431181663935,48.52946090698242,384136000
2023-11-14,49.58749116388393,49.74120373030796,48.948683517262864,49.563533782958984,416954000
2023-11-15,49.84201003339227,49.86696119264454,48.11024042388269,48.796958923339844,475497000
2023-11-16,48.588356005845505,49.432781344923285,48.240006851203624,49.38786315917969,339756000
2023-11-17,49.43178055903223,49.62442196935827,48.915744960766254,49.20620346069336,325205000
2023-11-20,49.22018224237135,50.45388089415767,49.08942564411514,50.31513977050781,414120000
2023-11-21,50.03265822480747,50.42292897370047,49.130342262240724,49.85099792480469,565747000
2023-11-22,49.759176257408164,50.24127480470822,47.601199364673555,48.62528991699219,899420000
2023-11-24,48.37974251431558,48.829902895158824,47.656090292901155,47.687034606933594,294645000
2023-11-27,47.7109937696309,48.43963402417859,47.56327053938668,48.15217208862305,395662000
2023-11-28,48.14617697047183,48.233016759843025,47.38459731024166,47.73194885253906,401491000
2023-11-29,48.288914999950215,48.67120123627393,47.7708804254883,48.050357818603516,382005000
2023-11-30,47.934573676190574,48.02041588268528,46.335559349897565,46.68291091918945,526247000
2023-12-01,46.43837411108703,47.112116530587656,46.1010022026633,46.67792510986328,369317000
2023-12-04,45.99119649745045,45.99119649745045,44.92618209165027,45.42525100708008,437543000
2023-12-05,45.385325095795785,46.51731180808335,45.19067140687653,46.483375549316406,371718000
2023-12-06,47.131216484801996,47.30291215187336,45.33141453180662,45.4222526550293,380590000
2023-12-07,45.6189146142351,46.54626712955494,45.52308427817849,46.51332473754883,350823000
2023-12-08,46.51232804934258,47.65629461849747,46.467405912391875,47.42171096801758,359224000
2023-12-11,47.406746578668496,47.44667271999739,45.748694086196686,46.54427719116211,509728000
2023-12-12,45.96430321028968,47.581427820158346,45.96430321028968,47.572444915771484,372387000
2023-12-13,47.54449269431196,48.50778063121328,47.52353004634861,48.00267791748047,447792000
2023-12-14,48.30413587026834,48.58363781796952,47.33785498826681,48.26420593261719,391232000
2023-12-15,48.10848142864337,49.316333405842656,48.034611429508175,48.803245544433594,479948000
2023-12-18,49.3123545622575,50.343518919127504,49.062798119752,49.98815155029297,412587000
2023-12-19,49.33630266590499,49.61181391094036,48.80824198487287,49.51598358154297,464444000
2023-12-20,49.5668939044448,49.91028529819524,48.012657344636494,48.025634765625,397894000
2023-12-21,48.72439672866285,49.00789323083867,48.33309014213933,48.903079986572266,300425000
2023-12-22,49.107712672335644,49.29537882848635,48.38100372795406,48.74336242675781,252507000
2023-12-26,48.881117433977685,49.51199608268566,48.87313220671744,49.191566467285156,244200000
2023-12-27,49.42315780443188,49.591856680513665,48.997911127361846,49.329322814941406,233648000
2023-12-28,49.55491529927827,49.795484989479434,49.324322381717465,49.43412780761719,246587000
2023-12-29,49.72461182444803,49.90828725509975,48.66449595698359,49.43412780761719,389293000
2024-01-02,49.156625856562634,49.20753405733888,47.510553413556266,48.08253479003906,411254000
2024-01-03,47.40074185532866,48.098499031561545,47.23603372218609,47.48459243774414,320896000
2024-01-04,47.68224504410837,48.413946184142475,47.42370571637504,47.912837982177734,306535000
2024-01-05,48.37601228101952,49.459086175725254,48.220287041681374,49.009883880615234,415039000
2024-01-08,49.424155596522276,52.18225389964643,49.39121320158821,52.1602897644043,642510000
2024-01-09,52.30802809263291,54.22861420741035,51.598287244233845,53.04571533203125,773100000
2024-01-10,53.520875471787654,54.503127005949786,53.39409808429299,54.253570556640625,533796000
2024-01-11,54.90141170121365,55.24779611496442,53.46496584925973,54.72472381591797,596759000
2024-01-12,54.52308221048439,54.872463461679565,54.23359967517569,54.61292266845703,352994000
2024-01-16,54.92038130782368,56.73415487746208,54.80259064863885,56.281959533691406,449580000
2024-01-17,56.24702168282456,56.37080221365978,54.642874592370525,55.95354461669922,474394000
2024-01-18,57.15840086229008,57.497797746406825,56.00744677307047,57.005672454833984,491650000
2024-01-19,57.88611068736901,59.394431360297894,57.12346628511491,59.38544845581055,543501000
2024-01-22,59.94245635666948,60.223957503871716,58.96519328035112,59.54815673828125,452955000
2024-01-23,59.464301820428496,59.803698694627826,58.48104894335419,59.76676559448242,294654000
2024-01-24,60.19700279855746,62.73748534909312,59.831651069260054,61.25312423706055,560271000
2024-01-25,62.239368666397,62.607717226695215,60.742030169454694,61.50767135620117,482777000
2024-01-26,60.85183724757184,61.67337885004867,60.465526677085045,60.92271041870117,390309000
2024-01-29,61.12335395532468,62.37812361839996,60.79893365210522,62.35416793823242,348733000
2024-01-30,62.78839260190601,63.38033889790534,62.14952501071203,62.66261291503906,410735000
2024-01-31,61.330983989988475,62.15851544921119,60.59229912426738,61.41783142089844,453795000
2024-02-01,61.98980787209497,63.07887540719106,61.54060940108073,62.915164947509766,369146000
2024-02-02,63.86049910404713,66.48183961937383,63.57700256861582,66.0426254272461,476578000
2024-02-05,68.10393877262449,69.37368488045085,67.085752030502,69.20897674560547,680078000
2024-02-06,69.50644505901005,69.63022558045657,66.18235963384292,68.10194396972656,683111000
2024-02-07,68.19778404882926,70.09541214076467,67.48005798042527,69.97462463378906,495575000
2024-02-08,69.94967122078744,70.66839500514845,69.3317737851438,69.51744079589844,414422000
2024-02-09,70.40786033375117,72.0569298484953,70.08743069197543,72.0050277709961,436637000
2024-02-12,72.47118484090161,74.4786183227707,71.1235816589561,72.11981201171875,613710000
2024-02-13,70.27509946360114,73.31968365428922,69.4964845401849,72.00003051757812,602580000
2024-02-14,73.0721231436502,74.10428513350574,71.81036588559786,73.76888275146484,504917000
2024-02-15,73.73794078168315,73.84374789733648,72.27154539670707,72.52908325195312,420122000
2024-02-16,73.96851471281462,74.2699807907232,72.37235296886776,72.4841537475586,495327000
2024-02-20,71.81934960299229,71.82833631589585,67.61382690331146,69.32878112792969,704833000
2024-02-21,67.88533642606332,68.76577530674938,66.13045996080022,67.35228729248047,673755000
2024-02-22,74.8918837924214,78.43558041658676,74.08831180865685,78.39865112304688,865100000
2024-02-23,80.64664555528343,82.24779566972408,77.43235796782388,78.6771469116211,829388000
2024-02-26,79.55858308487059,80.5029113343283,78.36570371037314,78.95166778564453,503973000
2024-02-27,79.24014166205446,79.33897263573371,77.02508494380959,78.56134796142578,391705000
2024-02-28,77.48226929356848,78.79293534780788,76.98814490868608,77.52519226074219,393110000
2024-02-29,78.95365284686739,79.84805903387235,78.2109697529952,78.97161865234375,507289000
2024-03-01,79.85804776923267,82.15396968894088,79.29404786978826,82.13300323486328,479135000
2024-03-04,83.98071640863849,87.5393930852347,83.57045019844777,85.08575439453125,615616000
2024-03-05,85.12269695886387,85.94827183043155,83.27290109267872,85.81549835205078,520639000
2024-03-06,87.8699456446009,89.56900130568565,86.87965493223747,88.54676818847656,582520000
2024-03-07,90.00225477502153,92.60674904676837,89.44721547430589,92.50891876220703,608119000
2024-03-08,94.97364703765751,97.23174040772027,86.35655527181379,87.37679290771484,1142269000
2024-03-11,86.27969890435133,88.6436045203793,84.0206076407832,85.6258316040039,678364000
2024-03-12,87.8969031445505,91.80114256968415,86.0011815049168,91.75422668457031,668075000
2024-03-13,90.89768357951289,91.34590533915583,88.28220744049705,90.73097229003906,635713000
2024-03-14,89.42225054534444,90.48940398821422,86.45038860441925,87.79206848144531,602318000
2024-03-15,86.77983369344113,89.39131202190967,86.10799973550625,87.68526458740234,642086000
2024-03-18,90.2318598178106,92.24537384693531,86.93456418081807,88.30220031738281,668976000
2024-03-19,86.55022352343148,90.38758481674583,84.86314816147532,89.24356842041016,672171000
2024-03-20,89.64187768825083,90.25382534481801,88.07059918494765,90.21588897705078,479063000
2024-03-21,92.14054202127372,92.4879403765992,90.24881163098036,91.27703094482422,480372000
2024-03-22,90.9835569272488,94.61427521165601,90.67708804781446,94.1261215209961,586719000
2024-03-25,93.77871885813295,96.59883562555477,93.34846365413705,94.83788299560547,552136000
2024-03-26,95.68540977780971,96.20850660908965,92.34219634403308,92.40109252929688,513648000
2024-03-27,92.95115660792449,93.07893385392306,88.96904884364167,90.09410095214844,586067000
2024-03-28,89.8445252112995,91.1422825108375,89.03892009399118,90.19991302490234,435212000
2024-04-01,90.14301673764523,92.06568455405531,89.0499070749777,90.20690155029297,452441000
2024-04-02,88.295199136712,89.93835929549583,87.46863424504667,89.29747009277344,433064000
2024-04-03,88.33115901188768,90.21789372586332,88.24730447420946,88.8103256225586,370067000
2024-04-04,90.24981545155312,90.47742601324012,85.73163346290652,85.756591796875,434965000
2024-04-05,86.71593914747515,88.32815477151372,85.77756814573236,87.85597229003906,399678000
2024-04-08,88.546769676755,88.67654997902457,86.58217465386001,86.98248291015625,283220000
2024-04-09,87.29093308519522,87.48360044285332,82.87857107978263,85.20653533935547,501700000
2024-04-10,83.78102746556362,87.24902545092569,83.56439945092491,86.8886489868164,431929000
2024-04-11,87.26898672835297,90.58225365038547,86.77584440203218,90.45946502685547,431637000
2024-04-12,89.54404775764081,90.01923104025528,87.37879585703206,88.03366088867188,426805000
2024-04-15,88.94408228829708,90.45646450816476,85.78055803275619,85.85243225097656,443077000
2024-04-16,86.28367890740496,87.96576550123054,85.91532070970885,87.26398468017578,370453000
2024-04-17,88.18738725935935,88.62164096734257,83.80497167986917,83.88983154296875,495400000
2024-04-18,84.82320627802973,86.0410998135889,82.25964198597137,84.52471923828125,447260000
2024-04-19,83.00636595540483,84.17833393456459,75.47539894537725,76.06836700439453,875198000
2024-04-22,77.96907171420484,79.93467203595871,76.26802061217705,79.38063049316406,596341000
2024-04-23,80.62946711947102,82.62601207910251,80.12534225900131,82.28060913085938,438559000
2024-04-24,83.80498148732187,83.93675724779338,79.04621772256601,79.53936767578125,512208000
2024-04-25,78.73175253009703,83.1790583894206,78.08787011237102,82.4892578125,424641000
2024-04-26,83.67320929669376,88.17841379736606,83.24295407183207,87.58344268798828,551011000
2024-04-29,87.44369261843626,87.84000240637579,85.11871327693655,87.60541534423828,388971000
2024-04-30,87.08929643239856,88.66557118869024,86.15092540038592,86.25274658203125,363709000
2024-05-01,84.93001509196907,85.85141694267458,81.11461218464028,82.89752960205078,559863000
2024-05-02,84.30311392551386,86.08802721004574,83.05627099401435,85.66875457763672,377898000
2024-05-03,87.63734759857738,89.12676696706856,86.88964093377092,88.6356201171875,398341000
2024-05-06,89.23557796278553,92.06069095925291,88.90115758999175,91.98082733154297,376203000
2024-05-07,90.94062670307744,91.62244547206083,88.85723403089521,90.39756774902344,437342000
2024-05-08,89.32841761603471,91.03646035901207,89.26552291616532,90.25581359863281,325721000
2024-05-09,90.37260819958134,90.91466942223298,88.07858152551931,88.59368896484375,378013000
2024-05-10,90.14898917811553,91.24309639621146,89.07284860877868,89.72272491455078,335325000
2024-05-13,90.32169428450598,90.84080023922876,88.37606371894472,90.24283599853516,289680000
2024-05-14,89.44422015487879,91.49267735254841,88.78036800318161,91.19818878173828,296507000
2024-05-15,92.31226797545344,94.69813898318716,91.44077486128403,94.46653747558594,417735000
2024-05-16,94.74605748352667,95.65348387790415,93.94044465961885,94.19600677490234,323952000
2024-05-17,94.20598653059943,94.57634022771545,91.64741042469609,92.31924438476562,359691000
2024-05-20,93.58806000142961,95.0355522829654,93.27859792021394,94.61627960205078,318764000
2024-05-21,93.43729892728764,95.23519004733342,93.01902406434208,95.2212142944336,328946000
2024-05-22,95.29408831779949,95.85411617010452,93.0879071432018,94.78596496582031,548648000
2024-05-23,101.85175314144693,106.1363388077003,101.34462744914427,103.61969757080078,835065000
2024-05-24,104.26856517672162,106.29106630104066,102.82207077624999,106.28507995605469,429494000
2024-05-28,110.0535659980523,114.74045547346739,109.69318953443825,113.7042465209961,652728000
2024-05-29,112.8547051589029,115.29248024146612,110.70941556106891,114.62663269042969,557442000
2024-05-30,114.45193707992216,115.61891628592592,109.47355289556607,110.3091049194336,484553000
2024-05-31,112.32561724375552,112.52228313915187,106.75526253688238,109.44361114501953,613263000
2024-06-03,113.42472260342709,114.80133819580078,111.80951385006522,114.80133819580078,438392000
2024-06-04,115.51611513617264,116.39858317577006,113.84799638822281,116.2358627319336,403324000
2024-06-05,118.16650675945408,122.23745699449587,117.26506688652523,122.22847747802734,528402000
2024-06-06,123.83370517037008,125.3700480295792,118.11560338652608,120.78897857666016,664696000
2024-06-07,119.56308862810559,121.481772978908,117.81811489560457,120.67916107177734,412386000
2024-06-10,120.16206756268633,122.88734731323206,116.80787124184927,121.5796127319336,313434100
2024-06-11,121.56962216023484,122.66781818606155,118.54460929253459,120.71104431152344,222551200
2024-06-12,122.85750988511934,126.67122400488891,122.36831828276222,124.99398803710938,299595000
2024-06-13,129.17707407207072,129.58640302855855,126.95074804505506,129.39671325683594,260704500
2024-06-14,129.7461556011969,132.62140615970972,128.10885485479358,131.66299438476562,309320400
2024-06-17,132.7711675834259,133.50994014798042,129.36677515556565,130.76446533203125,288504400
2024-06-18,130.92419196066484,136.10565359767494,130.47493553922533,135.3568878173828,294335100
2024-06-20,139.56996619369176,140.52837801062054,129.30688285479897,130.56480407714844,517768400
2024-06-21,126.91083052082259,130.4150570517715,124.09547105255645,126.36173248291016,649445800
2024-06-24,123.03719724453093,124.2551908621237,117.8457572795687,117.91564178466797,476060900
2024-06-25,121.00056206941291,126.29184395373642,119.1236583558784,125.88251495361328,414192600
2024-06-26,125.92244138152637,127.9091645624237,122.39825146602374,126.19200134277344,362975900
2024-06-27,123.89579983596734,126.20200405764365,122.71774114608809,123.78598022460938,252571700
2024-06-28,124.37502067827846,127.49986790411766,122.54802989136728,123.33673095703125,315516700
2024-07-01,123.26683055595603,124.63457133754859,118.63446631453066,124.09546661376953,284885500
2024-07-02,120.93066533405532,123.20691975674896,120.83083141775005,122.46813201904297,218374000
2024-07-03,121.45980705227005,128.06890869140625,121.16029766804549,128.06890869140625,215749000
2024-07-05,127.17038486367325,128.6379747149119,125.47318537524079,125.62294006347656,214176700
2024-07-08,127.28019823232947,130.55480700867955,126.83094180644568,127.98902893066406,237677300
2024-07-09,130.1355144487565,133.59980576329167,128.43829962119838,131.163818359375,285366600
2024-07-10,133.8094467425138,134.87769332438475,132.20209545632153,134.68800354003906,248978600
2024-07-11,135.52661932549566,135.92595502009132,126.84093848175796,127.19036102294922,374782700
2024-07-12,128.04896049446677,131.70294212873284,127.01067837288572,129.02735900878906,252680500
2024-07-15,130.3451595951711,131.1737956487568,126.97072416574117,128.22865295410156,208326200
2024-07-16,128.22865593379024,128.82765950066548,124.37500690887067,126.1520767211914,214769500
2024-07-17,121.15031675281162,121.64949400158038,116.52793817127537,117.79584503173828,390086200
2024-07-18,121.64949097287113,122.19858897958201,116.36819489836525,120.89073944091797,320979500
2024-07-19,120.15195493467543,121.39989798056288,117.17686297871009,117.7359390258789,217223800
2024-07-22,120.1519772744,123.86585768817311,119.66278564217242,123.33673095703125,258068900
2024-07-23,122.57796493987696,124.48482570104972,121.89908357161131,122.38827514648438,173911000
2024-07-24,118.9739065074374,119.75262181556741,113.25333936427286,114.06200408935547,327776900
2024-07-25,112.85399693651604,116.43808604158575,106.12508953993542,112.09524536132812,460067000
2024-07-26,115.998801321254,116.00877938122822,111.39638688236367,112.87394714355469,293399100
2024-07-29,113.50291478569986,116.08864903956604,111.11684836617498,111.40636444091797,248152100
2024-07-30,111.33648541055072,111.80571322284378,102.37126667488353,103.55931091308594,486833300
2024-07-31,112.71422275560462,118.14526596856572,110.6975424326974,116.82743835449219,473174200
2024-08-01,117.3365974252001,119.96227450650746,106.63423649015627,109.03028869628906,523462300
2024-08-02,103.58925680976456,108.54109382170915,101.20319035397925,107.09347534179688,482027500
2024-08-05,91.90850550819489,103.23983427364557,90.54076482697137,100.28469848632812,552842400
2024-08-06,103.66913927566458,107.53277436697496,100.38455930431832,104.0784683227539,409012100
2024-08-07,107.6325946135043,108.62097103799087,98.52760658313275,98.74724578857422,411440400
2024-08-08,101.83215768316434,105.3263983879788,97.3595262295921,104.79727172851562,391910000
2024-08-09,105.46616394434741,106.42458330646772,103.25980151433504,104.57762908935547,290844200
2024-08-12,106.14505252549102,110.88723650727509,106.08515369153115,108.84060668945312,325559900
2024-08-13,112.25497470709487,116.03873891622582,111.39638928672005,115.94888305664062,312646700
2024-08-14,118.33496052966188,118.40484504167927,113.88230026594151,117.88570404052734,339246400
2024-08-15,118.56458490618095,123.03720888953038,117.27670666159618,122.6578369140625,318086700
2024-08-16,121.73933737686731,124.79429938850936,120.9805859038701,124.37499237060547,302589900
2024-08-19,124.07552716265289,129.78611755371094,123.21694146795019,129.78611755371094,318333600
2024-08-20,128.18871285893894,129.6662885004724,125.68284852553639,127.04061126708984,300087400
2024-08-21,127.11048517418402,129.13715105648026,126.45157521398528,128.28854370117188,257883600
2024-08-22,129.80604926899383,130.5348437487765,122.89743071735391,123.536376953125,376189100
2024-08-23,125.65288601497598,129.38673697357257,125.01393980516215,129.1571044921875,323230300
2024-08-26,129.3567902083498,131.04399639094717,124.16534262628207,126.25189971923828,331964700
2024-08-27,124.84423039602758,128.98739538212007,123.6761498691349,128.08888244628906,303134600
2024-08-28,127.90917706049713,128.118838213882,122.43819852070378,125.40331268310547,448101100
2024-08-29,121.16030028839229,124.22524823697073,116.51795043355128,117.39649963378906,453023300
2024-08-30,119.33330911013266,121.54965726206557,117.02711271158417,119.17357635498047,333751600
2024-09-03,115.8191103772934,116.01877823521122,107.1134577156826,107.8222885131836,477155100
2024-09-04,105.23656107081584,113.08362114689852,103.94868273468121,106.03524017333984,372470300
2024-09-05,104.81725133789038,109.46958760825204,104.58763403652246,107.03359985351562,306850700
2024-09-06,107.86223127024085,107.97205088494898,100.78389323668084,102.66080474853516,413638100
2024-09-09,104.70741977949132,106.37467762407766,103.51938307487873,106.29480743408203,273912000
2024-09-10,107.63258781478571,109.21997530676359,104.77729355808466,107.92211151123047,268283700
2024-09-11,109.20999835891277,116.99716652085532,107.24323877137772,116.7176284790039,441422400
2024-09-12,116.65770972299038,120.60155174511642,115.19998843977761,118.9541244506836,366052700
2024-09-13,118.8942191250157,119.77284345041441,117.41652479583126,118.9141845703125,238358300
2024-09-16,116.60779536966285,117.99562620382233,114.1815861384539,116.59780883789062,248772300
2024-09-17,117.98564481894722,118.61466685067687,114.65085910577872,115.40966796875,231925900
2024-09-18,115.70919560695407,117.51636932909096,113.04336298957726,113.19313049316406,310318900
2024-09-19,117.16692604230532,119.47332749554481,117.06708357128667,117.68611907958984,293506400
2024-09-20,116.87738233881377,118.43495389707196,115.2099893901744,115.81903839111328,382462400
2024-09-23,116.36816938577523,116.80747774675662,114.68080357526898,116.07862091064453,206228500
2024-09-24,116.33821493002908,121.60998405209612,115.19999404233639,120.68143463134766,354966800
2024-09-25,121.82963321276459,124.74508350925583,121.42027681497308,123.31731414794922,284692900
2024-09-26,126.60217747362803,127.47081527785902,121.6099781665842,123.84648132324219,302582900
2024-09-27,123.77659196922,123.83649592385486,119.07394109309165,121.21060180664062,271009200
2024-09-30,118.12541254893574,121.3104380091603,117.96566613899036,121.25053405761719,226553700
2024-10-01,121.58002164337385,122.24898215671047,115.60935538711523,116.81746673583984,302094500
2024-10-02,116.25834508658102,119.19375323018366,114.96037016184738,118.66458129882812,221845900
2024-10-03,120.73135113827638,124.16598683922703,120.15225416683853,122.65834045410156,277118000
2024-10-04,124.7450859792245,124.84492844767553,121.63993722019764,124.72511291503906,243678100
2024-10-07,124.79500006476454,130.43618698242878,124.7550615549546,127.52074432373047,346250200
2024-10-08,130.0567614433445,133.27173878303944,129.21807567689768,132.6826629638672,285722500
2024-10-09,133.90079866653508,134.31016275245554,131.17506153574655,132.4430694580078,246191600
2024-10-10,131.70421594134592,134.7893916948541,130.79563194093248,134.5996856689453,242311300
2024-10-11,133.80093033986074,135.5681732923908,133.4514855032485,134.58970642089844,170209500
2024-10-14,136.2570891265267,139.3822107684187,136.0873561782587,137.85459899902344,232347700
2024-10-15,137.654906403531,138.3538265330219,128.5391603262797,131.3946990966797,377831000
2024-10-16,133.77097927850218,136.40686011825153,131.37472950963348,135.50827026367188,264879700
2024-10-17,139.12261346955344,140.6701983777905,136.65646567187503,136.71636962890625,306435900
2024-10-18,138.45366668655112,138.6833036103306,137.06583575895257,137.7847137451172,176090200
2024-10-21,137.91449801128798,143.4857940673828,137.78469595874105,143.4857940673828,264554500
2024-10-22,142.68705023422552,144.194689003585,141.55880826832362,143.36598205566406,226311600
2024-10-23,141.80841766733155,142.20778753302577,137.24555525009052,139.34226989746094,285930000
2024-10-24,140.6003124972593,141.12948441968888,138.2439937495604,140.19094848632812,172354900
2024-10-25,140.71013437273555,143.90515439009727,140.5803475394567,141.31918334960938,205122100
2024-10-28,142.77692350375753,142.91670449778834,139.83152847847435,140.30079650878906,173586700
2024-10-29,140.0711235834401,142.0380513591214,138.68329276437913,141.02963256835938,157593600
2024-10-30,139.32230457284558,140.11108066863528,136.59656776236113,139.12261962890625,179418100
2024-10-31,137.38533225522045,137.39531116933003,131.90389188236236,132.55287170410156,270039600
2024-11-01,134.4898615442038,137.09579048755296,134.36007470728345,135.1887664794922,207127800
2024-11-04,136.99593186321135,138.7432015157854,135.3584911981984,135.83773803710938,187528200
2024-11-05,137.2355728771189,140.15101580482042,137.11576495412646,139.69174194335938,160537400
2024-11-06,142.73698322061895,146.2614750565614,141.73854326176877,145.38284301757812,242043900
2024-11-07,146.1616297903136,148.69766066609404,145.9419717733186,148.6477508544922,207323300
2024-11-08,148.53787885494532,149.53631855776948,146.03178545046896,147.399658203125,175665800
2024-11-11,148.44803352101476,148.6177817068004,143.3460203778287,145.0333709716797,182325600
2024-11-12,146.55100082856893,149.41651833977537,145.78219787373922,148.0586395263672,198634700
2024-11-13,148.83742831045777,149.0970171738845,145.67236073742527,146.0417938232422,191903300
2024-11-14,147.40966837696516,148.7675472701728,145.32293261192063,146.53103637695312,194463300
2024-11-15,144.64395883880698,145.01339189876805,139.86143923454313,141.7584686279297,250132900
2024-11-18,139.28235565663965,141.32916034590224,136.93601597273187,139.93133544921875,221205300
2024-11-19,141.09954425974988,146.90047806374457,140.77005724054902,146.78065490722656,227834900
2024-11-20,147.18003223590216,147.32979212988033,142.50732548898966,145.6623992919922,309871700
2024-11-21,149.11701974284432,152.65149063112756,140.4805046221909,146.44119262695312,400946600
2024-11-22,145.70233282975542,146.93042492260167,140.8798813363258,141.72854614257812,236406200
2024-11-25,141.76848775116036,141.82839170792872,135.60811535874635,135.80780029296875,344941900
2024-11-26,137.4851722903331,139.08268223719327,135.45834049580736,136.70639038085938,190287700
2024-11-27,134.7993582371888,137.00591700209634,131.59437486042492,135.12884521484375,226370900
2024-11-29,136.56662423239774,139.13262238748922,135.837767286179,138.03433227539062,141863200
2024-12-02,138.6134117376161,140.23087948399635,137.60499293345052,138.41372680664062,171682800
2024-12-03,138.04430354930304,140.32074544201365,137.73478959893222,140.0411834716797,164414000
2024-12-04,141.77847337465352,145.56255409442886,140.07113435104438,144.91357421875,231224300
2024-12-05,144.89361745373108,146.3214777724878,143.7353435501018,144.84368896484375,172621200
2024-12-06,144.38436733563313,145.4827177885172,141.09926510716357,142.2275848388672,188505600
2024-12-09,138.76274660606958,139.74128080496888,136.92549436926976,138.6029815673828,189308600
2024-12-10,138.80267178561354,141.6084936848826,133.59045579547387,134.86856079101562,210020900
2024-12-11,137.15514511831444,139.9609519122756,135.00835767243856,139.10223388671875,184905200
2024-12-12,136.87555561216806,138.2335278669699,135.5974658707112,137.13516235351562,159211400
2024-12-13,138.7327975455873,139.39181692680097,132.34233289302693,134.04978942871094,231514900
2024-12-16,133.9798879813558,134.19956111084232,130.22550081237128,131.8031463623047,237951100
2024-12-17,128.89747709842524,131.39374870651014,126.67080709010266,130.19554138183594,259410300
2024-12-18,133.66038896461004,136.49615030817583,128.08870801614657,128.7177734375,277444500
2024-12-19,131.56348324328064,133.8301019554315,129.35678784338916,130.48509216308594,209719200
2024-12-20,129.61640819653473,135.07825184796977,128.02878306565836,134.49911499023438,306528600
2024-12-23,136.07678652356904,139.58154714496533,134.91851258675274,139.46173095703125,176053500
2024-12-24,139.7912368716414,141.68839756334225,138.44324385025058,140.0109100341797,105157000
2024-12-26,139.4916759779926,140.6399702368576,137.52461242783102,139.72132873535156,116205600
2024-12-27,138.3433913393573,138.81269167406333,134.50912136885398,136.80567932128906,170582600
2024-12-30,134.628906293037,140.060795108374,133.82011682531788,137.28494262695312,167734700
2024-12-31,137.82416524884428,137.8641141320975,133.63043143330796,134.08973693847656,155659200
2025-01-02,135.7971616952867,138.67287117142274,134.42920986844504,138.1037139892578,198247200
2025-01-03,139.80120658589456,144.6839138332244,139.5216253508109,144.2545623779297,229322500
2025-01-06,148.36839446450836,151.93307760587138,147.59955378526087,149.20713806152344,265377400
2025-01-07,152.80177547515166,152.9016324332477,139.80118875754107,139.93099975585938,351782200
2025-01-08,142.36737985085435,143.73533196712347,137.3548616440079,139.90106201171875,227349900
2025-01-10,137.24501786219508,139.71133557177419,134.0198390250661,135.7073211669922,207602500
2025-01-13,129.79615256902926,133.29093305056014,129.31685741876072,133.03131103515625,204808900
2025-01-14,135.84711813885167,136.1766278538369,129.85606565410438,131.56350708007812,195590500
2025-01-15,133.45068552943664,136.2465130176968,131.09420431967888,136.03683471679688,185217300
2025-01-16,138.4332346192246,138.54307117698642,133.2909213149963,133.3708038330078,209235600
2025-01-17,136.4861555399997,138.29345383465838,135.25799411499426,137.504638671875,201188800
2025-01-21,138.95247218370304,141.6184885428412,136.88555189361048,140.61997985839844,197749000
2025-01-22,144.4442829463215,147.56960504936464,143.45575377479585,146.85069274902344,237651400
2025-01-23,144.83369562852502,147.0104373660888,143.50567717742842,147.00045776367188,155915500
2025-01-24,148.14872775799392,148.74783905952535,141.66841618539428,142.4073028564453,234657600
2025-01-27,124.61389107098998,128.20851331467108,116.52596435964819,118.24340057373047,818830900
2025-01-28,121.62833781559046,128.8076175411123,116.0766320864675,128.79763793945312,579666400
2025-01-29,126.31135328562937,126.70077107762197,119.8709750783515,123.5155258178711,467120600
2025-01-30,122.91642732609624,124.81359550131977,117.92388350604345,124.46411895751953,392925500
2025-01-31,123.59540412169352,127.6593341751579,119.01225290264883,119.89093780517578,388161100
2025-02-03,114.57886776806536,118.39317051235568,112.84146484737198,116.48602294921875,371235700
2025-02-04,116.78557092036435,121.01924546805154,116.52595653802958,118.47305297851562,256550000
2025-02-05,121.57841571528579,124.81358161777388,120.5799070623436,124.64383697509766,262230800
2025-02-06,127.22998260932282,128.5779755110731,125.02327919443763,128.48809814453125,251483600
2025-02-07,129.0272614317768,130.17554003977037,124.81355460928496,129.64633178710938,228186300
2025-02-10,129.89598286165247,134.79866384787866,129.76618710141213,133.3708038330078,216989100
2025-02-11,132.38230132778313,134.27946199343057,130.8246300046561,132.6019744873047,178902400
2025-02-12,129.8261026458349,132.04279313100764,128.88750205027108,130.94442749023438,160278600
2025-02-13,131.36380821970238,136.29644386397356,130.9743904181038,135.08824157714844,197430000
2025-02-14,136.2764682668825,139.04234173663804,135.29793396994222,138.6429443359375,195479600
2025-02-18,141.05934526698334,143.2261075780513,137.72431422880837,139.19212341308594,219176600
2025-02-19,139.30195061666387,141.14919790373787,137.01537227663152,139.02236938476562,167536000
2025-02-20,139.8211794831435,140.45024487315197,136.5860056380014,139.90106201171875,143903600
2025-02-21,139.83114145453473,141.2490371129211,133.83011008980694,134.22950744628906,228217600
2025-02-24,136.35635785611953,138.38332947991822,129.88602516626045,130.08572387695312,251381100
2025-02-25,129.78615711570163,130.00583024952502,124.25442559786755,126.44115447998047,271428700
2025-02-26,129.79615892181477,133.53057192522448,128.29839578499454,131.084228515625,322553800
2025-02-27,134.7986782828192,134.80865788512716,119.83103458283094,119.9708251953125,443175800
2025-02-28,117.84399213493025,124.90344826210318,116.2264129341289,124.73370361328125,389091100
2025-03-03,123.32581202011416,123.51552349340123,112.11255593535711,113.88990020751953,411381400
2025-03-04,110.48499132597254,119.13207287466713,109.9457957033308,115.81702423095703,398163300
2025-03-05,117.40465751759531,118.10361057672029,114.3392360416895,117.12507629394531,284337900
2025-03-06,113.3606904001891,115.17797591196373,110.05562907278994,110.40510559082031,321181900
2025-03-07,111.0841023095759,113.31078025161912,107.3996024558792,112.52195739746094,341755500
2025-03-10,109.7361165287707,111.68320560403939,105.30273510444512,106.82047271728516,366487400
2025-03-11,106.83044416478043,112.0726148635708,104.6137536218378,108.59780883789062,354865700
2025-03-12,113.96030532134075,116.59661034457649,112.72203506897391,115.57803344726562,323857500
2025-03-13,116.86621875800482,117.59520049683546,113.63075517539951,115.41825103759766,299033100
2025-03-14,118.44401014075397,121.70943054003341,117.98465480860956,121.49972534179688,277593500
2025-03-17,122.56823120330081,122.71802281178023,117.86482345684047,119.36272430419922,255501500
2025-03-18,117.83486627342975,118.85343549406599,114.37970924440411,115.26846313476562,299686900
2025-03-19,117.10587965509883,120.2814296141779,115.51810848491796,117.35552978515625,273426200
2025-03-20,116.38688818380663,120.0317738155389,116.30699831746894,118.3641128540039,248829700
2025-03-21,116.77634740953133,117.82487338576216,115.25847035053427,117.5352783203125,266498500
2025-03-24,119.71223179694545,122.04896105750126,119.17298658297102,121.24009704589844,228452500
2025-03-25,120.38129943766901,121.12026171196634,118.75357566400419,120.52110290527344,167447200
2025-03-26,118.5638454632065,118.6736845133834,112.55226594608844,113.60079956054688,293463300
2025-03-27,111.19416561141583,114.28982567832341,110.50513643809545,111.27405548095703,236902100
2025-03-28,111.33397028810096,112.71204388720727,108.9173588485005,109.51651763916016,229872500
2025-03-31,104.98287310192077,110.80471613819729,103.50494855407659,108.22832489013672,299212700
2025-04-01,108.36813339033893,110.04578269736857,106.32100673854832,109.99585723876953,222614000
2025-04-02,107.1398479774266,111.82328673498283,106.64054773013802,110.26546478271484,220601200
2025-04-03,103.36514539947606,105.48217369637304,101.45781468579652,101.65753936767578,338769400
2025-04-04,98.7715853475697,99.98987163475934,91.98109847139008,94.17801666259766,532273800
2025-04-07,87.33759621246332,101.60759784636036,86.4987754744505,97.50334930419922,611041300
2025-04-08,103.6647139576977,105.70185986228381,94.3278009423825,96.16522979736328,476243400
2025-04-09,98.75161045127601,114.9389248904037,97.39351305704149,114.17000579833984,612918300
2025-04-10,109.21694044618194,110.70485307181585,99.01124202201945,107.4194564819336,437812400
2025-04-11,108.34816524857224,111.39390013023589,107.32959598741144,110.77476501464844,313417300
2025-04-14,113.95031245540225,114.13006086401796,108.91736463288024,110.55506896972656,264705000
2025-04-15,110.81470199440513,113.46099492172469,110.3453585264742,112.04297637939453,228966900
2025-04-16,104.40369410395131,106.64055727885454,100.30942561460589,104.3437728881836,397016900
2025-04-17,104.30382580885471,104.32380208660638,99.90998942448081,101.34796905517578,292517500
2025-04-21,98.63177356997639,99.3008417327631,94.90699776234818,96.77438354492188,288501100
2025-04-22,98.6417555090913,99.67031279819463,97.14385476914264,98.75160217285156,241004800
2025-04-23,104.37372584399631,104.6533403969428,101.87722447592722,102.5662612915039,247526000
2025-04-24,103.33517578708889,106.39089066307956,102.96569088547095,106.28104400634766,220815000
2025-04-25,106.70047033928225,111.76337496991529,105.58204256681438,110.85465240478516,251064700
2025-04-28,109.53649833991803,110.21554702841466,105.8716284785824,108.57784271240234,207708500
2025-04-29,107.51932238432487,110.04578062718967,107.2896485179105,108.867431640625,170444300
2025-04-30,104.32379376082015,108.76756286621094,103.93434018163836,108.76756286621094,235044600
2025-05-01,112.92174799120272,114.7791455573913,111.14424029465428,111.45380401611328,236121500
2025-05-02,114.02021557227994,115.23850951002053,113.21135153306962,114.33976745605469,190194800
2025-05-05,112.75199823422925,114.50952981770942,112.50234808238875,113.66072082519531,133163200
2025-05-06,111.32399638135878,114.57942879752297,110.66491633937942,113.38111114501953,158525600
2025-05-07,112.89179643623137,117.51531428959993,112.12286973799952,116.89617919921875,206758800
2025-05-08,118.08451525459601,118.51391379663416,115.68787240644632,117.20574951171875,198428100
2025-05-09,117.18577270674557,118.06454606438504,115.04876814493281,116.48675537109375,132972200
2025-05-12,121.79931583574867,122.82787322998047,120.11167839159091,122.82787322998047,225023300
2025-05-13,124.8051066300396,131.03637225526788,124.29581818961599,129.7481689453125,330430100
2025-05-14,133.01358451331882,135.25045513495294,131.49570747587302,135.1505889892578,281180800
2025-05-15,134.10207402259,136.10927107264604,132.47436533136158,134.64132690429688,226632600
2025-05-16,136.02937003025397,136.15919297953724,133.27323795943153,135.21051025390625,226542500
2025-05-19,132.20470706939753,135.6798322139183,132.20470706939753,135.38026428222656,193154600
2025-05-20,134.10205468200522,134.39165736048994,132.4343936724944,134.1919403076172,161514200
2025-05-21,132.87378601013486,137.2077087161811,130.40724144628157,131.6155548095703,270608700
2025-05-22,132.0449376190489,134.0621148614722,131.3658966044825,132.64410400390625,187344000
2025-05-23,129.81807417545411,132.49431639064062,128.97925335315108,131.10626220703125,198821300
2025-05-27,133.96224703921547,135.47014350181522,133.1234263008756,135.31036376953125,192953600
2025-05-28,135.83963178227697,137.05792567392893,134.60136161311598,134.621337890625,304021100
2025-05-29,142.0509238917618,143.28919402135628,137.71700129433316,138.99520874023438,369241900
2025-05-30,138.5258751739265,139.42460961066672,132.73398869983464,134.94090270996094,333170900
2025-06-02,135.30038976970178,137.9266987725352,135.21050414256473,137.187744140625,197663100
2025-06-03,138.58576663563605,141.80126124338923,137.7569264491721,141.02235412597656,225578800
2025-06-04,141.99101618842522,142.19073325311263,139.34471555965237,141.7213897705078,167120800
2025-06-05,141.97103980754113,143.79848066110154,138.63571759363617,139.79409790039062,231397900
2025-06-06,142.31053984611202,143.06948591448216,141.31193942977922,141.5216522216797,153986200
2025-06-09,142.98961854621228,144.7970831461155,141.74136782943543,142.43040466308594,185114500
2025-06-10,142.4903028059026,144.08805440763362,141.33192260937975,143.75852966308594,155881900
2025-06-11,144.41764573923192,144.79714515361243,141.6812848999734,142.6400146484375,167694000
2025-06-12,141.78116046611606,144.80712890625,141.6613249598906,144.80712890625,162365000
2025-06-13,142.29045926636147,143.38900206786707,140.6626379640278,141.78114318847656,180820600
2025-06-16,143.159329390418,145.98555166191812,143.00951976951112,144.49754333496094,183133700
2025-06-17,144.2978018718573,145.0268265438421,143.58873962374116,143.92828369140625,139108000
2025-06-18,143.81843788371728,145.4562558084884,142.92962233744194,145.28648376464844,161494100
2025-06-20,145.2565234707711,146.00552584195606,142.46024490398213,143.65866088867188,242956200
2025-06-23,142.31046402404658,144.58743022935184,141.84108794116847,143.97824096679688,154308900
2025-06-24,145.36636355778856,147.7631800544848,145.30644581210706,147.7032470703125,187566100
2025-06-25,149.0714619384952,154.24456476496755,149.06146548674553,154.10475158691406,269146500
2025-06-26,155.77251147358507,156.5115326130379,153.795149532093,154.8137969970703,198145700
2025-06-27,155.83245925466264,158.49892155015797,155.05349787794313,157.54019165039062,263234500
2025-06-30,158.1893045239527,158.4489684480595,155.7525627920192,157.7798614501953,194580300
2025-07-01,156.08211312403307,156.9909063970138,151.2885097592641,153.09609985351562,213143600
2025-07-02,152.77650803107835,157.39037305932783,152.7665268185242,157.04083251953125,171224100
2025-07-03,158.15934077500395,160.76586971787668,157.56014800239086,159.1280517578125,143716100
2025-07-07,157.98957042846925,159.09809459400483,157.1307137305003,158.02952575683594,140139000
2025-07-08,159.11807865757584,160.0068942683196,158.1793265036118,159.7871856689453,138133000
2025-07-09,161.0055497766517,164.2012901564699,160.9456320255445,162.66334533691406,183656400
2025-07-10,164.10143771292147,164.28119097215313,161.3950357038234,163.88172912597656,167704100
2025-07-11,163.50223698698784,167.66668863474402,163.25256951238498,164.7006378173828,193633300
2025-07-14,165.15003478890583,165.2698855378492,161.80449980139463,163.85177612304688,136975800
2025-07-15,170.96229989605533,172.17068192225182,168.97494134085255,170.4729461669922,230627400
2025-07-16,170.83247408910898,171.52155877211666,168.67534340451815,171.14205932617188,158831500
2025-07-17,171.79120519874627,173.92835823409905,170.60278554683865,172.7698974609375,160841100
2025-07-18,173.4090543863528,174.0182436825287,171.03221496217563,172.18069458007812,146456400
2025-07-21,172.52022673163836,173.1493936504508,170.77255439137573,171.1520538330078,123126100
2025-07-22,171.11211125862738,171.16204780548466,164.36110765827524,166.80784606933594,193114300
2025-07-23,169.30450383433347,171.03219846298632,167.74658125695927,170.55284118652344,154082200
2025-07-24,172.21063723590794,173.59878776513457,171.07215417768242,173.5089111328125,128984600
2025-07-25,173.37908037175941,174.4876045602178,172.72995103806022,173.26922607421875,122316800
2025-07-28,173.78852820706248,176.7645600358027,173.7385916678285,176.514892578125,140023500
2025-07-29,177.7233037615148,179.14141320408203,174.78721179005433,175.27655029296875,154077500
2025-07-30,176.27521653092245,179.65072563032518,175.80584046425426,179.03155517578125,174312200
2025-07-31,182.65671589592668,183.05619299307685,175.69598557745124,177.63340759277344,221685400
2025-08-01,173.85844036702034,176.3051785902702,170.66269971388826,173.4889373779297,204529000
2025-08-04,174.9270307365029,179.9603205403546,174.28788258302183,179.76058959960938,148174600
2025-08-05,179.38107983649965,180.0202279532499,175.6660266458598,178.02288818359375,156407600
2025-08-06,176.09546439011424,179.66070799076476,176.01556896990587,179.1813507080078,137192300
2025-08-07,181.32851054269395,183.6354356942093,178.5621905082108,180.52957153320312,151878400
2025-08-08,181.30853636067604,183.0562088106772,180.16005675043576,182.45700073242188,123396700
2025-08-11,181.80784410502207,183.59545638109407,180.01023537809715,181.8178253173828,138323200
2025-08-12,182.7166509044063,184.234618174838,179.22130626788388,182.9163818359375,145485700
2025-08-13,182.37709375214726,183.72530422356274,179.11145412417423,181.3484649658203,179871700
2025-08-14,179.5108931379294,182.77654758863486,179.22128560637054,181.7778778076172,129554000
2025-08-15,181.6380820439347,181.658044469753,177.8031781362909,180.20997619628906,156602200
2025-08-18,180.3597704757432,182.69665413107447,180.34977402519155,181.76788330078125,132008000
2025-08-19,182.1873336556069,182.25724785967336,175.25657768801665,175.4063720703125,185229200
2025-08-20,174.93699721113848,175.76589502196344,168.57547509149074,175.16668701171875,215142700
2025-08-21,174.61742144674352,176.66468235557974,173.57879631630271,174.7472381591797,140040900
2025-08-22,172.38041630972646,178.35245819257523,170.9722880586796,177.75326538085938,172789400
2025-08-25,178.11278178635797,181.6680441727565,176.33515059315872,179.57083129882812,163012800
2025-08-26,179.82049655621498,182.14739921043056,178.57215920342722,181.52822875976562,168688200
2025-08-27,181.7379436715125,182.24727507184866,178.86178472902657,181.35845947265625,235518900
2025-08-28,180.57950348224864,184.22464261974775,176.17536544772958,179.93035888671875,281787800
2025-08-29,177.87308356836775,177.91302365652732,172.91967451951007,173.94830322265625,243257900
2025-09-02,169.77387989783634,172.15071909272382,166.99757884564528,170.55284118652344,231164900
2025-09-03,170.83248363379096,172.18069419661035,168.65539040087648,170.39306640625,164424900
2025-09-04,170.34313981864827,171.6314173426514,169.18467902530818,171.4316864013672,141670100
2025-09-05,167.8065180303181,168.8051880252559,163.85179338392152,166.79786682128906,224441400
2025-09-08,167.32713700266137,170.73260486035574,167.12740607965867,168.08612060546875,163769100
2025-09-09,168.86507540993838,170.75256075129445,166.51821048710502,170.53285217285156,157548400
2025-09-10,176.4050468150653,179.05151589898875,175.2366048852674,177.09413146972656,226852000
2025-09-11,179.45113345293117,180.0503753259473,176.25521235533765,176.9443359375,151159300
2025-09-12,177.5435512454145,178.37249577533527,176.22522541777622,177.59349060058594,124911000
2025-09-15,175.44623766911022,178.62219505337407,174.28771156721004,177.52359008789062,147061600
2025-09-16,176.77453647764895,177.27389957504343,174.15787872389456,174.65724182128906,140737800
2025-09-17,172.42008695754546,172.97937117956877,168.1954794867923,170.0730743408203,211843800
2025-09-18,173.7583871307785,176.87442336525442,172.73969733735942,176.01551818847656,191763300
2025-09-19,175.54609885389235,177.8531538116004,174.95683884616588,176.4449462890625,237182100
2025-09-22,175.07670180251023,184.31491893588398,174.48745701577195,183.37611389160156,269637000
2025-09-23,181.73821238324945,182.18763613663097,175.9855548133895,178.2027130126953,192559600
2025-09-24,179.54100413716742,179.5509859124944,175.17656050171237,176.74456787109375,143564100
2025-09-25,174.2577508730865,180.03038734713982,172.90947958662534,177.4636688232422,191586700
2025-09-26,177.94304916264082,179.54101721374016,174.70717071687335,177.96302795410156,148573700
2025-09-29,180.20017297627672,183.7656330630971,180.09032771672483,181.61837768554688,193063500
2025-09-30,181.848063160254,187.11135435179565,181.2488213615314,186.3423309326172,236981000
2025-10-01,185.00404300205486,187.90034282726023,183.6657383394342,187.00149536132812,173844900
2025-10-02,189.35850113919957,190.80665113886596,187.82045419605362,188.64939880371094,136805800
2025-10-03,188.9490194719917,190.11752734214045,185.14387494216948,187.38101196289062,137596900
2025-10-06,185.2637075602064,186.9914995955013,183.09647356463947,185.30364990234375,157678100
2025-10-07,185.99277739696944,188.8191743935438,183.76562222076905,184.80429077148438,140088000
2025-10-08,186.33235229407293,189.35849142592937,186.30237648821537,188.86911010742188,130168900
2025-10-09,191.9851285494953,195.05122522476873,190.816620752273,192.32470703125,182997200
2025-10-10,193.26350393527704,195.37081685366852,181.81811007166195,182.92669677734375,268774400
2025-10-13,187.73056363822363,189.8678370807686,185.72312947730666,188.0801239013672,153482800
2025-10-14,184.53462639606815,184.5645869600227,179.47107773683655,179.8006591796875,205641400
2025-10-15,184.56460739230218,184.63451030281777,177.06416377208902,179.60093688964844,214450500
2025-10-16,181.99787810828644,183.0465437061986,179.5410200965125,181.5784149169922,179723300
2025-10-17,179.9504818191574,183.86550198639478,179.52103686227596,182.9866180419922,173135200
2025-10-20,182.89672994644732,184.96408521149223,181.4985041529273,182.4073486328125,128544700
2025-10-21,182.55714296878105,182.55714296878105,179.5709615871908,180.92922973632812,124240200
2025-10-22,180.9092591258601,183.20633238125785,176.53483359319367,180.05035400390625,162249600
2025-10-23,180.19017423035882,182.7968501503985,179.5609718650331,181.92796325683594,111363700
2025-10-24,183.60580497197222,187.23118563906056,183.26624175096782,186.02272033691406,131296700
2025-10-27,189.74798924630224,191.75542334831323,188.18996363054165,191.24607849121094,153452700
2025-10-28,192.80410966447576,202.89123585796654,191.66556232510956,200.77394104003906,297986200
2025-10-29,207.715080745974,211.9197249544373,204.51915980095313,206.77627563476562,308829600
2025-10-30,204.88867704045037,205.89740027142088,201.1534507471854,202.63156127929688,178864400
2025-10-31,206.18701808603035,207.70508615602077,201.81260775338424,202.23207092285156,179802200
2025-11-03,207.81493866642379,211.07078042213968,205.29814450690722,206.61647033691406,180267300
2025-11-04,202.7414122562426,203.71017785907821,197.67786326579136,198.43690490722656,188919300
2025-11-05,198.51681234435117,202.66152000582164,194.40205001057666,194.9613494873047,171350300
2025-11-06,196.169796348482,197.36826472822915,186.1425921093966,187.84042358398438,223029800
2025-11-07,184.66447901682176,188.08013622996737,178.68211848431696,187.91033935546875,264942300
2025-11-10,194.8614791513322,199.68532876518447,193.5431531870904,198.7964630126953,198897100
2025-11-11,194.91140808059743,195.17107140540628,191.05632435423007,192.91395568847656,176483300
2025-11-12,195.4706988945922,195.64048052491762,190.88654915774768,193.5531463623047,154935300
2025-11-13,190.80662838449902,191.1961309619508,183.61580336420005,186.62196350097656,207423100
2025-11-14,182.62706393415107,190.76667594021126,180.34996953708986,189.92774963378906,186591900
2025-11-17,185.73310233977776,188.75924133892028,184.08521029684528,186.3623046875,173628900
2025-11-18,183.14641371605563,184.5646030780414,179.42115405263684,181.1289825439453,213598900
2025-11-19,184.5546024199349,187.62069907956393,182.5971076589588,186.28240966796875,247246400
2025-11-20,195.70039225393623,195.7503316108911,179.62090987236718,180.40989685058594,343504800
2025-11-21,181.00913979899244,184.32490281868388,172.70971237567008,178.6521453857422,346926200
2025-11-24,179.2613745727385,183.26626122561635,176.25519889972114,182.31747436523438,256618300
2025-11-25,174.68719385821646,177.93305383278917,169.33402110596253,177.59349060058594,320600300
2025-11-26,181.3986455127995,182.67701383620675,178.01296428701193,180.03038024902344,183852000
2025-11-28,178.7819702942556,179.0616124091028,176.27517303639212,176.7745361328125,121332800
2025-12-01,174.53739527000454,180.07034727044882,173.45876908321011,179.69082641601562,188131000
2025-12-02,181.52845696763603,185.42349804109853,179.77070445469002,181.22885131835938,182632200
2025-12-03,180.8493441127912,182.21759414523953,178.88185225801445,179.36123657226562,165138000
2025-12-04,181.3987504426599,184.2952268834804,179.74078419330877,183.1566162109375,167364900
2025-12-05,183.66598269849337,184.43504894381925,180.6896172324408,182.1877899169922,143971100
2025-12-08,182.41751577930148,187.7709870845105,182.17780264974235,185.323974609375,204378100
2025-12-09,185.33395229946427,185.4937610485011,183.09669077375298,184.7446746826172,144719700
2025-12-10,184.74467463147755,185.2540478736652,181.8182359713298,183.55612182617188,162785400
2025-12-11,180.060377409269,181.09911899111663,176.40483245042134,180.70957946777344,182136600
2025-12-12,180.88937065842447,182.59729422559735,174.40727135263347,174.80679321289062,204274900
2025-12-15,177.7232402429772,178.20265125135413,174.8167814768023,176.0752410888672,164775600
2025-12-16,176.0452813318811,178.27257580423,174.68693742218818,177.50350952148438,148588100
2025-12-17,175.88548356566727,175.91544580087532,170.10252832729947,170.7317657470703,222775500
2025-12-18,174.3173807251694,175.93540231223645,171.6106906687844,173.9278564453125,176096000
2025-12-19,176.45477147838753,181.2289470656948,176.12517166919682,180.76951599121094,324925900
2025-12-22,183.6959478478248,183.935660967629,182.1278683380167,183.4662322998047,129064400
2025-12-23,182.7471036477755,189.099356383118,182.67718160782493,188.97950744628906,174873600
2025-12-24,187.71105179508496,188.67987134928,186.36269028434322,188.38023376464844,65528500
2025-12-26,189.68863982420257,192.45526970950266,187.7709805748158,190.2978973388672,139740300
2025-12-29,187.4813341773615,188.53004285167208,185.68352392965699,187.99070739746094,120006100
2025-12-30,188.01069817319677,188.75978454971104,186.70228116711607,187.31153869628906,97687300
2025-12-31,189.33907943283364,190.32786369396138,186.26282955778902,186.27281188964844,120100500
2026-01-02,189.60873357074172,192.69496568024334,188.03065649528438,188.6199493408203,148240500
2026-01-05,191.52640398377517,193.39413642527967,185.9232371396652,187.89083862304688,183529700
2026-01-06,190.2879203285983,191.935904267691,186.5924305704924,187.0119171142578,176862600
2026-01-07,188.34028795646717,191.13686475404677,186.3327268208183,188.87962341308594,153543200
2026-01-08,188.87963997886857,189.31910643994627,183.48622397884648,184.81459045410156,172457000
2026-01-09,184.8545293482555,186.1129888751533,183.44624341374129,184.63479614257812,131327500
2026-01-12,182.99680052530172,186.89204340473577,182.79704721562317,184.71470642089844,137968500
2026-01-13,184.7746378408776,187.88084992986475,183.17658082293008,185.58364868164062,160128900
2026-01-14,184.0954557419801,184.23528457453645,180.57973978602013,182.91688537597656,159586100
2026-01-15,186.27281050248445,189.46890929684608,186.103019420931,186.8221435546875,206188600
2026-01-16,188.84966224271636,190.20800608356458,185.85331687968656,186.0031280517578,187967200
2026-01-20,181.67839380225757,182.1578200140757,177.39362681050815,177.8530731201172,223345300
2026-01-21,178.8318922054109,185.15418310637224,178.18267486272933,183.09669494628906,200381000
2026-01-22,184.52493568425237,185.94320399708803,183.70592730123704,184.6148223876953,139636600
2026-01-23,187.27158465782284,189.3690325020707,186.59242035942677,187.44137573242188,142748100
2026-01-26,186.93200550896393,188.88960930416175,185.76343263076708,186.2428436279297,124799600
2026-01-27,187.01190478720812,189.76853699604698,185.47377232125424,188.29034423828125,143711600
2026-01-28,191.03700193406064,192.1156881225865,189.60873601436586,191.2866973876953,148552700
2026-01-29,191.10690928022157,193.244301759811,185.83334250366076,192.27548217773438,171764400
2026-01-30,190.97707539362895,194.25307849059112,189.23918956869622,190.8971710205078,179489500
2026-02-02,186.97195532434574,190.0681850900544,184.6547894061738,185.38389587402344,165794100
2026-02-03,186.01312186532803,186.04308409913696,176.01530661894333,180.12030029296875,204019600
2026-02-04,179.24138264216026,179.36123157735668,171.70057725198066,173.97779846191406,207014100
2026-02-05,174.71688060291817,176.604592702014,170.82163795446576,171.6706085205078,206312900
2026-02-06,176.47474973392875,186.77218713146127,174.3872995354016,185.1841278076172,231346200
2026-02-09,184.03552934237337,193.42408742490235,183.7259094221984,189.80848693847656,196387400
2026-02-10,191.1468699498802,192.24552080983682,187.89083145679504,188.31031799316406,136764800
2026-02-11,192.2155516352278,193.0245624433192,188.54004197866425,189.8184814453125,144192700
2026-02-12,192.79485804306626,193.3741533411549,186.28279615580217,186.7122802734375,189932500
2026-02-13,187.25162028422807,187.27160018883805,181.36879569323744,182.58731079101562,161888000
2026-02-17,181.5285959992061,186.92201173748992,178.9617194034806,184.7446746826172,162276900
2026-02-18,188.52005804720127,190.13807962880853,186.53247684939709,187.75099182128906,164749100
2026-02-19,186.8321237354349,188.20044994409497,185.43383529156333,187.6710968017578,126554500
2026-02-20,186.342734664171,190.09814888521723,185.71349722992974,189.58877563476562,178422300
2026-02-23,191.16683922839312,193.71373598373438,189.3490641935772,191.31666564941406,171584800
2026-02-24,191.2567378902843,193.53395924081437,187.171708627792,192.61508178710938,175123600
2026-02-25,194.2131137016724,197.38924768090467,193.5539140704845,195.32176208496094,250637100
2026-02-26,194.03334246429932,194.0533071271398,184.09546670933034,184.66476440429688,360807900
2026-02-27,181.0292033274304,182.36756729714082,176.1651407824763,176.97415161132812,311636500
2026-03-02,174.79680413295333,183.2365228635074,174.42725972943845,182.25770568847656,209095300
2026-03-03,178.27256086028186,180.67961330625172,176.70446619030554,179.83065795898438,178099400
2026-03-04,180.22019302825058,184.47499807110998,179.84065106191534,182.8170166015625,177731200
2026-03-05,180.94929874286032,183.83577756501342,177.6633132926684,183.1166534423828,198779700
2026-03-06,179.6209064601764,182.5373473445644,176.60459654479845,177.60337829589844,189021900
2026-03-09,176.61458806542097,182.68718325690133,175.34613090826778,182.427490234375,177213600
2026-03-10,182.17779858894656,186.21288569214076,181.7882742872215,184.544921875,179118500
2026-03-11,185.6935753620157,187.40157611978597,184.23526832414757,185.8134307861328,145280400
2026-03-12,183.83574790315467,184.72471123223085,181.53842231669145,182.9268035888672,155762700
2026-03-13,184.70472270189353,185.87335881208497,179.73052445930352,180.0401611328125,160988400
2026-03-16,182.7570048934839,188.66012868968363,181.19882333613754,183.0067138671875,217307400
2026-03-17,184.8445618023411,185.1841623368753,181.4684917186082,181.71820068359375,182497800
2026-03-18,182.26756764801692,183.16652908726184,180.12007659614625,180.1899871826172,156683100
2026-03-19,177.80276430906588,179.77047215436778,175.5853475010711,178.3521270751953,170968500
2026-03-20,177.79278016290237,178.05247199547227,171.52009228430225,172.4989471435547,241323500
2026-03-23,177.0536408486584,178.16234927411983,174.55655117338722,175.43553161621094,182836300
2026-03-24,174.6264683383626,176.01484951930743,173.777451794472,174.99603271484375,147667800
2026-03-25,176.89383761026875,181.00903649280792,176.64412864426953,178.47198486328125,162602100
2026-03-26,175.86504388946904,176.30451888215924,170.9407749866337,171.04066467285156,186152200
2026-03-27,169.80209026823204,170.77096223786808,166.81556566439232,167.32498168945312,196212700
2026-03-30,168.58352034150624,169.25273855906806,164.07877596313077,164.97772216796875,185627000
2026-03-31,166.77563225072552,174.41672082635512,166.7656493784466,174.1969757080078,226181300
2026-04-01,175.79511913229018,177.16351944386196,174.54657425208924,175.54541015625,168132000
2026-04-02,171.97954556798163,177.28337661769746,171.170490985778,177.18348693847656,143143200
2026-04-06,176.953760088437,177.58301630024127,175.55538077559635,177.43319702148438,107564300
2026-04-07,175.52541836668527,178.0225079733855,173.4578360976707,177.89266967773438,132534900
2026-04-08,184.28522303450282,185.0443328296099,180.09011531444295,181.8680419921875,147732700
2026-04-09,181.6283100364998,183.86570786090292,180.40972906189933,183.69590759277344,116428500
2026-04-10,184.09543736125556,189.77881591864653,184.08545448929232,188.41041564941406,160459500
2026-04-13,185.81343445538195,189.43921351677633,185.52377876103736,189.08961486816406,133648200
2026-04-14,190.61783708872017,196.28123474121094,190.54792650193752,196.28123474121094,161307000
2026-04-15,196.31119931453722,200.166706463506,195.5121427945441,198.63848876953125,185338400
2026-04-16,197.20015246424893,199.6173486077875,195.58204328148997,198.1190948486328,134012900
2026-04-17,199.66727910555997,201.46518667284232,199.03802288778024,201.44520568847656,160324400
2026-04-20,199.7471876833392,201.9346406188145,197.6096795882359,201.82476806640625,119381400
2026-04-21,201.89470437258373,202.51397775047528,198.76834314349978,199.64732360839844,107945300
2026-04-22,200.75603026628932,202.26426696777344,198.76834136586132,202.26426696777344,107501000
2026-04-23,202.22431724671497,203.59271751351986,196.99041179336916,199.4075927734375,113561800
2026-04-24,199.72721882416832,210.70441481695215,199.57738430538978,208.0275421142578,214134400
2026-04-27,209.4059296471886,216.5775789683675,207.13858324348888,216.3578338623047,187172400
2026-04-28,209.24613572912838,214.4800260296235,207.95762889823203,212.92184448242188,180275400
2026-04-29,212.4523894424142,212.47237042757808,207.33835459433345,209.00640869140625,123711800
2026-04-30,209.68560172993963,210.05518135667162,198.46867945247158,199.33767700195312,225239200
2026-05-01,201.0456862731779,202.76368521944246,196.89052532216473,198.21897888183594,128647000
2026-05-04,199.26774870200734,201.49514834231712,194.51329562325486,198.24893188476562,125368100
2026-05-05,199.06798360144137,200.00689171848026,195.80178617585554,196.271240234375,113406600
2026-05-06,199.65729931010404,208.0275486883452,198.37879062945476,207.5880584716797,188362800
2026-05-07,208.0974592073836,213.95063795079753,206.25960488465944,211.2537841796875,168307900
2026-05-08,212.7820061205359,217.5464575316693,212.642169707093,214.94947814941406,136421400
2026-05-11,213.79081709888328,222.04121091513153,213.64099781886503,219.18453979492188,160685800
2026-05-12,218.29558003818886,223.48952345691538,214.6698009927987,220.52297973632812,159176600
2026-05-13,224.6681467194947,227.57476278227756,221.3120728008497,225.56710815429688,150405400
2026-05-14,229.58243343997336,236.26463268418732,229.03307065698914,235.465576171875,180782900
2026-05-15,229.49252726355346,231.23050718880455,223.97896415639156,225.05770874023438,180977600
2026-05-18,229.60240180074675,229.7322553439391,218.1157890335498,222.0612030029297,146280900
2026-05-19,219.36432694236115,224.21866983705235,217.6563261548179,220.35317993164062,140948200
2026-05-20,222.9201831873553,225.8667612103758,220.2433103590018,223.20985412597656,184201600
2026-05-21,222.03121805596584,227.13526994336974,217.6762930684293,219.25445556640625,203381800
2026-05-22,220.64283833374193,220.75271088945502,214.54994865072538,215.07933044433594,169275700
2026-05-26,216.28791550863897,217.92600574795006,211.75320730356688,214.60987854003906,187202600
2026-05-27,213.87072806866348,213.90069192498567,208.53694826896,212.35250854492188,167601200
2026-05-28,211.03403615445995,215.2691056248748,210.97410844231206,214.00057983398438,143996000
2026-05-29,214.33020874183248,217.6063892667686,210.88422794322287,210.8942108154297,289410600
2026-06-01,215.47885750139108,224.60821672379726,215.44889364463796,224.09881591796875,212850700
2026-06-02,226.91551751623658,232.00958636747916,221.09231801448135,222.56060791015625,193362900
2026-06-03,221.46188713313538,222.56061267075634,214.2602739078757,214.5,160907000
2026-06-04,213.91000366210938,221.60000610351562,210.97000122070312,218.66000366210938,169022200
2026-06-05,214.52999877929688,214.8699951171875,204.3300018310547,205.10000610351562,219655500
2026-06-08,210.17999267578125,210.47000122070312,206.0,208.63999938964844,138372800
2026-06-09,210.6199951171875,211.39999389648438,199.33999633789062,208.19000244140625,180962500
2026-06-10,204.42999267578125,207.22000122070312,199.9199981689453,200.4199981689453,161746600
2026-06-11,201.49000549316406,205.66000366210938,199.5399932861328,204.8699951171875,158643200
2026-06-12,204.86000061035156,207.07000732421875,203.44000244140625,205.19000244140625,112001800
2026-06-15,208.9199981689453,212.7100067138672,208.33999633789062,212.4499969482422,149936700
2026-06-16,211.17999267578125,211.49000549316406,207.2899932861328,207.41000366210938,125694100
2026-06-17,208.52999877929688,209.2100067138672,203.0800018310547,204.64999389648438,128363500
2026-06-18,207.3300018310547,211.38999938964844,206.5,210.69000244140625,241272000
2026-06-22,211.44000244140625,213.99000549316406,207.72000122070312,208.64999389648438,122041400
2026-06-23,202.1699981689453,203.77000427246094,200.0,200.0399932861328,153496200
2026-06-24,200.1199951171875,201.6699981689453,196.5800018310547,199.0,151810700
2026-06-25,200.0800018310547,200.8000030517578,192.1300048828125,195.74000549316406,149550000
2026-06-26,193.1199951171875,195.5500030517578,191.22000122070312,192.52999877929688,178906300
