datetime,open,high,low,close,volume
2015-01-02,65.8456772794245,65.96165647277004,65.17881350826464,65.55574035644531,7251400
2015-01-05,65.403548280131,65.96168316594184,65.1281003495641,65.24407958984375,8626100
2015-01-06,65.46150649950383,65.64271984317885,64.70041377418414,64.94686126708984,7791200
2015-01-07,65.19330768280216,65.5049948235412,64.91785988900982,65.28753662109375,5986600
2015-01-08,65.58472840862628,66.12836837858103,65.33102533182732,66.03413391113281,6823300
2015-01-09,66.0921206518555,66.0921206518555,65.32377796377948,65.41800689697266,4872800
2015-01-12,65.58477012958714,65.68624921278472,64.88166110300732,65.17884826660156,5250900
2015-01-13,65.802188301842,66.32408361511962,65.07008484681687,65.45426177978516,6727100
2015-01-14,65.04108772082876,65.35277485470381,64.82362952317018,65.22954559326172,6418200
2015-01-15,65.59198587399761,65.59923595681147,64.75840331657415,65.13533020019531,6768200
2015-01-16,65.2005790390929,66.20812509961375,65.14259495410163,66.14289093017578,8815700
2015-01-20,66.14290046330227,66.53432212692766,65.59926018552171,66.09941101074219,9869900
2015-01-21,65.9928145659241,66.56952234297411,65.43070451824964,66.23371887207031,6974500
2015-01-22,66.46003148070393,66.93453852637609,65.60592214021062,66.88343811035156,7211200
2015-01-23,66.55490805324516,66.56951134973578,65.66429633119293,65.75920104980469,6745700
2015-01-26,65.6643105943923,65.6643105943923,64.78100032871814,65.39421081542969,9371700
2015-01-27,63.5837794227493,63.66408085406378,62.79536840776691,63.13847351074219,14417400
2015-01-28,63.240680948071876,63.445088157085955,62.05806987117441,62.16027069091797,14033400
2015-01-29,62.620180292528055,62.86108463446769,62.160276560256705,62.539878845214844,12054500
2015-01-30,62.1164554153289,62.21136013802897,61.50325060492526,61.53245162963867,14685300
2015-02-02,61.744142227182905,62.15294535033433,61.08713322960039,62.13834762573242,10278700
2015-02-03,62.74428176879883,62.78078445268701,62.13837843075922,62.74428176879883,10747900
2015-02-04,62.70047934721425,63.13118759996103,62.45227893373737,62.627479553222656,9212800
2015-02-05,62.95596750126885,63.350172985159254,62.85376669835571,63.291770935058594,6531300
2015-02-06,63.189581040215586,63.22608372021127,62.16027118475601,62.49607467651367,8429800
2015-02-09,62.27704803101347,62.36465109075579,61.751440811609676,62.087249755859375,8811500
2015-02-10,62.29165047424008,62.46685102180476,61.91934443733077,62.33544921875,7059300
2015-02-11,62.74429119171999,62.926793499513856,62.16028714849667,62.51799011230469,7184600
2015-02-12,62.82458416678824,62.890287884874,62.35008268623941,62.80268478393555,6074600
2015-02-13,62.80268956418337,62.89029267178976,62.415785585595984,62.70779037475586,6272000
2015-02-17,62.82458275664757,62.82458275664757,62.0507748757401,62.408477783203125,10310400
2015-02-18,62.60556515864157,63.06546876307444,62.4303590116449,62.9705696105957,8132300
2015-02-19,62.86105717983909,62.99976063180621,62.08724964681206,62.20404815673828,7271600
2015-02-20,62.0142604380222,62.08726579142543,61.45945762493787,61.95586395263672,9581300
2015-02-23,62.021545220870586,62.41575063003486,61.795244281536,62.33544921875,7919200
2015-02-24,62.42306168864404,62.590960614262386,62.05805724396402,62.4157600402832,6502200
2015-02-25,62.561770581566094,62.63477593894878,62.22596710180764,62.38656997680664,5975800
2015-02-26,62.35736414831546,62.60557009135399,61.970460289883945,62.174861907958984,7964500
2015-02-27,62.065366589229114,62.3281702911349,61.73686474661038,62.145668029785156,7685000
2015-03-02,62.14564854754592,62.35005569458008,61.9339453224045,62.35005569458008,7235200
2015-03-03,62.30624701144644,62.37195069648376,61.714941693735,62.16754913330078,6095600
2015-03-04,62.07994069686882,62.225940209483625,61.474032137421005,61.57623291015625,7370000
2015-03-05,61.77335119935411,61.87555199330052,61.38644182852777,61.78064727783203,5914200
2015-03-06,61.56894261041431,61.59084755391543,60.13082988059822,60.342533111572266,11338700
2015-03-09,60.43742998969876,60.7440323529157,60.35712857511452,60.656429290771484,7326700
2015-03-10,60.20384529330174,60.503146097946754,59.52493667602539,59.52493667602539,9681400
2015-03-11,59.51764043312255,59.700142706286556,58.99203299528582,59.41543960571289,10066600
2015-03-12,59.561440453293905,59.94834995896914,59.50304395748995,59.92644500732422,6951100
2015-03-13,59.84613575642686,60.065135098191845,59.24022699544386,59.73663330078125,7492500
2015-03-16,59.91913592446891,61.28424909582922,59.85343222284618,60.99954605102539,15618300
2015-03-17,60.85354543619916,60.860847085036774,60.17463690198226,60.481239318847656,7509300
2015-03-18,60.48855980635106,61.35727249421596,59.875349212114685,61.138267517089844,12607900
2015-03-19,60.92653176898329,61.13823498233976,60.67833145854637,60.86812973022461,9257500
2015-03-20,61.31346649966696,61.89747604319789,61.15286359671956,61.8609733581543,22580300
2015-03-23,61.590840817213305,62.087246994626106,61.58353917017824,61.948543548583984,9891100
2015-03-24,61.97046158828978,62.131064454292655,61.22585488262594,61.262351989746094,7478800
2015-03-25,61.59083084024224,61.59083084024224,60.48851623655162,60.598018646240234,8482200
2015-03-26,60.284149479743924,60.306048860408055,59.824240207688725,59.970245361328125,7311600
2015-03-27,59.91914479785677,60.2549482960844,59.85344108650402,60.08704376220703,6440600
2015-03-30,60.32064120401619,60.55424385945,59.970240005628796,60.38634490966797,6416800
2015-03-31,60.41552435826467,60.539624506303205,59.816917419433594,59.816917419433594,8649700
2015-04-01,60.18193672349448,60.18923280258437,59.45922388772209,60.09433364868164,7395300
2015-04-02,59.98483676058355,60.29143919657399,59.80233451494259,60.17464065551758,6169800
2015-04-06,59.80232218510265,60.75863754236946,59.50302146011409,60.61993408203125,6856300
2015-04-07,60.53962930493307,60.80243291544835,60.101625143915975,60.145423889160156,6329900
2015-04-08,60.079729201108385,60.72213496930527,60.057824257710706,60.422828674316406,6523400
2015-04-09,60.32064835000533,60.554251033113275,59.86804628434278,60.51045227050781,6185000
2015-04-10,60.444762179228405,61.050665564257585,60.3863601082891,60.84626388549805,7001700
2015-04-13,60.59075513630719,61.28426155162263,60.546956372674295,60.904659271240234,8290500
2015-04-14,60.87544634630025,61.23314917498508,60.62724597483258,61.02874755859375,6792600
2015-04-15,61.21124738929093,61.46674939972821,60.94114765091128,60.96304702758789,7006400
2015-04-16,60.99956353779458,61.37186976831579,60.846262282763,60.95576477050781,7615900
2015-04-17,60.59074764184869,60.75135051467425,59.882638013223286,60.247642517089844,9533800
2015-04-20,60.65643544121068,61.30614847132411,60.44473776623223,60.4958381652832,7416000
2015-04-21,60.875444204963344,61.17475053952686,60.51774138886096,60.64914321899414,7696400
2015-04-22,60.751334000475694,60.8389314930947,60.29872653368504,60.656429290771484,6753100
2015-04-23,59.9154067672223,60.41580588049546,59.532751263813104,59.569541931152344,14569500
2015-04-24,59.63577440358486,59.996354385468834,59.532751551618006,59.60633850097656,8785500
2015-04-27,59.54011951595906,59.7535200119877,59.21633016034307,59.31199264526367,9192300
2015-04-28,59.40766178680722,59.473888366531476,59.01028546548616,59.179534912109375,8395500
2015-04-29,58.870465490532816,59.0985867477246,58.664419759607966,58.76008224487305,11858500
2015-04-30,58.83365227109562,58.98083176105763,58.18607935823324,58.50986862182617,9409300
2015-05-01,58.69384643047454,59.10593782748081,58.59817834593793,59.0838623046875,8193000
2015-05-04,59.2236893375368,59.58426935803257,59.09123056877764,59.128021240234375,7203800
2015-05-05,59.2384108143595,59.34879406917683,58.70857568269674,58.92198181152344,6589400
2015-05-06,59.120661144043574,59.297276579453666,58.517239108871564,59.164817810058594,7335700
2015-05-07,59.14274698846777,59.275205768398706,58.87046904796378,59.017642974853516,7224300
2015-05-08,59.52539286942301,59.76087448267847,59.473881441971024,59.576904296875,6929400
2015-05-11,59.569555877151565,59.59899178650888,59.061801880133416,59.069156646728516,5237800
2015-05-12,58.89253956660583,59.08387014674968,58.39950077770143,58.83366775512695,6305800
2015-05-13,58.988191105125686,59.30461437076955,58.539303493676265,58.649681091308594,6459900
2015-05-14,58.951404905443404,59.37821707031543,58.93668414702749,59.28990936279297,5634200
2015-05-15,59.481259434549116,59.69466558699227,59.407672461302624,59.64315414428711,7454800
2015-05-18,59.58425975749417,59.70199774724009,59.23839493844371,59.41500473022461,5590800
2015-05-19,59.42236370350793,59.56953759079015,59.113295171620926,59.48123550415039,5729500
2015-05-20,59.55481880747554,59.606330226308046,59.20159363953579,59.22367477416992,5487000
2015-05-21,58.99555332451061,59.29726710103141,58.752711350382754,59.17216873168945,6054700
2015-05-22,59.047073860994146,59.16481748395189,58.811592229403615,58.83366775512695,6003600
2015-05-26,58.84837689575755,58.921963838414186,58.09042071917892,58.23759460449219,6698300
2015-05-27,58.29647144944382,58.826306465342746,58.20080336281942,58.42156982421875,8094600
2015-05-28,58.450997827752495,58.46571296983919,58.1492840789013,58.377410888671875,5803400
2015-05-29,58.267038302639044,58.31118935127725,57.53851792848568,57.685691833496094,12551700
2015-06-01,57.877034134002905,58.186102765772326,57.59739579774184,58.024208068847656,7588000
2015-06-02,57.73720210701757,57.92853267116444,57.52379601899308,57.79607391357422,7380800
2015-06-03,58.068338447679636,58.083053588770866,57.59736971791232,57.81077575683594,5985800
2015-06-04,57.70040953733439,58.016832854919585,57.4428467957173,57.50907897949219,7714600
2015-06-05,57.42813576415483,57.487007572987366,56.935096997412955,56.979248046875,9439700
2015-06-08,57.01605327533644,57.383993716773155,56.73641494667616,57.185302734375,10916200
2015-06-09,57.37660878300489,58.37740680459155,57.26622557494457,58.060977935791016,11528900
2015-06-10,58.30385348148614,58.71594504052787,58.141958764912204,58.53197479248047,9483500
2015-06-11,58.818942405851445,58.818942405851445,58.311182944998,58.43628692626953,7633300
2015-06-12,58.25968605924403,58.37006931057952,57.81815866822747,58.03892517089844,6508600
2015-06-15,57.64156055215312,57.73722306178343,57.347207026863636,57.48702621459961,7527900
2015-06-16,58.576127610389925,58.576127610389925,57.796095531883346,58.208187103271484,8285700
2015-06-17,58.28174652425924,59.01027242619733,58.25231623821279,58.929325103759766,9305800
2015-06-18,59.11331215445381,59.768245685368065,59.091236626451725,59.47389221191406,10712500
2015-06-19,59.39295502085079,59.75353513995992,59.22370553434766,59.26785659790039,15598800
2015-06-22,59.54744092094635,59.73877139792164,59.113274177630736,59.201576232910156,6907900
2015-06-23,59.113307252784374,59.2016093574707,58.59083254753169,58.7159309387207,7190600
2015-06-24,58.72327467152847,58.760065333276366,58.5025082437472,58.50986862182617,8843700
2015-06-25,58.657051429693354,58.79687056286788,58.42156982421875,58.42156982421875,5855700
2015-06-26,58.53195276604249,58.67912666336613,58.3406222080623,58.38477325439453,7703200
2015-06-29,58.09780022415936,58.40687449785355,57.59004617357664,57.63419723510742,7966200
2015-06-30,58.07571659625668,58.14194879364475,57.494370038407894,57.5753173828125,8451400
2015-07-01,57.68569447221536,58.701207937618925,57.48700912993037,58.6644172668457,8868000
2015-07-02,58.87783009962773,59.12802690105682,58.701214648156665,58.8189582824707,6602500
2015-07-06,58.58346395538489,59.03235163903411,58.5025166278859,58.90725326538086,6601200
2015-07-07,58.9146048228029,60.21711675668586,58.9146048228029,60.13616943359375,11690400
2015-07-08,59.76085931186272,60.114084449238874,59.52537775838631,59.59896469116211,6724700
2015-07-09,60.158255139767554,60.34222533897174,59.25311928938001,59.35614776611328,10419800
2015-07-10,59.77559324841427,59.87125572068548,59.4297284123443,59.569541931152344,6892500
2015-07-13,59.988994697013375,60.37165582100321,59.856535940912956,60.27599334716797,7332900
2015-07-14,60.37165832519531,60.680726897474855,60.32750727610528,60.37165832519531,6119500
2015-07-15,60.27602301376995,60.57773134240608,60.224505947513315,60.452632904052734,6673700
2015-07-16,60.67338501110453,60.74697760111849,60.415827789034786,60.56300735473633,6623400
2015-07-17,60.26126081903135,60.62184073464332,60.04785477508698,60.51881790161133,5827300
2015-07-20,60.40844021898694,60.59977076112314,60.34221365497278,60.482032775878906,5012900
2015-07-21,60.3495615850092,60.43786365214704,59.87859851253181,60.069923400878906,7512400
2015-07-22,60.116690364392085,60.31700831439981,59.84960353791386,59.96831130981445,6106400
2015-07-23,59.968315805822684,60.0128283934736,59.456398406643046,59.871864318847656,5380900
2015-07-24,59.730904538302056,59.89412490302013,59.5231715869512,59.567684173583984,5660800
2015-07-27,59.226390969615395,59.40444692584058,58.92962726904222,59.330257415771484,8613600
2015-07-28,59.456388311359824,59.842182873157604,59.28575298080499,59.523162841796875,8649900
2015-07-29,59.54542461832949,60.08701326035443,59.471235091239535,59.8125114440918,8921500
2015-07-30,58.90737119229994,58.966725064685775,57.23808173845181,57.4161376953125,22067800
2015-07-31,57.5941899223435,57.675800076514705,56.87454549238285,56.90421676635742,11877200
2015-08-03,56.76327368933104,57.1935752013927,56.392320401496455,56.681663513183594,9511300
2015-08-04,56.407144196866405,56.63713337573031,56.199411304951035,56.318119049072266,13369100
2015-08-05,56.42199104456867,56.78552364117681,56.19941683259786,56.21425247192383,10895400
2015-08-06,56.39233076889004,56.39233076889004,55.82848008283746,56.192012786865234,9353300
2015-08-07,56.08072333241415,56.17717482359138,55.895246662056444,55.99911880493164,10045400
2015-08-10,56.347811861328324,56.755862812333966,56.236530384053104,56.666831970214844,9165900
2015-08-11,56.414571379158055,56.7187501031754,56.24393039229654,56.54811477661133,7491900
2015-08-12,56.30330579111491,56.70393613660105,55.89525479285136,56.674259185791016,10397700
2015-08-13,56.748421128382525,56.76326242671806,56.110381147079124,56.2216682434082,5948000
2015-08-14,56.19199527840866,56.2439285056597,55.924908492461235,56.102970123291016,5586900
2015-08-17,56.24393057901547,56.24393057901547,55.45751149156736,56.036197662353516,8683900
2015-08-18,56.07330228473269,56.236522642666415,55.642995097507075,55.73944091796875,7445900
2015-08-19,55.59105090732915,55.59105090732915,54.91591331624223,54.990108489990234,9865300
2015-08-20,54.71563132643072,55.43528189155858,54.500477656216184,54.8343391418457,10696500
2015-08-21,54.56723402355719,54.82690020782389,53.29115373481996,53.29856872558594,15763900
2015-08-24,50.87252750048977,52.72729371482919,48.23875721200887,51.295413970947266,23696300
2015-08-25,53.55081196747278,53.58790955698735,50.672216754482776,50.7612419128418,21476900
2015-08-26,51.8592706417607,52.67536674089813,51.15445600045724,52.60117721557617,17464700
2015-08-27,52.972128814048304,53.23179497454752,51.94829415222601,53.0314826965332,13434000
2015-08-28,52.80147693450292,52.875666442169575,52.371169865621106,52.831153869628906,10020000
2015-08-31,52.67536871449395,52.67536871449395,52.1560363574844,52.430538177490234,9520900
2015-09-01,51.46605996396696,51.844428233116346,50.83543486145565,51.11736297607422,15437700
2015-09-02,51.67378600804377,51.82216503574399,51.35476600422093,51.79248809814453,8903700
2015-09-03,52.066992105519844,52.274724994773344,51.7108745380162,51.88151550292969,8468300
2015-09-04,51.399289161238194,51.399289161238194,50.820602909666356,51.01350021362305,11497500
2015-09-08,52.16344974712124,52.25990122496148,51.60701981298936,51.91862487792969,9182300
2015-09-09,52.25989156164739,52.33408107375375,50.7241454538283,50.805755615234375,11070600
2015-09-10,50.53866703213051,51.154445054811326,50.264159620848574,50.68704605102539,12591100
2015-09-11,50.49415511716982,50.828016441908524,50.24933027138505,50.7612419128418,11291400
2015-09-14,50.620284293875024,50.67221752380541,49.95256729455757,50.49415588378906,9712800
2015-09-15,50.46446438229675,51.74054413271419,50.375439248274255,51.525390625,11043700
2015-09-16,52.02247832155377,52.200534271013616,51.71087333462832,52.00763702392578,8704200
2015-09-17,51.93346285780574,52.87568176483756,51.82959638491399,52.11151885986328,11029600
2015-09-18,51.51800082865927,52.51215304667079,51.46606758831984,51.888954162597656,18210200
2015-09-21,52.044741941608955,52.5863305151207,51.940875484762934,52.41569519042969,7742800
2015-09-22,51.977984688404675,52.415712610847116,51.91863645069491,52.07443618774414,10207800
2015-09-23,52.067000336845915,52.296989549121996,51.903779995115435,52.1263542175293,6294200
2015-09-24,51.79992591621709,53.10568330188893,51.74057202134588,52.94246292114258,13423500
2015-09-25,53.706608070198065,54.44109387912331,53.38016741721037,53.91434097290039,15080700
2015-09-28,53.64726953301825,53.91435638722443,53.23180360883028,53.246639251708984,9207300
2015-09-29,53.24662610656833,53.72145146594575,52.93502674035274,53.625,9033300
2015-09-30,54.055301872226195,54.20368089116927,53.08340627946657,53.37274932861328,11041900
2015-10-01,53.239221946619736,53.55082137621847,52.97213510402126,53.38018035888672,8547600
2015-10-02,52.94244751007079,53.72886657714844,52.89051428225052,53.72886657714844,9085600
2015-10-05,54.1369186980372,54.47819501187399,53.78822173425033,54.32239532470703,9187700
2015-10-06,54.411414382775476,54.73785502041183,53.85498456514815,54.4559326171875,8851500
2015-10-07,54.693355560302734,54.80464268257124,54.3965917876861,54.693355560302734,8013200
2015-10-08,54.663671866302025,55.227522398610894,54.522707818150444,55.197845458984375,6856600
2015-10-09,55.33881048151958,55.57622602699593,55.13849819039659,55.257205963134766,6880100
2015-10-12,55.413006632809896,55.46493986921101,54.83432038139802,55.14591979980469,6255900
2015-10-13,55.07915381407356,55.10883076238217,54.64885221434654,54.98270797729492,8390200
2015-10-14,55.05686950683594,55.35363317863954,54.82688034982886,55.05686950683594,8479200
2015-10-15,55.375925105155765,55.52430420641089,54.92336148793778,55.101417541503906,8607400
2015-10-16,55.435262279633385,55.67267216617215,55.15333414791361,55.56880569458008,9578900
2015-10-19,55.38331059139142,55.78394070275075,55.294279790990586,55.76168441772461,7292200
2015-10-20,55.54653723322205,55.68008061891258,55.01978433974744,55.220096588134766,8531900
2015-10-21,55.2073600904372,55.79873453132253,55.020216496910294,55.08758544921875,8302100
2015-10-22,55.28970142131628,56.59970652133984,55.10255783559863,56.03078842163086,14080900
2015-10-23,57.46059182486615,58.7256791017894,57.12372980512553,57.66270446777344,16451200
2015-10-26,57.64023819976609,58.31395641186756,57.64023819976609,58.00703811645508,11464700
2015-10-27,57.7300740135796,57.909730314734624,57.49801200878474,57.857330322265625,9423400
2015-10-28,57.93218101439783,58.04446833340787,56.659606628738075,57.2734375,10178400
2015-10-29,57.453103577306564,57.78247824623661,57.071328912062306,57.655216217041016,8230700
2015-10-30,57.62529311464631,57.745062118027924,57.176143646240234,57.176143646240234,9547700
2015-11-02,57.31836779871217,57.46808046272751,56.92911144556906,57.340824127197266,7152900
2015-11-03,57.116253740786945,57.954653776738844,56.86173536475018,57.67768478393555,8013200
2015-11-04,57.66270907772969,57.74505275283798,57.273452740903764,57.68516540527344,6375400
2015-11-05,57.70761275522776,57.83487477679717,56.861725519367766,57.18361282348633,6860900
2015-11-06,56.80184621604701,56.89167723612587,55.91104620607813,56.56978988647461,9483500
2015-11-09,56.28532778535467,56.61469673619669,56.0906967840586,56.442527770996094,8607200
2015-11-10,56.427554029394955,57.07132867351946,56.31527240288471,56.71949768066406,6551000
2015-11-11,56.906637501090124,57.21355582263817,56.83178118474234,56.861724853515625,5295900
2015-11-12,56.644624929514805,56.899143201847984,55.88856887817382,55.88856887817383,7678600
2015-11-13,55.873609217459276,56.12812755823931,55.357090901737365,55.36457824707031,8468800
2015-11-16,55.58167760449585,56.390139740333524,55.402021255811604,56.36768341064453,7410600
2015-11-17,56.39012277480664,56.89915370224199,56.04577916377253,56.195491790771484,8761800
2015-11-18,56.12811584208996,56.86171561879602,56.00085384267898,56.816802978515625,6447100
2015-11-19,56.996482429319535,57.610313511178596,56.90665140105764,57.05636978149414,7899500
2015-11-20,57.30338947604122,57.53544578079027,56.65212750027215,56.756927490234375,9533200
2015-11-23,56.756933386682974,56.93658971511532,56.44253338413345,56.86922073364258,9421300
2015-11-24,56.607214478732175,57.408189088850534,56.59972713344946,57.2285270690918,7086800
2015-11-25,57.28840283496952,57.44560278712082,56.80182829097555,56.816802978515625,4266500
2015-11-27,56.809314713709554,57.168632963636924,56.51737113428037,56.667083740234375,2390100
2015-11-30,56.57727240218263,56.74944137033644,56.02332305908203,56.02332305908203,8935700
2015-12-01,56.04579644535305,57.056371267130814,56.04579644535305,56.846771240234375,8391700
2015-12-02,56.68956534176902,57.23602168220373,56.62967799424495,56.73447799682617,8104200
2015-12-03,56.76441142476064,57.041380362516655,56.270349463621635,56.69703674316406,11177800
2015-12-04,56.87671537909593,58.313977613350914,56.8317970078444,58.26157760620117,11961000
2015-12-07,58.04446852559881,58.763099374004156,58.04446852559881,58.66578674316406,9460000
2015-12-08,58.14927923251011,58.7631102190907,57.90224822651306,58.20167922973633,8312700
2015-12-09,58.08938547602334,59.12990367118352,57.96961651466045,58.164241790771484,10081900
2015-12-10,58.32145944079762,58.7930594605124,58.0669410650351,58.23162841796875,8984200
2015-12-11,58.0220161036095,58.63584701815938,57.72258513552331,58.22412872314453,12280500
2015-12-14,58.11186814691911,58.78558670745401,57.96964279776469,58.60593032836914,12179000
2015-12-15,58.92032391772346,59.88598612940077,58.74815490585814,59.64644241333008,14113400
2015-12-16,59.871003644183496,60.80672196644012,59.736259977331684,60.62705993652344,14102600
2015-12-17,60.61956848978775,60.656993789917315,60.03567555382761,60.103050231933594,9864200
2015-12-18,59.84854307224929,59.97580510768202,58.48613739013672,58.48613739013672,21342100
2015-12-21,58.86042049117386,59.12242617789683,58.50110787075166,59.0999641418457,9105800
2015-12-22,59.25715608960667,59.698812272897314,59.047550446626396,59.586524963378906,9872200
2015-12-23,59.84855191086761,60.20787032139148,59.51169554132904,59.82609558105469,8254600
2015-12-24,59.63144713709385,59.99824704127914,59.586528783704715,59.728759765625,2498000
2015-12-28,59.691351891004786,59.86352660485781,59.48923921151612,59.82609558105469,4150000
2015-12-29,60.05065274566797,60.34259637023072,59.773678099546835,60.155452728271484,4406100
2015-12-30,60.230301896809934,60.26024556131124,59.88595832179999,59.938358306884766,3793200
2015-12-31,59.81859651892374,59.91590915682148,59.36944720882164,59.44430923461914,5077700
2016-01-04,58.658299398893185,58.763099374004156,58.04446852559881,58.66578674316406,11529800
2016-01-05,58.718199749511115,59.10745607034635,58.54602506012896,58.852943420410156,8133700
2016-01-06,58.14179607781253,58.60591445182157,57.730083415978555,58.284027099609375,9551000
2016-01-07,57.52794389004469,58.089374713391585,56.944056747551066,57.77497482299805,11973900
2016-01-08,57.90973910720295,57.99957012700498,56.64464603972337,56.86922073364258,9676400
2016-01-11,57.01892028696855,57.67018218074958,56.59223303550385,57.39320755004883,10209200
2016-01-12,57.64023741167388,57.65520638899575,56.70451927187398,57.2734375,8774700
2016-01-13,57.61777090056313,57.63273987523778,56.734452904357546,56.77936553955078,9310100
2016-01-14,56.966521015120186,57.60280822812592,56.801833703506134,57.00395202636719,12835100
2016-01-15,55.76879455673555,56.65211260500714,55.74633823781528,56.12811279296875,17023900
2016-01-19,56.741939770764766,57.57285778187717,56.682052450230536,57.438114166259766,13457300
2016-01-20,56.85141629560361,57.45549216541772,56.22468261185263,57.25917053222656,17795000
2016-01-21,57.402625346044836,58.27854298030558,56.94202024086443,57.93119812011719,12712900
2016-01-22,58.44467532990466,58.87508161472893,57.80284220494908,58.41447067260742,9465800
2016-01-25,58.29366440454512,58.41448305935356,57.81040130721245,58.029380798339844,9870400
2016-01-26,58.89774413482412,60.09080238582428,58.55039915559946,59.50937271118164,16374800
2016-01-27,59.29794340090397,60.29467418416654,59.01100775878069,59.50182342529297,10816100
2016-01-28,59.95488194313897,60.40794034352538,59.35835284093264,60.27202224731445,9895100
2016-01-29,60.392832656252935,61.91813040707287,60.2795666313672,61.684051513671875,19895000
2016-02-01,61.321614467536186,61.46508518039367,60.80814670467583,61.253658294677734,9657200
2016-02-02,60.47588052450683,60.815678555684464,60.26445371094666,60.57404708862305,9116400
2016-02-03,60.77037907225584,61.34425024952727,60.42302841107967,61.2385368347168,10149600
2016-02-04,61.049758933123336,61.23853370147619,60.65710994976685,60.936492919921875,8295100
2016-02-05,60.845879623687516,61.31403732299805,60.83832702052011,61.31403732299805,9957600
2016-02-08,60.62692399632482,62.46181554113793,60.62692399632482,62.38630676269531,16530200
2016-02-09,61.78977674847253,62.67324154179503,61.17814240152197,62.401405334472656,14308900
2016-02-10,62.60528141902034,62.67323758608657,61.51038405281385,61.631202697753906,10585400
2016-02-11,60.70242113993523,61.15547948470376,60.128544164055405,60.33242416381836,12343900
2016-02-12,60.67977660375209,61.17813911644899,60.24937025876153,61.155487060546875,9306100
2016-02-16,61.91056274673409,61.91056274673409,61.04219778171648,61.517913818359375,9352600
2016-02-17,61.65384725781179,62.544864492593106,61.5481338368165,62.2579231262207,10892900
2016-02-18,62.09180900794656,62.159765169877666,61.321604607029506,61.90303421020508,7702600
2016-02-19,61.887928925726634,62.11446098712347,61.46507522279881,61.75956344604492,7709600
2016-02-22,61.75956921805866,62.42405449346903,61.6991598945804,62.016300201416016,6916500
2016-02-23,61.918136528956445,62.26548148158538,61.623648291706914,61.77466583251953,5840600
2016-02-24,61.35936160918197,61.64629722658301,60.90630324872521,61.58588790893555,6759800
2016-02-25,61.691598907687776,62.174861907958984,61.517929327469666,62.174861907958984,6789700
2016-02-26,62.31077619119393,62.40894276276725,61.125270815720135,61.2385368347168,9281100
2016-02-29,61.23854733484948,61.42732214522876,60.56650947077523,60.62691879272461,11065300
2016-03-01,60.815684016133076,61.434865066131565,60.80813141184249,61.33670425415039,9483900
2016-03-02,61.60098798576269,62.416496423200314,61.049763089823614,62.33343505859375,12096600
2016-03-03,62.32589524246727,62.620383500696526,62.054059040878684,62.55242156982422,8747100
2016-03-04,62.38629555790505,63.23200294209126,62.11445939557391,63.04322814941406,9406700
2016-03-07,62.80915428572751,63.201803351159,62.6732361936647,62.74874496459961,6792400
2016-03-08,62.65057640508772,63.23955281100852,62.42404435929546,62.71853256225586,7788400
2016-03-09,62.89978030150431,63.194268597157375,62.43161661461816,62.643043518066406,8954800
2016-03-10,62.77137243271665,62.84688693502305,61.72933797569201,62.129539489746094,10385600
2016-03-11,62.484492613999485,62.522249898812035,61.495313970201195,61.729393005371094,11109500
2016-03-14,61.593441742737596,61.80486859777231,60.92140391311307,61.29140090942383,12389300
2016-03-15,61.163042493035874,61.51038747513906,60.98182027649299,61.39712142944336,9297800
2016-03-16,61.39709435196678,61.76709698879008,60.77036659595877,61.41974639892578,9490300
2016-03-17,61.38199604351426,62.846889890748315,61.37444344073888,62.484439849853516,12061500
2016-03-18,62.56751956624667,63.05078258868517,62.25037928794947,62.7864990234375,33635200
2016-03-21,62.76384986001199,63.33017428060334,62.60527971356041,62.91486740112305,8625600
2016-03-22,62.8846408816698,62.91484553158269,62.28811200802292,62.47688674926758,7205900
2016-03-23,62.46181803129123,63.04324198552447,62.35610458506701,62.53732681274414,5594600
2016-03-24,62.26545616022135,62.7638242119425,62.242804114406304,62.59014892578125,6645700
2016-03-28,62.665689819028046,63.0130348086245,62.31079222330218,62.38630676269531,4988500
2016-03-29,62.416488135523174,62.74117518557426,62.03893862324233,62.52220153808594,6731400
2016-03-30,62.741205490730124,62.94508555197068,62.408965676889935,62.431617736816406,6925400
2016-03-31,62.4844442054047,62.673218961312266,62.03138594341621,62.152198791503906,6819200
2016-04-01,61.9181508349497,63.14141393758261,61.86529410735791,63.07345199584961,8028600
2016-04-04,63.16405552214794,63.16405552214794,62.69589189758571,62.831809997558594,5593400
2016-04-05,62.79404830932617,63.09608336167333,62.665677075034345,62.79404830932617,5259100
2016-04-06,62.778939865259076,63.3075069405799,62.73363576193131,63.284854888916016,6292100
2016-04-07,62.85444641113281,63.18669185303441,62.575063435850865,62.85444641113281,6655900
2016-04-08,63.005473392371755,63.01302023580532,62.499552595812816,62.82424545288086,5453000
2016-04-11,62.69588665862158,62.929965570867566,62.41650363715374,62.4693603515625,7081500
2016-04-12,62.454258299959015,62.83180792510273,62.25793088181826,62.54487228393555,7081600
2016-04-13,62.71099541220368,62.99793105507046,61.79732024430789,62.26548385620117,11738600
2016-04-14,62.38727947825174,62.70702346970135,62.075155768300775,62.432960510253906,6904400
2016-04-15,62.46342633977438,62.752712501448464,62.31116587983329,62.65374755859375,7299300
2016-04-18,62.65374424045568,63.1790268270412,62.44057960782733,63.05722427368164,5628000
2016-04-19,63.11812388091236,63.719533745787416,63.07244284458799,63.39979553222656,6606100
2016-04-20,63.40741677738259,63.445477535551696,62.029493037410546,62.08278274536133,9124200
2016-04-21,61.694517016987795,61.900061344505175,61.32148911467906,61.511810302734375,8802100
2016-04-22,61.207296314498066,61.625999450683594,60.83426840564213,61.625999450683594,8027700
2016-04-25,61.60315498416717,62.029478355005054,61.22251264371907,61.97618865966797,7672800
2016-04-26,62.04470647596026,62.04470647596026,60.30136371972009,60.560203552246094,13742300
2016-04-27,60.49930777841536,61.01698170719753,60.21763029382393,60.81904602050781,7689700
2016-04-28,60.506903493884515,61.108313225967585,60.43838485859794,60.720062255859375,7615900
2016-04-29,60.6515589781036,61.01697823983133,60.42317702164813,60.994140625,9391000
2016-05-02,60.918018797675764,61.89246840698558,60.918018797675764,61.64124298095703,7862600
2016-05-03,61.511814272506975,62.19696594721019,61.42807247970688,61.740196228027344,7617500
2016-05-04,61.565084614147096,62.250236073371184,61.565084614147096,62.120819091796875,7365900
2016-05-05,62.12080737773824,62.49383511646282,61.603133740917954,61.892425537109375,6399500
2016-05-06,61.98381096436485,62.61567878250726,61.793489752259966,62.524322509765625,6297200
2016-05-09,62.58521357872346,62.98108486951834,62.40250687966341,62.516700744628906,6718800
2016-05-10,62.53952711474963,62.943006998047984,62.51668950748975,62.79075241088867,6222400
2016-05-11,62.80600314462926,63.10290378575245,62.52432564565529,62.539554595947266,5975000
2016-05-12,62.79076986470682,62.98869972140403,62.50909241121059,62.73748016357422,4925000
2016-05-13,62.74507418288363,62.74507418288363,61.66405146473944,61.839149475097656,6579000
2016-05-16,61.671672537106616,62.34160095353946,61.47373689728786,62.1436653137207,6497200
2016-05-17,62.15131367911172,62.471052019850646,61.15403207950708,61.37480545043945,10188200
2016-05-18,61.351938597320455,61.488970092201555,60.45362811860684,60.78858947753906,8344100
2016-05-19,60.62871539193015,61.0702619289883,60.484069434721754,61.04742431640625,6242500
2016-05-20,61.23775092588286,61.28342615509486,60.74291464623194,60.918006896972656,6526800
2016-05-23,60.94083514875601,61.15399390953645,60.788574742383815,61.055023193359375,5620600
2016-05-24,61.13118346130626,61.953366788451085,61.13118346130626,61.64124298095703,6293300
2016-05-25,61.72496493850231,62.25024743254956,61.67167524176878,62.02947998046875,6049800
2016-05-26,62.02948626670325,62.12083672285195,61.73257985979421,61.83155059814453,4622300
2016-05-27,61.869612391416034,62.166518803312364,61.785876407920476,61.99142074584961,4322200
2016-05-31,62.10560199929692,62.28830868565885,61.466119884818916,61.69450759887695,6705000
2016-06-01,61.626001610466055,62.27309833040357,61.557488767070524,62.26548385620117,6184100
2016-06-02,62.067545122171296,62.38728332519531,61.91529049448607,62.38728332519531,5186300
2016-06-03,62.37207423560136,62.7983919356656,62.257880335043275,62.78316879272461,6306700
2016-06-06,62.72986780437851,63.057220496126305,62.60045078414245,63.011539459228516,5292300
2016-06-07,63.003923885788915,63.1028888066238,62.61566705950511,62.6689567565918,6327500
2016-06-08,62.70704529951983,62.99633149824783,62.440590912529125,62.920204162597656,4712600
2016-06-09,62.86689626700445,63.38457013112564,62.75270239248003,63.3160514831543,6144900
2016-06-10,63.01154118964334,63.44547329916589,62.889738640235656,63.33889389038086,6840800
2016-06-13,63.156172545811465,63.49113964340914,62.828819920833965,62.85927200317383,6167400
2016-06-14,62.84406249853977,63.46831580157123,62.630897875919935,63.453086853027344,6868600
2016-06-15,63.49112964247613,63.56725693226403,63.04958323031042,63.1485481262207,7082200
2016-06-16,62.935405358128534,63.651014841591135,62.92779669291738,63.49876022338867,6630100
2016-06-17,63.42262259538105,63.521593317500866,62.69179002533328,63.28559112548828,11741700
2016-06-20,63.58248487507358,63.71951633031009,63.20945706120656,63.217071533203125,6164300
2016-06-21,63.255143541238525,63.78043184787736,63.255143541238525,63.49876022338867,6594700
2016-06-22,63.567266186262216,63.76520181503777,63.40739711199222,63.62055587768555,4940100
2016-06-23,63.80325783806936,64.10777282714844,63.620551167878034,64.10777282714844,7361300
2016-06-24,62.889743372333605,63.81089736508286,62.417744663525944,62.623294830322266,12401100
2016-06-27,62.29591906506023,62.34159428161435,61.66405146473944,61.839149475097656,9601800
2016-06-28,61.99903151359774,62.79837701124887,61.62599780655221,62.77553939819336,9257100
2016-06-29,63.15619706608555,63.87942123413086,63.11813630448931,63.87942123413086,7927500
2016-06-30,63.87939751568684,64.55694038684445,63.81087887722569,64.45796966552734,10969300
2016-07-01,64.34378948212995,64.70159427155723,64.33618081590456,64.5417251586914,9531100
2016-07-05,64.31332640694013,65.43240990477692,64.29048298980251,65.04415893554688,11403100
2016-07-06,64.99086491687333,65.08982981864956,64.51125192731564,64.73202514648438,8356500
2016-07-07,64.88431094194468,64.8919196086549,64.35140805695997,64.57979583740234,7905700
2016-07-08,64.69397745605629,65.3943579979512,64.5341025551872,65.2953872680664,6827300
2016-07-11,65.17357199287189,65.43240595674115,64.64067512129382,65.2801513671875,6156800
2016-07-12,65.08221575425553,65.42479729296167,64.85383386992504,65.2801513671875,6649800
2016-07-13,65.32584509124452,65.58468493659136,65.02133582586039,65.38674926757812,7572100
2016-07-14,65.80546841423582,66.14804429493557,65.35630730436918,65.37153625488281,11342600
2016-07-15,65.66080270258499,65.83590073204063,65.3106124518148,65.47809600830078,8491300
2016-07-18,65.4857033827114,65.50854680117025,65.24209252575254,65.41719055175781,4781300
2016-07-19,65.21923419771737,65.60749087420938,65.13549244772616,65.5998764038086,6078200
2016-07-20,65.50781749988867,65.7763597426917,65.31600495711753,65.46178436279297,6289000
2016-07-21,65.23161195581996,65.50015421914833,65.12419739195049,65.41575622558594,5407000
2016-07-22,65.59990363572864,65.96818637209904,65.5615387775204,65.7686996459961,6165600
2016-07-25,65.6229096604305,65.83007049560547,65.33135668734317,65.83007049560547,5605300
2016-07-26,65.73800683352353,66.0449081284347,65.34670753617041,65.42343139648438,5379300
2016-07-27,65.4004258419364,65.44646484880535,64.69455684227985,64.80197143554688,7744700
2016-07-28,64.77126086458584,65.20092495962787,64.7559184361025,65.07048797607422,5911600
2016-07-29,65.13187248530228,65.82239887288134,65.06282277337178,65.6689453125,7520900
2016-08-01,65.55386958136364,66.42853448277323,65.5385212968306,66.29810333251953,10420600
2016-08-02,66.76611598760694,66.86586226914746,66.16766171298389,66.56663513183594,13083200
2016-08-03,66.37483380210831,66.53595568381301,65.56921853992878,65.96051788330078,8192100
2016-08-04,66.07561128940091,66.3901809320376,65.83009137795652,66.02190399169922,5564100
2016-08-05,66.04490520762081,66.32111577546,65.62291521407342,65.81472778320312,6729700
2016-08-08,65.68430397513609,65.90680728260905,65.31602122567773,65.79939270019531,5388200
2016-08-09,65.8761201505072,66.24439706635061,65.73801484365192,65.97586059570312,4158800
2016-08-10,66.18300788220365,66.61266614694486,65.98352117915032,66.22136688232422,5981400
2016-08-11,66.52059482379539,66.75077224195375,66.29042325929194,66.54361724853516,7387100
2016-08-12,66.68940672188263,67.09604851777787,66.58199212876526,66.78147888183594,8063400
2016-08-15,67.14973840108945,67.1881032545353,66.7430967106444,66.76611328125,6871200
2016-08-16,66.73542910175577,67.05767280082183,66.34412983651563,66.42852783203125,8071100
2016-08-17,66.32880102273542,66.8351891444671,65.96052407389108,66.72010040283203,6762100
2016-08-18,66.70476128025527,67.10372897025108,66.70476128025527,67.08838653564453,7082800
2016-08-19,66.90422656799312,67.06535428883134,66.78914370118794,66.9886245727539,6199900
2016-08-22,66.85821504045275,66.91192234688039,66.42855658903169,66.63571166992188,5921100
2016-08-23,66.85050975521416,67.13439444475337,66.78146004496809,67.05767059326172,5420100
2016-08-24,66.99629871509275,67.09603915087574,66.41318682410608,66.9886245727539,5713300
2016-08-25,66.98095802770024,67.4719977843699,66.7814712972858,67.4413070678711,10595500
2016-08-26,67.41830413063045,67.90166984253202,66.88122526374967,67.19580078125,16408200
2016-08-29,67.0500064759252,67.82493095524694,66.9962991864864,67.74820709228516,8934500
2016-08-30,67.30318246727961,67.7481889483969,67.1036957940798,67.16507720947266,11619400
2016-08-31,67.32621659179706,67.402940454219,66.77379541651027,66.9886245727539,11407800
2016-09-01,67.02698916320719,67.75587463378906,66.73543614570553,67.75587463378906,29793300
2016-09-02,67.88629032489288,68.18551739075771,67.5486984131875,67.67145538330078,17470400
2016-09-06,67.70982139091507,68.00904846191406,67.42593674632337,68.00904846191406,14472100
2016-09-07,67.75586294367045,67.83259264620317,67.29551399674645,67.47965240478516,17556400
2016-09-08,67.47966669073972,67.65613684880879,67.23414681015821,67.34923553466797,23465700
2016-09-09,66.82749929394193,66.88120658026101,66.16766357421875,66.16766357421875,21955000
2016-09-12,66.01420897099047,67.80957165807973,65.95282754912726,67.70983123779297,16105700
2016-09-13,67.17273323865844,67.44894367980032,66.7584175769456,66.78910827636719,19682700
2016-09-14,66.84285137438644,67.21112825759042,66.6510387904015,66.75845336914062,25397900
2016-09-15,66.55895290759128,67.72517060194924,66.55895290759128,67.56404876708984,13833600
2016-09-16,67.22650137210483,67.60245253654732,66.98098140806886,67.5564193725586,23518300
2016-09-19,67.45664425685335,68.24691112090072,66.94258796617373,67.80191040039062,19173900
2016-09-20,67.90167701977838,68.24693744282274,67.65615706583056,67.96305847167969,33986500
2016-09-21,67.9323418263857,68.12415440014881,66.32111737750651,67.36457824707031,55409800
2016-09-22,67.34156436352092,68.51546238093222,67.34156436352092,68.2776107788086,52692700
2016-09-23,68.00138918003061,68.2392407437167,67.12672434235918,67.3338851928711,48281400
2016-09-26,67.07302097395669,67.84794542929936,66.45155009344468,67.40293884277344,60276600
2016-09-27,67.56405020046995,68.13948784588477,67.25715480583892,67.79422760009766,65150800
2016-09-28,68.26992964094947,68.84536732693515,67.87863037545584,68.6382064819336,89806000
2016-09-29,68.40803916382238,68.49243131097359,67.16509157766409,67.69449615478516,74587500
2016-09-30,67.7482071258024,69.22132636855737,67.74053298340576,68.8607177734375,123735700
2016-10-03,68.55380509755734,68.63052894783179,67.83259388059207,68.02440643310547,26789500
2016-10-04,67.74054978828883,68.03977702577814,67.47968156498762,67.78658294677734,23317600
2016-10-05,67.88631763294244,68.28528526336696,67.67915674791634,68.17019653320312,64580300
2016-10-06,67.98604032773089,68.84536265446384,67.87862576859608,68.45406341552734,61462800
2016-10-07,68.29297484459045,69.09091613947724,67.74822764256969,69.05255126953125,20518800
2016-10-10,69.19830299988024,69.30571756826308,68.11647732075384,68.33130645751953,15492400
2016-10-11,68.1548611283702,68.37736446865445,67.67148958257259,67.93235778808594,11723100
2016-10-12,68.08579156174483,68.29295242559539,67.77122197535134,67.95536041259766,17118000
2016-10-13,67.55638250925487,67.95535003798821,67.21111640676682,67.70215606689453,11158100
2016-10-14,67.90166109078686,68.25459557593867,67.6868319131863,67.84795379638672,7369000
2016-10-17,67.84796819016874,68.0167642522806,67.29554684276896,67.38761901855469,7610600
2016-10-18,67.67915070645626,67.7251838529502,67.08837052971403,67.09603881835938,10749500
2016-10-19,66.99553757373864,67.12697575624856,66.05999761181762,66.13731384277344,12788800
2016-10-20,66.01361360484196,66.12185752508636,65.55744364079077,65.66568756103516,10175100
2016-10-21,65.26362994215229,65.61155593470096,65.13218585934801,65.20177459716797,13974100
2016-10-24,65.24814692690849,65.4878289555422,64.99299811645066,65.02392578125,10573200
2016-10-25,67.64501371413427,68.10118959061037,67.24296569824219,67.24296569824219,20761200
2016-10-26,67.19655532635139,67.83828526470512,67.09603893085601,67.57540893554688,8464100
2016-10-27,67.66045830503317,67.73004113349631,66.84088985486505,66.94140625,6598300
2016-10-28,67.16562571152393,67.44396881600535,66.84088815706272,67.14242553710938,7021100
2016-10-31,67.27389237203207,67.62955181508777,67.02647685082587,67.11152648925781,8207100
2016-11-01,66.94142256683078,67.25842091629079,66.86410632785402,67.15017700195312,8564500
2016-11-02,67.08831879253836,67.58315567837622,66.92595292795043,67.06512451171875,7773200
2016-11-03,67.11149408679998,67.25066561896253,66.85634529469391,66.95685577392578,6899900
2016-11-04,67.02644181924309,67.05736948058583,65.77389807967882,65.78163146972656,9378100
2016-11-07,66.50841162387934,66.93365959863205,66.18368002434909,66.9259262084961,8878500
2016-11-08,67.08830371990211,67.79962826537825,66.94913216740127,67.62179565429688,7674600
2016-11-09,65.92081003365918,66.9104717068846,65.18629127076456,66.43883514404297,11972500
2016-11-10,66.11412896195898,66.26102805200266,63.53945740305572,64.14253234863281,22095000
2016-11-11,63.918296004321235,64.99300744016531,63.90283511912804,64.62188720703125,8905700
2016-11-14,64.60642223905054,64.77652147520581,63.98788653349038,64.17344665527344,12862500
2016-11-15,65.39506315934804,65.39506315934804,64.08066372308656,64.65281677246094,9464000
2016-11-16,64.93115114811891,65.10124446269243,64.30487623516746,64.32034301757812,8542900
2016-11-17,64.3821867385818,64.56001932743217,64.11931044941443,64.22755432128906,9083700
2016-11-18,64.11158722518694,64.25075878235852,63.39253516294198,63.4002685546875,14565500
2016-11-21,63.40027253113289,63.98015307257618,63.176051347246165,63.895103454589844,11482100
2016-11-22,64.18117420320782,64.31261236505004,63.91056448798871,63.98788070678711,7426500
2016-11-23,63.85644809612579,64.11933036579676,63.80232614337742,63.9260368347168,7693300
2016-11-25,64.16568304352501,64.5290756225586,64.13475538798522,64.5290756225586,3882900
2016-11-28,64.27394286670716,64.45177545555755,63.987872304830745,64.22755432128906,6990100
2016-11-29,64.49817545258495,64.54456990508895,63.933761720291436,64.08839416503906,6183100
2016-11-30,63.80232804485213,64.0420160417529,63.60130701371035,63.75593948364258,12115500
2016-12-01,63.56263625030051,63.647685865444075,62.76626794381957,63.29202651977539,12516900
2016-12-02,63.670880259719,63.92602910561939,63.45439247490039,63.70954132080078,9079400
2016-12-05,63.833268153318315,64.23532209162315,63.771418692607526,64.16573333740234,8597500
2016-12-06,64.35900188373796,64.36673527538883,63.87190438902353,64.1038589477539,7327200
2016-12-07,63.972405010819394,65.16309349074123,63.94921073829633,65.08577728271484,8567700
2016-12-08,64.7842492408253,65.08578662460246,64.56002807617188,64.56002807617188,7522800
2016-12-09,64.57548632099584,65.25588317871272,64.53683116243866,65.2326889038086,8004500
2016-12-12,65.10897861211373,65.85895829883871,65.10897861211373,65.82029724121094,7494100
2016-12-13,65.46466536343956,65.99815750827798,65.3564214353349,65.8589859008789,11795900
2016-12-14,65.94400752883156,66.29193345009195,65.0780505730324,65.2326889038086,12292200
2016-12-15,65.06260785321992,65.5651722455598,64.64509309183835,65.4723892211914,8768100
2016-12-16,65.64248848310805,65.8125877450247,65.06260785321992,65.4723892211914,21172400
2016-12-19,65.5265102549205,65.70434290774381,65.19404512917748,65.4955825805664,6431200
2016-12-20,65.38732147216797,65.49556535451256,65.09351749135392,65.38732147216797,7485400
2016-12-21,65.09353361298703,65.5110483620855,65.03941165841042,65.16311645507812,6099300
2016-12-22,64.94662007078979,65.41825671225948,64.84610956807572,65.31001281738281,7864800
2016-12-23,65.4723702702135,65.858957244908,65.37185978037861,65.68885803222656,5284200
2016-12-27,65.6424693755199,65.67339704130674,65.27134328492664,65.41051483154297,3782600
2016-12-28,65.2558965546073,65.43372329788868,64.90796466318005,65.00074768066406,4298800
2016-12-29,65.13217451127122,65.32546800653164,65.02393062583334,65.21722412109375,3718300
2016-12-30,65.07805909114438,65.29454688371811,64.8847655765107,65.00847625732422,6209800
2017-01-03,64.85382664561179,65.24814699867588,64.56002267796832,65.10124206542969,8792700
2017-01-04,65.29453749045834,65.41051476232407,65.13217166938595,65.33319854736328,8096700
2017-01-05,65.26362353894913,66.0522584641477,65.24042336271847,65.76618194580078,6852400
2017-01-06,65.67340575331154,65.91308782139375,65.42599029304446,65.74298858642578,4799900
2017-01-09,64.9930076526365,65.45691679384528,64.75332558883512,65.25588989257812,11000600
2017-01-10,65.20947313815283,65.2790618450754,64.35898316821216,64.55227661132812,10918200
2017-01-11,64.47498328727461,64.75332641601562,64.3899336702232,64.75332641601562,9572300
2017-01-12,64.7223883783543,64.85382652952408,64.45951207601472,64.8228988647461,6545400
2017-01-13,64.83063503870238,64.96207319551455,64.51363678410546,64.954345703125,6762800
2017-01-17,64.86929279929926,66.1682252154774,64.8538260176079,65.88214874267578,13145100
2017-01-18,66.08477387145125,66.474424646765,65.92111531369237,66.18608093261719,10520400
2017-01-19,65.95229269236715,66.24063642664008,65.67953831973028,66.00684356689453,14074500
2017-01-20,67.71353338237591,68.56297544180903,67.34726058261306,68.14994049072266,22944400
2017-01-23,67.86935819221033,68.07197822730716,67.68232751513528,67.76805114746094,9408900
2017-01-24,67.97070683614183,68.53959384478378,67.97070683614183,68.4694595336914,8704700
2017-01-25,68.45383897501054,68.50060110669843,67.84598477345406,67.92391967773438,8082900
2017-01-26,67.89277382813795,67.97849750036141,67.47973888669723,67.48753356933594,6542300
2017-01-27,67.37061704993587,67.6823388610484,67.03551714346973,67.5810317993164,9332300
2017-01-30,67.62780925504842,67.6901548259948,67.409605702337,67.60443115234375,7350000
2017-01-31,67.5109143589073,68.31360022582331,67.4329853662206,68.26683807373047,9712400
2017-02-01,67.82261127628291,68.2590182309525,67.60440779894812,68.05640411376953,8291000
2017-02-02,68.27460596441293,68.85128741871488,67.9940569443528,68.3915023803711,8997200
2017-02-03,68.67204722305655,68.71100872894009,68.1031545376523,68.11874389648438,7161900
2017-02-06,68.18889088595513,68.41488906636337,67.90054714979301,68.1109619140625,7483000
2017-02-07,68.29799050136444,68.79674304061025,68.17330533935262,68.58633422851562,6646100
2017-02-08,68.63308854662945,68.8434973529776,68.43046847509484,68.83570861816406,6815800
2017-02-09,68.83571777694243,69.18640114938174,68.60192489824964,69.10067749023438,9914100
2017-02-10,69.01496863963668,69.14745447031004,68.55518341064453,68.55518341064453,11057600
2017-02-13,68.6097129511213,68.85908922302073,68.2979911248472,68.82012176513672,6905100
2017-02-14,68.57856131468031,68.7500086692632,67.97850151924136,68.4694595336914,20123400
2017-02-15,69.98908988885103,71.03335734979322,69.98908988885103,71.00997924804688,25847700
2017-02-16,70.85411470573354,71.0099786253435,70.55798217687547,70.7528076171875,12408500
2017-02-17,70.61251086733762,71.19698700456053,70.48781977084268,70.986572265625,12152400
2017-02-21,70.58913232178921,71.53988111688838,70.58913232178921,71.43856811523438,9018700
2017-02-22,71.26713474410337,71.53989508279014,71.11127678965366,71.25934600830078,6749900
2017-02-23,71.39182865963522,71.53989788408029,70.84631985210088,71.01776123046875,7611600
2017-02-24,70.89307588543855,71.18141370634699,70.65928299955597,70.9554214477539,6643400
2017-02-27,70.55016995419383,70.84630835502607,70.18389726617445,70.83071899414062,11840300
2017-02-28,70.83852081849574,71.53209880786585,70.64369540697379,70.97100067138672,10535600
2017-03-01,70.95541926894967,71.61002981635987,70.69045361004562,71.43079376220703,8792200
2017-03-02,71.22817727798926,71.37624055945471,70.8229370604202,70.84632110595703,7031200
2017-03-03,70.84631860578041,70.84631860578041,70.05142756238533,70.52680206298828,8334900
2017-03-06,70.05142392981942,70.53459308693782,69.81763105962672,70.42549133300781,9533800
2017-03-07,70.24623987216256,70.51899422022643,70.183894322434,70.3631362915039,5363000
2017-03-08,70.15272038545244,70.40989131462342,69.95010627058933,70.2462387084961,5503700
2017-03-09,70.2462340641444,70.51898838965671,70.21506129185751,70.40209197998047,5587400
2017-03-10,70.7605918430069,71.04114091124646,70.64369540697379,70.97100067138672,6797800
2017-03-13,70.9631946391728,71.29829453121329,70.79954203314354,71.15802001953125,7397500
2017-03-14,71.11907059525761,71.37623562237279,70.77617596497102,70.91645050048828,6686400
2017-03-15,70.91644285579419,71.52429712897656,70.70603404799995,71.22816467285156,7855300
2017-03-16,71.25934600830078,71.47754952277032,70.99438035101645,71.25934600830078,6601200
2017-03-17,71.26713386648156,71.6957521543398,70.85410494123622,70.91645050048828,37010100
2017-03-20,70.88524772777998,71.23593689098887,70.86966431736053,71.0878677368164,7772900
2017-03-21,71.1502301724267,71.50091347334806,70.93981543539495,71.06450653076172,8211000
2017-03-22,71.1580142292308,71.53987622449145,70.72160731533096,70.90863800048828,7798000
2017-03-23,70.84630556107444,71.27491783893515,70.60471804167047,70.73719787597656,6831400
2017-03-24,70.73720254389036,70.85409897123863,70.30079555709605,70.58134460449219,9252000
2017-03-27,70.48782441620469,70.6982391690072,70.27741560900131,70.51899719238281,10072000
2017-03-28,70.26963243105727,70.96321046415521,70.23845964977646,70.72942352294922,11855800
2017-03-29,70.5735177889525,70.8151052142945,70.44103800622736,70.60469055175781,4252800
2017-03-30,70.5267921169236,70.58134298902434,70.21507029966268,70.29299926757812,3691900
2017-03-31,70.1605076512395,70.40208919490807,70.0124384751339,70.02023315429688,6942400
2017-04-03,70.02803849535044,70.1838964287505,69.70852200260158,69.88776397705078,6967400
2017-04-04,69.94231786359312,70.10597048439814,69.68514691135697,70.06700897216797,5680800
2017-04-05,70.13714762916378,70.5267984493258,69.95011690025392,70.11376953125,6320100
2017-04-06,69.95790873737097,69.98908151783792,69.59943068040094,69.66957092285156,7231500
2017-04-07,69.71630723258123,69.83320363958494,69.49810377716003,69.53707122802734,4739100
2017-04-10,69.4591740546102,69.88779246457148,69.16304148220154,69.7397232055664,5956000
2017-04-11,69.87218334836416,69.99686851093668,69.58383961991633,69.98128509521484,5186000
2017-04-12,69.90335628728593,70.46445443188378,69.79425453090299,70.37873077392578,6286300
2017-04-13,70.17610419146433,70.5579602711551,69.97348413167794,70.16051483154297,5040100
2017-04-17,70.31638539339966,70.59692849709165,70.23845047757483,70.44107055664062,6931700
2017-04-18,70.44886016615244,71.01774695888736,70.4020980309038,70.76058197021484,7087800
2017-04-19,70.75274195658538,71.02758493265713,70.28158171315843,70.360107421875,6919000
2017-04-20,70.4386322656479,70.4386322656479,70.13237781162461,70.14808654785156,6983500
2017-04-21,70.02243236215422,70.10881242782995,69.58268365771544,69.59053802490234,9061200
2017-04-24,69.98316543742962,70.40721135577607,69.89678538048166,70.32083129882812,8338500
2017-04-25,70.34441324207,70.8705421447754,70.25803315462545,70.67422485351562,9088400
2017-04-26,70.55640037175722,70.67419188979864,68.79739994001514,68.89948272705078,11951300
2017-04-27,68.77386467638794,69.29213913279231,68.49902170775476,68.86024475097656,8517500
2017-04-28,68.72672691432336,68.7816954940171,68.43618127499612,68.57752990722656,8295400
2017-05-01,68.61679731336807,68.78955743747174,68.38122022778474,68.38906860351562,4546600
2017-05-02,68.54613206468538,68.54613206468538,67.54883707476934,67.70589447021484,13197500
2017-05-03,67.76871339599316,68.0278475985868,67.45460461491942,67.87079620361328,6122000
2017-05-04,68.20060627192738,68.50686067937716,67.76871194940604,67.8864974975586,5986200
2017-05-05,67.95719273483132,68.01216133550412,67.6352295086563,67.92578125,4506200
2017-05-08,67.79227434593113,68.02000307533014,67.72159702040115,67.96503448486328,4634600
2017-05-09,68.1613530677007,68.17705581194375,67.70589559999925,67.84724426269531,9577600
2017-05-10,67.91005171068389,68.15348313317585,67.8393743999156,67.91790008544922,6178500
2017-05-11,68.01213090519566,68.02783364502146,67.43888204798384,67.66661071777344,6064700
2017-05-12,67.72159475399219,67.78441770988815,67.47030892153519,67.68233489990234,5892400
2017-05-15,68.0435603164431,68.09067453946818,67.72945151697954,67.79227447509766,5820700
2017-05-16,68.22416743657075,68.31840187182033,67.68233590948468,67.72159576416016,6554500
2017-05-17,67.72160358030978,68.02785804130889,67.47817208339447,67.73731231689453,7805800
2017-05-18,67.67449229852694,67.70590378193613,67.15621180896726,67.43106079101562,6985600
2017-05-19,67.5331328847879,67.83153294305454,67.27399268119675,67.72159576416016,7320700
2017-05-22,67.72944003818857,67.84723156691497,67.55667992820665,67.69802856445312,4260000
2017-05-23,67.75300629377593,67.95717790506072,67.51742919564133,67.59595489501953,4394200
2017-05-24,67.8865153961788,68.04357282033546,67.69805247831896,67.92578125,4878800
2017-05-25,67.98858361073522,68.30269237270669,67.96502650203446,68.20845794677734,4368000
2017-05-26,68.26341607041569,68.61678462903106,68.17703602433185,68.51470184326172,4337000
2017-05-30,68.5147233999724,68.7974207322596,68.39693184633151,68.63251495361328,4594500
2017-05-31,68.84451258552754,69.37849559619924,68.67175249514473,69.17432403564453,10146600
2017-06-01,69.11937706891749,69.21361150889304,68.60895699464977,69.20575714111328,6251300
2017-06-02,69.41779664329007,69.63767105489752,69.11154214267565,69.5669937133789,6136400
2017-06-05,69.33926198578945,69.70048504274423,69.10367886593183,69.68477630615234,4115300
2017-06-06,69.70047633924897,69.8653821061065,69.45703888149342,69.73188781738281,6503000
2017-06-07,69.63764928937415,69.80255504653779,69.41777494648932,69.70832061767578,4781600
2017-06-08,69.70832400707911,69.7318871087852,68.60109787196514,68.98587799072266,7712100
2017-06-09,68.98589445682742,69.2685918335089,68.75031730367834,69.22933197021484,9696900
2017-06-12,69.22931255472254,69.62194702431749,69.17433797749777,69.29212951660156,7867700
2017-06-13,69.38635514304568,69.41776661556328,68.9230434123183,69.15077209472656,6419300
2017-06-14,69.48844808545917,69.69261969108372,69.15078219547983,69.44918823242188,6183900
2017-06-15,69.28427771085943,70.37580100300673,69.28427771085943,70.18733215332031,7047500
2017-06-16,70.4543407887834,70.49360064697709,69.73974307080543,70.4072265625,13855000
2017-06-19,70.36008319547747,70.56425476074219,70.04597447763763,70.56425476074219,5246200
2017-06-20,70.49359654514224,70.83911682745547,70.36795661865469,70.38365936279297,5674200
2017-06-21,70.37579354560846,70.6349277019971,70.1166533980942,70.20303344726562,4164500
2017-06-22,70.10093840770007,70.21088154411375,69.81039280563382,69.9124755859375,4536700
2017-06-23,69.91248038813862,70.51714071988431,69.81039760082302,70.21873474121094,8782100
2017-06-26,70.38366613563207,70.42293198644688,70.10096878492294,70.17164611816406,4373300
2017-06-27,70.17163913477405,70.17163913477405,69.58268737792969,69.58268737792969,5180400
2017-06-28,69.95176636446492,70.05384918117122,69.3078460019568,69.39422607421875,4875000
2017-06-29,69.11937296561031,69.27643035624577,68.26343265337279,68.310546875,8123500
2017-06-30,68.35766205017323,68.68747355951213,68.31839620762634,68.43618774414062,6070300
2017-07-03,68.63249421120733,69.10365429224755,68.45973411689664,68.89948272705078,3607400
2017-07-05,68.9937235716847,69.10366073447219,68.70317193224574,68.84452056884766,4974300
2017-07-06,68.82884505464217,69.06442221475035,68.60111627274772,68.60897064208984,6038900
2017-07-07,68.86022311650096,68.96230590388457,68.53826003216533,68.82881164550781,5142200
2017-07-10,68.81311454691743,69.00158340473591,68.23201721312674,68.38906860351562,5356400
2017-07-11,68.49899285926772,68.67174694456185,67.77654108595873,68.13776397705078,5838600
2017-07-12,68.50686165253104,68.6874761474749,68.18490449779632,68.2869873046875,4374200
2017-07-13,68.1377933012644,68.35767366932443,67.92577329240153,68.08282470703125,5448900
2017-07-14,68.28699731923287,68.54613754910665,68.10638878892874,68.39693450927734,4577700
2017-07-17,68.37336582209038,69.03299484182735,68.11422563608205,68.75029754638672,5227800
2017-07-18,68.79739817663132,69.70045847030146,68.67960666160907,69.6062240600586,7492300
2017-07-19,69.54292294952225,69.97029566930574,69.3292335705661,69.92280578613281,6008500
2017-07-20,69.89905195515931,70.6825654555469,69.89113596962429,70.12065124511719,7285000
2017-07-21,69.77245245828414,70.18399328802224,69.49544720416402,70.12859344482422,5714800
2017-07-24,70.08112318091908,70.12069105480244,69.6220923693273,69.78829193115234,6202000
2017-07-25,70.1760466083323,70.59550324311682,70.07316295542601,70.54801940917969,6766700
2017-07-26,70.43722845379602,70.76962740858454,70.33434478820763,70.6746597290039,6987000
2017-07-27,71.45819619861484,71.82225317608884,70.43725104872624,71.76685333251953,11089200
2017-07-28,71.67187376812173,72.02010477837247,71.19701714204409,71.3948745727539,6137500
2017-07-31,71.39487478448828,72.07550483119894,71.39487478448828,71.87764739990234,7835700
2017-08-01,72.04383570405305,72.59784004833098,71.7984944596339,72.09923553466797,8662100
2017-08-02,71.99637322423486,72.25754651954628,71.64814216381966,72.05177307128906,7167700
2017-08-03,71.90930938720703,72.6136813994758,71.87765147183057,71.90930938720703,6413200
2017-08-04,71.77475073520152,72.08340778918036,71.64811910375968,71.75891876220703,5824400
2017-08-07,71.75895793450277,72.46333016405234,71.6402422247528,72.36836242675781,5011300
2017-08-08,72.33668363237717,72.76405644130033,72.2021420179375,72.47914123535156,5623400
2017-08-09,72.43164923831236,72.76405432768377,72.43164923831236,72.74822235107422,5572800
2017-08-10,72.70074004367412,72.81153972977772,72.56619843028116,72.60576629638672,6338200
2017-08-11,72.76403185306042,72.8748315025849,72.24960145848073,72.28916931152344,7094200
2017-08-14,72.44748051292378,72.77196357271634,72.21796515934862,72.53453826904297,5398400
2017-08-15,72.74029359810247,73.09643448406874,72.71654563932681,72.96980285644531,5293400
2017-08-16,73.04103624813807,73.56337662814603,72.96189449821304,73.15975189208984,7965500
2017-08-17,73.12810899264954,73.34179236511442,72.86693572998047,72.86693572998047,5711400
2017-08-18,72.79568817358339,73.4288281516356,72.69279847403057,73.18348693847656,6815000
2017-08-21,73.11226050782109,73.57129110132455,73.09643457341299,73.49214935302734,4334300
2017-08-22,73.5317260437829,73.5712939003727,73.27846277859099,73.43675231933594,4731500
2017-08-23,73.20723573441917,73.33386736480199,73.03312026170703,73.15975189208984,3631900
2017-08-24,73.15976278577415,73.2626464721835,72.84318970080699,73.02521514892578,5173700
2017-08-25,73.32596386095294,73.49216337552687,73.13602242117265,73.21516418457031,4933000
2017-08-28,73.22305479065787,73.37342832807943,72.79568817358339,73.18348693847656,5386500
2017-08-29,73.19141282458118,73.35761231773107,73.00146537115668,73.06478118896484,3676300
2017-08-30,72.87482525349198,72.87482525349198,72.54242633342209,72.70862579345703,4709600
2017-08-31,72.72447403917813,73.12018888585474,72.68490013925872,73.02521514892578,5864400
2017-09-01,73.14392980071086,73.33387727194632,73.01730419134985,73.23098754882812,4960700
2017-09-05,72.95399015150294,73.39718885229769,72.84319047630424,73.38136291503906,6532100
2017-09-06,73.43676275263842,73.53173649057848,73.0964477393483,73.38136291503906,6747200
2017-09-07,73.39719213648134,73.88788074726688,73.0727090840602,73.5792236328125,7735400
2017-09-08,73.41303907405391,73.72169625141221,73.21518159943291,73.47634887695312,6070100
2017-09-11,73.67420935228567,74.54478710658101,73.52384177137836,74.3864974975586,10177300
2017-09-12,74.1727760136812,74.3785493807588,73.76914526544807,74.00657653808594,5804000
2017-09-13,73.99869513299286,74.21237854772231,73.95912122301698,74.03826904296875,5369300
2017-09-14,73.78501171826343,74.11741082478963,73.74543780828753,74.03826904296875,5492300
2017-09-15,74.25193149555477,74.25193149555477,73.46050182451364,73.81664276123047,12428800
2017-09-18,73.73749799410393,73.99867122404562,73.49215673828964,73.72167205810547,6177700
2017-09-19,73.87204258802429,74.75053000582739,73.87204258802429,74.5289306640625,6587200
2017-09-20,74.52893652217513,74.92465138875326,74.25985331120424,74.71096801757812,5941500
2017-09-21,74.51307608670722,74.79007515744273,73.16764254036386,73.3180160522461,9376700
2017-09-22,73.24681212645193,73.6029530323246,72.87483924717722,73.00146484375,6837700
2017-09-25,73.15184757694766,73.67418804029441,73.07270581439566,73.38136291503906,6436200
2017-09-26,73.46049984325046,73.4842417666407,72.96981128671254,73.32595825195312,4885200
2017-09-27,73.22304420946739,73.22304420946739,71.49772790472993,71.91719055175781,9631200
2017-09-28,71.90930250886488,72.11507592006403,71.72727102239462,71.93304443359375,4999800
2017-09-29,71.99637173084574,72.36042872366906,71.78268229797597,72.00428771972656,6634500
2017-10-02,72.22586895383832,73.12809823936138,72.21003698005507,72.6294937133789,7302400
2017-10-03,72.7798625111607,73.08060357394577,72.46328947562837,72.906494140625,5909900
2017-10-04,72.90651085474292,73.44468332708759,72.82736304911855,73.14393615722656,6140700
2017-10-05,73.1993153421321,73.32594696489298,72.7640327246798,72.83525848388672,6912800
2017-10-06,72.81151966661703,73.08851880554914,72.71654594549958,73.07269287109375,5241900
2017-10-09,73.1280934540591,73.3022089255083,72.75612059016825,72.906494140625,5149000
2017-10-10,73.1043755953554,73.63463213248203,71.11788503071237,72.51080322265625,17125600
2017-10-11,72.09133932542488,72.5978599647422,72.07551338581982,72.38417053222656,7115400
2017-10-12,72.34457305126597,73.05685476641152,72.32874108001108,72.93022918701172,5984900
2017-10-13,73.3655390278007,74.00660126284322,73.27848126795702,73.63462829589844,6956700
2017-10-16,73.57920354774214,73.89577656382914,73.37343018156636,73.7137451171875,4159100
2017-10-17,73.63462834847475,73.67419621507644,73.1281137661845,73.44468688964844,5316100
2017-10-18,73.4288525727928,73.5633941835857,72.81945431099972,73.42093658447266,7399700
2017-10-19,73.11792250453358,73.34915767545446,72.67140277220363,73.03021240234375,8585000
2017-10-20,71.5391475773646,71.73051229382538,69.84076670822938,70.36702728271484,19997800
2017-10-23,70.67004270368247,70.85343825327288,69.26669292583345,69.60955810546875,13358200
2017-10-24,69.66536299729599,69.70522735734693,69.19491731504067,69.3543930053711,11519000
2017-10-25,69.29060027609704,69.45804518248416,68.7962347786384,69.25870513916016,9024300
2017-10-26,69.52184795846897,69.98431231878033,69.45008236661154,69.76902770996094,6233800
2017-10-27,69.79293408555942,69.79293408555942,68.93178364961412,69.40222930908203,7433800
2017-10-30,69.29859290756995,69.43414271091106,68.70057262807782,68.78827667236328,5387100
2017-10-31,68.96369859822495,68.97167390549023,68.34973377309318,68.8440933227539,7119000
2017-11-01,68.83610355147744,69.48196332950592,68.66068334426595,69.28262329101562,4884100
2017-11-02,69.19496000351104,69.40227548715204,68.75641527214582,68.97967529296875,5021200
2017-11-03,69.19493106442354,69.49793189457138,68.9397759925698,69.03546142578125,5106500
2017-11-06,69.01151111968763,69.08327060038177,68.59688050887456,68.61283111572266,5186700
2017-11-07,68.60487246925697,69.37033753271636,68.11050695429597,69.3543930053711,6875100
2017-11-08,69.3623637556215,69.84875397593876,69.21086945068916,69.83280944824219,6910000
2017-11-09,69.64940632319723,70.30324138819303,69.60954196661672,69.99227142333984,5280000
2017-11-10,70.15971698005139,70.47866225256637,69.9922720807404,70.29527282714844,7227300
2017-11-13,70.70192704861984,71.29197797310026,70.67003191080667,70.96505737304688,6873500
2017-11-14,70.75775893421667,71.00494479051684,70.54247430673145,70.86141967773438,5035500
2017-11-15,70.74975421162128,70.91719907862235,70.16767874534469,70.35107421875,6688100
2017-11-16,71.63485315326778,71.6826989124529,70.7816777955519,71.16441345214844,7205100
2017-11-17,70.92518368789871,71.03681362345436,70.23148424314209,70.51055908203125,5941800
2017-11-20,70.51056089538163,70.61421552867041,69.93646059297367,70.38298034667969,4926200
2017-11-21,70.3112307428884,71.13251086973577,70.18365017623672,70.74180603027344,6196400
2017-11-22,70.56638169083548,70.89330231134453,70.21554123631375,70.43083190917969,6006900
2017-11-24,70.63814209506495,70.93316757953319,70.5025923116779,70.5265121459961,2196700
2017-11-27,70.43083174071378,71.04479645128235,70.2873066536051,70.93316650390625,6199700
2017-11-28,71.34779448843348,71.37968354356168,70.89329941066103,71.28400421142578,4841300
2017-11-29,71.28400938895375,71.61092393645538,70.98898389889648,71.26805877685547,5158900
2017-11-30,71.24413785839867,72.05744872850921,71.13250790891307,71.75444793701172,9789900
2017-12-01,71.90594391314131,72.18501876970231,71.06074403802073,72.04946899414062,7953200
2017-12-04,73.16576304527699,73.28536827460765,71.62685783910493,72.88668823242188,9003700
2017-12-05,72.97439483529774,73.22954982801863,72.61558521794412,72.87871551513672,8683000
2017-12-06,72.87075470717089,73.18172472630665,72.61559966369086,72.75912475585938,6737400
2017-12-07,72.59967445405765,72.61561898704103,71.67473337320143,71.84217834472656,7273600
2017-12-08,71.77837598120443,72.05745697021484,71.42754156414063,72.05745697021484,5883400
2017-12-11,71.9458236694336,72.02555848400374,71.56308804276993,71.9458236694336,4856000
2017-12-12,72.12122955212898,72.16907530208184,71.6188948029419,71.64281463623047,6558900
2017-12-13,71.77836577959542,72.8867021045197,71.7385014178145,72.46409606933594,7141000
2017-12-14,72.51192139335244,72.90262609564734,72.48002626288716,72.55976104736328,5853500
2017-12-15,73.01426943122884,73.57241910852846,72.94250993702256,73.26942443847656,15924000
2017-12-18,73.34120024421388,74.26613499321245,73.20564437507203,73.26145935058594,7405700
2017-12-19,73.35712947693294,73.46078410030933,73.02223969367864,73.10197448730469,5644400
2017-12-20,73.19766675332293,73.33321652353501,72.83885102329785,72.98237609863281,6938500
2017-12-21,73.08604780586268,73.42093767088022,72.98238707380274,73.0940170288086,4860400
2017-12-22,73.26146771022917,73.70001834172022,73.13389321594427,73.46080780029297,4919400
2017-12-26,73.63621507153711,73.97110490379602,73.47674546094973,73.73987579345703,3431900
2017-12-27,73.7478214008978,73.95513669497771,73.30130176753227,73.43685150146484,4276700
2017-12-28,73.5963288222793,73.78769351474548,73.28535891575656,73.41293334960938,3005400
2017-12-29,73.54850953419351,73.72392976677325,73.26145935058594,73.26145935058594,4346700
2018-01-02,73.29333768731752,73.30131299152701,72.20095826222824,72.28069305419922,7558900
2018-01-03,72.34448590318233,72.63152994784785,72.17703492567966,72.19298553466797,5863600
2018-01-04,72.42423323361854,73.17374773467684,72.24881300463383,72.70330810546875,6322500
2018-01-05,72.77504897851512,72.79897489001401,72.2168993776955,72.75112915039062,5949700
2018-01-08,72.50397287284095,73.1737526099058,72.50397287284095,73.1338882446289,4860700
2018-01-09,72.93455266996506,73.07807777724888,72.56776763654568,72.59966278076172,6630100
2018-01-10,72.48803993932374,72.48803993932374,71.77041433240107,72.13719940185547,6564700
2018-01-11,72.08135143075918,72.17703074564825,71.69861592107925,71.88201141357422,5469700
2018-01-12,71.8022946274948,72.03352375203949,71.24413878939697,71.45145416259766,8111000
2018-01-16,71.87407591010428,72.37641084156557,71.47539565496352,71.9378662109375,9465300
2018-01-17,72.20894345847483,73.14185958939396,72.1052888143176,72.71925354003906,8345500
2018-01-18,72.50232882595947,72.83174173635179,72.04436887158059,72.4541244506836,7699800
2018-01-19,72.53446434461732,73.32183717926789,72.50232605241195,73.16918182373047,9364000
2018-01-22,73.01652034695535,73.8520974849883,72.92814158323779,73.82799530029297,8658000
2018-01-23,72.16488706167398,72.47822776534493,71.1846905508047,71.5462417602539,18756300
2018-01-24,71.55425448912376,71.63460326946945,70.46157727773674,70.95167541503906,15141900
2018-01-25,71.24894903652601,71.54622358257785,70.7106465418319,70.97577667236328,11264400
2018-01-26,70.83923449107348,70.83923449107348,70.0840057932017,70.48572540283203,11503100
2018-01-29,70.45354538661783,70.49371364594646,69.65010664303136,69.78668975830078,11685800
2018-01-30,69.754541086475,70.25267524003642,69.60188578640371,69.8589859008789,9662900
2018-01-31,69.74653667817401,70.22860497540826,69.16002964882698,69.3689193725586,11798100
2018-02-01,69.21628444258896,69.49748692094249,68.74225215357504,68.97525024414062,8606300
2018-02-02,68.74223853583041,68.7824129375314,67.65759711718748,67.68973541259766,12846300
2018-02-05,67.480830964435,67.7861416670775,64.355454158373,65.12675476074219,17462200
2018-02-06,64.70092581752134,66.2435268479667,64.37151909579939,66.18728637695312,19955500
2018-02-07,66.12302049657566,66.99876590992889,65.73736714746236,65.75343322753906,11851800
2018-02-08,65.90608852091906,66.05874386541323,64.39562567504954,64.45186614990234,14596100
2018-02-09,65.06248002799407,65.10264829218472,63.142255559024164,64.21083068847656,18838800
2018-02-12,64.76520439867882,65.61684759461758,64.74110221460536,65.34368133544922,10769000
2018-02-13,65.19906039990876,65.74539903374074,65.0062368026009,65.48026275634766,9278700
2018-02-14,65.12675384839844,65.28744530273612,64.49203639570706,64.82144927978516,9412000
2018-02-15,65.05444891201974,66.2114028930664,64.67683164710853,66.2114028930664,8910700
2018-02-16,66.05071873204938,66.88629601848125,65.9864421416116,66.36405944824219,10371700
2018-02-20,66.03465845303502,66.05876064412924,65.13480449707814,65.35173034667969,7087700
2018-02-21,65.32761300639335,65.72933244414955,64.42776538886083,64.46793365478516,9134500
2018-02-22,64.65275126530581,65.30353503424892,64.41171706138013,64.95001983642578,10277700
2018-02-23,65.08659034447624,65.17496911839054,64.66076868639063,65.11872863769531,10321800
2018-02-26,65.44012038387774,65.63295020528864,65.11874960770217,65.5847396850586,9422200
2018-02-27,65.7936103947783,65.88198916330437,64.68486693020424,64.70896911621094,8919600
2018-02-28,64.82143675763547,64.90981550801021,63.069940087096754,63.08600616455078,16862000
2018-03-01,62.98961621392095,63.69664029789122,62.5878967305793,63.23064422607422,13504200
2018-03-02,63.053900310041165,64.00195864880013,63.00568979806794,63.87340545654297,9317700
2018-03-05,63.696619973838736,64.58843743268001,63.592175148206756,64.50809478759766,8177000
2018-03-06,64.60452264174656,64.61255261704527,63.76894547927114,64.29117584228516,9085300
2018-03-07,63.89750349606314,63.98588227755933,63.391339126382995,63.60023498535156,9089500
2018-03-08,63.60825353552436,64.26707316030353,63.487736479701525,64.25100708007812,7951700
2018-03-09,64.41971603908179,64.87767585877724,64.19475418095081,64.50809478759766,7662200
2018-03-12,64.4598874307541,64.77322802283857,64.08227027369058,64.16261291503906,7182000
2018-03-13,64.27513288276648,64.42778828488446,63.760932310084705,64.0501708984375,9620200
2018-03-14,64.02603915549484,64.14655007022917,63.359183488457894,63.47166442871094,8898100
2018-03-15,63.54397052833453,63.58414491946297,63.10208287467905,63.20652770996094,6996900
2018-03-16,63.4154286965032,63.785009832054264,63.343116012508446,63.447566986083984,17715400
2018-03-19,63.4475733232463,63.929635455602636,62.88516239403677,63.198509216308594,8368200
2018-03-20,63.262757152122795,63.55199555452522,62.636075990167676,62.91727828979492,8465500
2018-03-21,62.70840952663923,62.86105875167087,61.76838134109024,61.896934509277344,9822800
2018-03-22,61.72821666468825,62.28258537792905,61.358635479276785,61.39077377319336,10481600
2018-03-23,61.6960797259817,62.00942043636016,60.90870683211214,60.98905563354492,11728300
2018-03-26,61.51932081910688,61.76035495860483,61.077426939944914,61.39077377319336,12937000
2018-03-27,61.48715448793874,63.02172514151123,61.3023670443698,62.499488830566406,11288200
2018-03-28,62.62807552363019,63.58417001614416,62.62807552363019,63.343135833740234,12857800
2018-03-29,63.81714179740618,64.66878493276789,63.616282104745295,63.696624755859375,10036400
2018-04-02,63.68058496480302,63.76896375643657,61.91301526188585,62.186187744140625,12017200
2018-04-03,62.31471131919794,63.31097984386316,62.00940678214017,63.03780746459961,11933100
2018-04-04,62.52362340147308,63.889467264135256,62.338829732411334,63.51185607910156,9030800
2018-04-05,63.543958300203506,63.72875188218137,63.07796855344464,63.31096649169922,7864700
2018-04-06,62.96552471079872,63.7609277064626,62.58790735161623,63.013729095458984,8300800
2018-04-09,63.31099151266175,63.3511597821837,62.32275891018051,62.796791076660156,9031200
2018-04-10,63.23867761668302,63.343122471156086,62.620032335991986,62.965511322021484,6779000
2018-04-11,62.82088427613102,63.222603692390194,62.7003672253029,62.885154724121094,7143500
2018-04-12,63.18241040807118,63.23061476208916,62.499488830566406,62.499488830566406,8282300
2018-04-13,62.71644108481248,63.02175180208431,62.44327479015095,62.965511322021484,6198500
2018-04-16,63.118173676631365,63.35920785831201,62.70038804210597,63.158348083496094,5962200
2018-04-17,63.4154486469716,63.42348475433294,62.74859272031972,63.013729095458984,6492400
2018-04-18,63.13422915686801,63.214571819547906,62.684299212306534,62.82891845703125,7349400
2018-04-19,61.13177654077647,61.399366385018496,60.16683471931501,60.77499008178711,16955600
2018-04-20,60.03708765565025,60.750654262712594,59.793823078494235,59.84247970581055,14085000
2018-04-23,59.67217995964903,59.98842632714443,58.9991596330883,59.19376754760742,13653400
2018-04-24,59.24243264536148,59.46137201655977,58.50454076913442,58.78834533691406,16551700
2018-04-25,58.71537153467364,58.99106564170381,58.342364163493386,58.62617492675781,14208800
2018-04-26,58.845078012825205,59.201864261953865,58.68290581947906,58.99103546142578,11204300
2018-04-27,58.812697756893115,59.2586809885602,58.55321829114457,59.03974151611328,8144800
2018-04-30,59.12077688324084,59.12888116220157,58.512621891671785,58.658573150634766,13076500
2018-05-01,58.42345334753351,58.650496996759536,58.10721309518648,58.35047149658203,8103800
2018-05-02,58.334250083185616,58.39101098901055,57.35309374736893,57.52337646484375,10830900
2018-05-03,57.4179695892866,58.155867688406,57.36120867292941,57.86395263671875,9386500
2018-05-04,57.88014398063496,58.885631501547934,57.84770830062421,58.731563568115234,8107400
2018-05-07,58.92619408625424,59.372177124544216,58.293713549389025,58.366695404052734,6633600
2018-05-08,58.423443494801255,58.48020439753541,57.66122035539317,57.928810119628906,8084100
2018-05-09,58.19639327313602,58.828879853029946,58.17206805592363,58.68292236328125,7528400
2018-05-10,59.14510506201963,59.46944945795984,58.9423867213206,59.31538772583008,7618500
2018-05-11,59.70463146523872,60.085743114254704,59.23432939605743,59.49380874633789,7586200
2018-05-14,59.82624746044337,59.82624746044337,59.266742750618626,59.42081069946289,8646900
2018-05-15,59.44514376111772,59.526236073195946,58.86942422691632,59.153228759765625,11502800
2018-05-16,59.1775735302611,59.947901177180626,59.1613525895921,59.62355041503906,8325000
2018-05-17,59.61542357140747,60.00464561637328,59.51812270002192,59.97220993041992,8053600
2018-05-18,59.988438296198225,60.061413958775425,59.28297595890884,59.55867004394531,7042700
2018-05-21,59.80191870882949,60.2073554458385,59.53432897764987,60.053287506103516,6428400
2018-05-22,60.37766003760817,60.766882168392364,59.866811790775074,60.02898406982422,7744200
2018-05-23,60.020865308247636,60.24791512861651,59.77760692327926,60.15060806274414,6592500
2018-05-24,60.06951695664338,60.28845010362011,59.67218444377987,59.81814193725586,6508900
2018-05-25,59.9235570219182,60.50738697203729,59.80192475123101,60.256011962890625,7546500
2018-05-29,60.05329318505413,60.572251762583186,59.81813911297468,60.045188903808594,8905600
2018-05-30,60.27224630549649,60.83174497675456,60.045202649162704,60.72633361816406,8128600
2018-05-31,60.54792575822256,60.564146693451086,59.031596197486124,59.33161544799805,15526000
2018-06-01,59.46136916050905,59.79382415637511,59.080257536449565,59.55867004394531,7209300
2018-06-04,59.63164941770821,60.50739445113447,59.55866757168517,60.15060806274414,8743800
2018-06-05,60.23169263876877,60.3127787650018,59.68029831931932,59.980323791503906,6910100
2018-06-06,60.06140472532609,60.34520923584377,59.77760021480842,60.288448333740234,7002900
2018-06-07,60.1505926070878,61.942622184403355,60.08572124650821,61.4317741394043,13476100
2018-06-08,61.50475062104806,62.607539020083884,61.41555404565005,62.583213806152344,13625300
2018-06-11,62.412958996085365,62.996789137077855,62.33997713522315,62.86704635620117,9049400
2018-06-12,63.102182249362194,63.158943152954066,62.52646274536618,62.631874084472656,8786000
2018-06-13,62.76160846246194,62.76160846246194,61.78855657654413,62.00749588012695,8022400
2018-06-14,62.0804877031754,62.0804877031754,61.38313583512194,61.618289947509766,8895200
2018-06-15,61.75613508522728,62.85081318559285,61.56152097093712,62.74539566040039,14943500
2018-06-18,62.32376069410324,62.51836867367505,61.1317752195832,61.496665954589844,7384900
2018-06-19,61.29393102928443,62.1777864496998,61.27771627971028,61.89398193359375,8514000
2018-06-20,61.910205218047935,61.910205218047935,61.25339950644528,61.50476837158203,6603500
2018-06-21,61.245279272629645,62.47781055380289,61.245279272629645,61.983177185058594,8691200
2018-06-22,62.26700617596832,62.94813726772027,62.250785233892266,62.78596496582031,11446400
2018-06-25,62.66431828310884,63.199497892370424,62.58323215074431,63.07786560058594,11300500
2018-06-26,63.077851916071204,63.49950342477622,62.72917605471986,63.24813461303711,9558500
2018-06-27,63.337334362377625,63.82385726181911,62.891351429112916,62.996768951416016,7873300
2018-06-28,63.134616886434415,63.507617987624116,62.97244464642999,63.2886848449707,5714400
2018-06-29,63.19138354440138,63.68601696388161,62.67242490535244,63.29679489135742,7679900
2018-07-02,62.84271318582649,63.49951891816103,62.77784180359023,63.35356140136719,6092800
2018-07-03,63.68601566582497,63.864408854326065,63.069749974587054,63.167057037353516,5897200
2018-07-05,63.36165183681524,64.26172187471013,63.34543708962077,64.22928619384766,7956100
2018-07-06,64.3671475652756,64.56176169389101,63.97793168099465,64.31038665771484,7244000
2018-07-09,63.62114360212125,63.921169069214756,63.06974929202832,63.134620666503906,9095900
2018-07-10,63.30489409995493,64.8212297769339,63.24002273499378,64.72392272949219,12773500
2018-07-11,64.56987193027182,64.74015466865646,64.08334893681918,64.18876647949219,7851600
2018-07-12,64.33470108947745,64.48065856822727,63.71033121100393,63.969810485839844,8556800
2018-07-13,64.12388918421874,64.44012941012511,63.97793168099465,64.31038665771484,6021300
2018-07-16,64.22929785311605,64.56986328428319,63.921168108699305,64.48877716064453,6931200
2018-07-17,64.59420674212632,65.2753377315559,64.50501013353781,64.89422607421875,8983400
2018-07-18,64.64286804199219,65.04019451920611,64.32662771716195,64.64286804199219,9105100
2018-07-19,64.16583052388764,64.79587343134799,63.73216803161155,64.41948699951172,8010600
2018-07-20,64.08399859250447,64.68948917275273,64.08399859250447,64.3785629272461,8234700
2018-07-23,64.22309565302845,64.59130418686004,64.01853743732912,64.23946380615234,5881600
2018-07-24,63.445782155509846,64.64858556169845,63.445782155509846,64.63221740722656,8297100
2018-07-25,64.41127364747375,65.131316114699,64.41127364747375,65.02494812011719,6208400
2018-07-26,65.09860988497445,66.08867098073115,65.02497191776482,65.53227233886719,9771100
2018-07-27,65.18860975979536,66.13776286368808,65.0167816101502,65.9332046508789,7492900
2018-07-30,65.51591589316227,65.86775633196962,65.32771955688852,65.62228393554688,7090700
2018-07-31,65.77774801223096,66.26050871108595,64.99224510950863,66.17868041992188,9878200
2018-08-01,65.80228221931894,66.12957659750019,65.54863204147347,65.990478515625,7556700
2018-08-02,66.1132158640454,67.27510499677098,65.9413814744117,67.0950927734375,9261700
2018-08-03,67.20963845314763,67.99514115417261,67.02962624700471,67.36510467529297,7102800
2018-08-06,67.25873459772208,67.85604729677678,67.21782670272604,67.52056884765625,5669200
2018-08-07,67.43056149602242,67.65148158381487,66.87416299635154,67.6187515258789,6418000
2018-08-08,67.17692673934708,67.74969357373298,67.17692673934708,67.38148498535156,4891300
2018-08-09,67.45512715016838,67.45512715016838,66.52234207614433,66.60416412353516,5167400
2018-08-10,66.52233223473802,66.89871859115038,66.27685988625896,66.62870025634766,5566000
2018-08-13,66.8496289812803,67.16056149506221,66.39960460796631,66.70234680175781,5068100
2018-08-14,66.5959777107911,66.8659960760724,66.46506368808075,66.530517578125,6226900
2018-08-15,66.52232812552776,67.39783695851018,66.12138956493732,67.34056091308594,8753500
2018-08-16,67.4715062481583,68.73158607532069,67.34877002449907,68.47793579101562,12368000
2018-08-17,68.510665866833,68.8952302117839,68.40429155977063,68.47793579101562,8409300
2018-08-20,68.64154702440301,68.69063899328519,68.16697051647311,68.4369888305664,6795800
2018-08-21,68.37972376900179,68.73156416861744,67.98696922699902,68.64974212646484,8534500
2018-08-22,68.57609343392839,68.60882349717328,67.96241879398477,68.23243713378906,5132600
2018-08-23,67.92149778113414,68.40425207487755,67.78239347854938,68.10968780517578,4323200
2018-08-24,68.09334126779952,68.36335961641035,67.9378750229712,68.20789337158203,5356000
2018-08-27,68.32244555187293,68.5842798240435,67.92969102230632,68.27335357666016,3941500
2018-08-28,68.50245782278158,68.61700992675641,68.17516342172999,68.30608367919922,5405200
2018-08-29,68.33062291261865,68.53518111272848,68.15061069770267,68.31425476074219,4520400
2018-08-30,68.23244166043418,68.51882192954919,68.06879757597464,68.24880981445312,4549700
2018-08-31,68.1997080296844,68.34699019504706,67.41420522862403,67.8724136352539,6674900
2018-09-04,67.48784071648898,67.88058894498462,67.15236228880424,67.6678466796875,5800700
2018-09-05,67.18510442781049,68.2979016796575,67.18510442781049,68.15061950683594,7651900
2018-09-06,67.83966482181998,68.16695285305516,67.49600240083257,67.62692260742188,7541100
2018-09-07,67.17691384957278,67.25873588375028,66.48141719513254,67.02145385742188,11110900
2018-09-10,67.56966378869033,67.99514208324314,67.37328342878537,67.40601348876953,6783000
2018-09-11,67.20144778133333,67.43873600771933,66.7923314412099,67.10326385498047,5210300
2018-09-12,67.01327302589686,68.06061009636973,66.84962270699714,68.00333404541016,5925200
2018-09-13,68.13425011744658,68.31426235236695,67.62694972007631,68.28153228759766,5328400
2018-09-14,68.29790820873878,68.46155230857478,67.88879171652648,68.41246032714844,5004100
2018-09-17,68.32242930607555,68.952465727774,68.1915090798099,68.93610382080078,7098800
2018-09-18,68.96884803025266,68.96884803025266,68.38790345287998,68.73155975341797,6022800
2018-09-19,68.66609962685229,68.96884803025266,68.54336345019692,68.73155975341797,6157600
2018-09-20,68.96885893819173,70.07347221755023,68.91976695681383,69.84436798095703,10053000
2018-09-21,70.21254956722746,70.59711995464347,69.9752613230214,70.22073364257812,17402500
2018-09-24,70.06527362811525,70.13073375147609,68.91975268240537,68.95247650146484,6389400
2018-09-25,68.9606595605992,69.06703382014713,67.9787826951499,68.01151275634766,5657200
2018-09-26,68.11789929584337,68.72338998609433,67.93788703161732,68.12608337402344,6581000
2018-09-27,67.9460721744635,68.42882667006816,67.75787582910849,67.79878997802734,6277600
2018-09-28,67.93785881172653,68.15060105768181,67.74148471533239,68.10150909423828,5125800
2018-10-01,68.16698349693672,68.50246199516903,68.05243138598469,68.4615478515625,4899900
2018-10-02,68.30607284348788,69.09157553583084,68.21606674141124,69.02611541748047,7390900
2018-10-03,69.09156965951699,69.15702352967996,67.79057644909139,67.93785858154297,7958700
2018-10-04,67.50420142905864,67.50420142905864,66.35867433810205,67.02962493896484,7029900
2018-10-05,67.0787439904798,67.46330825612506,67.0787439904798,67.21784210205078,5454600
2018-10-08,67.07872988044443,67.70058233405692,66.89053358354785,67.4223861694336,7192300
2018-10-09,67.4141942439559,67.68421254356008,67.14417594435173,67.25872802734375,6268100
2018-10-10,66.93962876178568,67.65149360246392,66.63688659667969,66.63688659667969,9295800
2018-10-11,66.80051355170592,67.0705318264764,64.37036156401103,64.53401184082031,12560300
2018-10-12,64.94314771672236,64.95132555105954,64.22309876726722,64.68949127197266,9878700
2018-10-15,64.64858555497452,65.90048093920491,64.57494134510233,65.56500244140625,9691500
2018-10-16,65.38498696493541,66.35049568961163,65.37680288888635,66.28504180908203,9462600
2018-10-17,66.08049763807095,67.24238697892028,65.76956510839136,66.98055267333984,10375300
2018-10-18,66.62313718655608,67.14317675931942,66.03705904328112,66.23516845703125,9869500
2018-10-19,70.04878795973511,72.44263182619886,70.04878795973511,72.06291961669922,30276400
2018-10-22,71.59239873925021,72.01338027591595,70.35420441257733,71.4850845336914,14124100
2018-10-23,70.99806595165383,72.06291385077652,70.99806595165383,71.94734954833984,16269500
2018-10-24,72.04639977299902,74.86948133520004,71.99687401506702,73.84590911865234,26703500
2018-10-25,72.73153271512626,73.7385984066641,72.07115991149371,73.46619415283203,14647000
2018-10-26,73.21031277808575,73.60653147667577,72.13720839865434,72.52517700195312,14335900
2018-10-29,72.88011232957916,73.81288303868824,72.17847019987542,72.83883666992188,12878900
2018-10-30,73.34237858026304,73.82114858139984,72.81408281962322,73.62303924560547,13844000
2018-10-31,73.2763226181784,73.73032963164759,72.0381285426596,73.20203399658203,13362400
2018-11-01,73.30935651261723,74.15133217875658,72.78931716431843,73.95321655273438,9732400
2018-11-02,74.19260118028929,74.25038332981687,73.44968962858673,74.13481903076172,11336000
2018-11-05,74.20085695816893,75.48032692712135,74.14307480911971,75.28221130371094,12270100
2018-11-06,75.00157185224953,75.55463057414549,74.64662249534345,75.53812408447266,8857800
2018-11-07,75.60414908507634,75.6289182638832,74.80345530823288,75.35651397705078,9019800
2018-11-08,75.07584856840153,75.55461856398973,74.844719963023,75.41429138183594,6614400
2018-11-09,75.40604134286195,76.49565221558329,75.25745775577346,76.28103637695312,10713500
2018-11-12,76.11593357106135,77.13950580795591,75.73622139120985,76.5204086303711,12522100
2018-11-13,75.91782672246728,77.23856615165404,75.60414677831004,77.15602111816406,13438700
2018-11-14,77.11475659575336,77.51098163065583,76.75980723245148,77.17253875732422,11623000
2018-11-15,77.0404394043918,77.5109529165325,76.53690662675938,77.45317077636719,12506000
2018-11-16,77.44491577148438,78.2621221392415,77.32109509811971,77.44491577148438,13013500
2018-11-19,77.36239564140614,77.75036427045421,76.69377260704515,77.0074462890625,9458300
2018-11-20,76.96615069644655,77.42015776138606,75.82701428502754,76.0251235961914,12074000
2018-11-21,75.66193978067436,76.24801774082516,75.31524054270936,75.45557403564453,8911800
2018-11-23,75.3234964512981,75.93433728927741,74.8117071397149,75.56288146972656,4399600
2018-11-26,75.24097260493262,76.27280161405736,75.24097260493262,75.8930892944336,8171400
2018-11-27,75.8848022143245,76.65248293860654,75.81876367297548,76.53691864013672,9023400
2018-11-28,76.46262621951819,76.94965260574529,76.11593331271513,76.77630615234375,8093700
2018-11-29,76.65249559448561,77.01570133409118,76.48740551163743,76.61947631835938,6126900
2018-11-30,76.91664378983205,78.13007542637563,76.56169444239266,78.01451110839844,16291800
2018-12-03,78.14656967821507,78.14656967821507,76.15720740360429,77.03219604492188,13934700
2018-12-04,77.17251696956113,78.30340329563644,76.90836912012956,77.02393341064453,11123600
2018-12-06,76.52040505446584,77.28808577070753,75.18315924395458,77.22205352783203,14199200
2018-12-07,77.25507604548758,77.41191602448141,76.05815726265371,76.31404876708984,7996800
2018-12-10,76.97441136879031,77.09823205682194,75.42254346576844,76.79280853271484,9307600
2018-12-11,77.36237087573794,78.02273730507692,77.09822304444613,77.51921081542969,8743800
2018-12-12,77.76684679511942,78.04750741172647,76.85058261672474,77.6182632446289,9644000
2018-12-13,78.31167220562334,79.89655955556346,78.25389005112915,79.64891815185547,18541300
2018-12-14,79.61591085536374,79.98737301680742,79.2609614821354,79.77275085449219,12657300
2018-12-17,79.24443381905036,79.65716524519125,76.27276881039234,76.57818603515625,12427600
2018-12-18,76.87534922237015,77.02393278007034,75.8270142247721,76.34705352783203,12250600
2018-12-19,76.39659275520083,77.056959286514,75.35650775359959,75.74447631835938,10825600
2018-12-20,75.53810310501339,76.1324373326997,74.3989604026875,75.1006088256836,14439200
2018-12-21,74.79519430067286,76.9083773214706,74.58882857449238,75.09236145019531,24030000
2018-12-24,74.6630957477682,74.83644844997019,71.71619427703969,72.11241912841797,7396300
2018-12-26,72.1619670502427,74.36595153808594,71.60065201199004,74.36595153808594,8630900
2018-12-27,73.96975121612479,75.9838832586226,72.8058451856632,75.95911407470703,11360100
2018-12-28,76.4048532249396,76.9991875922755,74.98505585803336,75.26571655273438,9611800
2018-12-31,75.63715616342087,76.09116323493818,75.24093753535261,75.87654113769531,7239500
2019-01-02,75.14189322945376,75.43906040278483,74.23388522106775,75.34825897216797,9843900
2019-01-03,75.06760295283728,76.35532314408495,74.6053394167161,74.81996154785156,9820200
2019-01-04,74.98503863187723,76.34705352783203,74.59707640134256,76.34705352783203,10565700
2019-01-07,75.86829478979021,76.35531485620804,75.44730696612301,76.04164123535156,9012500
2019-01-08,76.52042076623476,76.84235084581324,75.79401556319823,76.32231140136719,9551300
2019-01-09,76.51215370678445,76.73502590562457,74.9602795156689,75.07584381103516,15015600
2019-01-10,75.0263100934628,75.56286214945686,74.79518152725763,75.25743865966797,11102300
2019-01-11,75.67017104653799,75.92606878919044,75.20791390798829,75.75271606445312,7166600
2019-01-14,75.52985466150139,75.8682974703517,74.99330252183594,75.2409439086914,7952000
2019-01-15,75.24094520743012,76.44612029551298,75.23268881498386,75.95084381103516,7834500
2019-01-16,75.72797128516132,76.06641412660476,75.10887405618371,75.42255401611328,7964500
2019-01-17,75.46997470621626,76.1771664600438,75.17045715322683,75.41173553466797,8044500
2019-01-18,76.01910367563337,76.4101345443055,75.74454481983828,76.06069946289062,9100300
2019-01-22,76.03574350914107,76.33526111779231,74.1138441432913,75.24535369873047,13518500
2019-01-23,78.35696340884988,80.21230733404262,77.89936552329355,78.90607452392578,22869000
2019-01-24,78.44848830427749,78.67312324213017,77.53329881871241,78.4568099975586,12146400
2019-01-25,78.55665309135485,78.94769019751136,77.42514389602256,77.87442016601562,10618000
2019-01-28,77.64146552644134,78.18226140330266,77.35026969969846,77.807861328125,9765600
2019-01-29,78.03249895366534,78.30705772629693,77.45842267408888,77.82450103759766,9769800
2019-01-30,77.88275282408998,78.75634675221085,77.84947239041365,78.63986206054688,7750200
2019-01-31,78.56496630954393,80.54510401395248,78.2737705217768,80.2622299194336,16044400
2019-02-01,80.16239767838114,81.21070898009066,79.86288016360699,81.09423065185547,12720800
2019-02-04,80.8779171661443,81.71823061003903,80.47024298642228,81.56015014648438,11887500
2019-02-05,81.52686653794959,81.55182527383442,80.87791401457157,81.06927490234375,9772300
2019-02-06,80.91121015351507,81.80144120926951,80.80305349448494,81.46864318847656,8693900
2019-02-07,81.13582618546957,81.2023870435747,80.15407574499362,80.81967163085938,8732500
2019-02-08,80.711538246512,81.30225175026938,80.45361643395708,81.29393005371094,7483200
2019-02-11,81.11088167817545,81.85967559422157,81.060964199637,81.75983428955078,8494100
2019-02-12,81.85135447498536,82.65006587519434,81.5185628189271,82.58351135253906,11238800
2019-02-13,82.60846614248715,82.94957947791649,82.37550945534639,82.56686401367188,11587200
2019-02-14,82.1175839593983,82.21742525547226,81.40207053985168,81.91790771484375,7930100
2019-02-15,82.32557053515103,82.53356844589936,81.74317892409272,81.93453979492188,12069100
2019-02-19,82.00110090501516,83.19917099862512,81.92622469796105,83.19084930419922,10098200
2019-02-20,83.01611632183109,83.38219463717027,82.31724646264736,82.6001205444336,8947400
2019-02-21,82.45038152300799,83.08269703315268,82.02606395129044,83.0161361694336,7444800
2019-02-22,82.94126739352012,83.53198082989518,82.69998900160458,83.40718078613281,7925400
2019-02-25,83.49868962656831,83.57356583461292,82.6417391695614,82.84141540527344,7436100
2019-02-26,83.06606223533701,83.34894276160614,82.89134471069755,83.05774688720703,7115300
2019-02-27,82.6500553425887,82.89133370579913,82.21742243628964,82.29230499267578,6013600
2019-02-28,82.29229244807885,82.53356442691675,81.60173789459886,81.9927749633789,10575400
2019-03-01,82.0426974336048,82.18413449123305,81.39374495969399,81.90126037597656,7733200
2019-03-04,82.00942551283033,82.26734092085877,81.43534918131597,82.25902557373047,6895300
2019-03-05,82.29231756685623,82.93294850336996,82.29231756685623,82.44207000732422,6274600
2019-03-06,82.25070553311295,82.45038177729272,81.86799008693785,82.30894470214844,4622300
2019-03-07,82.34220991299811,82.86636233742693,81.74317494359822,81.9927749633789,8408600
2019-03-08,82.21741791597819,82.51693542986897,81.32718706846747,81.87630462646484,5144500
2019-03-11,82.1924572688766,82.93292934221482,81.95950061851302,82.8497314453125,7544400
2019-03-12,83.01611952012202,83.63179151706409,82.97452374933484,83.24076080322266,7597500
2019-03-13,83.1908361930502,84.52202144971044,83.16587746129908,84.180908203125,9883300
2019-03-14,83.9812468574619,84.68011686048875,83.79820766211874,84.29740142822266,8590200
2019-03-15,84.66346301398471,85.60361119266281,84.63850428277257,85.22921752929688,30802700
2019-03-18,84.91308179763317,85.10444270619894,84.19756833575137,84.45549011230469,8442800
2019-03-19,84.78828995729747,84.97964452245064,84.27245274051337,84.77996826171875,7334100
2019-03-20,84.63850968174675,85.12105999367716,84.07275513034588,84.63018798828125,7513800
2019-03-21,84.26412658294056,85.62027724873421,84.26412658294056,85.27083587646484,8221000
2019-03-22,85.26250171599969,85.81993456297619,82.37548985667871,84.58026885986328,11035900
2019-03-25,84.58027843237181,85.14602668908752,84.2474804861445,84.82987213134766,6955500
2019-03-26,85.22922640201375,86.09449847713384,85.1959459744023,85.71177673339844,6909400
2019-03-27,85.4954830152812,85.71179632280516,84.89644787655087,85.6119613647461,6037100
2019-03-28,85.95305790626455,86.26089711112374,85.78666211031472,86.15274047851562,6793700
2019-03-29,86.41066800245225,86.65194638378073,85.78667415861455,86.5687484741211,7535400
2019-04-01,86.71848606502913,86.71848606502913,85.81161193278767,86.22760772705078,6626500
2019-04-02,86.20267448300518,86.54378783441183,85.91147861044001,86.31915283203125,6088800
2019-04-03,86.17770647445711,86.43562188418905,85.4871518026532,86.26922607421875,5226500
2019-04-04,86.09451961209392,86.25259374756256,85.52044320315589,86.05291748046875,4786100
2019-04-05,86.20267384982013,86.26923471951581,85.83659541408775,86.23595428466797,4281800
2019-04-08,86.4689180348046,87.47562746759813,86.11116126549827,87.33419036865234,8468600
2019-04-09,86.98475906615744,87.15947661023944,86.64363932704877,87.07627868652344,5820300
2019-04-10,87.07625382318012,87.35912795256289,86.72681248719928,87.06793212890625,5394300
2019-04-11,87.00970884455315,87.40074602808684,86.834991318471,87.1511459350586,5078400
2019-04-12,87.15114979393518,87.40906524658203,86.66859297809744,87.40906524658203,6707900
2019-04-15,87.34250545363217,88.00809511172233,87.18442497407355,87.96649932861328,5639200
2019-04-16,88.17449341649977,88.60712635788815,87.89993460013736,88.54056549072266,8136100
2019-04-17,89.03993592297871,89.24102818238913,88.26910143911884,88.68803405761719,6778100
2019-04-18,88.8304571265116,89.40858610433905,88.67126710069518,88.85559844970703,7248900
2019-04-22,88.92261460403638,89.8191299432585,88.59584774905655,88.82207489013672,9057200
2019-04-23,87.14635000427222,87.23013523498722,85.57115954025579,86.43416595458984,15979800
2019-04-24,86.56823767721988,87.68259999779632,86.12417011595075,86.87825012207031,10094800
2019-04-25,86.38389014270534,86.7776877607174,85.95657715375572,86.53470611572266,6085300
2019-04-26,87.09607053906663,88.71315036258704,87.06256156193942,88.69639587402344,7747400
2019-04-29,88.45342578737854,88.60424177375343,87.74124167098755,87.79151153564453,4787600
2019-04-30,87.85853754351062,89.33318195379682,87.6909670754251,89.21588134765625,8251300
2019-05-01,88.93937162258128,89.14045743405177,87.81662919103216,87.91717529296875,6733800
2019-05-02,88.143413498014,88.61262234095884,88.01773883619339,88.4450454711914,6270300
2019-05-03,88.80533373950016,89.1572419935416,88.46181232001763,88.88074493408203,4793400
2019-05-06,88.0763832133692,88.66288623706298,88.00935246997462,88.54558563232422,4890400
2019-05-07,88.00097671220766,88.46180510706549,87.2217618578869,87.72447967529297,6021700
2019-05-08,87.96745412181866,88.62098787007059,87.2720309544551,88.03448486328125,5392600
2019-05-09,87.69934017802356,88.00935257228123,86.9536407360017,87.33905792236328,6901700
2019-05-10,87.12120987770248,88.93937548462164,87.07093362834969,88.82207489013672,5815800
2019-05-13,88.0931458994992,89.30804787264782,87.85016422638866,88.90587615966797,7575500
2019-05-14,88.62100458893852,89.23264903346913,88.45343409607223,88.47856903076172,7004000
2019-05-15,88.48693758897802,89.6515696174763,88.39477191255841,89.40020751953125,5535600
2019-05-16,89.43373395291192,91.0591945645391,89.30805288839562,90.58161163330078,9284200
2019-05-17,89.8777942427438,90.48943863133557,89.86942019354954,90.02861022949219,6370200
2019-05-20,90.02022811107199,90.59835068144912,89.76886602488825,89.92806243896484,6565300
2019-05-21,90.04538406435613,90.1040343791718,89.05670276288852,89.12373352050781,5226400
2019-05-22,88.88911016681541,89.6934663313499,88.76343550898542,89.4169692993164,4889700
2019-05-23,89.38344685961872,89.67669835871,88.72153268029656,89.45047760009766,6175600
2019-05-24,89.77726295161875,90.0202446415744,89.2661646369542,89.391845703125,4372100
2019-05-28,89.40021563963376,89.86104406358822,87.48988397743027,87.52339935302734,7615500
2019-05-29,87.10446836062837,87.81665252615056,86.88662161141302,87.29718017578125,7137300
2019-05-30,87.44798484687975,88.28584996660395,87.44798484687975,88.25233459472656,4729200
2019-05-31,87.88367803022277,87.8920584718779,85.80577596802787,86.2247085571289,10282300
2019-06-03,86.42579194980425,87.10446067925947,85.79739308404088,86.97040557861328,8532900
2019-06-04,87.14633465813941,88.05960437919515,87.01227319868046,87.70770263671875,6906400
2019-06-05,88.1769302757784,89.44210849494776,87.88367873952168,89.42535400390625,6481700
2019-06-06,89.52588794779506,90.22131754053824,89.09020089243522,89.96995544433594,6681600
2019-06-07,90.27159006156577,91.64568840516102,90.27159006156577,91.13459014892578,8063400
2019-06-10,90.75756501871359,91.34406814576288,90.0370003812504,91.09271240234375,4767000
2019-06-11,91.2770421849883,91.83002992475305,91.21839187331017,91.64569854736328,8074400
2019-06-12,91.83002582854638,92.71816729886164,91.81327133698764,91.89705657958984,7687800
2019-06-13,92.14841271233847,92.96113654441675,92.04786659230639,92.92762756347656,8611400
2019-06-14,92.97789548890741,93.63142927448162,92.70977890014866,93.17060089111328,6438100
2019-06-17,93.13710901121905,93.17899844041398,92.36626808365493,92.99466705322266,6020000
2019-06-18,93.38006630389404,93.4722319797071,91.687581551734,91.83001708984375,7731200
2019-06-19,91.74624012901292,92.77681714585968,91.54515426928826,92.51707458496094,7028000
2019-06-20,92.81870468939516,93.85765573471883,92.58410345907086,93.62305450439453,7044200
2019-06-21,93.52250910768714,94.23469319728972,93.01978491041126,93.17060089111328,13799400
2019-06-24,93.69008807357852,94.25983667540156,93.33818621750072,94.11740112304688,5518100
2019-06-25,93.93305961174654,94.36874666379492,93.26276495523749,93.60629272460938,6805600
2019-06-26,93.32978697872338,93.37168278799184,91.88028402863783,91.93893432617188,7170300
2019-06-27,92.09814320943556,92.39139475719436,91.5702904234697,91.98084259033203,5613300
2019-06-28,93.72361456075004,93.80739981369166,91.34407374429662,91.87193298339844,12152000
2019-07-01,92.09813125485407,92.75166501714452,91.83839511661132,92.57571411132812,6775900
2019-07-02,92.67628253946718,93.4219821546907,92.40816589570598,93.40522766113281,6578200
2019-07-03,93.80737992029806,95.74284634014387,93.70683380264754,95.58365631103516,6223300
2019-07-05,94.65363499336631,95.05580671950534,94.03361651999946,94.80445098876953,8694800
2019-07-08,94.96364277201712,95.70934871300743,94.93013378789581,95.55853271484375,5317800
2019-07-09,95.43284779731208,95.44122823920623,94.10901924382205,94.60336303710938,7537700
2019-07-10,95.06417015683633,95.93555059747382,95.01390029816213,95.3071517944336,5600700
2019-07-11,95.23174163718483,95.85175996468786,95.04741030923459,95.83499908447266,4625300
2019-07-12,95.57528825040411,96.5304541184012,95.57528825040411,96.34612274169922,7058600
2019-07-15,96.41314031893309,97.09180902912519,96.17853910515822,96.75666809082031,6240700
2019-07-16,96.95773081673867,97.6280189259497,96.73150370567335,97.10016632080078,7644300
2019-07-17,96.96613130958391,97.43533372230806,96.96613130958391,97.14208221435547,7861700
2019-07-18,96.91944519445842,97.62780662156676,96.80138495660704,97.34952545166016,5828700
2019-07-19,97.4001417683571,97.77962026666114,96.98693084716797,96.98693084716797,6547000
2019-07-22,97.01223354573746,97.35797963893998,96.62432031330924,97.23149108886719,4018800
2019-07-23,97.57724284795039,97.86396525696908,96.00028568285389,96.00872039794922,8194600
2019-07-24,96.00869615197887,96.03399385707368,94.68472930367592,94.95458221435547,9635900
2019-07-25,94.01010617646061,95.27504298143354,93.92577190908804,95.09794616699219,7809400
2019-07-26,95.4690024026576,96.87729725728886,95.19071474382338,96.75080871582031,5559600
2019-07-29,96.75081546267731,97.99888300674603,96.65805290326384,97.82179260253906,7768700
2019-07-30,101.04315004317297,102.67913700920866,100.18299586097142,101.54069519042969,18788800
2019-07-31,100.90823312752416,101.7683873636754,98.72410546470024,99.54209899902344,12641800
2019-08-01,99.98060358032099,100.49501173200109,98.43738555908203,98.43738555908203,11308600
2019-08-02,98.25187834352754,98.73255416229745,97.56037968435324,98.1928482055664,12266100
2019-08-05,97.89769266599113,98.07478951654254,95.14856741497346,95.35939025878906,12974800
2019-08-06,95.84005146264765,96.9784933587949,95.44370354733823,96.37132263183594,9490600
2019-08-07,95.92435463688156,98.02414749955678,95.02203349237455,97.41697692871094,9507600
2019-08-08,97.41699360960968,99.07827825213896,97.26520094090647,99.03611755371094,7416600
2019-08-09,99.18792123317354,99.54210202153128,97.69529208626308,98.47955322265625,6939500
2019-08-12,98.47955249155437,99.23008119960804,97.47603383152232,97.84708404541016,4996200
2019-08-13,98.2518665374074,99.5673988446373,98.10850213346944,98.87590026855469,6722000
2019-08-14,98.20967969540925,99.4577533410835,97.53505068282352,97.6446762084961,10148300
2019-08-15,98.49641118826959,99.58425113536909,98.19282585249265,98.99394989013672,7758000
2019-08-16,99.55894488245153,100.80701853725289,99.17103174977284,100.50343322753906,8302400
2019-08-19,101.16964544657137,101.5744216162545,100.44441450593779,101.39733123779297,5867100
2019-08-20,101.2371125351676,101.4142029175633,100.17456380699205,100.26732635498047,6744300
2019-08-21,100.57933194159182,100.89978669403224,100.08179325471977,100.52030181884766,4037400
2019-08-22,100.41911751563859,101.01785349484028,100.098662742403,100.7058334350586,4558400
2019-08-23,100.46973420255915,101.28772786815814,98.18441534154694,98.93494415283203,7336800
2019-08-26,99.29753128150872,100.85761859662365,98.85058800875805,100.62149810791016,5661500
2019-08-27,101.18648982645445,102.08038270152676,101.00939948056843,101.65873718261719,6996300
2019-08-28,101.58287626881457,102.40086991593544,100.8829428971748,102.37557220458984,4600300
2019-08-29,102.70443346348907,102.8815238390247,101.46479440093854,102.19002532958984,5011500
2019-08-30,102.84777540767152,102.88150782163628,100.78171491428166,101.38888549804688,6007100
2019-09-03,101.01783025458613,102.49358951324234,100.88290060557081,102.341796875,4959300
2019-09-04,102.75502477275258,103.96093136793885,102.42614174077458,103.90190124511719,5586900
2019-09-05,103.927191278086,104.0874186426885,103.03330478883069,103.52241516113281,7491900
2019-09-06,103.72481413480203,104.04526246392815,103.33690096781743,103.61518859863281,5306900
2019-09-09,103.48028810641327,103.53931824773684,102.69602683808425,103.02490997314453,7662400
2019-09-10,102.063528495452,102.19002345674521,100.84075888182007,101.09374237060547,9582200
2019-09-11,101.07688528190377,102.32495267393125,100.65523967549963,102.26592254638672,7565500
2019-09-12,103.42969293728694,103.90193406904724,102.56110381259805,103.5308837890625,6194300
2019-09-13,102.72971427697536,103.37061726909846,102.45986140141828,102.98270416259766,6777400
2019-09-16,102.72130883872384,102.84780381758364,100.3685253936183,100.984130859375,9626700
2019-09-17,100.88293849985651,102.87310653379349,100.72271752371734,102.17317962646484,6377100
2019-09-18,102.26592836054944,102.84780138928502,101.84428273017332,102.38399505615234,5684200
2019-09-19,102.36713032916006,103.07549836630022,102.24063534747768,102.79721069335938,4525800
2019-09-20,102.99115316264376,103.38750106075778,102.67070481900753,103.08391571044922,15362000
2019-09-23,103.05015605745398,104.37412264994347,102.85620273333494,103.91031646728516,6060400
2019-09-24,104.315105145926,105.18370037207283,104.02838926386231,104.23921203613281,7633200
2019-09-25,104.19704666902784,104.42473886985609,103.68263858129058,103.74166870117188,5812600
2019-09-26,104.26451765075517,105.41139413363317,104.17175510921349,104.82952117919922,6984800
2019-09-27,104.91386672460231,105.31020820477691,104.33199370759033,105.04878997802734,5589800
2019-09-30,105.0487924623971,105.71499333278038,104.67774224755028,104.88856506347656,5206900
2019-10-01,104.87169255057094,105.107813053569,103.89347168523472,104.44161224365234,5415700
2019-10-02,103.89348634199239,104.27297129003321,101.37204713812105,102.105712890625,6755100
2019-10-03,102.6032470902391,103.33691280997382,101.90331379329925,102.66227722167969,5171000
2019-10-04,103.04174509121016,104.61869538449983,102.87308300516264,104.56809997558594,4377900
2019-10-07,104.17175484995848,104.47534017901188,103.45495865839386,103.58988189697266,4749700
2019-10-08,103.43809883728338,103.66578462415299,101.93703513814624,101.97920227050781,5545300
2019-10-09,102.72130539720577,103.21041586771578,102.40085703745869,102.86466979980469,3775600
2019-10-10,102.31653205355627,103.04176306556629,101.86958870671792,102.83094024658203,3943400
2019-10-11,102.91525861144986,102.93212160454311,101.88644232012703,102.11412811279297,6292200
2019-10-14,102.56108864532358,102.56108864532358,100.84077364771665,101.23712158203125,7360200
2019-10-15,101.35517809212757,101.66719173913651,98.41208697708583,98.83373260498047,11113900
2019-10-16,99.23009030203605,99.3144181491637,98.25187569451109,99.11203002929688,7973100
2019-10-17,99.55840158038197,99.83846683911658,98.91341104347002,98.9813003540039,5956900
2019-10-18,98.91340888823976,99.93181974794096,98.59090715191232,99.6941909790039,9016700
2019-10-21,99.651776333261,101.09453292138858,99.59236912800807,101.06058502197266,6731600
2019-10-22,105.23608405122472,105.42279426858994,103.1992553229952,103.69149017333984,14410500
2019-10-23,103.53023114221642,105.0069355774208,103.4029281426437,104.38739776611328,8249300
2019-10-24,105.0323798186238,106.73821775358887,104.67593017596222,105.9065170288086,6725600
2019-10-25,105.93198780089325,105.93198780089325,104.53166780459296,104.59956359863281,6093300
2019-10-28,104.79476165771484,105.33791505645117,104.04792087827796,104.79476165771484,5459500
2019-10-29,104.55712632316823,105.71132891357782,104.47225981870561,104.89659881591797,5659800
2019-10-30,105.22760348476109,106.22904397483482,104.81175299838742,106.03385162353516,4734500
2019-10-31,105.90653598657266,106.46666013976524,104.69292610060572,105.66890716552734,6399500
2019-11-01,105.94047010669865,106.20355819936566,104.59955739103661,105.12574005126953,6010200
2019-11-04,105.16818068622631,105.16818068622631,100.68716169131717,101.05209350585938,10351400
2019-11-05,100.84842207554557,101.49341278176011,100.34769862017093,100.90782928466797,9239600
2019-11-06,101.07754971882856,102.13839723156794,100.70413579727587,102.1129379272461,6756300
2019-11-07,102.12990255530799,102.12990255530799,100.83142631304032,101.51885986328125,8909700
2019-11-08,101.71404920103288,102.3420690598764,101.12846582889314,101.58674621582031,4249900
2019-11-11,101.40005385394772,101.84136358050748,101.06906346540352,101.27275085449219,3850400
2019-11-12,101.40852720300397,101.50188229620517,100.61077432687411,101.22181701660156,4759600
2019-11-13,101.75647410420359,102.73245491319994,101.73101480503901,102.39298248291016,7262800
2019-11-14,102.36754498719354,102.83431401272416,101.93471738451288,102.26570129394531,5188300
2019-11-15,102.68153931331915,102.68153931331915,101.81589068736906,102.29963684082031,7108600
2019-11-18,102.05354196317235,104.0139863106216,101.98564616090482,103.44537353515625,7493700
2019-11-19,103.4792981906898,104.20067312175732,102.80035327033295,103.04647064208984,5989000
2019-11-20,103.04646845702644,103.86119845923943,102.63061810144761,103.78482055664062,6480000
2019-11-21,103.35202723423924,103.99702446095235,102.0790099702769,102.12992858886719,7094200
2019-11-22,102.03656765463343,102.35906299169042,101.3236747057445,102.08748626708984,4414900
2019-11-25,102.21477035609834,102.62213213015828,101.85832071017259,102.27417755126953,5134300
2019-11-26,102.46090772533462,103.8357620747287,102.18933099799384,103.75938415527344,8235200
2019-11-27,103.8951613560892,103.91213854238414,102.65609222743512,103.33503723144531,3751400
2019-11-29,103.53022292851892,104.07337630703127,103.29259413478216,103.58963012695312,2927300
2019-12-02,103.48781237359027,104.20069888884106,102.65610496423078,104.1497802734375,6146200
2019-12-03,103.8017868737191,104.3534287771093,103.36896582750829,104.34494018554688,6396200
2019-12-04,104.17522154835602,105.72830379832766,104.12430294176649,105.68586730957031,6857300
2019-12-05,105.4652103329873,105.77073492553865,104.9475227191133,105.76225280761719,7029200
2019-12-06,105.85561817107006,106.46666094053971,105.14272522767241,105.39733123779297,7150900
2019-12-09,105.49916217727798,106.20356648506989,105.38883636607781,105.97442626953125,7452800
2019-12-10,105.89802988396944,105.97441426376173,105.33790582338696,105.46520233154297,4740100
2019-12-11,105.46520562764061,106.313883574664,105.2954726281955,105.79619598388672,4823300
2019-12-12,105.89803971810187,106.72974700638281,105.13422822374169,105.71981811523438,5897800
2019-12-13,105.41429125023105,106.71276752526599,105.05784805216247,106.48362731933594,5471600
2019-12-16,106.48361965374843,107.2304538923524,106.38177597238935,106.55999755859375,8281900
2019-12-17,106.58547580871422,106.91646621324927,105.49916891402431,106.34784698486328,8832200
2019-12-18,106.34783775307726,106.8231018344225,104.97298354160164,105.24456024169922,8607600
2019-12-19,105.3718627197613,106.25448213457776,105.15120462860756,106.01685333251953,6629100
2019-12-20,107.06073044137257,107.44263294943805,106.11020875532394,106.39027404785156,16250500
2019-12-23,106.52603878359356,106.78064472353496,105.82164110289867,105.99986267089844,6619500
2019-12-24,105.90652208019227,106.34783176491466,105.72830048781022,106.27145385742188,2022100
2019-12-26,106.1696101725326,106.72125213460977,105.97441787011846,106.27145385742188,4760400
2019-12-27,106.56001307427762,107.1880394884212,106.41573936085258,107.00981140136719,5192000
2019-12-30,106.72976722211781,106.9164774533151,105.35490627185642,105.63497161865234,3884300
2019-12-31,105.60098305327598,106.07624056794205,105.19361484434936,105.99986267089844,4798900
2020-01-02,105.6604151401902,105.85561393679454,104.33647948028097,104.73535919189453,8130800
2020-01-03,103.67450924190267,104.83719397651578,103.41990324788114,104.03095245361328,7970500
2020-01-06,104.02247724190397,104.54866000894995,103.86122632662048,104.17523956298828,6674400
2020-01-07,104.28555056499474,104.56561585965795,103.4283904448184,103.53022766113281,7583400
2020-01-08,103.69996566061914,104.75232455515147,103.53871477056609,103.97154235839844,5385100
2020-01-09,103.97154683037347,105.13423158264088,103.97154683037347,105.10877227783203,5944000
2020-01-10,105.15121748704503,105.5076607337201,104.64201192395208,105.21062469482422,3927100
2020-01-13,105.23607582010342,105.99988734280988,105.07482492228219,105.98291015625,8409200
2020-01-14,105.78773025941382,106.2544993462381,105.64345653120816,105.8216781616211,7829700
2020-01-15,106.1356560635589,107.0352590401638,106.09322605351339,106.89946746826172,4843700
2020-01-16,107.02677626396084,107.59538893367711,106.5854601061968,106.99282836914062,6233700
2020-01-17,107.23047749855087,107.78211956294754,106.83159775237326,107.28140258789062,11315200
2020-01-21,107.281394591202,107.45961620335638,105.94896384694853,107.00981140136719,8553100
2020-01-22,107.21349513057037,107.51053114067881,106.78915612330134,107.19651794433594,7396700
2020-01-23,106.11742703426745,108.03829754886978,105.56250758293086,106.70648956298828,11096500
2020-01-24,106.90284049746083,108.24318090091633,106.51866251377405,106.83454132080078,9508600
2020-01-27,106.50158577469098,107.90168626100028,106.50158577469098,107.30408477783203,9338400
2020-01-28,107.50897438391405,108.40538311035652,107.32969394129908,107.59434509277344,6200200
2020-01-29,107.49192570276351,107.6285175633076,106.74064767297963,106.7662582397461,5271000
2020-01-30,106.5357499166871,107.61997175952803,106.21987108193147,107.52606201171875,5894400
2020-01-31,107.56019449021028,108.3797650115778,106.25400376823805,106.3906021118164,6612900
2020-02-03,106.42476557972176,107.5260589299788,106.27962819239622,106.8089370727539,6052300
2020-02-04,107.32115499816904,108.7212554673059,107.02235426024976,107.27847290039062,6512200
2020-02-05,107.49189580470016,108.47366866230941,107.05649675066648,108.26023864746094,6125400
2020-02-06,108.33710115100996,109.35302382057588,108.08098247037094,108.5419921875,9102700
2020-02-07,108.58467677846974,108.65296944585468,107.61143624952444,107.63704681396484,5915100
2020-02-10,107.961446806686,108.27732559944766,107.36384532131821,107.7138671875,5216100
2020-02-11,107.79923000700077,107.79923000700077,105.88689888043666,105.99788665771484,6105700
2020-02-12,105.58812794588704,105.83570761679235,104.87953852709273,105.39176940917969,6031700
2020-02-13,105.63078280174595,106.95404494804234,105.451495862624,106.68085479736328,7159000
2020-02-14,106.96261724539501,107.69681722499163,106.53575709508856,107.68827819824219,5889100
2020-02-18,107.42361265081344,107.7224134134713,106.56989246415202,106.60404205322266,6767600
2020-02-19,106.58698458902862,107.97001390336148,106.41624312406528,107.09068298339844,4734000
2020-02-20,107.11627387140503,108.21757370417485,106.82600561825487,108.06390380859375,6094600
2020-02-21,107.67972344920155,109.33594918821252,107.55167063350177,108.16634368896484,8723900
2020-02-24,106.93696993708195,108.07241259662098,105.12708117681184,105.26367950439453,7533900
2020-02-25,105.02466367592115,105.82716280579574,103.19770283786644,103.66725158691406,8903200
2020-02-26,103.6586904223468,104.48679994106264,102.31835015893715,102.5830078125,6894200
2020-02-27,101.695149404585,102.3781216353135,96.83747953345275,96.8972396850586,13298900
2020-02-28,93.44821163911443,96.66674041748047,91.06633151662038,96.66674041748047,22784300
2020-03-02,96.63257032192548,102.26712110308,96.08619003486606,102.07076263427734,12399800
2020-03-03,102.21592510261375,104.01726877973356,100.00478633945626,100.88411712646484,12510900
2020-03-04,102.34396531537921,106.45036350861267,102.10492472467807,106.28815460205078,9459300
2020-03-05,103.55625947112813,104.92221044368328,102.6854612481837,103.83798217773438,9363500
2020-03-06,100.76458581731752,104.67462557264905,100.35480380274684,103.86359405517578,9817400
2020-03-09,98.40834666912264,102.47205755668696,98.28029382108453,99.0827865600586,13116500
2020-03-10,101.5585513814921,103.1464714303302,97.69973905086097,102.91596984863281,11419100
2020-03-11,100.39748416257395,101.11461244570542,94.48974253343937,95.2666244506836,16456000
2020-03-12,87.93316660638466,95.25808631991103,86.22572647810534,86.9428482055664,20988000
2020-03-13,90.92119642042478,97.8619389291152,89.99064457878255,97.38385772705078,17378700
2020-03-16,86.866028025403,98.98885193564028,86.22573789253762,92.6286392211914,17367400
2020-03-17,95.14711703038773,102.1903089280532,94.56658701343936,100.94387817382812,19451400
2020-03-18,96.48745142758024,103.7270013860879,95.69349140334954,100.2694320678711,23139200
2020-03-19,99.5523149171027,100.73898549637185,93.72994330403358,94.61781311035156,16428100
2020-03-20,93.21773058494175,93.65312329008931,86.72945047173629,87.44657897949219,19922900
2020-03-23,85.53423837639534,88.57348054004558,80.53996944368315,83.4084701538086,17776800
2020-03-24,86.42210505559315,88.78690731729661,82.01690537381799,88.16368865966797,14625500
2020-03-25,85.80742589229106,89.38450938328008,84.1768170552888,86.1574478149414,13789100
2020-03-26,88.68444209805324,92.46642242098585,87.53192125981542,91.6724624633789,15796000
2020-03-27,90.91265387110123,97.57167342094809,90.91265387110123,94.0543441772461,16073100
2020-03-30,97.23874253882147,98.85227336925607,94.07997355113596,98.1778335571289,14571600
2020-03-31,96.89724627408114,97.57168603856222,93.0128166154556,93.90922546386719,21691000
2020-04-01,92.15908887564856,95.77032802651992,91.3480573271565,93.33722686767578,11095800
2020-04-02,91.93712684161599,98.1692801508723,91.77491792565569,97.66558837890625,9168800
2020-04-03,97.10212070719537,98.94615921840884,96.4789086922265,98.24610900878906,7768700
2020-04-06,99.88524816612173,101.59268830571355,97.81924716042376,100.5767593383789,16848400
2020-04-07,99.63769256219027,102.4976541821599,96.04353098429341,96.27403259277344,14438400
2020-04-08,97.65705826046648,100.14138729871371,95.49714708372893,98.26319885253906,12564500
2020-04-09,98.39977344495112,101.30242287804364,97.49482577520148,97.88754272460938,12747300
2020-04-13,96.99115133581249,99.6718322121402,96.6069798555455,98.98885345458984,7926700
2020-04-14,101.3878019474809,103.70138266078526,99.24496265059398,103.26598358154297,10474200
2020-04-15,103.18062103088569,105.36614259798249,102.09639275947549,103.48796081542969,14192900
2020-04-16,104.45266587714045,104.58072521068432,102.36105397827406,103.72700500488281,12020200
2020-04-17,104.53804039778389,106.70649058100472,102.90743813233878,106.45037841796875,15899800
2020-04-20,103.70138755619062,105.20393684239127,102.9074275569709,102.95864868164062,10832000
2020-04-21,102.01956313684137,102.70254189707963,101.1060827902094,102.17323303222656,9465400
2020-04-22,102.43788061291175,102.68546024197511,101.40487999649648,101.93418884277344,10259400
2020-04-23,101.96943054831245,102.84602958343329,101.45378367137043,102.6139907836914,17277000
2020-04-24,102.35616597959095,102.92338214459103,101.94365109305082,102.0811538696289,12751100
2020-04-27,102.43350226635557,102.43350226635557,100.4654444664915,100.93811798095703,10635700
2020-04-28,100.63733948727827,101.33346901889435,99.83808451157533,100.45686340332031,9958000
2020-04-29,100.99828523737824,101.45377996143984,98.90132047358779,100.62014770507812,8707900
2020-04-30,99.62322700197288,101.65144370524776,99.3997841777586,101.29908752441406,10026400
2020-05-01,101.06703188669348,101.72878399015823,99.96698359485109,100.39669036865234,7366400
2020-05-04,100.62874186507486,100.72327789180873,98.83257047074295,99.49431610107422,5636000
2020-05-05,99.52009309164801,100.77483610521682,99.01303568058373,99.70056915283203,5425200
2020-05-06,99.29663999463313,99.81228680102089,97.01919282988186,97.19966888427734,7892200
2020-05-07,98.02470455067971,98.093459206304,96.09962009083335,96.4004135131836,8762800
2020-05-08,97.56064175049784,99.94981737878126,97.4489203283317,99.64901733398438,9279900
2020-05-11,99.47715083626264,99.70060026799956,98.76383578363023,99.09900665283203,6947500
2020-05-12,99.00444489790115,99.60603835684933,98.09346857271206,98.44583129882812,6734400
2020-05-13,98.21377782517635,99.13335004623863,97.74110431455468,97.90438842773438,9312600
2020-05-14,97.57782144127272,98.35988441182508,95.60976350016062,97.80986022949219,9310000
2020-05-15,97.91299683560169,98.65209309483467,96.29730154347686,98.49739837646484,10694800
2020-05-18,99.7177570748771,100.54279332847248,98.58333140658277,99.87245178222656,10020800
2020-05-19,98.90991001646486,99.3825901284568,96.54652257011625,96.6324691772461,8047600
2020-05-20,97.11375058291323,97.7754962638374,96.3660582843467,97.35438537597656,6593800
2020-05-21,96.94184253708556,97.28560268140923,95.76444371668313,95.927734375,6552700
2020-05-22,96.50355762685693,97.62938738779795,96.04806945050082,96.76997375488281,5571900
2020-05-26,98.1020803503368,98.1020803503368,95.97932735007589,96.28012084960938,10432400
2020-05-27,96.68403192970962,97.94737099601338,96.09963040777338,97.87861633300781,8279700
2020-05-28,99.28807253861174,100.54281586534158,98.74664421992905,99.74356079101562,6586700
2020-05-29,99.80369841919364,100.31075584974329,98.50598861174372,99.62322235107422,7868000
2020-06-01,99.69197599821761,100.98109637750491,99.05601178034138,100.76624298095703,5105600
2020-06-02,100.61157685820314,101.53114939441815,100.39672340061264,101.46239471435547,6327900
2020-06-03,101.49674674366786,102.43351099469685,101.36783338989986,101.86629486083984,6171000
2020-06-04,101.41079328213586,102.12410806275349,99.32241820905358,99.73493957519531,6895800
2020-06-05,99.9068453714599,102.12413435204711,99.73496524945735,101.69442749023438,7337800
2020-06-08,100.92953781957242,102.37335296614252,100.41388440116442,102.31319427490234,6926700
2020-06-09,102.61399350789709,102.92338295363714,101.53972642041242,101.70301055908203,5563200
2020-06-10,102.27021986259668,103.03509745299098,101.50534227220237,102.46788787841797,6678200
2020-06-11,102.10692113689825,102.760077266707,99.69197117472265,99.91542053222656,8937500
2020-06-12,100.19903559457597,101.45378530969843,99.05602040855167,99.36540985107422,7998500
2020-06-15,98.44582111113287,100.79201634349819,97.76688364508587,100.28496551513672,8786000
2020-06-16,101.86631167536306,102.24445582701928,100.49125097407676,101.52254486083984,8165200
2020-06-17,101.74598410435726,102.36476299729122,100.92954373867306,101.35065460205078,6320800
2020-06-18,100.94671657276811,103.09525048558066,100.86937249917334,102.51084899902344,6274400
2020-06-19,103.55075631626153,104.69377812678093,102.12413296397327,102.20147705078125,17506200
2020-06-22,102.08113295301368,102.33895962187653,100.8435754333593,101.19593811035156,5695600
2020-06-23,101.98661634561245,102.43351511574684,101.11001730697313,101.17877197265625,5340400
2020-06-24,100.7404662626012,101.37643050977019,99.93261535619357,100.05293273925781,6547800
2020-06-25,100.54280293960738,101.43659393897674,99.71776660714474,101.31627655029297,5489300
2020-06-26,101.05846099269257,101.81474929860886,98.86695983657418,99.0302505493164,23201700
2020-06-29,100.13029473306031,101.45379265369921,99.99278539007148,101.11862182617188,6866900
2020-06-30,101.38504816380677,103.12106117413872,101.23894938981392,102.7601089477539,7818000
2020-07-01,102.82884918443068,103.46481347828738,102.1842889177796,103.11245727539062,6501200
2020-07-02,103.9890420230822,105.33832106639875,103.58511659588719,103.88591003417969,6150900
2020-07-06,104.65078917890466,105.20081990461134,103.88591161412602,104.53047180175781,6023300
2020-07-07,104.24687007026456,105.92272393165382,103.89450735454385,105.03752899169922,6866300
2020-07-08,104.97738560736164,105.91414340059929,104.84847223996765,105.61334991455078,6494100
2020-07-09,105.55317617015,106.55009907528668,104.68516661403,105.26097869873047,5341000
2020-07-10,105.33833723667317,106.99700594451092,105.25239717779785,106.47276306152344,6752600
2020-07-13,106.56727908060047,107.9337434634805,106.00006299629219,106.6102523803711,7681500
2020-07-14,106.5586974971429,107.99392328752715,106.13758664111215,107.5040512084961,6272100
2020-07-15,108.2689290412797,109.05958798569515,106.79073658888228,106.99699401855469,8145000
2020-07-16,107.49545581827282,107.87359334771385,106.48994346908691,107.22044372558594,3959300
2020-07-17,107.50404027524245,108.34626845845447,107.2805974680436,107.96812438964844,4868600
2020-07-20,107.83064075835816,108.14861963917137,107.2462391650721,107.63297271728516,4242100
2020-07-21,107.84781433271337,108.83614131619109,107.35794882706693,107.48686218261719,5162300
2020-07-22,107.85640891522638,108.62988248175644,106.74776456266754,108.40643310546875,5929200
2020-07-23,109.07322433822834,109.98994927470638,108.62350548767506,109.10781860351562,6664800
2020-07-24,109.82562583890139,110.50019750226778,108.38134993418807,108.93484497070312,6014200
2020-07-27,108.71866469230439,109.5229634122034,108.57164397746489,109.2462158203125,6464600
2020-07-28,109.28945306549035,111.09696581000897,109.22026452255949,110.59535217285156,7644400
2020-07-29,110.31858125549078,111.7715139568624,110.14561653294624,110.96720886230469,6702000
2020-07-30,112.99960424882742,114.18442670195817,112.12611044349875,113.65687561035156,10400700
2020-07-31,112.99959755935934,113.47526051484016,111.79747474261572,113.39741516113281,8487000
2020-08-03,112.83524385340081,114.08925441299934,112.83524385340081,113.54440307617188,7769400
2020-08-04,113.09471475367513,115.82758907823224,113.03416984196365,115.70651245117188,7773700
2020-08-05,115.5335517310081,116.45027668143612,115.12707735542388,115.4038314819336,5680000
2020-08-06,114.89359862258233,115.34330435295631,114.26225812277156,114.77252197265625,3974100
2020-08-07,114.92817451358869,115.57680218520494,114.54764416815563,115.49897003173828,4934900
2020-08-10,115.62869719589575,116.26868128748471,115.18763510353587,115.97463989257812,5812700
2020-08-11,116.12165917858876,116.52813359452205,114.84169101096869,115.22222137451172,5329900
2020-08-12,115.6892413289259,117.59187996045121,115.62869640878192,117.15081787109375,5920400
2020-08-13,116.82218326901611,117.5053986910097,116.6924498015018,117.42756652832031,4989500
2020-08-14,117.28053963406231,117.3064836869232,116.3638145760051,116.8394775390625,5845200
2020-08-17,116.70108016006772,117.35835137882276,116.45892691124416,117.18538665771484,5603800
2020-08-18,117.4534852793178,118.9323620336457,117.11619945062722,118.05886840820312,8670700
2020-08-19,117.2199927977526,117.89457775020688,117.18540512662479,117.41891479492188,6827700
2020-08-20,116.96055538500423,118.46536325183969,116.91731089767067,118.35294342041016,4352200
2020-08-21,118.13672226087564,119.43397757180898,117.53998270642815,118.8631820678711,5706600
2020-08-24,118.90643478879352,120.02206862708847,118.65562468800653,119.78855895996094,7420500
2020-08-25,120.21232546100066,120.34204571352831,119.17452385168917,120.26421356201172,4718300
2020-08-26,119.84044616865786,120.48907379278864,119.56369204810791,119.68476867675781,4746200
2020-08-27,120.07398269975178,120.80909953107053,119.5031870328243,119.52914428710938,6156100
2020-08-28,119.6242537445658,120.13450438001263,118.43941814472115,120.013427734375,4166300
2020-08-31,119.5118274003267,119.97883357493765,119.1918419324704,119.63290405273438,5596800
2020-09-01,119.22642523039764,119.53776706750014,118.54320983039308,119.50316619873047,5671800
2020-09-02,119.44263086583824,122.32253947297366,119.01021239383047,121.51823425292969,8384800
2020-09-03,121.71716240877517,122.54739852706533,118.56049948561284,119.57235717773438,7277900
2020-09-04,119.1831556630818,120.37663465356016,117.72157937969591,119.3128890991211,7437700
2020-09-08,119.79719852032818,119.90097471460916,116.78755692255531,117.56591796875,6847500
2020-09-09,117.98105440862871,120.69664188704509,117.85133414547367,119.47721862792969,6002900
2020-09-10,119.451257004848,119.97016437386951,118.05886920088163,118.22319030761719,5242500
2020-09-11,119.07940053967688,119.9182934283108,118.62103801657148,119.46857452392578,4398000
2020-09-14,119.72802049416931,120.71393401540705,119.63288790894622,119.89234161376953,4767400
2020-09-15,120.03070548616019,120.87825513500728,119.68477601063816,119.89234161376953,4046500
2020-09-16,120.70528178753818,121.22417596380936,119.00155218957103,119.08802795410156,6049900
2020-09-17,118.53454227027521,119.24371485575544,117.78213839729901,118.932373046875,4648500
2020-09-18,118.40480241968267,119.28692640188727,117.84265061526754,118.80261993408203,10192800
2020-09-21,118.48266948321583,118.88914393058282,116.49354173583038,118.23187255859375,7092600
2020-09-22,118.04157796483643,120.23825760032977,117.82536876779976,119.3128890991211,4722800
2020-09-23,119.71072408039683,119.71072408039683,117.69565248674047,117.88591766357422,6373700
2020-09-24,118.1972581810529,118.61237620032445,117.36702214250984,118.41346740722656,5708200
2020-09-25,117.52269559671,119.338858516448,117.52269559671,119.01885986328125,4969900
2020-09-28,119.83178776860241,121.02526680404257,119.15721610414387,119.35612487792969,5810800
2020-09-29,119.6847587760219,119.71070282313192,118.18859487510964,118.70748901367188,4492100
2020-09-30,119.48585817251794,120.94743450917561,119.18316000708894,120.20367431640625,8727800
2020-10-01,120.71395567218828,121.06854202584954,119.52913314977954,120.41991424560547,5713400
2020-10-02,119.28695754996185,120.31611566096132,118.43942100999492,119.45127868652344,6077900
2020-10-05,119.97016722533479,120.7744591504358,119.60693733693148,120.54960632324219,6333900
2020-10-06,120.57553943892738,121.74307434292294,120.04798848772103,120.73986053466797,6042900
2020-10-07,121.14632348762592,122.27925742485418,120.5322836395948,121.6825180053711,4640900
2020-10-08,121.56145098641272,122.74627310637747,121.38848627637108,122.50411987304688,4569800
2020-10-09,122.66848295534925,124.22519227130363,122.5474062972398,123.60250854492188,6551700
2020-10-12,123.95708259390699,125.68675650739813,123.95708259390699,124.96029663085938,5791500
2020-10-13,124.38084616437943,125.26297027881421,124.06950436035437,124.71813201904297,4509400
2020-10-14,124.69217496292273,125.48783650493198,123.74086231320793,124.57109832763672,3860700
2020-10-15,123.72356013734309,124.8737947545349,123.57653945345045,124.38948822021484,4997100
2020-10-16,124.89975386789463,126.15376483757204,124.46733538204967,124.87380981445312,6806100
2020-10-19,124.94300749244287,125.73865598101709,122.05445496289532,122.7290267944336,6427600
2020-10-20,125.9289057862789,125.9980943241773,122.72035497260747,123.22196197509766,7582100
2020-10-21,123.23061475340508,124.83055510216704,123.21331432040613,123.88788604736328,5649700
2020-10-22,123.04520710893989,124.14094729574231,122.68865199153896,123.01041412353516,4502900
2020-10-23,123.27997545230896,124.2539798047856,123.27997545230896,123.81916046142578,4278100
2020-10-26,123.05390712462327,123.5322111843354,121.75814035733713,122.8799819946289,5315500
2020-10-27,123.43651878149228,124.65400764949977,123.18431612835495,123.80176544189453,6806700
2020-10-28,122.14078724665212,122.56691510703433,119.41012148845348,119.7145004272461,8192200
2020-10-29,119.44490884817745,120.95807204953185,118.09696589219334,119.63623046875,5476900
2020-10-30,119.29705271781205,120.0014713425149,117.1229555628471,119.22749328613281,6422000
2020-11-02,120.45367604773408,121.74944275122688,119.5231693497748,120.44498443603516,6682800
2020-11-03,121.15810090303641,124.06269171589936,121.15810090303641,122.81040954589844,6244200
2020-11-04,122.14946352235178,124.35834008807437,121.98423003825414,122.30599212646484,5820600
2020-11-05,123.87133665948762,124.81923964330005,123.29737194154067,123.81916046142578,5673100
2020-11-06,124.0713768501264,125.28887923834307,123.81918741471908,124.5583724975586,4702300
2020-11-09,127.09769940777424,127.76732496816433,119.66229862889661,120.00145721435547,12664700
2020-11-10,120.09714535636847,122.28862597545368,119.27097773091134,121.97555541992188,7854000
2020-11-11,123.35828470145559,124.3583641401828,122.31470739366078,123.54960632324219,5554300
2020-11-12,123.74092770141348,123.96704233440224,122.67998032750803,123.61917877197266,5631700
2020-11-13,123.67138107984931,125.64545226403632,123.38439858720709,125.47152709960938,6466800
2020-11-16,125.90632776551091,125.90632776551091,122.84519490599163,123.8626708984375,7976600
2020-11-17,123.3930605082404,124.76709153495901,123.27131159547476,123.38436889648438,6396800
2020-11-18,123.48005199849025,123.57571282362298,121.45379144405241,121.48857116699219,6097100
2020-11-19,121.63635694750961,121.85376661576191,120.40147162419257,121.34068298339844,5284100
2020-11-20,121.34071452523247,122.05382479189285,120.55804482392688,121.14070129394531,4726900
2020-11-23,121.15810576379188,121.70596928291943,119.88842704892565,120.67109680175781,4770600
2020-11-24,120.7319782421393,121.61030881345476,120.07105741052308,120.2797622680664,7101800
2020-11-25,120.14930644732969,121.21895851507588,120.04494076219746,120.60150909423828,8411300
2020-11-27,120.52322240725275,120.78411666719418,119.60140752247514,120.54061889648438,4252200
2020-11-30,120.01018010799712,121.05374423761735,118.91443976234154,120.76676177978516,11640400
2020-12-01,121.0189518664812,121.34940562337468,120.14931297109626,121.20156860351562,7169700
2020-12-02,121.20155735446029,121.69725784824786,119.56664540623015,120.32322692871094,6963000
2020-12-03,120.08842450502405,120.31453909650702,117.87084280403465,119.43619537353516,8742500
2020-12-04,119.32315404413654,119.88841399634755,118.15782788461686,119.54925537109375,6617200
2020-12-07,118.80135073309067,119.78404677154558,118.7578661414571,119.73185729980469,6918000
2020-12-08,119.15793806346863,120.68849790800479,118.64484097471006,120.05366516113281,6493500
2020-12-09,119.86231930011277,120.04493602001764,118.48828838193303,118.62743377685547,6773400
2020-12-10,118.72310082078708,119.07095105675133,117.4360257545204,117.84475708007812,6800500
2020-12-11,116.93164460425938,118.96659631105024,116.70553001263661,118.71439361572266,6548000
2020-12-14,119.1579331366664,119.94929449951067,118.07088444467647,118.14045715332031,6485300
2020-12-15,118.61005739957547,119.61013689720413,118.47961686323693,118.8361587524414,5397000
2020-12-16,118.88836282659835,120.24499764955524,118.88836282659835,119.37535858154297,5382500
2020-12-17,120.0188743299451,120.9841741564975,119.96669811277548,120.22759246826172,7405300
2020-12-18,120.23628680914084,121.81034459075242,119.53188132209327,120.91460418701172,19988800
2020-12-21,119.9754244206552,120.384142618019,118.46224750432177,119.59278106689453,6732400
2020-12-22,119.3927232312016,120.07105380677059,118.60136188737232,118.74919891357422,5023100
2020-12-23,119.4796899818154,119.6188353929058,118.38394972616116,118.56656646728516,6004200
2020-12-24,118.4448304755046,120.12324066455497,118.4448304755046,119.76668548583984,2588200
2020-12-28,120.14060156628115,121.21895851507588,119.9666764505751,120.60150909423828,3714700
2020-12-29,121.07111039715643,121.6972513719697,120.18407513789855,120.37539672851562,5139300
2020-12-30,120.53197502286484,120.8102526126153,119.61885138624767,119.81017303466797,3261400
2020-12-31,120.27975451485364,121.13199692404078,119.47968831668905,121.00155639648438,4076400
2021-01-04,121.45375459910079,121.62767970031405,118.57525237467235,119.85362243652344,8330900
2021-01-05,120.0014831507883,120.81024100259265,118.50570309941519,120.6189193725586,6856400
2021-01-06,120.67977533826591,122.6538457840115,120.53193834032248,121.8885726928711,10578000
2021-01-07,121.53202110592093,121.86248809295722,120.0449329338925,120.74935150146484,7355400
2021-01-08,120.41889653143971,120.93198028488852,119.14052631885627,120.69717407226562,7448500
2021-01-11,120.6624076226199,121.26246063772305,119.66232811053973,119.8797378540039,7239900
2021-01-12,119.87970411573077,120.22755429952139,118.47958523107758,119.18399047851562,6333500
2021-01-13,119.22751365622305,120.07106455804148,119.22751365622305,119.36664581298828,6078800
2021-01-14,119.51445659818023,119.70577820004702,117.64473844405116,118.09695434570312,6172800
2021-01-15,117.6186770783732,118.4448314908001,117.10559324292936,117.20994567871094,7757600
2021-01-19,118.01001081172467,118.58397574210717,116.14898386412776,116.18377685546875,9184900
2021-01-20,115.2532569144516,116.35770217246557,114.14881165643763,114.7314682006836,12506600
2021-01-21,114.3036400241234,115.47599525053376,114.18115674371352,114.61859893798828,8761600
2021-01-22,114.62732514669366,115.02102034451941,113.7261955395717,113.73493957519531,7202800
2021-01-25,113.69123216055686,116.35963241597138,113.64748526790862,115.6947250366211,9640000
2021-01-26,115.7034700074041,116.77083011816872,114.98605834128996,116.43836975097656,5996700
2021-01-27,115.82593891912126,116.44711268339107,111.72272916904005,112.31765747070312,10826700
2021-01-28,111.84522189423372,115.17852942367945,111.49527346345944,114.04993438720703,8242000
2021-01-29,113.9011896073177,113.98867002786167,112.04643915581481,112.1689224243164,8344100
2021-02-01,112.86010014223552,113.43752711432782,112.16018987451862,112.83385467529297,6534200
2021-02-02,113.38502101629552,114.36488725024479,112.58887302637365,112.67635345458984,6825600
2021-02-03,112.81633758544922,113.03505867939141,111.76647900446191,112.81633758544922,7309400
2021-02-04,113.19255217158101,113.26254452815638,112.49264195550442,112.88633728027344,6613700
2021-02-05,112.96506363836694,113.82245991797785,112.88632725034425,113.35877227783203,5063700
2021-02-08,113.67369624008894,113.8224382998937,112.08141395834299,113.0087890625,7011200
2021-02-09,113.26253145429777,113.6824721955993,112.18641411455413,112.57136535644531,5917800
2021-02-10,112.64135332022059,113.00005908617202,111.9501939241102,112.17766571044922,8594100
2021-02-11,112.45762111873006,113.14878718583587,112.16892104983002,112.2739028930664,6139200
2021-02-12,111.98520177273122,112.09894101517807,110.74286754252614,111.65274810791016,8407300
2021-02-16,111.9589537975761,112.1339280014857,111.1015641788078,111.91520690917969,8246000
2021-02-17,111.2765426731178,113.28877934915006,111.20655032311855,112.38764953613281,8845200
2021-02-18,111.81897399611537,113.60374566338574,111.6264983584749,113.32377624511719,6936400
2021-02-19,113.16629656055122,113.24503294851044,111.12780773837775,111.21530151367188,8277900
2021-02-22,110.9265761509845,111.32027139813695,110.5678704003831,110.74285125732422,6975500
2021-02-23,111.7927336661915,113.67372988899439,111.27655504593844,111.56526184082031,10145300
2021-02-24,111.41652544154095,112.19517868746543,111.03158084983284,111.687744140625,7263000
2021-02-25,111.53899246318547,112.85132552831374,110.48913402088748,110.74285125732422,7790800
2021-02-26,110.70786665802844,111.04907102118261,106.5784114502941,108.074462890625,17718800
2021-03-01,108.62563207405633,109.78922305785922,108.48564738963175,108.73936462402344,7740200
2021-03-02,108.37192500910825,109.23805863204117,107.98697376565461,108.3981704711914,10206500
2021-03-03,108.28442860071777,108.66062912270996,107.4270457109554,107.7507553100586,7537000
2021-03-04,107.69825625250118,109.15931143503305,106.33343887718638,106.86711883544922,10228100
2021-03-05,107.40080497201909,110.52414184316454,107.21708005899146,110.21793365478516,10490900
2021-03-08,110.02546394742932,112.77259375296795,109.64051267571033,111.38153076171875,9224700
2021-03-09,111.6789949538601,112.79009520452229,110.28792528745625,110.39291381835938,8859700
2021-03-10,110.36666798565736,112.35265262936322,109.77174632887018,111.40777587890625,9070900
2021-03-11,111.22403937495083,111.85395714299628,110.86534028054788,111.03157043457031,6941500
2021-03-12,111.67899740750254,112.70261725049227,111.67899740750254,112.1076889038086,6521900
2021-03-15,112.32640705787783,112.89507657535371,111.27654845271196,112.47513580322266,7172600
2021-03-16,112.4313718654954,113.71745280045967,112.4313718654954,112.80757904052734,6485200
2021-03-17,112.95632587782372,113.59498775451424,112.29141853700048,112.35265350341797,6192900
2021-03-18,112.16894849725333,112.89509089022307,111.14532855135971,112.5976333618164,6871300
2021-03-19,112.94757636011374,113.50750181724179,111.89771112187022,111.99394226074219,20262100
2021-03-22,111.99396582299629,114.51363758502063,111.99396582299629,113.89246368408203,8077600
2021-03-23,114.09369015181292,116.61334841863679,113.72624026601939,116.00968933105469,9503800
2021-03-24,114.55736953320128,116.48211261150139,114.27740010743116,115.97467803955078,8318000
2021-03-25,116.43835952784455,116.90204718365013,115.52848564183257,116.7795639038086,7517300
2021-03-26,116.552086413329,118.64305933659615,115.90466723155983,118.5030746459961,10821200
2021-03-29,118.10939737047943,120.38410221526313,118.10939737047943,120.35785675048828,11176000
2021-03-30,119.5179436283343,119.85914796812517,118.23186265150524,118.5030746459961,8090600
2021-03-31,118.70430917408042,119.64044189142295,118.3368593274537,118.48558807373047,9202600
2021-04-01,118.15314165900531,118.52933554560927,116.64833941323629,117.47947692871094,9117800
2021-04-05,118.07439868642521,120.0778779899595,117.87316567256248,119.37796783447266,8279100
2021-04-06,118.98427260402359,119.876658386463,118.66931370137884,119.42171478271484,6180600
2021-04-07,119.96416855703674,120.14790019149999,119.20302324928726,119.63172149658203,10244500
2021-04-08,119.77168806562116,120.41036339094718,119.50047599444262,120.0866470336914,6190300
2021-04-09,119.43045140809318,120.09537202222891,118.59931399009852,119.30796813964844,5855400
2021-04-12,119.42170425698156,119.89413589447099,118.73055154942438,119.78915405273438,6440900
2021-04-13,119.00177541985111,119.32547836396948,117.969404924243,118.20562744140625,9161200
2021-04-14,118.56432314530984,118.80053229269386,117.74192977380285,118.63431549072266,7584000
2021-04-15,118.95806090368333,120.5240984740099,118.87056710324245,120.06916809082031,7945300
2021-04-16,120.39284741879273,120.64655803063059,119.75418552029572,120.07788848876953,7708500
2021-04-19,119.8066806993548,119.92916399039237,118.45060710950342,119.5179672241211,9149400
2021-04-20,117.96941808531713,121.25023482986363,116.8233215718373,120.51533508300781,10040500
2021-04-21,120.63779432077409,121.23272258033101,119.50919945953318,119.72792053222656,8465900
2021-04-22,119.19080108157291,119.56060177607726,118.03737222691035,118.53925323486328,7338300
2021-04-23,118.80339285876066,118.9354731787321,117.32419000769205,117.93172454833984,6708300
2021-04-26,117.53554411615809,117.7732645770276,115.4928194777245,115.57205963134766,9910600
2021-04-27,115.55443473622859,116.12674252460462,114.7179662892524,115.50159454345703,8296800
2021-04-28,115.96827316554132,116.09154009010408,115.23747160024526,115.6953125,6262800
2021-04-29,115.61607759198489,117.0952941888153,115.61607759198489,116.67265319824219,6786800
2021-04-30,116.88396336643979,117.69400504083674,116.45252243150689,117.47388458251953,9188600
2021-05-03,118.01098278930618,119.46377248634343,118.01098278930618,118.86505126953125,8070300
2021-05-04,118.84745144425904,119.59586648583905,118.16949000692354,118.46003723144531,9624000
2021-05-05,118.31033774184397,118.83863220737692,117.42985592267992,117.50910949707031,8295900
2021-05-06,117.993370584456,119.19082646528669,117.91413044056188,118.98831939697266,9771100
2021-05-07,118.93549697134813,119.77195209149066,118.65373631377847,118.99712371826172,6299100
2021-05-10,119.64867813424061,121.8762961413327,119.47258445114738,121.21593475341797,8852700
2021-05-11,121.93792541652493,122.2020592000036,120.15934847561665,120.61720275878906,10973700
2021-05-12,120.17697603721356,120.62601695713794,119.296494161614,119.34050750732422,8853700
2021-05-13,119.64869561392923,121.97316750157182,119.20845462433716,121.25997924804688,8753600
2021-05-14,121.21592110618279,122.47501699696193,121.21592110618279,121.5152816772461,5989500
2021-05-17,121.48008116046356,122.44861656344818,121.16310715904011,121.26876068115234,7690700
2021-05-18,120.15057253834672,121.35682850790685,119.8776118489861,120.02730560302734,9239100
2021-05-19,119.79837407290408,120.47634894814458,119.38454647432378,120.27384185791016,9806800
2021-05-20,120.44111125085138,122.13164829451631,120.37948450508891,121.50650024414062,8768200
2021-05-21,121.68259393428858,122.33415536643209,121.31279315445167,121.50650024414062,10161000
2021-05-24,121.5064886902361,122.21087681893583,121.26875484184413,121.47127532958984,6981300
2021-05-25,121.55052733674762,121.92912809978095,120.40589819522344,121.88510131835938,8142400
2021-05-26,122.20205034358384,122.26369051198533,121.39200878442273,121.61212921142578,8122900
2021-05-27,121.61214743766632,121.75302775648261,118.5656877950127,118.8474349975586,33095700
2021-05-28,118.99711261877566,119.85999447578149,118.548071727132,118.73297882080078,10477100
2021-06-01,119.56062022596643,119.74552731929451,116.64622755626506,116.99842834472656,9993900
2021-06-02,117.10408194881687,117.65878979411784,116.6814544374423,117.50910949707031,8254100
2021-06-03,117.30660026144115,119.66629874946824,117.28018687913867,119.61347198486328,11249800
2021-06-04,119.48138710080627,120.29142880919123,119.21723985272513,119.70150756835938,6894400
2021-06-07,120.06251442125753,120.48514197847263,119.463779733039,120.11534118652344,8418000
2021-06-08,120.3442502147705,120.40589039178333,118.64492672974629,118.72416687011719,6911500
2021-06-09,119.34932775527687,120.13295613200653,118.63613954483716,118.6801528930664,6200700
2021-06-10,118.88265423912333,120.05369662406957,118.53045346446704,119.56061553955078,6515500
2021-06-11,119.52541913300072,119.63107266284051,117.89652222750301,118.74179077148438,10641400
2021-06-14,118.84746965603244,118.89149644788752,117.94938759062369,118.78584289550781,6302000
2021-06-15,119.04114484649811,119.42855901471222,118.46883701123716,118.55687713623047,5543400
2021-06-16,119.02352854191327,119.37572933854969,116.79591056414874,116.9103775024414,8936400
2021-06-17,116.94562956918152,118.12547226390815,116.79593580133616,117.97579193115234,7875600
2021-06-18,117.40344430963731,117.41225772641684,116.1707751182926,116.25001525878906,13997600
2021-06-21,116.83114591487339,117.33301361357918,116.57579863923151,117.16573333740234,8014800
2021-06-22,117.13929189997124,118.00217373089384,116.99842502367156,117.20973205566406,6550900
2021-06-23,117.06005572006744,117.42105649203917,116.50536130725028,117.04244232177734,5796000
2021-06-24,117.06005629539288,117.37703029074045,116.83993583848726,117.12169647216797,6056700
2021-06-25,117.33302105185163,119.34051884411451,117.06007379410102,118.79462432861328,24504900
2021-06-28,118.77699062701735,119.88640630450384,118.6537237111951,119.14680480957031,6065400
2021-06-29,119.31410460919483,119.59586528298496,117.82610139416397,118.3367691040039,5792300
2021-06-30,118.49527562357282,119.1204103539578,118.23992830602079,118.80343627929688,5776600
2021-07-01,119.243650505297,119.86879853028049,118.79460959839572,119.07637023925781,5922300
2021-07-02,119.3933521374987,120.30904741067663,119.23485840776176,119.65748596191406,5572000
2021-07-06,119.32289879340382,120.0096735312049,119.18201847921739,119.72791290283203,6534400
2021-07-07,119.77196895737663,121.14551876872832,119.77196895737663,120.62603759765625,5532700
2021-07-08,120.61721185433765,120.97819919734185,119.6486764582614,120.6083984375,7585200
2021-07-09,120.83735769783056,121.19834511666629,120.48515682750495,120.65245056152344,5948700
2021-07-12,120.53796235196832,121.03984346555681,120.12413479921231,120.74928283691406,6807300
2021-07-13,120.08892065329674,121.12789623698333,120.08892065329674,120.59960174560547,5603800
2021-07-14,120.63481548830192,121.70900443842032,120.07130763209942,121.48888397216797,5903600
2021-07-15,121.51527761927127,122.61587977179556,121.24233043505882,122.52783966064453,7357100
2021-07-16,122.65113138243606,123.9542408328816,122.48383767178738,123.71650695800781,9346300
2021-07-19,123.54924605181031,124.91398246297886,122.21970957564139,123.65489959716797,9544100
2021-07-20,123.65486819691354,125.01080428001303,122.9504800581885,122.9945068359375,8136300
2021-07-21,123.22343359947996,123.44355406444335,122.37817853766931,122.56307220458984,6954700
2021-07-22,121.64160439894573,122.56307219834498,121.1277250149385,122.0934829711914,6013800
2021-07-23,121.8099560705495,124.02500480229291,121.45555368130438,123.85665893554688,7906000
2021-07-26,123.70603353898191,124.76926771404113,123.3516311603516,124.29080963134766,5925800
2021-07-27,124.17563578357111,125.47808561684232,124.04273825755796,124.79586029052734,7075400
2021-07-28,124.6363617734893,124.6363617734893,122.89977111984703,122.94406127929688,8520000
2021-07-29,123.83008512020561,124.2022117018812,122.91748608237579,123.58200073242188,5430500
2021-07-30,125.81475112874597,128.06523439046066,125.41604511429676,126.0185317993164,14394300
2021-08-02,125.61098000863862,126.19574256515287,124.75154006880528,125.70844268798828,7009500
2021-08-03,125.6907559351286,127.77290765042679,125.38951248002651,127.54253387451172,8455700
2021-08-04,126.73624278240504,127.66656610410465,126.12490059002955,126.19577026367188,6628000
2021-08-05,127.01088863472992,127.18808981393414,125.3451678071269,126.25776672363281,5363300
2021-08-06,126.72736227452944,126.80710078122442,125.12366921516038,125.2920150756836,6030100
2021-08-09,125.77047770327292,126.33752969831619,125.54897280646561,125.97425842285156,4743800
2021-08-10,125.73504850679168,126.26665217121656,125.51354360005134,126.05401611328125,5253500
2021-08-11,126.47041385760322,126.91342355702368,126.2311848344329,126.36408233642578,4205000
2021-08-12,126.83369534974675,126.83369534974675,126.12489051325973,126.656494140625,4956100
2021-08-13,126.65647432753707,127.57794210216045,126.42611414367299,127.26782989501953,4888800
2021-08-16,127.29444472381621,128.1981885752371,127.03750496741348,128.1538848876953,6040800
2021-08-17,127.94124741369235,129.00448193702132,127.48938220498954,128.36654663085938,7577000
2021-08-18,128.20700500927862,128.36649553212516,126.86025173019438,126.96658325195312,7162000
2021-08-19,126.84257173481316,128.72092899836835,126.84257173481316,128.4639892578125,5787200
2021-08-20,128.6943176179756,129.34110799332623,128.27788741915975,128.55255126953125,5273800
2021-08-23,127.84374672444558,128.77406989621693,127.79058771798742,127.89691925048828,4522200
2021-08-24,127.59567313241288,127.71971533116091,126.68307405885545,126.86027526855469,4560400
2021-08-25,126.76281740394302,126.81597641124961,126.03627491852691,126.40840148925781,3861500
2021-08-26,126.31095474251828,126.44386579714227,125.34519660234837,126.1869125366211,4749400
2021-08-27,126.24004581549991,126.49699902363894,125.49579273183936,126.08942413330078,4741200
2021-08-30,126.34638888354567,126.69193595535363,125.85907544392292,126.63876342773438,3845800
2021-08-31,126.73623906473493,127.17039354068243,125.85908830337743,126.16033172607422,9642400
2021-09-01,126.10716840227684,127.75516536131829,126.01856103647164,127.44505310058594,6214200
2021-09-02,127.56025805410236,128.23362816308136,127.21471090981754,127.54253387451172,5392500
2021-09-03,127.37416553416165,127.91463799999195,127.16152949487459,127.63111877441406,5466400
2021-09-07,127.87032070605997,128.02979770168668,126.95770832594897,127.15263366699219,6520600
2021-09-08,126.77168515212385,128.4196821380106,126.70965729113263,128.11843872070312,6897800
2021-09-09,128.09185010372136,128.36651399523558,127.27670023785412,127.57795715332031,6354700
2021-09-10,127.63996036903991,127.99437626235957,126.98431462567049,127.70198822021484,5750000
2021-09-13,128.3399330773157,130.4486503448427,128.3399330773157,129.0753173828125,9952500
2021-09-14,129.47402998911096,129.67781068253282,128.42851998019484,128.8538055419922,5831800
2021-09-15,128.7829568438347,129.1550834609279,128.24248433624038,128.57916259765625,6237100
2021-09-16,128.33107856225075,128.64119083719686,126.54132866330937,127.68428802490234,6142100
2021-09-17,127.9146333979976,129.6069339208953,127.79059120634768,127.88805389404297,18737400
2021-09-20,127.78170163725382,128.339898109894,125.78815825734607,126.6032943725586,10238700
2021-09-21,126.68306905484201,128.05640203503899,126.59447521328472,126.79825592041016,6651300
2021-09-22,127.42734727148876,127.89693658496083,126.5767624941209,127.232421875,6332500
2021-09-23,127.63994773864077,128.19814426564383,127.13492373006203,127.75513458251953,5171200
2021-09-24,127.40960759854946,127.98551486930742,126.78052780100873,127.18810272216797,5009400
2021-09-27,126.83367962302113,126.8514037976113,125.38947710414618,125.51351928710938,5749700
2021-09-28,124.9730733364077,125.25659259195382,123.65289920142017,124.56549835205078,7015300
2021-09-29,124.28197001072168,126.41726691914593,124.20221797380414,125.83250427246094,5460000
2021-09-30,126.38181633563343,126.47042369023968,123.62629525022264,123.86552429199219,6934900
2021-10-01,123.98069959799044,124.24650814644542,122.55422121110361,123.67060089111328,5587200
2021-10-04,123.5022668671166,124.39714176247324,121.91629779126956,122.97064971923828,5816000
2021-10-05,122.97950743339672,124.50346203178412,122.9086242521247,123.4490966796875,6902700
2021-10-06,123.14782900472632,125.15908310825984,122.81999266606975,125.0970687866211,5332900
2021-10-07,125.59325193436662,126.72735570271874,125.59325193436662,126.0982894897461,5334600
2021-10-08,126.07168440830908,126.36407240930666,124.96416024676465,125.57551574707031,6131800
2021-10-11,126.14257964477936,126.496995522129,125.61097610812993,126.0982894897461,5995600
2021-10-12,126.34637821083258,126.73621541001556,125.54895259892312,125.91222381591797,6734800
2021-10-13,126.16918726469025,126.48815486560088,124.95534472325171,126.20463562011719,5689800
2021-10-14,126.55017384275347,127.86147899017018,126.5324496662844,127.63111877441406,6777800
2021-10-15,128.04753832458036,128.3576370291091,127.303271690626,127.95893096923828,6923700
2021-10-18,127.1881021184571,127.32099963582128,125.9033765454595,126.11601257324219,9119000
2021-10-19,123.22760513770793,124.76928407807436,122.97952073621254,124.62751770019531,9555300
2021-10-20,124.17563033989472,125.77933702780089,123.90983529952047,125.11482238769531,7352700
2021-10-21,125.57838302271371,125.84583934798975,124.08063576320416,124.21437072753906,6545500
2021-10-22,124.26790160263687,125.71214720634521,124.20550281407336,125.55168151855469,5265000
2021-10-25,125.17721340741858,125.63187966732725,123.96475644426748,125.5694808959961,5382100
2021-10-26,126.25596912556807,127.64672615412745,125.91720369771278,127.3525390625,6234900
2021-10-27,127.61104736876244,128.09245793959755,126.31835748448349,126.44316864013672,9643500
2021-10-28,126.49664681537062,127.37924866012888,126.33618117272073,127.20093536376953,4538500
2021-10-29,126.73736873291422,127.91415768065869,126.61255757779897,127.47732543945312,6239500
2021-11-01,127.80720366392929,128.19947125183396,127.03159231728021,127.16531372070312,5038900
2021-11-02,127.23659059315627,128.89480341643358,126.84432314627878,128.43121337890625,9954300
2021-11-03,128.49363804874173,129.3673160619084,127.9498151459412,129.31382751464844,7620100
2021-11-04,127.34357528014466,129.61693368053255,126.89781926451543,129.55453491210938,6402500
2021-11-05,129.6615424679923,130.49064232223844,129.0909751780624,130.19644165039062,6062700
2021-11-08,129.71505071402606,130.24996358101063,128.39561620643659,129.22471618652344,5854400
2021-11-09,129.29599846002037,130.00921085896343,128.89482073667585,129.616943359375,4873100
2021-11-10,129.92898046944245,131.32864741549565,129.79524549022514,130.89181518554688,7334900
2021-11-11,130.92746604874418,131.02553292275542,130.34798863174728,130.51736450195312,4096300
2021-11-12,130.8204981821475,131.12360904924523,130.14294023993392,130.66001892089844,5687400
2021-11-15,131.0790498377835,131.7209397696026,130.57980513601257,131.40890502929688,5510200
2021-11-16,131.39994884341863,132.46976048779237,131.0611699413996,131.22164916992188,7603900
2021-11-17,131.02554803648292,131.74767073595532,130.53521360986693,131.14144897460938,4900200
2021-11-18,131.08796388192172,132.01514430084566,130.6154634465964,131.15928649902344,5509300
2021-11-19,131.89921462466177,132.14883692845973,130.86505730698715,130.89181518554688,6274300
2021-11-22,131.0255310147517,132.78181089430834,130.90071986813624,131.76548767089844,6625400
2021-11-23,131.79223456378165,133.28105812920552,131.6495893638453,133.22756958007812,7912800
2021-11-24,132.63027819309286,132.72834508247482,131.65851952434565,132.53221130371094,5665200
2021-11-26,132.46089262482806,133.477216052501,131.32866825079148,131.4713134765625,6299800
2021-11-29,131.7565645009045,133.42370134313097,130.86505241966492,132.85313415527344,7113300
2021-11-30,131.7744326430035,132.42523282172718,128.4847500356085,128.8948516845703,11696400
2021-12-01,129.13553164551516,131.8278883621965,129.13553164551516,130.51736450195312,8313500
2021-12-02,131.06117960802953,132.35388294386104,130.99878083923025,131.2840576171875,9468800
2021-12-03,131.9616294217253,133.72681963191584,131.64068451047288,133.61984252929688,11200800
2021-12-06,133.89621372745216,135.85753776229595,133.89621372745216,135.64356994628906,11935100
2021-12-07,135.4652412017482,136.02689809626955,134.85901959141475,135.2869415283203,7913400
2021-12-08,135.21561378442624,136.09821549883398,133.97641273675472,135.89315795898438,8329300
2021-12-09,135.78617923902533,137.4622260125775,135.15321338962121,136.68661499023438,8334300
2021-12-10,137.15914734112158,138.8975932828054,136.7847002736245,138.594482421875,7172300
2021-12-13,138.45189329792544,141.1531750715275,138.10420396875097,140.5647735595703,8944000
2021-12-14,140.7697828891047,141.42059664480024,139.66431637343143,141.08181762695312,8677500
2021-12-15,140.53797966131702,142.3210040232233,140.53797966131702,141.62562561035156,9152600
2021-12-16,141.5096973106685,143.81872375143263,141.23333076455617,143.63150024414062,10852900
2021-12-17,143.23033846490935,144.17533912237644,140.2437674632356,140.37750244140625,24349400
2021-12-20,139.61081513247785,141.26902835876876,139.58407085490836,140.73411560058594,9202600
2021-12-21,140.54689161084949,140.99264770679684,139.7801905816841,140.64495849609375,6946000
2021-12-22,140.65388939638774,142.2675243683088,140.20813327802736,142.03573608398438,6626300
2021-12-23,142.19618165258876,143.46212721733917,142.1426931024915,142.73109436035156,5640900
2021-12-27,143.2392250898143,144.4160274075386,143.18573654871648,144.398193359375,4548600
2021-12-28,144.38933707442584,145.6552828990833,144.37150301960023,145.17385864257812,5929400
2021-12-29,145.50370228327458,147.08166897585298,145.38780135204502,146.37738037109375,5346100
2021-12-30,146.5645904754135,146.73397995867327,144.96878972921039,145.11143493652344,5911500
2021-12-31,145.19169768469413,145.96730905377464,144.8350981963211,145.83358764648438,5327000
2022-01-03,144.14861848907958,145.26300880629566,142.53498348629427,145.2273406982422,9317300
2022-01-04,144.68351265371297,146.55569376296464,144.5854457650684,145.73550415039062,9253800
2022-01-05,145.70878009728787,147.38482766189654,145.67311198552238,146.39524841308594,9330200
2022-01-06,146.51112616762933,147.27782727956313,144.96881371810363,145.16494750976562,7556000
2022-01-07,145.43236016414446,145.7889595307586,144.38036890686314,145.0846710205078,6098500
2022-01-10,144.8796610995661,145.42348415467393,142.79352555180103,143.10556030273438,8055000
2022-01-11,142.83805267578757,142.83805267578757,139.88715015407388,141.44729614257812,11957900
2022-01-12,141.0907194706543,142.07138835700655,140.70737574451468,141.7593536376953,7127500
2022-01-13,142.0268084240787,142.15161958971677,140.66279582696376,141.11746215820312,6551000
2022-01-14,140.92134215157532,143.07880007635822,140.46666221640666,142.47256469726562,10708000
2022-01-18,141.33140903592013,141.33140903592013,139.11153905821334,139.7266845703125,10988400
2022-01-19,140.5112346250745,146.37738637646294,139.94066737648274,144.4249725341797,14088300
2022-01-20,143.51967614581005,147.29321360878393,143.51967614581005,145.20477294921875,10799100
2022-01-21,146.10112152384468,148.20749285704417,145.29443368555647,145.76051330566406,10900400
2022-01-24,146.4865113568122,147.10497831513732,142.26482471607704,144.5773468017578,14838100
2022-01-25,143.81544599059308,144.57732825420732,141.52085454387117,142.99978637695312,9369600
2022-01-26,141.02789979032877,143.0267161957635,140.16743467098567,141.75392150878906,10707100
2022-01-27,142.2737857044865,144.62216852316345,142.13934230966635,142.63232421875,9083000
2022-01-28,142.16622023769972,144.26361909935926,141.00996609914736,143.8602752685547,9494200
2022-01-31,142.82955557372833,143.99476844858935,142.39930924036318,143.8155059814453,8950100
2022-02-01,144.12019286512773,144.577327692257,141.37743860972728,143.17906188964844,6284100
2022-02-02,143.53761668706144,145.95769367276222,142.93708002712862,145.74258422851562,7558800
2022-02-03,145.1868576818652,147.87583523794711,144.8641798280615,147.1229248046875,10474500
2022-02-04,146.2176350804525,147.4366387401191,144.6759535792022,144.78350830078125,8959900
2022-02-07,145.0882379979177,145.43780447701343,143.1163241754074,143.69894409179688,6430500
2022-02-08,144.4160246467766,144.55048173789962,143.09842447948856,143.3762969970703,5048700
2022-02-09,143.73479148350643,143.98576158829997,142.75779974149978,143.0535888671875,8077400
2022-02-10,142.59644718066556,142.9639439868361,140.40941036335556,140.87550354003906,7033000
2022-02-11,141.62844303511434,142.1393553359449,139.45037777834514,140.08676147460938,9341400
2022-02-14,139.95229614787104,140.77691416182674,137.46051176224444,140.49009704589844,9472200
2022-02-15,141.41328939537553,142.80259676804576,139.9253856626618,140.56178283691406,6659200
2022-02-16,140.57079050451674,142.31862324886043,140.0688501960742,141.62844848632812,9315700
2022-02-17,141.96008213893555,143.75273370810268,141.03686767496217,143.25079345703125,7925500
2022-02-18,142.96396964617358,144.36223575034222,142.35447464767822,143.32249450683594,8063200
2022-02-22,143.51072960476415,144.20090432538376,140.41840821766127,141.55673217773438,8179500
2022-02-23,141.88836881910166,142.15726927920304,139.46829203188025,139.7909698486328,6273000
2022-02-24,139.5041461657459,139.80889365355696,134.95080948660913,136.02639770507812,13145100
2022-02-25,136.53729145608605,142.46200470371951,136.46558376100015,141.83457946777344,8888800
2022-02-28,140.0867352523825,140.89343657476778,137.87282339373724,139.72821044921875,8669200
2022-03-01,138.31205163519002,139.28904361337504,136.54628846449322,137.4157257080078,8311900
2022-03-02,137.10197848849015,139.00218450440684,136.779300704953,137.84591674804688,6111300
2022-03-03,137.82799793536915,139.70131524654846,137.82799793536915,138.35682678222656,7451200
2022-03-04,137.24537242570338,139.24418837457915,136.73447394219883,139.0559539794922,8639100
2022-03-07,138.47339172599038,138.50028040855346,135.47069452253209,136.99444580078125,8374500
2022-03-08,136.40281904406112,137.09299356433075,131.38340404468585,131.57162475585938,9517200
2022-03-09,133.40019765875704,134.87017172344656,132.48594132680103,133.34642028808594,7044100
2022-03-10,132.47694425675047,132.9071767731761,129.0171264277245,129.9134521484375,9221000
2022-03-11,130.32577953865675,131.00699597139322,128.20149154611275,128.37179565429688,7086100
2022-03-14,129.47422312437035,130.89937746821397,128.4882732242404,130.01202392578125,7964600
2022-03-15,131.76882661177532,134.93285500759518,131.66127191221912,134.69085693359375,9868400
2022-03-16,135.0135468030253,136.05327423783814,132.692052807186,134.23373413085938,6908900
2022-03-17,134.43988937614267,134.87012185929512,133.10435923190283,134.65499877929688,6003800
2022-03-18,135.22871465233285,135.22871465233285,132.8713863039796,134.58335876464844,15570300
2022-03-21,134.84326812796954,135.72166366445117,133.7676798029322,135.09423828125,6937500
2022-03-22,137.52325085594094,137.67563826640378,134.91495336339426,136.1339569091797,7292100
2022-03-23,136.4208041532418,137.14682597006941,135.0673569192081,135.1838836669922,5531900
2022-03-24,135.24655082928263,135.84708725832581,134.5922370598537,135.41685485839844,4203100
2022-03-25,135.90988540835772,137.96246547220957,135.80231701211983,136.9854736328125,5047700
2022-03-28,137.71148212961995,137.94452189155808,136.80619808229054,137.92660522460938,4234000
2022-03-29,139.26213949495803,140.24810337632107,138.05210783348167,139.3428192138672,5643400
2022-03-30,136.6896578834985,138.4195597757621,136.18771772153278,138.3837127685547,5779300
2022-03-31,138.12379855597024,138.3389079750182,136.6000338945403,136.9585723876953,7538600
2022-04-01,137.60392989074978,139.3428039951393,136.29528830721745,139.0111541748047,5742600
2022-04-04,137.86386894208195,138.3478925325274,135.5782354194917,138.1058807373047,5992000
2022-04-05,137.68462055959517,141.0548009835446,137.62187118238566,138.58990478515625,7653000
2022-04-06,138.41062190452098,140.98307245330454,137.98038937021212,140.57077026367188,8884700
2022-04-07,141.50293717809825,142.86535610334633,140.6962495000479,142.3903045654297,6889700
2022-04-08,143.1432162628424,143.88716825953355,142.44408328799437,143.5017547607422,6045400
2022-04-11,143.36730402578866,144.4966832479857,142.18416112258922,142.9550018310547,6158400
2022-04-12,142.7936654984707,143.97682215654984,142.24690619620927,142.52476501464844,7221500
2022-04-13,142.58749244705015,143.77960725631118,142.25585631824595,142.9281005859375,5247700
2022-04-14,143.39419531552136,143.68102613172897,142.02281795803816,142.13038635253906,7806500
2022-04-18,142.04968199836586,142.49784481332006,140.30184975541323,140.7769012451172,6034500
2022-04-19,140.5169861817382,143.4390030892167,140.0957120015056,142.88328552246094,7897000
2022-04-20,143.86029494172755,147.42766789643525,143.4121320291365,146.6837158203125,10196100
2022-04-21,147.65988929643362,148.63333997750192,146.40699343553618,146.56924438476562,9365700
2022-04-22,147.13706838621275,147.38944646849103,145.0369113951604,145.34336853027344,9394600
2022-04-25,145.74902563851657,147.1821760490917,144.0364575225112,146.5151824951172,6986800
2022-04-26,146.6323338277158,147.49764014245835,143.9913719178873,144.0274200439453,7769500
2022-04-27,144.40598825137647,145.5236588569135,143.41449295268131,143.63983154296875,6754900
2022-04-28,144.70344743409834,147.56075334283835,143.55873710541277,147.29034423828125,9306800
2022-04-29,146.44304687522683,146.87569312561016,144.396968586427,144.7124481201172,10637000
2022-05-02,145.6588777962184,146.0194140578936,140.78254714935255,142.7565155029297,10351600
2022-05-03,142.6123158109168,143.3063626547591,139.71896169828085,140.80059814453125,10344000
2022-05-04,140.45807167640208,142.00840249782465,139.84514347199925,141.83714294433594,7771000
2022-05-05,140.88170978889352,141.7740419332945,138.0334262945566,139.2232208251953,8217100
2022-05-06,139.50263545805743,140.82762763195205,138.69140818125257,140.61129760742188,7304800
2022-05-09,138.77252119637006,141.29630236293931,137.68187638586448,140.25975036621094,8540800
2022-05-10,140.20566797194192,141.17010994760892,138.75448695888554,139.5206298828125,7447400
2022-05-11,138.83560076800327,140.52112889619576,137.32133215619774,137.55567932128906,7692200
2022-05-12,138.37592778575493,138.45704637881354,135.0949984041464,136.99685668945312,9600800
2022-05-13,137.52866188857843,138.5652139915116,135.58173300039257,138.466064453125,5675500
2022-05-16,138.33087061225677,140.52115535682273,137.03291798425724,139.81809997558594,5971000
2022-05-17,139.8271293207967,141.2873192235892,137.97034123364614,139.4215087890625,6509100
2022-05-18,139.41245193014237,139.4935705069743,130.28172951793536,130.73240661621094,9670700
2022-05-19,129.26323055850486,129.27223915071227,126.7304270370633,127.72190856933594,9694100
2022-05-20,128.12750475189787,128.39791378524384,125.45048145356488,127.80301666259766,7786900
2022-05-23,128.74944082793783,131.2642269471851,128.06441653294996,130.74143981933594,7134500
2022-05-24,130.59722456324107,133.34635794129974,130.53413691381687,133.0669403076172,7207400
2022-05-25,132.59823358749514,132.62527311660972,129.344343966148,130.8856658935547,8217800
2022-05-26,132.03041076660156,132.84163811456983,130.7324580127155,132.03041076660156,5702600
2022-05-27,132.47205306778955,134.04942321777344,132.16559588236527,134.04942321777344,6028800
2022-05-31,132.76047259953666,134.29278595630356,131.74195156378312,133.2922821044922,12416700
2022-06-01,133.4004513307594,133.5086094577209,130.43500140342638,131.27325439453125,7036000
2022-06-02,131.5707157518223,132.73345699010537,128.5601950618875,132.6884002685547,6479800
2022-06-03,131.92223387040602,132.68839063121249,130.80454943485262,131.49859619140625,4720700
2022-06-06,132.83259834787322,133.07596789570752,130.3268341252153,130.98483276367188,4751100
2022-06-07,129.4975897361537,132.6613388446342,129.28125972095015,132.4450225830078,4918600
2022-06-08,131.86811535176554,131.9852820392412,130.68734361175362,130.79550170898438,4369600
2022-06-09,131.06594361606813,132.39994424664647,128.29877906945293,128.43399047851562,4625700
2022-06-10,126.99181693237708,129.02887286199314,125.69386443600794,127.94725036621094,6630800
2022-06-13,125.73892856898287,126.63127430366285,124.05340037927401,124.5220947265625,8549500
2022-06-14,123.94523702205791,124.00833843097509,119.4655046105397,120.63726806640625,9980200
2022-06-15,121.17809011105315,121.5927054411746,116.7253970872305,119.43846893310547,12178100
2022-06-16,118.10443976332581,121.7459184344867,117.71686405891772,120.16854858398438,9683300
2022-06-17,119.48354420206664,121.01584402289978,118.46500926806894,119.30327606201172,17113300
2022-06-21,121.3403239050795,123.48555176015962,120.26770997753944,122.91769409179688,9017000
2022-06-22,122.29576689219068,125.91020708975284,122.286758298852,124.83759307861328,8374500
2022-06-23,125.3333391240113,128.4249782882805,125.19812770425611,128.2627410888672,6418300
2022-06-24,129.9752775046561,130.9126936079446,129.00181328365994,130.11048889160156,19440600
2022-06-27,129.9032078375861,130.4800741749866,128.63230842868612,129.11903381347656,5618500
2022-06-28,129.38038066648076,129.87612824577946,126.71237983646724,127.01883697509766,6077300
2022-06-29,127.6317877784648,128.76748936438813,127.22616729802822,128.17259216308594,5174600
2022-06-30,127.71290741620467,130.19163202163193,127.2982783397231,129.60574340820312,7410100
2022-07-01,130.01137099147496,131.82308848708652,129.25422279975334,131.6968994140625,5937200
2022-07-05,130.31779099456347,131.68785322018766,128.47902073714636,130.4259490966797,5760900
2022-07-06,131.15606795051426,132.9407594855924,130.66934264776862,131.64280700683594,5485200
2022-07-07,130.95776491630215,131.76899206769104,130.33584197988569,131.5977325439453,6623400
2022-07-08,131.5887467167558,132.32785024540544,130.30882499361874,130.7144317626953,4294200
2022-07-11,130.83161453714973,132.12055876551943,130.40797677535366,131.63381958007812,5482900
2022-07-12,131.47155804715774,132.426991544836,130.12853499172522,130.47105407714844,5204400
2022-07-13,130.1645904343581,132.4630468738098,129.98432230752545,131.32733154296875,5075600
2022-07-14,129.5787345469369,131.17413606705347,129.31734776006962,130.93978881835938,4867000
2022-07-15,131.00284675511955,131.32733489312662,129.88517608809943,130.75949096679688,6264600
2022-07-18,130.64230776307227,130.7775054204272,129.04690663840157,129.173095703125,6047500
2022-07-19,130.30881570317615,130.70540009680383,129.47054893684313,129.83108520507812,5943600
2022-07-20,129.7950467093568,129.99334579767122,126.76649506932867,127.58673095703125,8635300
2022-07-21,127.55315885572341,128.24263037671716,126.0562607706619,127.70738220214844,8310200
2022-07-22,127.69827189156769,129.88464099439378,127.61662669922829,129.74856567382812,5292700
2022-07-25,129.54899341969002,131.01866241332712,129.30404397312978,130.62857055664062,5262100
2022-07-26,129.44922698759214,131.08220056414694,128.56016897924872,130.8826141357422,5375700
2022-07-27,130.52878047136358,132.64257173618404,130.21125289074777,132.12545776367188,5500000
2022-07-28,132.57908893167482,134.81988893761857,131.6174527528388,134.3209228515625,7115700
2022-07-29,128.30613040320603,129.27684741079523,125.40307414220312,126.01998138427734,18694700
2022-08-01,125.50288258574473,130.58324204138884,125.43938536005375,129.63973999023438,12590000
2022-08-02,129.83023999900195,130.38363616491426,128.6145873862974,128.7778778076172,7495000
2022-08-03,128.51480032394815,131.78981441130662,127.83439585019941,131.43600463867188,6811000
2022-08-04,131.40877769034458,132.86937971569634,130.64671422804477,131.22732543945312,6124700
2022-08-05,130.41082657572406,131.39967752103766,129.52176881663505,131.2908172607422,4580300
2022-08-08,131.57209100620236,132.87846991997577,131.2999264253553,131.78982543945312,4486800
2022-08-09,132.06199419223245,132.39765600825712,131.08220997595032,131.4813690185547,3977300
2022-08-10,132.35227015847457,132.9056663193893,131.89866720175309,132.72422790527344,4641300
2022-08-11,133.18688776943674,133.62234269864237,131.48133635265938,131.7807159423828,5954300
2022-08-12,132.37040405094692,133.11430562243103,131.50856129356345,133.05987548828125,5038700
2022-08-15,133.24132543704252,134.96502494414165,133.13246515930317,134.77450561523438,6008000
2022-08-16,134.59305853609806,136.625204594485,134.59305853609806,136.01736450195312,7093000
2022-08-17,135.2643949356201,135.85407318860933,135.06480854537645,135.3914031982422,4834600
2022-08-18,135.05577483774854,136.07185513676893,134.73826099163432,135.8722686767578,3829000
2022-08-19,135.3642155978213,136.65244647806134,134.9196796670109,135.83595275878906,6502500
2022-08-22,135.15552538979958,136.19882043639308,135.02851712288575,135.47305297851562,6380700
2022-08-23,134.65655418787978,134.66563510557702,132.29782734460858,132.86029052734375,5268200
2022-08-24,133.0054438203634,133.5951220573358,131.6537021854952,132.28875732421875,5903200
2022-08-25,131.75351322887062,132.25247925853049,131.08218970065903,132.17990112304688,5097600
2022-08-26,132.45205888569546,132.93287689613916,128.8413833482378,129.08631896972656,6086600
2022-08-29,128.18816726195527,129.4491826222239,127.93415077520048,128.54197692871094,5272100
2022-08-30,129.1952138093368,129.1952138093368,126.92719873864215,127.17213439941406,5203700
2022-08-31,127.37171842501515,127.80718727721879,125.06742124761449,125.13999938964844,8406900
2022-09-01,125.04019519665779,126.79109599983425,124.0694782054024,126.68223571777344,7446500
2022-09-02,127.38983606682339,128.05209242114123,123.87895407005271,124.4323501586914,7077800
2022-09-06,123.27115116204308,125.13999323824005,122.73588912121238,123.04434967041016,8217200
2022-09-07,123.40722188867993,124.9766842758793,123.39815481278609,124.90410614013672,6609400
2022-09-08,124.29625240287655,125.63892685358235,123.4344097257368,125.0673828125,7380500
2022-09-09,125.14904912002947,127.99767504641795,124.55937083167574,126.97254180908203,6434300
2022-09-12,126.47354928627747,128.64177034402522,126.20138480915367,128.00672912597656,5818700
2022-09-13,127.71642171233543,128.30609990038533,125.06738263875994,125.35768127441406,6350200
2022-09-14,125.7931402412535,126.70034590199897,124.89500165368594,125.65705108642578,6137800
2022-09-15,125.90205414839303,126.00184736731981,123.9606337607079,124.6864013671875,5320700
2022-09-16,124.68639085847026,126.15606010164832,124.38701122692203,125.44844055175781,9321500
2022-09-19,125.37584635884346,125.61172874051246,124.49585557230016,125.18534088134766,6056000
2022-09-20,124.65913087633015,125.16716382216154,123.86078547981822,124.74077606201172,5589800
2022-09-21,125.26697946636673,125.37583973346885,123.11690613392746,123.13504028320312,6413900
2022-09-22,123.14413822745882,124.35072377849905,122.69053526133231,123.57052612304688,5061600
2022-09-23,123.08969758049349,123.83361310968331,121.52023515114934,122.99898529052734,6523600
2022-09-26,122.998971650769,124.12391189594274,122.46372351787183,123.11691284179688,7396400
2022-09-27,123.3437059993273,124.23276380257207,119.48808136994374,119.73301696777344,7722200
2022-09-28,120.67651874673112,120.67651874673112,119.0163304804649,119.73301696777344,10455100
2022-09-29,119.63324165187503,119.63324165187503,116.35822768832847,116.75740051269531,7128500
2022-09-30,117.02956826993734,117.06585041730028,114.49846282329474,114.53475189208984,9431900
2022-10-03,115.4419399993897,117.1202762948754,114.9248329615149,116.58501434326172,8477700
2022-10-04,117.1202677009556,118.72601190938562,116.75737709573832,118.02747344970703,7211600
2022-10-05,117.21100616455078,118.01841890766654,116.20400700467701,117.21100616455078,5071100
2022-10-06,116.92977087872775,117.08399422451649,114.62546700340145,114.743408203125,5530800
2022-10-07,114.76153638218116,114.83411450902088,112.27579437008563,112.73846435546875,6095400
2022-10-10,111.92198526442431,112.72032389972524,110.8424081164422,112.27579498291016,6923300
2022-10-11,112.21230218768274,114.03578109903212,112.13065005593607,112.70219421386719,5516200
2022-10-12,113.25557200536835,114.13556276409359,112.86548014472847,112.88362121582031,6823500
2022-10-13,112.04899259463483,114.98833750893347,111.5137375625102,114.58916473388672,6910500
2022-10-14,114.98834452632428,115.23328706686765,113.19207385042401,113.47331237792969,5516800
2022-10-17,114.3170191124671,116.37637349094025,114.18093684113866,115.52359771728516,6664600
2022-10-18,117.3289468719021,118.00028425660098,115.81391460045502,116.45802307128906,7114200
2022-10-19,119.42457989317627,120.65838042719899,117.49222696488918,117.53759002685547,9993700
2022-10-20,117.51291926238274,118.5636185171255,115.74045415300635,116.023681640625,8168000
2022-10-21,115.61255179551647,117.81443095738902,115.55773536750684,117.47638702392578,6394600
2022-10-24,118.30778978682886,119.17574896887322,117.26623598015487,118.1981430053711,6946000
2022-10-25,118.40829210398965,119.85183764996579,117.37586971246503,119.55947875976562,6776000
2022-10-26,119.36760206819122,121.12181109623732,119.13919103174914,120.4000244140625,6612800
2022-10-27,120.6010574243239,121.62433466252763,120.14423523711055,120.49142456054688,6676700
2022-10-28,121.67000288202242,123.80792707733465,121.4415918199308,123.54297637939453,6996400
2022-10-31,123.52472727102673,123.95414127927282,122.66589925453457,123.04049682617188,8346300
2022-11-01,123.06788236043445,124.51144200318801,122.28214771795102,123.23234558105469,6428300
2022-11-02,123.08613957886803,124.74896466325116,121.34107592669805,121.45985412597656,7318100
2022-11-03,120.35436764887406,121.18578736240583,119.65087152921477,120.62846374511719,5204000
2022-11-04,121.80705284037273,123.34196842234294,121.07613468372317,122.83032989501953,5555400
2022-11-07,123.66176274170137,125.34286492360899,123.39679808519617,124.71244812011719,6746800
2022-11-08,125.00482712853778,125.64437538772013,124.07290598452555,124.99568176269531,5266200
2022-11-09,125.05047350186996,126.05548766864771,124.56624320545077,124.69415283203125,5690700
2022-11-10,127.41687127310315,129.39947821447998,126.26567025216178,128.9883270263672,8068700
2022-11-11,129.00655148780137,129.3994257225766,127.09703855578455,128.79641723632812,7175200
2022-11-14,128.37614335555907,131.16276099355423,128.14773230229886,128.80555725097656,8516200
2022-11-15,129.81968657239784,130.8338320790832,127.63607773525945,128.3578643798828,7732400
2022-11-16,129.28068979541877,130.56893181698462,128.805590777466,129.49996948242188,6193700
2022-11-17,128.9243425081263,129.45425785359296,127.78228717938913,128.70506286621094,5186300
2022-11-18,129.66439312351767,130.43185096444088,129.0705299244687,130.25827026367188,5671400
2022-11-21,130.70592460713632,132.65199102945468,130.49579036460378,131.9119415283203,6377200
2022-11-22,132.87129669307515,133.2002092304934,132.3322498498668,133.04489135742188,5372900
2022-11-23,133.3007002350361,133.9676706238481,132.9992098786871,133.80320739746094,4296000
2022-11-25,134.1138440934952,134.48844161194262,133.75752336502487,134.04989624023438,2411100
2022-11-28,133.7483904010344,134.61634971002442,133.51997932282094,133.9402618408203,6628200
2022-11-29,133.16366480819477,133.44689232781013,132.04901757924588,132.91697692871094,5634200
2022-11-30,133.0722895792298,136.27919006347656,132.59720457061292,136.27919006347656,12396800
2022-12-01,136.61723898127175,137.37556546715274,135.74014820945973,136.36141967773438,6927400
2022-12-02,135.64876003402065,137.7501445526456,135.29243934172678,137.6039581298828,4938300
2022-12-05,135.86803464608926,136.7451252680369,135.46602896890323,136.2152099609375,5402500
2022-12-06,136.79081489489084,137.11972737452712,135.47516497634572,136.38880920410156,6866700
2022-12-07,136.1421073362208,137.4394803330698,136.1421073362208,137.26589965820312,6175500
2022-12-08,136.55329123262763,138.3074867187287,136.1421401205939,138.25267028808594,5187100
2022-12-09,137.6861889174562,138.82824425675346,137.2476435706755,137.88719177246094,5868200
2022-12-12,138.16128937459757,139.38556936603868,137.99682615453983,139.3033447265625,6142400
2022-12-13,140.1621627450793,140.91134375401515,137.76840541540577,139.09320068359375,7680600
2022-12-14,139.59571819118278,141.10323977750207,139.02926313874534,139.6414031982422,7385600
2022-12-15,138.61809927703393,138.8739185379998,136.80908766274544,138.06077575683594,7117200
2022-12-16,137.37556095603617,138.02425455941557,136.1512809091519,137.4486541748047,19966400
2022-12-19,137.2476295970367,138.3074601898649,136.35226220569746,137.41207885742188,5881800
2022-12-20,136.425380209042,137.86892600514213,136.37969520359687,137.46693420410156,5646100
2022-12-21,137.7318988540432,139.44955485646204,137.70449063622655,138.72776794433594,5024700
2022-12-22,138.07908553295724,139.2485492742286,137.85067442816037,139.04754638671875,5904900
2022-12-23,139.15715641824346,139.71447998012758,138.5724246435704,139.4403839111328,3401800
2022-12-27,139.5134926322091,140.99360599284995,139.47695299146426,140.65554809570312,4215100
2022-12-28,140.9570345065921,141.2950784196937,138.78255671914815,138.83738708496094,4197500
2022-12-29,139.6139972662298,140.00687160403967,139.0018571967187,139.41299438476562,3809100
2022-12-30,139.26678988472713,139.49520095304777,137.44864670320223,138.471923828125,4532000
2023-01-03,137.9145797389013,138.60895820556382,136.24260929468946,138.48104858398438,6447300
2023-01-04,138.8648102053634,140.1439067228822,138.1704315749048,139.08407592773438,7313400
2023-01-05,139.06577801731464,139.3124518927911,137.1653965696164,137.3572540283203,5373800
2023-01-06,138.7369066662388,141.12151908983216,138.6455366504876,140.62814331054688,7882200
2023-01-09,140.18957170167658,141.43212840166106,138.87392179097486,138.91046142578125,5727000
2023-01-10,138.96529366457054,139.5134718406893,137.9054630065277,138.77342224121094,4716400
2023-01-11,139.16629571097272,139.3855614037171,136.45277123442418,137.64964294433594,8691300
2023-01-12,138.59984945177825,138.62725766784897,136.60811139806987,136.87306213378906,7801600
2023-01-13,136.69031488787965,138.00596482005082,136.5167202522314,137.85064697265625,5535800
2023-01-17,137.76842132317273,138.99271531116298,137.4121005948674,137.4486541748047,9611800
2023-01-18,136.7360221099757,136.98269605651814,133.42861995378297,133.7666778564453,10461200
2023-01-19,131.75597421454933,134.43136584109908,130.7722476819682,130.93772888183594,12683700
2023-01-20,130.84580018540942,131.60887109323926,128.8507388535325,131.44338989257812,8603300
2023-01-23,131.80195180376924,132.11453676993366,129.34721569550172,129.67819213867188,7473100
2023-01-24,129.34720745687767,130.90095749311243,128.53815086319668,130.3861083984375,6822500
2023-01-25,129.071400494353,130.32175439573064,127.54523055044167,130.29417419433594,6902600
2023-01-26,130.30335164579466,130.31255439785454,129.39317702133724,129.77011108398438,5398600
2023-01-27,129.69656610437733,129.96317935632328,128.0600615579024,129.23687744140625,6870800
2023-01-30,129.59543029735008,130.66189730294113,128.97024643888773,129.64138793945312,6369300
2023-01-31,129.84367793686434,130.98371106555572,129.41156939776445,130.90097045898438,9373400
2023-02-01,130.62512058028747,132.48226654215662,129.95397911981456,131.6456298828125,7207900
2023-02-02,130.70787048339844,131.2043420868214,129.82527612177785,130.70787048339844,6444300
2023-02-03,131.2687039735024,131.82033602461647,129.78850579921834,131.11241149902344,5993100
2023-02-06,130.56077497925565,131.13998721024237,129.6413976112566,129.9999542236328,6108100
2023-02-07,128.68526001223128,129.43914221004167,127.59119862584828,128.73123168945312,6278300
2023-02-08,127.8486106129789,128.28990780802724,127.25102095361314,127.39812469482422,7123800
2023-02-09,127.68316458262282,128.0968816936826,125.95473021893717,126.00070190429688,6547400
2023-02-10,125.9087085908202,127.14987346026972,124.8790105844274,127.11309051513672,8108900
2023-02-13,127.73829027541754,129.12654501299636,127.55441761254255,128.77719116210938,5081600
2023-02-14,128.8415532169954,128.93349657195654,127.44409558738734,128.05088806152344,5253500
2023-02-15,127.89458434134569,128.08765975836167,126.93843806527524,127.75668334960938,5530300
2023-02-16,126.31325651329253,127.05794993965775,125.54098288806824,126.08341217041016,7595700
2023-02-17,125.57774658450573,128.74959557857068,125.57774658450573,128.72201538085938,8034700
2023-02-21,127.67392093048335,129.53106700112144,127.67392093048335,128.6300811767578,6899500
2023-02-22,128.69445092813527,130.1654604527705,128.60252160071212,129.1725311279297,6126300
2023-02-23,128.92430079365644,129.76093767186808,127.8854137750448,128.75881958007812,5835400
2023-02-24,127.7290745273883,128.1887631520954,126.9476122825364,128.032470703125,5260700
2023-02-27,128.35427339715397,129.14493848547286,127.3613441679685,127.92216491699219,5820900
2023-02-28,127.28780407830837,127.41651635908447,126.2121341542681,126.46955871582031,6709900
2023-03-01,126.92004953534169,127.17747407827974,125.504200520597,126.56149291992188,7101800
2023-03-02,126.87407643592704,129.10815670031698,126.67181229323512,128.64846801757812,5924600
2023-03-03,129.8069135884636,129.85288526993148,128.6852718978676,129.5862579345703,5259400
2023-03-06,129.38396076075742,129.76090881263423,128.65765888171694,129.03460693359375,4943100
2023-03-07,129.10816748602372,129.28285144463123,126.26729455623122,126.46955871582031,5606800
2023-03-08,126.13859286887389,126.58909290371754,125.58697477433,126.48796081542969,5518800
2023-03-09,127.01200669279916,127.38895486635411,125.12729388220141,125.55940246582031,4467200
2023-03-10,125.9087769733336,126.86493766592871,125.35715875399717,126.12943267822266,5928000
2023-03-13,125.99147161585445,129.926419759562,125.99147161585445,127.00279235839844,8337100
2023-03-14,127.14068028632568,128.81395370133328,126.32243505277367,128.57492065429688,9219700
2023-03-15,127.61875566763526,130.68947236004163,127.61875566763526,130.39527893066406,8823500
2023-03-16,130.4964519197762,131.58131069695105,130.19305564431508,131.36985778808594,7063400
2023-03-17,131.0112906290768,131.82953602344122,130.11949335303402,131.4066162109375,16018800
2023-03-20,131.93065536144604,133.67746678964068,131.6824195383369,133.4292449951172,8379200
2023-03-21,133.22698263183136,133.52117610547677,131.32386467681079,132.46389770507812,7753200
2023-03-22,132.4271222005769,133.9992638182959,132.23406079139266,132.38116455078125,5729100
2023-03-23,132.6110272767211,133.42007000821306,131.6456780113684,132.19729614257812,5788400
2023-03-24,132.6661606380872,134.92782116924226,132.6661606380872,134.89105224609375,6144800
2023-03-27,135.04735303367363,135.53462195975794,134.10958410691717,134.18313598632812,5917200
2023-03-28,134.7347730778516,134.98300892652114,134.0452399648929,134.56008911132812,4213800
2023-03-29,135.22203649770782,135.41509790544018,134.46814025795075,134.9738006591797,4987700
2023-03-30,135.07492592450583,135.6449354233581,134.50491642565356,135.56219482421875,4117700
2023-03-31,135.8288341883899,136.70223999023438,135.67254169994084,136.70223999023438,7685900
2023-04-03,136.4632015546245,137.97099418795784,135.23123901764956,137.4561309814453,5721700
2023-04-04,137.98015625802506,139.47874584816242,137.98015625802506,138.11805725097656,6714300
2023-04-05,139.12938085063286,140.067149707934,138.96388562706886,139.0650177001953,6094800
2023-04-06,139.62584412786808,140.62797617625677,139.2121270950546,139.9476318359375,5399700
2023-04-10,139.4235430373263,139.4419345088373,137.4560764431228,138.7891845703125,4891800
2023-04-11,139.06501521880116,139.23051043941214,138.38468494680401,138.51339721679688,6311800
2023-04-12,138.19159935853358,140.1222972949392,137.84223149629648,138.8903350830078,6137900
2023-04-13,138.73405236271256,139.62584961644365,137.74113705636398,139.53392028808594,5489500
2023-04-14,139.14776117998233,139.36840275561264,138.3754735795229,138.8259735107422,4478800
2023-04-17,138.9822995742553,139.2581156390673,138.2192145406635,138.87197875976562,4296400
2023-04-18,138.8076065675314,139.36842738567765,137.99856393293373,139.01907348632812,4158400
2023-04-19,138.98228296501168,139.6534245539313,138.5593772076159,139.04664611816406,3837600
2023-04-20,139.11232223303625,140.0282094954531,139.11232223303625,139.556396484375,5370900
2023-04-21,143.3401842456109,146.27285569543037,142.93312325409232,144.38558959960938,14876900
2023-04-24,143.59923261923677,145.47725262073473,143.59923261923677,144.64463806152344,8109800
2023-04-25,144.79266740831375,146.11561591338474,144.1265700283263,144.68165588378906,8341800
2023-04-26,143.6732077167956,144.32079821885375,142.78507351653423,143.00711059570312,4843700
2023-04-27,143.67324120697333,144.8851638825554,143.40494457588596,144.75564575195312,4805600
2023-04-28,144.5798900432655,145.5882823641686,144.09881657819204,144.6724090576172,5754700
2023-05-01,144.34856458551377,145.6159928377879,144.13578785417494,144.84814453125,3844600
2023-05-02,144.8666068557685,145.18114876116152,144.01548599131021,144.7185821533203,5262900
2023-05-03,144.91289267001437,145.77327405746192,143.79347506442275,144.53358459472656,5775000
2023-05-04,144.41333212059075,144.87589882934805,143.478938334395,143.86749267578125,4892600
2023-05-05,143.76573318375142,144.6076080152923,143.10889633624487,144.34857177734375,3989200
2023-05-08,143.71950779345823,144.07104895590194,143.2754335097111,143.67324829101562,4950700
2023-05-09,144.18205554978329,144.30231330055548,142.08199864062397,142.2022705078125,4472100
2023-05-10,141.9617119702038,142.76658759654305,141.02733235389599,142.498291015625,4754900
2023-05-11,143.21989893727954,143.29391130301266,141.90621120745126,142.8313446044922,3495300
2023-05-12,143.11816661129677,144.3671026310813,142.8313774508887,144.28384399414062,5252900
2023-05-15,144.88516389414983,145.01468202476246,143.0626496956895,144.330078125,5414900
2023-05-16,144.2005342284991,145.17192709273314,143.33090659987843,144.0802764892578,5591500
2023-05-17,144.56134673186216,144.83888958806568,142.37803124156554,143.46969604492188,4286900
2023-05-18,141.8322292960249,142.14677133061778,140.25025875259578,141.11062622070312,6997600
2023-05-19,141.0551223105193,141.8414915237164,140.47228362035162,141.7027130126953,4754100
2023-05-22,141.08287810666624,141.1753971159267,137.68763938980723,137.99293518066406,7876200
2023-05-23,137.65058958579027,137.73386231857876,136.05937315713263,136.50343322753906,6116000
2023-05-24,136.54044950183973,137.1047814999456,135.1527492556532,135.37478637695312,5755400
2023-05-25,134.59766119693296,135.26375836310655,133.54300970322728,134.50514221191406,6510300
2023-05-26,134.44965229287226,135.0787362925186,133.89456655025282,134.514404296875,4716400
2023-05-30,133.08968456767295,133.25620179513427,131.69273828822708,132.46058654785156,5561000
2023-05-31,132.44213455570372,133.20073679575793,131.27645714126135,131.83154296875,19854800
2023-06-01,132.52535430098882,133.33021580985726,131.7852447870197,133.1822052001953,6091100
2023-06-02,133.69104021280197,135.69857826202977,133.58002870739017,135.55056762695312,6124400
2023-06-05,135.11575756454909,136.78100077492115,134.81970805318622,135.0139923095703,4753700
2023-06-06,135.1342436057096,135.35626658899758,132.80290346627697,133.6725311279297,4635900
2023-06-07,133.2284415965804,134.25534012535837,132.72887582525698,133.9593048095703,6194400
2023-06-08,134.4588947803802,135.67081736419544,134.07034041799477,135.47654724121094,4863700
2023-06-09,134.77341781867412,135.79107013639592,133.89454397141319,135.58753967285156,5569500
2023-06-12,135.99459441591927,136.00384066696375,133.72802066560337,134.5236358642578,5354000
2023-06-13,133.69103338462904,134.77343785636282,133.47825663798477,134.19985961914062,5321200
2023-06-14,134.4311244907232,135.89283687400527,133.9870644364396,135.45802307128906,5693300
2023-06-15,136.15190499583466,137.81714823524683,135.5690663329359,137.33607482910156,5863000
2023-06-16,137.7708584787217,138.85326281753493,137.75235185889846,138.3444366455078,11244900
2023-06-20,138.53875380620062,139.02907347499925,137.02153529745388,137.0677947998047,5340700
2023-06-21,137.16028824951724,138.3999778736107,136.79948674753922,138.251953125,4649700
2023-06-22,139.09383202382915,139.7876821720363,138.288956252745,138.72377014160156,6666800
2023-06-23,139.00130436123223,139.26034060443902,136.8827549186304,137.34532165527344,13843300
2023-06-26,137.01230250963968,137.81716428725963,135.7356135246539,137.48411560058594,4353100
2023-06-27,137.3268158519066,138.92729281763638,137.2805563546832,138.7885284423828,5445400
2023-06-28,138.15018123372403,139.04756181896423,136.882752911163,138.76077270507812,6733300
2023-06-29,137.3638282281043,138.4924923104111,136.08715350339077,138.1964569091797,7343000
2023-06-30,138.61273732303988,140.6850411956396,138.5757240822993,140.37974548339844,7058300
2023-07-03,140.1392151255924,141.11060809960253,139.20483539585086,141.08285522460938,3996100
2023-07-05,140.2779837280557,141.04584615370774,140.10220612121282,140.84231567382812,8279800
2023-07-06,139.88020523595466,140.79609263253917,139.473144170806,140.61106872558594,7958300
2023-07-07,140.35200818071465,140.54627830870027,137.613606835158,137.6598663330078,9169500
2023-07-10,137.78935964999044,139.06604815542673,137.60433580831912,137.71534729003906,5529200
2023-07-11,137.5951208859968,137.89117042358265,135.95764452413894,136.99378967285156,5150300
2023-07-12,136.94749953957216,138.2149278124047,136.58669806909492,137.70611572265625,6764600
2023-07-13,137.84488925827327,138.32596262304648,137.10477964702605,137.7986297607422,5561400
2023-07-14,138.09469636012693,139.35287862019626,137.5951163111658,138.81629943847656,6128900
2023-07-17,138.44622497487927,138.91805210238283,137.81714096009742,137.8356475830078,4625300
2023-07-18,137.51182697249394,139.21406902769445,137.2712973722206,138.09466552734375,5351200
2023-07-19,138.35370984416417,139.52863327463777,137.71536550700594,139.03829956054688,6203600
2023-07-20,139.2254282902919,140.34258031741848,137.91276791087273,140.1656951904297,6445400
2023-07-21,140.714973489553,143.06100292198389,140.29604321367322,142.37208557128906,9938400
2023-07-24,142.28830238472707,143.32167130828927,141.78558889464608,142.82826232910156,5549500
2023-07-25,142.88413002122041,143.23790034045385,141.92523971890367,143.16342163085938,5883800
2023-07-26,142.54895146131588,144.15020785069706,142.33483409685158,143.31234741210938,7013800
2023-07-27,143.5171640767806,143.92678979731375,141.43180322922936,141.6086883544922,7191600
2023-07-28,143.98266256125254,146.60796940444413,143.92680708453616,145.61184692382812,9397300
2023-07-31,145.60253291951608,146.79416381256374,144.35504654794445,145.5094451904297,7955200
2023-08-01,145.11840860040186,146.31934372309146,145.10908988592624,145.46286010742188,5718800
2023-08-02,145.20222672329152,146.84071565971024,145.20222672329152,145.7794189453125,5636000
2023-08-03,145.9376661965926,146.81277315834964,145.4256482216304,146.16110229492188,5792700
2023-08-04,146.5614239827982,146.8407155823053,144.4388305551216,144.5598602294922,4785900
2023-08-07,144.92293623461694,146.3007568100169,144.7553697967563,146.08663940429688,4107400
2023-08-08,146.4217734445592,146.7476159851933,145.72355160493723,146.24488830566406,4625500
2023-08-09,146.44968779253205,147.17583730292176,145.94697436432315,146.05868530273438,4293200
2023-08-10,146.31936798255214,147.4458388083479,145.04395395938351,145.33255004882812,4307800
2023-08-11,145.63042421159696,146.58932843926158,145.03460891418888,146.17970275878906,3862300
2023-08-14,146.28216874142007,146.6545481269149,144.76469504507068,145.03466796875,4297600
2023-08-15,145.03463064239673,145.2022112664947,143.79646311186983,144.10366821289062,6921100
2023-08-16,144.07573177918405,144.97876641772126,142.31621346184667,142.63275146484375,6356800
2023-08-17,142.63275265582507,142.95858096598838,141.31077357397405,141.6086883544922,6419500
2023-08-18,141.15253412217237,142.33486051167853,140.7336038251325,142.00901794433594,5448200
2023-08-21,141.59010647269133,142.23247297606136,140.81740576612762,141.29220581054688,4504700
2023-08-22,140.96633968641197,141.6459383321806,140.5101629486438,141.34803771972656,4195600
2023-08-23,141.94386376172523,142.8841308406957,141.94386376172523,142.67001342773438,4522500
2023-08-24,142.01833666105827,144.0012771884766,141.9531624654454,142.00901794433594,4088900
2023-08-25,142.80963774575892,143.4426996144951,141.93454495321419,142.93997192382812,3541500
2023-08-28,143.09826163831505,143.71268613308715,142.4838229381816,143.16342163085938,3614700
2023-08-29,143.32167108592378,143.40545429991394,141.53422482733328,143.2471923828125,4034600
2023-08-30,143.46129569572864,144.17812643679065,143.0982209679968,143.40542602539062,3712200
2023-08-31,143.47991005093797,144.44811883114286,143.20993722503647,143.68472290039062,5451400
2023-09-01,144.20609240211755,144.5598627145989,142.95860600228278,143.843017578125,4126300
2023-09-05,143.18203362530812,144.15954707966657,141.8786776177101,141.91592407226562,5097000
2023-09-06,141.77628115706807,141.9252385750565,141.07805924127865,141.6366424560547,3877400
2023-09-07,141.96247626588638,143.5451096695407,141.8507511066136,142.9865264892578,4824800
2023-09-08,142.8282623014551,142.8655087557414,141.83213983237923,142.37208557128906,3384700
2023-09-11,142.74447181496785,144.3922793018618,142.5117312062965,144.06643676757812,4288500
2023-09-12,144.28988066993756,144.43882387146985,141.1059906757515,141.5342254638672,4537800
2023-09-13,141.48765780663274,142.9865077989322,141.18975723335257,142.52102661132812,4040600
2023-09-14,143.2285687995701,144.22469116602144,142.7816966263341,144.08505249023438,4606800
2023-09-15,143.39615362489593,144.59710321232077,142.65138077922046,142.87481689453125,10262400
2023-09-18,143.78715899054114,143.81508672983225,142.91205194512455,143.41477966308594,3536500
2023-09-19,143.13547303237624,143.42406911164906,141.26424366958963,142.99583435058594,4704200
2023-09-20,143.1541084873296,144.09437550421163,142.77241045068388,142.87481689453125,5446400
2023-09-21,142.8562011294424,143.09826048501392,141.5714824640355,141.6366424560547,5096400
2023-09-22,141.91590837141015,142.75376883652922,140.92909051526948,141.1152801513672,6327000
2023-09-25,140.74290987265368,140.836011808728,139.66300412314118,140.25881958007812,5527000
2023-09-26,139.62574645199754,139.9795167342323,138.5178988463549,139.01132202148438,6366500
2023-09-27,139.1044028017847,139.36507114241257,136.50702390575714,137.16799926757812,5403700
2023-09-28,137.61486456690693,137.76380775026715,135.62259145485118,136.23703002929688,6237100
2023-09-29,136.42322400577234,136.6373555858821,134.82198174482303,135.79017639160156,6683300
2023-10-02,134.78474485029642,135.54814089189108,133.96549333353332,135.16644287109375,5153800
2023-10-03,135.14779447595095,136.37667152224432,134.99883709966863,135.44570922851562,4670600
2023-10-04,135.5388078791027,136.20910192114053,134.9243693063416,135.892578125,4727800
2023-10-05,135.6226057895373,136.0043038114632,133.7699995659612,133.87240600585938,5205700
2023-10-06,133.68621723892178,134.57993326090138,131.68463939225816,134.1423797607422,7406700
2023-10-09,133.46278381347656,134.03067150347954,131.82429493667203,133.46278381347656,5062200
2023-10-10,134.03997145119027,135.19437001929106,133.79792632472908,134.7847442626953,5988900
2023-10-11,135.11988349913432,135.51088600634384,132.71799877882526,133.12762451171875,5469100
2023-10-12,132.93209876932852,133.99339520876492,131.88012104419485,133.42552185058594,5965600
2023-10-13,133.30452968700297,135.01749736816973,133.30452968700297,134.7009735107422,7078900
2023-10-16,135.7901941345151,136.90734632072636,135.41781480756492,135.98570251464844,6509800
2023-10-17,136.02292844888996,136.68391805969793,135.21299563743466,136.16256713867188,6160100
2023-10-18,139.70021472272634,140.8546132064711,138.49927948351802,139.6722869873047,10508500
2023-10-19,140.16037688904848,140.78805682682832,137.88385241499412,138.8862762451172,8146000
2023-10-20,139.635751876922,140.41332938356786,138.57712002046156,138.69891357421875,7284200
2023-10-23,138.520925694247,140.05734009066492,138.23987131666655,138.7926025390625,5981800
2023-10-24,138.76451177082106,140.59135825189034,138.7176812826056,140.4320831298828,6322000
2023-10-25,140.18848900875685,141.64059129872732,139.70132906802084,141.08786010742188,6172900
2023-10-26,141.50942677046265,141.81858512201694,140.28217089597064,140.33837890625,7582100
2023-10-27,139.57016583488826,140.47890012886134,137.04070528564085,137.86512756347656,8131800
2023-10-30,138.5584033870504,140.1041954327804,138.22114096752935,139.83250427246094,5412800
2023-10-31,140.01985787181775,140.76931707186395,139.2516436082471,140.55384826660156,6762100
2023-11-01,141.16279472589255,141.16279472589255,139.7856555124728,140.16038513183594,5896900
2023-11-02,140.09480019844156,142.07152968351105,139.50460176011623,141.8748016357422,5859200
2023-11-03,142.20270336779302,142.671122597181,140.16976562765166,140.5913543701172,6587700
2023-11-06,140.86303455359058,141.69682022975326,140.619461694775,141.40640258789062,6480800
2023-11-07,141.3876495983086,141.6968079856797,140.63817601938044,141.0784912109375,6003800
2023-11-08,141.4251183088131,141.64995035558013,140.06669131617718,140.5351104736328,4832600
2023-11-09,140.28219618035234,140.85366821289062,139.70134661439872,140.85366821289062,6581500
2023-11-10,141.31267503534755,141.87478369076942,140.45078558004647,141.8466796875,5387200
2023-11-13,141.88416740409372,143.24258017322785,141.88416740409372,142.83038330078125,6297500
2023-11-14,142.91467342984177,143.80466688052243,142.09961445720396,142.51182556152344,7982600
2023-11-15,142.45563982596695,142.76479820253815,140.88175823071612,141.85606384277344,7672600
2023-11-16,142.39009154611693,143.2332404945991,141.75303392024622,143.17703247070312,7590500
2023-11-17,143.07396061483763,143.1863766476639,141.35954463913956,141.52818298339844,8495600
2023-11-20,140.72249376885873,141.49069377658358,140.20722982128913,140.77870178222656,6856500
2023-11-21,140.38523148046502,140.53511475119905,139.42965236756478,140.16038513183594,7310400
2023-11-22,140.61943372662412,141.91226085246024,140.61943372662412,141.4813232421875,4372700
2023-11-24,141.63122439703395,142.1558659160613,141.4907043531104,141.818603515625,2132500
2023-11-27,141.9497678495477,142.0621838906482,141.2190349923533,141.6874542236328,6021300
2023-11-28,141.60311686821734,143.12080477996307,141.60311686821734,142.67111206054688,6110400
2023-11-29,142.67111807583026,142.82101565528896,141.45323955403333,141.5843963623047,5342700
2023-11-30,141.36889913292967,143.92647808169198,140.60069913109896,143.82342529296875,9771300
2023-12-01,143.64542595090856,143.79532351774438,142.61489804768578,143.0177459716797,5685400
2023-12-04,142.18398108772953,142.89597319120705,142.08092828242167,142.45565795898438,6578300
2023-12-05,142.53059752679766,142.97091273051717,136.94703421932326,137.4904022216797,11895800
2023-12-06,137.7246220492529,137.86515640056194,136.44115788508552,137.38735961914062,7610000
2023-12-07,137.31239645567695,137.80891961094196,136.79713253181194,137.24681091308594,6119600
2023-12-08,136.70347108211234,137.00326626126082,135.3919029108902,135.9821014404297,6385300
2023-12-11,135.65419263220423,136.65660220885903,135.5136583061187,136.60977172851562,8471200
2023-12-12,136.64724969886925,136.99387533272446,135.91651688991965,136.72219848632812,6069200
2023-12-13,136.64724826236593,139.26102108305153,136.26314109130945,139.19544982910156,9055500
2023-12-14,139.0830294032974,139.16734142500675,135.2607271739315,135.52304077148438,10565200
2023-12-15,134.13650150661144,135.13892535351133,133.499458321493,134.86724853515625,14550000
2023-12-18,135.06399103800373,138.17430140201523,135.0452502673115,136.9376678466797,8421800
2023-12-19,136.4692486445107,137.09692866001478,136.20693503489764,136.9376678466797,5233600
2023-12-20,136.3755745063612,136.84399371239525,134.75483376106922,134.82041931152344,7663800
2023-12-21,135.3918567270431,135.64479274127143,134.0896522387346,135.1482696533203,6104700
2023-12-22,135.37314902631744,136.4317809944935,135.17640667217992,136.1038818359375,4413800
2023-12-26,135.9258801277197,136.9376673158852,135.81346409404114,136.72219848632812,3634900
2023-12-27,136.45050282298635,137.0688195777666,136.1788259855933,136.83460998535156,4569400
2023-12-28,136.7784020226665,136.78776526015983,135.8790308976406,136.52545166015625,5023000
2023-12-29,136.77840007622106,137.67777118844836,136.52544971731044,137.28428649902344,5300900
2024-01-02,137.11568716650277,139.9730475283346,137.0688423812226,139.34536743164062,7238400
2024-01-03,138.97060119459852,139.77628276935093,137.88386524818472,138.50218200683594,7697500
2024-01-04,138.69892240530294,139.8418663509746,138.43660880744574,139.26101684570312,7067400
2024-01-05,139.3266116833448,139.46713172906033,137.2936740168803,138.1087188720703,5294200
2024-01-08,138.567744505095,139.51394596077546,138.32415741916495,139.29847717285156,8255300
2024-01-09,139.18607662585387,139.96363985497652,138.69891669488226,139.86996459960938,9786800
2024-01-10,139.91681226538543,140.52575147041642,139.832485950289,140.46954345703125,8591100
2024-01-11,140.57261759975935,141.27524646384177,139.86061120200915,141.00355529785156,6659400
2024-01-12,141.4157449503064,141.74364408820958,140.42269859439665,141.08786010742188,5684700
2024-01-16,140.6662876826748,141.93102530938037,139.47651314246295,140.3290252685547,8120100
2024-01-17,139.7388106929866,141.08786019430556,139.59827636450498,140.46954345703125,6541400
2024-01-18,139.74455823573214,139.90482484643766,138.5095515880084,139.6597137451172,6526200
2024-01-19,139.76341138611465,140.11222608948282,138.87721949456517,139.12234497070312,7848100
2024-01-22,138.55670059612683,139.7257219503274,137.906197358116,139.395751953125,11084100
2024-01-23,144.34519788579013,147.44685506060992,144.13779066476656,145.16539001464844,19101600
2024-01-24,145.11823379534124,145.4010631013622,143.38356848351344,143.41184997558594,11592700
2024-01-25,143.6758303710703,146.74922032417038,143.35529718126756,146.7115020751953,10352500
2024-01-26,146.8906713141815,147.22064135663746,146.44757526187843,147.2017822265625,8356600
2024-01-29,147.7108490822252,148.32364847413825,146.50412381191327,147.2206268310547,8987400
2024-01-30,147.390310444129,148.8798650420333,146.90008821086892,148.4744873046875,7794700
2024-01-31,148.94586347297243,149.42666333084975,147.72970150113673,148.14451599121094,8870000
2024-02-01,147.7956901231939,150.18085887618543,147.65426825661092,150.06771850585938,7601100
2024-02-02,149.86975959691955,150.46369983474412,148.51219013063445,149.04013061523438,7937700
2024-02-05,149.1155562804518,149.89804465488623,148.54047515636387,149.1532745361328,6931900
2024-02-06,149.24752174587078,149.96402465643527,148.83270729981717,149.86032104492188,6185400
2024-02-07,149.99232469120588,150.6805318061509,149.65293231933035,150.01116943359375,7209300
2024-02-08,149.7094837656283,149.9923131179183,148.73844735149484,149.5586395263672,6121600
2024-02-09,149.20035778312715,149.2757798874553,147.9747881473576,148.408447265625,5978000
2024-02-12,148.3519149265113,148.5876036567336,146.58896782774434,148.11622619628906,5482000
2024-02-13,148.71959891170184,149.86976114444195,146.57954106746575,147.32432556152344,6046800
2024-02-14,147.22062151429685,147.22062151429685,146.0421777862149,146.72096252441406,5727300
2024-02-15,147.35260940311042,148.4084904000012,147.21118752190563,148.02195739746094,6249200
2024-02-16,148.05025113045218,149.37953924300191,147.70143635486286,148.49334716796875,6617600
2024-02-20,149.61520667355055,150.64280610961168,149.0778438360493,149.4360809326172,6622100
2024-02-21,150.07717001914799,151.2178955078125,150.07717001914799,151.2178955078125,7121000
2024-02-22,150.3317220043837,151.86840290687744,149.54923361058138,151.36874389648438,6619500
2024-02-23,151.40643567123846,152.48117563197547,150.99162123283162,151.8118133544922,5486500
2024-02-26,151.81181640312622,151.94380151024274,150.90677977869802,151.04818725585938,4531900
2024-02-27,150.2845660439178,150.65223988924902,149.86032920473545,150.1808624267578,3868200
2024-02-28,149.9640284228384,150.95390955679386,149.55863633663253,150.88792419433594,3802900
2024-02-29,150.77479464919872,150.9444980232562,149.1249734604302,149.8414764404297,8348100
2024-03-01,149.00243069583414,149.92632656837665,148.58761619399473,149.7566375732422,4819800
2024-03-04,148.7101730617295,150.61452772982258,148.64417330936732,150.4259796142578,3841600
2024-03-05,150.33172267696963,150.83138168959815,149.69064177935374,150.19973754882812,4481600
2024-03-06,150.53911404655724,150.83138018516263,149.81320304166948,150.4354248046875,5405700
2024-03-07,150.79366408404118,151.69871524184867,150.3411456977875,151.42530822753906,4783900
2024-03-08,150.69938363613687,152.01923480434968,149.22867383902982,151.17076110839844,5080200
2024-03-11,152.10406288297588,153.31078793092098,151.61384072214005,152.3020477294922,5170900
2024-03-12,152.55661959873407,153.2165452155912,152.0003832210335,152.66030883789062,4229100
2024-03-13,153.0845774075092,153.41453306060902,152.09468167760733,153.0091552734375,5410500
2024-03-14,152.95258777835997,153.31082492305583,151.90612907495478,152.25494384765625,5848100
2024-03-15,151.5007190741136,152.2549259185719,151.12362284453394,152.1417999267578,10956900
2024-03-18,152.23608563711434,153.4051071100052,151.7835672285408,151.98155212402344,6086300
2024-03-19,152.53774328454458,152.88655798873236,151.94380310364284,152.56602478027344,6148100
2024-03-20,152.73574843108915,153.1034223443372,152.22666700709232,152.71690368652344,4870300
2024-03-21,152.81115946314637,153.1599886064854,151.89668593260646,152.59432983398438,5211500
2024-03-22,152.91484303900097,153.11282789900307,152.2266359847715,152.40576171875,6393200
2024-03-25,151.94380851211716,152.40576360096168,150.58623912761757,151.01991271972656,7145600
2024-03-26,151.18017297739047,151.91552063221357,150.97276575317903,151.3592987060547,5842700
2024-03-27,152.12296298939546,153.42396962622738,152.10410385957582,153.30140686035156,6599700
2024-03-28,153.49936758190142,153.80104168499167,152.44347225783827,152.9619903564453,7191500
2024-04-01,152.51889154077875,152.7922985264543,150.6522408058402,151.38758850097656,5971900
2024-04-02,150.50140421761702,151.51015894972522,150.50140421761702,151.378173828125,6771200
2024-04-03,151.4347499266213,151.6704386916766,146.76810087028608,147.21119689941406,9601800
2024-04-04,147.89940133289883,148.08794944606035,146.51355040394822,146.55125427246094,6801700
2024-04-05,146.4004036802731,148.06908389926585,145.83475936531335,147.16404724121094,5121200
2024-04-08,147.04148228899814,147.72968933523703,146.72094907680994,147.1074676513672,5476800
2024-04-09,147.3243122484025,147.7768305725114,146.78693505046843,147.69198608398438,4608100
2024-04-10,146.73980867944812,148.55933329348062,146.73980867944812,148.23880004882812,7784900
2024-04-11,148.5310473707655,148.5781879959985,146.85294468662403,146.91893005371094,8209800
2024-04-12,146.3344219922096,147.0414881926415,145.88190365181683,146.43812561035156,6770500
2024-04-15,147.46572772585827,147.84283833748026,146.43812828162382,146.55125427246094,5754000
2024-04-16,146.92837717115427,147.955976701323,146.75867378540795,147.02264404296875,6103300
2024-04-17,147.35258608514005,148.1256375825885,146.82464567023916,147.9748077392578,6621900
2024-04-18,148.34204119141518,149.5660561919944,147.981490866613,149.24343872070312,7819300
2024-04-19,147.05161140262197,150.08790460622845,145.66630941512716,150.04995727539062,12034200
2024-04-22,150.32512056458415,153.0388108785496,149.20549328785287,152.32717895507812,8926300
2024-04-23,153.4088370559489,153.80736361715321,152.21330080689552,153.23805236816406,7707300
2024-04-24,152.9533959760382,154.52847787590827,151.26445761821628,154.2817840576172,7217600
2024-04-25,154.63285657749992,155.9137996873976,153.78838736879447,154.23434448242188,7094600
2024-04-26,154.1869089158388,154.9649667288212,152.27974067001205,153.03880310058594,5659800
2024-04-29,152.924939296451,153.5132169953848,152.20382423071962,153.38987731933594,4621000
2024-04-30,153.56067826026754,154.99343980893246,153.33296530920245,154.85110473632812,8106100
2024-05-01,154.92697607178368,155.8378710883196,153.9212055081865,155.04083251953125,7543000
2024-05-02,155.17368787527215,156.07509978516285,154.31973546169723,155.45834350585938,5647500
2024-05-03,155.17368309163527,156.28384146452058,153.86429039639833,156.046630859375,5581500
2024-05-06,156.35023658154407,156.54000215021077,154.90799219894438,156.0276336669922,5472400
2024-05-07,156.5400248895718,157.54579557997226,156.16997690955301,157.28012084960938,6433000
2024-05-08,157.48884751314054,157.85889544655166,156.49256016066906,156.6254119873047,4579400
2024-05-09,156.60644688083545,157.82096404006646,156.60644688083545,157.54579162597656,4671100
2024-05-10,157.59324726540282,158.79828129364668,157.22319926972952,158.3143768310547,4879400
2024-05-13,158.3143516338036,159.0734139300329,156.90057132243385,157.3844757080078,5725500
2024-05-14,157.06189113785135,157.57427417368473,155.56271831469687,157.28012084960938,6009800
2024-05-15,156.85312184619744,158.15303119359635,156.672839488608,157.99172973632812,5102700
2024-05-16,158.3902588366495,159.72813012881383,158.06765588736044,159.27268981933594,6793600
2024-05-17,159.09239843901676,159.40551815849608,158.3428193371255,159.06393432617188,4700800
2024-05-20,158.97855136899227,159.29167110694885,158.25742185920632,158.75082397460938,3804600
2024-05-21,159.17781230343712,159.91790829385974,158.73185517097895,159.73764038085938,5147100
2024-05-22,159.41501583972624,159.8135279339121,159.05446555156965,159.22525024414062,4536700
2024-05-23,158.73184585419165,159.50990360666327,156.86263956217738,157.02394104003906,4729800
2024-05-24,157.36551819188995,157.80197758910595,156.70131692781905,156.8721160888672,3820100
2024-05-28,156.075077805758,156.33125480684208,153.9591490163136,154.7656707763672,6466200
2024-05-29,154.32921351184478,154.41462033289494,153.16214139148036,153.38037109375,4360400
2024-05-30,153.3803408032283,154.37662804111199,153.21903936138938,154.2627716064453,4748200
2024-05-31,154.12998271118173,156.34078754090353,153.68402556434324,156.12254333496094,10341400
2024-06-03,155.543715302689,157.73555323391608,155.2590741878925,156.2268829345703,5828400
2024-06-04,156.35973988198486,158.5705445125529,155.98969190817567,158.46617126464844,6277000
2024-06-05,158.4661785312373,158.4661785312373,156.54002944100975,157.5552978515625,5243300
2024-06-06,157.34652773673915,159.95584418429527,156.63489597831477,159.85147094726562,6302000
2024-06-07,159.78504081443552,160.3258878860857,158.3048491125074,158.5135955810547,4558200
2024-06-10,158.2479254956164,159.13983961842558,157.58373874826444,158.7887725830078,4110600
2024-06-11,158.4282202111695,158.93110553610344,157.52682280675126,158.91212463378906,3947700
2024-06-12,158.93110344199425,159.06394080007206,155.8189015000119,156.7297821044922,5474500
2024-06-13,156.05609420779902,158.45666406806038,156.05609420779902,157.8968505859375,4902200
2024-06-14,157.4983838136509,158.3902836700784,156.7962350978876,158.2574462890625,3695000
2024-06-17,157.3655072451861,160.07919690576173,156.93851661136122,158.93109130859375,6759400
2024-06-18,158.48514665990842,160.02226673182463,158.39975431773223,159.93687438964844,5112600
2024-06-20,159.7565787041136,160.14560753475033,158.32383199585234,159.09239196777344,8483600
2024-06-21,158.9121257443038,160.2405138300542,158.627470120344,159.6522216796875,14682000
2024-06-24,160.12665839581643,160.74341472047018,158.91214112898143,159.83251953125,7565200
2024-06-25,160.00331532189054,160.2689900634925,157.41296487398986,158.3143768310547,7968200
2024-06-26,157.5552933397898,159.22525085683074,157.18524535960853,158.8836669921875,5164000
2024-06-27,158.9216331790122,159.50042767455133,157.03343141988248,158.09613037109375,5007000
2024-06-28,157.5078448329541,158.68441466915468,156.1604903073076,156.48309326171875,9253100
2024-07-01,157.1188028213239,157.70709492932937,153.90222780202302,154.3956298828125,7638600
2024-07-02,154.26277925231273,155.64808087002964,153.43729110369807,155.51524353027344,5449200
2024-07-03,154.86059008357563,155.80943257921422,154.64234588528376,155.44886779785156,2980500
2024-07-05,155.61964772130187,157.15678236222655,155.13574327552556,156.75827026367188,6509200
2024-07-08,157.46040406648274,158.14357179908373,157.14728431585834,158.00125122070312,5144500
2024-07-09,158.10560467387884,158.22894433363587,156.69182436684602,157.1852264404297,4393100
2024-07-10,157.41295511356785,158.3807784569293,157.0713712558042,158.2669219970703,5037100
2024-07-11,157.79249485029888,158.10561458133748,156.35025034077788,157.0713653564453,5831500
2024-07-12,157.716591432066,159.06394595860377,157.52682583982724,158.08663940429688,4684600
2024-07-15,157.9537881582451,158.09610872036794,156.04662023487202,156.1604766845703,5752500
2024-07-16,156.47360853671617,158.5231116593726,156.18895291220502,158.40924072265625,6378300
2024-07-17,159.16831979968336,161.46451677416525,158.76980771103973,160.77186584472656,7982300
2024-07-18,160.1645971426643,162.1761383615625,159.67119504962267,159.82301330566406,5926300
2024-07-19,160.3356053104949,161.35696522143925,159.53378760307388,160.32606506347656,6597100
2024-07-22,160.29742730382893,161.03243420713264,160.0778850837172,160.60289001464844,6383000
2024-07-23,160.4692499567639,160.76515784764106,158.76061347463607,159.04696655273438,4863400
2024-07-24,158.76060711949998,160.63151512607942,158.0542355695188,160.36424255371094,5907000
2024-07-25,160.66971204596277,162.35925347167932,159.28560419407748,159.31423950195312,7338300
2024-07-26,159.64832062188657,161.62424404781498,159.43831867617644,161.4237823486328,5581600
2024-07-29,161.17562746038095,162.7888032656062,160.4692558561553,162.20652770996094,6797800
2024-07-30,154.43649186049203,154.99968689683195,150.8569327498577,154.3505859375,15746300
2024-07-31,153.50103847353168,155.4578670420047,151.9737686523616,153.45330810546875,9660900
2024-08-01,153.56786193977499,158.75105649633764,153.37694046996265,158.15924072265625,12532700
2024-08-02,159.82970709064065,162.60744852737045,157.64378144782415,162.34971618652344,11899000
2024-08-05,163.11335957890677,163.11335957890677,159.09470134314907,160.42152404785156,10338800
2024-08-06,160.2687828825541,162.58834469450176,160.22106708130738,160.4501495361328,7454900
2024-08-07,160.9083566019279,163.91518058701877,160.37379684511558,162.29244995117188,8385500
2024-08-08,161.7197273427954,163.76246209399392,161.31881841763666,163.10382080078125,6386900
2024-08-09,162.38787899044218,163.47606431990852,161.9392397737509,162.78878784179688,5377300
2024-08-12,161.7005956890717,161.9392329404223,158.6460417848362,159.2283172607422,7208100
2024-08-13,159.73423854546292,160.17333752821304,158.89424526473243,159.68650817871094,3770000
2024-08-14,158.9324181645756,161.76743003219175,158.2833317964308,161.1278839111328,5476600
2024-08-15,161.7578705871351,161.9678579549414,159.1710365381304,160.28785705566406,9491400
2024-08-16,160.19245121594943,160.6983611187717,159.21880696898793,160.25926208496094,5640800
2024-08-19,160.5360549581622,161.5478892031296,160.52651471099506,160.76515197753906,3885300
2024-08-20,161.0992586576565,162.80789516946604,160.46925274436927,162.6647186279297,4513600
2024-08-21,162.45472173498362,164.07745237259607,161.89154123365142,162.42608642578125,4082000
2024-08-22,163.1133504762631,163.4569887256195,161.45242984349667,162.41651916503906,4097300
2024-08-23,162.32107168223374,162.3783422957855,160.60288044936624,161.48106384277344,4771300
2024-08-26,161.03242245593069,163.199252886235,161.03242245593069,162.60743713378906,6472400
2024-08-27,163.065607996425,163.32334030561282,161.39514724049783,161.5574188232422,4456400
2024-08-28,161.71969108171092,163.4187871496182,160.91787341117845,161.3760528564453,5644800
2024-08-29,162.0347293379949,162.84610199731034,161.2615468038495,162.302001953125,4413200
2024-08-30,162.42609444263985,164.06792022251076,161.97745515597367,163.7433624267578,7301600
2024-09-03,163.25652442380783,167.0460853539148,163.21834887015683,166.58790588378906,10101400
2024-09-04,165.73836590158092,168.0006426214514,165.73836590158092,167.90518188476562,7517500
2024-09-05,167.99109003582032,168.5256351653687,166.73107831737425,167.49472045898438,6061900
2024-09-06,167.77153978301249,168.9933614309112,167.3706309202891,167.60926818847656,5785700
2024-09-09,167.56152229559302,168.80243888823748,166.72152909378548,168.05789184570312,6450200
2024-09-10,167.9147319284295,169.85246539295386,167.9147319284295,169.7092742919922,6396300
2024-09-11,168.57338173057175,168.95519555543896,165.738369656878,166.0151824951172,6828200
2024-09-12,165.9960814428732,166.67381770760383,164.60244792367186,165.58563232421875,4838900
2024-09-13,165.49020184378725,166.60702273891818,164.94611633525645,166.16793823242188,3918000
2024-09-16,166.7692874833674,169.2511065204902,166.39701389953578,169.18429565429688,6892300
2024-09-17,168.602004933821,168.92654811818286,167.38972355074856,167.88609313964844,4757100
2024-09-18,167.0938276699996,167.9051856891584,164.72654991224246,166.0151824951172,5102900
2024-09-19,165.02246941707457,165.28974202633125,162.63609643066508,163.7433624267578,8692000
2024-09-20,163.71472475949486,166.60700761216805,163.70518451118187,166.3015594482422,28647500
2024-09-23,166.10107647088833,167.22745193415872,164.74561855528427,165.8719940185547,10265000
2024-09-24,165.0224658407702,166.56883084156658,164.77427373379285,165.36610412597656,5422400
2024-09-25,166.1583489262191,166.74060982482425,164.23969614326285,164.43060302734375,8916500
2024-09-26,163.70517793653715,166.6738263522826,163.57154163919952,165.33746337890625,4957200
2024-09-27,165.14652267120897,166.52107560680193,164.7360735790523,165.6619873046875,4599500
2024-09-30,165.83382126585266,166.0915536169806,164.8601916109503,165.32791137695312,6296600
2024-10-01,165.36609237185394,166.09154444894068,164.37335314503687,165.1751708984375,7130600
2024-10-02,164.19198502467805,164.6119889580386,163.30426135529055,164.1060791015625,6212700
2024-10-03,163.58106472086416,163.58106472086416,162.05379499231555,162.38787841796875,4794300
2024-10-04,161.17561884305906,162.35925038679864,160.6124238132577,161.20425415039062,6002800
2024-10-07,161.4715191558266,161.8724280049286,159.2855936969518,159.52423095703125,6325300
2024-10-08,159.26654115914886,160.92744745907234,158.7129008707527,160.51699829101562,7473000
2024-10-09,160.72698992827029,162.09198821626626,160.36425659176155,161.5765380859375,8758800
2024-10-10,161.12789584448973,162.0728901601742,160.717432145194,161.2710723876953,6932300
2024-10-11,161.75789191633507,163.61925969099556,161.29015762823562,163.3137969970703,7036500
2024-10-14,163.24699686017917,164.98426870890052,162.97972426806817,164.6692657470703,5909000
2024-10-15,165.03199035829152,166.96018358400357,164.96517949642603,165.68109130859375,7172200
2024-10-16,164.06792193095137,164.7456437096005,163.1229129749975,164.54519653320312,6117000
2024-10-17,164.35424630138576,165.78606985777483,163.95333745342833,164.44970703125,7045600
2024-10-18,163.51546695754854,165.34937849661952,161.74877373970446,164.4564208984375,8372500
2024-10-21,164.16840144062857,164.64848216803202,161.73919413203924,162.7857666015625,5522500
2024-10-22,161.8544196342322,163.9283571927901,161.8544196342322,162.93939208984375,7511400
2024-10-23,162.7953540474375,163.3906493750313,162.008014735937,162.82415771484375,4837800
2024-10-24,162.6705195056028,163.1890147924007,162.20003521216,162.862548828125,5861200
2024-10-25,162.19045106926714,162.65132440815398,161.3455044055585,161.51834106445312,4877900
2024-10-28,162.53612103883904,162.90098706006754,161.671981636972,162.55532836914062,5753800
2024-10-29,162.13285270356837,162.13285270356837,160.18372625631912,160.5101776123047,5681000
2024-10-30,160.43334825084128,160.65419589869495,159.34837594343762,159.5404052734375,5518100
2024-10-31,159.15633685807876,160.38534218895973,158.51303052479724,158.5994415283203,6056500
2024-11-01,158.72426972107164,159.72284572515082,158.41702570890075,158.52264404296875,5454800
2024-11-04,159.11795120721033,159.6460429167733,158.02336777779826,158.50344848632812,5130200
2024-11-05,157.78331784214802,159.6940442203923,157.78331784214802,159.15634155273438,4397400
2024-11-06,159.01230512170972,159.4251674265792,153.4433669442207,154.63397216796875,11473700
2024-11-07,155.5077475312427,157.41845934976925,155.04685950839882,156.8999786376953,9056700
2024-11-08,157.485673433179,161.06707127339962,157.39924777441394,161.02867126464844,7506200
2024-11-11,160.3469614119807,161.80641091151566,159.17556327630012,159.4156036376953,6364400
2024-11-12,159.52122091759512,160.404567683523,158.9739365157369,159.23316955566406,6507500
2024-11-13,159.44437659301175,160.15490120018765,159.07951062569197,159.94366455078125,5412300
2024-11-14,160.0685120631884,161.345513821409,159.8764680641205,160.42376708984375,7444300
2024-11-15,161.24951706441215,163.7747463788426,160.231748266461,162.7857666015625,9939400
2024-11-18,162.37287635348824,164.6196502560878,162.1040323643344,163.94754028320312,6681000
2024-11-19,163.88993438909412,164.3508077101337,162.90096942368697,163.95713806152344,5683700
2024-11-20,163.23702355040305,164.25480687388813,162.75694288213433,164.08197021484375,7081100
2024-11-21,164.8213169468478,166.59760682720707,163.43868212373295,165.86788940429688,6240400
2024-11-22,167.21208441024945,170.33260863292804,166.95285140808937,169.25723266601562,10609800
2024-11-25,170.4094395734276,171.69606697205924,169.8525442085363,170.32302856445312,19357000
2024-11-26,170.14059332928494,172.310567421134,170.14059332928494,172.16653442382812,6276700
2024-11-27,172.82905655918222,173.2419189396413,171.60964744676247,172.2145538330078,5522900
2024-11-29,171.58082701313893,172.47378466992373,171.1775610120068,172.11851501464844,3823700
2024-12-02,171.98407457793905,172.9826504601822,170.91829502816088,172.5409698486328,5728200
2024-12-03,171.64806524874908,172.46419368467002,168.22028186517832,168.4315185546875,8127300
2024-12-04,167.2312961085982,168.1722501042357,166.54958977279418,168.13385009765625,6823500
2024-12-05,167.89380966454308,169.4300736429721,167.50014000557204,169.01719665527344,5022200
2024-12-06,168.3835021398046,169.69893323690107,166.82804534060054,166.895263671875,5741200
2024-12-09,166.7224278120555,166.83764249377293,163.6403032180097,163.9859619140625,7164300
2024-12-10,163.63067967596334,166.0406791569476,163.16019538566363,165.4165802001953,6219900
2024-12-11,166.11752595597954,166.48239199255704,163.6115040040624,163.8323516845703,5237500
2024-12-12,164.60045981415468,164.97493682057024,163.24664339092186,164.0435791015625,4072800
2024-12-13,163.96675314431806,164.9461071446132,163.3426394941584,164.2451934814453,3884500
2024-12-16,164.61966917436575,165.89668559505205,164.28362147475374,164.322021484375,5943600
2024-12-17,163.87074763090882,165.09975307521893,163.24664856888748,163.54429626464844,6069200
2024-12-18,162.99697307034344,163.76510502194003,162.28646310210777,162.3440704345703,7517100
2024-12-19,162.27687036352563,163.32345740759524,160.68301359951238,162.44970703125,8585200
2024-12-20,162.14244393246503,163.1026052910293,160.82702755951982,161.36471557617188,21999300
2024-12-23,161.36469347624072,161.95998874873317,159.73242232041136,161.41270446777344,6983900
2024-12-24,160.94223578675613,162.44008510196718,160.75020645291607,162.20965576171875,2460800
2024-12-26,161.60476848617395,163.51549501266587,161.37433911877045,163.38107299804688,3629400
2024-12-27,162.6705504781105,163.9571632999685,162.51692113048244,162.7761688232422,4367900
2024-12-30,161.9504062357481,162.24805389740314,160.06849827455537,160.433349609375,4354500
2024-12-31,160.69259848302616,161.3839158028385,159.95327016721873,160.97103881835938,3957600
2025-01-02,161.393509905093,161.98881987556433,159.30036529698393,159.36756896972656,5401700
2025-01-03,159.62682868907297,159.86686903296632,157.7065059379262,158.55145263671875,5256600
2025-01-06,156.32386794684288,156.9863816262904,154.04829022256615,154.20191955566406,8731700
2025-01-07,155.02765276451038,156.13183241923707,154.3363354438627,154.8740234375,8447400
2025-01-08,154.57637126158968,155.93018754501998,154.17310527813189,155.64215087890625,4974800
2025-01-10,153.76981691981229,154.78760014225165,151.19659182579392,152.2431640625,8501500
2025-01-13,153.00173089417004,153.71224098119575,152.09917679896355,152.5120391845703,6772200
2025-01-14,152.52161676201553,153.69301463097133,152.00312149495764,153.37615966796875,5982200
2025-01-15,154.19230313202883,154.72999112802458,152.99210147993153,153.2897491455078,8059200
2025-01-16,153.26094932352828,154.1827106618633,152.8000759798105,154.10589599609375,5774400
2025-01-17,153.37619163211684,155.3061108261735,153.24176961836514,154.7108154296875,7262700
2025-01-21,154.5475654194633,155.88218900696467,154.5475654194633,155.27728271484375,13914700
2025-01-22,160.44296807526828,161.44152943679293,157.88893535802512,158.17698669433594,14356700
2025-01-23,157.3512517102296,159.8476625087612,156.8135636813428,159.5308074951172,7614300
2025-01-24,160.2717492521424,160.2717492521424,157.65383889755577,158.54257202148438,6199800
2025-01-27,161.05422754352077,164.16480099297166,160.4649570517866,163.89431762695312,9170800
2025-01-28,163.16978609050466,163.82666997567875,160.46493801103847,160.54222106933594,6716300
2025-01-29,161.05422483472123,161.6048464133415,160.2427747503136,160.58087158203125,4850300
2025-01-30,161.78836235928986,161.90429430752658,160.2910345482493,161.7207489013672,4136500
2025-01-31,160.35868439624093,160.95760970542335,159.59553810680646,160.34902954101562,5464700
2025-02-03,159.84668534099134,163.6238118318874,159.61483617036896,163.02487182617188,8668600
2025-02-04,163.53685774747066,163.53685774747066,160.6291546167067,162.41629028320312,6410900
2025-02-05,162.3776700056818,163.39199002922777,160.94797006462719,163.2664031982422,7536800
2025-02-06,163.6141618766048,164.1551285994229,162.31970368411328,163.1408233642578,4957900
2025-02-07,163.34366738067393,163.37264668597538,162.1651264976265,162.26173400878906,4535600
2025-02-10,161.99126657639988,162.75441292468753,160.7450973650941,161.83670043945312,7062900
2025-02-11,161.99124526940025,163.80736028905244,160.8416837299496,163.67210388183594,5438100
2025-02-12,162.62883604061628,164.3000399688889,162.26174516125184,163.81703186035156,6037400
2025-02-13,163.86532226375996,165.55585050585773,163.39196904948744,165.2080841064453,6328300
2025-02-14,164.0198756575033,164.22274553475035,156.78442412622368,157.3543701171875,13179500
2025-02-18,157.7987438153355,160.12683153155194,156.6878163999837,159.80804443359375,7075300
2025-02-19,160.45528554783235,161.19910735708874,159.62451108404773,160.83203125,7910700
2025-02-20,157.60553454252343,162.07819419185904,157.26743772222494,161.52757263183594,6162600
2025-02-21,161.7497523600738,164.75406328475907,160.28140363174143,164.44493103027344,9813700
2025-02-24,164.4352824982785,167.10148196467858,164.01988785786904,164.74440002441406,8564100
2025-02-25,165.45926203998343,168.03852365739533,164.99557836747653,166.78269958496094,7314900
2025-02-26,166.42526840117856,166.78268967539125,164.85065729112844,165.47857666015625,5519000
2025-02-27,165.0438601187161,167.2077267953464,164.8313353929419,166.12579345703125,5467000
2025-02-28,167.68107683761312,168.7147064023459,166.00987310758572,167.93223571777344,10240100
2025-03-03,167.68110014617767,170.29899589327255,167.61347193429,169.62278747558594,7615300
2025-03-04,170.74336262912877,173.87326041039992,167.0338639744471,167.294677734375,12117600
2025-03-05,167.48789064709445,169.89326151076014,167.1401242313523,168.67608642578125,6989100
2025-03-06,168.94656007538927,169.8642724491543,166.96622406448395,168.72438049316406,6702500
2025-03-07,168.17372958780933,172.81060954775958,168.1350954317469,169.97052001953125,9566700
2025-03-10,170.75302765798816,173.8732707696882,169.85463961756952,170.27001953125,11047000
2025-03-11,169.85460432460494,170.00917043070206,166.46389328592227,167.2366943359375,11032300
2025-03-12,163.9329509350094,165.99057021741828,162.0685466903807,162.6481475830078,10158800
2025-03-13,162.000902967338,163.53686508505072,161.5951779592763,162.86065673828125,6609000
2025-03-14,162.08784343674375,162.8606593053344,160.9576063092776,162.26173400878906,6790500
2025-03-17,162.64814382549883,165.27570908403874,162.41630936989898,163.99090576171875,9931700
2025-03-18,164.29037303512285,164.4739037210748,161.88498752495727,162.0105743408203,6099900
2025-03-19,162.16514644804894,163.01524548210602,161.43097938969686,162.84136962890625,7569200
2025-03-20,163.15047624321417,163.45960850407204,160.3876693078064,161.85601806640625,8789200
2025-03-21,161.4599576663573,162.4259739297052,158.5425844237799,161.02525329589844,16027300
2025-03-24,160.7740602630653,161.1991097261651,159.74043065074227,160.02056884765625,6102100
2025-03-25,159.68248695513194,159.75010042681131,156.68783072375567,157.3157501220703,8366700
2025-03-26,157.79873275635342,161.15080973725637,157.45096637752027,160.91896057128906,7756000
2025-03-27,162.16514342252566,163.2857258119235,160.95762310814993,162.9766082763672,6211700
2025-03-28,163.62382992450833,163.94261704177538,161.92363196575081,162.3197021484375,5479100
2025-03-31,162.38731403418996,165.32399652373778,162.38731403418996,164.6284637451172,11520100
2025-04-01,164.77338724693942,165.2370708870552,163.31469337829785,164.7637176513672,7021100
2025-04-02,164.2903824037155,165.0728531682034,162.59018445595177,163.73974609375,6274500
2025-04-03,168.30900627046645,168.85964260553342,164.92794941233603,166.5315399169922,9393300
2025-04-04,165.93258806411745,167.70039927932427,157.91465156145736,158.1851348876953,13454200
2025-04-07,158.09818690844227,159.10283709330974,153.78009407782784,154.7847442626953,15708000
2025-04-08,156.79409078501027,157.73112770046947,151.384408780756,153.00730895996094,11541100
2025-04-09,152.01230987449574,159.0835407960324,151.36508078909904,156.8037567138672,10670200
2025-04-10,157.36402796393858,159.46029602114373,155.28709909760812,158.00160217285156,10581600
2025-04-11,157.81805695528848,162.31004098934048,157.09354482788368,161.23776245117188,8602800
2025-04-14,161.36332409293382,164.3290006179383,160.14614910410577,163.38230895996094,9877300
2025-04-15,163.39196474458132,164.37730530699508,162.56119029788658,162.74473571777344,8765000
2025-04-16,163.53688434182706,163.9136300894066,160.15582746961746,160.73544311523438,5897500
2025-04-17,161.8366885668536,165.8166704897069,161.66281273072292,164.8313446044922,7227100
2025-04-21,165.13950077986814,165.19782067456342,159.68636814406534,161.11526489257812,8062400
2025-04-22,161.22216401283848,164.050797112827,159.93906720504756,163.18568420410156,7907400
2025-04-23,161.7470581197266,161.95119255121304,158.54906079529954,161.09579467773438,9309200
2025-04-24,156.012045815966,156.45918966967002,152.20165993476974,155.0691680908203,20077700
2025-04-25,155.40937953679128,157.27568998859715,153.35837956392203,156.5175018310547,12892800
2025-04-28,156.53694729361825,158.01444877526282,155.90512871092395,157.32431030273438,8127000
2025-04-29,156.77994638753447,157.8491937377355,154.74839125427,157.7228240966797,8266200
2025-04-30,157.90751531652774,158.59766858307745,155.4774211601265,158.024169921875,12475500
2025-05-01,156.16758516557064,156.8382935719976,154.60260382794732,155.506591796875,6792800
2025-05-02,156.43000302332482,157.2854008530894,155.42880548717605,156.03147888183594,5750200
2025-05-05,156.3911434383269,156.41058834513083,153.60140001274362,154.3887481689453,7576200
2025-05-06,153.62082497774384,155.2441409192219,153.24173088432573,154.7969970703125,7703800
2025-05-07,154.57345220169515,155.5746499302945,154.10686338734476,154.8358917236328,6430000
2025-05-08,153.9513209012817,155.52601707791823,153.59165690094957,154.21376037597656,7230800
2025-05-09,153.6013990033309,154.6803614260288,153.008455422711,153.25146484375,6453200
2025-05-12,153.02786170373824,156.54664765910505,152.30856342185834,156.4008331298828,7378400
2025-05-13,155.54547131775647,156.22589471688306,152.95984756895766,154.29153442382812,7780800
2025-05-14,153.69860478815696,154.70953235746146,153.16399588959757,153.60140991210938,5988900
2025-05-15,155.12748381357605,158.35465590623195,154.26237090499833,157.86863708496094,8727300
2025-05-16,158.1019212135369,158.86010941014717,157.32430294263656,158.7143096923828,7100800
2025-05-19,158.89900669360586,160.53202293781425,158.84068680375822,160.16265869140625,8119900
2025-05-20,160.0071184453218,161.35825018794822,159.99740340836675,161.00831604003906,5576600
2025-05-21,160.21125522255974,161.71790173909997,160.01683582367406,160.80418395996094,6424200
2025-05-22,159.84187609290487,161.55265704467544,159.43362205323638,160.41537475585938,6245600
2025-05-23,160.2209703587637,161.57210212199593,158.90871357606207,161.22216796875,5349800
2025-05-27,160.64868153901418,163.2828955100054,160.64868153901418,163.0690460205078,11423800
2025-05-28,162.96210594974352,164.1188331253892,162.38860729644406,162.6802215576172,5385900
2025-05-29,162.07756361282063,164.2646483322331,161.78594935047548,163.84666442871094,4842500
2025-05-30,164.03135823072415,166.2087279699122,163.88555851181067,165.1394805908203,12587500
2025-06-02,164.2938178171488,164.31324789221412,161.58182430158382,163.08848571777344,7574400
2025-06-03,162.11644426104394,162.72883275016855,161.26104635015471,162.1844940185547,6223000
2025-06-04,162.02895981394332,163.35093162397465,161.28048666323355,161.3096466064453,4939000
2025-06-05,160.8041752780339,160.8139051467235,157.965827226536,158.2477264404297,10351800
2025-06-06,158.72402608276096,160.61951142256478,158.7143110455331,159.43362426757812,5697700
2025-06-09,158.8212431641846,159.43363167671023,157.53816108093878,158.0144500732422,6544200
2025-06-10,158.14080612171847,158.93786927430625,157.39233298546662,158.28660583496094,7680000
2025-06-11,158.0824901056621,158.21857478539167,157.16877232799877,157.5770263671875,5960100
2025-06-12,157.4409387016477,158.74346558751714,157.15903947833547,158.61709594726562,6509900
2025-06-13,158.20885187537516,158.4713062092975,155.4385533092826,155.79820251464844,7104500
2025-06-16,156.3814239501953,157.4214965367743,155.53574109765088,156.3814239501953,6332000
2025-06-17,155.58434910764802,155.88567841612257,153.88328316305612,154.08741760253906,6809700
2025-06-18,154.11658873473067,154.21378361077825,153.25147572767614,153.60140991210938,7211200
2025-06-20,153.61111708851595,154.88448410688727,153.43615742131303,154.6317596435547,16173400
2025-06-23,154.6220361906173,156.6827512634819,154.5539864356632,156.5272216796875,6588200
2025-06-24,156.67303981696412,157.2173934242528,155.18582322333347,155.8759765625,7470100
2025-06-25,155.3510486428642,155.8564974906597,154.27208636711788,154.52481079101562,5933700
2025-06-26,155.08860878852232,155.09832382538264,152.7751544536732,154.1943359375,7410400
2025-06-27,154.24292622193488,155.65239267135047,153.86383213408064,155.3899383544922,19257000
2025-06-30,154.8067012963445,155.42880476087083,153.7083089051112,154.8650360107422,11238200
2025-07-01,155.40938714674772,157.98528103477406,154.92336831262065,156.7119140625,10664900
2025-07-02,156.63415447633918,156.8382889195906,155.38994740618082,156.69247436523438,8848700
2025-07-03,157.26595724100488,157.48953656878732,155.3218820352797,156.3328094482422,6999600
2025-07-07,156.39113326593971,156.67301765173048,154.83586712938376,156.0120391845703,7225700
2025-07-08,155.05944745121067,155.31217189636223,153.03760739364665,153.4750213623047,12034800
2025-07-09,153.6791706245995,153.77636549806186,151.58928061155683,153.11538696289062,18770900
2025-07-10,153.34865986736696,155.1469355177143,152.64879154750017,154.05825805664062,7200500
2025-07-11,153.6305612583487,153.6305612583487,152.06557997003077,152.6585235595703,8053800
2025-07-14,151.22962597360984,151.44347545252165,148.5856822635347,149.46051025390625,11491700
2025-07-15,149.26608812263814,149.74239187547778,147.65250218325457,148.4106903076172,9142600
2025-07-16,148.46902772193218,149.4604953905234,148.01216886533723,149.43133544921875,8479000
2025-07-17,149.73267239253965,151.39486329254126,149.57715764166278,151.26849365234375,8320000
2025-07-18,150.50219586228826,152.2540505817674,150.35539906838767,151.7940673828125,7337300
2025-07-21,151.76469592541798,152.61614712926362,151.5885248532318,151.7255401611328,6328400
2025-07-22,151.61789621928125,154.99435687922127,151.59831833558792,154.9454345703125,8187000
2025-07-23,154.84754654639278,155.49348224984857,154.31904826772953,154.90626525878906,4804800
2025-07-24,155.48370651317148,155.63051824722876,154.68119244781664,155.42498779296875,7027400
2025-07-25,153.98631325761204,155.06287286345747,153.67314178453415,154.9258575439453,5799900
2025-07-28,154.27013563856093,154.7203224175326,152.89996755133777,153.76121520996094,7885000
2025-07-29,155.26837677032339,155.26837677032339,151.53958912972797,153.27186584472656,11466100
2025-07-30,153.65354585182126,153.65354585182126,148.8090580616741,149.62136840820312,8162900
2025-07-31,148.5644093947727,148.7601434389033,146.71469505067046,147.26275634765625,11845400
2025-08-01,148.54483811957488,150.21839637848714,147.31170014649018,147.4389190673828,8594200
2025-08-04,147.04743055990627,148.23164605564276,146.82233717704855,147.5465545654297,7679400
2025-08-05,147.49762883750319,148.83842256255264,147.11594226953406,147.3018798828125,6670100
2025-08-06,147.64443641894132,150.20858663061105,147.008297070314,149.601806640625,7376200
2025-08-07,149.85624491942409,150.72727398660254,149.44519900459755,150.21836853027344,6719000
2025-08-08,149.51372813417484,150.5119761922033,149.31799409928004,150.23794555664062,5811000
2025-08-11,150.26731147693593,152.07788497926214,150.0422180736552,151.67662048339844,7331700
2025-08-12,151.7549118814028,152.22467655625786,151.02089804351374,151.78427124023438,6938000
2025-08-13,151.90172384870633,153.6633451155789,151.6472561603649,152.0974578857422,5812400
2025-08-14,151.34385377422552,151.40257248717472,150.00306005005726,150.46304321289062,6343700
2025-08-15,151.17748017109554,152.28339905123167,150.92302743534637,151.06982421875,7121700
2025-08-18,151.12855474339406,153.57526754833222,150.88388346290026,152.40084838867188,8274500
2025-08-19,152.41062476202555,155.31732067167744,152.35190604604057,155.02371215820312,7868100
2025-08-20,155.19989163142847,157.59766724294354,155.03351694929194,156.1100616455078,7840400
2025-08-21,154.56372863114285,155.66964755825543,153.82971481584852,155.3466796875,6417500
2025-08-22,155.9828215356498,157.2551001006948,154.9356214077657,155.28794860839844,5797300
2025-08-25,155.01393050563155,155.31732049357234,152.56721778540026,152.82167053222656,4692500
2025-08-26,152.59658582738962,153.3599590448602,152.0289466519666,152.64552307128906,6338000
2025-08-27,152.82167815410557,153.78080034042733,152.4693509074782,153.6144256591797,4551200
2025-08-28,153.6535673413081,153.66334881665304,151.72555641629046,152.33233642578125,5857400
2025-08-29,152.76295537841256,154.20162368613916,152.33233154024273,153.6927032470703,5318200
2025-09-02,154.0058754405069,155.47390297142167,153.6339703539397,154.62245178222656,6432800
2025-09-03,154.28969408819634,155.2585976758883,153.16421224004372,154.79861450195312,6592500
2025-09-04,155.14117300519342,156.34495154934362,154.44629998310094,155.79689025878906,6934900
2025-09-05,155.1705236211177,157.137675271058,155.0335083061997,156.60919189453125,6436200
2025-09-08,156.2079293133361,156.8538650629951,154.87691698080363,155.62071228027344,7178400
2025-09-09,155.22923843205615,156.46237623529723,154.82797397219434,156.06112670898438,4984900
2025-09-10,155.21945002404337,155.55219934653158,152.5672070511561,153.99609375,6205500
2025-09-11,154.35821803166013,155.95347955300494,154.03525015063974,155.2488250732422,5819500
2025-09-12,154.56372214966544,155.73815615172708,154.41692536618206,154.53436279296875,5957000
2025-09-15,154.51480493608133,155.1411627888325,152.87060623914135,153.4871826171875,5995000
2025-09-16,153.79057583731483,155.0139322108882,153.54590456260016,154.68118286132812,6559600
2025-09-17,155.05305668687828,158.22400144874192,155.05305668687828,156.91256713867188,6764200
2025-09-18,154.77904661120462,155.63051282513092,153.8101578945142,153.9667510986328,7651500
2025-09-19,154.25054717180527,154.26032864596417,152.64550433039255,152.71400451660156,17224800
2025-09-22,152.75316388507665,152.75316388507665,149.78774938817966,149.8073272705078,8712900
2025-09-23,149.93454247147426,150.02262053945424,147.75207905252998,149.2494659423828,8853400
2025-09-24,148.80906440699047,150.35538857352498,148.55459673725838,149.17117309570312,6483300
2025-09-25,149.96390301146852,150.60005724129255,148.54481270424327,148.90692138671875,7511400
2025-09-26,148.98521680489458,149.42562207834277,148.30014027580313,149.2494659423828,5721100
2025-09-29,149.17118152195687,150.44347514183943,148.55460512868348,150.2575225830078,8139700
2025-09-30,150.18901660551364,151.0894050730471,149.58222171056255,150.3749542236328,7762600
2025-10-01,150.42388315550411,150.60983569690188,148.18270105179772,149.9149627685547,7566000
2025-10-02,149.46478397245383,149.54308056949685,148.3980208381467,148.80906677246094,6892100
2025-10-03,148.76013438797045,150.15964690522725,148.76013438797045,149.02438354492188,5212600
2025-10-06,148.270788413019,149.07331734018973,147.19422886036295,147.2040252685547,6737000
2025-10-07,147.54656169532586,149.90519639268422,146.85170363054203,149.2886199951172,6844400
2025-10-08,149.53328757988405,149.53328757988405,147.4193391455907,147.47805786132812,5254700
2025-10-09,147.52698503268064,147.65420393024516,146.391706827416,147.37039184570312,6134500
2025-10-10,147.72273075948178,148.28057349868007,146.26448459056263,146.49937438964844,7374000
2025-10-13,145.824076793637,146.24490420956874,143.83734727764255,144.3462677001953,7511100
2025-10-14,144.4245614531163,146.0687451855944,143.9450003977024,145.9806671142578,8585300
2025-10-15,145.3640967963042,146.22534446356136,144.13095894563563,144.2777557373047,10003100
2025-10-16,144.85517996108314,147.19423681226363,144.76710188389367,146.4113006591797,8809700
2025-10-17,147.36061713670907,148.7894889662187,147.2235868916517,148.17291259765625,8612900
2025-10-20,148.35886940340424,149.1418204631398,148.07505729769414,148.7209930419922,5601300
2025-10-21,148.72099365201555,149.03416511706473,147.65421554864483,148.3882293701172,6013400
2025-10-22,148.0750609515624,150.18902438494732,147.57592198522028,148.95587158203125,6394400
2025-10-23,149.1026677703594,150.03241554641374,147.3703911151846,148.9656524658203,8205400
2025-10-24,154.13671657234877,155.1222454891489,149.33719555968506,150.28330993652344,11968500
2025-10-27,149.41605061362142,149.56387394676975,147.95747192063496,149.54417419433594,7775300
2025-10-28,148.9331374037572,150.95347485777054,148.44037290463098,149.1795196533203,5819300
2025-10-29,148.47979078198844,148.78530234128826,146.32148003986663,146.6171417236328,7405500
2025-10-30,147.30701174739386,148.61776704110622,147.17888817314298,147.41542053222656,6760700
2025-10-31,146.55801833970665,148.91343195389567,146.3806153070593,148.19398498535156,7930300
2025-11-03,147.92790809463196,148.04616676182263,145.631623732812,145.8780059814453,8946400
2025-11-04,146.4496127257825,147.33658279430247,144.13361360312197,145.04029846191406,9295400
2025-11-05,144.74462509442617,145.28666899838325,143.54227863036783,143.6802520751953,11199900
2025-11-06,143.76896810418373,144.55737923416314,142.3695187990984,144.01535034179688,10024500
2025-11-07,144.82347793672176,145.79915702262863,143.887228430557,144.85304260253906,8500100
2025-11-10,144.26172520024414,144.49824251194846,142.0048555978814,143.3944549560547,10208100
2025-11-11,143.8478058079964,146.49886593455332,143.56199400384676,146.3904571533203,7332500
2025-11-12,146.38061280628526,146.99163593923274,145.37536907306662,145.86813354492188,7851100
2025-11-13,146.03566543847782,146.84380635611657,145.50348644825976,145.81886291503906,7566800
2025-11-14,146.942364680746,147.21831156909852,145.47392120931636,145.53305053710938,9150800
2025-11-17,145.611902524575,145.83856997269334,142.91154778489712,143.7098388671875,9902300
2025-11-18,144.212447091072,145.2571053287713,143.4043061672803,144.86289978027344,10735200
2025-11-19,144.833335116035,145.40492864996358,143.74924730069924,144.86289978027344,6367000
2025-11-20,144.51795940169347,146.50873201935462,144.0153450690368,146.0455322265625,9021300
2025-11-21,146.2327861066487,149.30763152794248,146.1539419884132,148.73602294921875,12018000
2025-11-24,147.92790318934624,148.23341476144415,144.41940745324712,144.85304260253906,13846900
2025-11-25,145.1881195563709,146.49885971291667,145.0895606547165,146.3411865234375,10477700
2025-11-26,145.77943369126635,146.81424204817648,145.47392213706894,146.1046600341797,9238500
2025-11-28,145.6611849210701,146.55801989379296,145.05014673322594,146.01597595214844,4707200
2025-12-01,145.95684922596197,146.7354105102405,145.21770248451648,145.306396484375,8240700
2025-12-02,143.18749360323747,144.0744786752911,140.4477243429854,143.74925231933594,16376800
2025-12-03,143.80838354188865,146.14408235686736,143.74925421056946,144.5869598388672,9125300
2025-12-04,144.54754086593837,145.28668763762224,142.40894467775726,143.25650024414062,10479300
2025-12-05,143.05939143435612,143.52259126151858,141.17702745911959,141.37413024902344,12791700
2025-12-08,140.84194832936856,140.84194832936856,136.1409709445997,136.33807373046875,17507500
2025-12-09,137.1757703942462,138.84131664614492,136.98851749662762,137.60940551757812,10375700
2025-12-10,137.6291082264464,139.23552518477814,137.5206994432833,137.79666137695312,13650400
2025-12-11,138.95958534596835,139.78742607508474,138.32884740407317,138.72305297851562,11798000
2025-12-12,138.9595795906534,141.03904624136598,138.8018913522159,140.77294921875,10268800
2025-12-15,141.19673129774333,143.21706857300535,141.12773705574003,143.02981567382812,13877700
2025-12-16,143.98577795425717,144.41939803729915,142.55674902235805,143.10865783691406,10251700
2025-12-17,144.5672481238911,146.30177371071878,144.3307157556051,145.67103576660156,9833300
2025-12-18,144.49824207550833,145.3655123170783,143.2466312035797,143.41416931152344,12239900
2025-12-19,143.40430011657747,143.93649412637006,141.85702761413128,142.3695068359375,19345600
2025-12-22,141.6303657655459,142.31036807910905,140.35902505493178,140.6251220703125,11731400
2025-12-23,140.42801467658208,141.65006085609454,140.02394422910842,141.10801696777344,9541600
2025-12-24,140.8320910560058,142.64547588312772,140.76311184429966,142.3990936279297,3259200
2025-12-26,142.2216767785809,143.5324320535533,142.2216767785809,142.6454620361328,4711500
2025-12-29,142.70458796897623,142.97068498306004,141.86688238736824,142.47792053222656,7662100
2025-12-30,142.20195615078617,142.36950929459834,141.49238918877063,141.96543884277344,6006400
2025-12-31,141.91617770255507,142.05415116269117,141.15731615281692,141.2361602783203,5293200
2026-01-02,141.03904935980404,141.2657168088333,139.19611502599955,139.73814392089844,8946100
2026-01-05,139.05814632996376,139.30452857715505,137.57985284681592,138.3386993408203,12297300
2026-01-06,138.35841040902034,139.3735040371015,137.49114011008558,137.88536071777344,10421800
2026-01-07,137.77694468141317,137.77694468141317,135.62848383699432,136.0424041748047,14369100
2026-01-08,135.89457850580993,139.72828529951533,135.82559930302205,139.48190307617188,9297100
2026-01-09,139.64944796852805,140.27033601367305,138.79204260178747,139.81698608398438,9528500
2026-01-12,140.2210554653958,141.7979077743001,139.65931179300915,141.3839874267578,12812000
2026-01-13,141.91616235122444,142.25123856988353,140.9010687818893,142.15269470214844,15549200
2026-01-14,142.58633104163619,144.77420666364677,142.2808194522708,144.232177734375,13475000
2026-01-15,143.57184164517412,144.23215923566787,142.26110145335866,142.53704833984375,10102800
2026-01-16,141.6796303517559,142.63559459522585,141.58108648377637,142.43849182128906,11729300
2026-01-20,142.3695200191174,144.8727569580078,142.03442874422842,144.8727569580078,12901400
2026-01-21,144.93189437029253,145.23740595850845,142.8721423404669,143.9463653564453,14126800
2026-01-22,145.93712595877486,148.72617463905098,145.36551737403482,147.76034545898438,18501900
2026-01-23,149.712647008589,150.51659080010117,148.68042643368705,149.02780151367188,14562600
2026-01-26,148.9980382071651,149.75236786197235,147.41000526839778,148.3727569580078,12655700
2026-01-27,146.96336732095224,148.5216256392456,146.82439910868234,147.23133850097656,9546000
2026-01-28,146.89388627303396,147.59858658033056,145.69292283643657,146.2388153076172,7465800
2026-01-29,146.1891842346614,149.0079702857208,146.01053677970796,148.77967834472656,11035600
2026-01-30,149.30571499844902,150.83421388895187,148.03528262295887,150.63571166992188,12651400
2026-02-02,151.28084031358154,152.58104720148043,150.1195864867234,152.0450897216797,10554900
2026-02-03,151.44957220395347,155.36012793207712,151.0624875841251,154.1591796875,12424700
2026-02-04,154.9631263363213,157.18637541610013,154.5958813299483,155.6975860595703,12178500
2026-02-05,157.65286786424556,158.45681171352453,154.95319521929093,157.42459106445312,13077700
2026-02-06,157.05735036526295,158.794271204482,156.82905843646145,157.9803924560547,10441700
2026-02-09,157.57346483951432,158.08958273935144,154.85395255811076,156.15415954589844,11439900
2026-02-10,156.35264888745172,158.95306264875933,155.54870509985648,157.8910675048828,9910100
2026-02-11,157.45436291960067,159.93567853239364,157.00772913824767,158.80419921875,10217300
2026-02-12,158.8240488540049,161.92072579242517,158.45680385674487,160.00515747070312,13512900
2026-02-13,160.531204802217,161.35500342594642,158.51637768017062,158.87368774414062,13998900
2026-02-17,158.75456362862204,160.95797301763113,157.69256846341835,158.35755920410156,13319100
2026-02-18,157.79181864584456,157.79181864584456,154.60581787124107,155.6876678466797,14434300
2026-02-19,155.65788811225167,158.76450001144985,155.65788811225167,157.3749542236328,10724600
2026-02-20,157.94070688728465,159.85627527883125,156.9779552139456,159.578369140625,11508100
2026-02-23,159.12181881303948,164.12414454817443,159.1019640471176,163.93556213378906,14772400
2026-02-24,163.66757394503628,165.6228518855779,162.7147572180737,164.04473876953125,9709500
2026-02-25,163.31025282164364,163.76682153324356,160.88850163692203,162.16885375976562,7878500
2026-02-26,162.99265735907807,163.27056348960818,161.64282109161113,162.5261688232422,7028600
2026-02-27,162.81399197597887,166.00000775715966,162.46661689113853,165.95037841796875,14878500
2026-03-02,164.05465940435903,165.30525218881115,162.22841471454672,162.2879638671875,9095500
2026-03-03,160.97783189673535,160.97783189673535,157.43450598109627,158.5262908935547,10161000
2026-03-04,158.24839219296612,158.4171198428621,156.13430637443312,157.11691284179688,8752700
2026-03-05,155.76707607012526,155.92588390891444,152.62076959476622,152.83912658691406,10060300
2026-03-06,152.5115860991408,153.27582040185652,150.7548104089041,152.4818115234375,8187900
2026-03-09,152.00538471730655,155.0623672959407,151.75725316200914,154.05992126464844,12494900
2026-03-10,154.32790667166816,155.97548867908492,152.45203273050996,154.84400939941406,7756800
2026-03-11,154.06984694547987,154.21873497118054,150.29824413229485,152.17413330078125,8855100
2026-03-12,151.0724248897603,151.9061432924026,149.20647072168128,149.3751983642578,8489300
2026-03-13,150.2386985039696,151.40988739234177,149.05758980488423,149.52407836914062,7298900
2026-03-16,150.7250418803543,151.49921116919685,149.52407841472717,150.98309326171875,6944000
2026-03-17,151.86643380137835,152.3130827230334,150.06996373876063,150.34786987304688,6147700
2026-03-18,148.19408442244597,148.50176512112768,145.36539384075292,145.613525390625,10059300
2026-03-19,145.12718307624942,146.27851711013417,143.7078627261721,143.7574920654297,10340300
2026-03-20,143.90639099733644,144.7301896282972,143.17191609696502,143.20169067382812,60620900
2026-03-23,145.05770938492896,145.05770938492896,142.4076660416259,142.9138641357422,10315600
2026-03-24,142.25878501317578,144.14457877437948,141.1670001126379,142.09005737304688,8567600
2026-03-25,142.6657281554216,143.0230382100302,141.16700383023758,142.84437561035156,8418100
2026-03-26,142.61610343501624,143.48953140674783,141.1769433595942,141.3555908203125,6443200
2026-03-27,141.65335242791525,143.0031887796008,140.9486521027654,141.6434326171875,11558300
2026-03-30,141.97094527513215,144.48205057019396,141.50447188020192,143.63839721679688,11616300
2026-03-31,143.73765369955214,143.83689723418516,141.21662863285317,143.36048889160156,10407500
2026-04-01,142.8443796504602,143.8865352679399,142.13969447641853,143.0131072998047,8061700
2026-04-02,143.0131056912039,143.1322191412683,141.51439648523746,142.05035400390625,5941700
2026-04-06,141.9411690118371,142.59623995058482,140.85931906874507,141.70297241210938,6823100
2026-04-07,141.454840716097,141.70297227039742,139.68814526105808,140.24395751953125,7207500
2026-04-08,142.08012618705075,144.0254842946808,140.8096938025878,143.81704711914062,10849700
2026-04-09,143.31086497516455,145.84180994767988,141.93125409014817,145.56390380859375,6794800
2026-04-10,145.79218524932554,145.79218524932554,143.67809941810964,144.0751190185547,9790300
2026-04-13,143.9162976044084,144.0056213268027,141.5640153795384,142.5069122314453,7121400
2026-04-14,142.16946974371214,143.63840439700792,141.70298118071463,143.3009490966797,6621600
2026-04-15,143.2810820748224,143.32077645892193,141.1967710080221,142.30841064453125,7698200
2026-04-16,142.12975952100697,143.2116095257885,141.59380199630985,142.04043579101562,6947100
2026-04-17,142.33819707004346,146.48694963990266,142.09006550070504,145.83187866210938,10886000
2026-04-20,144.9683840959239,145.56390591386355,142.51684300551244,143.41012573242188,8084700
2026-04-21,143.5391459879603,143.5391459879603,141.25634765625,141.25634765625,11197200
2026-04-22,141.43498890920546,142.22901292852262,141.15708277415672,141.78237915039062,7236300
2026-04-23,142.32825390720163,145.13710492750891,142.32825390720163,144.62100219726562,11288800
2026-04-24,152.00999450683594,152.4199981689453,147.6199951171875,148.17999267578125,13786200
2026-04-27,147.4199981689453,149.6999969482422,147.4199981689453,148.39999389648438,9166400
2026-04-28,150.02999877929688,151.19000244140625,148.42999267578125,149.1699981689453,7965700
2026-04-29,148.3000030517578,148.75,145.88999938964844,146.4600067138672,9002400
2026-04-30,147.08999633789062,147.72000122070312,145.9499969482422,147.08999633789062,9491700
2026-05-01,147.8699951171875,149.27999877929688,146.4600067138672,147.25999450683594,6814800
2026-05-04,146.05999755859375,146.05999755859375,143.27000427246094,143.4199981689453,9642800
2026-05-05,143.3800048828125,145.89999389648438,142.17999267578125,144.89999389648438,7664300
2026-05-06,146.39999389648438,148.9499969482422,145.94000244140625,147.89999389648438,9399500
2026-05-07,147.99000549316406,147.99000549316406,146.02000427246094,146.05999755859375,9545800
2026-05-08,146.5500030517578,147.52000427246094,146.2100067138672,146.4199981689453,5741000
2026-05-11,145.7899932861328,145.9499969482422,141.97000122070312,143.36000061035156,7489500
2026-05-12,144.35000610351562,145.86000061035156,142.86000061035156,143.91000366210938,9051200
2026-05-13,143.14999389648438,144.6699981689453,141.66000366210938,142.24000549316406,6685900
2026-05-14,143.17999267578125,144.27999877929688,142.6300048828125,142.7100067138672,9636200
2026-05-15,143.39999389648438,143.39999389648438,141.1999969482422,141.57000732421875,6989400
2026-05-18,142.10000610351562,144.42999267578125,141.6300048828125,142.38999938964844,7731200
2026-05-19,142.47000122070312,143.7100067138672,140.85000610351562,141.3000030517578,8355800
2026-05-20,141.4499969482422,143.22000122070312,140.6199951171875,142.44000244140625,8375600
2026-05-21,141.8800048828125,143.72000122070312,140.08999633789062,143.39999389648438,6297300
2026-05-22,143.8699951171875,144.63999938964844,143.52999877929688,144.44000244140625,4616700
2026-05-26,144.50999450683594,145.61000061035156,142.52999877929688,142.9600067138672,8157200
2026-05-27,143.4600067138672,148.5399932861328,143.4600067138672,147.49000549316406,10048900
2026-05-28,146.6999969482422,146.6999969482422,145.00999450683594,145.91000366210938,10196700
2026-05-29,145.52000427246094,145.63999938964844,143.1999969482422,143.55999755859375,12355800
2026-06-01,141.52000427246094,141.82000732421875,138.86000061035156,140.27999877929688,11093800
2026-06-02,140.1199951171875,141.1199951171875,139.02999877929688,140.82000732421875,9599500
2026-06-03,140.92999267578125,142.4499969482422,140.0,140.19000244140625,9351000
2026-06-04,142.6999969482422,143.13999938964844,139.88999938964844,140.77999877929688,8194000
2026-06-05,142.22000122070312,148.22999572753906,141.8000030517578,146.5399932861328,10963200
2026-06-08,145.7899932861328,146.5500030517578,145.02000427246094,145.10000610351562,7200700
2026-06-09,144.6699981689453,149.47999572753906,144.52999877929688,148.6699981689453,8259300
2026-06-10,149.91000366210938,150.42999267578125,148.3800048828125,149.0500030517578,7345900
2026-06-11,148.6999969482422,149.6199951171875,147.77000427246094,148.33999633789062,6684700
2026-06-12,149.3800048828125,150.1999969482422,148.3000030517578,149.61000061035156,6832000
2026-06-15,148.75999450683594,151.5,148.75999450683594,150.4600067138672,9158900
2026-06-16,151.50999450683594,153.02000427246094,150.5500030517578,152.49000549316406,8518900
2026-06-17,152.3800048828125,152.94000244140625,149.77000427246094,150.55999755859375,7055800
2026-06-18,150.8699951171875,152.2899932861328,150.17999267578125,150.3800048828125,17076100
2026-06-22,150.11000061035156,150.88999938964844,147.57000732421875,147.67999267578125,10533000
2026-06-23,149.66000366210938,151.3699951171875,149.3699951171875,150.86000061035156,7259600
2026-06-24,151.99000549316406,153.35000610351562,150.9199981689453,152.0399932861328,8618500
2026-06-25,151.57000732421875,152.2899932861328,147.82000732421875,148.5,11197200
2026-06-26,150.33999633789062,150.8800048828125,148.4199981689453,149.02000427246094,16723500
