datetime,open,high,low,close,volume
1987-09-22,0.24152567982673645,0.2433551002978272,0.24152567982673645,0.24152567982673645,69213994
1987-09-23,0.24152567982673645,0.24884467355107212,0.24152567982673645,0.24152567982673645,23109300
1987-09-24,0.24152570886738176,0.2470146268606186,0.23420671426302248,0.2470146268606186,13163006
1987-09-25,0.24701473983266206,0.24884481728076935,0.24335524085681276,0.24884481728076935,12757500
1987-09-28,0.24884477519005888,0.24884477519005888,0.24335519969463348,0.24335519969463348,7700063
1987-09-29,0.24335509537721875,0.24518517173129195,0.23786617815494537,0.23786617815494537,17860500
1987-09-30,0.23420674671685973,0.23420674671685973,0.22505833015375468,0.23237664997577667,16739663
1987-10-01,0.23237650818004085,0.2396955192089081,0.22871768839989748,0.23969551920890808,10757306
1987-10-02,0.2396955192089081,0.24152559495691378,0.23603600375629635,0.23969551920890808,1549125
1987-10-05,0.23603615209052006,0.23603615209052006,0.2287178321350066,0.23420675098896027,3836363
1987-10-06,0.23420675098896027,0.23420675098896027,0.2305472332365664,0.23420675098896027,2255344
1987-10-07,0.23237664038389177,0.23237664038389177,0.2268877218566278,0.2305472195148468,3184819
1987-10-08,0.23054713972902086,0.23237655996495538,0.22139872670954414,0.22688764333724976,3995831
1987-10-09,0.2268875816360619,0.22871767717057184,0.22139866650104523,0.22139866650104523,1790606
1987-10-12,0.22139878239647384,0.2232282030925501,0.2067607931475956,0.21224971115589142,5248800
1987-10-13,0.21224980652113737,0.2140798839595466,0.20859028768830606,0.2104203850030899,2492269
1987-10-14,0.21042027160786597,0.21042027160786597,0.19761168432624382,0.19944176077842712,6934613
1987-10-15,0.19944176077842712,0.20127118131060215,0.1939521873418855,0.19944176077842712,5052881
1987-10-16,0.19944182474293126,0.20310134277732533,0.18846333026885986,0.18846333026885986,6251175
1987-10-19,0.18480378993031527,0.18480378993031527,0.17382527808566284,0.17931419610977173,12397556
1987-10-20,0.17931416618395066,0.1811442623763064,0.1555277555775724,0.1738252490758896,10301681
1987-10-21,0.17382536954204403,0.17382536954204403,0.15552786336301047,0.1646769493818283,10292569
1987-10-22,0.15918726883835488,0.15918726883835488,0.13906035285165427,0.14271984994411469,5777325
1987-10-23,0.13723024692709324,0.13723024692709324,0.12808183345459345,0.13174133002758026,5180456
1987-10-26,0.12991129620663477,0.12991129620663477,0.10795495390046551,0.11527395993471146,5649750
1987-10-27,0.1152739545165516,0.12442237124653041,0.1152739545165516,0.11710337549448013,3809025
1987-10-28,0.11710340183944476,0.11710340183944476,0.10795497311314299,0.10978439450263977,3831806
1987-10-29,0.0969764347121973,0.0969764347121973,0.08782735311898644,0.09514635801315308,12119625
1987-10-30,0.10612487691635077,0.11710338099862727,0.10612487691635077,0.11527395993471146,18320681
1987-11-02,0.1244223269434258,0.13174133002758026,0.1244223269434258,0.13174133002758026,11153700
1987-11-03,0.13174141653027063,0.13540091550611993,0.11893282227824074,0.12442240864038467,7030294
1987-11-04,0.12442233677553606,0.12442233677553606,0.11893275358410951,0.12076283991336823,4788619
1987-11-05,0.1207628243903474,0.1207628243903474,0.10978432527685378,0.11344382166862488,9199069
1987-11-06,0.11344382166862488,0.11710332799857631,0.11161441137087069,0.11344382166862488,4797731
1987-11-09,0.11344389320194896,0.115273980449948,0.10978439450263977,0.10978439450263977,3973050
1987-11-10,0.10978435289016528,0.10978435289016528,0.10612485557794571,0.10612485557794571,2278125
1987-11-11,0.10795487463474274,0.11161437993397123,0.10795487463474274,0.10795487463474274,1931850
1987-11-12,0.11161447316408157,0.11710339283062221,0.11161447316408157,0.11161447316408157,2560613
1987-11-13,0.11161447316408157,0.11344388447465421,0.10978438605687206,0.11161447316408157,3995831
1987-11-16,0.11161441137087069,0.11344382166862488,0.10978432527685378,0.11344382166862488,1562794
1987-11-17,0.11344385020238483,0.11344385020238483,0.10246534832754331,0.10612485557794571,6018806
1987-11-18,0.10612489580333057,0.10978439450263977,0.10612489580333057,0.10978439450263977,1102613
1987-11-19,0.10978433491894568,0.10978433491894568,0.10063592109598597,0.10246533155441284,4583588
1987-11-20,0.10246534832754331,0.10612485557794571,0.10063593756964989,0.10612485557794571,2332800
1987-11-23,0.10612485557794571,0.10795493219408901,0.10429543488186944,0.10612485557794571,1412438
1987-11-24,0.10612485557794571,0.10795493219408901,0.10429543488186944,0.10612485557794571,1011488
1987-11-25,0.10612484564180918,0.10612484564180918,0.10246533873403495,0.10429542511701584,2578838
1987-11-27,0.1042954178091618,0.10612483820576986,0.10246533155441284,0.10246533155441284,1339538
1987-11-30,0.09880587267282767,0.09880587267282767,0.09331695346140205,0.09697645157575607,5130338
1987-12-01,0.09697645157575607,0.09880587267282767,0.09514637455847365,0.09697645157575607,2738306
1987-12-02,0.0969764347121973,0.0969764347121973,0.09514635801315309,0.09514635801315308,1394213
1987-12-03,0.09514636333465062,0.0969764401360503,0.09148685571380089,0.0933169424533844,2524163
1987-12-04,0.09148688325626483,0.09148688325626483,0.08782738447189331,0.08782738447189331,3034463
1987-12-07,0.08782731763093864,0.09148681363025178,0.08782731763093864,0.08965740352869034,4187194
1987-12-08,0.08965747176243136,0.08965747176243136,0.08782738447189331,0.08782738447189331,1977413
1987-12-09,0.08782731763093864,0.09148681363025178,0.08782731763093864,0.08965740352869034,2533275
1987-12-10,0.08965740352869034,0.08965740352869034,0.08782731763093864,0.08965740352869034,2141438
1987-12-11,0.08965747176243136,0.09148688325626483,0.08782738447189331,0.08782738447189331,3289613
1987-12-14,0.08782733720553489,0.08782733720553489,0.08599791675806046,0.08599791675806046,3435413
1987-12-15,0.08599791675806046,0.08782733720553489,0.08416784039060811,0.08599791675806046,4993650
1987-12-16,0.08599791675806046,0.08782733720553489,0.08599791675806046,0.08599791675806046,3417188
1987-12-17,0.085997963039873,0.09148688325626483,0.085997963039873,0.08782738447189331,5622413
1987-12-18,0.0878273371759271,0.09331692029463708,0.0878273371759271,0.09148683398962021,2569725
1987-12-21,0.09331695346140205,0.09880587267282767,0.09331695346140205,0.09697645157575607,4679269
1987-12-22,0.09514634074149479,0.09514634074149479,0.08965742348094398,0.09148683398962021,3717900
1987-12-23,0.09148685059697813,0.09514635801315309,0.09148685059697813,0.09514635801315308,3973050
1987-12-24,0.09514636333465062,0.0969764401360503,0.09148685571380089,0.0933169424533844,3294169
1987-12-28,0.09331694245338439,0.0969764401360503,0.08965744477071849,0.0933169424533844,5061994
1987-12-29,0.09331692029463708,0.09514634074149479,0.0878273371759271,0.09148683398962021,6091706
1987-12-30,0.09148683402046165,0.09148683402046165,0.08599791675806046,0.08599791675806046,8078231
1987-12-31,0.085997963039873,0.09148688325626483,0.085997963039873,0.08782738447189331,10370025
1988-01-04,0.08965742348094398,0.09148683398962021,0.08965742348094398,0.09148683398962021,4888856
1988-01-05,0.09148685571380089,0.0969764401360503,0.09148685571380089,0.0933169424533844,4291988
1988-01-06,0.09331695346140205,0.09697645157575607,0.09331695346140205,0.09697645157575607,6556444
1988-01-07,0.0969764315157164,0.09880585223436356,0.0951463548769941,0.09880585223436356,3535650
1988-01-08,0.09880586101731652,0.10246535869998241,0.09331694245338439,0.0933169424533844,4250981
1988-01-11,0.09331694245338439,0.09514636333465062,0.09148685571380089,0.0933169424533844,2200669
1988-01-12,0.09331692029463708,0.09514634074149479,0.08965742348094398,0.09148683398962021,1371431
1988-01-13,0.09148683398962021,0.09148683398962021,0.0878273371759271,0.09148683398962021,3613106
1988-01-14,0.08965747176243136,0.08965747176243136,0.085997963039873,0.08782738447189331,3850031
1988-01-15,0.08782738447189331,0.09148688325626483,0.08782738447189331,0.08782738447189331,4774950
1988-01-18,0.08782738447189331,0.08965747176243136,0.085997963039873,0.08782738447189331,4150744
1988-01-19,0.08782738447189331,0.08782738447189331,0.085997963039873,0.08782738447189331,2187000
1988-01-20,0.08782738447189331,0.08782738447189331,0.085997963039873,0.08782738447189331,3234938
1988-01-21,0.08782731763093864,0.08965740352869034,0.08599789759119793,0.08965740352869034,2314575
1988-01-22,0.08965744477071849,0.09331694245338439,0.08965744477071849,0.0933169424533844,1936406
1988-01-25,0.09331692029463708,0.09331692029463708,0.08965742348094398,0.09148683398962021,5030100
1988-01-26,0.09148685571380089,0.09331694245338439,0.08965744477071849,0.0933169424533844,4064175
1988-01-27,0.09331694245338439,0.09331694245338439,0.09148685571380089,0.0933169424533844,1262081
1988-01-28,0.09331693723420563,0.0969764347121973,0.09148685059697813,0.09514635801315308,2232563
1988-01-29,0.09514635801315309,0.0969764347121973,0.09331693723420563,0.09514635801315308,1211963
1988-02-01,0.0951463548769941,0.09880585223436356,0.0951463548769941,0.09880585223436356,5125781
1988-02-02,0.09880586640811502,0.10063595324754715,0.0969764454270365,0.10063595324754715,3253163
1988-02-03,0.10063595324754715,0.10246536429044129,0.09880586640811502,0.10063595324754715,2273569
1988-02-04,0.10063595324754715,0.10063595324754715,0.09880586640811502,0.10063595324754715,1576463
1988-02-05,0.1006359388112688,0.1006359388112688,0.09880585223436356,0.09880585223436356,3089138
1988-02-08,0.09880586640811502,0.10063595324754715,0.09880586640811502,0.10063595324754715,1467113
1988-02-09,0.10063595324754715,0.10063595324754715,0.09880586640811502,0.10063595324754715,578644
1988-02-10,0.10063592109598597,0.10246533155441284,0.10063592109598597,0.10246533155441284,1084388
1988-02-11,0.10246533155441284,0.10246533155441284,0.10063592109598597,0.10246533155441284,1385100
1988-02-12,0.10246536429044129,0.10246536429044129,0.10063595324754715,0.10063595324754715,1211963
1988-02-16,0.10063592109598597,0.10246533155441284,0.10063592109598597,0.10246533155441284,1280306
1988-02-17,0.10246533155441284,0.10246533155441284,0.10063592109598597,0.10246533155441284,715331
1988-02-18,0.10246533155441284,0.10246533155441284,0.10063592109598597,0.10246533155441284,1116281
1988-02-19,0.10246533155441284,0.1042954178091618,0.10063592109598597,0.10246533155441284,1776938
1988-02-22,0.10246534832754331,0.10612485557794571,0.10246534832754331,0.10612485557794571,2874994
1988-02-23,0.10612489580333057,0.1116144817506388,0.10612489580333057,0.10978439450263977,8447288
1988-02-24,0.11161447316408157,0.11344388447465421,0.11161447316408157,0.11161447316408157,3458194
1988-02-25,0.11344386768027062,0.11893278653422429,0.11344386768027062,0.11710337549448013,3617663
1988-02-26,0.11710341068868606,0.12442240864038467,0.1134439017746494,0.12442240864038467,3558431
1988-02-29,0.1244223269434258,0.13174133002758026,0.1244223269434258,0.13174133002758026,6096263
1988-03-01,0.13174137543445305,0.13540087326874714,0.12808187760015896,0.12991128861904144,4692938
1988-03-02,0.12991128861904144,0.13357079639151978,0.12991128861904144,0.12991128861904144,1508119
1988-03-03,0.12991134446928324,0.13174143207146857,0.12808193266391754,0.12808193266391754,2428481
1988-03-04,0.12808193266391754,0.12991134446928324,0.12808193266391754,0.12808193266391754,724444
1988-03-07,0.12808187760015896,0.12991128861904144,0.12808187760015896,0.12991128861904144,1139063
1988-03-08,0.13174133002758026,0.1335707503541064,0.13174133002758026,0.13174133002758026,3973050
1988-03-09,0.13174134439023924,0.1408897588601143,0.13174134439023924,0.1390603482723236,11882700
1988-03-10,0.1390603482723236,0.1408897588601143,0.13723026188816304,0.1390603482723236,6046144
1988-03-11,0.13906036895614146,0.13906036895614146,0.1317413639854294,0.13540086150169373,4560806
1988-03-14,0.13540087326874714,0.13540087326874714,0.12991128861904144,0.12991128861904144,1640250
1988-03-15,0.12991132914397602,0.12991132914397602,0.12442240864038467,0.12442240864038467,3048131
1988-03-16,0.12442239541626901,0.12625181674957275,0.12442239541626901,0.12625181674957275,1152731
1988-03-17,0.12625181674957275,0.1280819039413583,0.12442239541626901,0.12625181674957275,1544569
1988-03-18,0.12625183016812672,0.12808191755442133,0.12442240864038467,0.12442240864038467,1221075
1988-03-21,0.12442240864038467,0.12808191755442133,0.12442240864038467,0.12442240864038467,2916000
1988-03-22,0.12442240864038467,0.12442240864038467,0.1225923311922774,0.12442240864038467,1116281
1988-03-23,0.12442239541626901,0.12625181674957275,0.12442239541626901,0.12625181674957275,838350
1988-03-24,0.12442233677553606,0.12442233677553606,0.11893275358410951,0.12076283991336823,2884106
1988-03-25,0.11893278653422429,0.11893278653422429,0.1152739545165516,0.11710337549448013,3152925
1988-03-28,0.11527395993471146,0.11527395993471146,0.11344387301241188,0.11527395993471146,1066163
1988-03-29,0.11527395993471146,0.11527395993471146,0.11344387301241188,0.11527395993471146,674325
1988-03-30,0.11527390776264179,0.11527390776264179,0.11161441137087069,0.11344382166862488,1344094
1988-03-31,0.11161437993397123,0.11161437993397123,0.10612479899435859,0.10795487463474274,2811206
1988-04-04,0.10795492208660817,0.10795492208660817,0.10246533873403495,0.10429542511701584,2665406
1988-04-05,0.10429543488186944,0.10612485557794571,0.10429543488186944,0.10612485557794571,1284863
1988-04-06,0.10612489580333057,0.10978439450263977,0.10612489580333057,0.10978439450263977,2228006
1988-04-07,0.10978439450263977,0.10978439450263977,0.10795497311314299,0.10978439450263977,1840725
1988-04-08,0.10978439450263977,0.1116144817506388,0.10795497311314299,0.10978439450263977,979594
1988-04-11,0.11161441137087069,0.11344382166862488,0.11161441137087069,0.11344382166862488,1079831
1988-04-12,0.11344387301241188,0.11527395993471146,0.11161446188668091,0.11527395993471146,551306
1988-04-13,0.11527390776264179,0.11527390776264179,0.11161441137087069,0.11344382166862488,797344
1988-04-14,0.11161437993397123,0.11161437993397123,0.10795487463474274,0.10795487463474274,1535456
1988-04-15,0.10795487463474274,0.10795487463474274,0.10246529369513009,0.10795487463474274,1271194
1988-04-18,0.10795497311314299,0.10978439450263977,0.10612489580333057,0.10978439450263977,651544
1988-04-19,0.10978439450263977,0.11344389320194896,0.10978439450263977,0.10978439450263977,861131
1988-04-20,0.10978438605687206,0.11161447316408157,0.10978438605687206,0.11161447316408157,1348650
1988-04-21,0.11161441137087069,0.11344382166862488,0.10978432527685378,0.11344382166862488,715331
1988-04-22,0.11161447316408157,0.11161447316408157,0.10978438605687206,0.11161447316408157,1312200
1988-04-25,0.11161447316408157,0.11161447316408157,0.10978438605687206,0.11161447316408157,287044
1988-04-26,0.10978439450263977,0.10978439450263977,0.10795497311314299,0.10978439450263977,820125
1988-04-27,0.10978439450263977,0.1116144817506388,0.10978439450263977,0.10978439450263977,104794
1988-04-28,0.10978439450263977,0.1116144817506388,0.10978439450263977,0.10978439450263977,628763
1988-04-29,0.10978438605687206,0.11161447316408157,0.10978438605687206,0.11161447316408157,788231
1988-05-02,0.11161441137087069,0.11527390776264179,0.10978432527685378,0.11344382166862488,1485338
1988-05-03,0.11344386768027062,0.11710337549448013,0.11344386768027062,0.11710337549448013,1758713
1988-05-04,0.11710332799857631,0.11710332799857631,0.11344382166862488,0.11344382166862488,751781
1988-05-05,0.11344388447465421,0.11344388447465421,0.11161447316408157,0.11161447316408157,829238
1988-05-06,0.11161447316408157,0.11344388447465421,0.11161447316408157,0.11161447316408157,259706
1988-05-09,0.1116144817506388,0.1116144817506388,0.10978439450263977,0.10978439450263977,1057050
1988-05-10,0.10978438605687206,0.11161447316408157,0.10978438605687206,0.11161447316408157,697106
1988-05-11,0.11161443944449141,0.11161443944449141,0.10612485557794571,0.10612485557794571,3326063
1988-05-12,0.10612485557794571,0.10978435289016528,0.10612485557794571,0.10612485557794571,364500
1988-05-13,0.10795487463474274,0.10978429435540955,0.10795487463474274,0.10795487463474274,455625
1988-05-16,0.10795487463474274,0.10795487463474274,0.10795487463474274,0.10795487463474274,309825
1988-05-17,0.10795493219408901,0.10978435289016528,0.10612485557794571,0.10612485557794571,1991081
1988-05-18,0.10612485557794571,0.10612485557794571,0.10429543488186944,0.10612485557794571,1289419
1988-05-19,0.1042954178091618,0.1042954178091618,0.10063592109598597,0.10246533155441284,3881925
1988-05-20,0.10246533155441284,0.10246533155441284,0.10063592109598597,0.10246533155441284,997819
1988-05-23,0.1006359388112688,0.1006359388112688,0.09880585223436356,0.09880585223436356,811013
1988-05-24,0.09880585223436356,0.09880585223436356,0.0969764315157164,0.09880585223436356,902138
1988-05-25,0.09880585223436356,0.1006359388112688,0.09880585223436356,0.09880585223436356,410063
1988-05-26,0.09880585223436356,0.1006359388112688,0.09880585223436356,0.09880585223436356,852019
1988-05-27,0.09880587267282767,0.09880587267282767,0.09697645157575607,0.09697645157575607,405506
1988-05-31,0.0969764454270365,0.10063595324754715,0.0969764454270365,0.10063595324754715,1166400
1988-06-01,0.10063593756964989,0.10795493219408901,0.10063593756964989,0.10612485557794571,1129950
1988-06-02,0.10612485557794571,0.10795493219408901,0.10612485557794571,0.10612485557794571,1020600
1988-06-03,0.10612485557794571,0.10612485557794571,0.10612485557794571,0.10612485557794571,296156
1988-06-06,0.10612485557794571,0.10612485557794571,0.10612485557794571,0.10612485557794571,291600
1988-06-07,0.10612485557794571,0.10795493219408901,0.10612485557794571,0.10612485557794571,633319
1988-06-08,0.10612489580333057,0.10978439450263977,0.10612489580333057,0.10978439450263977,1571906
1988-06-09,0.10978439450263977,0.1116144817506388,0.10978439450263977,0.10978439450263977,1339538
1988-06-10,0.10978439450263977,0.1116144817506388,0.10978439450263977,0.10978439450263977,842906
1988-06-13,0.10978429435540955,0.10978429435540955,0.10795487463474274,0.10795487463474274,1840725
1988-06-14,0.10795487463474274,0.10978429435540955,0.10795487463474274,0.10795487463474274,729000
1988-06-15,0.10795497311314299,0.10978439450263977,0.10795497311314299,0.10978439450263977,1134506
1988-06-16,0.10978429435540955,0.10978429435540955,0.10612479899435859,0.10795487463474274,719888
1988-06-17,0.10795497311314299,0.10978439450263977,0.10795497311314299,0.10978439450263977,510300
1988-06-20,0.10978439450263977,0.10978439450263977,0.10612489580333057,0.10978439450263977,1480781
1988-06-21,0.10795487463474274,0.10795487463474274,0.10795487463474274,0.10795487463474274,164025
1988-06-22,0.10795496480811358,0.11161447316408157,0.10795496480811358,0.11161447316408157,619650
1988-06-23,0.1116144817506388,0.1116144817506388,0.10978439450263977,0.10978439450263977,628763
1988-06-24,0.10978429435540955,0.10978429435540955,0.10795487463474274,0.10795487463474274,1079831
1988-06-27,0.10795493219408901,0.11893276821068065,0.10612485557794571,0.10612485557794571,760894
1988-06-28,0.10612485557794571,0.10795493219408901,0.10612485557794571,0.10612485557794571,601425
1988-06-29,0.10612485557794571,0.10795493219408901,0.10612485557794571,0.10612485557794571,719888
1988-06-30,0.10612485557794571,0.10612485557794571,0.10429543488186944,0.10612485557794571,1262081
1988-07-01,0.10612479899435859,0.10795487463474274,0.10612479899435859,0.10795487463474274,961369
1988-07-05,0.10795493219408901,0.10795493219408901,0.10612485557794571,0.10612485557794571,1047938
1988-07-06,0.10612485557794571,0.10795493219408901,0.10612485557794571,0.10612485557794571,952256
1988-07-07,0.10612479899435859,0.10795487463474274,0.10612479899435859,0.10795487463474274,1038825
1988-07-08,0.10612485557794571,0.10612485557794571,0.10429543488186944,0.10612485557794571,460181
1988-07-11,0.10612485557794571,0.10612485557794571,0.10429543488186944,0.10612485557794571,191363
1988-07-12,0.10612484564180918,0.10612484564180918,0.10429542511701584,0.10429542511701584,1148175
1988-07-13,0.10429542511701584,0.10429542511701584,0.10429542511701584,0.10429542511701584,359944
1988-07-14,0.10429543488186944,0.10612485557794571,0.10429543488186944,0.10612485557794571,1070719
1988-07-15,0.10612485557794571,0.10612485557794571,0.10429543488186944,0.10612485557794571,337163
1988-07-18,0.10612479899435859,0.10795487463474274,0.10612479899435859,0.10795487463474274,1544569
1988-07-19,0.10612484564180918,0.10612484564180918,0.10429542511701584,0.10429542511701584,1098056
1988-07-20,0.1042954744138338,0.10978439450263977,0.10246538716583477,0.10978439450263977,3285056
1988-07-21,0.10978429435540955,0.10978429435540955,0.10612479899435859,0.10795487463474274,1758713
1988-07-22,0.10795487463474274,0.10978429435540955,0.10795487463474274,0.10795487463474274,2013863
1988-07-25,0.10795493219408901,0.10795493219408901,0.10612485557794571,0.10612485557794571,1540013
1988-07-26,0.10612484564180918,0.10795492208660817,0.10429542511701584,0.10429542511701584,1836169
1988-07-27,0.10429542511701584,0.10612484564180918,0.10429542511701584,0.10429542511701584,328050
1988-07-28,0.10612479899435859,0.10795487463474274,0.10612479899435859,0.10795487463474274,1175513
1988-07-29,0.10795497311314299,0.10978439450263977,0.10795497311314299,0.10978439450263977,997819
1988-08-01,0.10978429435540955,0.10978429435540955,0.10795487463474274,0.10795487463474274,419175
1988-08-02,0.10795487463474274,0.10978429435540955,0.10795487463474274,0.10795487463474274,628763
1988-08-03,0.10795487463474274,0.10795487463474274,0.10795487463474274,0.10795487463474274,282488
1988-08-04,0.10795493219408901,0.10795493219408901,0.10612485557794571,0.10612485557794571,583200
1988-08-05,0.10612484564180918,0.10795492208660817,0.10429542511701584,0.10429542511701584,533081
1988-08-08,0.10429542511701584,0.10612484564180918,0.10429542511701584,0.10429542511701584,533081
1988-08-09,0.10429542511701584,0.10612484564180918,0.10429542511701584,0.10429542511701584,514856
1988-08-10,0.10429542511701584,0.10612484564180918,0.10429542511701584,0.10429542511701584,710775
1988-08-11,0.10429542511701584,0.10612484564180918,0.10429542511701584,0.10429542511701584,2182444
1988-08-12,0.10429542511701584,0.10429542511701584,0.10429542511701584,0.10429542511701584,610538
1988-08-15,0.1042954178091618,0.10612483820576986,0.10246533155441284,0.10246533155441284,760894
1988-08-16,0.10246529369513009,0.10795487463474274,0.10246529369513009,0.10795487463474274,1722263
1988-08-17,0.10795492208660817,0.10795492208660817,0.10429542511701584,0.10429542511701584,400950
1988-08-18,0.10246533155441284,0.10246533155441284,0.10246533155441284,0.10246533155441284,68344
1988-08-19,0.10246533155441284,0.10246533155441284,0.10246533155441284,0.10246533155441284,400950
1988-08-22,0.10246533155441284,0.1042954178091618,0.10246533155441284,0.10246533155441284,359944
1988-08-23,0.10246533155441284,0.1042954178091618,0.10063592109598597,0.10246533155441284,1079831
1988-08-24,0.10246536429044129,0.10246536429044129,0.10063595324754715,0.10063595324754715,359944
1988-08-25,0.10063595324754715,0.10063595324754715,0.10063595324754715,0.10063595324754715,309825
1988-08-26,0.1006359596282951,0.1006359596282951,0.09697645157575607,0.09697645157575607,1038825
1988-08-29,0.09697645157575607,0.09880587267282767,0.09697645157575607,0.09697645157575607,656100
1988-08-30,0.09697645157575607,0.09880587267282767,0.09697645157575607,0.09697645157575607,1339538
1988-08-31,0.0969764315157164,0.09880585223436356,0.0951463548769941,0.09880585223436356,2237119
1988-09-01,0.09880585223436356,0.09880585223436356,0.0969764315157164,0.09880585223436356,674325
1988-09-02,0.09880585223436356,0.09880585223436356,0.0969764315157164,0.09880585223436356,287044
1988-09-06,0.09880585223436356,0.09880585223436356,0.09880585223436356,0.09880585223436356,660656
1988-09-07,0.09880587267282767,0.1006359596282951,0.09697645157575607,0.09697645157575607,1088944
1988-09-08,0.09697645157575607,0.09880587267282767,0.09697645157575607,0.09697645157575607,241481
1988-09-09,0.0969764315157164,0.09880585223436356,0.0969764315157164,0.09880585223436356,505744
1988-09-12,0.09880587267282767,0.09880587267282767,0.09697645157575607,0.09697645157575607,965925
1988-09-13,0.09697645157575607,0.09880587267282767,0.09697645157575607,0.09697645157575607,569531
1988-09-14,0.0969764315157164,0.1006359388112688,0.0969764315157164,0.09880585223436356,2688188
1988-09-15,0.09880587267282767,0.1006359596282951,0.09697645157575607,0.09697645157575607,72900
1988-09-16,0.0969764315157164,0.1006359388112688,0.0969764315157164,0.09880585223436356,861131
1988-09-19,0.09880587267282767,0.1006359596282951,0.09697645157575607,0.09697645157575607,724444
1988-09-20,0.0969764315157164,0.1006359388112688,0.0969764315157164,0.09880585223436356,902138
1988-09-21,0.09880586640811502,0.10063595324754715,0.09880586640811502,0.10063595324754715,742669
1988-09-22,0.1006359388112688,0.1006359388112688,0.09880585223436356,0.09880585223436356,642431
1988-09-23,0.09880587267282767,0.09880587267282767,0.09697645157575607,0.09697645157575607,965925
1988-09-26,0.09697645157575607,0.09697645157575607,0.09697645157575607,0.09697645157575607,1184625
1988-09-27,0.0969764347121973,0.0969764347121973,0.09514635801315309,0.09514635801315308,1357763
1988-09-28,0.09514635801315309,0.09514635801315309,0.09331693723420563,0.09514635801315308,469294
1988-09-29,0.0951463548769941,0.09880585223436356,0.0951463548769941,0.09880585223436356,1622025
1988-09-30,0.09880585223436356,0.09880585223436356,0.0969764315157164,0.09880585223436356,920363
1988-10-03,0.09880587267282767,0.09880587267282767,0.09697645157575607,0.09697645157575607,628763
1988-10-04,0.09880586640811502,0.10063595324754715,0.09880586640811502,0.10063595324754715,2187000
1988-10-05,0.10246534832754331,0.10612485557794571,0.10246534832754331,0.10612485557794571,3590325
1988-10-06,0.10612484564180918,0.10612484564180918,0.10429542511701584,0.10429542511701584,719888
1988-10-07,0.10429543488186944,0.10795493219408901,0.10429543488186944,0.10612485557794571,1225631
1988-10-10,0.10612485557794571,0.10612485557794571,0.10429543488186944,0.10612485557794571,1435219
1988-10-11,0.10612485557794571,0.10795493219408901,0.10612485557794571,0.10612485557794571,938588
1988-10-12,0.10612485557794571,0.10795493219408901,0.10612485557794571,0.10612485557794571,1289419
1988-10-13,0.10612485557794571,0.10795493219408901,0.10612485557794571,0.10612485557794571,423731
1988-10-14,0.10612479899435859,0.10795487463474274,0.10612479899435859,0.10795487463474274,692550
1988-10-17,0.10795497311314299,0.10978439450263977,0.10795497311314299,0.10978439450263977,1918181
1988-10-18,0.10978439450263977,0.1116144817506388,0.10978439450263977,0.10978439450263977,1184625
1988-10-19,0.10978439450263977,0.1116144817506388,0.10978439450263977,0.10978439450263977,742669
1988-10-20,0.10978437496438133,0.11527395993471146,0.10978437496438133,0.11527395993471146,2059425
1988-10-21,0.11527398802004139,0.12442240740893729,0.11344390065185972,0.12259232997894287,4820513
1988-10-24,0.12259226038445896,0.12442233677553606,0.11893275358410951,0.12076283991336823,2141438
1988-10-25,0.11710337549448013,0.11710337549448013,0.11344386768027062,0.11710337549448013,2337356
1988-10-26,0.11710338099862727,0.11710338099862727,0.11344387301241188,0.11527395993471146,1330425
1988-10-27,0.11527395993471146,0.11710338099862727,0.11527395993471146,0.11527395993471146,1020600
1988-10-28,0.11527390776264179,0.11527390776264179,0.11344382166862488,0.11344382166862488,765450
1988-10-31,0.10978439450263977,0.10978439450263977,0.10795497311314299,0.10978439450263977,1640250
1988-11-01,0.10978439450263977,0.1116144817506388,0.10795497311314299,0.10978439450263977,496631
1988-11-02,0.10795493219408901,0.10795493219408901,0.10612485557794571,0.10612485557794571,2032088
1988-11-03,0.10795497311314299,0.10978439450263977,0.10795497311314299,0.10978439450263977,1038825
1988-11-04,0.10978439450263977,0.10978439450263977,0.10612489580333057,0.10978439450263977,765450
1988-11-07,0.10612484564180918,0.10612484564180918,0.10429542511701584,0.10429542511701584,601425
1988-11-08,0.10429542511701584,0.10429542511701584,0.10246533873403495,0.10429542511701584,1754156
1988-11-09,0.10246534959173301,0.10246534959173301,0.09880585223436356,0.09880585223436356,546750
1988-11-10,0.09880583484123702,0.10246533155441284,0.09880583484123702,0.10246533155441284,902138
1988-11-11,0.10246533155441284,0.10246533155441284,0.10063592109598597,0.10246533155441284,396394
1988-11-14,0.10063595324754715,0.10063595324754715,0.09880586640811502,0.10063595324754715,683438
1988-11-15,0.1006359388112688,0.1006359388112688,0.09880585223436356,0.09880585223436356,619650
1988-11-16,0.09880586640811502,0.10063595324754715,0.09880586640811502,0.10063595324754715,318938
1988-11-17,0.10063595324754715,0.10063595324754715,0.0969764454270365,0.10063595324754715,528525
1988-11-18,0.09880585223436356,0.09880585223436356,0.0969764315157164,0.09880585223436356,574088
1988-11-21,0.09880585223436356,0.1006359388112688,0.09880585223436356,0.09880585223436356,542194
1988-11-22,0.09880585223436356,0.1006359388112688,0.09880585223436356,0.09880585223436356,765450
1988-11-23,0.09880585223436356,0.1006359388112688,0.09880585223436356,0.09880585223436356,410063
1988-11-25,0.09880587267282767,0.09880587267282767,0.09697645157575607,0.09697645157575607,86569
1988-11-28,0.09697645157575607,0.09880587267282767,0.09697645157575607,0.09697645157575607,369056
1988-11-29,0.0969764315157164,0.09880585223436356,0.0969764315157164,0.09880585223436356,1184625
1988-11-30,0.09880585223436356,0.1006359388112688,0.0969764315157164,0.09880585223436356,400950
1988-12-01,0.09880585223436356,0.1006359388112688,0.0969764315157164,0.09880585223436356,469294
1988-12-02,0.09880585223436356,0.1006359388112688,0.0969764315157164,0.09880585223436356,492075
1988-12-05,0.09880585223436356,0.1006359388112688,0.09880585223436356,0.09880585223436356,1066163
1988-12-06,0.09880587267282767,0.1006359596282951,0.09697645157575607,0.09697645157575607,492075
1988-12-07,0.0969764315157164,0.09880585223436356,0.0969764315157164,0.09880585223436356,815569
1988-12-08,0.09880585223436356,0.09880585223436356,0.0969764315157164,0.09880585223436356,961369
1988-12-09,0.09880587267282767,0.09880587267282767,0.09697645157575607,0.09697645157575607,387281
1988-12-12,0.0969764315157164,0.1006359388112688,0.0969764315157164,0.09880585223436356,1631138
1988-12-13,0.09880587267282767,0.1006359596282951,0.09697645157575607,0.09697645157575607,455625
1988-12-14,0.09697645157575607,0.09880587267282767,0.09697645157575607,0.09697645157575607,1909069
1988-12-15,0.0969764315157164,0.1006359388112688,0.0969764315157164,0.09880585223436356,1166400
1988-12-16,0.09880585223436356,0.1006359388112688,0.09880585223436356,0.09880585223436356,751781
1988-12-19,0.09880585223436356,0.1006359388112688,0.0951463548769941,0.09880585223436356,1234744
1988-12-20,0.09880587267282767,0.09880587267282767,0.09697645157575607,0.09697645157575607,1626581
1988-12-21,0.0969764347121973,0.0969764347121973,0.09514635801315309,0.09514635801315308,1230188
1988-12-22,0.09514637455847365,0.09697645157575607,0.09514637455847365,0.09697645157575607,1362319
1988-12-23,0.0969764347121973,0.0969764347121973,0.09514635801315309,0.09514635801315308,815569
1988-12-27,0.09514637455847365,0.09880587267282767,0.09514637455847365,0.09697645157575607,2674519
1988-12-28,0.09697645157575607,0.09880587267282767,0.09514637455847365,0.09697645157575607,3029906
1988-12-29,0.0969764315157164,0.09880585223436356,0.0969764315157164,0.09880585223436356,1754156
1988-12-30,0.09880585223436356,0.09880585223436356,0.09148684758144171,0.09880585223436356,3658669
1989-01-03,0.09880585223436356,0.09880585223436356,0.09880585223436356,0.09880585223436356,870244
1989-01-04,0.09880584176444261,0.10429542511701584,0.09880584176444261,0.10429542511701584,2150550
1989-01-05,0.10429543488186944,0.10795493219408901,0.10429543488186944,0.10612485557794571,1471669
1989-01-06,0.1061248876390899,0.11161447316408157,0.1061248876390899,0.11161447316408157,1913625
1989-01-09,0.11161447316408157,0.11344388447465421,0.11161447316408157,0.11161447316408157,3918375
1989-01-10,0.11161441137087069,0.11344382166862488,0.11161441137087069,0.11344382166862488,1248413
1989-01-11,0.11344388447465421,0.11344388447465421,0.11161447316408157,0.11161447316408157,852019
1989-01-12,0.11161441137087069,0.11344382166862488,0.11161441137087069,0.11344382166862488,1271194
1989-01-13,0.11344386768027062,0.11710337549448013,0.11344386768027062,0.11710337549448013,3198488
1989-01-16,0.11710337549448013,0.11893278653422429,0.11710337549448013,0.11710337549448013,669769
1989-01-17,0.11710332799857631,0.11710332799857631,0.11344382166862488,0.11344382166862488,1344094
1989-01-18,0.11344382166862488,0.11344382166862488,0.11161441137087069,0.11344382166862488,1362319
1989-01-19,0.11344390752531755,0.1189328283071518,0.11344390752531755,0.1189328283071518,3403519
1989-01-20,0.1189328211011255,0.12442240740893729,0.1189328211011255,0.12259232997894287,7754738
1989-01-23,0.12442239541626901,0.12625181674957275,0.12442239541626901,0.12625181674957275,2615288
1989-01-24,0.1262518450617322,0.12808193266391754,0.12442242331817797,0.12808193266391754,2870438
1989-01-25,0.12808187760015896,0.12991128861904144,0.12625179078474735,0.12991128861904144,2524163
1989-01-26,0.12991127732906205,0.13723028229977408,0.12991127732906205,0.13540086150169373,5563181
1989-01-27,0.1372302427607373,0.14820874208456772,0.1372302427607373,0.14637932181358337,10953225
1989-01-30,0.1463793465949771,0.14820876717567444,0.14454927009425403,0.14820876717567444,6260288
1989-01-31,0.1482087521333732,0.15003883838653564,0.1482087521333732,0.15003883838653564,4410450
1989-02-01,0.15003882413333777,0.1573578168580642,0.15003882413333777,0.1555277407169342,3603994
1989-02-02,0.15552777559093217,0.15552777559093217,0.15369835495948792,0.15369835495948792,4004944
1989-02-03,0.15369833509653905,0.15369833509653905,0.1482087521333732,0.15003883838653564,5339925
1989-02-06,0.1500388540672177,0.1500388540672177,0.14271984994411469,0.14271984994411469,5239688
1989-02-07,0.1427198351861166,0.1427198351861166,0.1408897489309311,0.1408897489309311,2496825
1989-02-08,0.1408897489309311,0.1427198351861166,0.1408897489309311,0.1408897489309311,1731375
1989-02-09,0.1408897489309311,0.1427198351861166,0.1408897489309311,0.1408897489309311,1180069
1989-02-10,0.1408897541897972,0.1408897541897972,0.13357076048851013,0.13357076048851013,4756725
1989-02-13,0.13357076048851013,0.13357076048851013,0.12808184317253696,0.13357076048851013,3257719
1989-02-14,0.1335707651810929,0.13906034854809096,0.1335707651810929,0.1372302621603012,2683631
1989-02-15,0.1372302621603012,0.13906034854809096,0.13540084163070074,0.1372302621603012,624206
1989-02-16,0.1372302621603012,0.13906034854809096,0.1372302621603012,0.1372302621603012,965925
1989-02-17,0.1372302621603012,0.1372302621603012,0.13540084163070074,0.1372302621603012,410063
1989-02-21,0.13723028229977408,0.13906036895614146,0.13357078478350976,0.13540086150169373,1681256
1989-02-22,0.1354008266005671,0.1354008266005671,0.13174133002758026,0.13174133002758026,1257525
1989-02-23,0.13174137543445305,0.13174137543445305,0.12808187760015896,0.12991128861904144,2059425
1989-02-24,0.12808191755442133,0.12808191755442133,0.1225923311922774,0.12442240864038467,3344288
1989-02-27,0.12442240864038467,0.12625183016812672,0.12442240864038467,0.12442240864038467,1394213
1989-02-28,0.12625181674957275,0.1280819039413583,0.12625181674957275,0.12625181674957275,1070719
1989-03-01,0.12625181674957275,0.12991131533647574,0.12625181674957275,0.12625181674957275,1243856
1989-03-02,0.12991124384293876,0.1335707503541064,0.12991124384293876,0.13174133002758026,1430663
1989-03-03,0.13174133002758026,0.1335707503541064,0.13174133002758026,0.13174133002758026,159469
1989-03-06,0.1317413639854294,0.13540086150169373,0.1317413639854294,0.13540086150169373,1622025
1989-03-07,0.13540084163070074,0.1372302621603012,0.1335707651810929,0.1372302621603012,1658475
1989-03-08,0.13723026188816304,0.1408897588601143,0.1335707649162118,0.1390603482723236,2009306
1989-03-09,0.13906034854809096,0.13906034854809096,0.1372302621603012,0.1372302621603012,601425
1989-03-10,0.1372302621603012,0.13906034854809096,0.1372302621603012,0.1372302621603012,428288
1989-03-13,0.1372302621603012,0.13906034854809096,0.1372302621603012,0.1372302621603012,59231
1989-03-14,0.13723026188816304,0.1390603482723236,0.13723026188816304,0.1390603482723236,314381
1989-03-15,0.13906034854809096,0.13906034854809096,0.1372302621603012,0.1372302621603012,6670350
1989-03-16,0.13723026188816304,0.1390603482723236,0.13723026188816304,0.1390603482723236,2628956
1989-03-17,0.13723028229977408,0.13723028229977408,0.13357078478350976,0.13540086150169373,1330425
1989-03-20,0.13540087326874714,0.13540087326874714,0.12625179078474735,0.12991128861904144,1981969
1989-03-21,0.12991124384293876,0.13174133002758026,0.12991124384293876,0.13174133002758026,200475
1989-03-22,0.13174133002758026,0.13174133002758026,0.12991124384293876,0.13174133002758026,209588
1989-03-23,0.12991134446928324,0.12991134446928324,0.1262518450617322,0.12808193266391754,669769
1989-03-27,0.12808193266391754,0.12808193266391754,0.1262518450617322,0.12808193266391754,1462556
1989-03-28,0.12808193266391754,0.12808193266391754,0.1262518450617322,0.12808193266391754,756338
1989-03-29,0.12808193266391754,0.12991134446928324,0.12808193266391754,0.12808193266391754,291600
1989-03-30,0.12808193266391754,0.12991134446928324,0.12808193266391754,0.12808193266391754,601425
1989-03-31,0.12808187760015896,0.12991128861904144,0.12808187760015896,0.12991128861904144,501188
1989-04-03,0.12991128861904144,0.12991128861904144,0.12808187760015896,0.12991128861904144,4374000
1989-04-04,0.12991128861904144,0.12991128861904144,0.12991128861904144,0.12991128861904144,874800
1989-04-05,0.12991134446928324,0.12991134446928324,0.12808193266391754,0.12808193266391754,1412438
1989-04-06,0.12808183345459345,0.13174133002758026,0.12808183345459345,0.13174133002758026,1494450
1989-04-07,0.13174133002758026,0.13174133002758026,0.12991124384293876,0.13174133002758026,428288
1989-04-10,0.13174137543445305,0.13174137543445305,0.12991128861904144,0.12991128861904144,1439775
1989-04-11,0.13174133002758026,0.1335707503541064,0.13174133002758026,0.13174133002758026,956813
1989-04-12,0.1317413400231805,0.13357076048851013,0.1317413400231805,0.13357076048851013,779119
1989-04-13,0.13357078478350976,0.13540086150169373,0.13357078478350976,0.13540086150169373,674325
1989-04-14,0.13540084582101164,0.14271984994411469,0.13357076931476763,0.14271984994411469,2651738
1989-04-17,0.14271984994411469,0.14454927053033106,0.14271984994411469,0.14271984994411469,1430663
1989-04-18,0.1463793506554407,0.15369835495948792,0.1463793506554407,0.15369835495948792,6283069
1989-04-19,0.1536983256220551,0.15918724238872528,0.1536983256220551,0.15918724238872528,3234938
1989-04-20,0.15918727277386455,0.15918727277386455,0.15186826846981732,0.15369835495948792,3180263
1989-04-21,0.1500388536145797,0.1500388536145797,0.1463793465949771,0.14820876717567444,4282875
1989-04-24,0.14820876717567444,0.14820876717567444,0.14454927009425403,0.14820876717567444,1740488
1989-04-25,0.14820874208456772,0.14820874208456772,0.14637932181358337,0.14637932181358337,656100
1989-04-26,0.14637932181358337,0.14820874208456772,0.14637932181358337,0.14637932181358337,528525
1989-04-27,0.1463793465949771,0.1500388536145797,0.1463793465949771,0.14820876717567444,2401144
1989-04-28,0.14820876717567444,0.1500388536145797,0.14820876717567444,0.14820876717567444,646988
1989-05-01,0.14820874208456772,0.14820874208456772,0.14637932181358337,0.14637932181358337,984150
1989-05-02,0.14637932181358337,0.14820874208456772,0.14637932181358337,0.14637932181358337,997819
1989-05-03,0.14637932181358337,0.14820874208456772,0.14637932181358337,0.14637932181358337,605981
1989-05-04,0.14637932181358337,0.14820874208456772,0.14454924562268442,0.14637932181358337,870244
1989-05-05,0.14637932181358337,0.14637932181358337,0.14454924562268442,0.14637932181358337,1079831
1989-05-08,0.14637932181358337,0.14637932181358337,0.14454924562268442,0.14637932181358337,1895400
1989-05-09,0.1463793419464897,0.1463793419464897,0.14454926550388336,0.14454926550388336,801900
1989-05-10,0.14454924562268442,0.14637932181358337,0.14454924562268442,0.14637932181358337,1298531
1989-05-11,0.14637933173835105,0.15003883838653564,0.14637933173835105,0.15003883838653564,1416994
1989-05-12,0.15003883838653564,0.1518682488433766,0.15003883838653564,0.15003883838653564,1102613
1989-05-15,0.15186825350945699,0.16284675391495762,0.15186825350945699,0.16101734340190887,5453831
1989-05-16,0.16101732852907502,0.16101732852907502,0.15735782210647478,0.15918724238872528,2838544
1989-05-17,0.15918730572473344,0.16284680366516113,0.15918730572473344,0.16284680366516113,2387475
1989-05-18,0.16284680366516113,0.1646768905336493,0.16101739259322165,0.16284680366516113,1918181
1989-05-19,0.16284686185934866,0.1646769493818283,0.16284686185934866,0.1646769493818283,1252969
1989-05-22,0.164676795970379,0.16650621592998505,0.164676795970379,0.16650621592998505,902138
1989-05-23,0.16833635654330928,0.1719958537895877,0.16833635654330928,0.1701657772064209,1366875
1989-05-24,0.17016575714866858,0.1719958335161209,0.17016575714866858,0.1719958335161209,2145994
1989-05-25,0.17243581873230354,0.17243581873230354,0.16876696050167084,0.16876696050167084,2218894
1989-05-26,0.1687670352623253,0.1687670352623253,0.16326340671581827,0.165098175406456,1713150
1989-05-30,0.165098175406456,0.1669322765352965,0.165098175406456,0.165098175406456,4091513
1989-05-31,0.16509811785017897,0.17243583500385284,0.16509811785017897,0.17243583500385284,3758906
1989-06-01,0.1724358580622831,0.1724358580622831,0.17060109972953796,0.17060109972953796,537638
1989-06-02,0.17243583500385284,0.17426993549329176,0.17243583500385284,0.17243583500385284,2647181
1989-06-05,0.17243583500385284,0.17426993549329176,0.17243583500385284,0.17243583500385284,970481
1989-06-06,0.17243582672623378,0.17243582672623378,0.16693221032619476,0.16693221032619476,1977413
1989-06-07,0.166932202587406,0.16876696050167084,0.166932202587406,0.16876696050167084,537638
1989-06-08,0.1687669562196963,0.17610401489690802,0.1687669562196963,0.1742699146270752,3025350
1989-06-09,0.17426989419549643,0.17610399425029755,0.17243579414069532,0.17610399425029755,2063981
1989-06-12,0.17610401489690802,0.17610401489690802,0.17243581435724234,0.1742699146270752,1672144
1989-06-13,0.17426989419549643,0.17610399425029755,0.17243579414069532,0.17610399425029755,3048131
1989-06-14,0.17610399425029755,0.17793875190290187,0.17426989419549643,0.17610399425029755,3412631
1989-06-15,0.17426993549329176,0.17426993549329176,0.17243583500385284,0.17243583500385284,478406
1989-06-16,0.17243581435724234,0.17426991462707517,0.17243581435724234,0.1742699146270752,792788
1989-06-19,0.17426991462707517,0.17426991462707517,0.17243581435724234,0.1742699146270752,428288
1989-06-20,0.17426989419549643,0.17610399425029755,0.17243579414069532,0.17610399425029755,2013863
1989-06-21,0.17610399425029755,0.17610399425029755,0.17426989419549643,0.17610399425029755,1170956
1989-06-22,0.17610392786021645,0.17793868482112885,0.17426982849685935,0.17793868482112885,2264456
1989-06-23,0.17793868482112885,0.17793868482112885,0.17610392786021645,0.17793868482112885,1093500
1989-06-26,0.17793875190290187,0.17793875190290187,0.17610399425029755,0.17610399425029755,268819
1989-06-27,0.17610401489690802,0.17610401489690802,0.17426991462707517,0.1742699146270752,1061606
1989-06-28,0.1742699190486714,0.17610401936503925,0.16876696050167084,0.16876696050167084,883913
1989-06-29,0.16876696056560136,0.16876696056560136,0.1577603759059293,0.15959447622299194,10137656
1989-06-30,0.16142918169498444,0.16142918169498444,0.1559255577120321,0.16142918169498444,2063981
1989-07-03,0.16142931555058668,0.1669322765352965,0.16142931555058668,0.165098175406456,1170956
1989-07-05,0.1687669764270159,0.17243583500385284,0.1669322183396179,0.17243583500385284,1139063
1989-07-06,0.17426982849685935,0.17793868482112885,0.17426982849685935,0.17793868482112885,4109738
1989-07-07,0.1779387242789284,0.18344168118683224,0.1779387242789284,0.17977282404899597,5157675
1989-07-10,0.17977282904214503,0.18711054352162088,0.17977282904214503,0.18527646362781525,2132325
1989-07-11,0.18711054352162088,0.18711054352162088,0.18527646362781525,0.18527646362781525,1435219
1989-07-12,0.18527647811498246,0.1871105581521988,0.18527647811498246,0.1871105581521988,1184625
1989-07-13,0.18527647811498246,0.1871105581521988,0.18527647811498246,0.1871105581521988,1362319
1989-07-14,0.18527646362781525,0.18711054352162088,0.18344168628188295,0.18527646362781525,3266831
1989-07-17,0.18711064294490737,0.19444838125057434,0.18527656207654278,0.19077952206134796,2177888
1989-07-18,0.1944483393631413,0.2036208340865467,0.1926142389626585,0.20178605616092682,1849838
1989-07-19,0.22379924879193264,0.22379924879193264,0.20545493504152312,0.21829628944396973,5868450
1989-07-20,0.22379926465951464,0.22746812368427977,0.22196516394615173,0.22196516394615173,5207794
1989-07-21,0.22379927247544648,0.22379927247544648,0.21462745339223807,0.21646155416965485,1790606
1989-07-24,0.21462751924991608,0.21462751924991608,0.21279276031144786,0.21462751924991608,1499006
1989-07-25,0.21279276031144786,0.2164616205901202,0.21279276031144786,0.21462751924991608,1371431
1989-07-26,0.21506832540035248,0.21506832540035248,0.21139192994547543,0.21506832540035248,838350
1989-07-27,0.21690608632617228,0.2279352672334599,0.21690608632617228,0.22609741985797882,2095875
1989-07-28,0.22425915573432173,0.23344982191208563,0.22058275747334516,0.2297741025686264,3986719
1989-07-31,0.2334493907000342,0.24264071881771088,0.2316115244390067,0.24264071881771088,2742863
1989-08-01,0.2444788473828318,0.24999376997921235,0.24080245196819305,0.24080245196819305,6971063
1989-08-02,0.24080245196819305,0.24631737456457362,0.24080245196819305,0.24080245196819305,2870438
1989-08-03,0.2426408733296766,0.2426408733296766,0.2352880857070884,0.2371259331703186,1726819
1989-08-04,0.23896476874639033,0.23896476874639033,0.22609770430764983,0.2297741025686264,1877175
1989-08-07,0.2316117548989451,0.237126018117006,0.2316117548989451,0.23344962298870087,2155106
1989-08-08,0.2352881699953955,0.2352881699953955,0.2316117548989451,0.23344962298870087,929475
1989-08-09,0.23344952145280576,0.23344952145280576,0.23161165416240695,0.23161165416240692,1407881
1989-08-10,0.22977390677733456,0.23344962298870087,0.22425896464233477,0.23344962298870087,1954631
1989-08-11,0.23344955537313536,0.2352881018473194,0.22058250562523432,0.2242588996887207,3321506
1989-08-14,0.22609744616290475,0.2279352937522071,0.2242588996887207,0.2242588996887207,1093500
1989-08-15,0.22609744616290475,0.22609744616290475,0.2169061115617479,0.2242588996887207,3148369
1989-08-16,0.22242115081649239,0.2242590193546315,0.21874475479125977,0.21874475479125977,2200669
1989-08-17,0.21874475479125977,0.2205826233293989,0.21506835876602717,0.21874475479125977,1918181
1989-08-18,0.21874475479125977,0.2205826233293989,0.21690622730416628,0.21874475479125977,961369
1989-08-21,0.2205826233293989,0.2205826233293989,0.21874475479125977,0.21874475479125977,1148175
1989-08-22,0.21690618941182724,0.21690618941182724,0.2095533786777082,0.21139192581176758,2410256
1989-08-23,0.21139180180503092,0.22058245539665222,0.21139180180503092,0.22058245539665222,1098056
1989-08-24,0.22242128607851097,0.2316119522562749,0.22242128607851097,0.2297741025686264,2355581
1989-08-25,0.2316117548989451,0.23896456512370065,0.2316117548989451,0.23344962298870087,5772769
1989-08-28,0.2352881699953955,0.23896456512370065,0.22977390677733456,0.23344962298870087,3216713
1989-08-29,0.22977390677733456,0.23344962298870087,0.22793535977063992,0.23344962298870087,3307838
1989-08-30,0.2352881699953955,0.2352881699953955,0.23344962298870087,0.23344962298870087,414619
1989-08-31,0.23528806765984814,0.23528806765984814,0.23161165416240695,0.23161165416240692,1084388
1989-09-01,0.22793537378311157,0.23161176913742548,0.22793537378311157,0.22793537378311157,1767825
1989-09-05,0.2297738068401447,0.23344952145280576,0.2297738068401447,0.23161165416240692,574088
1989-09-06,0.23344982191208563,0.23344982191208563,0.22425915573432173,0.2297741025686264,1881731
1989-09-07,0.2316119522562749,0.2316119522562749,0.2279355539952983,0.2297741025686264,1234744
1989-09-08,0.23161165416240695,0.23161165416240695,0.2297738068401447,0.23161165416240692,369056
1989-09-11,0.22977392090283205,0.22977392090283205,0.22793537378311157,0.22793537378311157,391838
1989-09-12,0.22977410256862643,0.2316119522562749,0.2279355539952983,0.2297741025686264,1385100
1989-09-13,0.22977381349374135,0.22977381349374135,0.22425887359769736,0.22609741985797882,660656
1989-09-14,0.2242590193546315,0.2260975668098751,0.2132298312789337,0.21874475479125977,2460375
1989-09-15,0.21690618941182724,0.21874471657773997,0.21139192581176755,0.21139192581176758,2045756
1989-09-18,0.21506833249359608,0.21506833249359608,0.20771554134133702,0.21322980523109436,1476225
1989-09-19,0.21139192994547543,0.21506832540035248,0.21139192994547543,0.21506832540035248,1667588
1989-09-20,0.21690619365336494,0.21874472085522953,0.21506832540035248,0.21506832540035248,510300
1989-09-21,0.21690617501735687,0.21874470206126004,0.21506830692224918,0.21690617501735687,1225631
1989-09-22,0.22058245539665222,0.22058245539665222,0.21874458825770904,0.22058245539665222,428288
1989-09-25,0.21690622730416628,0.21874475479125977,0.21690622730416628,0.21874475479125977,191363
1989-09-26,0.2187447280697256,0.2187447280697256,0.20955338968681714,0.21322980523109436,5198681
1989-09-27,0.21139176988273733,0.21139176988273733,0.2058768314336789,0.20771537721157074,2770200
1989-09-28,0.20587692632520133,0.20587692632520133,0.19852413759386608,0.2022005319595337,1448888
1989-09-29,0.20220058099438667,0.20587697625160217,0.20220058099438667,0.20587697625160217,792788
1989-10-02,0.20771552332276422,0.20771552332276422,0.20220058099438667,0.20587697625160217,1740488
1989-10-03,0.205876969632179,0.21690617501735687,0.205876969632179,0.21690617501735687,1467113
1989-10-04,0.21874472085522953,0.21874472085522953,0.21506832540035248,0.21506832540035248,1198294
1989-10-05,0.21690617501735687,0.21690617501735687,0.21506830692224918,0.21690617501735687,2022975
1989-10-06,0.21690617501735687,0.2205825701563677,0.21690617501735687,0.21690617501735687,1694925
1989-10-09,0.21690617501735687,0.21690617501735687,0.21506830692224918,0.21690617501735687,605981
1989-10-10,0.21690618941182724,0.21690618941182724,0.21139192581176755,0.21139192581176758,934031
1989-10-11,0.21139176988273733,0.21139176988273733,0.2077153772115707,0.20771537721157074,811013
1989-10-12,0.20955337150881767,0.20955337150881767,0.20587697625160217,0.20587697625160217,601425
1989-10-13,0.20771548843556664,0.20955333631294132,0.18749494850635529,0.18749494850635529,2392031
1989-10-16,0.17279013573421054,0.18198081851005554,0.17095160780320445,0.18198081851005554,7590713
1989-10-17,0.18565721542295424,0.18749506443669192,0.1764658736979958,0.18198081851005554,4893413
1989-10-18,0.1764658736979958,0.18198081851005554,0.1764658736979958,0.18198081851005554,852019
1989-10-19,0.18381849911388118,0.1911713061713756,0.17830423827111772,0.18933343887329102,1398769
1989-10-20,0.19117135190651893,0.2003626674413681,0.19117135190651893,0.2003626674413681,1412438
1989-10-23,0.2003626674413681,0.2058769296033437,0.19852414075493133,0.2003626674413681,1535456
1989-10-24,0.20403912285092823,0.20403912285092823,0.19484778550023787,0.19668631255626678,2018419
1989-10-25,0.19668631255626678,0.19852418066349586,0.19668631255626678,0.19668631255626678,300713
1989-10-26,0.19528544065279144,0.1971280972956007,0.18791611492633822,0.1879161149263382,2970675
1989-10-27,0.186074242081917,0.186074242081917,0.1823895871785162,0.18423156440258026,6811594
1989-10-30,0.18607413872541587,0.18975879158214415,0.18607413872541587,0.1879161149263382,656100
1989-10-31,0.18791624338135615,0.19160091876983643,0.18791624338135615,0.19160091876983643,1644806
1989-11-01,0.19344357667224227,0.19344357667224227,0.19160091876983643,0.19160091876983643,200475
1989-11-02,0.19344357667224227,0.19344357667224227,0.18975892129677233,0.19160091876983643,364500
1989-11-03,0.18975879158214415,0.19160078779606315,0.18791611492633822,0.1879161149263382,410063
1989-11-06,0.18791621930598104,0.18975889698531778,0.18423156440258026,0.18423156440258026,893025
1989-11-07,0.1842314905493462,0.1860741674900055,0.18238951406367884,0.1860741674900055,1293975
1989-11-08,0.18607426592130238,0.19528557414530637,0.18423158800588618,0.19160091876983643,1262081
1989-11-09,0.19160085048013584,0.19712816178798676,0.19160085048013584,0.19712816178798676,1517231
1989-11-10,0.19712815715455248,0.20081281113014438,0.19712815715455248,0.19897015392780304,1079831
1989-11-13,0.19897015860453285,0.19897015860453285,0.19712816178798676,0.19712816178798676,396394
1989-11-14,0.19712815715455248,0.20081281113014438,0.19712815715455248,0.19897015392780304,1403325
1989-11-15,0.19897015392780304,0.20081281113014438,0.19712815715455248,0.19897015392780304,1617469
1989-11-16,0.19712808108135726,0.19897007714376783,0.19528542459011078,0.19528542459011078,2200669
1989-11-17,0.19528542459011078,0.19712808108135726,0.19528542459011078,0.19528542459011078,145800
1989-11-20,0.19160091876983643,0.19344357667224227,0.19160091876983643,0.19160091876983643,482963
1989-11-21,0.19160091876983643,0.19528557414530637,0.18975892129677233,0.19160091876983643,970481
1989-11-22,0.1916008037883954,0.1916008037883954,0.18791613061112206,0.1897588074207306,318938
1989-11-24,0.18975892129677233,0.19344357667224227,0.18975892129677233,0.19160091876983643,760894
1989-11-27,0.18791611492633822,0.18975879158214415,0.18423146206960994,0.1879161149263382,2469488
1989-11-28,0.18975879158214415,0.18975879158214415,0.18607413872541587,0.1879161149263382,1599244
1989-11-29,0.1860741674900055,0.1916008174149993,0.1860741674900055,0.1860741674900055,1745044
1989-11-30,0.186074242081917,0.18791621930598104,0.18423156440258026,0.18423156440258026,1075275
1989-12-01,0.18238957226276398,0.18423154933619182,0.18054689473412072,0.18238957226276398,6565556
1989-12-04,0.1823894858686876,0.18791611492633822,0.1823894858686876,0.1879161149263382,633319
1989-12-05,0.18975885366358974,0.204497489925387,0.1879161764049341,0.19712816178798676,3225825
1989-12-06,0.19712820148998889,0.2118668407201767,0.19528554387322164,0.2118668407201767,2319131
1989-12-07,0.21186682610085666,0.21739347771132747,0.21002414859823135,0.2155514806509018,1731375
1989-12-08,0.2155514806509018,0.21739347771132747,0.21370882316128234,0.2155514806509018,1234744
1989-12-11,0.21555161790856908,0.21555161790856908,0.2081823041158914,0.21002428233623505,510300
1989-12-12,0.2081823041158914,0.21186696101223024,0.20633962543989617,0.21002428233623505,1653919
1989-12-13,0.21002422024340928,0.21923620998859403,0.21002422024340928,0.21923620998859406,1631138
1989-12-14,0.21923605510130217,0.21923605510130217,0.21555140189747454,0.2173933982849121,605981
1989-12-15,0.217393551870392,0.21923620998859403,0.21370889606340698,0.21923620998859406,724444
1989-12-18,0.21739361614193137,0.2210782730382702,0.21002428233623505,0.21002428233623505,1530900
1989-12-19,0.20633936034096592,0.20633936034096592,0.1989700560161604,0.2008127123117447,2373806
1989-12-20,0.20265483866023642,0.20449751615524292,0.20081284160742674,0.20449751615524292,770006
1989-12-21,0.20449751615524292,0.20449751615524292,0.20265483866023642,0.20449751615524292,205031
1989-12-22,0.202654765680199,0.206339418888092,0.20081276929072908,0.20633941888809204,1439775
1989-12-26,0.20449741079955536,0.20449741079955536,0.20265473425388336,0.20265473425388336,214144
1989-12-27,0.20265473425388336,0.20449741079955536,0.20265473425388336,0.20265473425388336,150356
1989-12-28,0.20265483866023642,0.20449751615524292,0.19897018412542603,0.20449751615524292,965925
1989-12-29,0.20265483866023642,0.20633949319504682,0.20265483866023642,0.20449751615524292,988706
1990-01-02,0.20633940487389166,0.20818208158016208,0.204497428622524,0.20818208158016205,501188
1990-01-03,0.21370874508108448,0.21923605510130217,0.2118667486936469,0.2173933982849121,1603800
1990-01-04,0.2192361352009469,0.22107813226137257,0.2155514806509018,0.2155514806509018,842906
1990-01-05,0.2155514806509018,0.2192361352009469,0.2155514806509018,0.2155514806509018,1421550
1990-01-08,0.21555150518540145,0.22292081512428116,0.21555150518540145,0.22107815742492676,1849838
1990-01-09,0.22292070830512978,0.22292070830512978,0.2173933982849121,0.2173933982849121,2296350
1990-01-10,0.21739347771132747,0.2192361352009469,0.2155514806509018,0.2155514806509018,405506
1990-01-11,0.21555140189747454,0.2173933982849121,0.21555140189747454,0.2173933982849121,273375
1990-01-12,0.21555149552447184,0.21555149552447184,0.2100241630904022,0.2118668407201767,2155106
1990-01-15,0.20818217069005332,0.20818217069005332,0.20265483866023642,0.20449751615524292,3663225
1990-01-16,0.2026547519162536,0.20818208158016208,0.19897009895861556,0.20818208158016205,2063981
1990-01-17,0.2118668407201767,0.21555149552447184,0.2100241630904022,0.2118668407201767,1676700
1990-01-18,0.21370895924559252,0.21370895924559252,0.20633962543989617,0.21002428233623505,1052494
1990-01-19,0.21370881795883181,0.21555147540359426,0.21186682094324705,0.2137088179588318,1070719
1990-01-22,0.21555161790856908,0.21555161790856908,0.2081823041158914,0.21002428233623505,1585575
1990-01-23,0.21002407209598506,0.21186674892740676,0.206339418888092,0.20633941888809204,1453444
1990-01-24,0.20449741079955536,0.20449741079955536,0.20265473425388336,0.20265473425388336,505744
1990-01-25,0.20265483866023642,0.20449751615524292,0.20265483866023642,0.20449751615524292,346275
1990-01-26,0.20309360851445687,0.2067862407286742,0.19940097630023956,0.19940097630023956,7595269
1990-01-29,0.20124757731552476,0.20124757731552476,0.19755494594573975,0.19755494594573975,4291988
1990-01-30,0.19755494594573975,0.19755494594573975,0.19570829933137673,0.19755494594573975,1995638
1990-01-31,0.19755499112267708,0.19940097630023956,0.19755499112267708,0.19940097630023956,1339538
1990-02-01,0.19940089430898,0.2067861557006836,0.19940089430898,0.2067861557006836,1754156
1990-02-02,0.20494027029851805,0.20678623537192511,0.20309360325336456,0.20309360325336456,154913
1990-02-05,0.19940097113480404,0.20309360325336456,0.19940097113480404,0.20309360325336456,628763
1990-02-06,0.20309360325336456,0.20309360325336456,0.2012476181236219,0.20309360325336456,642431
1990-02-07,0.20124762210975872,0.20678623946776603,0.20124762210975872,0.20494027435779572,574088
1990-02-08,0.20494032776162946,0.2086329609155655,0.20494032776162946,0.2086329609155655,359944
1990-02-09,0.20863304967995722,0.21601831912994385,0.20863304967995722,0.21601831912994385,1321313
1990-02-12,0.21232546974398142,0.2141714543104172,0.21232546974398142,0.21417145431041718,1257525
1990-02-13,0.21786430556266934,0.21786430556266934,0.21417167083767602,0.21601831912994385,924919
1990-02-14,0.21786416487285673,0.2234034443130258,0.21786416487285673,0.2197108119726181,4952644
1990-02-15,0.21786416487285673,0.22155679721326446,0.21786416487285673,0.2197108119726181,1612913
1990-02-16,0.2234034538269043,0.22709610638090444,0.22155680664850147,0.2234034538269043,2360138
1990-02-20,0.22155681826290743,0.22155681826290743,0.216018200155641,0.21786418557167053,1084388
1990-02-21,0.216018200155641,0.21786418557167053,0.21417155288043363,0.21786418557167053,870244
1990-02-22,0.2197108213292418,0.22524943914616397,0.217864174150839,0.2234034538269043,3084581
1990-02-23,0.2215568572282791,0.2215568572282791,0.21971087148759466,0.2215568572282791,842906
1990-02-26,0.21786422388761598,0.2215568572282791,0.21786422388761598,0.2215568572282791,997819
1990-02-27,0.21786418557167053,0.21971083284687792,0.21786418557167053,0.21786418557167053,487519
1990-02-28,0.2178642753598906,0.2252495437860489,0.2178642753598906,0.2252495437860489,1221075
1990-03-01,0.22524931461489603,0.23632722603969036,0.22524931461489603,0.23448055982589722,2943338
1990-03-02,0.24002004818271247,0.24740531499310933,0.23817338049411774,0.23817338049411774,10000969
1990-03-05,0.24001996219158173,0.24186594730317326,0.23817329516458607,0.24001996219158173,4711163
1990-03-06,0.23817323129618237,0.2603290379047394,0.23817323129618237,0.2603290379047394,3881925
1990-03-07,0.2584832275970389,0.2621758608926939,0.2510979409493869,0.2566365599632263,6091706
1990-03-08,0.2566365281376752,0.2640218138694763,0.25479056270475137,0.2640218138694763,2747419
1990-03-09,0.2603291932588813,0.2603291932588813,0.2529439266675713,0.2566365599632263,3649556
1990-03-12,0.2566365599632263,0.2603291932588813,0.2547905943013839,0.2566365599632263,3927488
1990-03-13,0.25663640681270156,0.26402168905310724,0.25663640681270156,0.2603290379047394,2556056
1990-03-14,0.25848323755240765,0.2603292032853466,0.25479060411453247,0.25479060411453247,4866075
1990-03-15,0.25663635473658153,0.25663635473658153,0.2529437243938446,0.2529437243938446,4273763
1990-03-16,0.2547903905509175,0.2547903905509175,0.2529437243938446,0.2529437243938446,1649363
1990-03-19,0.25294384880903664,0.25294384880903664,0.2474052315000366,0.24925121665000916,3070913
1990-03-20,0.24925135890077052,0.2547906612865356,0.24925135890077052,0.25109800696372986,2546944
1990-03-21,0.24925109405110774,0.2529437243938446,0.24925109405110774,0.2529437243938446,2136881
1990-03-22,0.2510979690155153,0.2510979690155153,0.24740533530712128,0.24740533530712128,2159663
1990-03-23,0.2474052315000366,0.2510978636590641,0.2474052315000366,0.24925121665000916,1981969
1990-03-26,0.24925135890077052,0.252943993167229,0.24925135890077052,0.25109800696372986,888469
1990-03-27,0.252943993167229,0.252943993167229,0.25109800696372986,0.25109800696372986,537638
1990-03-28,0.2529437243938446,0.2529437243938446,0.2510977401518546,0.2529437243938446,2487713
1990-03-29,0.2510978636590641,0.2510978636590641,0.24925121665000913,0.24925121665000916,446513
1990-03-30,0.25109800696372986,0.25109800696372986,0.24925135890077052,0.25109800696372986,888469
1990-04-02,0.24925128242101177,0.24925128242101177,0.2437126636505127,0.2437126636505127,3367069
1990-04-03,0.24371258971863446,0.24555857479572293,0.2400199577054012,0.24555857479572296,7832194
1990-04-04,0.24740537269727136,0.252943993167229,0.24740537269727136,0.25109800696372986,2114100
1990-04-05,0.2510977401518546,0.2529437243938446,0.2510977401518546,0.2529437243938446,1899956
1990-04-06,0.2547906612865356,0.2566366274336875,0.25109800696372986,0.25109800696372986,952256
1990-04-09,0.2510979690155153,0.25294395494003225,0.24740533530712128,0.24740533530712128,1890844
1990-04-10,0.24740537269727136,0.252943993167229,0.24740537269727136,0.25109800696372986,369056
1990-04-11,0.25109800696372986,0.252943993167229,0.24925135890077052,0.25109800696372986,2027531
1990-04-12,0.2510978636590641,0.2510978636590641,0.24925121665000913,0.24925121665000916,510300
1990-04-16,0.25294384880903664,0.25294384880903664,0.24925121665000913,0.24925121665000916,970481
1990-04-17,0.24740533530712128,0.24740533530712128,0.2455586875232442,0.24740533530712128,487519
1990-04-18,0.24555847125069155,0.24740511740815813,0.23448055982589722,0.23448055982589722,1462556
1990-04-19,0.22155690957296975,0.228942177999128,0.2178642753598906,0.2252495437860489,7722844
1990-04-20,0.22340342864230725,0.23078871286141592,0.22155678167207965,0.2270960807800293,5731763
1990-04-23,0.22155680664850147,0.22524943914616397,0.22155680664850147,0.2234034538269043,1786050
1990-04-24,0.2270960807800293,0.22894204583485292,0.2270960807800293,0.2270960807800293,1590131
1990-04-25,0.2256894138268711,0.23308910429477692,0.22383982278586353,0.23308910429477692,674325
1990-04-26,0.2219896763563156,0.2219896763563156,0.22014008441743607,0.2219896763563156,1362319
1990-04-27,0.2219896763563156,0.22383993144745487,0.22014008441743607,0.2219896763563156,1116281
1990-04-30,0.22198956526608826,0.2238398194313049,0.22198956526608826,0.22383981943130493,378169
1990-05-01,0.22013997425279946,0.2312395298838288,0.22013997425279946,0.22383981943130493,1872619
1990-05-02,0.22383993144745487,0.2256895233863344,0.2219896763563156,0.2219896763563156,505744
1990-05-03,0.2238399160006598,0.22938935458660126,0.2238399160006598,0.22938935458660126,1576463
1990-05-04,0.23123966602827187,0.2349388301372528,0.2293893906781759,0.2349388301372528,3727013
1990-05-07,0.23493868411102364,0.23863852916820755,0.23493868411102364,0.23678895831108093,1061606
1990-05-08,0.23678910548734874,0.23863867749407683,0.2349388301372528,0.2349388301372528,1471669
1990-05-09,0.2349388301372528,0.2349388301372528,0.23123966602827187,0.2349388301372528,642431
1990-05-10,0.2349386953357845,0.2367889696242431,0.23308910429477692,0.23308910429477692,4506131
1990-05-11,0.2367890045855592,0.24418869614601135,0.2367890045855592,0.24418869614601135,3617663
1990-05-14,0.2478885800977554,0.2534380180466157,0.2478885800977554,0.2497381716966629,2451263
1990-05-15,0.2497381716966629,0.2497381716966629,0.2478885800977554,0.2497381716966629,1521788
1990-05-16,0.24788864095436475,0.24788864095436475,0.23678909917957117,0.2404889464378357,1904513
1990-05-17,0.24048885036578527,0.24603828746010653,0.24048885036578527,0.24418869614601135,888469
1990-05-18,0.24788865586848888,0.24788865586848888,0.24233855307102203,0.24233855307102203,751781
1990-05-21,0.24233855307102203,0.24603840055188644,0.24233855307102203,0.24233855307102203,3061800
1990-05-22,0.24418880008479216,0.24788864743985548,0.22938939056901403,0.24603839218616486,1663031
1990-05-23,0.24603840055188644,0.24603840055188644,0.24233855307102203,0.24233855307102203,1644806
1990-05-24,0.24233853849081766,0.24233853849081766,0.2404889464378357,0.2404889464378357,1448888
1990-05-25,0.23678910548734874,0.23678910548734874,0.2349388301372528,0.2349388301372528,496631
1990-05-29,0.23308910429477692,0.23308910429477692,0.23123953334928263,0.23308910429477692,1088944
1990-05-30,0.23123953334928263,0.2349386953357845,0.23123953334928263,0.23308910429477692,1808831
1990-05-31,0.23123953334928263,0.2349386953357845,0.23123953334928263,0.23308910429477692,2537831
1990-06-01,0.23493882387876433,0.2404889464378357,0.23308923182578237,0.2404889464378357,4287431
1990-06-04,0.2404889464378357,0.24233853849081766,0.2404889464378357,0.2404889464378357,1070719
1990-06-05,0.24048896090676009,0.24603840055188644,0.23863868549463216,0.24233855307102203,1731375
1990-06-06,0.24233853849081766,0.24233853849081766,0.23863867113702886,0.2404889464378357,337163
1990-06-07,0.24233849118039608,0.24233849118039608,0.23863862454891208,0.23863862454891205,255150
1990-06-08,0.23678895831108096,0.23863852916820755,0.23678895831108096,0.23678895831108093,232369
1990-06-11,0.23308923354546718,0.23308923354546718,0.22568953897434468,0.2312396615743637,5144006
1990-06-12,0.22938935458660126,0.23123962964557934,0.2275397828708804,0.22938935458660126,833794
1990-06-13,0.22938935458660126,0.2330892013613002,0.22938935458660126,0.22938935458660126,605981
1990-06-14,0.2275398224592209,0.22938939449673812,0.2275398224592209,0.2275398224592209,469294
1990-06-15,0.22938939449673812,0.23123966987763492,0.2275398224592209,0.2275398224592209,578644
1990-06-18,0.2312396832963229,0.2312396832963229,0.22568956017494202,0.22568956017494202,633319
1990-06-19,0.22568954707832406,0.2275398224592209,0.22568954707832406,0.2275398224592209,929475
1990-06-20,0.22568954707832406,0.2275398224592209,0.22568954707832406,0.2275398224592209,460181
1990-06-21,0.22568956017494202,0.22568956017494202,0.22568956017494202,0.22568956017494202,2214338
1990-06-22,0.22568953897434468,0.23308923354546718,0.22568953897434468,0.2312396615743637,1599244
1990-06-25,0.23123962964557934,0.23123962964557934,0.22938935458660126,0.22938935458660126,665213
1990-06-26,0.23123962964557934,0.23123962964557934,0.22938935458660126,0.22938935458660126,1362319
1990-06-27,0.22938938625990593,0.23123966157436374,0.22938938625990593,0.2312396615743637,209588
1990-06-28,0.23123966602827187,0.23678910548734874,0.2293893906781759,0.2349388301372528,947700
1990-06-29,0.23678912316980968,0.23678912316980968,0.22568956017494202,0.22568956017494202,2838544
1990-07-02,0.2275398224592209,0.22938939449673812,0.2275398224592209,0.2275398224592209,150356
1990-07-03,0.22938939449673812,0.22938939449673812,0.2275398224592209,0.2275398224592209,4934419
1990-07-05,0.22568950832160367,0.22568950832160367,0.2182898147554942,0.22014006972312927,1316756
1990-07-06,0.22014013748179617,0.22014013748179617,0.21459003402279628,0.21828988194465637,1275750
1990-07-09,0.2182899427169259,0.22014019876917995,0.216440349817276,0.216440349817276,774563
1990-07-10,0.2145900295069695,0.2145900295069695,0.19979061803543974,0.2034904658794403,3471863
1990-07-11,0.20164087353364282,0.2034904658794403,0.19794102568964225,0.2034904658794403,3494644
1990-07-12,0.20534080296156415,0.216440349817276,0.20534080296156415,0.216440349817276,1950075
1990-07-13,0.220140103862275,0.23678910548734874,0.220140103862275,0.2349388301372528,7344675
1990-07-16,0.23308909315838475,0.23678895831108096,0.23123952230125813,0.23678895831108093,2446706
1990-07-17,0.23678895831108096,0.24418864842544877,0.23678895831108096,0.23678895831108093,5772769
1990-07-18,0.2367889696242431,0.24048881485819598,0.23308910429477692,0.23308910429477692,3084581
1990-07-19,0.2330892554411696,0.2349388476815426,0.22383996793456903,0.22568956017494202,2984344
1990-07-20,0.2275398224592209,0.23123966987763492,0.22568954707832406,0.2275398224592209,1143619
1990-07-23,0.2256895233863344,0.2256895233863344,0.22014008441743607,0.2219896763563156,3048131
1990-07-24,0.21828988194465634,0.22014013748179617,0.2164402895599361,0.21828988194465637,1754156
1990-07-25,0.21644023738741727,0.2219896763563156,0.21644023738741727,0.2219896763563156,706219
1990-07-26,0.22243436387891455,0.22243436387891455,0.2131665498018265,0.21316654980182648,1448888
1990-07-27,0.21316636343199696,0.21316636343199696,0.21131238341331482,0.21131238341331482,1002375
1990-07-30,0.2094591081462526,0.21131238341331482,0.2094591081462526,0.21131238341331482,355388
1990-07-31,0.21131247584150248,0.21131247584150248,0.20204466581344604,0.20204466581344604,1198294
1990-08-01,0.20389815131681382,0.2113126720147237,0.20389815131681382,0.20945939421653748,1772381
1990-08-02,0.20760508840048586,0.20760508840048586,0.20204453877597947,0.20389783382415771,952256
1990-08-03,0.19648338914545882,0.2057518810033798,0.19463009348914112,0.20575188100337982,2296350
1990-08-06,0.198337390436466,0.20389794303940925,0.1927761733531952,0.1927761733531952,2970675
1990-08-07,0.1909228773123233,0.198337390436466,0.18906889665535634,0.1927761733531952,1512675
1990-08-08,0.19277617662168525,0.19648343324661255,0.19277617662168525,0.19648343324661255,683438
1990-08-09,0.19648343324661255,0.19833739379924561,0.19463013717431832,0.19648343324661255,911250
1990-08-10,0.19463013717431832,0.19648343324661255,0.19463013717431832,0.19648343324661255,533081
1990-08-13,0.19463013387439465,0.19463013387439465,0.1909228773123233,0.1927761733531952,533081
1990-08-14,0.18906893490349402,0.19092291593551636,0.18906893490349402,0.19092291593551636,883913
1990-08-15,0.19277621235130513,0.1946301732475559,0.19092291593551636,0.19092291593551636,473850
1990-08-16,0.18906882405281064,0.19092280399784817,0.1872155488593651,0.18906882405281067,1808831
1990-08-17,0.1872156619171664,0.1872156619171664,0.17980112702687162,0.1816544234752655,4323881
1990-08-20,0.17980100214481354,0.18165429730598814,0.17794704250362678,0.17980100214481354,1084388
1990-08-21,0.17980112702687162,0.18350840453990497,0.1760938696496102,0.1816544234752655,2328244
1990-08-22,0.17980101549306915,0.17980101549306915,0.1705332100391388,0.1705332100391388,1248413
1990-08-23,0.1686793875334008,0.1686793875334008,0.15755760318174103,0.15941156446933746,2797538
1990-08-24,0.15755751263126408,0.16682599484920502,0.15755751263126408,0.16682599484920502,847463
1990-08-27,0.17238655917997747,0.19092286049316481,0.17238655917997747,0.18536162376403809,1458000
1990-08-28,0.1872155488593651,0.19092280399784817,0.1872155488593651,0.18906882405281067,601425
1990-08-29,0.19092291593551636,0.19092291593551636,0.18906893490349402,0.19092291593551636,396394
1990-08-30,0.19092280399784817,0.19092280399784817,0.18906882405281064,0.18906882405281067,323494
1990-08-31,0.1872156411409378,0.1890689172478927,0.1872156411409378,0.1872156411409378,200475
1990-09-04,0.1872156619171664,0.1872156619171664,0.1816544234752655,0.1816544234752655,615094
1990-09-05,0.18165437091697315,0.18350835144519806,0.18165437091697315,0.18350835144519806,118463
1990-09-06,0.18350835144519806,0.18350835144519806,0.18350835144519806,0.18350835144519806,132131
1990-09-07,0.18350834802219618,0.18536162376403809,0.18350834802219618,0.18536162376403809,113906
1990-09-10,0.1872156411409378,0.1890689172478927,0.1872156411409378,0.1872156411409378,250594
1990-09-11,0.1872155488593651,0.18906882405281064,0.1872155488593651,0.18906882405281067,364500
1990-09-12,0.1890689172478927,0.1890689172478927,0.1872156411409378,0.1872156411409378,232369
1990-09-13,0.18721570569346652,0.19833748042583466,0.18721570569346652,0.19833748042583466,824681
1990-09-14,0.19833748042583466,0.2001907773075815,0.19833748042583466,0.19833748042583466,1603800
1990-09-17,0.1946300296233232,0.20389783382415771,0.1946300296233232,0.20389783382415771,2155106
1990-09-18,0.20204473866995737,0.20204473866995737,0.19833748042583466,0.19833748042583466,615094
1990-09-19,0.2001907773075815,0.2001907773075815,0.19833748042583466,0.19833748042583466,50119
1990-09-20,0.19833748042583466,0.2001907773075815,0.19833748042583466,0.19833748042583466,1312200
1990-09-21,0.2020447289187346,0.2020447289187346,0.20019076764583588,0.20019076764583588,551306
1990-09-24,0.19833740282015447,0.19833740282015447,0.19463014602661133,0.19463014602661133,756338
1990-09-25,0.19277621574282167,0.19277621574282167,0.1779471660980041,0.1816544234752655,1444331
1990-09-26,0.17424058295152536,0.17609387950362765,0.16497209668159485,0.16497209668159485,1517231
1990-09-27,0.16682606778209452,0.16682606778209452,0.16311881019737912,0.16497209668159485,1016044
1990-09-28,0.1668259716835167,0.16867926716804504,0.16497200165097956,0.16867926716804504,651544
1990-10-01,0.172386508169673,0.18906882405281064,0.172386508169673,0.18906882405281067,1143619
1990-10-02,0.19277625151543498,0.2020447289187346,0.19277625151543498,0.20019076764583588,1581019
1990-10-03,0.1927761733531952,0.19463013387439465,0.1927761733531952,0.1927761733531952,428288
1990-10-04,0.19277618538965524,0.19463014602661133,0.19277618538965524,0.19463014602661133,505744
1990-10-05,0.19277618538965524,0.19463014602661133,0.19277618538965524,0.19463014602661133,501188
1990-10-08,0.1927761733531952,0.1927761733531952,0.1909228773123233,0.1927761733531952,710775
1990-10-09,0.1927761733531952,0.19463013387439465,0.1927761733531952,0.1927761733531952,628763
1990-10-10,0.19277621235130513,0.1946301732475559,0.19092291593551636,0.19092291593551636,496631
1990-10-11,0.1890688799995224,0.1890688799995224,0.18165436752855377,0.18536162376403809,838350
1990-10-12,0.18350840453990497,0.1853616808525269,0.1816544234752655,0.1816544234752655,296156
1990-10-15,0.18350835144519806,0.18721560774983426,0.18165437091697315,0.18350835144519806,473850
1990-10-16,0.1853616602820436,0.19092289810678692,0.1853616602820436,0.1872156411409378,615094
1990-10-17,0.19092280399784817,0.19092280399784817,0.1872155488593651,0.18906882405281067,419175
1990-10-18,0.1890688799995224,0.1890688799995224,0.18536162376403809,0.18536162376403809,428288
1990-10-19,0.1909228773123233,0.1927761733531952,0.18906889665535634,0.1927761733531952,1175513
1990-10-22,0.1909228773123233,0.19463013387439465,0.1909228773123233,0.1927761733531952,605981
1990-10-23,0.1909228892330682,0.19463014602661133,0.1909228892330682,0.19463014602661133,241481
1990-10-24,0.19277618538965524,0.19648344218319838,0.19277618538965524,0.19463014602661133,701663
1990-10-25,0.19648343324661255,0.19833739379924561,0.19648343324661255,0.19648343324661255,642431
1990-10-26,0.1970784400263614,0.2007969232610321,0.19335995679169068,0.19521953165531158,1699481
1990-10-29,0.197078473544123,0.19893804872400778,0.19150108098983765,0.19150108098983765,6556444
1990-10-30,0.1896414181493043,0.1896414181493043,0.18592293560504913,0.18592293560504913,168581
1990-10-31,0.18592296085095694,0.18778255581855774,0.18406407276938117,0.18778255581855774,687994
1990-11-01,0.18778260203952724,0.1896414905786514,0.18592300661420405,0.18964149057865143,701663
1990-11-02,0.18592292651995876,0.19335991144180298,0.18592292651995876,0.19335991144180298,428288
1990-11-05,0.1915010484206409,0.1970784400263614,0.1915010484206409,0.19521953165531158,1088944
1990-11-06,0.193359983069087,0.2007969505491036,0.193359983069087,0.1989380419254303,387281
1990-11-07,0.19707839380435516,0.19893796823183865,0.19335991144180298,0.19335991144180298,902138
1990-11-08,0.19335998967703796,0.197078473544123,0.19150108098983765,0.19150108098983765,1922738
1990-11-09,0.1896414905786514,0.1896414905786514,0.1896414905786514,0.18964149057865143,159469
1990-11-12,0.19150108098983765,0.1952195648569227,0.19150108098983765,0.19150108098983765,824681
1990-11-13,0.19335998967703796,0.19335998967703796,0.19150108098983765,0.19150108098983765,1508119
1990-11-14,0.19335995679169068,0.19521953165531158,0.1915010484206409,0.19521953165531158,523969
1990-11-15,0.19335998967703796,0.1952195648569227,0.19150108098983765,0.19150108098983765,223256
1990-11-16,0.1896414905786514,0.19150108600397459,0.1896414905786514,0.18964149057865143,232369
1990-11-19,0.1896414905786514,0.19150108600397459,0.1896414905786514,0.18964149057865143,50119
1990-11-20,0.1896414856132049,0.19150108098983765,0.1896414856132049,0.19150108098983765,54675
1990-11-21,0.1896414905786514,0.19150108600397459,0.1896414905786514,0.18964149057865143,132131
1990-11-23,0.1896414905786514,0.1896414905786514,0.18778260203952724,0.18964149057865143,779119
1990-11-26,0.18778253032014122,0.1896414181493043,0.18592293560504913,0.18592293560504913,318938
1990-11-27,0.18778253032014122,0.18778253032014122,0.18592293560504913,0.18592293560504913,423731
1990-11-28,0.18592296085095694,0.18778255581855774,0.18592296085095694,0.18778255581855774,806456
1990-11-29,0.18778253032014122,0.1896414181493043,0.18592293560504913,0.18592293560504913,3011681
1990-11-30,0.18034559805257733,0.18220450662495996,0.17662711441516876,0.17662711441516876,924919
1990-12-03,0.17662702771028915,0.17848593537014798,0.1747681200504303,0.1747681200504303,1581019
1990-12-04,0.17662705185433292,0.1784859597682953,0.17476814394037057,0.1784859597682953,4647375
1990-12-05,0.17662711441516876,0.18034559805257733,0.17476820584278613,0.17662711441516876,6369638
1990-12-06,0.17662703834131321,0.1840640226097431,0.17662703834131321,0.18034552037715912,2824875
1990-12-07,0.1822044551372528,0.18592293772388493,0.1822044551372528,0.1822044551372528,719888
1990-12-10,0.18034561391388396,0.1896414905786514,0.18034561391388396,0.18964149057865143,3130144
1990-12-11,0.18778255581855774,0.18778255581855774,0.18778255581855774,0.18778255581855774,492075
1990-12-12,0.18778260203952724,0.19150108600397459,0.18592300661420405,0.18964149057865143,984150
1990-12-13,0.1896414856132049,0.19335998967703796,0.1896414856132049,0.19150108098983765,811013
1990-12-14,0.1896414856132049,0.19150108098983765,0.1877825971227526,0.19150108098983765,792788
1990-12-17,0.19150108600397459,0.19150108600397459,0.1896414905786514,0.18964149057865143,687994
1990-12-18,0.19150103886773429,0.19150103886773429,0.18778255581855774,0.18778255581855774,610538
1990-12-19,0.1896414181493043,0.1896414181493043,0.18592293560504913,0.18592293560504913,277931
1990-12-20,0.1877825971227526,0.19150108098983765,0.1877825971227526,0.19150108098983765,273375
1990-12-21,0.1896414312070478,0.1896414312070478,0.18406406044960022,0.18406406044960022,1034269
1990-12-24,0.18592294840675685,0.18592294840675685,0.1822044656064659,0.18406406044960022,118463
1990-12-26,0.1822044551372528,0.18406404987353742,0.1803455470901642,0.1822044551372528,701663
1990-12-27,0.18034553417466487,0.18034553417466487,0.1784859597682953,0.1784859597682953,123019
1990-12-28,0.18034550952232295,0.18034550952232295,0.1747681200504303,0.1747681200504303,729000
1990-12-31,0.17290859157032626,0.17290859157032626,0.16919010877609253,0.16919010877609253,1681256
1991-01-02,0.1710497253409139,0.17290863394737244,0.16919015024179984,0.17290863394737244,984150
1991-01-03,0.17476820584278613,0.17662711441516876,0.17290863077776022,0.17662711441516876,391838
1991-01-04,0.17662705185433292,0.1784859597682953,0.17662705185433292,0.1784859597682953,182250
1991-01-07,0.17662705185433292,0.1784859597682953,0.17662705185433292,0.1784859597682953,414619
1991-01-08,0.1784859597682953,0.18034553417466487,0.1784859597682953,0.1784859597682953,997819
1991-01-09,0.17848597255062065,0.18406404987353742,0.17848597255062065,0.1822044551372528,706219
1991-01-10,0.18034552037715912,0.1840640226097431,0.18034552037715912,0.18034552037715912,387281
1991-01-11,0.18034552037715912,0.18220442814890397,0.17848594611305804,0.18034552037715912,888469
1991-01-14,0.1784859597682953,0.18034553417466487,0.17662705185433292,0.1784859597682953,906694
1991-01-15,0.17848594611305804,0.18220442814890397,0.17848594611305804,0.18034552037715912,1403325
1991-01-16,0.18220442814890397,0.1840640226097431,0.18034552037715912,0.18034552037715912,264263
1991-01-17,0.18406411807507986,0.19150108600397459,0.18406411807507986,0.18964149057865143,1685813
1991-01-18,0.1877825971227526,0.1952195648569227,0.1877825971227526,0.19150108098983765,988706
1991-01-21,0.1896414181493043,0.1896414181493043,0.18592293560504913,0.18592293560504913,1075275
1991-01-22,0.18592293560504913,0.18592293560504913,0.18406404777588606,0.18592293560504913,1954631
1991-01-23,0.18406407276938117,0.18778255581855774,0.18406407276938117,0.18778255581855774,337163
1991-01-24,0.1896414533602754,0.1970784400263614,0.1896414533602754,0.19521953165531158,542194
1991-01-25,0.19893803517652736,0.20451542735099792,0.19893803517652736,0.20451542735099792,801900
1991-01-28,0.20324783483705902,0.20697718858718872,0.20324783483705902,0.20697718858718872,847463
1991-01-29,0.20697710176863435,0.20884141325950623,0.20697710176863435,0.20884141325950623,706219
1991-01-30,0.20884150220255782,0.2181651904729753,0.20884150220255782,0.21630018949508667,1385100
1991-01-31,0.22375885129705694,0.23867620527744293,0.22189451880013625,0.23867620527744293,4601813
1991-02-01,0.23867624445080793,0.24613491253733596,0.23867624445080793,0.24240557849407196,6333188
1991-02-04,0.2424055255442155,0.24426985793988917,0.2405405044555664,0.2405405044555664,1781494
1991-02-05,0.23867619231556844,0.2405405044555664,0.23867619231556844,0.2405405044555664,1626581
1991-02-06,0.23867610638096098,0.2517284337631249,0.23867610638096098,0.24799910187721252,4232756
1991-02-07,0.24613486364089335,0.24799919607343965,0.24240553033848794,0.24426986277103424,3444525
1991-02-08,0.24240557849407196,0.24426991129698114,0.24240557849407196,0.24240557849407196,2460375
1991-02-11,0.2424055340096939,0.26291653326490416,0.2424055340096939,0.2610522210597992,8957588
1991-02-12,0.2647815461508233,0.2722402126356963,0.26105221290838676,0.2666458785533905,5057438
1991-02-13,0.26291640704974795,0.26851075887680054,0.25918707548115805,0.26851075887680054,3116475
1991-02-14,0.27410446394443405,0.2759694642325428,0.26851079995431626,0.27224013209342957,5549513
1991-02-15,0.27224023284106785,0.2759695663602914,0.27224023284106785,0.2741045653820038,6406088
1991-02-19,0.2703750904425944,0.2722400904453904,0.26478142730821064,0.26851075887680054,4137075
1991-02-20,0.26664583673656894,0.26664583673656894,0.2554578185081482,0.2554578185081482,1098056
1991-02-21,0.25359358452211556,0.25545791735368334,0.24799924915250032,0.24986425042152405,3134700
1991-02-22,0.25359330592979723,0.2722399762035921,0.25359330592979723,0.26291629672050476,5476613
1991-02-25,0.27037525177001953,0.2722402528856238,0.26664591797621184,0.27037525177001953,2574281
1991-02-26,0.26851075887680054,0.26851075887680054,0.26478142730821064,0.26851075887680054,2414813
1991-02-27,0.26851075887680054,0.26851075887680054,0.26478142730821064,0.26851075887680054,838350
1991-02-28,0.26851079995431626,0.2759694642325428,0.26851079995431626,0.27224013209342957,2624400
1991-03-01,0.2703752492590238,0.2796989381313324,0.26851091659813464,0.2796989381313324,1959188
1991-03-04,0.27783378017153326,0.2852924440225894,0.27783378017153326,0.2834281325340271,4875188
1991-03-05,0.2871576655938067,0.29275133318154634,0.2852926438505211,0.2890219986438751,5112113
1991-03-06,0.2908868608889252,0.29834485795671795,0.2890218602940663,0.2927511930465698,4109738
1991-03-07,0.2890219277503942,0.2890219277503942,0.2871575951576233,0.2871575951576233,2177888
1991-03-08,0.28156329175834177,0.2834283133853496,0.27410462314802186,0.27596962451934814,3417188
1991-03-11,0.27410446394443405,0.27410446394443405,0.27224013209342957,0.27224013209342957,893025
1991-03-12,0.27037507834662994,0.27224007826599006,0.2647814154624939,0.2647814154624939,1421550
1991-03-13,0.2629165250552781,0.2666458785533905,0.2573228796659502,0.2666458785533905,2660850
1991-03-14,0.2703752318627802,0.2796989201351923,0.26851089932184424,0.2741045653820038,1562794
1991-03-15,0.2722402528856238,0.27410458556382716,0.27037525177001953,0.27037525177001953,1243856
1991-03-18,0.2703752318627802,0.2759695663602914,0.26851089932184424,0.2741045653820038,1125394
1991-03-19,0.27410458556382716,0.27410458556382716,0.27037525177001953,0.27037525177001953,2938781
1991-03-20,0.2703752318627802,0.2759695663602914,0.2703752318627802,0.2741045653820038,1325869
1991-03-21,0.27410462314802186,0.2778339574531818,0.27410462314802186,0.27596962451934814,833794
1991-03-22,0.2778339087963104,0.2778339087963104,0.2759695761889761,0.2778339087963104,482963
1991-03-25,0.27969888058433695,0.2815631926059723,0.2778338596140955,0.2815631926059723,624206
1991-03-26,0.28156324972644686,0.29275127122745515,0.28156324972644686,0.29088693857192993,952256
1991-03-27,0.29088700013147784,0.29275133318154634,0.2852926438505211,0.2890219986438751,1512675
1991-03-28,0.2890217493407159,0.3058034060660185,0.2890217493407159,0.3020740747451782,4410450
1991-04-01,0.30393915254749876,0.30393915254749876,0.2983448199134936,0.30020982027053833,965925
1991-04-02,0.3020742246816323,0.3132622241973877,0.3020742246816323,0.3132622241973877,1858950
1991-04-03,0.3132622241973877,0.3132622241973877,0.3095328910254692,0.3132622241973877,1508119
1991-04-04,0.31139808893203735,0.31326240210243966,0.30766875364218965,0.31139808893203735,1758713
1991-04-05,0.3132621814212154,0.3132621814212154,0.307668536901474,0.307668536901474,410063
1991-04-08,0.3039392051263454,0.3076685583041222,0.30207420444667177,0.3058035373687744,715331
1991-04-09,0.3039392051263454,0.3076685583041222,0.3039392051263454,0.3058035373687744,842906
1991-04-10,0.3132622826396396,0.32445030449830925,0.3132622826396396,0.32072097063064575,7700063
1991-04-11,0.32817953485187146,0.32817953485187146,0.31885653734207153,0.31885653734207153,29018756
1991-04-12,0.3207209006658088,0.3207209006658088,0.31699156761169434,0.31699156761169434,970481
1991-04-15,0.3207210102125088,0.3207210102125088,0.3132623213009867,0.31512734293937683,1626581
1991-04-16,0.31512734293937683,0.31512734293937683,0.3132623213009867,0.31512734293937683,1257525
1991-04-17,0.3151271106984609,0.32631510543694503,0.3151271106984609,0.3244501054286957,5991469
1991-04-18,0.3244501054286957,0.32631510543694503,0.32072077384920095,0.3244501054286957,1685813
1991-04-19,0.322585911601504,0.322585911601504,0.3132622241973877,0.3132622241973877,2059425
1991-04-22,0.3095328167443749,0.3095328167443749,0.30020982027053833,0.30020982027053833,4150744
1991-04-23,0.3020741104783813,0.3020741104783813,0.2964804470539093,0.2964804470539093,2310019
1991-04-24,0.2964806485734562,0.2964806485734562,0.27969897845640895,0.2852926254272461,4255538
1991-04-25,0.2896276331419721,0.29523369188353316,0.287759393453598,0.287759393453598,2314575
1991-04-26,0.2858905481179436,0.2858905481179436,0.27654800723863876,0.2821533977985382,7499588
1991-04-29,0.28215329182347404,0.28215329182347404,0.26720469616045417,0.26907360553741455,1904513
1991-04-30,0.27094191312789917,0.27467906298230316,0.2653365232654602,0.27094191312789917,1991081
1991-05-01,0.27094203496714403,0.282153489572007,0.27094203496714403,0.2802852690219879,3567544
1991-05-02,0.2840224495654588,0.2971021463543707,0.2840224495654588,0.29523390531539917,5959575
1991-05-03,0.2971020940605073,0.30270748602950315,0.2952338533503706,0.30083924531936646,7290000
1991-05-06,0.29897038739334225,0.3008392982710175,0.29336499443772396,0.29523390531539917,2720081
1991-05-07,0.29523390531539917,0.29897038739334225,0.29523390531539917,0.29523390531539917,1394213
1991-05-08,0.2933648541599668,0.29897024443526554,0.29149661401432836,0.2971020042896271,1972856
1991-05-09,0.29710198419965334,0.30270737409591675,0.29710198419965334,0.30270737409591675,3995831
1991-05-10,0.30831356813522376,0.30831356813522376,0.298970334770644,0.30083924531936646,6643013
1991-05-13,0.2989702522754669,0.2989702522754669,0.2971020120808357,0.2989702522754669,542194
1991-05-14,0.29897024443526554,0.29897024443526554,0.29523376414398866,0.2971020042896271,5226019
1991-05-15,0.2971021463543707,0.29897038739334225,0.29336499443772396,0.29523390531539917,2173331
1991-05-16,0.29336499443772396,0.2971021463543707,0.29336499443772396,0.29523390531539917,4574475
1991-05-17,0.29523390531539917,0.2971021463543707,0.29523390531539917,0.29523390531539917,1804275
1991-05-20,0.2971020120808357,0.30083916230849905,0.2971020120808357,0.2989702522754669,6178275
1991-05-21,0.29710198419965334,0.3045762839535633,0.29710198419965334,0.30270737409591675,2783869
1991-05-22,0.29897021811274666,0.3045762777328491,0.29897021811274666,0.3045762777328491,3982163
1991-05-23,0.3064444661140442,0.3083133959169554,0.3045762264474723,0.3064444661140442,5025544
1991-05-24,0.30644458727110013,0.3139188885688782,0.30644458727110013,0.3139188885688782,2159663
1991-05-28,0.3139187542083072,0.32139307260513306,0.3120505349008543,0.32139307260513306,1175513
1991-05-29,0.32139307763500424,0.3288673758506775,0.32139307763500424,0.3288673758506775,9795938
1991-05-30,0.32699919905502706,0.3382106688311632,0.32699919905502706,0.3363417387008667,10497600
1991-05-31,0.3382106688311632,0.3382106688311632,0.33447351900516153,0.3363417387008667,6702244
1991-06-03,0.3363416163351808,0.3363416163351808,0.33260446786880493,0.33260446786880493,1567350
1991-06-04,0.3344734065310419,0.3438159227371216,0.33260447702921453,0.3438159227371216,4524356
1991-06-05,0.3419479727745056,0.3438161729031881,0.3419479727745056,0.3419479727745056,1098056
1991-06-06,0.34194791025056986,0.3438161100376588,0.3382107393472463,0.3400789797306061,542194
1991-06-07,0.3438160530872153,0.34755322337150574,0.340078923399189,0.34755322337150574,3121031
1991-06-10,0.3475531754232432,0.35502747436440946,0.3475531754232432,0.35129034519195557,2720081
1991-06-11,0.35502747436440946,0.35502747436440946,0.34942210537579665,0.35129034519195557,1221075
1991-06-12,0.34568518565505174,0.34568518565505174,0.33447372913360596,0.33447372913360596,2000194
1991-06-13,0.33634195000299477,0.33634195000299477,0.32886764565536425,0.33447372913360596,1448888
1991-06-14,0.3363417387008667,0.3363417387008667,0.33447351900516153,0.3363417387008667,519413
1991-06-17,0.3344734065310419,0.3438159227371216,0.3344734065310419,0.3438159227371216,1448888
1991-06-18,0.3400790419128147,0.3419479727745056,0.3400790419128147,0.3419479727745056,533081
1991-06-19,0.3400789797306061,0.3400789797306061,0.3326046582220945,0.3400789797306061,5080219
1991-06-20,0.3400787944659436,0.3438159227371216,0.3400787944659436,0.3438159227371216,1553681
1991-06-21,0.3456849356070843,0.35129034519195557,0.34381600565453085,0.35129034519195557,1649363
1991-06-24,0.3512905167485851,0.35315940701757337,0.34942227602005005,0.34942227602005005,1749600
1991-06-25,0.34942226694008827,0.36437018159757556,0.34942226694008827,0.3531593978404999,1371431
1991-06-26,0.3531592345482505,0.35502747436440946,0.34942210537579665,0.35129034519195557,1307644
1991-06-27,0.34942208054184076,0.3587646186351776,0.34942208054184076,0.3587646186351776,2209781
1991-06-28,0.3587647215825933,0.3718443923359877,0.3587647215825933,0.3699761927127838,3029906
1991-07-01,0.37371334867779915,0.3886619508266449,0.3699762184387228,0.3886619508266449,2177888
1991-07-02,0.3886618656565245,0.3886618656565245,0.3755815067234444,0.38305580615997314,3699675
1991-07-03,0.37745046615600586,0.3793187062412853,0.37371329584895313,0.37745046615600586,1526344
1991-07-05,0.377450485027131,0.3793187252058155,0.37371331453323364,0.37371331453323364,1093500
1991-07-08,0.37371339171851153,0.37931880354881287,0.37371339171851153,0.37931880354881287,592313
1991-07-09,0.38118749806629454,0.3980043338725949,0.38118749806629454,0.3961361348628998,1635694
1991-07-10,0.39239913418433914,0.40734773681022873,0.39053020363872837,0.39987343549728394,3371625
1991-07-11,0.41108479756397925,0.4185584067368355,0.40547873816286656,0.40921586751937866,8547525
1991-07-12,0.4110848273665635,0.4129530674101781,0.4036105275154114,0.4036105275154114,1549125
1991-07-15,0.4073476571428557,0.4073476571428557,0.3980044271116105,0.4036105275154114,1886288
1991-07-16,0.405478767559026,0.4129530674101781,0.4036105275154114,0.4036105275154114,3285056
1991-07-17,0.4036105275154114,0.405478767559026,0.4036105275154114,0.4036105275154114,4255538
1991-07-18,0.4054784774780274,0.40921560443191546,0.40361023877095853,0.40547847747802734,3676894
1991-07-19,0.4036104205411398,0.4036104205411398,0.3886617842046094,0.3923989534378052,5786438
1991-07-22,0.3793186767398394,0.38305580615997314,0.377450436799862,0.38305580615997314,2833988
1991-07-23,0.38118770718574524,0.38118770718574524,0.37931881701446085,0.38118770718574524,1858950
1991-07-24,0.3830558901015995,0.3886619508266449,0.3830558901015995,0.3886619508266449,1111725
1991-07-25,0.38866196322973107,0.39987343549728394,0.38866196322973107,0.39987343549728394,1439775
1991-07-26,0.40249331995915993,0.40810986959900725,0.40249331995915993,0.40623748302459717,1849838
1991-07-29,0.4081101715564728,0.4081101715564728,0.40623778359669777,0.4081101715564728,779119
1991-07-30,0.4099819844624643,0.41559788853882995,0.4081102469131669,0.41372615098953247,1790606
1991-07-31,0.4137262135690313,0.4137262135690313,0.4081103086432138,0.41185447573661804,874800
1991-08-01,0.40998196601867676,0.41185439491221276,0.4081102285535828,0.40998196601867676,332606
1991-08-02,0.40810986959900725,0.40998160541780887,0.40623748302459717,0.40623748302459717,250594
1991-08-05,0.40436606544310416,0.4081101907829538,0.39687777409114744,0.3987494707107544,1202850
1991-08-06,0.39874951901822925,0.4024936854839325,0.3950053932247885,0.4024936854839325,610538
1991-08-07,0.40249365821586547,0.40249365821586547,0.3987494920038213,0.4006219208240509,1303088
1991-08-08,0.3968774617471466,0.40623748302459717,0.3968774617471466,0.40623748302459717,1521788
1991-08-09,0.4081102402244558,0.4081102402244558,0.4006219479653118,0.4024936854839325,460181
1991-08-12,0.4024936854839325,0.40436611443101506,0.4006219479653118,0.4024936854839325,1754156
1991-08-13,0.40436574720579554,0.40810986959900725,0.40436574720579554,0.40623748302459717,3225825
1991-08-14,0.40998183764388935,0.42495845771662216,0.40998183764388935,0.41747012734413147,8757113
1991-08-15,0.4193420708179474,0.42495866707852387,0.4193420708179474,0.4193420708179474,3521981
1991-08-16,0.4155979514014445,0.4155979514014445,0.4043661822220788,0.41185447573661804,2515050
1991-08-19,0.40062194372678256,0.40062194372678256,0.38564535936694494,0.3893894851207733,4127963
1991-08-20,0.38938946420723586,0.3931336304322326,0.38002878427505493,0.38002878427505493,2018419
1991-08-21,0.3856452795713441,0.39687773585319525,0.3856452795713441,0.3968777358531952,5084775
1991-08-22,0.3987495076150481,0.4137261323773067,0.3987495076150481,0.40998196601867676,2647181
1991-08-23,0.40811026430976516,0.4230861989556835,0.40811026430976516,0.4212144613265991,1813388
1991-08-26,0.4230864048004151,0.42495883476899776,0.4212146662606715,0.42308640480041504,1125394
1991-08-27,0.42495872904040877,0.42495872904040877,0.4155980050563812,0.4155980050563812,1685813
1991-08-28,0.41747029463992763,0.4230861989556835,0.41747029463992763,0.4212144613265991,2269013
1991-08-29,0.42870264191539453,0.44180683550528194,0.42683021334747606,0.43244680762290955,5394600
1991-08-30,0.43431876840656236,0.43431876840656236,0.4212145680689202,0.424958735704422,2865881
1991-09-03,0.42870250344276434,0.4305742399777825,0.42683007547964763,0.4287025034427643,1262081
1991-09-04,0.42870301999049376,0.42870301999049376,0.42683058977127075,0.42683058977127075,1298531
1991-09-05,0.4305746007710606,0.4305746007710606,0.424958735704422,0.424958735704422,938588
1991-09-06,0.4324470303031504,0.4324470303031504,0.424958735704422,0.424958735704422,1685813
1991-09-09,0.42308602940938667,0.42308602940938667,0.4137260028301347,0.41747012734413147,1152731
1991-09-10,0.41747026558543815,0.41747026558543815,0.3893894851207733,0.3893894851207733,2865881
1991-09-11,0.38564532995224,0.38751706730829305,0.37815703834348297,0.38564532995224,4050506
1991-09-12,0.38938956701978955,0.4043661952018738,0.38938956701978955,0.4043661952018738,1931850
1991-09-13,0.40998160541780887,0.4118540326644445,0.40249331995915993,0.40623748302459717,1389656
1991-09-16,0.4062379330943681,0.4062379330943681,0.4043661952018738,0.4043661952018738,446513
1991-09-17,0.4043660463930127,0.4081101715564728,0.4043660463930127,0.4081101715564728,195919
1991-09-18,0.40623748302459717,0.40810986959900725,0.40623748302459717,0.40623748302459717,405506
1991-09-19,0.4081102469131669,0.41372615098953247,0.4062378586076593,0.41372615098953247,888469
1991-09-20,0.4193421827885068,0.44742366671562195,0.4193421827885068,0.44742366671562195,6173719
1991-09-23,0.45116796385323044,0.46801629775339104,0.45116796385323044,0.45678383111953735,3818138
1991-09-24,0.4586558140899283,0.4586558140899283,0.44742335841030717,0.4511675238609314,3499200
1991-09-25,0.4530391991138458,0.4549115866258,0.4492950341736259,0.4530391991138458,3271388
1991-09-26,0.4530395423941808,0.46240022620717275,0.4530395423941808,0.46052783727645874,3057244
1991-09-27,0.4605274883220399,0.46239987583399406,0.4530391991138458,0.4530391991138458,4018613
1991-09-30,0.4567835710783159,0.46614429354667664,0.45491183330732327,0.46614429354667664,2533275
1991-10-01,0.46240011414406307,0.4755043118020901,0.46240011414406307,0.4736325740814209,3526538
1991-10-02,0.47550448421114705,0.48860868662051343,0.4736327458118204,0.47737622261047363,18502931
1991-10-03,0.47737604952275925,0.479248478671965,0.4736325740814209,0.4736325740814209,1275750
1991-10-04,0.4736326128753403,0.4755043507493183,0.4717601835727691,0.47176018357276917,879356
1991-10-07,0.47176015761594176,0.47176015761594176,0.46427186434712886,0.46614429354667664,5809219
1991-10-08,0.46427178382873535,0.4661442127035489,0.46052765817980446,0.46427178382873535,2683631
1991-10-09,0.46801578998565674,0.4736323425873056,0.4661440531798238,0.46801578998565674,797344
1991-10-10,0.4680160313176693,0.4680160313176693,0.46240012657613616,0.46614429354667664,519413
1991-10-11,0.4661443114035617,0.46988847851753235,0.4642718821322856,0.46988847851753235,2934225
1991-10-14,0.46988847851753235,0.4717601756879573,0.4680160492462562,0.46988847851753235,2387475
1991-10-15,0.4698882231747493,0.5092014074325562,0.4680157949209727,0.5092014074325562,5308031
1991-10-16,0.5148173093374742,0.5223055988239214,0.5035848547716796,0.5092014074325562,4378556
1991-10-17,0.5092013862707321,0.5092013862707321,0.4998406689195289,0.5017130970954895,3380738
1991-10-18,0.50358494061329,0.5073291063308716,0.4998407748957083,0.5073291063308716,1644806
1991-10-21,0.5054573691862426,0.5073291063308716,0.50358494061329,0.5073291063308716,1034269
1991-10-22,0.5073291362244079,0.524178147315979,0.5073291362244079,0.524178147315979,3458194
1991-10-23,0.5316665793569698,0.5541308081640002,0.5297941501776865,0.5447707772254944,5749988
1991-10-24,0.5447706066937352,0.5541306347022333,0.5410264409357678,0.5428981781005859,3216713
1991-10-25,0.5372823479054525,0.541026514170238,0.5335382223129272,0.5335382223129272,2214338
1991-10-28,0.5316664662176855,0.5335382035701131,0.5260499119758606,0.5260499119758606,3891038
1991-10-29,0.5288258209471267,0.5532041250989751,0.5269502283106963,0.5475779175758362,5312588
1991-10-30,0.5550789142241715,0.5682061849670318,0.5532039739698423,0.5663305521011353,5449275
1991-10-31,0.5625800197227664,0.5663305521011353,0.5550789142241715,0.5663305521011353,3640444
1991-11-01,0.5625801086425781,0.5663306416137456,0.5588295349295473,0.5625801086425781,2109544
1991-11-04,0.5625802451514403,0.5625802451514403,0.5569547295227134,0.560705304145813,2783869
1991-11-05,0.5607053623096437,0.5700814127922058,0.5588297284976058,0.5700814127922058,4291988
1991-11-06,0.5738316984348668,0.5738316984348668,0.5569545459823324,0.5588294863700867,2446706
1991-11-07,0.5569542325072853,0.5569542325072853,0.5513280700292678,0.5532037019729614,1899956
1991-11-08,0.5532040133370673,0.5607051193694573,0.5532040133370673,0.5588294863700867,6401531
1991-11-11,0.5625803313795031,0.5625803313795031,0.5513286465275046,0.5550792217254639,2656294
1991-11-12,0.5569547295227134,0.560705304145813,0.5532041956414872,0.560705304145813,4487906
1991-11-13,0.5607051193694573,0.5607051193694573,0.5550789537248215,0.5588294863700867,5412825
1991-11-14,0.5588296705283408,0.560705304145813,0.5588296705283408,0.560705304145813,1526344
1991-11-15,0.5588297710664907,0.5607054050214051,0.5363264415049759,0.5419526100158691,2205225
1991-11-18,0.5344512630667188,0.5363262035778954,0.5138235358691889,0.532576322555542,8192138
1991-11-19,0.5250751516938666,0.5250751516938666,0.5063223673052226,0.5081973075866699,4925306
1991-11-20,0.5081973181714121,0.5100729103616439,0.5025718045983247,0.5044467449188232,1849838
1991-11-21,0.5044465293376746,0.5044465293376746,0.4913199156110805,0.4950704872608185,4018613
1991-11-22,0.4969458369039561,0.49882147058241266,0.47444316252929697,0.4781930446624756,6068925
1991-11-25,0.46881672739982605,0.47069236000828263,0.45569011032836976,0.46881672739982605,3991275
1991-11-26,0.461315780878067,0.46694194727642435,0.44631352606161795,0.461315780878067,6643013
1991-11-27,0.4650660743643312,0.4744428098201751,0.4650660743643312,0.47444280982017517,1813388
1991-11-29,0.472567262144432,0.49132004380226135,0.4706923628778685,0.49132004380226135,2250788
1991-12-02,0.4913201255824166,0.5044467449188232,0.4875695930716861,0.5044467449188232,5435606
1991-12-03,0.5091349531405985,0.5203866285956892,0.5063222176151304,0.517573893070221,2338875
1991-12-04,0.5175738881022522,0.5175738881022522,0.5091349482536316,0.5091349482536316,1187663
1991-12-05,0.5119476681174407,0.514760403530011,0.5006959931139715,0.5035094618797302,1503563
1991-12-06,0.5035094820896623,0.5203866285956892,0.5006960132109762,0.517573893070221,1755675
1991-12-09,0.5344513713861033,0.5372641086578369,0.5288258561007654,0.5372641086578369,3939638
1991-12-10,0.5372641086578369,0.5372641086578369,0.5260124262172293,0.5372641086578369,2755013
1991-12-11,0.5372637432014785,0.5372637432014785,0.5316382724845566,0.5344510078430176,2256863
1991-12-12,0.5400764346122742,0.545702638224549,0.537263699482694,0.5400764346122742,2636550
1991-12-13,0.5457032106481711,0.5541421175003052,0.5457032106481711,0.5541421175003052,4589663
1991-12-16,0.5625801086425781,0.5625801086425781,0.554141857617948,0.5625801086425781,3019275
1991-12-17,0.5597672992647877,0.5597672992647877,0.5541418260632762,0.556954562664032,1852875
1991-12-18,0.5541415813167498,0.5541415813167498,0.5260120684144604,0.5344510078430176,1704038
1991-12-19,0.5344510395762478,0.5344510395762478,0.5119476886660668,0.517573893070221,1315238
1991-12-20,0.5147608497701133,0.5260125345275352,0.5147608497701133,0.5231997966766357,2761088
1991-12-23,0.5288254533521141,0.5428898623531292,0.5231992904816788,0.5400764346122742,3402000
1991-12-24,0.5485157555440635,0.5682063411353452,0.5457030184546494,0.5653929114341736,5470538
1991-12-26,0.5625801743447595,0.5653929114341736,0.5625801743447595,0.5653929114341736,3253163
1991-12-27,0.5682063353387637,0.5963351726531982,0.5682063353387637,0.5963351726531982,6718950
1991-12-30,0.6019606097554433,0.6582189735363025,0.5991478728677003,0.6554062366485596,12186450
1991-12-31,0.6863477761776338,0.7201028172710977,0.6666578855549332,0.6835350394248962,7930913
1992-01-02,0.6891607381969274,0.6919742092228445,0.6610318947679774,0.6666581034660339,5828963
1992-01-03,0.6638446731819935,0.6694708411381735,0.6638446731819935,0.6666581034660339,3790800
1992-01-06,0.6694704366347768,0.6722831726074219,0.6694704366347768,0.6722831726074219,3453638
1992-01-07,0.6750960303201026,0.6807222366333008,0.6722832938402369,0.6807222366333008,5197163
1992-01-08,0.675096103235703,0.7004122009957624,0.67228336645204,0.6947867274284363,2806650
1992-01-09,0.7032253105572887,0.7426058053970337,0.7032253105572887,0.7426058053970337,6290663
1992-01-10,0.7426062212017532,0.7538578207370852,0.7060384412281935,0.7257283329963684,5434088
1992-01-13,0.7201027274131775,0.7201027274131775,0.7116637848544793,0.7201027274131775,4027725
1992-01-14,0.7201024559591308,0.7454185407384791,0.7172897206176855,0.7426058053970337,3162038
1992-01-15,0.7763603624789344,0.8269932012733059,0.773547626172769,0.8016771078109741,8766225
1992-01-16,0.8213669743590247,0.8241797105934529,0.7763603426782758,0.7876120209693909,10552275
1992-01-17,0.793238039903841,0.7988635116251942,0.7819863631078292,0.7847990989685059,11059538
1992-01-20,0.7847995217180562,0.7847995217180562,0.7313546596464278,0.7341673970222473,5999063
1992-01-21,0.6638444634893685,0.7172900884048325,0.6554062123965158,0.6947867274284363,11864475
1992-01-22,0.689160665594333,0.7397935236438423,0.689160665594333,0.7341673970222473,5151600
1992-01-23,0.7594833231679294,0.7847993388758473,0.7397933512871088,0.745418906211853,7472250
1992-01-24,0.7510439732328956,0.7622956473797311,0.7510439732328956,0.7566701769828796,5525213
1992-01-27,0.759483500112024,0.7622962374878436,0.7257284515410883,0.7341673970222473,3575138
1992-01-28,0.7322520219156348,0.7322520219156348,0.7181703448295593,0.7181703448295593,6378750
1992-01-29,0.7238032318852294,0.7322525377908551,0.7153539259796039,0.7266194224357605,9838463
1992-01-30,0.7209867926746382,0.7547831888033377,0.7097213001038205,0.7491501569747925,5470538
1992-01-31,0.7491498875682222,0.7491498875682222,0.7181703448295593,0.7181703448295593,4966313
1992-02-03,0.7040888886679966,0.7040888886679966,0.6815579045592415,0.6843740940093994,4759763
1992-02-04,0.6871905519662288,0.7322525377908551,0.6871905519662288,0.7266194224357605,5585963
1992-02-05,0.7209869722939118,0.732252467671299,0.7125376671973809,0.7238031625747681,4200863
1992-02-06,0.7209866266654522,0.7209866266654522,0.6984556467116381,0.706904947757721,1907550
1992-02-07,0.7040890441542046,0.715353804442469,0.6871904352139923,0.6984559297561646,3693600
1992-02-10,0.6984559092220132,0.6984559092220132,0.6871904150110391,0.6928235292434692,4295025
1992-02-11,0.6928232652408275,0.7069049440752022,0.6900063420710673,0.7012718319892883,2171813
1992-02-12,0.7069049440752022,0.7125373219075095,0.6871901531549136,0.7012718319892883,3815100
1992-02-13,0.7040890234544434,0.7040890234544434,0.6871904150110391,0.6928235292434692,1764788
1992-02-14,0.6900066137313843,0.6900066137313843,0.6815580436566636,0.6900066137313843,1685813
1992-02-18,0.6928235276948758,0.7012720976438074,0.6871904134750366,0.6871904134750366,11029163
1992-02-19,0.6871903697579674,0.6871903697579674,0.6646594236116167,0.6702924966812134,6530625
1992-02-20,0.6674763493403115,0.6900066034580139,0.6646594658953321,0.6871904134750366,2411775
1992-02-21,0.6871903219247275,0.6900065115325205,0.6787417531013489,0.6787417531013489,1779975
1992-02-24,0.6843741323169347,0.6900065115325205,0.6759248292397692,0.6787417531013489,1743525
1992-02-25,0.6787416906795843,0.6843740693771777,0.6533945180329752,0.6731085777282715,6235988
1992-02-26,0.6759246306750664,0.7575992450842194,0.6702922531140901,0.7547829747200012,12168225
1992-02-27,0.76323210222455,0.794212319453422,0.7547834489906171,0.7604159116744995,16083563
1992-02-28,0.7604156495456101,0.7716810605326745,0.7463339673955329,0.7491501569747925,6986250
1992-03-02,0.743517844683189,0.7744974013486926,0.743517844683189,0.7716811299324036,3101288
1992-03-03,0.7688652276992799,0.7716814185852241,0.7519666954591651,0.7688652276992798,6879938
1992-03-04,0.7688651748078943,0.7857630532152498,0.76604898411568,0.7773138284683228,6536700
1992-03-05,0.7688654575894948,0.7716816493174783,0.7632324214630035,0.7660492658615112,3380738
1992-03-06,0.7660490368133356,0.7716814185852241,0.7660490368133356,0.7688652276992798,3295688
1992-03-09,0.7660487388381018,0.7773135795839076,0.7660487388381018,0.774497389793396,1485338
1992-03-10,0.7773133178360423,0.7857625370325125,0.7744971289938374,0.7829463481903076,2976750
1992-03-11,0.7857628016255176,0.7998444848319102,0.771681118419125,0.774497389793396,7727400
1992-03-12,0.7773141143572609,0.7773141143572609,0.7604162297350199,0.7660492658615112,11372400
1992-03-13,0.7632321119308472,0.7744976085283491,0.7632321119308472,0.7632321119308472,2253825
1992-03-16,0.7660490368133356,0.7688652276992799,0.7604160023711181,0.7688652276992798,3347325
1992-03-17,0.7688646746025416,0.8082935214042664,0.7660484857424739,0.8082935214042664,10102725
1992-03-18,0.8082941267379409,0.8167434338994454,0.8026617447996992,0.8111103177070618,6825263
1992-03-19,0.805477499961853,0.8082936894072629,0.7716810238557017,0.805477499961853,7286963
1992-03-20,0.8054774971056711,0.8308246705319686,0.8054774971056711,0.8251915574073792,10224225
1992-03-23,0.8308246485926364,0.8420901402905889,0.8195591568946838,0.8195591568946838,4811400
1992-03-24,0.8223756558462153,0.8308249613639249,0.8195594654249784,0.828008770942688,3159000
1992-03-25,0.8364573220101936,0.8392735123634338,0.8308249413037133,0.8392735123634338,1464075
1992-03-26,0.8392732886243509,0.8505387812880625,0.8223754167556763,0.8223754167556763,4200863
1992-03-27,0.8223753679719554,0.8280084810965449,0.8223753679719554,0.8251915574073792,2284200
1992-03-30,0.8251915603334662,0.8251915603334662,0.8026613105164432,0.805477499961853,4935938
1992-03-31,0.7998445093488784,0.7998445093488784,0.7801304459571838,0.7801304459571838,2761088
1992-04-01,0.7773137893614487,0.7801306325822309,0.7181708507841675,0.7266194224357605,13954275
1992-04-02,0.723803069022368,0.723803069022368,0.647761535743934,0.6562108397483826,16852050
1992-04-03,0.6646595809468197,0.6787419610152295,0.6477616630781873,0.6590271592140198,13611038
1992-04-06,0.6674762463006226,0.7012719893869998,0.6646593632904912,0.6956396102905273,11105100
1992-04-07,0.695639597784345,0.7012719767795587,0.6477614393099959,0.6618431210517883,6150938
1992-04-08,0.6477617308415738,0.6533948466257852,0.6252307770047995,0.650577962398529,10534050
1992-04-09,0.6533945643056703,0.6956396102905273,0.650577681295539,0.6956396102905273,7663613
1992-04-10,0.7181706103718101,0.7181706103718101,0.6759248292397692,0.6787417531013489,4686863
1992-04-13,0.6787417265449457,0.6787417265449457,0.6618431210517883,0.6618431210517883,3641963
1992-04-14,0.6787415472750193,0.6984556028051285,0.6646591757907949,0.6674760580062866,8116200
1992-04-15,0.6759251499654958,0.6815582661077757,0.6308638920979325,0.6393125057220459,11132438
1992-04-16,0.6421294032129838,0.6449455942144415,0.6308639049530029,0.6308639049530029,4222125
1992-04-20,0.6336801191449188,0.6421293853768536,0.5998836253037256,0.6026998162269592,6971063
1992-04-21,0.6026993699057407,0.6252303491148444,0.6026993699057407,0.6195979714393616,6636938
1992-04-22,0.622414160277103,0.6364958387193963,0.6195979714393616,0.6195979714393616,6245100
1992-04-23,0.6195984474849192,0.6308639049530029,0.5970674509649574,0.6308639049530029,11478713
1992-04-24,0.6308635874820774,0.6421290800728987,0.6308635874820774,0.6364960074424744,5209313
1992-04-27,0.6350280229651705,0.6434952616691589,0.62938292463808,0.6434952616691589,2925113
1992-04-28,0.6463177916566631,0.6463177916566631,0.6180944922407369,0.6322061419487,2788425
1992-04-29,0.6322060363122259,0.6434955013554913,0.6265609767611536,0.6406726241111755,4516763
1992-04-30,0.6406723854762958,0.6463174429247216,0.62938292463808,0.6434952616691589,2858288
1992-05-01,0.6378505704721572,0.6547850984825417,0.6378505704721572,0.6519622206687927,4052025
1992-05-04,0.6604296858472825,0.6773635246022572,0.6604296858472825,0.6688969731330872,4039875
1992-05-05,0.6717189426788082,0.6858305931091309,0.6660738818955281,0.6858305931091309,3654113
1992-05-06,0.6858305709981578,0.6914749366617543,0.6858305709981578,0.688652753829956,1950075
1992-05-07,0.688652753829956,0.6999422209735251,0.6745411038545888,0.688652753829956,3723975
1992-05-08,0.688652801921391,0.688652801921391,0.6576073169708252,0.6576073169708252,2159663
1992-05-11,0.6547850279661468,0.668896676643043,0.6547850279661468,0.6660737991333008,4213013
1992-05-12,0.6717189679316667,0.6717189679316667,0.6519622559753225,0.6576073169708252,3298725
1992-05-13,0.6576071487055133,0.6576071487055133,0.637850441804419,0.6406726241111755,4853925
1992-05-14,0.6434957078841124,0.6434957078841124,0.5926935076713562,0.5926935076713562,10892475
1992-05-15,0.5926934999117305,0.6152717011328523,0.5757589292253069,0.6011600494384766,8796600
1992-05-18,0.6068051234168572,0.6124494895058111,0.6068051234168572,0.6096273064613342,6314963
1992-05-19,0.6124494450632999,0.6180945056803598,0.6096272622236152,0.6152716279029846,4580550
1992-05-20,0.6124496009894035,0.6406729082044966,0.606805233873011,0.6350285410881042,6980175
1992-05-21,0.6322059467704892,0.6322059467704892,0.623738706111908,0.623738706111908,4152263
1992-05-22,0.6265612611981423,0.6322063233118761,0.620916894022283,0.6293834447860718,1798200
1992-05-26,0.6265613006406544,0.6293834844062426,0.6096274622305056,0.6124496459960938,3329100
1992-05-27,0.6124494550073856,0.6293832881368197,0.6124494550073856,0.6265611052513123,1755675
1992-05-28,0.6293830627404742,0.6406725260558808,0.6237386989908341,0.6378503441810608,3237975
1992-05-29,0.6406727533482067,0.6576072813585914,0.6406727533482067,0.6519622206687927,4723313
1992-06-01,0.6519625832956738,0.6519625832956738,0.6406731096957909,0.6491403579711914,1154250
1992-06-02,0.6519622206687927,0.6717189315552269,0.6434956311619557,0.6519622206687927,6090188
1992-06-03,0.6547849178314209,0.6576070999288478,0.6491398178203823,0.6547849178314209,1816425
1992-06-04,0.6519623782538471,0.6547852567499107,0.6350285410881042,0.6350285410881042,2542388
1992-06-05,0.635028365605707,0.6406727311623474,0.6293832642327044,0.6322061419487,2108025
1992-06-08,0.6322059467704892,0.6322059467704892,0.6124492426676122,0.623738706111908,2126250
1992-06-09,0.6209167385024288,0.6209167385024288,0.5729366862588067,0.5814039707183838,10127025
1992-06-10,0.5785809239599822,0.5842259830115095,0.5560026908090134,0.5644692778587341,6491138
1992-06-11,0.5616470891225123,0.5644693122300525,0.5390682005378623,0.5418903827667236,10324463
1992-06-12,0.5418906843623771,0.5616474017139998,0.5418906843623771,0.5560030341148376,6336225
1992-06-15,0.5560026774370282,0.5560026774370282,0.5503576185212659,0.5531798005104065,2673000
1992-06-16,0.5531799423413393,0.5531799423413393,0.5221344608686646,0.5249566435813904,5737838
1992-06-17,0.5193122083348987,0.5221343906681848,0.4910882184319796,0.49673327803611755,11487825
1992-06-18,0.4882663221843868,0.49391142644741254,0.4628652334213257,0.4628652334213257,11967750
1992-06-19,0.46568746234935615,0.4910885944295731,0.46004309336122323,0.4741547107696533,13550288
1992-06-22,0.4797992706552562,0.4939116282930043,0.47133267364709575,0.49108874797821045,6512400
1992-06-23,0.4967331239873386,0.5193120472838575,0.4967331239873386,0.5108447670936584,10494563
1992-06-24,0.5249569372387909,0.5249569372387909,0.5136674642562866,0.5136674642562866,6096263
1992-06-25,0.5193123151653047,0.5362461484648134,0.5193123151653047,0.5277788639068604,6178275
1992-06-26,0.533423955350609,0.533423955350609,0.5164893865585327,0.5164893865585327,3113438
1992-06-29,0.5221344980791567,0.5277788639068604,0.5193123151653047,0.5277788639068604,2226488
1992-06-30,0.5277788620418375,0.5334239636659905,0.5193123133302003,0.5306017398834229,3128625
1992-07-01,0.5334239846962301,0.5531800016186592,0.5334239846962301,0.5503578186035156,3456675
1992-07-02,0.5531798474983881,0.5588249068936508,0.5390682005378623,0.5418903827667236,4635225
1992-07-06,0.5418900240015204,0.5418900240015204,0.5136667487660483,0.5193118453025818,3450600
1992-07-07,0.5193123962646604,0.5193123962646604,0.5052007436752319,0.5052007436752319,4513725
1992-07-08,0.5023776646856282,0.5080227654154637,0.4910882399209176,0.49391111731529236,4307175
1992-07-09,0.49673355943916797,0.5136673988482697,0.49391137550709485,0.5023779273033142,12450713
1992-07-10,0.5080225856355981,0.5164891300097793,0.499555305445399,0.5108447670936584,6491138
1992-07-13,0.5108454763689159,0.5108454763689159,0.49108874797821045,0.49108874797821045,5686200
1992-07-14,0.4995555535828397,0.5164893865585327,0.4967333707229548,0.5164893865585327,6621750
1992-07-15,0.5249566998343753,0.5560028795715366,0.5221345168192316,0.5503578186035156,11068650
1992-07-16,0.5531799798095388,0.5531799798095388,0.5277788620418375,0.5306017398834229,4143150
1992-07-17,0.5334239275359131,0.5334239275359131,0.5108449942014159,0.5249566435813904,2727675
1992-07-20,0.530601741758421,0.530601741758421,0.5164893964350554,0.5277788639068604,3468825
1992-07-21,0.5306012616812652,0.5334234829203178,0.5193118453025818,0.5193118453025818,3177225
1992-07-22,0.5193118453025818,0.5193118453025818,0.5164889291264492,0.5193118453025818,3335175
1992-07-23,0.5193120472838575,0.5193120472838575,0.5080225856355981,0.5108447670936584,2272050
1992-07-24,0.5108445684056474,0.5249562060233836,0.5108445684056474,0.5193118453025818,1752638
1992-07-27,0.5277788485237532,0.5277788485237532,0.5221344828605652,0.5221344828605652,2208263
1992-07-28,0.5234925003714895,0.5348113302446725,0.5234925003714895,0.5319817662239075,3119513
1992-07-29,0.5319819291359962,0.5546188990694711,0.5319819291359962,0.5489598512649536,7703100
1992-07-30,0.5517893751672124,0.5517893751672124,0.5433000657300524,0.5489598512649536,2809688
1992-07-31,0.5489598929102254,0.5602786861232907,0.5461303278082885,0.5574491620063782,6485063
1992-08-03,0.5574488087025947,0.5829159850749225,0.5546185896340228,0.5772562026977539,6251175
1992-08-04,0.5857456160457906,0.5885751388942239,0.574426786921948,0.5800858736038208,4416525
1992-08-05,0.5800857660063505,0.5829159850749225,0.5772562026977539,0.5772562026977539,3778650
1992-08-06,0.5744270086288452,0.5772565325693667,0.5744270086288452,0.5744270086288452,2505938
1992-08-07,0.5744267238267818,0.5800858098870593,0.5659374594688416,0.5659374594688416,3562988
1992-08-10,0.5659377753421401,0.5659377753421401,0.5517894170271378,0.5574491620063782,1655438
1992-08-11,0.5602787183003703,0.5631082425797838,0.5433001381479522,0.546130359172821,3326063
1992-08-12,0.5433000079337355,0.5489597928665482,0.5319818725437038,0.5348114371299744,2998013
1992-08-13,0.5348113428106913,0.5348113428106913,0.5234925126715592,0.5291515588760376,2457338
1992-08-14,0.5263218637964021,0.5432997345924377,0.5263218637964021,0.5432997345924377,2332800
1992-08-17,0.5461302282802775,0.5461302282802775,0.5348114371299744,0.5348114371299744,4726350
1992-08-18,0.5319817787234423,0.5348113428106913,0.5263220357737983,0.5291515588760376,2010825
1992-08-19,0.5263223390297364,0.5263223390297364,0.5065149281712702,0.515003502368927,2946375
1992-08-20,0.5178324574703349,0.5178324574703349,0.5036841116405756,0.5121734142303467,2445188
1992-08-21,0.5178322284551122,0.5206624865531921,0.5121731877178777,0.5206624865531921,4413488
1992-08-24,0.5150032067737887,0.5178327298822866,0.5065146374482955,0.5093441605567932,9622800
1992-08-25,0.5121738908152729,0.5121738908152729,0.5008550560731746,0.5036845803260803,6020325
1992-08-26,0.4980252674597781,0.5008547902107239,0.4980252674597781,0.5008547902107239,3247088
1992-08-27,0.500854853501123,0.5150032067737887,0.500854853501123,0.5093441605567932,4841775
1992-08-28,0.515003502368927,0.5178330271014793,0.5093444529038225,0.515003502368927,2332800
1992-08-31,0.5150032067737887,0.5150032067737887,0.5065146374482955,0.5093441605567932,7539075
1992-09-01,0.5065146046241205,0.5065146046241205,0.49236555552320266,0.4980252981185913,1849838
1992-09-02,0.49236552521280746,0.5036843129616697,0.489535961476857,0.5008547902107239,3447563
1992-09-03,0.5036838888825631,0.5234920069218094,0.4867060289413967,0.5206624865531921,14795663
1992-09-04,0.523492238440112,0.523492238440112,0.5093438926103526,0.5121734142303467,2906888
1992-09-08,0.5093443665623671,0.5093443665623671,0.495196007567363,0.5036845803260803,3477938
1992-09-09,0.49802533039262525,0.5150032067737887,0.49802533039262525,0.5093441605567932,3793838
1992-09-10,0.41313454824106,0.45557961157577453,0.41313454824106,0.44992056488990784,52348275
1992-09-11,0.4442614756653262,0.447091039983377,0.43860173225402826,0.4386017322540283,10385213
1992-09-14,0.4499205373152013,0.46123936772346497,0.43577218373742005,0.46123936772346497,15214838
1992-09-15,0.45840975642204285,0.45840975642204285,0.4499204910414184,0.45840975642204285,3231900
1992-09-16,0.4470908457713342,0.45274988997917437,0.438601541729659,0.4442612826824188,7463138
1992-09-17,0.447091039983377,0.447091039983377,0.4329426855879528,0.4386017322540283,8249850
1992-09-18,0.43577220892099056,0.43860173225402826,0.43011242452467957,0.4386017322540283,11335950
1992-09-21,0.4329426277995704,0.4357721507549286,0.4244533212033586,0.4357721507549286,6873863
1992-09-22,0.4357721507549286,0.4499205032618569,0.4329426277995704,0.4357721507549286,8830013
1992-09-23,0.4357722410708037,0.4357722410708037,0.4216238856315613,0.4216238856315613,5832000
1992-09-24,0.4244534091733518,0.4244534091733518,0.4216238856315613,0.4216238856315613,3711825
1992-09-25,0.41879354375817646,0.41879354375817646,0.3989861060009353,0.40747541189193726,8978850
1992-09-28,0.39615650761254073,0.40747533406189296,0.393326288687748,0.4046451151371002,5397638
1992-09-29,0.39898625022916345,0.39898625022916345,0.3876674175262451,0.3876674175262451,6336225
1992-09-30,0.39049684109493754,0.40747541189193726,0.3791780124836268,0.40747541189193726,7362900
1992-10-01,0.404645192426557,0.410304934612246,0.39615658328062653,0.40747541189193726,3484013
1992-10-02,0.40747546657991485,0.40747546657991485,0.3989861595495485,0.4018156826496124,5355113
1992-10-05,0.4046453084074521,0.4046453084074521,0.3763485976337081,0.39898622035980225,6652125
1992-10-06,0.3989858918413365,0.4046449752293895,0.3933261526935681,0.396156370639801,4295025
1992-10-07,0.40181577397230744,0.40181577397230744,0.3848378937831011,0.3876674175262451,1731375
1992-10-08,0.38766706930551503,0.3989858918413365,0.38766706930551503,0.396156370639801,2487713
1992-10-09,0.3933261526935681,0.4018154130428719,0.3904966314920327,0.396156370639801,4282875
1992-10-12,0.39332647655189706,0.4018157438911192,0.39332647655189706,0.39898622035980225,3386813
1992-10-13,0.3989861060009353,0.410304934612246,0.3989861060009353,0.40747541189193726,2223450
1992-10-14,0.40747533406189296,0.415963900601456,0.4046451151371002,0.4046451151371002,2730713
1992-10-15,0.4046453084074521,0.4046453084074521,0.39332647655189706,0.39898622035980225,2035125
1992-10-16,0.4046454178432665,0.4046454178432665,0.3904970586299896,0.3904970586299896,1433700
1992-10-19,0.38766741566570373,0.4159641284220233,0.38766741566570373,0.4131346046924591,2618325
1992-10-20,0.4131346046924591,0.42445343734105473,0.4131346046924591,0.4131346046924591,3201525
1992-10-21,0.4159639297257306,0.44143110658740803,0.4131344073477634,0.43294253945350647,5883638
1992-10-22,0.4414311966656451,0.44709098030649863,0.4329426277995704,0.4357721507549286,2077650
1992-10-23,0.4386017899635883,0.44426153411957386,0.42728295741191274,0.43011248111724854,2448225
1992-10-26,0.4301124260288982,0.4527500882328412,0.4301124260288982,0.44992056488990784,2764125
1992-10-27,0.4597975611686706,0.4626356913467195,0.4541206841762851,0.45979756116867065,4817475
1992-10-28,0.459797661865775,0.4910181283888371,0.459797661865775,0.479665070772171,8465513
1992-10-29,0.4796651867757497,0.4796651867757497,0.4512828030791254,0.46263590455055237,4449938
1992-10-30,0.46831186948464554,0.46831186948464554,0.45695877324524814,0.45979756116867065,1716188
1992-11-02,0.46263590811501615,0.4938563824290696,0.46263590811501615,0.48818016052246094,6794888
1992-11-03,0.4938561642501263,0.5080480487927822,0.48817994485119426,0.496694952249527,9929588
1992-11-04,0.49385630347445114,0.5165624618530273,0.49385630347445114,0.5165624618530273,6503288
1992-11-05,0.513724298332275,0.5194004774093628,0.5052092897529753,0.5194004774093628,6545813
1992-11-06,0.5137243185168648,0.5222393274307251,0.5137243185168648,0.5222393274307251,5570775
1992-11-09,0.5222393069115745,0.5222393069115745,0.5108862087937309,0.5194004774093628,4106700
1992-11-10,0.5194002219608574,0.5307533144950867,0.5165621338181261,0.5307533144950867,4364888
1992-11-11,0.5335921014920494,0.5335921014920494,0.5222390500668926,0.5307533144950867,8635613
1992-11-12,0.530753440216648,0.5648126847780045,0.530753440216648,0.5562977194786072,9118575
1992-11-13,0.5562977194786072,0.5648126847780045,0.5534596306636071,0.5562977194786072,6260288
1992-11-16,0.5562979678437775,0.5562979678437775,0.5335924661141016,0.5364305973052979,4729388
1992-11-17,0.5421069100153177,0.5477837904222227,0.5279157161712646,0.5279157161712646,3951788
1992-11-18,0.5165624618530273,0.5250774716518488,0.5108862819629955,0.5165624618530273,6709838
1992-11-19,0.5165626131032242,0.5279157161712646,0.5165626131032242,0.5279157161712646,3350363
1992-11-20,0.5279157161712646,0.5421069100153177,0.5250776253952522,0.5279157161712646,4586625
1992-11-23,0.5279155615968647,0.5307536515418806,0.5137243719080115,0.5165624618530273,3064838
1992-11-24,0.5165621593605867,0.5279152524561925,0.5165621593605867,0.5250771641731262,7408463
1992-11-25,0.5279156592147422,0.5506218629010637,0.5279156592147422,0.5449449419975281,3912300
1992-11-27,0.5335922744182634,0.5449446717773383,0.5335922744182634,0.5392684936523438,2597063
1992-11-30,0.542106397449846,0.5648125410079956,0.542106397449846,0.5648125410079956,4963275
1992-12-01,0.5648126937229455,0.5875188845295026,0.5619746048629987,0.5846807956695557,5543438
1992-12-02,0.579003877986171,0.5875188845295026,0.579003877986171,0.5846807956695557,4097588
1992-12-03,0.5846809879011771,0.6215783339929992,0.5818421992534842,0.6187395453453064,4954163
1992-12-04,0.6244164279135397,0.6244164279135397,0.6017102309864252,0.6073864102363586,5157675
1992-12-07,0.6045482677204304,0.6130632758140564,0.5960339995904298,0.6130632758140564,2894738
1992-12-08,0.6102251816086538,0.6329306364059448,0.6102251816086538,0.6329306364059448,5027063
1992-12-09,0.6329306650492782,0.6329306650492782,0.6272544860839844,0.6272544860839844,2812725
1992-12-10,0.6215783339929992,0.6272545546882058,0.6045483564162969,0.6187395453453064,4200863
1992-12-11,0.6159015707059927,0.6159015707059927,0.6017103791236877,0.6017103791236877,1233225
1992-12-14,0.6017104862257302,0.6102254986763,0.6017104862257302,0.6102254986763,1324350
1992-12-15,0.6102254986763,0.6102254986763,0.6017104862257302,0.6102254986763,2302425
1992-12-16,0.6102253550690783,0.6102253550690783,0.587519153853786,0.59035724401474,2609213
1992-12-17,0.5931953241680981,0.6017103344711363,0.5903572340550245,0.5988722443580627,3149888
1992-12-18,0.5988722443580627,0.60454842458421,0.5960341542449892,0.5988722443580627,2906888
1992-12-21,0.6017103791236877,0.6045484694473743,0.5988722888000012,0.6017103791236877,2262938
1992-12-22,0.596034065996772,0.6073864247682473,0.596034065996772,0.6045483350753784,2876513
1992-12-23,0.5960340517364917,0.6102252398250156,0.5960340517364917,0.6073864102363586,3119513
1992-12-24,0.6102253362188275,0.6215783953666687,0.6102253362188275,0.6215783953666687,1467113
1992-12-28,0.6215783339929992,0.6244164648951507,0.6130633657591962,0.6187395453453064,1318275
1992-12-29,0.6187395235034305,0.6187395235034305,0.6045483350753784,0.6045483350753784,4462088
1992-12-30,0.6045483350753784,0.6073864247682473,0.6017102453825096,0.6045483350753784,3714863
1992-12-31,0.6073863264937175,0.6073863264937175,0.5875189618944485,0.5931951403617859,3195450
1993-01-04,0.5931953025649698,0.5931953025649698,0.5790041125526024,0.5818422436714172,5543438
1993-01-05,0.5818418466802464,0.5818418466802464,0.5648125371681761,0.5733275413513184,4191750
1993-01-06,0.5761660225428871,0.5846810325358237,0.5733279325331717,0.5818422436714172,3714863
1993-01-07,0.5818420789722052,0.6698279830050731,0.5818420789722052,0.6499605774879456,27498488
1993-01-08,0.6556369079565337,0.6584756964977577,0.6187395221394534,0.6300926208496094,10664663
1993-01-11,0.6300925755666313,0.6300925755666313,0.6187394776723905,0.6272544860839844,2357100
1993-01-12,0.6300925470517359,0.6442837337864002,0.6300925470517359,0.6329306364059448,2384438
1993-01-13,0.63009232807429,0.6527984738349915,0.6272542397064086,0.6527984738349915,3259238
1993-01-14,0.6584753544884965,0.7095639021671738,0.6584753544884965,0.7038869857788086,15804113
1993-01-15,0.7038872925721796,0.7209165692329407,0.6953722842599768,0.7209165692329407,9689625
1993-01-18,0.720916575503224,0.7436227712241591,0.7180784860290198,0.7265934944152832,23710725
1993-01-19,0.7322697666205883,0.7379466862556214,0.7038873883366583,0.7067254781723022,26529525
1993-01-20,0.7152404876429793,0.7152404876429793,0.7067254781723022,0.7067254781723022,3484013
1993-01-21,0.7095644583347152,0.7095644583347152,0.6982113566225708,0.7010494470596313,4799250
1993-01-22,0.7010492167757642,0.7010492167757642,0.6925342082977295,0.6925342082977295,2521125
1993-01-25,0.6953723699921684,0.715240478515625,0.6953723699921684,0.715240478515625,10907663
1993-01-26,0.7251365031231265,0.7251365031231265,0.7166052460670471,0.7166052460670471,4319325
1993-01-27,0.7194489720247182,0.7194489720247182,0.693855934380075,0.6966994404792786,3268350
1993-01-28,0.6995436549186707,0.7023871608835905,0.69669940757788,0.6995436549186707,2554538
1993-01-29,0.6995435878642524,0.7023870935566094,0.6881688237190247,0.6881688237190247,2384438
1993-02-01,0.688168441813063,0.7450414896011353,0.688168441813063,0.7450414896011353,12049763
1993-02-02,0.7507293765870898,0.7677911457707022,0.7478857895773503,0.7535728812217712,14197275
1993-02-03,0.7564166188240051,0.7621042888455701,0.736511338875116,0.7564166188240051,6658200
1993-02-04,0.7621043484968643,0.8246651815022348,0.7621043484968643,0.8132904171943665,19151438
1993-02-05,0.8331956902128441,0.847413960108874,0.7820097044119048,0.7876973748207092,10537088
1993-02-08,0.7905410478224587,0.7905410478224587,0.7706351033050427,0.7791662812232971,6324075
1993-02-09,0.7734790605011485,0.7734790605011485,0.7592601324210464,0.7677913904190063,2830950
1993-02-10,0.7592597150837428,0.7706344723701477,0.7564162111059797,0.7706344723701477,4185675
1993-02-11,0.7706348423163037,0.7706348423163037,0.7592600795694012,0.7649478316307068,1716188
1993-02-12,0.7621040541262811,0.7621040541262811,0.7507293765870898,0.7535728812217712,2101950
1993-02-16,0.753573017915331,0.753573017915331,0.6625756634704927,0.6938557028770447,17432213
1993-02-17,0.6824807576715248,0.6824807576715248,0.6625754855865719,0.6796372532844543,7590713
1993-02-18,0.7052304366459877,0.7308234647278884,0.6910121700866683,0.7109181880950928,11086875
1993-02-19,0.7137617216816929,0.7137617216816929,0.6938557028770447,0.6938557028770447,1618988
1993-02-22,0.6966994404792786,0.7194489720247182,0.693855934380075,0.6966994404792786,4176563
1993-02-23,0.6938556981571887,0.6995434497951089,0.656887948513031,0.656887948513031,7217100
1993-02-24,0.6540443403055587,0.6824808716773987,0.6540443403055587,0.6824808716773987,10199925
1993-02-25,0.6910121685358854,0.7279799580574036,0.6881686635055287,0.7279799580574036,7101675
1993-02-26,0.7393548552301954,0.7421983607823511,0.7137618225092669,0.7365113496780396,7150275
1993-03-01,0.7393548256762684,0.7393548256762684,0.7137617939783597,0.7194488048553467,2587950
1993-03-02,0.7166049657070991,0.7450414896011353,0.7166049657070991,0.7450414896011353,7788150
1993-03-03,0.7421982288360596,0.7507294853516231,0.7365112187427716,0.7421982288360596,3207600
1993-03-04,0.7365113822925164,0.7365113822925164,0.7251366182044284,0.7336671352386475,3493125
1993-03-05,0.7336671329459612,0.7592601667202328,0.7194488632242318,0.747886061668396,5777325
1993-03-08,0.7820095890224624,0.8047590316745477,0.7734789907939696,0.8019155263900757,13544213
1993-03-09,0.8161336128856592,0.8388831328590605,0.8104466035800733,0.8189771175384521,11338988
1993-03-10,0.8161336779594421,0.8189771828389598,0.8076024219453014,0.8161336779594421,3711825
1993-03-11,0.8161336128856592,0.8246648682195669,0.8161336128856592,0.8189771175384521,2900813
1993-03-12,0.8104468311891411,0.8132903366405153,0.8019155734592815,0.80760258436203,4213013
1993-03-15,0.8047594895825237,0.8246655206517414,0.801915982680097,0.8218212723731995,2165738
1993-03-16,0.8275083844409082,0.8417266492791728,0.8246648797483631,0.8303518891334534,4112775
1993-03-17,0.8303519941911479,0.8303519941911479,0.796227791811591,0.8047589659690857,3830288
1993-03-18,0.7962280474131109,0.8132904835804766,0.7962280474131109,0.8104469776153564,2900813
1993-03-19,0.8161340851393065,0.8161340851393065,0.7905410457037734,0.7933845520019531,4115813
1993-03-22,0.7820098699042043,0.7848533762100047,0.7535733240942801,0.7791662812232971,6639975
1993-03-23,0.7734786353482243,0.7791656433037504,0.7649474644146216,0.7706344723701477,2208263
1993-03-24,0.7706348423163037,0.7706348423163037,0.7621042439128296,0.7649478316307068,1743525
1993-03-25,0.7649475515977815,0.827508270740509,0.7621039649208879,0.827508270740509,8857350
1993-03-26,0.8331953821779459,0.8474136468174395,0.8161336128856592,0.8189771175384521,6403050
1993-03-29,0.821820569455672,0.8474135924395823,0.8161335605150168,0.8331953287124634,4255538
1993-03-30,0.8331954486121358,0.8360396948672412,0.8132901730799245,0.8161336779594421,3007125
1993-03-31,0.8246648797483631,0.8474136586642631,0.8189771289877338,0.8303518891334534,5321700
1993-04-01,0.8331960413590216,0.8331960413590216,0.8189777654707727,0.8218212723731995,2982825
1993-04-02,0.8246653454098034,0.8246653454098034,0.7905410457037734,0.7933845520019531,3951788
1993-04-05,0.7933843862288,0.7990721390126936,0.7791661163327701,0.7876973748207092,7074338
1993-04-06,0.784852965298566,0.7933841387503064,0.7592599391937256,0.7592599391937256,6275475
1993-04-07,0.7621044493680623,0.793384499323031,0.7592602842578774,0.7905409932136536,5944388
1993-04-08,0.7962280878075093,0.7990722529176942,0.7820098158847137,0.7905409932136536,3392888
1993-04-12,0.7990722123790052,0.821821001475837,0.7990722123790052,0.8104469776153564,2414813
1993-04-13,0.8218203686436487,0.861632387002082,0.8218203686436487,0.8531011343002319,8814825
1993-04-14,0.8673197569268535,0.8872257744229775,0.8587885006605704,0.8701632618904114,12900263
1993-04-15,0.8701632369244328,0.884381502709893,0.7962277441146338,0.7990719079971313,18379913
1993-04-16,0.796227928577859,0.796227928577859,0.7621042969624554,0.7677913904190063,13951238
1993-04-19,0.7677912526092784,0.7677912526092784,0.6966991785965988,0.7279799580574036,19847025
1993-04-20,0.7222924364780161,0.7592602377638914,0.7166054246075105,0.7308236956596375,11557688
1993-04-21,0.7336667317684431,0.7507292392051754,0.7336667317684431,0.7450414896011353,4911638
1993-04-22,0.7478860308873412,0.7564166299188934,0.7365113496780396,0.7365113496780396,3830288
1993-04-23,0.7365109772581574,0.7478856527158063,0.7336667317684431,0.7450414896011353,3915338
1993-04-26,0.7478859453138105,0.7478859453138105,0.7137617408402468,0.7166052460670471,6618713
1993-04-27,0.715465250026928,0.7183155417442322,0.7012130482953143,0.7183155417442322,5710500
1993-04-28,0.721165657043457,0.7240159480634971,0.7154650750033766,0.721165657043457,4188713
1993-04-29,0.7268673823305764,0.7382692958317995,0.7268673823305764,0.7354182600975037,3842438
1993-04-30,0.743969562414279,0.7582217624011551,0.743969562414279,0.7468198537826538,2922075
1993-05-03,0.7468198510273536,0.7468198510273536,0.7382689769537765,0.7439695596694946,1473188
1993-05-04,0.7411192688932844,0.7639230034923854,0.7411192688932844,0.7496708035469055,2290275
1993-05-05,0.7439694224145318,0.7525210380554199,0.7411191315825231,0.7525210380554199,4459050
1993-05-06,0.7525211774786682,0.7525211774786682,0.7468198516134765,0.7496708035469055,2205225
1993-05-07,0.7468198537826539,0.7496708057243636,0.743969562414279,0.7468198537826538,1710113
1993-05-10,0.7525211635655266,0.7667733632475017,0.7525211635655266,0.7639229893684387,3854588
1993-05-11,0.7610715584573624,0.7610715584573624,0.7354174665478972,0.7411187887191772,5078700
1993-05-12,0.7439692094451512,0.7439692094451512,0.7268667262040109,0.7297170162200928,4127963
1993-05-13,0.7240161251788405,0.7268671600412374,0.715465250026928,0.7183155417442322,1661513
1993-05-14,0.7211656697175094,0.7211656697175094,0.7012128890816592,0.7069134712219238,2171813
1993-05-17,0.7012130098611419,0.7097638845443726,0.7012130098611419,0.7097638845443726,1628100
1993-05-18,0.7069134495932283,0.7183153566698294,0.7069134495932283,0.7126147747039795,3499200
1993-05-19,0.7154650278047204,0.7525210380554199,0.7126147369727117,0.7525210380554199,6621750
1993-05-20,0.7525211529142976,0.7867261344089044,0.7525211529142976,0.7810254693031311,10439888
1993-05-21,0.7753249120777692,0.7753249120777692,0.7468198516134765,0.7496708035469055,4480313
1993-05-24,0.749670733059488,0.7639229316649119,0.749670733059488,0.7610719799995422,1822500
1993-05-25,0.7667737022596783,0.7781755331036599,0.7639233271203845,0.7696239948272705,3566025
1993-05-26,0.769623617690798,0.8095298409461975,0.769623617690798,0.8095298409461975,7074338
1993-05-27,0.818081796169281,0.8237823808702287,0.8038295912716539,0.818081796169281,7171538
1993-05-28,0.8209319253832886,0.8266332520965205,0.8009791397497525,0.8038294315338135,3866738
1993-06-01,0.8038295912716539,0.8237823808702287,0.80097929892118,0.818081796169281,9802013
1993-06-02,0.8166554170029576,0.8722394033601667,0.8166554170029576,0.8594127297401428,6417225
1993-06-03,0.842309764870675,0.8551371855563492,0.842309764870675,0.8465855717658997,3225825
1993-06-04,0.8380350649894319,0.8465859393479135,0.8294834474859267,0.8423101305961609,3452625
1993-06-07,0.8423102284814102,0.8465860377300566,0.7995536222851671,0.8038294315338135,3928500
1993-06-08,0.7952777718258639,0.8038293898800186,0.7867262363433838,0.7867262363433838,3199500
1993-06-09,0.7781753396396232,0.812381071382704,0.7781753396396232,0.7952778339385986,1941975
1993-06-10,0.7995533760491641,0.8081049919128418,0.7952775681173252,0.8081049919128418,1779975
1993-06-11,0.825207386304345,0.8380348086357117,0.8209315788605561,0.8380348086357117,2924100
1993-06-14,0.855136924151977,0.8722394033601667,0.855136924151977,0.8594127297401428,6477975
1993-06-15,0.8636885353283088,0.8679635977720008,0.855136924151977,0.8594127297401428,2559600
1993-06-16,0.8551376709317009,0.8594134802538711,0.8294835581438027,0.8337593674659729,1656450
1993-06-17,0.8337586393556213,0.8594127297401428,0.8294828337674554,0.8594127297401428,1777950
1993-06-18,0.8893428235912094,0.8893428235912094,0.863688727498663,0.8679637908935547,3136725
1993-06-21,0.855136924151977,0.8679635977720008,0.855136924151977,0.8594127297401428,1668600
1993-06-22,0.8679641887226103,0.8807916142206192,0.8636891233682539,0.876515805721283,2776275
1993-06-23,0.8807916142206192,0.8936182965736482,0.876515805721283,0.876515805721283,6777675
1993-06-24,0.8850672841072083,0.8850672841072083,0.876515668447827,0.8850672841072083,2496825
1993-06-25,0.8807916622087554,0.9021699627252101,0.8765158534764604,0.8936183452606201,4712175
1993-06-28,0.8936180850142612,0.9834077302364926,0.8936180850142612,0.9748561978340149,10773000
1993-06-29,0.9791324295857899,0.9876840489865576,0.9449274382730967,0.9620299339294434,6621750
1993-06-30,0.9620294359459899,0.9919593452106154,0.9577536284589285,0.9748561978340149,3715875
1993-07-01,0.9705814308002632,0.9748565793874346,0.9492024675689945,0.9534782767295837,4558275
1993-07-02,0.9534780521001273,0.9534780521001273,0.9320997544787796,0.9449270963668823,2535300
1993-07-06,0.9449275131152224,0.95347847261976,0.9321001655697801,0.9363759756088257,2717550
1993-07-07,0.9449272138042908,0.9577538967132567,0.9320998703219806,0.9577538967132568,2579850
1993-07-08,0.9577536189555026,1.0047860145568848,0.9492020866378784,1.0047860145568848,4199850
1993-07-09,1.0047860639871826,1.0047860639871826,0.9834077688571065,0.996235191822052,3598425
1993-07-12,0.9876836361430016,1.0090619325637817,0.9876836361430016,1.0090619325637817,1974375
1993-07-13,1.0005101450290317,1.0133375665669726,0.9876834666358415,0.991959273815155,5248800
1993-07-14,0.9962353079160846,1.0090619892309254,0.9406512882136289,0.9449270963668823,7356825
1993-07-15,0.9449268367519714,0.9748560818836224,0.9363753053666216,0.9705809354782104,5463450
1993-07-16,0.9705813347971353,0.9705813347971353,0.9363756906125774,0.9406514167785645,2756025
1993-07-19,0.9449268767916347,0.9449268767916347,0.914997052390313,0.9235479235649109,3280500
1993-07-20,0.9278241649111435,0.9534782767295836,0.9235483557505544,0.9534782767295837,4274775
1993-07-21,0.9449266785626205,0.949201824252334,0.9149968604400488,0.9320993423461914,4847850
1993-07-22,0.9363753450439283,0.9449268767916347,0.9192721164052385,0.9235479235649109,1567350
1993-07-23,0.9235482643996094,0.9534781824181802,0.9192724556619534,0.9406514167785645,1587600
1993-07-26,0.93637567900664,0.9663055140825755,0.93637567900664,0.9577538967132568,2618325
1993-07-27,0.9551838642630501,0.9766004085540771,0.9509004065099573,0.9766004085540771,2871450
1993-07-28,0.9723168552259466,1.0022995471954346,0.9723168552259466,1.0022995471954346,8778375
1993-07-29,1.0108664560289211,1.0194333648624074,1.0022995471954346,1.0022995471954346,10596825
1993-07-30,1.0065834477712612,1.0065834477712612,0.9851669106687143,0.993733823299408,5119200
1993-08-02,0.9937340311324075,1.0023002010804727,0.9894505739212036,0.9894505739212036,2683125
1993-08-03,0.9937344854082965,0.9937344854082965,0.9723179340362549,0.9723179340362549,1083375
1993-08-04,0.9637501953542441,0.9894501840198229,0.9637501953542441,0.9851667284965515,1117800
1993-08-05,0.9851664740023189,1.0065830016121777,0.9808830195855757,1.0022995471954346,10171575
1993-08-06,1.0022998226183255,1.0151501893997192,1.0022998226183255,1.0151501893997192,3211650
1993-08-09,1.0151501958224154,1.0879667079554933,1.0108667402015168,1.0836832523345947,7397325
1993-08-10,1.075117062256254,1.0794005177842791,1.0408501625061035,1.0408501625061035,5779350
1993-08-11,1.0537009822759913,1.0622671525422118,1.0451340675354004,1.0451340675354004,5285250
1993-08-12,1.0451341561595426,1.0494176138930622,1.0237176119663791,1.0322837829589844,5751000
1993-08-13,1.0322834535054302,1.0365669098718833,1.027999997138977,1.027999997138977,1804275
1993-08-16,1.027999997138977,1.0365669098718833,1.02371728524672,1.027999997138977,4236300
1993-08-17,1.0237175226211548,1.0322836928661452,1.0151506079017956,1.0237175226211548,3723975
1993-08-18,1.0237176119663791,1.0451341561595426,1.0237176119663791,1.0322837829589844,2666925
1993-08-19,1.0322835214680688,1.0622669735330708,1.028000064819605,1.0537008047103882,3869775
1993-08-20,1.0579832401441536,1.0579832401441536,1.0365667069780784,1.0408501625061035,2521125
1993-08-23,1.0408501625061035,1.0537005290901789,1.0408501625061035,1.0408501625061035,1601775
1993-08-24,1.040850352527202,1.0836834266791007,1.040850352527202,1.0708338022232056,5846175
1993-08-25,1.0751177041378113,1.1522176335320333,1.0751177041378113,1.1393673419952393,10953225
1993-08-26,1.1136663929005846,1.147933201311057,1.1051001457542162,1.1308001279830933,6249150
1993-08-27,1.1222345155201559,1.130801350966952,1.1136675973539523,1.12651789188385,1779975
1993-08-30,1.12651789188385,1.1393676073778949,1.1222345155201559,1.12651789188385,3007125
1993-08-31,1.1222345155201559,1.1436509837415891,1.1136675973539523,1.12651789188385,3033450
1993-09-01,1.1265172176471532,1.165066837373233,1.1222338438471195,1.160784125328064,4054050
1993-09-02,1.165066291965946,1.165066291965946,1.1479332183831785,1.1522166728973389,957825
1993-09-03,1.1522176335320333,1.1565010916174276,1.1350838839098452,1.1393673419952393,2110050
1993-09-07,1.1393676073778949,1.1650675346824297,1.12651789188385,1.12651789188385,4999725
1993-09-08,1.1136668763751043,1.1179503326851314,1.0579834332931242,1.0708338022232056,4845825
1993-09-09,1.075117032619038,1.105100393295288,1.075117032619038,1.105100393295288,4035825
1993-09-10,1.1051011142352503,1.1265176607825589,1.1051011142352503,1.113667368888855,4023675
1993-09-13,1.1179500977704306,1.1222335531803758,1.105100393295288,1.105100393295288,2160675
1993-09-14,1.0708336930359432,1.0965336838014272,1.0579833254161461,1.0922502279281616,3892050
1993-09-15,1.0879667445900336,1.1051004849312234,1.0751171217687254,1.0965336561203003,2419875
1993-09-16,1.0965335651947343,1.1136666423604853,1.092250109784789,1.105100393295288,1168425
1993-09-17,1.096533872458141,1.1436503235027997,1.096533872458141,1.1222338676452637,2594025
1993-09-20,1.1222335921166626,1.1350832143182905,1.109383225440979,1.109383225440979,2306475
1993-09-21,1.1093838523495776,1.1136673103287047,1.0794011354446411,1.0794011354446411,5661900
1993-09-22,1.0965339003318249,1.1222338961722367,1.0965339003318249,1.117950439453125,5001750
1993-09-23,1.1350833177566528,1.1393667737055588,1.1179502384351532,1.1350833177566528,1962225
1993-09-24,1.1222340720111899,1.1565009039396135,1.1222340720111899,1.1436505317687988,1929825
1993-09-27,1.1479334018844078,1.2121837409197112,1.1479334018844078,1.2079002857208252,5651775
1993-09-28,1.2507336701829683,1.272150207207159,1.2250336768591026,1.2421667575836182,9952875
1993-09-29,1.2421667210825718,1.2507336334301833,1.2207501846877054,1.2250336408615112,3075975
1993-09-30,1.2250337467338486,1.2250337467338486,1.1779172136983103,1.1822006702423096,5224500
1993-10-01,1.1779176278141115,1.225034177414227,1.1779176278141115,1.216467261314392,3796875
1993-10-04,1.2164672906405527,1.242167295085136,1.2121845769618778,1.2293176651000977,2547450
1993-10-05,1.2336003476758055,1.2892836969900583,1.2336003476758055,1.2850003242492676,5038200
1993-10-06,1.289284171192068,1.310700711895729,1.2550173421009907,1.2635842561721802,6595425
1993-10-07,1.2635837004145472,1.2635837004145472,1.229316803675592,1.2336002588272095,3057750
1993-10-08,1.2293175152180036,1.2293175152180036,1.1736340549647508,1.2121844291687012,6326100
1993-10-11,1.225033675759724,1.2421667564688639,1.225033675759724,1.2378840446472168,3063825
1993-10-12,1.2421673499163532,1.3149845700663045,1.2421673499163532,1.2807177305221558,6350400
1993-10-13,1.2935674129497918,1.2935674129497918,1.2593005895614624,1.2593005895614624,6666300
1993-10-14,1.2635840189328043,1.2721501869213732,1.2464501940073212,1.2678667306900024,5487750
1993-10-15,1.2678667509074841,1.2764336635068343,1.2378840457581277,1.2421667575836182,4392225
1993-10-18,1.2336002724401478,1.2336002724401478,1.199333375323053,1.2079002857208252,4288950
1993-10-19,1.2036172906775509,1.2207503735492602,1.143650383915151,1.147933840751648,4578525
1993-10-20,1.1522171300334552,1.2036171156483075,1.1522171300334552,1.1779171228408813,6688575
1993-10-21,1.173633900134252,1.1907669839232893,1.1479339022135373,1.1565008163452148,4785075
1993-10-22,1.1565006933334803,1.1650668620796956,1.1222338676452637,1.1222338676452637,5105025
1993-10-25,1.1393668196687643,1.1479336491928234,1.087966835156614,1.1008172035217285,7320375
1993-10-26,1.0725029770157715,1.1196929509241005,1.0725029770157715,1.1154028177261353,4161375
1993-10-27,1.1154024490940944,1.1154024490940944,1.0982426676080554,1.1068228483200073,2298375
1993-10-28,1.1068232141165553,1.128273134471737,1.1068232141165553,1.1154028177261353,4173525
1993-10-29,1.141143332424878,1.1883339881896973,1.1325637253482068,1.1883339881896973,4562325
1993-11-01,1.2012026331900534,1.2097828958091394,1.154012680053711,1.154012680053711,5015925
1993-11-02,1.1497226748523042,1.1540128066324133,1.1025327993881646,1.1068228483200073,7719300
1993-11-03,1.1068233293730587,1.1111128002313477,1.0253131098760668,1.0338926315307617,10183725
1993-11-04,1.0381827651754703,1.0682129550537074,1.0296024978860534,1.0338926315307617,14509125
1993-11-05,1.0338929007990234,1.0338929007990234,0.9867029096864586,1.0296027660369873,9317025
1993-11-08,1.0296023906707636,1.1196929509241005,1.0296023906707636,1.1154028177261353,9594450
1993-11-09,1.1497225487441678,1.18833298489574,1.1239825893694824,1.154012680053711,19948275
1993-11-10,1.1540134332501593,1.1583035673597684,1.1196931888564003,1.1368529796600342,11740950
1993-11-11,1.1411432244036273,1.1668832030736622,1.136853089878089,1.1497234106063843,7085475
1993-11-12,1.1497234106063843,1.1540135451319227,1.1325636181391063,1.1497234106063843,3701700
1993-11-15,1.1540134027123257,1.1540134027123257,1.123983293222841,1.1411430835723877,4023675
1993-11-16,1.1411432279207898,1.1625938177662754,1.115403166323101,1.1282734870910645,5208300
1993-11-17,1.1411435379893622,1.1454335908454856,1.1111133336931829,1.1239837408065796,6405075
1993-11-18,1.1111129880902566,1.123983391200416,1.0553434781841093,1.0639230012893677,10287000
1993-11-19,1.0596329549580201,1.0725033591375062,1.0253133684158768,1.0682132244110107,11267100
1993-11-22,1.0510536601695557,1.0553437958308922,1.0038629135299273,1.0124431848526,8735850
1993-11-23,1.0296027575074624,1.0682132244110107,1.0253133684158768,1.0682132244110107,8298450
1993-11-24,1.0725031491656136,1.102533340736938,1.0682130152790297,1.0810834169387817,2784375
1993-11-26,1.0810834169387817,1.09395307296377,1.0810834169387817,1.0810834169387817,1990575
1993-11-29,1.085372952346306,1.1068235418392067,1.085372952346306,1.0982433557510376,4430700
1993-11-30,1.0810833580956098,1.111112802397673,1.0639228234833185,1.093953013420105,4491450
1993-12-01,1.089662939077186,1.1111128628753424,1.0810834169387817,1.0810834169387817,5044275
1993-12-02,1.0853725382576893,1.0982429367521385,1.0767930182293037,1.0896626710891724,3570075
1993-12-03,1.0896632605251082,1.11111319065094,1.0767936007036025,1.11111319065094,5036175
1993-12-06,1.106823556620752,1.1497234106063843,1.106823556620752,1.1497234106063843,4333500
1993-12-07,1.1625929426727972,1.1625929426727972,1.1368522376637957,1.154012680053711,3875850
1993-12-08,1.1497231731406121,1.1754632293425717,1.1497231731406121,1.171173095703125,3341250
1993-12-09,1.1926233774863964,1.21407405214462,1.1840438532580526,1.1883339881896973,9059850
1993-12-10,1.184043676236656,1.1926231991823113,1.1754634076561663,1.1797535419464111,2369250
1993-12-13,1.1711729140911649,1.1754630470653473,1.1497229948548577,1.1583032608032227,3807000
1993-12-14,1.1540136389493305,1.16688329793733,1.128273575338396,1.1325637102127075,3217725
1993-12-15,1.1411432244036273,1.1497234106063843,1.1196932974108111,1.1497234106063843,4888350
1993-12-16,1.145433134720161,1.1540134027123257,1.1411430835723877,1.1411430835723877,3598425
1993-12-17,1.1883338105269006,1.1883338105269006,1.1711732733659215,1.1797535419464111,4653450
1993-12-20,1.1754632293425717,1.1797533629820185,1.1668829620636783,1.171173095703125,1239300
1993-12-21,1.1668829620636783,1.1797533629820185,1.1668829620636783,1.171173095703125,2891700
1993-12-22,1.1668828142144532,1.175463080406189,1.1583032936573439,1.175463080406189,3314925
1993-12-23,1.171173095703125,1.1754632293425717,1.1668829620636783,1.171173095703125,3231900
1993-12-27,1.1754636203263613,1.184043890459232,1.162593960762024,1.162593960762024,1196775
1993-12-28,1.162593960762024,1.184043890459232,1.1497235555627177,1.162593960762024,7822575
1993-12-29,1.1625941336633479,1.1625941336633479,1.1239837408065796,1.1239837408065796,2693250
1993-12-30,1.1282729493068078,1.1282729493068078,1.0982428503323367,1.102532982826233,3691575
1993-12-31,1.0939533956772713,1.11111319065094,1.0939533956772713,1.11111319065094,1694925
1994-01-03,1.1025335565880638,1.1111130804061446,1.0639230896845153,1.0682132244110107,3673350
1994-01-04,1.0682131356594209,1.0767934043995273,1.04247307507395,1.0639230012893677,7217100
1994-01-05,1.0553435658664345,1.0853730176820824,1.0553435658664345,1.0682132244110107,6172200
1994-01-06,1.0639225173964633,1.0639225173964633,1.0338923360992567,1.0424726009368896,4718250
1994-01-07,1.0296022216990421,1.102532982826233,1.0253128348396678,1.102532982826233,9021375
1994-01-10,1.11111319065094,1.1325637835634241,1.1068237182854292,1.11111319065094,5103000
1994-01-11,1.1154031512946003,1.1154031512946003,1.059632894311888,1.0767934322357178,4446900
1994-01-12,1.085372805190602,1.09395307296377,1.0639228813924455,1.0810834169387817,2798550
1994-01-13,1.0853722996331725,1.119692609104965,0.9995726444053161,1.0210225582122803,22783275
1994-01-14,1.0210232421478311,1.0510534398471676,1.016733107385795,1.0296027660369873,19926000
1994-01-17,1.033892208242692,1.033892208242692,1.0081521625474519,1.0210225582122803,6729075
1994-01-18,1.0253126542184812,1.0296020403222284,0.9824120824714945,1.0081521272659302,11742975
1994-01-19,0.9952827634364747,1.008152416711438,0.9094824237914588,0.930932343006134,24812325
1994-01-20,0.9266423015238244,0.9652526735816424,0.9223521681304029,0.9566724896430969,11285325
1994-01-21,0.9566724896430969,0.9609625401882208,0.943802752249213,0.9566724896430969,9578250
1994-01-24,0.9609620738611376,0.982411984784546,0.9609620738611376,0.9781219363212585,7067250
1994-01-25,0.9952830695224015,0.9995732038116306,0.9652528751326319,0.9738331437110901,6905250
1994-01-26,0.9719404629985063,0.9934434294700621,0.963338977418438,0.9934434294700623,7751700
1994-01-27,1.0020458236150986,1.0063458228253703,0.984842836856842,0.984842836856842,4007475
1994-01-28,0.9977448582649231,1.0149470937739342,0.9934441125178882,0.9977448582649231,4542075
1994-01-31,0.9891430983509203,1.0192475629317042,0.9891430983509203,1.0149468183517456,5260950
1994-02-01,1.027849020788831,1.0450512511058512,1.0149467874418885,1.0192475318908691,10133100
1994-02-02,1.0235478856661333,1.0235478856661333,0.9934434334926132,1.0063449144363403,7757775
1994-02-03,1.0020458236150986,1.0063458228253703,0.984842836856842,0.984842836856842,4548150
1994-02-04,0.9977443807538657,1.0192473517187923,0.9418362908109904,0.9461369514465332,7788150
1994-02-07,0.9332348695936333,0.9547378420829772,0.9246333816063662,0.9547378420829773,10511775
1994-02-08,0.9590392015074365,0.9719413587146556,0.9375362152192817,0.9633398652076721,5139450
1994-02-09,0.9590388141394177,0.9805417917422454,0.9504379885324653,0.967640221118927,5202225
1994-02-10,0.9848415761489622,0.9977437997013588,0.9547372183915209,0.9590379595756531,5702400
1994-02-11,0.9547377743984381,0.976241409788939,0.9461369514465332,0.9461369514465332,4546125
1994-02-14,0.9504369199606709,0.9547369957167023,0.9289333021084811,0.9418355226516724,4448925
1994-02-15,0.93753583653659,0.9676402211189271,0.93753583653659,0.967640221118927,3738150
1994-02-16,0.9719410619405697,0.9848425507823793,0.9504380822181702,0.9504380822181702,2022975
1994-02-17,0.9461372714201359,0.9504380165633419,0.8988299053771187,0.9031306505203247,16430850
1994-02-18,0.9203334176833214,0.9375356467882142,0.9031304410995782,0.9074311852455139,10287000
1994-02-22,0.9074310655617204,0.9160325527191162,0.8945295823043786,0.9160325527191162,4074300
1994-02-23,0.9203332979909279,0.9289340376853943,0.9074310672310982,0.9289340376853943,5744925
1994-02-24,0.9117317203340192,0.9504375782402449,0.9074309771742313,0.920333206653595,8051400
1994-02-25,0.928934307400175,0.9375357970708252,0.9246335625648499,0.9246335625648499,2992950
1994-02-28,0.9289340597447718,0.9590385180871777,0.9289340597447718,0.9461369514465332,2290275
1994-03-01,0.9504378240740005,0.9590386481927142,0.9289341857662632,0.9332349300384521,4633200
1994-03-02,0.9246332940987845,0.941836268445224,0.9031303236444883,0.9289340376853943,4726350
1994-03-03,0.9332346886542797,0.9332346886542797,0.9160324634938071,0.920333206653595,3902175
1994-03-04,0.9117321408067366,0.9375358641869488,0.8988299053771187,0.9031306505203247,4550175
1994-03-07,0.9117318091404183,0.9203332962978141,0.8988295784043246,0.9160325527191162,1966275
1994-03-08,0.9160327232287084,0.9805416464805603,0.9160327232287084,0.9805416464805603,4965300
1994-03-09,0.9805417917422454,0.9805417917422454,0.9461372435160994,0.967640221118927,5222475
1994-03-10,0.9633395710599797,0.9633395710599797,0.9461373367778751,0.9504380822181702,1532925
1994-03-11,0.9461370092031183,0.9762414693832397,0.9418363483050433,0.9762414693832397,3964950
1994-03-14,0.9934434334926132,1.0106456572437885,0.989142690685165,1.0063449144363403,5864400
1994-03-15,1.0149463706583624,1.0278485987070585,1.0063448852925652,1.0106456279754639,4434750
1994-03-16,1.0149468655367357,1.066554307937622,1.0149468655367357,1.066554307937622,7146225
1994-03-17,1.0665541318003344,1.0751556199396333,1.036449670791626,1.036449670791626,4278825
1994-03-18,1.0450511589309248,1.0450511589309248,1.0321489267219766,1.036449670791626,1852875
1994-03-21,1.0364494029539126,1.0450508888704282,1.0321486599956549,1.0407501459121704,3387825
1994-03-22,1.040750586737179,1.0708550527175227,1.040750586737179,1.066554307937622,6550875
1994-03-23,1.0665537729335814,1.075155258178711,1.0579530351670376,1.075155258178711,3647025
1994-03-24,1.0665542810342994,1.0665542810342994,1.0364498158133264,1.0493520498275757,4584600
1994-03-25,1.0665539478207506,1.0751554344763008,1.0407502353328084,1.0450509786605835,2357100
1994-03-28,1.0321485939113608,1.0364493365942595,1.0020448900882626,1.0106456279754639,7425675
1994-03-29,1.00204519548092,1.0063451919957296,0.9547378420829772,0.9547378420829773,5090850
1994-03-30,0.9590384948113363,0.9676398989268628,0.9332347807839256,0.9375355243682861,6230925
1994-03-31,0.9375357970708252,0.9418365419061504,0.9031305858671944,0.9246335625648499,7664625
1994-04-04,0.8988299685707684,0.8988299685707684,0.8687262454098846,0.8902292251586914,12648150
1994-04-05,0.9117318103408755,0.9461369284838126,0.9117318103408755,0.9375355243682861,6249150
1994-04-06,0.9633398652076721,0.9891435982493186,0.9590392015074365,0.9633398652076721,13670775
1994-04-07,0.9633393333893012,0.9934437965650551,0.9418364420252274,0.9805416464805603,4108725
1994-04-08,0.9848424537053889,0.9848424537053889,0.9633394761025612,0.967640221118927,3035475
1994-04-11,0.9676406119611639,0.9762421054681473,0.9633398652076721,0.9633398652076721,2859300
1994-04-12,0.9762414789979424,0.9762414789979424,0.9547378420829772,0.9547378420829773,4086450
1994-04-13,0.9590386481927142,0.9590386481927142,0.9074312118841903,0.9332349300384521,7134075
1994-04-14,0.9246332936152044,0.9418362679526467,0.9160325539252361,0.9375355243682861,3588300
1994-04-15,0.9375356743106413,0.9375356743106413,0.9289341857662632,0.9332349300384521,1944000
1994-04-18,0.9375357970708252,0.9461372036882566,0.9117320755378447,0.9246335625648499,2897775
1994-04-19,0.9246333228624102,0.9289340665828082,0.9074310954595945,0.9117318391799927,2928150
1994-04-20,0.9375358641869488,0.9418366093301548,0.8988299053771187,0.9031306505203247,3920400
1994-04-21,0.9203339620045119,0.984842836856842,0.9160332153149476,0.984842836856842,6305850
1994-04-22,0.9762418770088772,1.0063456022798642,0.9762418770088772,0.9977448582649231,9622800
1994-04-25,0.9977451229393652,1.0063458692358487,0.99344437605146,1.0020458698272705,3231900
1994-04-26,0.9958374931238734,1.0001486001195508,0.9785938144211003,0.9829042553901672,2199150
1994-04-28,0.9829038897158305,0.9829038897158305,0.9656601341750063,0.969971239566803,3596400
1994-04-29,0.9699715531185019,0.9785937666893005,0.9613494228010255,0.9785937666893005,2658825
1994-05-02,0.9829042074481219,0.9829042074481219,0.9785937666893005,0.9785937666893005,1279800
1994-05-03,0.9958371226379253,0.9958371226379253,0.9656601341750063,0.969971239566803,1577475
1994-05-04,0.9699716004297454,0.9829042553901673,0.9613494696917168,0.9829042553901672,1413450
1994-05-05,0.982903971397963,0.9915260996447847,0.9656602144241332,0.9656602144241333,1441800
1994-05-06,0.9570378320612852,0.9570378320612852,0.9397941629193569,0.9441052675247192,3535650
1994-05-09,0.9441052675247192,0.9441052675247192,0.9311719537086321,0.9441052675247192,2693250
1994-05-10,0.9570383626960394,0.9829042553901673,0.9484168147312949,0.9829042553901672,2314575
1994-05-11,0.9829036438600759,0.9915257692337036,0.9699709969459185,0.9915257692337036,7682850
1994-05-12,0.9915262678047605,1.0001484807671865,0.9785936976409685,0.9872151613235474,3973050
1994-05-13,0.9872151613235474,0.9915262678047605,0.9699714846785423,0.9872151613235474,1887300
1994-05-16,0.9958370253078055,1.0173918008804321,0.9872148153669209,1.0173918008804321,6141825
1994-05-17,1.0087699257089824,1.0605024532426126,1.0044595685876938,1.0518802404403687,10453050
1994-05-18,1.060502290725708,1.1036118495709273,1.0561911849852426,1.060502290725708,17234775
1994-05-19,1.0605016344492926,1.0906778573989868,1.047568325231491,1.0906778573989868,8213400
1994-05-20,1.0906789643605754,1.0906789643605754,1.0691241764002506,1.0777463912963867,3057750
1994-05-23,1.0691239833831787,1.0777461967226811,1.0648128767134275,1.0691239833831787,3185325
1994-05-24,1.0691237529269209,1.0734348586673865,1.0475689735043112,1.060502290725708,2668950
1994-05-25,1.0605023760863292,1.0605023760863292,1.034635739561511,1.0432579517364502,1583550
1994-05-26,1.038947208457171,1.0432583160501119,1.0130813121795654,1.0130813121795654,2863350
1994-05-27,1.0217030950064856,1.051880086106891,1.008769777700716,1.0346356630325317,1966275
1994-05-31,1.02601427666635,1.0561912699988596,1.0173920644914107,1.0432579517364502,2466450
1994-06-01,1.0346360660957217,1.0820574987444547,1.026014600479601,1.0777463912963867,3564000
1994-06-02,1.07774608254659,1.1337888815031187,1.07774608254659,1.129477858543396,10947150
1994-06-03,1.1294778683058684,1.1682769920254163,1.1208556558052756,1.151032567024231,10025775
1994-06-06,1.1510326011627403,1.1510326011627403,1.1165445826706075,1.120855689048767,7802325
1994-06-07,1.1165437265553353,1.1165437265553353,1.0906778573989868,1.0906778573989868,2938275
1994-06-08,1.0993010025757997,1.116544680316633,1.0906787890654357,1.0949898958206177,2549475
1994-06-09,1.0906787674520548,1.0906787674520548,1.0561914126538052,1.0691239833831787,6953850
1994-06-10,1.0691240155150263,1.0691240155150263,1.0518803375976538,1.0561914443969727,2397600
1994-06-13,1.0432575224361762,1.0432575224361762,0.9829036438600759,0.9915257692337036,15169275
1994-06-14,0.9958373093653273,1.008769878686019,0.9872150969650006,1.0001484155654907,5056425
1994-06-15,1.0044594168949705,1.0087697733653123,0.9613491919273736,0.9656602144241333,4695975
1994-06-16,0.9613494228010255,0.9872152309801989,0.9527278752568049,0.9785937666893005,4094550
1994-06-17,0.9829040296337915,0.9829040296337915,0.9570381428806187,0.9613492488861084,4137075
1994-06-20,0.9441051872988485,0.9484162082845993,0.9354829788208008,0.9354829788208008,4837725
1994-06-21,0.9311723928015885,0.939794606078105,0.9182398221666881,0.9268612861633301,5935275
1994-06-22,0.9225509288049464,0.939794606078105,0.9139287155284298,0.9268612861633301,10716300
1994-06-23,0.9311725316949631,0.9354836389762646,0.9009955300058382,0.9053066372871399,4598775
1994-06-24,0.8966851082943177,0.9009954659893785,0.8837517873693359,0.8880628943443298,6016275
1994-06-27,0.8880624655750329,0.9484163522720337,0.8621965854934203,0.9484163522720337,7632225
1994-06-28,0.9397945329993933,0.9397945329993933,0.9053064318550067,0.9225508570671082,4849875
1994-06-29,0.9182393746419536,0.9354830435110201,0.8966846012357431,0.9009949564933777,3363525
1994-06-30,0.9009954919433223,0.9009954919433223,0.853574812412262,0.853574812412262,4124925
1994-07-01,0.8578856971113975,0.896684901665669,0.8492634851482792,0.8621968030929565,13996800
1994-07-05,0.8621968030929565,0.8708190150560748,0.8535745911298384,0.8621968030929565,11878650
1994-07-06,0.8621970266106201,0.8621970266106201,0.8492637053130829,0.853574812412262,4853925
1994-07-07,0.853574812412262,0.8708192408089782,0.8449533474938585,0.853574812412262,7640325
1994-07-08,0.849264025023429,0.8751299280759173,0.8449536655815449,0.8708195686340332,4461075
1994-07-11,0.8708191515374888,0.8751295089148395,0.8320199409023091,0.8406421542167664,4465125
1994-07-12,0.8449535713589209,0.8492639303201474,0.8277091383934021,0.8277091383934021,3938625
1994-07-13,0.8233974950638858,0.8837514726616229,0.8190871389037614,0.8794403672218323,13496625
1994-07-14,0.8794401830871672,0.9053060610305217,0.8794401830871672,0.9009949564933777,6565050
1994-07-15,0.9053062505809101,0.9096173560207008,0.8751292617820415,0.8794403672218323,2994975
1994-07-18,0.8880623921614551,0.9053060610305217,0.8837512876243112,0.9009949564933777,3529575
1994-07-19,0.900995082463944,0.9053061876038353,0.8880625163238843,0.8923736214637756,3499200
1994-07-20,0.883751411183993,0.8923736214637756,0.8751292009042105,0.8923736214637756,3655125
1994-07-21,0.8923740163957745,0.8966851234436036,0.8837518023001163,0.8966851234436035,1672650
1994-07-22,0.8966849685287723,0.9311723203933426,0.8966849685287723,0.9225508570671082,4906575
1994-07-25,0.9182390570640565,0.9182390570640565,0.9139279540179306,0.9182390570640564,1672650
1994-07-26,0.912016148123691,0.9206610970163845,0.9033711992309975,0.9163386225700378,3173175
1994-07-27,0.9163379110251836,0.9163379110251836,0.8990487779205928,0.9076929688453674,2622375
1994-07-28,0.9120154399352755,0.9120154399352755,0.9076929688453674,0.9076929688453674,2077650
1994-07-29,0.9163379627203582,0.9552393699963283,0.9163379627203582,0.9249829053878784,3574125
1994-08-01,0.9249822888626175,0.9422714114189148,0.89904822940088,0.9422714114189148,5305500
1994-08-02,0.9422717642876048,0.98981734909084,0.9379492942161751,0.9682057499885559,6449625
1994-08-03,0.9682056556320069,0.9768505949323731,0.9552389979362488,0.9552389979362488,5870475
1994-08-04,0.9465951924388404,0.9465951924388404,0.9163386225700377,0.9163386225700378,4991625
1994-08-05,0.9120151658885969,0.9120151658885969,0.8860810983969827,0.894726037979126,3306825
1994-08-08,0.8947270015939287,0.9163386225700377,0.8774371038085416,0.9163386225700378,3331125
1994-08-09,0.9120154717154624,0.9163379429559917,0.8904038667678834,0.8904038667678833,1676700
1994-08-10,0.8947259791922894,0.8947259791922894,0.8817585706710815,0.8817585706710815,2081700
1994-08-11,0.8817591541853353,0.9120157095026771,0.8817591541853353,0.8990490436553955,2918025
1994-08-12,0.9033702583525611,0.9249826080745946,0.8860811298297767,0.920660138130188,2618325
1994-08-15,0.9206598204098974,0.959560533975212,0.9206598204098974,0.9422714114189148,4297050
1994-08-16,0.9422722198078619,0.9811736345291138,0.9336272754857992,0.9811736345291138,6870825
1994-08-17,0.9854954389077206,0.989817827595949,0.95956135719676,0.9811736345291138,6496200
1994-08-18,0.981173160202845,0.9854949624921729,0.9595608933184592,0.9682057499885559,3829275
1994-08-19,0.9638833633898889,0.9768506901314152,0.9509166209577015,0.9682057499885559,2091825
1994-08-22,0.9682060884442153,0.9682060884442153,0.955239424952036,0.9595612287521362,1237275
1994-08-23,0.9638834512150364,0.9941399097442628,0.9638834512150364,0.9941399097442627,4147200
1994-08-24,0.9941403691699952,0.9941403691699952,0.9725287581110967,0.9854955077171326,2417850
1994-08-25,0.9898175863530319,1.0200741328507585,0.9898175863530319,1.0114291906356812,9264375
1994-08-26,1.0114292147775334,1.046008233208167,1.0114292147775334,1.0373632907867432,9252225
1994-08-29,1.046008385089538,1.046008385089538,1.0157518334763374,1.0243967771530151,2559600
1994-08-30,1.0200744471039203,1.0416860580444336,1.0200744471039203,1.0416860580444336,2251800
1994-08-31,1.037362930313492,1.0676194670195696,1.0330412118595962,1.0632977485656738,6911325
1994-09-01,1.058975646840303,1.0632981180510153,1.0157516859882454,1.0373632907867432,3015225
1994-09-02,1.0373633559804374,1.0373633559804374,1.002785086631775,1.002785086631775,2515050
1994-09-06,0.9984626151494147,1.002785086631775,0.9898176721846942,1.002785086631775,1599750
1994-09-07,1.0071074707831869,1.0157516617432198,1.0027849996756482,1.0114291906356812,1022625
1994-09-08,1.0157515108157082,1.0157515108157082,0.9725283086728174,0.9941399097442627,2330775
1994-09-09,0.981173160202845,0.9854949624921729,0.9638833633898889,0.9682057499885559,3181275
1994-09-12,0.9682057867260541,0.9811731974323772,0.9595609297279378,0.9638833999633789,3189375
1994-09-13,0.9638833633898889,0.9725282200599855,0.9552390910291312,0.9682057499885559,1441800
1994-09-14,0.9638838293577913,0.9811736345291138,0.95956135719676,0.9811736345291138,2585925
1994-09-15,0.9811730478000584,1.0373628985269647,0.9811730478000584,1.0200737714767456,6514425
1994-09-16,1.0200740072139294,1.0416856088347983,1.0114290660636012,1.0287189483642578,7875225
1994-09-19,1.0287193625158917,1.0373635558913297,1.0287193625158917,1.0330418348312378,5052375
1994-09-20,1.0287187106292444,1.0287187106292444,1.0157513019004965,1.0200737714767456,4110750
1994-09-21,1.0200739812809838,1.0200739812809838,0.9898174392789871,0.9941399097442627,5181975
1994-09-22,0.9941401436670545,1.002785086631775,0.985495284175124,1.002785086631775,2182950
1994-09-23,0.9984623814510971,1.0027848519217477,0.985495053511916,0.9898174405097961,4201875
1994-09-26,0.989817827595949,0.989817827595949,0.9768511623680824,0.9811736345291138,2166750
1994-09-27,0.976850578223809,1.0200737714767456,0.976850578223809,1.0200737714767456,6022350
1994-09-28,1.0200741533444622,1.058975642838813,1.0157516821500832,1.0460082292556763,9096300
1994-09-29,1.0373632907867432,1.041685761997455,1.0330415708310934,1.0373632907867432,3128625
1994-09-30,1.033041720829693,1.033041720829693,1.0157518334763374,1.0243967771530151,4801275
1994-10-03,1.020074221306106,1.0243966927884665,0.9984626151494147,1.002785086631775,4959225
1994-10-04,0.9941399097442628,1.0071073211400896,0.9854950522864818,0.9941399097442627,3665250
1994-10-05,0.9898174681863607,0.9898174681863607,0.9552392059641717,0.9768508076667786,6277500
1994-10-06,0.9725283370752662,0.9811732782582909,0.9682058664837538,0.9768508076667786,3503250
1994-10-07,0.9725284777815304,1.0114292162234244,0.9682060065646392,1.0071074962615967,2978775
1994-10-10,1.0027852798790688,1.0330418348312378,1.0027852798790688,1.0330418348312378,6980175
1994-10-11,1.033041073211369,1.0676193237304688,1.033041073211369,1.0676193237304688,5422950
1994-10-12,1.1065208911895752,1.1238100179578012,1.0892317644213492,1.1065208911895752,15432525
1994-10-13,1.115166182052682,1.162711862666655,1.115166182052682,1.1540669202804565,15618825
1994-10-14,1.1497442414174033,1.1497442414174033,1.0935536326460378,1.1238101720809937,8095950
1994-10-17,1.1151665469269056,1.1411006313158818,1.1151665469269056,1.1281332969665527,3772575
1994-10-18,1.12813294337492,1.1367778024073036,1.119488000869751,1.119488000869751,5260950
1994-10-19,1.1151657104492188,1.1238099813974811,1.0978759164614582,1.1151657104492188,2525175
1994-10-20,1.1065209166488468,1.1065209166488468,1.0805868502724234,1.0849093198776245,1348650
1994-10-21,1.063298013671934,1.089232087135315,1.063298013671934,1.089232087135315,3114450
1994-10-24,1.0849096488557979,1.1194879136730398,1.0849096488557979,1.0978763103485107,2869425
1994-10-25,1.09355390955997,1.1540669202804565,1.09355390955997,1.1540669202804565,4831650
1994-10-26,1.152161647064886,1.152161647064886,1.1175106022934445,1.1305046081542969,5408775
1994-10-27,1.13483576612861,1.1564927137502699,1.1305042093077975,1.1521612405776978,4849875
1994-10-28,1.1564931330097457,1.2821045621799751,1.1521616582668988,1.251785159111023,17603325
1994-10-31,1.2474527705583283,1.2474527705583283,1.221464190341079,1.2257957458496094,8930250
1994-11-01,1.2257956789033038,1.2387895918853047,1.217132568359375,1.217132568359375,4900500
1994-11-02,1.2171327374235699,1.2387897639577399,1.1954757108893996,1.2344582080841064,5941350
1994-11-03,1.23012668921455,1.23012668921455,1.2084696620289037,1.212801218032837,4892400
1994-11-04,1.2128014098580056,1.2128014098580056,1.186812822557889,1.1954759359359741,8436150
1994-11-07,1.1911437808238645,1.1911437808238645,1.1651552065802426,1.1694867610931396,2274075
1994-11-08,1.1694866070811991,1.1868120700174034,1.1608234991962665,1.165155053138733,4056075
1994-11-09,1.1824806717980703,1.1998068898496586,1.1608236520673454,1.1694867610931396,8620425
1994-11-10,1.1694866921177562,1.1694866921177562,1.1478290044788195,1.1608235836029053,2828925
1994-11-11,1.1564931217656196,1.1564931217656196,1.1218414914562902,1.1305046081542969,4197825
1994-11-14,1.1391669511795044,1.143498506904766,1.1391669511795044,1.1391669511795044,3896100
1994-11-15,1.1391671283189841,1.1781496302401417,1.1391671283189841,1.173818826675415,9592425
1994-11-16,1.1694867610931396,1.1781491172851732,1.1651552065802426,1.1694867610931396,2189025
1994-11-17,1.169487384212707,1.169487384212707,1.1434987961219945,1.1521612405776978,3616650
1994-11-18,1.1564927137502699,1.1564927137502699,1.1478296837568853,1.1521612405776978,1840725
1994-11-21,1.1521614358665535,1.1521614358665535,1.1305044009258332,1.134835958480835,2545425
1994-11-22,1.1261725824436737,1.1261725824436737,1.0958524394179372,1.104515552520752,7741575
1994-11-23,1.1001840364789337,1.1001840364789337,1.0568699750382344,1.0828585624694824,8867475
1994-11-25,1.0871900642583479,1.0958524244084022,1.0871900642583479,1.0915216207504272,4120875
1994-11-28,1.0828585077662685,1.0958524244084022,1.078526951274189,1.0915216207504272,8085825
1994-11-29,1.087190119180381,1.0958524797680353,1.078527005758584,1.0828585624694824,2162700
1994-11-30,1.0871900791492373,1.1131786656235665,1.0871900791492373,1.104515552520752,8496900
1994-12-01,1.1045148990804878,1.1088464530693116,1.0871894359588623,1.0871894359588623,3811050
1994-12-02,1.0828585077662685,1.0958524244084022,1.078526951274189,1.0915216207504272,2316600
1994-12-05,1.0871894359588623,1.100183345091664,1.0828578819700387,1.0871894359588623,872775
1994-12-06,1.0871900543368997,1.0915216107894505,1.074195384979248,1.074195384979248,1733400
1994-12-07,1.0698638285266975,1.074195384979248,1.0612014684556939,1.074195384979248,1455975
1994-12-08,1.0655332103495962,1.0741955719281644,1.030881505532638,1.039543867111206,2859300
1994-12-09,1.04387547482884,1.0568701470768236,1.0352131128311157,1.0352131128311157,1810350
1994-12-12,1.0352131128311157,1.0395439174128454,1.0265499979991266,1.0352131128311157,1089450
1994-12-13,1.0308812890791645,1.0958523750305176,1.0308812890791645,1.0958523750305176,7381125
1994-12-14,1.091521587644186,1.1564925909042358,1.0871900312834841,1.1564925909042358,10983600
1994-12-15,1.15649267856873,1.2214645232360906,1.15649267856873,1.1954759359359741,8784450
1994-12-16,1.1954761687132227,1.1954761687132227,1.173819133885197,1.178149938583374,2170800
1994-12-19,1.169487489323068,1.1911445225394435,1.165155932112947,1.1824814081192017,2401650
1994-12-20,1.178149938583374,1.1824814961158363,1.1478298723386782,1.178149938583374,4540050
1994-12-21,1.1781498509090806,1.1868129653293225,1.169487489323068,1.1824814081192017,4732425
1994-12-22,1.186811747844554,1.2214634171440544,1.186811747844554,1.2041372060775757,3653100
1994-12-23,1.1954755965344783,1.2128010655377226,1.1911440410751861,1.2084695100784302,1105650
1994-12-27,1.212801384202045,1.2387899709523915,1.2084698276046337,1.2301268577575684,1192725
1994-12-28,1.225796235574163,1.2561156305790764,1.225796235574163,1.2387901544570923,5133375
1994-12-29,1.234458104032737,1.234458104032737,1.221464190341079,1.2257957458496094,1573425
1994-12-30,1.2257957319155994,1.2257957319155994,1.2084695100784302,1.2084695100784302,1848825
1995-01-03,1.2041383331108826,1.2041383331108826,1.1478296837568853,1.1521612405776978,3861675
1995-01-04,1.1564920975544484,1.1738183156060367,1.1564920975544484,1.1694867610931396,4621050
1995-01-05,1.1608234991962665,1.1694866070811991,1.1521604749595182,1.165155053138733,4234275
1995-01-06,1.165155791946815,1.1954759359359741,1.165155791946815,1.1954759359359741,1879200
1995-01-09,1.1954755448334453,1.2257956789033038,1.1954755448334453,1.217132568359375,2128275
1995-01-10,1.2128011815499364,1.2647783463655433,1.2128011815499364,1.2344582080841064,4772925
1995-01-11,1.2387897639577399,1.2474528757050065,1.2171327374235699,1.2344582080841064,3294675
1995-01-12,1.230126652210473,1.2387897639577399,1.2257958491708365,1.2344582080841064,1360800
1995-01-13,1.2387898199335161,1.2950985431671143,1.2301267077947993,1.2950985431671143,10179675
1995-01-16,1.3080931786002563,1.373064263665343,1.3037616223624386,1.3600703477859497,26412075
1995-01-17,1.3427443468422582,1.3600705746840323,1.3037618398666382,1.3037618398666382,17631675
1995-01-18,1.3210870924969613,1.3254186487282784,1.3037616204057525,1.3124240636825562,8158725
1995-01-19,1.3124245099135863,1.342744577359495,1.2994305896356952,1.329750657081604,3697650
1995-01-20,1.2907669919651563,1.3037615765740078,1.2691099643707275,1.2691099643707275,8302500
1995-01-23,1.2647785420097872,1.2821040153503418,1.221464482241344,1.2821040153503418,7636275
1995-01-24,1.2777734980916777,1.316756010055542,1.2734419405769635,1.316756010055542,4872150
1995-01-25,1.2994301497728498,1.3947212920203718,1.2950985935350319,1.3600703477859497,10714275
1995-01-26,1.3588541746139526,1.3588541746139526,1.3458296451551195,1.3588541746139526,3849525
1995-01-27,1.358854279057267,1.37187805495311,1.3458297485973516,1.3675365447998047,3762450
1995-01-30,1.3631960898914686,1.3762198686599731,1.358854578780554,1.3762198686599731,2500875
1995-01-31,1.376219667371383,1.3935849547109211,1.376219667371383,1.3892441987991333,3237975
1995-02-01,1.3935848317756458,1.4196338084927738,1.3935848317756458,1.4152923822402954,6471900
1995-02-02,1.4152924389300703,1.4283162151664672,1.4022679081295808,1.4196338653564453,8286300
1995-02-03,1.4239753317424384,1.5542175034751025,1.4239753317424384,1.51080322265625,28096875
1995-02-06,1.5108026689466074,1.5108026689466074,1.4847542776830127,1.4977788925170898,5524200
1995-02-07,1.5021200569123776,1.510803079936872,1.476071658562725,1.4847546815872192,3333150
1995-02-08,1.4847544869820601,1.497779103652158,1.458706259727478,1.458706259727478,4222125
1995-02-09,1.4587062788257412,1.5021198796978183,1.432657883549182,1.4804130792617798,7237350
1995-02-10,1.4717310667037964,1.4804134199783892,1.4587066145465373,1.4717310667037964,3146850
1995-02-13,1.4673893008258447,1.4847545064213625,1.4673893008258447,1.4804130792617798,1905525
1995-02-14,1.4847549328694791,1.5151447640341231,1.4847549328694791,1.5064617395401,4497525
1995-02-15,1.5021196287842669,1.532509446144104,1.4717304821480686,1.532509446144104,8995050
1995-02-16,1.532509042283746,1.57158186989646,1.515143676484271,1.5542165040969849,3900150
1995-02-17,1.5498754872434932,1.5498754872434932,1.5281686904333505,1.532509446144104,4815450
1995-02-21,1.523827075958252,1.5281686700155461,1.5194856495818652,1.523827075958252,1101600
1995-02-22,1.523827075958252,1.523827075958252,1.5151440555245708,1.523827075958252,2537325
1995-02-23,1.523828272308622,1.6106555265567644,1.523828272308622,1.5802663564682007,7526925
1995-02-24,1.580265246960364,1.5932890241276911,1.5715823934869697,1.5846061706542969,4212000
1995-02-27,1.575924084878647,1.5802655123444278,1.5455342602991315,1.5498758554458618,4823550
1995-02-28,1.5542173397683168,1.5542173397683168,1.5238275140770747,1.541192889213562,3201525
1995-03-01,1.5411923342153466,1.567240555220818,1.5238269653322962,1.5281685590744019,4262625
1995-03-02,1.5238276745828792,1.5498760753932173,1.504291332054882,1.51080322265625,2825550
1995-03-03,1.5238263165168326,1.6215076067392513,1.5173137609956977,1.6149948835372925,7608600
1995-03-06,1.60197228417563,1.660580799296872,1.582435944787603,1.647557020187378,4969350
1995-03-07,1.6475563843094978,1.667092045433909,1.6019716658912688,1.6084835529327393,4104000
1995-03-08,1.5563864707946777,1.5824346788998733,1.5563864707946777,1.5563864707946777,4229550
1995-03-09,1.5563873955781262,1.5563873955781262,1.4912661658977715,1.4977788925170898,6550200
1995-03-10,1.4977780025579879,1.5563864707946777,1.4782415111174665,1.5563864707946777,5672700
1995-03-13,1.5628998639760372,1.5824362065962856,1.5368514630426973,1.5694117546081543,5020650
1995-03-14,1.5563869600698272,1.6475562201409646,1.5563869600698272,1.6410436630249023,7410150
1995-03-15,1.6280206807993507,1.660580799296872,1.6215087912446036,1.647557020187378,4321350
1995-03-16,1.6475566137155033,1.719188890273702,1.6410440550436962,1.680116891860962,5336550
1995-03-17,1.686629530697662,1.69965398311615,1.6605811289036254,1.69965398311615,4257900
1995-03-20,1.6736050844192505,1.6801169726806826,1.6605804694918207,1.6736050844192505,1675350
1995-03-21,1.667092688851619,1.6866291959205926,1.6475570201873777,1.647557020187378,1583550
1995-03-22,1.634532772968458,1.634532772968458,1.5889480313060906,1.6280208826065063,2184300
1995-03-23,1.608484373115815,1.634532772968458,1.601972482753863,1.6280208826065063,1941300
1995-03-24,1.634532616221174,1.6605808458948947,1.6215088367462158,1.6215088367462158,4218750
1995-03-27,1.6149959459797014,1.641044340711394,1.5889477189289434,1.6345324516296387,4484700
1995-03-28,1.6280207535371165,1.6670927633350694,1.6280207535371165,1.6605808734893799,1975050
1995-03-29,1.6605801583924387,1.667092045433909,1.6019716658912688,1.6084835529327393,2207250
1995-03-30,1.6084840568979462,1.6345324516296387,1.5954602787344356,1.6345324516296387,1792800
1995-03-31,1.6149956648464243,1.680116891860962,1.5954600010018645,1.680116891860962,3210300
1995-04-03,1.6475572244162306,1.6540691147781823,1.6280208826065063,1.6280208826065063,5547150
1995-04-04,1.6215086079798315,1.6280204967985976,1.5954602143001304,1.6019721031188965,919350
1995-04-05,1.6019716213778508,1.6019716213778508,1.536850572921179,1.5889471769332886,3657150
1995-04-06,1.588947256678921,1.5954598145898067,1.5759234823042334,1.5824353694915771,1090800
1995-04-07,1.5824359745558938,1.5954604246341857,1.5498758554458618,1.5498758554458618,1841400
1995-04-10,1.5628994287588809,1.6149958807564282,1.556387539940115,1.6019721031188965,4058100
1995-04-11,1.6149959459797014,1.6345324516296387,1.5889477189289434,1.6345324516296387,2029050
1995-04-12,1.6345325703540978,1.6540689097421248,1.6149960632851244,1.647557020187378,1209600
1995-04-13,1.641045278712206,1.7126782794081803,1.641045278712206,1.706166386604309,6994350
1995-04-17,1.7191896556580035,1.7517506190232435,1.6931414215449465,1.69965398311615,3067200
1995-04-18,1.6866292712769075,1.6931411611225973,1.6540689836436904,1.6605808734893799,1937250
1995-04-19,1.6605806786803967,1.6605806786803967,1.6280205625478834,1.6345324516296387,2760750
1995-04-20,1.641044459908845,1.660580799296872,1.6215087912446036,1.647557020187378,1335150
1995-04-21,1.6475569005168862,1.667092567762152,1.6345324516296387,1.6345324516296387,2169450
1995-04-24,1.6280207669955609,1.7191894054412842,1.6215088770960393,1.7191894054412842,2454300
1995-04-25,1.7157958976112517,1.7745118000779738,1.7157958976112517,1.748415470123291,3788100
1995-04-26,1.741891723607146,1.748415470123291,1.7092721510951068,1.748415470123291,2650050
1995-04-27,1.741891971424357,1.7875595474245547,1.741891971424357,1.7745120525360107,2430000
1995-04-28,1.7875598669052124,1.7940836155154378,1.761464200519044,1.7875598669052124,1877850
1995-05-01,1.787559226137592,1.787559226137592,1.7223195795989927,1.728844165802002,3140100
1995-05-02,1.735368101449967,1.7745119272420424,1.7288443544663208,1.7614637613296509,2897100
1995-05-03,1.7549398885844874,1.7614636351006325,1.735367977091001,1.748415470123291,2980800
1995-05-04,1.76146388570232,1.8006078822445322,1.7549401382580478,1.7745120525360107,8953200
1995-05-05,1.7745120525360107,1.7810357999802826,1.7549401382580478,1.7745120525360107,4005450
1995-05-08,1.7679878843776637,1.8136556348535353,1.7614641360063672,1.8071318864822388,3430350
1995-05-09,1.8071310350901086,1.8136547803878784,1.8006072897923386,1.8136547803878784,3785400
1995-05-10,1.8201788009178332,1.833226965431333,1.7940829758496042,1.8006075620651245,4121550
1995-05-11,1.8071312697473996,1.8919421534521719,1.7940829375263672,1.8723702430725098,3584250
1995-05-12,1.8723702430725095,1.8723702430725095,1.846274418561711,1.8723702430725098,4093200
1995-05-15,1.8593234637936404,1.8984666276185205,1.8267038806290443,1.8854191303253174,4266000
1995-05-16,1.898466240351299,1.9702296446470633,1.8919424930354736,1.9637058973312378,10030500
1995-05-17,1.9180392026901245,1.931087375256564,1.9115154523796256,1.9180392026901245,5440500
1995-05-18,1.891942964856713,1.891942964856713,1.839751461437807,1.8462752103805542,3354750
1995-05-19,1.8136550782684802,1.8136550782684802,1.7810355064909287,1.7940829992294312,6227550
1995-05-22,1.807131596603426,1.8397510051727293,1.8006078492785924,1.8397510051727295,4417200
1995-05-23,1.8397504164147676,1.8397504164147676,1.8136547635214437,1.820178508758545,2497500
1995-05-24,1.826703242952019,1.8462744820597725,1.78755925286018,1.7940829992294312,6226200
1995-05-25,1.7940837069616482,1.8462752103805542,1.7940837069616482,1.8462752103805542,2367900
1995-05-26,1.8397507356905214,1.8397507356905214,1.78755925286018,1.7940829992294312,1197450
1995-05-30,1.800607755108001,1.8071315020916472,1.7549400143460048,1.7614637613296509,2215350
1995-05-31,1.7549406006515373,1.8332277744317107,1.7353686812167457,1.8267040252685547,1983150
1995-06-01,1.8267040807523818,1.9637065130392126,1.8267040807523818,1.9441345930099487,6912000
1995-06-02,1.9310865870791294,2.0093737426747182,1.904990924542697,1.9702297449111938,5146200
1995-06-05,1.9637060914366145,2.041993418772912,1.9637060914366145,2.0289459228515625,3817800
1995-06-06,2.0224217697344304,2.055042028427124,2.0224217697344304,2.055042028427124,5313600
1995-06-07,2.048517166733587,2.048517166733587,2.0289459228515625,2.0289459228515625,3951450
1995-06-08,2.0224206797128756,2.028945265491142,2.0028494421717604,2.009373188018799,1957500
1995-06-09,1.996326393172168,1.996326393172168,1.976755142211914,1.976755142211914,1827900
1995-06-12,1.9767539857101368,2.0354692161167445,1.9767539857101368,2.022420883178711,2317950
1995-06-13,2.028945847806139,2.028945847806139,2.0093737647165346,2.015897512435913,2230200
1995-06-14,2.0093740427351685,2.0093740427351685,1.9832783763018622,2.002850294113159,2547450
1995-06-15,1.9963255973326028,2.015897512435913,1.9832781018938461,2.015897512435913,2516400
1995-06-16,2.0028494421717604,2.028945265491142,2.0028494421717604,2.009373188018799,1055700
1995-06-19,2.0158987420445276,2.0811386108398438,2.009374990345951,2.0811386108398438,3412800
1995-06-20,2.0811385159669546,2.12028169631958,2.0485182470835643,2.12028169631958,4904550
1995-06-21,2.139852819581585,2.3029517509932855,2.139852819581585,2.257284164428711,8914050
1995-06-22,2.250758625462132,2.3877618312835693,2.250758625462132,2.3877618312835693,5942700
1995-06-23,2.3747152792964927,2.3747152792964927,2.3290483497170826,2.3420958518981934,3491100
1995-06-26,2.3355713028108274,2.3355713028108274,2.2181401276032755,2.2311882972717285,2396250
1995-06-27,2.224663257598877,2.2833791648414663,2.2181395105520996,2.224663257598877,2029050
1995-06-28,2.211616344329495,2.2246638418496394,2.1855205093576036,2.192044258117676,1614600
1995-06-29,2.1920445806547093,2.2703319291032495,2.185520830934734,2.2507598400115967,2099250
1995-06-30,2.257283518118566,2.2964266725768643,2.244235184016116,2.289902925491333,2003400
1995-07-03,2.2703315856171056,2.3094754219055176,2.2703315856171056,2.3094754219055176,448200
1995-07-05,2.3094755204740642,2.3159992694854736,2.2899036014945278,2.3159992694854736,1772550
1995-07-06,2.309474498286091,2.4138574600219727,2.2703306776523196,2.4138574600219727,4457700
1995-07-07,2.413858436239711,2.5639091934034197,2.4073346874774044,2.5573854446411133,6247800
1995-07-10,2.5508591847622935,2.5508591847622935,2.4921439724916783,2.4986677169799805,5590350
1995-07-11,2.498668841825406,2.498668841825406,2.4595256853293677,2.4660494327545166,8762850
1995-07-12,2.4595265381717106,2.479098459178878,2.3812393581020745,2.4464783668518066,5641650
1995-07-13,2.4334307387050154,2.4530019867311337,2.400810480117798,2.400810480117798,3720600
1995-07-14,2.3747134989530045,2.394285577483215,2.361666006553713,2.3877618312835693,2404350
1995-07-17,2.3942859172821045,2.4138578306037215,2.3877621701566034,2.3942859172821045,2473200
1995-07-18,2.4008109116888865,2.439954926654693,2.381239660144629,2.4269065856933594,5940000
1995-07-19,2.420382277421912,2.420382277421912,2.2833798524831184,2.3159992694854736,5900850
1995-07-20,2.3159992694854736,2.3355713564513376,2.3159992694854736,2.3159992694854736,3530250
1995-07-21,2.322522325251474,2.322522325251474,2.231187682531799,2.2377114295959473,4028400
1995-07-24,2.263807739717276,2.329047408068981,2.2572839912643117,2.3029515743255615,5821200
1995-07-25,2.3029526453698934,2.3420959942238104,2.296428221937336,2.3355722427368164,6826950
1995-07-26,2.355141971054158,2.3747132072490125,2.3420938083126526,2.3486175537109375,3654450
1995-07-27,2.3747134714019484,2.4399532844490692,2.3747134714019484,2.4138574600219727,5559300
1995-07-28,2.4245750315060315,2.4311100814080344,2.37882816769609,2.3918991088867188,3973050
1995-07-31,2.3984353963372866,2.4507173370257513,2.3853652897893465,2.411506175994873,1809000
1995-08-01,2.418040944945181,2.418040944945181,2.3788291154153525,2.3853650093078613,1394550
1995-08-02,2.3853652172904396,2.4049703765164865,2.300406498317589,2.3069422245025635,1688850
1995-08-03,2.28080033921756,2.28080033921756,2.248124237135204,2.261195182800293,2481300
1995-08-04,2.2481240502364437,2.3004059774991146,2.2481240502364437,2.2938709259033203,1031400
1995-08-07,2.3004059758322652,2.3134767521238566,2.2808001479496145,2.2873358726501465,827550
1995-08-08,2.3004066530514056,2.3004066530514056,2.274265765882052,2.2808008193969727,939600
1995-08-09,2.2938718785210854,2.313477714560013,2.2938718785210854,2.3004069328308105,920700
1995-08-10,2.2938709259033203,2.313476753800177,2.2873358743075256,2.2938709259033203,1229850
1995-08-11,2.300405688680112,2.300405688680112,2.2742648124694824,2.2742648124694824,923400
1995-08-14,2.2742650012973478,2.2808000526152505,2.195842029599455,2.2023770809173584,3078000
1995-08-15,2.2023786774639196,2.346154454172356,2.163167668022244,2.3396193981170654,4785750
1995-08-16,2.3265474544398543,2.424576282542813,2.3265474544398543,2.411506175994873,4958550
1995-08-17,2.418041229268843,2.418041229268843,2.352688508922792,2.411506175994873,3430350
1995-08-18,2.4049689729828247,2.4115046953535684,2.3788279345502397,2.3984339237213135,1769850
1995-08-21,2.4049701306127784,2.431111013350943,2.3134770410292016,2.326547145843506,2405700
1995-08-22,2.3265478231794634,2.3265478231794634,2.2808010967918824,2.3004069328308105,2151900
1995-08-23,2.2938709259033203,2.3265468569917664,2.2873358743075256,2.2938709259033203,1460700
1995-08-24,2.3004059774991146,2.3069417022043823,2.2873358743075256,2.2938709259033203,1271700
1995-08-25,2.300406735565961,2.3200125699236467,2.293871681816631,2.3134775161743164,1102950
1995-08-28,2.306942660250288,2.3200127688697383,2.2808010967918824,2.3004069328308105,1236600
1995-08-29,2.3004055636392406,2.3004055636392406,2.228517821412846,2.2481236457824707,1300050
1995-08-30,2.2611956554118344,2.3788294792175293,2.2611956554118344,2.3788294792175293,2853900
1995-08-31,2.378829039293443,2.4441819181411573,2.372293986997012,2.4376468658447266,3716550
1995-09-01,2.418041229268843,2.4311113358167837,2.4049704496112567,2.411506175994873,1698300
1995-09-05,2.4572516943058895,2.6010272008228488,2.444181591459935,2.5748863220214844,3136050
1995-09-06,2.5879574977720865,2.6533095365939063,2.574886719797465,2.61409854888916,4081050
1995-09-07,2.6140986729786997,2.6271687784641915,2.4964638532291263,2.5879576206207275,3867075
1995-09-08,2.5748877871259266,2.6271697427543157,2.5487467251730025,2.6010286808013916,2687175
1995-09-11,2.6402397578035726,2.692521698217251,2.627168978214684,2.679450750350952,3164400
1995-09-12,2.705591677980145,2.718662456956863,2.6533097400150902,2.692521572113037,2704725
1995-09-13,2.705591677980145,2.744803510078092,2.6794506248589163,2.692521572113037,3168450
1995-09-14,2.7186628011250207,2.849367578445481,2.7055920204936115,2.8232266902923584,3150225
1995-09-15,2.8232266902923584,2.8232266902923584,2.7055920204936115,2.8232266902923584,3926475
1995-09-18,2.810155629825538,2.810155629825538,2.7578736904481067,2.7970855236053467,1717875
1995-09-19,2.8101569142409306,3.032355552638987,2.7840158484654287,3.0192854404449463,4105350
1995-09-20,3.0192832941071774,3.0192832941071774,2.9408603208072104,2.96700119972229,3981825
1995-09-21,2.940859317779541,2.9670001877788534,2.9277885462252704,2.940859317779541,2278800
1995-09-22,2.9147200699231015,2.9147200699231015,2.849367185444444,2.8755080699920654,2084400
1995-09-25,2.862438074326671,2.862438074326671,2.8101556301116943,2.8101556301116943,1889325
1995-09-26,2.8101548191036634,2.940860218810021,2.8101548191036634,2.8624372482299805,2867400
1995-09-27,2.7317326366206878,2.7970855236053467,2.7317326366206878,2.7970855236053467,4307850
1995-09-28,2.7840144160387403,2.9277901196900116,2.7840144160387403,2.8885791301727295,3017925
1995-09-29,2.88858061098187,3.032355546951294,2.8493685916984557,3.032355546951294,2260575
1995-10-02,2.9539314676128186,2.9670022482442278,2.7840148532304028,2.8232266902923584,3678750
1995-10-03,2.8362971887739974,2.8493672949955196,2.784014576281613,2.8101556301116943,1651050
1995-10-04,2.7970848286988836,2.7970848286988836,2.653309152506344,2.666379928588867,2257875
1995-10-05,2.640239634147983,2.705591677980145,2.640239634147983,2.692521572113037,2784375
1995-10-06,2.6925231226207034,2.836298745165522,2.6925231226207034,2.7578752040863037,1680750
1995-10-09,2.7578730052834115,2.7578730052834115,2.640239049533283,2.666379928588867,2097225
1995-10-10,2.6010266516430667,2.6140975931160466,2.4311101339234886,2.496462821960449,5399325
1995-10-11,2.5618168490206665,2.653309779042417,2.4049703597088494,2.627168893814087,5621400
1995-10-12,2.5487456686803913,2.6794504194335897,2.5487456686803913,2.61409854888916,2554875
1995-10-13,2.6794498471437764,2.784013692724041,2.6533089698873873,2.744802713394165,2488050
1995-10-16,2.7578736159451993,2.7840145007890253,2.6794506248589163,2.692521572113037,1790100
1995-10-17,2.679450750350952,2.744803638630929,2.627168978214684,2.679450750350952,1526850
1995-10-18,2.70559089267752,2.744802713394165,2.692520790604033,2.744802713394165,3668625
1995-10-19,2.731733485733634,2.7709453310792096,2.6010286808013916,2.6010286808013916,4024350
1995-10-20,2.6010267193937042,2.6010267193937042,2.300405490879042,2.365758180618286,6378075
1995-10-23,2.404969859329412,2.4833933400845933,2.3918997559894306,2.457251787185669,3848850
1995-10-24,2.6140977908121594,2.6533087671458926,2.522604054296493,2.5454771518707275,8853975
1995-10-25,2.5748865133117027,2.6010273940550923,2.4703226537833913,2.483393430709839,2762775
1995-10-26,2.4572528722011153,2.4964645457541814,2.4180417034803825,2.4311118125915527,2176875
1995-10-27,2.4311101339234886,2.5356746367154193,2.39189916055516,2.496462821960449,3210300
1995-10-30,2.500653661679444,2.539931301741037,2.448284149169922,2.448284149169922,2128950
1995-10-31,2.4482839939259837,2.4613760341035724,2.395914316177368,2.395914316177368,3700350
1995-11-01,2.395913792702271,2.579207540495291,2.369728875269114,2.553022623062134,4398975
1995-11-02,2.474468901100294,2.57920826305593,2.4482841448912938,2.539931297302246,3659175
1995-11-03,2.5923023156641887,2.6053943634033203,2.5268398856897814,2.6053943634033203,2239650
1995-11-06,2.61848581577227,2.6446705711085077,2.5530232531924297,2.5923008918762207,3383100
1995-11-07,2.592300849497404,2.592300849497404,2.5137464162130834,2.5661160945892334,3128625
1995-11-08,2.5792081349237015,2.5792081349237015,2.5530232114557223,2.5661160945892334,1109025
1995-11-09,2.553022432374385,2.6446697208250933,2.553022432374385,2.6184849739074707,1404675
1995-11-10,2.5923002520515244,2.605392289368678,2.553022623062134,2.553022623062134,5351400
1995-11-13,2.5792081349237015,2.592300849497404,2.539931171121254,2.5661160945892334,2583900
1995-11-14,2.5399316834351398,2.5399316834351398,2.4351916313171387,2.4351916313171387,3066525
1995-11-15,2.435191110949362,2.435191110949362,2.3828214332007462,2.395914316177368,4184325
1995-11-16,2.409006385857757,2.5792081356048584,2.3828214623828625,2.5792081356048584,4517775
1995-11-17,2.5530237808549354,2.579208710162922,2.513746976852417,2.513746976852417,2090475
1995-11-20,2.618485907624955,2.618485907624955,2.448284149169922,2.448284149169922,3912975
1995-11-21,2.4482839939259837,2.4482839939259837,2.3828214332007462,2.395914316177368,2094525
1995-11-22,2.395914316177368,2.435191110949362,2.3566366786063417,2.395914316177368,3762450
1995-11-24,2.3697290420532227,2.3959139613293026,2.3697290420532227,2.3697290420532227,605475
1995-11-27,2.369729393023157,2.4220990707717727,2.369729393023157,2.395914316177368,1993950
1995-11-28,2.3959139613293026,2.3959139613293026,2.35663632957551,2.3697290420532227,3048300
1995-11-29,2.4351916313171387,2.4875619944958243,2.4090068711274024,2.4351916313171387,3923100
1995-11-30,2.4482841448912938,2.539931297302246,2.4351912611073425,2.539931297302246,5181975
1995-12-01,2.539931099132803,2.539931099132803,2.46137599383571,2.47446870803833,2249100
1995-12-04,2.461375563643904,2.5006530251477517,2.461375563643904,2.487560987472534,3416175
1995-12-05,2.500653661679444,2.5268385864940224,2.4351912653630894,2.448284149169922,2774925
1995-12-06,2.4482837524718093,2.4482837524718093,2.3828211982026075,2.409006118774414,3706425
1995-12-07,2.3959139613293026,2.4090059995678885,2.3697290420532227,2.3697290420532227,1761750
1995-12-08,2.3828224874268438,2.4090074221659887,2.34354567527771,2.34354567527771,2087100
1995-12-11,2.356636269621566,2.356636269621566,2.1733425135912117,2.1995272636413574,10897875
1995-12-12,2.21261961080046,2.2257116455489996,2.1602499547686724,2.173341989517212,5670000
1995-12-13,2.186435058397245,2.186435058397245,2.134065393745283,2.1471574306488037,6152625
1995-12-14,2.160251011811536,2.186435768360151,1.9638643263380064,1.9769563674926758,9300825
1995-12-15,1.9769566194151416,2.0686039532531395,1.9769566194151416,2.055511236190796,8575875
1995-12-18,1.9114945382162187,1.9245865774872142,1.7281999202696658,1.7805702686309814,20380950
1995-12-19,1.832938760198887,1.9900476812035781,1.832938760198887,1.9638627767562866,14187825
1995-12-20,1.9638642266692612,2.2126205811751216,1.9638642266692612,2.1602509021759033,15101100
1995-12-21,2.160250700530179,2.160250700530179,2.081695430844841,2.0947883129119873,6005475
1995-12-22,2.107880352180159,2.160250700530179,2.0686033915766693,2.0947883129119873,5597775
1995-12-26,2.107881784439087,2.1340672292462184,2.0686047971477555,2.107881784439087,3631500
1995-12-27,2.1209745068426527,2.1471592774101467,2.107881784439087,2.107881784439087,2974050
1995-12-28,2.1078803964168555,2.1209731101989746,2.0162337597791975,2.1209731101989746,4674375
1995-12-29,2.1209745068426527,2.1340672292462184,2.094789736275159,2.107881784439087,3100950
1996-01-02,2.0947885084472118,2.199527697885838,2.0947885084472118,2.1602509021759033,2292300
1996-01-03,2.1995272636413574,2.2126201443457627,2.1864352257358393,2.1995272636413574,2469825
1996-01-04,2.1995275387339084,2.1995275387339084,2.1209731101989746,2.1209731101989746,4255875
1996-01-05,2.1340668201446533,2.1471588657988305,2.1078813803572825,2.1340668201446533,7854975
1996-01-08,2.1471574306488037,2.160250310351146,2.134065393745283,2.1471574306488037,1347975
1996-01-09,2.147157702298626,2.1602505836574277,2.081695318222046,2.081695318222046,1623375
1996-01-10,2.05551097425816,2.05551097425816,1.9638643263380064,1.9769563674926758,4506975
1996-01-11,2.0031402111053467,2.0293249535168147,1.9769553001341504,2.0031402111053467,3840750
1996-01-12,2.016234361743935,2.016234361743935,1.9638646708986085,1.9900496006011963,2080350
1996-01-15,2.0031412926011103,2.016234007995056,1.9507716109440605,1.9769563674926758,1892700
1996-01-16,1.9900488570257198,2.1078802381407207,1.8853095144705916,2.081695318222046,3345300
1996-01-17,2.081695214176591,2.291174563055978,2.055510464126445,2.1995272636413574,6056100
1996-01-18,2.2257127765698637,2.2518975336119667,2.1733430939258356,2.212620735168457,3441150
1996-01-19,2.2780812798742516,2.3697283877562976,2.245350350516094,2.3173587322235107,4082400
1996-01-22,2.3173593747615913,2.409006002375445,2.3173593747615913,2.3828210830688477,4504950
1996-01-23,2.3959140898628237,2.5006532669067383,2.382821208122936,2.5006532669067383,3512700
1996-01-24,2.5006536616874486,2.5006536616874486,2.461376190185547,2.461376190185547,4099275
1996-01-25,2.4744685147857073,2.5006532669067383,2.4744685147857073,2.5006532669067383,2929500
1996-01-26,2.47446870803833,2.48756142224095,2.4482839538723056,2.47446870803833,2434725
1996-01-29,2.48756142224095,2.48756142224095,2.46137599383571,2.47446870803833,2072925
1996-01-30,2.465549734925853,2.5442380456623583,2.465549734925853,2.4917795658111572,5972400
1996-01-31,2.491780130743562,2.662269849010454,2.4524360508780974,2.636040687561035,6584625
1996-02-01,2.6098123216083287,2.6229274137161527,2.544239562600894,2.5704689025878906,2535975
1996-02-02,2.5835816289991995,2.5835816289991995,2.531123148763668,2.557352304458618,1229850
1996-02-05,2.5311241463717673,2.5442390670795714,2.4917805661682366,2.518009901046753,2436750
1996-02-06,2.544239562600894,2.6098123216083287,2.544239562600894,2.5704689025878906,2775600
1996-02-07,2.570469096462558,2.596698269582129,2.5311248302459717,2.5311248302459717,2643300
1996-02-08,2.544238987789124,2.544238987789124,2.4786655682135605,2.504894733428955,3389175
1996-02-09,2.5048954882806576,2.5442397544972435,2.4786663151610866,2.5311248302459717,7306875
1996-02-12,2.5835835612001015,2.6229278307040667,2.491781447611151,2.6098127365112305,3957525
1996-02-13,2.570467388842986,2.6098107846941496,2.557352304458618,2.557352304458618,2841075
1996-02-14,2.5704689025878906,2.5966980737291565,2.544239562600894,2.5704689025878906,1638900
1996-02-15,2.544238987789124,2.544238987789124,2.4917804885126422,2.504894733428955,3364200
1996-02-16,2.5048950236887677,2.557353529043985,2.3999781818240438,2.5442392826080322,3746925
1996-02-20,2.4655510951821817,2.4786660178604,2.4130925863893706,2.439321756362915,3374325
1996-02-21,2.4393213898741117,2.518009901046753,2.4262071445490974,2.518009901046753,1975050
1996-02-22,2.5180094889649465,2.6229264736175537,2.5180094889649465,2.6229264736175537,4168125
1996-02-23,2.6229266629542116,2.7147285668263956,2.518009670728143,2.5966973304748535,5198850
1996-02-26,2.583582009645871,2.7671866330984205,2.5704677675574983,2.7016139030456543,4926825
1996-02-27,2.6884982841376597,2.7278425222195892,2.6360399754109096,2.675384044647217,2778975
1996-02-28,2.6884992610860663,2.7409577577208375,2.675385016830162,2.714728593826294,3021975
1996-02-29,2.7016133678562144,2.714727607346657,2.675384044647217,2.675384044647217,3449250
1996-03-01,2.701614094120071,2.7540725857946446,2.688499006875841,2.740957498550415,2916000
1996-03-04,2.7409578122926,2.832760563134007,2.7278435677755946,2.819645643234253,3333150
1996-03-05,2.793417489878699,2.8327617596594594,2.754074064326731,2.7803032398223877,2712150
1996-03-06,2.7671854444503157,2.8065296734259717,2.740956127312128,2.79341459274292,1773225
1996-03-07,2.7671857117974636,2.7803006249020084,2.7278421544030267,2.7540714740753174,1258875
1996-03-08,2.6491556353578707,2.6884990402770064,2.557352893884082,2.6229264736175537,3586275
1996-03-11,2.5704679527831553,2.649155605977081,2.544238622488068,2.636040687561035,2390850
1996-03-12,2.6491555721810696,2.6622698150471407,2.5573528328965835,2.5835821628570557,2157300
1996-03-13,2.557354003365543,2.596698269582129,2.5311248302459717,2.5311248302459717,2412450
1996-03-14,2.544237935139097,2.6884982841376597,2.5311230202661648,2.675384044647217,2892375
1996-03-15,2.6491545330773545,2.7540714740753174,2.6491545330773545,2.7540714740753174,2573775
1996-03-18,2.7409585133667633,2.832761287689209,2.7409585133667633,2.832761287689209,3335175
1996-03-19,2.858989400298125,2.872104318696687,2.714728337135962,2.740957498550415,3229200
1996-03-20,2.7540728462051605,2.7671870904610647,2.6622700971915227,2.714728593826294,2195775
1996-03-21,2.7278434639294202,2.767187040211103,2.662270048846772,2.6884992122650146,3426300
1996-03-22,2.6884992122650146,2.7147285445289375,2.662270048846772,2.6884992122650146,1736775
1996-03-25,2.688497811606166,2.714727130205088,2.6229252749140297,2.6491544246673584,2239650
1996-03-26,2.6229264445276614,2.6753847674265,2.609811357265948,2.636040687561035,1738125
1996-03-27,2.6229274137161527,2.701615095985681,2.5704689025878906,2.5704689025878906,3965625
1996-03-28,2.5835835612001015,2.6360420806681164,2.5704693112360517,2.6098127365112305,1633500
1996-03-29,2.6491558529356185,2.714728593826294,2.636040933296979,2.714728593826294,1910925
1996-04-01,2.701614359039041,2.74095776732738,2.6491558622204128,2.7278435230255127,1831275
1996-04-02,2.7147286033409084,2.7671871001595365,2.701614359039041,2.7278435230255127,949050
1996-04-03,2.7278435230255127,2.754072855857669,2.7147286033409084,2.7278435230255127,1478925
1996-04-04,2.740956392125173,2.7803006249020084,2.7278421544030267,2.7540714740753174,980100
1996-04-08,2.5966971142325743,2.649155605977081,2.557352865521442,2.636040687561035,3482325
1996-04-09,2.6098123216083287,2.662270832736591,2.544239562600894,2.5704689025878906,3134700
1996-04-10,2.544238755354349,2.570468087019195,2.4524361789502263,2.465550422668457,4855950
1996-04-11,2.4524363905434146,2.4655506353931265,2.386862802455176,2.4130921363830566,4101300
1996-04-12,2.439321756362915,2.439321756362915,2.4130925863893706,2.439321756362915,3993300
1996-04-15,2.478664650368505,2.5180088901595727,2.478664650368505,2.4917795658111572,8338275
1996-04-16,2.439320505262639,2.4524355900599994,2.295060144397677,2.321289300918579,9395325
1996-04-17,2.3344035414877577,2.3344035414877577,2.295060144397677,2.321289300918579,6000750
1996-04-18,2.347520351409912,2.373749527205877,2.308176081178684,2.347520351409912,6097950
1996-04-19,2.3606333836369155,2.3999776335683003,2.3606333836369155,2.373748302459717,3712500
1996-04-22,2.3999771244523638,2.426206281151187,2.3737477989079037,2.38686203956604,2561625
1996-04-23,2.3868630654203247,2.5048949966767395,2.3868630654203247,2.478665828704834,3617325
1996-04-24,2.5180094889649465,2.6229264736175537,2.4917801583789596,2.6229264736175537,6144525
1996-04-25,2.6229261915962865,2.7278429961223996,2.5966968638305197,2.6622695922851562,5173200
1996-04-26,2.6491544246673584,2.6753835744206875,2.6229252749140297,2.6491544246673584,2363175
1996-04-29,2.613953024744328,2.653359711223192,2.6008179699255645,2.640223979949951,1510650
1996-04-30,2.627089277566918,2.627089277566918,2.561411627071481,2.574547529220581,1887975
1996-05-01,2.5745469550915394,2.6008177388494502,2.5482760022200237,2.587682008743286,2029725
1996-05-02,2.5745465269524614,2.5745465269524614,2.4694623947143555,2.4694623947143555,2380050
1996-05-03,2.5351406868922095,2.5351406868922095,2.4563281536102295,2.4563281536102295,2481975
1996-05-06,2.48259845040688,2.4957341800628887,2.3775149807491913,2.3906500339508057,2348325
1996-05-07,2.416921326739113,2.416921326739113,2.3775153160095215,2.3775153160095215,2637225
1996-05-08,2.3906499494862063,2.3906499494862063,2.351244114819226,2.3643791675567627,4315950
1996-05-09,2.3906500339508057,2.403785932720413,2.3643792510931827,2.3906500339508057,2509650
1996-05-10,2.430055976129743,2.5745460834473772,2.430055976129743,2.5614101886749268,4839075
1996-05-13,2.5482758635046188,2.5614109164413588,2.522005081176758,2.522005081176758,1924425
1996-05-14,2.56141005904286,2.6139517752245247,2.56141005904286,2.6008167266845703,4860675
1996-05-15,2.6008177388494502,2.613952792501197,2.5745469550915394,2.587682008743286,1932525
1996-05-16,2.495733420629429,2.6139519075157094,2.495733420629429,2.5614101886749268,2243025
1996-05-17,2.5614114802358676,2.5614114802358676,2.548276424407959,2.548276424407959,867375
1996-05-20,2.5614104178471693,2.5614104178471693,2.50886869430542,2.50886869430542,4992300
1996-05-21,2.5088691826720417,2.5482758635046188,2.5088691826720417,2.522005081176758,2974725
1996-05-22,2.5088691826720417,2.5614109164413588,2.5088691826720417,2.522005081176758,4722975
1996-05-23,2.5088693985564228,2.6402238288393605,2.5088693985564228,2.613952875137329,6311250
1996-05-24,2.6139517752245247,2.627087669332172,2.574545953150507,2.6008167266845703,1684125
1996-05-28,2.613952792501197,2.6270886917209655,2.5482760022200237,2.587682008743286,2285550
1996-05-29,2.5745469550915394,2.6008177388494502,2.561411055871771,2.587682008743286,1441800
1996-05-30,2.574545953150507,2.6139517752245247,2.548275010502905,2.6008167266845703,4419900
1996-05-31,2.6008181697422854,2.6008181697422854,2.535140692125521,2.548276424407959,2497500
1996-06-03,2.535140134113498,2.5614109164413588,2.5088691826720417,2.522005081176758,987525
1996-06-04,2.535140692125521,2.548276424407959,2.522005636297612,2.548276424407959,1482975
1996-06-05,2.574545953150507,2.6139517752245247,2.56141005904286,2.6008167266845703,2848500
1996-06-06,2.6008167266845703,2.627087669332172,2.574545953150507,2.6008167266845703,1977075
1996-06-07,2.574546814946075,2.574546814946075,2.5088691826720417,2.522005081176758,2520450
1996-06-10,2.5351402721138596,2.587682008743286,2.5351402721138596,2.587682008743286,708750
1996-06-11,2.5745460834473772,2.5745460834473772,2.508868469834144,2.5614101886749268,2732400
1996-06-12,2.574545953150507,2.653358442866235,2.56141005904286,2.6008167266845703,3875175
1996-06-13,2.6008161791247746,2.6402221620160384,2.5614095197794993,2.627087116241455,3355425
1996-06-14,2.627087669332172,2.627087669332172,2.574545953150507,2.6008167266845703,2021625
1996-06-17,2.6270886917209655,2.640223745372712,2.5745469550915394,2.587682008743286,2450925
1996-06-18,2.6008178210703377,2.627088774772369,2.587682090548907,2.613952875137329,2460375
1996-06-19,2.587682585801471,2.587682585801471,2.535140837455134,2.574547529220581,2977425
1996-06-20,2.5745465269524614,2.58768157841989,2.443191446211617,2.4694623947143555,2644650
1996-06-21,2.495733420629429,2.5614101886749268,2.495733420629429,2.5614101886749268,1840050
1996-06-24,2.561411627071481,2.6008183188369287,2.561411627071481,2.574547529220581,2074950
1996-06-25,2.574545953150507,2.6008167266845703,2.56141005904286,2.6008167266845703,1555875
1996-06-26,2.6008181697422854,2.6008181697422854,2.5088697349015416,2.548276424407959,1698975
1996-06-27,2.5482765704905916,2.587682585801471,2.522005780874244,2.574547529220581,1496475
1996-06-28,2.587682585801471,2.627089277566918,2.561411627071481,2.574547529220581,3611925
1996-07-01,2.5876820852091713,2.6796303384197397,2.5876820852091713,2.666494607925415,3165075
1996-07-02,2.70590052003459,2.7584422432257,2.70590052003459,2.7321712970733643,6019650
1996-07-03,2.7321725360247973,2.7978493392904684,2.7321725360247973,2.771578550338745,4511700
1996-07-05,2.7058995893644915,2.7190346351390744,2.627087116241455,2.627087116241455,3109050
1996-07-08,2.6008177388494502,2.613952792501197,2.5745469550915394,2.587682008743286,1761075
1996-07-09,2.5876804568961798,2.627087116241455,2.5876804568961798,2.627087116241455,1215000
1996-07-10,2.6270885487153914,2.6270885487153914,2.522005081176758,2.522005081176758,1891350
1996-07-11,2.5351405427232447,2.5351405427232447,2.3643795845012052,2.3775153160095215,3698325
1996-07-12,2.3775154427823266,2.456328144898415,2.324973697742812,2.44319224357605,2447550
1996-07-15,2.416920913395912,2.430056642657748,2.259295713639341,2.2724316120147705,3217725
1996-07-16,2.2592957017920057,2.351244115006763,2.0885347736690374,2.3118374347686768,5919075
1996-07-17,2.3906505824519235,2.49573475267409,2.338108835568115,2.4825990200042725,8689275
1996-07-18,2.522005081176758,2.5482758635046188,2.4169209371837432,2.522005081176758,4458375
1996-07-19,2.6008183188369287,2.6008183188369287,2.535140837455134,2.574547529220581,3044925
1996-07-22,2.5745463137949027,2.587681364174825,2.430056193549577,2.50886869430542,1981800
1996-07-23,2.5088697208242987,2.5220056221466636,2.4300571878218418,2.44319224357605,2110050
1996-07-24,2.3775148967486697,2.416920900529243,2.351244114819226,2.3643791675567627,3763125
1996-07-25,2.4300571878218418,2.469463200652623,2.4037863998589,2.44319224357605,2063475
1996-07-26,2.443192329335732,2.49573475267409,2.430057273120464,2.4825990200042725,1742175
1996-07-29,2.482597917091326,2.627088037336652,2.469462190257155,2.50886869430542,3722625
1996-07-30,2.5667860211097335,2.5667860211097335,2.514134028843174,2.5404601097106934,1760400
1996-07-31,2.5799494852146907,2.593112101977253,2.527297492948131,2.5404601097106934,1148175
1996-08-01,2.5272974187075157,2.632601400147278,2.5272974187075157,2.6062753200531006,2310525
1996-08-02,2.6457638023587733,2.737904990495683,2.6457638023587733,2.7247416973114014,3883275
1996-08-05,2.698415449306955,2.7115789111301987,2.619437559331137,2.645763635635376,1358100
1996-08-06,2.632601499557495,2.6457641164304353,2.5536234257611286,2.632601499557495,1538325
1996-08-07,2.6852530040377776,2.737904990495683,2.6852530040377776,2.7247416973114014,2475900
1996-08-08,2.6984143217800987,2.7115777781030195,2.6457625301089625,2.6852517127990723,1465425
1996-08-09,2.6720902919769287,2.724742289885536,2.6457643777568736,2.6720902919769287,907200
1996-08-12,2.672089846395479,2.7115792195460457,2.6457639365653725,2.698415756225586,722925
1996-08-13,2.6720894782675804,2.724741460142514,2.6720894782675804,2.711578845977783,2930850
1996-08-14,2.6984153844708243,2.724741460142514,2.6852527703060933,2.711578845977783,1434375
1996-08-15,2.6852517127990723,2.724740387084046,2.6852517127990723,2.6852517127990723,1597050
1996-08-16,2.711579795912537,2.8300464153289795,2.6984163297940844,2.8300464153289795,4730400
1996-08-19,2.8300464153289795,2.8300464153289795,2.7905577116586704,2.8300464153289795,1713150
1996-08-20,2.830045077720031,2.830045077720031,2.764230489730835,2.764230489730835,1162350
1996-08-21,2.7379050254821777,2.751067640960818,2.6852530383514557,2.7379050254821777,980100
1996-08-22,2.7510670675748563,2.816882503809073,2.724741164230653,2.8037190437316895,1288575
1996-08-23,2.830045670227212,2.830045670227212,2.7115790820009606,2.7247416973114014,1771200
1996-08-26,2.724742289885536,2.724742289885536,2.6720902919769287,2.6720902919769287,1298025
1996-08-27,2.6852531402474704,2.7247418355241613,2.672089846395479,2.698415756225586,1188675
1996-08-28,2.698415756225586,2.698415756225586,2.672089846395479,2.698415756225586,1011825
1996-08-29,2.685252870996554,2.685252870996554,2.6457636712740475,2.6589269638061523,972000
1996-08-30,2.672090028050237,2.672090028050237,2.5667860426340687,2.632601499557495,2104650
1996-09-03,2.5667849681402046,2.6062743274445235,2.5404590675408114,2.593111038208008,1339200
1996-09-04,2.593112854560222,2.593112854560222,2.5404608470127985,2.566786766052246,2868750
1996-09-05,2.5536234043471713,2.5536234043471713,2.514134028843174,2.5404601097106934,2112750
1996-09-06,2.5272964561779334,2.6062743274445235,2.5272964561779334,2.593111038208008,2991600
1996-09-09,2.566785576191108,2.645763635635376,2.566785576191108,2.645763635635376,1642950
1996-09-10,2.606276153017002,2.6589281605644253,2.566786766052246,2.566786766052246,1289250
1996-09-11,2.5404601097106934,2.6589273888802905,2.527297492948131,2.5404601097106934,3015225
1996-09-12,2.5536234043471713,2.5667860211097335,2.527297492948131,2.5404601097106934,4172850
1996-09-13,2.5931120258033005,2.632601400147278,2.5536233293332193,2.6062753200531006,7568775
1996-09-16,2.6062754184692127,2.672090028050237,2.6062754184692127,2.632601499557495,4235625
1996-09-17,2.672088909474598,2.672088909474598,2.5667849681402046,2.593111038208008,2624400
1996-09-18,2.5799494891423707,2.593112105924971,2.474644826575021,2.5272974967956543,3607200
1996-09-19,2.527298226430131,2.5799502339775544,2.527298226430131,2.566786766052246,670950
1996-09-20,2.553622356777327,2.593111038208008,2.553622356777327,2.593111038208008,1682100
1996-09-23,2.5667860250173735,2.593112105924971,2.514134032670657,2.5272974967956543,2439450
1996-09-24,2.540460222135672,2.553623517354676,2.4878082275390625,2.4878082275390625,2354400
1996-09-25,2.5009704153459067,2.5009704153459067,2.421991865282438,2.448317766189575,3986550
1996-09-26,2.461482519348931,2.500971730410738,2.461482519348931,2.4746451377868652,6490125
1996-09-27,2.4483174816039908,2.46148093893271,2.3693396185943336,2.4088289737701416,5478975
1996-09-30,2.435155114275784,2.448317725574174,2.4219918251037598,2.4219918251037598,3529575
1996-10-01,2.4219924404719726,2.4746444242587726,2.4219924404719726,2.461481809616089,5101650
1996-10-02,2.4878084340988016,2.514134348848672,2.461482519348931,2.4746451377868652,2780325
1996-10-03,2.48780755518409,2.579948902130127,2.48780755518409,2.579948902130127,3836025
1996-10-04,2.579949409427397,2.658927310772982,2.579949409427397,2.6062753200531006,4789125
1996-10-07,2.593112022377219,2.645764013027535,2.593112022377219,2.6194379329681396,2842425
1996-10-08,2.619436916989265,2.619436916989265,2.5141329765319824,2.5141329765319824,3429000
1996-10-09,2.5272964857214557,2.5272964857214557,2.421991865282438,2.448317766189575,5448600
1996-10-10,2.4614811842146067,2.4746437955129967,2.369339854694523,2.4219918251037598,4859325
1996-10-11,2.5536241454695787,2.5799502339775544,2.4878088394653752,2.566786766052246,7495200
1996-10-14,2.5799479599884205,2.7115777781030195,2.5667845036654997,2.6852517127990723,7616025
1996-10-15,2.7115789476554077,2.724741562313705,2.6457636712740475,2.6589269638061523,4957875
1996-10-16,2.685252870996554,2.685252870996554,2.6326010566157505,2.6589269638061523,1482975
1996-10-17,2.6720895424711655,2.6720895424711655,2.6326010211543807,2.645763635635376,1960200
1996-10-18,2.6589274111772974,2.672090028050237,2.619438035342153,2.632601499557495,1823175
1996-10-21,2.632601499557495,2.6589274111772974,2.619438035342153,2.632601499557495,1947375
1996-10-22,2.6062748075793483,2.6194374213670777,2.566785441000194,2.579948902130127,1557225
1996-10-23,2.6062753166096266,2.645764013027535,2.593112022377219,2.6194379329681396,4354425
1996-10-24,2.6194374213670777,2.6194374213670777,2.553622827212465,2.579948902130127,4671000
1996-10-25,2.5667849681402046,2.6062743274445235,2.5667849681402046,2.593111038208008,1109700
1996-10-28,2.619438536901568,2.632602003637397,2.540460617451312,2.553623914718628,2157300
1996-10-29,2.5404601097106934,2.5667860211097335,2.514134028843174,2.5404601097106934,1624725
1996-10-30,2.558925942924251,2.6248772144317627,2.558925942924251,2.6248772144317627,2202525
1996-10-31,2.638068437576294,2.6644490183616103,2.638068437576294,2.638068437576294,3593700
1996-11-01,2.6644485886896243,2.6644485886896243,2.6248772144317627,2.6248772144317627,1981800
1996-11-04,2.6248776377224243,2.6512583883281446,2.6248776377224243,2.638068437576294,2681100
1996-11-05,2.6512580709567017,2.7040192262115097,2.6512580709567017,2.690829277038574,3081375
1996-11-06,2.704019923226212,2.8491139866797193,2.6908299706533056,2.8227334022521973,7398675
1996-11-07,3.0073968876357515,3.1788716514412574,2.9942069392085555,3.1393001079559326,15660675
1996-11-08,3.112919531820046,3.1524910753053708,3.0865389556841594,3.1393001079559326,5360850
1996-11-11,3.112920100328588,3.3635366383115257,3.112920100328588,3.337156057357788,5430375
1996-11-12,3.363534095058498,3.4162955567125106,3.178869828370837,3.2184410095214844,8144550
1996-11-13,3.205252756856545,3.218443386743388,3.0997300952474247,3.112920045852661,5925825
1996-11-14,3.0865399385613506,3.2052532482573795,3.0865399385613506,3.1920626163482666,5042925
1996-11-15,3.1788716514412574,3.2052522275771445,3.112919531820046,3.1393001079559326,3389175
1996-11-18,3.1524913311004634,3.1788719093768867,3.139300362680702,3.152491331100464,2218050
1996-11-19,3.1788719093768867,3.231633065929733,3.139300362680702,3.152491331100464,1414125
1996-11-20,3.1524910753053708,3.1656810237325668,3.112919531820046,3.1393001079559326,2613600
1996-11-21,3.0733497880488736,3.099730370886811,2.994207699894228,3.0073976516723633,3906900
1996-11-22,3.0073968876357515,3.1524910753053708,3.0073968876357515,3.1393001079559326,7442550
1996-11-25,3.1261115468072234,3.2184442835389375,3.1129209132449085,3.178873062133789,4035825
1996-11-26,3.2712044505326943,3.2712044505326943,3.1393002071235374,3.1656811237335205,3424950
1996-11-27,3.1788726637208646,3.2052532482573795,3.1656820318117513,3.1920626163482666,2268000
1996-11-29,3.1920626163482666,3.2052532482573795,3.1788726637208646,3.1920626163482666,572400
1996-12-02,3.1920603293164223,3.2316315174102783,3.1788703861392866,3.2316315174102783,1636200
1996-12-03,3.2052532482573795,3.2580144173304095,3.1920626163482666,3.1920626163482666,3618675
1996-12-04,3.178873501029575,3.178873501029575,3.046970203963088,3.0601601600646973,3879225
1996-12-05,3.060158884868503,3.13930062634474,3.0469689342632664,3.112920045852661,1985850
1996-12-06,3.0073957396105846,3.086537777447787,3.0073957396105846,3.0469672679901123,4990275
1996-12-09,3.073349514755346,3.112920045852661,3.073349514755346,3.112920045852661,1002375
1996-12-10,3.1524913311004634,3.1524913311004634,3.1261104131832655,3.152491331100464,1827900
1996-12-11,3.0865395069122314,3.0865395069122314,3.0601589260650113,3.0865395069122314,1195425
1996-12-12,3.0733501441620716,3.1393012692579263,3.0733501441620716,3.0997307300567627,1724625
1996-12-13,3.0469689342632664,3.112920045852661,3.0469689342632664,3.112920045852661,2806650
1996-12-16,3.112920045852661,3.205252756856545,3.0997300952474247,3.112920045852661,2352375
1996-12-17,3.0865375107644706,3.099728132298155,3.007395479765306,3.073347568511963,3183975
1996-12-18,3.139301501087742,3.1788730621337886,3.1129209132449085,3.178873062133789,3242025
1996-12-19,3.218443992667461,3.3107760417727374,3.218443992667461,3.284395456314087,3846150
1996-12-20,3.323967478684824,3.3635380268096924,3.3107768431219347,3.3635380268096924,2432700
1996-12-23,3.3635380268096924,3.389918958294521,3.3503480705287028,3.3635380268096924,2308500
1996-12-24,3.3503480705287028,3.3635380268096924,3.3371574349658135,3.3635380268096924,722250
1996-12-26,3.376727436475756,3.4162983098756508,3.3503468542091595,3.4031083583831787,1171125
1996-12-27,3.3767268081424353,3.469058828894599,3.3767268081424353,3.416297674179077,1852875
1996-12-30,3.4294893061712606,3.4426792590695423,3.389918088912964,3.389918088912964,1663875
1996-12-31,3.363537662147099,3.389918590771803,3.363537662147099,3.3767282962799072,1385100
1997-01-02,3.3239663383843623,3.3503469211782724,3.2052530365300993,3.25801420211792,2888325
1997-01-03,3.2580151148995213,3.3107766349101033,3.2580151148995213,3.297586679458618,1455975
1997-01-06,3.323965669965475,3.350346247454494,3.2975850924764556,3.3107750415802,1523475
1997-01-07,3.297585170599993,3.350346326828003,3.2843945419022176,3.350346326828003,2369925
1997-01-08,3.350346447191961,3.350346447191961,3.2580137411942687,3.271204710006714,1480275
1997-01-09,3.2975850924764556,3.323965669965475,3.2975850924764556,3.3107750415802,1536300
1997-01-10,3.29758608868428,3.3239666741429303,3.258014531214569,3.284395456314087,2086425
1997-01-13,3.3107750415802,3.3371556190692195,3.2975850924764556,3.3107750415802,1582200
1997-01-14,3.3371558703878472,3.5086306559023996,3.3371558703878472,3.4822497367858887,3657825
1997-01-15,3.5086302014889954,3.5745819812774697,3.4954392341779568,3.5613913536071777,4244400
1997-01-16,3.521820689252711,3.521820689252711,3.3767271590655557,3.4294886589050293,4580550
1997-01-17,3.442678275218879,3.614152708505419,3.442678275218879,3.5877721309661865,4240350
1997-01-20,3.574583322702088,3.680106006178423,3.574583322702088,3.6141538619995117,4288275
1997-01-21,3.6405359409595492,3.6669165352760658,3.5745844551682575,3.653726577758789,2065500
1997-01-22,3.6801041352833392,3.6801041352833392,3.6405329368214137,3.6669135093688965,2045925
1997-01-23,3.653726577758789,3.6932971295925827,3.653726577758789,3.653726577758789,2299050
1997-01-24,3.640533421425198,3.640533421425198,3.5350107775480866,3.5613913536071777,1423575
1997-01-27,3.587773276040646,3.6273448342606924,3.574583322702088,3.6141538619995117,3562650
1997-01-28,3.6801071720753056,3.6932971295925827,3.6405359409595492,3.653726577758789,2062800
1997-01-29,3.6537256044355106,3.759248293232159,3.6537256044355106,3.7196767330169678,4262625
1997-01-30,3.7196749744925586,3.838388240451337,3.7196749744925586,3.8120076656341553,4432050
1997-01-31,3.8515789594168264,4.049434329084254,3.838389009007956,3.9571022987365723,4404375
1997-02-03,3.9307198524475098,3.9966712713840673,3.8911486614449378,3.9307198524475098,1691550
1997-02-04,3.957101620785076,3.957101620785076,3.87795921476456,3.9043397903442383,1722600
1997-02-05,4.036243687164851,4.1153857535446265,3.9043397903442383,3.9043397903442383,5296050
1997-02-06,3.9307208895466923,4.062624101862385,3.917530262638469,3.943910837173462,5543775
1997-02-07,3.9702940825733575,4.009865650277574,3.9702940825733575,3.9966750144958496,2077650
1997-02-10,4.062623891810578,4.075813838755381,4.02305269241333,4.02305269241333,1864350
1997-02-11,4.036243527327392,4.062624101862385,3.9043396357302456,3.943910837173462,3102300
1997-02-12,3.9095713068339646,4.147315979003906,3.9095713068339646,4.147315979003906,4311225
1997-02-13,4.22656383347116,4.2793956773320625,4.22656383347116,4.252979755401611,4843125
1997-02-14,4.252979188582919,4.3058110254026225,4.2265632701730675,4.239770889282227,2707425
1997-02-18,4.266185858693808,4.332225980123807,4.239769946160084,4.319018363952637,2999025
1997-02-19,4.3322268488450835,4.43789086026398,4.266186714172363,4.266186714172363,3479625
1997-02-20,4.266186300423908,4.266186300423908,3.9888188500049004,4.0284423828125,4134375
1997-02-21,4.015234417104939,4.015234417104939,3.9095697449046134,3.9491939544677734,2844450
1997-02-24,3.9359883782147542,4.12090054509981,3.9227800747836445,4.107692241668701,4180950
1997-02-25,4.2001457994331295,4.2001457994331295,4.107689771587282,4.134105682373047,2305800
1997-02-26,4.107689771587282,4.147313977861598,3.935986011384138,4.134105682373047,4972050
1997-02-27,4.160526003754393,4.160526003754393,4.054861908500597,4.081277847290039,2260575
1997-02-28,4.081274446075516,4.094482744558857,3.949194522103817,3.962402820587158,2841750
1997-03-03,3.8039055803570276,3.883153655793093,3.8039055803570276,3.8171138763427734,5335875
1997-03-04,3.7906980514526367,3.883153744802344,3.7906980514526367,3.7906980514526367,2103300
1997-03-05,3.803906531895791,3.949194763221385,3.803906531895791,3.922778844833374,2947050
1997-03-06,3.988820571651573,4.107692241668701,3.9227800747836445,4.107692241668701,3794175
1997-03-07,4.186941942543835,4.186941942543835,4.028445969711156,4.081277847290039,1860300
1997-03-10,4.094486156780789,4.147318374455701,4.081277847290039,4.081277847290039,1914975
1997-03-11,4.094484053040148,4.107692015648634,4.02844389990186,4.041652202606201,1151550
1997-03-12,4.015236422876837,4.0416523490509615,3.817115956283301,3.869948148727417,2968650
1997-03-13,3.8699459450824882,3.9359860630087566,3.803905487060547,3.803905487060547,2683125
1997-03-14,3.8171137827223394,3.8171137827223394,3.790697871590101,3.803905487060547,1593000
1997-03-17,3.8039081535421517,3.8039081535421517,3.566164106505712,3.698244094848633,3094200
1997-03-18,3.7246563409461486,3.7246563409461486,3.645408630371094,3.6454086303710938,2311875
1997-03-19,3.64541313020192,3.68503737449646,3.5529566735466585,3.68503737449646,4415850
1997-03-20,3.6718251705169678,3.7114493727701126,3.5793694921494437,3.6718251705169678,2560950
1997-03-21,3.711453676223755,3.7378696149582074,3.6718294280260477,3.711453676223755,2152575
1997-03-24,3.711453310628823,3.711453310628823,3.6189968539735617,3.68503737449646,3605175
1997-03-25,3.711453310628823,3.7378692467611865,3.6586214383640967,3.68503737449646,2182275
1997-03-26,3.671826881051044,3.671826881051044,3.592578779722369,3.6322033405303955,2089125
1997-03-27,3.7246599512156062,3.7246599512156062,3.4604999797270937,3.5265398025512695,4471875
1997-03-31,3.5661637424218373,3.5793720459939613,3.3416273430380032,3.381251573562622,5917725
1997-04-01,3.354834705583155,3.354834705583155,3.249170687315926,3.3416264057159424,8107425
1997-04-02,3.3416260290142072,3.460498333748166,3.2887941958842197,3.4208741188049316,4305150
1997-04-03,3.2755864908544976,3.592578161421766,3.2755864908544976,3.4869141578674316,6293700
1997-04-04,3.4604980231974896,3.65861839994253,3.4604980231974896,3.5925779342651367,3787425
1997-04-07,3.6982430439216443,3.7642835294702963,3.685035422946055,3.724658966064453,2762100
1997-04-08,3.724660024498035,3.724660024498035,3.6322046108210397,3.698244094848633,1621350
1997-04-09,3.685037737489303,3.777493523059886,3.6718294280260477,3.711453676223755,1963575
1997-04-10,3.7378672265956383,3.7378672265956383,3.5793713553660504,3.6057872772216797,4016250
1997-04-11,3.6322028117078546,3.671826346459602,3.4076665006181783,3.4208741188049316,3416175
1997-04-14,3.4208766462526192,3.5265407306761762,3.3680444339928437,3.500124454498291,3256875
1997-04-15,3.6718270818607532,3.698243003716383,3.592578976198054,3.6057872772216797,2083050
1997-04-16,3.5925796693743317,3.5925796693743317,3.3416273430380032,3.381251573562622,5445900
1997-04-17,3.3812495058244587,3.3944574612236345,3.31520938873291,3.31520938873291,8866800
1997-04-18,3.354835124903654,3.4340832335332343,3.328419202059069,3.3944590091705322,7502625
1997-04-21,3.3812483866240353,3.3812483866240353,3.2095443430778143,3.2359602451324463,4118850
1997-04-22,3.2623781608472955,3.275586800218584,3.209546324128272,3.2491705417633057,4224150
1997-04-23,3.2755876964677544,3.354835473229652,3.235963127895087,3.3020036220550537,2972025
1997-04-24,3.34162554485931,3.4340819196326366,3.34162554485931,3.3548338413238525,2571750
1997-04-25,3.4208752871979002,3.4208752871979002,3.262379053482386,3.3020036220550537,2901825
1997-04-28,3.302002093341952,3.5265376969776123,3.249169926530965,3.473705530166626,5952825
1997-04-29,3.5661633416983802,3.6982433017151384,3.5265391156262655,3.618995189666748,8859375
1997-04-30,3.579371940524444,3.9359883042585957,3.566163637341515,3.869948148727417,11666025
1997-05-01,3.843532450058569,3.869948720229635,3.7642846598331228,3.7774922847747803,3607200
1997-05-02,3.8039055803570276,3.8699460399987102,3.7642820527825176,3.8171138763427734,3854925
1997-05-05,3.856738133199158,3.9756104388790074,3.8435305149073087,3.962402820587158,3831975
1997-05-06,3.949192939766877,4.00202509224456,3.9095687403847115,3.9359853267669678,2864025
1997-05-07,3.9095716978927375,3.9227800010756666,3.856739505448621,3.869948148727417,1690200
1997-05-08,3.843530749573574,3.949194763221385,3.830322450283802,3.922778844833374,1429650
1997-05-09,3.8963618863043896,3.9756096203130946,3.8369260857978613,3.909569501876831,1655775
1997-05-12,3.888410269303254,3.954539787161912,3.8619582578261493,3.8751847743988037,1497825
1997-05-13,3.8884094930899464,3.91486115873064,3.822280328988213,3.8487319946289062,1743525
1997-05-14,3.8751847743988037,3.9280881162408763,3.848732762921699,3.8751847743988037,2108025
1997-05-15,3.875182942998081,3.9148600900722577,3.795827627182007,3.795827627182007,1520775
1997-05-16,3.7958264979630743,3.809051982682751,3.742922856305339,3.7693748474121094,2288925
1997-05-19,3.756150007247925,3.79582783763377,3.703246346918773,3.756150007247925,5256225
1997-05-20,3.756151402290016,3.8884100914001465,3.7164738977237928,3.8884100914001465,3918375
1997-05-21,3.9413121805214746,3.9413121805214746,3.835504531860351,3.8355045318603516,3196125
1997-05-22,3.848730944022118,3.9016346014181367,3.795827627182007,3.795827627182007,1092150
1997-05-23,3.809053659439087,3.861956983829211,3.782601997244025,3.809053659439087,1937925
1997-05-27,3.769375968761951,3.8222792856020624,3.769375968761951,3.795827627182007,2444175
1997-05-28,4.139699799692638,4.166151455501727,4.086796147518586,4.100022315979004,21117375
1997-05-29,4.205829279727371,4.205829279727371,4.152925968109743,4.19260311126709,13635675
1997-05-30,4.126475358692215,4.298411846160889,4.1132491868780425,4.298411846160889,52245675
1997-06-02,4.298413506394179,4.311639002204689,4.232283984005076,4.258735656738281,14707575
1997-06-03,4.232283538213031,4.245509032630483,4.179379857762946,4.205831527709961,8987625
1997-06-04,4.166152890586,4.2058307285230425,4.139701225665299,4.152927398681641,8701425
1997-06-05,4.179377623918557,4.19260311126709,4.152925968109743,4.19260311126709,4148550
1997-06-06,4.139699264930656,4.285184034198824,4.139699264930656,4.219054222106934,4308525
1997-06-09,4.2455094798155875,4.2719611525487915,4.1529286252493725,4.258735656738281,6954525
1997-06-10,4.271959502532545,4.31163733686314,4.271959502532545,4.298411846160889,2507625
1997-06-11,4.3248648944798305,4.390994071960449,4.311638718427639,4.390994071960449,4966650
1997-06-12,4.417444229125977,4.483574065056509,4.377767076790752,4.417444229125977,5458725
1997-06-13,4.430670388534421,4.510025714655808,4.417444217050897,4.470347881317139,3628800
1997-06-16,4.483574867248535,4.496800360022586,4.457122860032393,4.483574867248535,1286550
1997-06-17,4.3645421772475546,4.470349196349086,4.3645421772475546,4.430671691894531,2097225
1997-06-18,4.404218998916818,4.483574329943389,4.390992826615746,4.457122325897217,2298375
1997-06-19,4.483574969730614,4.483574969730614,4.364541785927239,4.404219627380371,2142450
1997-06-20,4.43066824479676,4.53647518157959,4.4042165957399995,4.53647518157959,4417200
1997-06-23,4.483574707449272,4.523251865469317,4.364541530609131,4.364541530609131,3597075
1997-06-24,4.4438961710040905,4.4438961710040905,4.28518584888521,4.3976054191589355,5326425
1997-06-25,4.390994071960449,4.470349425493261,4.3248648944798305,4.390994071960449,3815100
1997-06-26,4.390992779540667,4.417444442747283,4.298411958317513,4.384379863739014,4375350
1997-06-27,4.384379673469948,4.417444251043313,4.2984117717791985,4.324863433837891,2409075
1997-06-30,4.351314685068853,4.357927258885715,4.258733202738465,4.285184860229492,3003075
1997-07-01,4.3248640320330844,4.443896527761224,4.285186192901038,4.364541530609131,3236625
1997-07-02,4.390992843816455,4.404219016169337,4.338089176072846,4.3976054191589355,2320650
1997-07-03,4.437283401265734,4.457122148091969,4.338088986022644,4.351315498352051,1879875
1997-07-07,4.430671294645112,4.4637358787260375,4.35131629285089,4.404219627380371,2259225
1997-07-08,4.390992567198525,4.417444229125977,4.371153480196985,4.417444229125977,2133000
1997-07-09,4.417444251043313,4.417444251043313,4.232282276076515,4.324863433837891,4188375
1997-07-10,4.351315841046458,4.364541332749583,4.285185998638937,4.344702243804932,1979100
1997-07-11,4.338087296428203,4.437281673037154,4.324861810917723,4.410830020904541,1844775
1997-07-14,4.384379639731965,4.496799543172284,4.35792797787682,4.470347881317139,2587950
1997-07-15,4.576155185022321,4.814221538084477,4.536478027105296,4.761318206787109,9633600
1997-07-16,4.800996213727745,4.939868504609959,4.701802109447376,4.84067440032959,5674725
1997-07-17,4.840672970836918,5.1977717770142995,4.794382220879573,5.105190277099609,11487825
1997-07-18,5.105192309460218,5.105192309460218,4.893578243984804,4.913417339324951,6142500
1997-07-21,4.847285133334965,4.880349708664533,4.761317237478088,4.853898048400879,3573450
1997-07-22,4.82083388339465,5.105190277099609,4.82083388339465,5.105190277099609,3457350
1997-07-23,5.105191451134634,5.171320963186015,5.058900690531856,5.072126865386963,4048650
1997-07-24,5.045675196788825,5.091965957391603,4.959706592732804,5.072126865386963,2712150
1997-07-25,5.072123310255688,5.1118004447865255,4.999380932041054,5.012607097625732,1345950
1997-07-28,5.012608325589227,5.02583381330222,4.906800677770572,4.946478843688965,1993275
1997-07-29,4.9464793084684375,5.052285944561212,4.886963075666252,5.045673370361328,1979100
1997-07-30,5.0721264513064055,5.177933457617072,5.0655138752527495,5.085351943969727,2000700
1997-07-31,5.0787369096251105,5.111801136113158,4.933251792964446,4.972929954528809,3362175
1997-08-01,4.966320685415757,4.966320685415757,4.807609625475052,4.913417339324951,3973725
1997-08-04,4.913416783141098,4.913416783141098,4.8076090812683105,4.8076090812683105,1769850
1997-08-05,4.834059376132279,4.834059376132279,4.774542462722214,4.820833206176758,2584575
1997-08-06,4.794381547377539,4.847284864975975,4.767929888578322,4.820833206176758,3717900
1997-08-07,4.9200285412352125,4.933254033503554,4.761318206787109,4.761318206787109,2863350
1997-08-08,4.708416719181882,4.7613200711948105,4.582770577038908,4.728254795074463,3986550
1997-08-11,4.728252145141702,4.728252145141702,4.589380923937665,4.695187568664551,3209625
1997-08-12,4.726964020911734,4.773306969215367,4.59455623036131,4.6011762619018555,2064150
1997-08-13,4.627660474786516,4.680623826734848,4.5415955818982665,4.568077087402344,2918025
1997-08-14,4.554836170277838,4.71372657322238,4.5283546637472085,4.680624008178711,3296025
1997-08-15,4.621038892272879,4.621038892272879,4.521732597998993,4.548214435577393,4359825
1997-08-18,4.548215112231538,4.607798488532223,4.395945802027333,4.561456203460693,3184650
1997-08-19,4.5548333135982215,4.700482190049668,4.541592909577155,4.6011762619018555,2854575
1997-08-20,4.627661128931311,4.865996075918641,4.621041092559691,4.8328938484191895,3608550
1997-08-21,4.813031827978091,4.813031827978091,4.7071054620992925,4.71372652053833,2826225
1997-08-22,4.634281354363443,4.680624334967783,4.521734602810354,4.647522449493408,2423925
1997-08-25,4.674003631546054,4.726966985547504,4.640901748382767,4.680624008178711,1324350
1997-08-26,4.660761372824009,4.667381746833954,4.5151124627251145,4.554834365844727,5061150
1997-08-27,4.508492169007278,4.521732576322911,4.395945126953747,4.4753899574279785,4444875
1997-08-28,4.4687695172489885,4.5415939725189824,4.395945061978995,4.462149143218994,2733075
1997-08-29,4.448908379161382,4.528353214263916,4.448908379161382,4.528353214263916,1693575
1997-09-02,4.5548333135982215,4.614417347802878,4.528351823676132,4.6011762619018555,5070600
1997-09-03,4.627660474786516,4.627660474786516,4.561457051966502,4.568077087402344,2025675
1997-09-04,4.515113674038858,4.726966381072998,4.5018725815265945,4.726966381072998,2894400
1997-09-05,4.760067039885433,4.832891841961724,4.667382136939545,4.674002170562744,1867725
1997-09-08,4.76668817765078,4.952059350465412,4.753447087358229,4.8990960121154785,3703050
1997-09-09,4.92557754337995,4.998402006239966,4.83951267202004,4.905716419219971,2596725
1997-09-10,4.905718566141382,4.925579698993318,4.806412220001221,4.806412220001221,1119150
1997-09-11,4.793171805706839,4.813032597618533,4.713727274299097,4.806412220001221,2207250
1997-09-12,4.846131835102308,4.925576311879388,4.773307390449976,4.918956279754639,2124225
1997-09-15,4.965298551086562,4.978539638158265,4.879233360290527,4.879233360290527,2440800
1997-09-16,5.04474464634019,5.253286777571362,4.985160595805448,5.213564872741699,5355450
1997-09-17,5.481688720635699,5.481688720635699,5.293007451681851,5.332729339599609,4431150
1997-09-18,5.362523188356493,5.571065984085941,5.352592627741764,5.451898574829102,3287250
1997-09-19,5.451899284759014,5.481691311422672,5.372454448556067,5.402246475219727,3175650
1997-09-22,5.402246959734541,5.451899773727072,5.402246959734541,5.432038307189941,3411900
1997-09-23,5.422107744391435,5.441969210928566,5.382385834137528,5.432038307189941,2285100
1997-09-24,5.412177890082561,5.749818774131768,5.412177890082561,5.700165271759033,4359150
1997-09-25,5.700165394366537,5.809402283679793,5.521414554868698,5.551206588745117,4206150
1997-09-26,5.660443259240694,5.710096078881665,5.590928629863022,5.6505126953125,1480950
1997-09-29,5.700165271759033,5.710096176797677,5.6107898539325305,5.700165271759033,1994850
1997-09-30,5.710097041868932,5.72002760747188,5.630652176105132,5.680305004119873,3038400
1997-10-01,5.6803041435620685,5.729957645934804,5.590928725735566,5.700165271759033,2493900
1997-10-02,5.779609489572225,5.799470615583924,5.650512170496185,5.739887237548828,1821600
1997-10-03,5.878917922349133,6.286072857172,5.8689870148205525,6.037806987762451,6169500
1997-10-06,6.077525034700925,6.097386151860346,6.0080107837029795,6.057663917541504,2267550
1997-10-07,5.998083603058966,6.008013825726651,5.819332776237743,5.928569316864014,4467600
1997-10-08,5.888845236778812,5.938499067994274,5.789539619988362,5.819331645965576,3519900
1997-10-09,5.759748949477171,5.759748949477171,5.610789143110765,5.720026016235352,3294450
1997-10-10,5.680303423933651,5.7498180456966566,5.630650609731674,5.720026016235352,1460700
1997-10-13,5.799471468032177,5.839194407774587,5.769679433695456,5.789541244506836,952650
1997-10-14,5.779609018982101,5.878915322835077,5.6803030560692225,5.769678115844727,1568250
1997-10-15,5.739886104702295,5.868983739239242,5.6703721773808935,5.799469470977783,1650600
1997-10-16,5.789538845298709,5.958358712193015,5.739885702607419,5.759747505187988,2144250
1997-10-17,5.62072229385376,5.7001668283359885,5.561138892992088,5.62072229385376,2885400
1997-10-20,5.600857130223674,5.710093975067139,5.571065790355504,5.710093975067139,2191950
1997-10-21,5.690233963149302,5.998083114624023,5.660442615691923,5.998083114624023,2655000
1997-10-22,5.998084109418767,5.998084109418767,5.5909289214847355,5.640582084655762,10389150
1997-10-23,5.640581790444149,5.700165174013315,5.481692426652886,5.6505126953125,2796750
1997-10-24,5.819332978403509,5.819332978403509,5.481692440246964,5.580998420715332,2764800
1997-10-27,5.491621968520007,5.561136244020027,4.895785516199888,4.905716419219971,3365100
1997-10-28,4.826271497983389,5.551205244777674,4.647520701761782,5.402246475219727,7904700
1997-10-29,5.402246375774655,5.5313440191404455,5.2036344593934,5.312870979309082,3122100
1997-10-30,5.243358340919979,5.352595242933477,5.183774948120117,5.183774948120117,2368350
1997-10-31,5.402245961870532,5.5412741563094485,5.253286524587303,5.422106742858887,2106450
1997-11-03,5.551205858557443,5.759749045440776,5.531344732545745,5.739887237548828,3498300
1997-11-04,5.739884875325486,6.097386360168457,5.650509845054727,6.097386360168457,5803200
1997-11-05,6.067599539865512,6.464824282519739,6.017947043679217,6.296004295349121,6231150
1997-11-06,6.295999426555127,6.325790764852689,6.087456649072063,6.236415386199951,4107150
1997-11-07,5.938502003759623,6.117252884230101,5.938502003759623,6.037806987762451,3553650
1997-11-10,6.077525981625181,6.166901363707904,5.898775217459734,5.948427677154541,2731950
1997-11-11,5.948430349283394,5.948430349283394,5.799471539524223,5.849125385284424,1267200
1997-11-12,5.726249665659525,5.756074110208886,5.53736299586157,5.55724573135376,4081500
1997-11-13,5.587069378986578,5.756073289186322,5.437947860132003,5.497596740722656,3849300
1997-11-14,5.616891062382448,5.905191944674002,5.587067315722874,5.885309219360352,2497950
1997-11-17,6.163668227072969,6.173609931316028,5.964840285808211,5.9747819900512695,4204350
1997-11-18,5.954902262142155,6.014551159224358,5.845547543610021,5.855489253997803,1728900
1997-11-19,5.835605850249416,6.044374942779541,5.815723112038082,6.044374942779541,1612350
1997-11-20,6.064255363972219,6.342614243864889,6.064255363972219,6.273025035858154,3722850
1997-11-21,6.352556259759647,6.392322401077558,6.123904530946868,6.233259201049805,2681100
1997-11-24,6.193491507154404,6.273023078465743,6.064253471722887,6.123902320861816,1398150
1997-11-25,6.12390726086937,6.203438213714704,5.974785700350997,6.044374942779541,1790100
1997-11-26,6.173611318128211,6.173611318128211,6.084138690329251,6.1139631271362305,1692000
1997-11-28,6.0940819714818035,6.282968299741221,6.0940819714818035,6.133846759796143,561600
1997-12-01,6.22332055775852,6.491738559986232,6.193496790370294,6.41220760345459,2443950
1997-12-02,6.412205331017999,6.521560698805439,6.382381574199084,6.471854209899902,1531800
1997-12-03,6.511618243277307,6.660739725093614,6.392321876970527,6.620973587036133,2655450
1997-12-04,6.650799590994866,6.80986213293334,6.640857883476565,6.710447788238525,2230200
1997-12-05,6.650801139539809,6.780039271636699,6.5812105359526125,6.700507640838623,2502900
1997-12-08,6.75021367851249,6.998748165536484,6.720389239715921,6.909275531768799,2670300
1997-12-09,6.968925241113232,7.038515158346026,6.780038908014653,6.789979934692383,2546100
1997-12-10,6.740271801617492,6.760153850151774,6.581208587123185,6.6905646324157715,1462950
1997-12-11,6.680620148837315,6.710444574486719,6.44202679150725,6.53149938583374,1734750
1997-12-12,6.511616532810459,6.680620015328959,6.4221439402720275,6.591147422790527,1839150
1997-12-15,6.611034870147705,6.700507526631642,6.59115213344263,6.611034870147705,1568700
1997-12-16,6.680624903794656,6.929160823399765,6.6781394763363835,6.700507640838623,1739700
1997-12-17,6.760153009781988,6.879450064511631,6.690563800696777,6.750212669372559,1362150
1997-12-18,6.780035981116633,6.780035981116633,6.501676432351489,6.511618137359619,2056500
1997-12-19,6.332675933837891,6.362500380490043,6.014550778288948,6.332675933837891,5666850
1997-12-22,6.352558135986328,6.561327879733167,6.22331933312087,6.352558135986328,2079000
1997-12-23,6.362496634178543,6.362496634178543,6.173609720970715,6.223316192626953,2055600
1997-12-24,6.203435607798916,6.203435607798916,6.0244903564453125,6.0244903564453125,1432350
1997-12-26,6.044374942779541,6.104023840035789,5.974785700350997,6.044374942779541,1332000
1997-12-29,6.163671646305302,6.362500380490043,6.143788909411268,6.332675933837891,1921500
1997-12-30,6.392321897952364,6.511618264650717,6.342614054561882,6.501676559448242,1444050
1997-12-31,6.56132773035611,6.879452169261261,6.491737134736005,6.670682430267334,2761200
1998-01-02,6.382380641125182,6.521559745384209,6.33267347686456,6.4022626876831055,2741850
1998-01-05,6.402260611820925,6.591147501718027,6.382378571709533,6.432085037231445,3826800
1998-01-06,6.2829643250184875,6.3624958992004395,6.2630816021284295,6.3624958992004395,2425050
1998-01-07,6.322730507669411,6.342613232876665,6.223316199011347,6.292906761169434,2030850
1998-01-08,6.223321357454977,6.322735748516553,6.14379039070361,6.18355655670166,1621800
1998-01-09,6.18355363150431,6.18355363150431,5.547303467988968,5.726248741149902,4158450
1998-01-12,5.567188438296079,5.835606098175049,5.487657140760736,5.835606098175049,4735350
1998-01-13,5.8753691332595155,6.203435897827148,5.8753691332595155,6.203435897827148,3224700
1998-01-14,6.203434609025447,6.223316653061483,5.875367912615688,6.074195861816406,3105000
1998-01-15,6.004608358343376,6.004608358343376,5.726248741149902,5.726248741149902,4561200
1998-01-16,5.726246223302083,5.825660523621853,5.656656690913465,5.785894393920898,7377750
1998-01-20,5.825662871266317,5.84554560281833,5.666600336228197,5.805779457092285,4453200
1998-01-21,5.746131343666808,5.78589680733298,5.646717343190363,5.736190319061279,3302100
1998-01-22,5.656656959705346,5.686480705121041,5.527418226624158,5.547301292419434,2398050
1998-01-23,5.527420498395925,5.567186646330379,5.428006493803904,5.497596740722656,1757700
1998-01-26,5.537360795377448,5.57712659187043,5.477712612604388,5.527419090270996,1827000
1998-01-27,5.467770053170992,5.606949465872599,5.447887328686604,5.547301292419434,3734100
1998-01-28,5.567186090268533,5.84554534358531,5.547303018287267,5.825662612915039,4878900
1998-01-29,5.845544495211987,5.9747825671232135,5.825661767427329,5.865426540374756,2854350
1998-01-30,5.895252090387352,5.994666430769434,5.775955018453257,5.805779457092285,1742400
1998-02-02,5.865425804669375,6.104019873401999,5.865425804669375,6.004606246948242,3945150
1998-02-03,6.014547088353491,6.014547088353491,5.925074485910842,5.964839935302734,2173050
1998-02-04,5.964843204567842,6.1139647454519945,5.915136706895282,6.084140300750732,2477700
1998-02-05,6.123903603565931,6.163668373618127,5.915133953094482,5.915133953094482,1838250
1998-02-06,5.915134254492501,6.113962210615542,5.905192549506506,5.944958686828613,2826000
1998-02-09,6.054314903412431,6.054314903412431,5.974783973552677,5.984724998474121,1623600
1998-02-10,5.974784284803282,6.163670594371071,5.974784284803282,6.143787860870361,2602800
1998-02-11,6.10039942583162,6.170060798614806,6.06059204853149,6.150157451629639,2200950
1998-02-12,6.170061482639776,6.349192308694865,6.110351435064704,6.329288959503174,2716650
1998-02-13,6.2994332871685526,6.319335949901858,6.229770550953157,6.2596259117126465,2270700
1998-02-17,6.279529470706298,6.319335476520809,6.120302030799685,6.199915409088135,1940850
1998-02-18,6.2098678882198515,6.279529941105482,6.170060512763945,6.2596259117126465,1220850
1998-02-19,6.219821781037604,6.329289875774315,6.140207006085519,6.30938720703125,1561950
1998-02-20,6.319337080904648,6.319337080904648,6.18996565000533,6.2397236824035645,2039850
1998-02-23,6.279527284162491,6.279527284162491,6.150154564497027,6.249671936035156,2097000
1998-02-24,6.130254787974268,6.1999161607574536,6.110350757659305,6.150157451629639,2027250
1998-02-25,6.14020497103138,6.219819719596671,6.090446949005127,6.090446949005127,2648250
1998-02-26,6.050637728906048,6.130252453183954,5.980976382654337,6.040687084197998,2665800
1998-02-27,5.961070566997254,6.150153259465517,5.961070566997254,6.010829925537109,3398850
1998-03-02,6.020783956696565,6.120301351846925,5.961073246274494,6.030735969543457,5143950
1998-03-03,6.030736967037573,6.100399018499119,6.010833621381381,6.050639629364014,3132900
1998-03-04,6.030734676410231,6.0406866871231735,5.931217302598767,5.961071968078613,2756250
1998-03-05,5.921268476863199,5.961074486543944,5.831703075924628,5.861558437347412,2591550
1998-03-06,5.871507555660761,6.070542335510254,5.871507555660761,6.070542335510254,2769300
1998-03-09,6.110348430449709,6.150155109259126,6.040687084197998,6.040687084197998,1599300
1998-03-10,6.080493079677878,6.110348430449709,6.000879722059045,6.040687084197998,1753200
1998-03-11,6.120303584651938,6.289482398131685,6.11035156817436,6.2397236824035645,2068200
1998-03-12,6.339241113859806,6.339241113859806,6.209868999630602,6.2397236824035645,2899350
1998-03-13,6.279529941105482,6.359143325357765,6.2596259117126465,6.2596259117126465,2254500
1998-03-16,6.269573218187178,6.40889653600192,6.269573218187178,6.369090557098389,2052900
1998-03-17,6.369093683957919,6.468610388396868,6.329286318852752,6.438755035400391,2640150
1998-03-18,6.458662590155441,6.677599459599912,6.418855203290122,6.617889404296875,3301650
1998-03-19,6.6576917115116085,6.6576917115116085,6.458657662362808,6.54822301864624,1822950
1998-03-20,6.578078942486698,6.617884935814569,6.518368244171143,6.518368244171143,1967850
1998-03-23,6.369093838980557,6.528320569958428,6.309383814863856,6.359141826629639,4239900
1998-03-24,6.3690956757374915,6.488516441739755,6.3690956757374915,6.458661079406738,2103300
1998-03-25,6.508418258617989,6.548225630992033,6.269577441022283,6.319335460662842,2541600
1998-03-26,6.279528227022582,6.32928623693325,6.110348806671665,6.140203475952148,3827700
1998-03-27,6.219818420397373,6.259624419705828,6.070542335510254,6.070542335510254,2545200
1998-03-30,6.030734664659992,6.070541340775222,5.891410614927198,5.90136194229126,2581200
1998-03-31,5.901364195277702,6.070543658349956,5.901364195277702,6.050639629364014,4681350
1998-04-01,6.090446264734172,6.100398278019146,5.91131549224199,5.980977535247803,2904300
1998-04-02,5.961074733958587,6.040689489943611,5.9113167072951125,5.931220054626465,3017250
1998-04-03,5.961071956464105,6.030734664659992,5.86155594950552,5.90136194229126,6933600
1998-04-06,6.130256355043959,6.418855301767961,6.120304337342455,6.30938720703125,10557450
1998-04-07,6.309384185333621,6.309384185333621,6.01083268056078,6.100398063659668,7969050
1998-04-08,6.060593392690773,6.189966201782227,6.040690724621255,6.189966201782227,4180500
1998-04-09,6.249673107417551,6.39894919270371,6.229769082715713,6.359141826629639,3105900
1998-04-13,6.329283211536353,6.40889653600192,6.28947654930357,6.369090557098389,2807550
1998-04-14,6.369093838980557,6.438755192118574,6.329286472906486,6.359141826629639,2513250
1998-04-15,6.090446767569072,6.219819534306567,5.762040551996335,5.811798572540283,9884700
1998-04-16,5.851604760088993,5.881459429700795,5.50329492853621,5.642618656158447,8904600
1998-04-17,5.572956085205078,5.682424784304803,5.543100736967161,5.572956085205078,7631550
1998-04-20,5.652571489147919,5.692378179037084,5.4535373563723635,5.483392715454102,5699700
1998-04-21,5.433633814963287,5.47344084758106,5.3341167459161625,5.3739237785339355,6677550
1998-04-22,5.672473933927683,5.752087296276893,5.582908559620033,5.7122802734375,7526250
1998-04-23,5.692378405254126,5.7819434610640945,5.42368221282959,5.42368221282959,5137200
1998-04-24,5.493344387926393,5.572958109369588,5.4535373563723635,5.483392715454102,3609000
1998-04-27,5.4137300380368485,5.423681367689088,5.214695928365929,5.2744059562683105,4165200
1998-04-28,5.274403989862394,5.423679345630259,5.234597319434882,5.26445198059082,4459500
1998-04-29,5.3341143820524275,5.373921397029342,5.284356040412186,5.294307708740234,3125700
1998-04-30,5.373921683056342,5.712279449213241,5.373921683056342,5.572956085205078,7164450
1998-05-01,5.612763753368176,5.692377464822348,5.582909081361989,5.662522792816162,2684700
1998-05-04,5.642618656158447,5.672474009099836,5.572956963179726,5.642618656158447,3744450
1998-05-05,5.7222343790939565,5.732186053028808,5.582910602341125,5.632668972015381,3514500
1998-05-06,5.592858705375459,5.65256871086122,5.344065649192672,5.363969326019287,2719800
1998-05-07,5.363968864475572,5.413727539763574,5.274403522288901,5.344065189361572,4034250
1998-05-08,5.383873202963824,5.612762263688553,5.383873202963824,5.592859268188477,5166900
1998-05-11,5.5394582561478,5.629125750212027,5.479680154807877,5.5294952392578125,2547900
1998-05-12,5.509570681814166,5.559385776519775,5.459755245054141,5.559385776519775,2871900
1998-05-13,5.549420833187159,5.738718811533803,5.549420833187159,5.71879243850708,5700600
1998-05-14,5.7287559352757675,5.808460403156858,5.639088451666328,5.788533687591553,4827150
1998-05-15,5.808462142944336,6.017686562070791,5.788535421410452,5.808462142944336,5065650
1998-05-18,5.778573327109063,5.808462040665965,5.698868152649052,5.748683929443359,3039300
1998-05-19,5.7287571040767595,5.778572876990697,5.629126242357632,5.649052619934082,3253500
1998-05-20,5.659015448109847,5.748683289063933,5.539458554873974,5.6191630363464355,6950700
1998-05-21,5.61916261870518,5.629125635391946,5.539458143156711,5.579310894012451,4037400
1998-05-22,5.549424085902146,5.569350128553935,5.419904466611018,5.489645957946777,1939050
1998-05-26,5.529494792499352,5.549421166723708,5.370086193084717,5.370086193084717,1374300
1998-05-27,5.300344146886555,5.320270518887015,5.101083163316189,5.210676670074463,3975300
1998-05-28,5.240566353892433,5.320270820246181,5.22064032281757,5.29038143157959,2179800
1998-05-29,5.300344447117021,5.409938302137361,5.260492042912998,5.29038143157959,3193200
1998-06-01,5.260492042912998,5.31030780470875,5.150898872001254,5.29038143157959,2874600
1998-06-02,5.449790691063013,5.449790691063013,5.2804190640861055,5.310308456420898,3517200
1998-06-03,5.350160953898305,5.4398284597407836,5.270456466254503,5.280419826507568,2541600
1998-06-04,5.27045741358854,5.439829437518456,5.250531373609596,5.409940719604492,2656350
1998-06-05,5.449791617598271,5.48964437552304,5.380050488420316,5.479681015014648,1116000
1998-06-08,5.489643993703101,5.688905033032608,5.419902527321461,5.649052619934082,4006350
1998-06-09,5.6390897717021735,5.718793916186639,5.579311663338824,5.668979167938232,2042550
1998-06-10,5.698869167272701,5.748684952936184,5.63909104540723,5.659017086029053,1712250
1998-06-11,5.649053012841333,5.6889054287117045,5.479681015014648,5.479681015014648,2838150
1998-06-12,5.469716688490637,5.479679704561998,5.220640602597973,5.260492324829102,4857750
1998-06-15,5.160862849480759,5.240567678027842,4.961602146330589,5.001453876495361,5623200
1998-06-16,5.01141587748162,5.101083357710806,4.8918590091398455,4.971563816070557,4606650
1998-06-17,4.9317102620520235,5.160860245814222,4.9317102620520235,5.091118812561035,4185450
1998-06-18,5.0612299332957535,5.180786085332125,5.011414527893066,5.011414527893066,2137500
1998-06-19,5.0313425644963345,5.101084023117353,4.88189697265625,4.88189697265625,2925000
1998-06-22,4.891861144342972,5.0213810845704705,4.891861144342972,4.921750545501709,1953900
1998-06-23,4.84204568424007,4.911786816941945,4.7523781715689575,4.7822675704956055,7861500
1998-06-24,4.772302949647465,4.812154670045902,4.752376576366796,4.7623395919799805,5218200
1998-06-25,4.742414302882052,4.772303696453221,4.712524909310883,4.722487926483154,4786650
1998-06-26,4.742415538864056,4.881898499737018,4.702563459788606,4.812156677246094,3496050
1998-06-29,4.90182138688628,5.130972078410199,4.90182138688628,5.051267623901367,3521250
1998-06-30,5.061233867656828,5.250531597586281,5.051270847242355,5.200716495513916,5912550
1998-07-01,5.340197252260451,5.5992370604916495,5.32027156046758,5.539458274841309,8464050
1998-07-02,5.599236011505127,5.629124714622121,5.5294942219969245,5.599236011505127,3771450
1998-07-06,5.728757971947053,5.728757971947053,5.549422940971509,5.589275360107422,4216500
1998-07-07,5.6191634108651565,5.698867897649943,5.589274698645642,5.6789422035217285,3236850
1998-07-08,5.649051954689836,5.878201678262928,5.649051954689836,5.838350296020508,4467600
1998-07-09,5.8483138350826644,5.878202547209955,5.619163393526672,5.668979167938232,3360150
1998-07-10,5.718792577493114,5.808460403156858,5.549420968056889,5.788533687591553,4437450
1998-07-13,5.808460479024941,5.808460479024941,5.678940930810369,5.758645057678223,2248200
1998-07-14,5.639089789102143,5.738720312069529,5.639089789102143,5.6789422035217285,2474550
1998-07-15,5.659014101847676,5.659014101847676,5.55938360922248,5.599236011505127,2826900
1998-07-16,5.609199273800895,5.8782013927118335,5.579310567543845,5.868239402770996,3932100
1998-07-17,5.957905973441228,6.93428482198993,5.908089874420982,6.575614929199219,16553700
1998-07-20,6.4759866823580925,7.332809697797402,6.436134608176916,6.715099811553955,14982750
1998-07-21,6.675247812793476,6.774877305052815,6.5955423034815315,6.7549519538879395,7175250
1998-07-22,6.69517657434222,7.073772805607459,6.575620301801043,6.834659576416016,5246100
1998-07-23,6.615467723206563,6.67524650139217,6.256797790527344,6.256797790527344,4503600
1998-07-24,6.256799874178435,6.446097577183514,6.157169000095569,6.406246185302734,3133350
1998-07-27,6.316576288863871,6.466021859489653,6.07746255493233,6.456058502197266,3944250
1998-07-28,6.4162089350115545,6.4162089350115545,6.06750220280473,6.097391605377197,2851650
1998-07-29,6.137241852657097,6.256798045686739,5.997758259238582,6.03761100769043,2587950
1998-07-30,6.077462268689047,6.13724104141069,6.007720823252824,6.047573566436768,2264850
1998-07-31,6.087426809164014,6.107353528924226,5.947944559603799,5.977833271026611,2310750
1998-08-03,5.977831561483295,5.987794918514075,5.748681874969481,5.908090114593506,2783250
1998-08-04,6.017684743159727,6.077462837366353,5.599236373441822,5.609199047088623,4124700
1998-08-05,5.609198684507938,5.718792192190224,5.499605518879932,5.599236011505127,3681450
1998-08-06,5.579311389225419,6.00772251299898,5.579311389225419,5.967869758605957,2853000
1998-08-07,5.967869171117034,6.3066137875129895,5.908091071575278,6.127278804779053,2795400
1998-08-10,6.0376124931824915,6.047575853773994,5.738720568851857,5.748683929443359,2735100
1998-08-11,5.6353778589353976,5.695223038968631,5.505714786078493,5.6553263664245605,2937600
1998-08-12,5.735121668720222,5.8947073955836675,5.715173153232198,5.814914703369141,1835100
1998-08-13,5.904681824544875,5.974500087798195,5.775018357261877,5.814914703369141,2852550
1998-08-14,5.804935474684814,5.884728100924015,5.515686519699494,5.595479488372803,3399300
1998-08-17,5.585504204046084,5.984468276398324,5.505711252602023,5.9445719718933105,3560400
1998-08-18,5.984470620045016,6.16400474549505,5.874756082123704,6.1540303230285645,2560950
1998-08-19,6.1440612709260245,6.213879534179344,5.814914703369141,5.814914703369141,2516850
1998-08-20,5.8149103927668415,5.834858551032871,5.725142995701428,5.75506591796875,2115900
1998-08-21,5.66529988779662,5.66529988779662,5.495740159190758,5.60545539855957,2654100
1998-08-24,5.685250378171219,5.864784593430639,5.595483270541508,5.715172290802002,1951650
1998-08-25,5.745093297377235,5.924627462920273,5.735119215117537,5.904679298400879,2713950
1998-08-26,5.864781149463975,5.9046774661225525,5.725143013856539,5.735117435455322,3744900
1998-08-27,5.665296874601812,5.675271293270459,5.176565084501785,5.206487655639648,4718250
1998-08-28,5.266336496747552,5.336155773375475,4.98706110240748,5.126698970794678,4749300
1998-08-31,5.116722860030832,5.1965158471633766,4.727732004955404,4.7676286697387695,6255000
1998-09-01,4.767630535114559,4.937190656308775,4.428510635160449,4.847423553466797,8408700
1998-09-02,4.937188241469888,5.3760494565376735,4.88731784341341,4.987058639526367,5257350
1998-09-03,4.707786473088625,5.007009720927748,4.647941275625834,4.907268524169922,3890700
1998-09-04,4.907266030125054,5.007007176190928,4.777602985403853,4.877344131469727,3724650
1998-09-08,5.186543085410598,5.54561147130087,5.186543085410598,5.47579288482666,3805200
1998-09-09,5.386023066008141,5.465816038367609,5.266333436251877,5.445867538452148,3830850
1998-09-10,5.286282722355366,5.296256802579402,5.036929689451942,5.166593074798584,4637700
1998-09-11,5.066851340990494,5.425919532775879,4.957136136263651,5.425919532775879,2711700
1998-09-14,5.46581728861049,5.695222179421957,5.46581728861049,5.625402927398682,2966400
1998-09-15,5.585507092247666,5.954549469482756,5.5456100822442975,5.934601306915283,3661650
1998-09-16,6.223846935445163,6.513095460550449,6.193924367217577,6.473199844360352,9591300
1998-09-17,6.104162873195673,6.303645243935618,5.994447603532135,6.2737226486206055,4192650
1998-09-18,6.353514938310063,6.42333317417776,6.223851521886464,6.413360118865967,6317550
1998-09-21,6.104157852427917,6.283691906911092,5.854804922882614,6.233821868896484,4551300
1998-09-22,6.31361395525991,6.493147994889405,6.303639537561379,6.473199844360352,4361850
1998-09-23,6.493150072522047,6.882140159606934,6.433304916918042,6.882140159606934,4607550
1998-09-24,6.742502739989757,6.862192360627154,6.2637449423083655,6.393408298492432,4905450
1998-09-25,6.363490389598732,6.5330508669430065,6.193930597123155,6.493154525756836,2731500
1998-09-28,6.533051353216368,6.8621979046733275,6.533051353216368,6.622818470001221,4674150
1998-09-29,6.62281694976802,6.692635193579824,6.47320535109208,6.483179092407227,2564550
1998-09-30,6.423331384981429,6.4632283891950335,6.183952784041425,6.283694267272949,3603600
1998-10-01,6.16400707108478,6.17398149731447,5.79496425848377,5.8348612785339355,6218100
1998-10-02,5.824884239975906,6.3435384193374755,5.75506602715434,6.2637457847595215,4062600
1998-10-05,6.2637485939073,6.2637485939073,5.71517158812063,5.8348612785339355,5245200
1998-10-06,5.984471956478456,6.084213463943917,5.7949633662414755,5.904679298400879,5332950
1998-10-07,5.904676942352032,5.994443989305242,5.545608412105086,5.595479488372803,5794200
1998-10-08,5.505715389482759,5.575533974826775,5.046905830764912,5.545611381530762,10701450
1998-10-09,5.615427009895805,6.203900337219238,5.615427009895805,6.203900337219238,6699600
1998-10-12,6.423332744303019,6.772428009489758,6.363488252620659,6.373462677001953,8319150
1998-10-13,6.383437169968071,6.86219516317622,6.303643828665809,6.672686576843262,5556150
1998-10-14,6.672680490218171,6.961928948380853,6.612835367613335,6.792369365692139,6060600
1998-10-15,6.682658746406225,7.081622578821509,6.323590543877399,7.021778106689453,11341800
1998-10-16,7.171387073679457,7.370869946096779,7.021775604234468,7.29107666015625,15813450
1998-10-19,7.071651462894732,7.380849044116041,6.961935529362816,7.301056385040283,11506050
1998-10-20,7.330973747702353,7.490560336715679,6.991853787002202,7.101569652557373,10683450
1998-10-21,7.101570863709391,7.101570863709391,6.672683801586364,6.742502689361572,7932600
1998-10-22,6.762451375915632,7.091596999944308,6.58291727465122,7.021778106689453,4165200
1998-10-23,7.101572854008515,7.340951475706331,7.101572854008515,7.241209983825684,5126850
1998-10-26,7.181365580498418,7.181365580498418,7.031754025860831,7.0915985107421875,2959200
1998-10-27,7.061675305429089,7.101572310046371,6.682659582945732,6.732529640197754,4535550
1998-10-28,6.73252931002258,7.061674959112029,6.712581151126398,7.031753063201904,4216950
1998-10-29,7.021778221084481,7.22126116784436,6.971907484394511,7.051700115203857,4258800
1998-10-30,7.181366319019606,7.6601243019104,7.161418155341048,7.6601243019104,6181200
1998-11-02,7.959347295803964,8.059088797233718,7.819710152618136,7.849632740020752,8520750
1998-11-03,7.81970499072458,8.009212759528632,7.81970499072458,7.869575023651123,3369150
1998-11-04,8.029165262385005,8.587715091313061,7.989268259003021,8.577740669250488,8826300
1998-11-05,8.567766258133599,9.335772664760183,8.398205219170967,9.315824508666992,11530800
1998-11-06,9.17619124984847,9.21608758168131,8.617640549583108,8.627614974975586,9555750
1998-11-09,8.637587746849906,8.687458498482542,8.368286509875828,8.458053588867188,3936150
1998-11-10,8.325010030091581,8.40486593897569,8.165297526911989,8.195243835449219,3978000
1998-11-11,8.265121013277996,8.404868903109891,7.92573191000587,7.935714244842529,3336750
1998-11-12,7.9357125611428065,8.035533146684246,7.825910328294108,7.925730228424072,5341500
1998-11-13,7.965655886795731,8.744254309890417,7.945692597949615,8.704325675964355,4576950
1998-11-16,8.764219984074908,9.09362736250415,8.394886017086701,8.554597854614258,8094150
1998-11-17,8.554601177027493,8.76422338790066,8.325014293298093,8.594529151916504,5938200
1998-11-18,8.624471569370861,8.644435547772765,8.30504722952897,8.315028190612793,3456450
1998-11-19,8.494704032256129,8.5945246020462,8.394884833288794,8.454776763916016,2633850
1998-11-20,8.664402951993898,8.874025134219645,8.444797749292606,8.464761734008789,4054050
1998-11-23,8.744255505822194,9.462961419029186,8.674380558247769,9.45297908782959,6234300
1998-11-24,9.462964555401456,9.642641093254575,9.193449748621777,9.203432083129883,4631400
1998-11-25,9.243357139712025,9.263321803922008,8.943896086910899,8.983824729919434,2419200
1998-11-27,9.063679804742039,9.552799638896044,9.063679804742039,9.423032760620117,2731950
1998-11-30,9.562785136688648,9.722497005155661,9.003790855407715,9.003790855407715,6038100
1998-12-01,8.46476102206907,8.744258155411444,8.46476102206907,8.624473571777344,6267150
1998-12-02,8.784185911992619,9.163502951474142,8.724293964309714,9.023755073547363,4891050
1998-12-03,9.063680552213635,9.063680552213635,8.664400294923691,8.674381256103516,3241800
1998-12-04,8.864040405786158,9.023753611214916,8.754238862200356,8.923933029174805,3182850
1998-12-07,8.943895358709943,9.123571838679293,8.913949735655969,8.973841667175293,2333250
1998-12-08,8.973843345689538,9.093627916544692,8.874023441153163,9.063681602478027,4571100
1998-12-09,9.043716442042223,9.113591394221487,8.80414801698918,8.993806838989258,4052700
1998-12-10,9.103609062364045,9.103609062364045,8.893986262060498,8.993806838989258,3460050
1998-12-11,9.003789268976288,9.482926160778531,8.834095095923718,9.442998886108398,8878500
1998-12-14,9.433014703437639,10.466154409052239,9.343176468166805,9.957071304321289,10238400
1998-12-15,10.061886064963423,10.091832382913012,9.462964503852799,9.94210147857666,5059800
1998-12-16,9.972046469763127,9.972046469763127,9.597720629548826,9.747450828552246,2113500
1998-12-17,10.151719241043509,10.58593754914558,9.912150873855083,10.481125831604004,4335600
1998-12-18,10.301449242555737,10.645829322528478,10.13674629225632,10.63085651397705,4586400
1998-12-21,10.960270959541221,13.251147266658444,10.870432672987604,12.382711410522461,8902200
1998-12-22,12.816925472150825,13.400874221047186,12.218004592293099,13.281091690063477,9653700
1998-12-23,13.625470502313021,13.999798467884926,13.206226141850726,13.850066184997559,9306900
1998-12-24,13.820116106958544,14.568766239816679,13.505682283497427,14.463955879211426,3570900
1998-12-28,14.658607905999885,16.41045390388158,14.5837445201792,15.24255657196045,10118400
1998-12-29,15.242558663506216,15.242558663506216,13.954878640921356,14.239365577697754,12235200
1998-12-30,14.239361994209238,14.239361994209238,13.176275169087745,13.505683898925781,7180200
1998-12-31,13.430825501238456,14.02974657180368,13.236176770175394,13.460772514343262,4955700
1999-01-04,13.475738939856717,14.344174535432114,12.936709382262448,13.176277160644531,8220000
1999-01-05,12.63724898083573,13.161306466181284,12.188057633867086,12.996602058410645,9488400
1999-01-06,13.415846651217754,14.224390925566116,13.415846651217754,14.104605674743652,7461600
1999-01-07,13.715303947700207,13.954874419334336,13.65541270061445,13.894980430603027,7049400
1999-01-08,14.119574218792959,14.583740234375,13.850059529091853,14.583740234375,6481200
1999-01-11,14.853261345665526,15.31742482027663,14.733476073462565,15.07785701751709,7276200
1999-01-12,14.958072537802314,14.973044669503524,14.508881170300743,14.523853302001953,7343400
1999-01-13,13.05649834807623,13.924934190138028,12.996604330246532,13.53563404083252,8399400
1999-01-14,13.775198839702547,13.969847461728971,13.026545864634732,13.131356239318848,4178100
1999-01-15,13.385896821702977,14.359145267364047,13.296058588000271,14.314226150512695,4665000
1999-01-19,15.092829948052787,15.092829948052787,13.954879397597649,14.523853302001953,8011500
1999-01-20,15.212615718346658,15.691751364738606,14.973045153504065,15.302453994750977,8303100
1999-01-21,15.092825979556677,15.107798107321127,13.775199228556682,14.284281730651855,7797000
1999-01-22,13.924925543748571,14.029735897400435,13.550600502153186,13.775196075439453,6578700
1999-01-25,13.99979179554518,14.254331620175588,13.730277104775189,14.134549140930176,5218800
1999-01-26,14.344173795314383,15.422232854878203,14.299254667832557,15.33239459991455,6249000
1999-01-27,15.302442300468515,16.530230225823928,15.272495317337325,16.38050079345703,9739800
1999-01-28,16.455379492277658,16.96446497228027,16.18586461756348,16.575164794921875,8224500
1999-01-29,16.70991955566406,17.114191802978514,16.425432591806477,16.844676971435547,6318300
1999-02-01,16.90456464500747,17.278892548034783,16.650024741592482,16.75483512878418,6141000
1999-02-02,16.694947593794854,16.814730136827986,16.200837064254838,16.440404891967773,6204000
1999-02-03,16.425429694245427,16.530240085251748,16.021157518247424,16.290672302246094,4630800
1999-02-04,16.29067325681798,16.88959412024969,15.871426184934093,15.931320190429688,5466000
1999-02-05,15.991210049182097,16.200833566705086,15.31742310890757,15.826505661010742,5810100
1999-02-08,16.260728148728475,16.275700281023727,15.182668823950896,15.691751480102539,3868800
1999-02-09,15.69175130969966,15.946294005834622,15.04791124494253,15.062883377075195,3825900
1999-02-10,15.05460825704393,15.36918216092246,14.545299041243805,15.099547386169434,6539700
1999-02-11,15.189429845492795,16.47768615101706,15.174451045930399,16.058252334594727,6596400
1999-02-12,16.0282900776849,16.0282900776849,14.904811865297331,15.02464771270752,6502200
1999-02-16,15.57890773326123,15.908460617065431,15.57890773326123,15.90846061706543,4684200
1999-02-17,15.698734274489611,16.4626994411191,15.459059842384935,15.578898429870605,5910300
1999-02-18,15.698735298375212,16.22302606709474,15.249343994577574,16.14812660217285,4402200
1999-02-19,16.148138843825535,16.777287146089765,16.058260514930648,16.55259132385254,5162400
1999-02-22,16.70237998938644,17.49630290608198,16.70237998938644,17.241649627685547,6729900
1999-02-23,17.241648481927886,17.960674618545323,17.211688145279815,17.45136260986328,7673400
1999-02-24,17.496300073286438,17.960672904103017,16.4327425096401,16.537599563598633,7161900
1999-02-25,16.537608537852925,17.016960424254023,15.878500036909944,16.762304306030273,7314000
1999-02-26,16.88214248125977,17.975660940873514,16.447729760899264,17.870803833007812,6430800
1999-03-01,17.73598362459957,17.79590157081812,17.15177473464847,17.421409606933594,6732000
1999-03-02,17.66107749938965,17.97565139886987,17.48132098540095,17.66107749938965,4394400
1999-03-03,17.706015018213645,17.85581118529718,17.511279726718396,17.691036224365234,3912900
1999-03-04,17.765940264293242,18.679704666137695,17.765940264293242,18.679704666137695,5160600
1999-03-05,18.994280422526774,19.503589842054577,18.994280422526774,19.413711547851562,7495200
1999-03-08,19.35379038560051,19.383747983448416,18.874438648492518,19.144073486328125,3821100
1999-03-09,19.159045700116067,19.203984824309355,18.60479741602101,18.769575119018555,5303400
1999-03-10,19.23395495944553,19.60844693766881,18.96432007683648,19.413711547851562,3267900
1999-03-11,19.503581604161017,19.92301255232719,19.368764219800457,19.893054962158203,4863300
1999-03-12,19.89305980467725,20.37240879273486,19.89305980467725,20.132734298706055,7882500
1999-03-15,20.372410492335597,21.076457977294922,20.372410492335597,21.076457977294922,9915000
1999-03-16,21.24123162302012,21.465927293422777,21.211271286010742,21.211271286010742,11265300
1999-03-17,21.30114668310335,21.30114668310335,20.237586405593397,20.716938018798828,7438500
1999-03-18,20.76188640046916,21.765526459362704,20.746907598740812,21.495891571044922,9904500
1999-03-19,21.78050646840334,22.24487671792258,21.22625518624698,21.480911254882812,9061200
1999-03-22,21.810456197533362,21.9003344548623,21.286168191692383,21.361064910888672,5169300
1999-03-23,21.435970412914966,21.435970412914966,20.042857031782127,20.37240982055664,7446900
1999-03-24,20.282528405191584,20.477266482774997,19.174031585585325,20.222610473632812,8930100
1999-03-25,20.22261685808227,21.690629959106445,20.22261685808227,21.690629959106445,5860500
1999-03-26,21.57079327491022,22.739211243967855,21.2711980095804,22.289819717407227,7973400
1999-03-29,22.619364921857766,23.3383911206227,22.619364921857766,22.978878021240234,7161900
1999-03-30,23.068746191044262,23.09870651715806,22.439598542717,22.589397430419922,7677000
1999-03-31,22.88900032875648,23.488190671550562,22.859042731623916,23.038799285888672,6242400
1999-04-01,23.24850266199491,23.278462988108707,22.334741515617814,22.589397430419922,5211600
1999-04-05,23.248518180508373,24.806409549603703,23.128682281794205,24.77644920349121,7448100
1999-04-06,25.165920924473475,27.17320362678619,24.95620400248029,25.705190658569336,12562500
1999-04-07,26.364294790006586,28.16186028153278,26.12461756255825,27.80234718322754,16415100
1999-04-08,27.847282843095844,28.74606547662377,27.20315346048955,28.401531219482422,12644100
1999-04-09,28.581286123820714,30.25901269688395,28.116916037146094,30.199094772338867,10904400
1999-04-12,29.480083974202476,32.3561897277832,29.000732100982958,32.3561897277832,20148300
1999-04-13,35.322157658367026,36.4306571590509,34.39341468520665,36.071144104003906,28456800
1999-04-14,36.670337385079996,37.149689114860365,32.46103712225841,33.13512420654297,28492200
1999-04-15,32.35617983283319,32.37115863142965,27.322996303281364,29.719749450683594,28948500
1999-04-16,29.614887253825554,29.689786719591055,27.50274810218701,27.51772689819336,14324400
1999-04-19,27.352963443247386,27.38292104788771,22.97888436469293,24.446897506713867,29140500
1999-04-20,24.446896356833552,26.184544316093863,23.74284879501289,25.58535385131836,26322300
1999-04-21,26.334332830520655,28.281694412231445,26.004780091640487,28.281694412231445,14525700
1999-04-22,30.918125092772335,30.918125092772335,28.686147124789933,28.955781936645508,15757200
1999-04-23,29.360229135457445,29.360229135457445,28.042015639349565,28.925819396972656,9466800
1999-04-26,29.8845225912726,30.199096513285994,28.40153124463802,28.566308975219727,9794400
1999-04-27,28.401537232103347,28.94080692638379,27.427854925363377,28.43149757385254,12163500
1999-04-28,28.206793801714255,28.266711725210637,26.274411283138647,26.72380256652832,6676800
1999-04-29,26.633928083428163,27.42785096799091,25.884941590704393,26.394250869750977,9985500
1999-04-30,26.843650193590925,27.382919970311733,25.525436098118256,26.304380416870117,8675700
1999-05-03,26.304387974137736,26.304387974137736,25.30074762673902,25.750139236450195,5879700
1999-05-04,25.750113242377083,26.454160301163533,23.997487733733614,24.386960983276367,10811100
1999-05-05,24.401951386055217,25.765104293823242,24.027459492086855,25.765104293823242,14170800
1999-05-06,25.645274554942407,26.12462363553489,24.14730113520416,24.77644920349121,9627000
1999-05-07,24.821392621441003,25.46552234503284,24.207225991984345,24.88131332397461,9011400
1999-05-10,25.202687238148503,26.35643502079913,25.187701647884886,25.861970901489258,8581200
1999-05-11,27.405289801559785,28.19942701623452,26.251539710260204,27.86978530883789,10259700
1999-05-12,28.199417539371563,28.753818137196422,26.850879993754326,28.663915634155273,7617000
1999-05-13,28.798781732806766,28.948618387564636,27.6600143771019,28.049592971801758,6862200
1999-05-14,26.731022424406923,27.180535117958563,25.906913990490413,26.221572875976562,9126000
1999-05-17,25.906911527375538,27.5701083353872,25.187691286073196,27.375320434570312,8766300
1999-05-18,27.98965763422152,28.768812045929536,27.570110629479903,28.22939682006836,9974100
1999-05-19,28.304315113411747,29.00854979431735,27.869785288464346,28.289329528808594,6987000
1999-05-20,28.289327804304612,28.753826026535148,27.929717693471893,27.989654541015625,5064600
1999-05-21,27.7499157365992,28.289330963079145,27.450242439848818,27.66001319885254,5856300
1999-05-24,27.61506341919267,27.61506341919267,25.412451125618006,25.50235366821289,8961300
1999-05-25,25.17270867362112,25.56228722239157,23.030030770794912,23.164884567260742,13262100
1999-05-26,23.16487903124131,26.251532771669584,23.16487903124131,26.071727752685547,16443000
1999-05-27,25.891924830845422,26.341437414714267,24.72319211278643,25.172704696655273,10467300
1999-05-28,25.232648509591126,25.832000681279066,24.87303830402162,25.292585372924805,5901900
1999-06-01,25.05283992491368,25.05283992491368,23.045018385273647,23.854141235351562,12431100
1999-06-02,23.479542386502875,24.30365071305828,21.87628248410597,23.045015335083008,16101600
1999-06-03,23.41960828303985,23.584430497072407,22.71537090701789,23.045015335083008,8318100
1999-06-04,23.344694831736742,24.333622892875386,22.955118939754207,24.213754653930664,6366600
1999-06-07,24.678254852321846,25.891939517190135,24.228742013481742,25.63721466064453,7687200
1999-06-08,26.011803727706646,26.011803727706646,24.468474888406256,24.603328704833984,5954100
1999-06-09,24.633291646551083,25.172706792095994,23.86912019036245,24.078893661499023,5847300
1999-06-10,23.61439271283492,23.9590199303081,22.925141021495556,23.554458618164062,6409800
1999-06-11,23.614390357146025,24.06390288135316,22.550545878926943,22.595497131347656,9195600
1999-06-14,22.325802572988017,22.475639253475084,19.40396947003626,20.12318992614746,19027800
1999-06-15,20.07823177091997,20.93230577003482,19.179206508693813,19.508848190307617,17174100
1999-06-16,20.377904948618852,21.696477157071016,20.317970845910065,21.366832733154297,12068100
1999-06-17,21.321882083903706,22.16097326401409,20.69256438472278,20.93230628967285,10910400
1999-06-18,21.097118226089517,21.57659912109375,20.79744506736752,21.57659912109375,5831100
1999-06-21,21.62155457125365,23.839148997359388,21.57660331434876,23.554458618164062,10294200
1999-06-22,23.56943687538151,24.0039665222168,22.460641249618494,22.475624084472656,12039600
1999-06-23,22.17595690145188,23.35967539772832,21.951200572235788,23.28475570678711,8241000
1999-06-24,23.0749834937936,23.119934762121513,22.086055590579477,22.116024017333984,6057900
1999-06-25,22.53555992931302,22.835235855069968,21.12708829110804,21.456729888916016,7078200
1999-06-28,21.456731669292452,22.88018900524126,21.27692664764026,22.7303524017334,7532700
1999-06-29,22.77531156900351,24.12384969986014,22.53556962777932,24.003978729248047,8937300
1999-06-30,23.824168971233856,26.341439654986868,22.895175304360663,26.13166618347168,17413200
1999-07-01,25.77206177883823,25.86196432311744,24.161308775038314,24.7531681060791,13016100
1999-07-02,24.932958602905273,25.022861094570068,24.243704337737636,24.932958602905273,4367850
1999-07-06,25.112762875937165,26.461300212766616,24.813086997661877,25.652177810668945,8220600
1999-07-07,25.652192729901135,25.772060956041233,25.05284062476931,25.412450790405273,6880650
1999-07-08,25.29258084301013,26.161637769618505,25.052838919829604,25.532320022583008,5022600
1999-07-09,26.011791536314302,26.131659710108554,25.56227902556928,25.951854705810547,3612300
1999-07-12,26.37140683392863,26.37140683392863,25.532315731048584,25.891925811767578,4224150
1999-07-13,25.352516677335224,25.562290188492142,24.453491263245322,25.412450790405273,4717350
1999-07-14,25.472380565521675,25.652185598352165,24.992899563438016,25.622217178344727,3194400
1999-07-15,25.861974536191227,27.09064495562291,25.742106258887407,26.55122947692871,6885900
1999-07-16,26.10170240916247,26.611149170181918,24.9629351876731,25.14274024963379,9010350
1999-07-19,25.142738239335866,25.142738239335866,23.494527132217957,23.73426628112793,8548950
1999-07-20,23.644371267349,23.734273819696334,22.415703966471483,22.65544319152832,6846000
1999-07-21,22.53557220719582,23.254792625974495,21.84632022040231,22.65544319152832,4710450
1999-07-22,23.015043622324903,23.614392802120616,22.565531051576368,23.10494613647461,4144500
1999-07-23,23.045022614960782,23.314730281155608,22.08606019497367,22.41570472717285,3138600
1999-07-26,21.636543618279894,22.59550586985882,21.6065779341484,21.876285552978516,3194550
1999-07-27,22.235890056314418,22.565531703179758,21.696474955840003,21.846311569213867,4492950
1999-07-28,21.57660647957606,23.13491786208124,21.336867322116568,23.045015335083008,5787600
1999-07-29,22.175953992401578,22.62546659186652,21.576604774317374,21.988658905029297,5225100
1999-07-30,21.87628292336297,21.906248603892475,20.857386682388633,21.127094268798828,2895300
1999-08-02,20.857385251327077,22.02611804558247,20.168133492327595,20.347938537597656,4663950
1999-08-03,20.13816580169042,20.168134224859674,17.501024127409462,18.10037612915039,15904800
1999-08-04,17.74076271057129,18.400045948244628,17.501020857229307,17.74076271057129,10246500
1999-08-05,18.10037479828558,20.018293380737305,16.901673626547883,20.018293380737305,11220300
1999-08-06,19.658683578572305,20.018293660763305,18.699724273932034,19.269107818603516,7698600
1999-08-09,19.359011703725724,19.598750860882685,18.459986434877894,18.63979148864746,6205800
1999-08-10,18.826859150642345,18.946773615360147,17.567738058442263,18.227275848388672,5979750
1999-08-11,18.347190856933594,18.796876907348633,17.777587611519266,18.347190856933594,5857050
1999-08-12,18.67696722301345,20.385774901762147,18.497092730513586,19.666276931762695,7998000
1999-08-13,21.045312594621308,21.16522982059062,20.595626428069572,21.075292587280273,4231800
1999-08-16,21.195209709781974,21.225189706176835,20.145942771964453,20.65558624267578,3664650
1999-08-17,21.584930695960523,21.82476234436035,20.865433006095174,21.82476234436035,5784450
1999-08-18,20.98535731618272,21.165231799622383,20.415753870401527,20.89542007446289,8258700
1999-08-19,20.14593505859375,20.745515544258524,19.906103413261008,20.14593505859375,3797250
1999-08-20,20.055999990147694,20.59562330826826,20.026020002030062,20.475706100463867,3701550
1999-08-23,21.195209147949324,21.554958116484062,20.595628448613702,20.625608444213867,4747050
1999-08-24,20.685565991858873,20.685565991858873,19.546361823138206,19.816173553466797,6707100
1999-08-25,20.14594475896251,20.44573651847898,19.876132998797832,20.38577651977539,3781200
1999-08-26,20.86543658712636,21.584934400475547,20.625604897565413,20.685562133789062,6199950
1999-08-27,20.415746688842773,20.415746688842773,19.726228993094992,19.78618621826172,4770450
1999-08-30,19.486394603096414,19.516374588012695,18.347190856933594,18.347190856933594,5403900
1999-08-31,18.70695127206881,19.276554869921622,18.227284939947097,18.9467830657959,4549800
1999-09-01,19.18660935304267,19.366483807150363,18.377174309558054,18.736923217773438,3869850
1999-09-02,18.25725178535168,19.00672937451572,18.107357365385095,18.706937789916992,3435600
1999-09-03,19.636299286395843,20.205900004799037,19.366487553046895,19.966068267822266,4667850
1999-09-07,19.906112841284397,20.08598734664339,19.45642657788691,19.546363830566406,2725650
1999-09-08,18.706933947576992,19.33649422465891,18.587016789434962,18.61699676513672,4763550
1999-09-09,18.4671135215106,18.527070764435425,17.357886687068138,18.37717628479004,7830750
1999-09-10,19.006733592385213,19.03671083623158,18.077381395158337,18.227275848388672,4989450
1999-09-13,18.107361449937414,18.107361449937414,17.567738122733974,17.687652587890625,4589400
1999-09-14,17.567737871560464,18.04740121466145,17.297926211816357,17.44782066345215,5315850
1999-09-15,17.417846096259865,18.197304074557426,17.297931595496387,17.477806091308594,6171900
1999-09-16,17.4178462714884,17.777595266731996,16.90820277644898,17.71763801574707,6128100
1999-09-17,18.197294422097194,18.22727165905363,17.29792242009347,17.357879638671875,5479200
1999-09-20,17.477802187925928,18.017425554846454,17.387864960105837,17.927488327026367,3365100
1999-09-21,17.687656262559358,18.1673224568367,17.2679500579834,17.2679500579834,3736500
1999-09-22,17.207994753480538,17.47780650356298,16.96816025696255,17.178014755249023,3990150
1999-09-23,17.17800327079006,17.537752030387757,16.93817167928,16.99812889099121,7233900
1999-09-24,16.87822096331371,16.998138197053077,16.63838924050169,16.848243713378906,5748750
1999-09-27,16.908201201587026,17.148032927855372,15.888911561779741,16.128746032714844,6423000
1999-09-28,15.888903071452773,16.09875743521741,15.409239875226884,15.94886302947998,6362250
1999-09-29,15.94887742726532,17.327913792165937,15.649085600489295,16.608415603637695,9351300
1999-09-30,16.06878798396893,16.3086224838792,15.349289973572306,16.03881072998047,8594850
1999-10-01,15.948865480797672,16.188697115772392,15.34928227636229,15.619093894958496,5778600
1999-10-04,15.589124676101427,16.308622695849692,15.199395667182074,16.188705444335938,6801750
1999-10-05,16.06878598283844,17.2379701041283,15.858934252384758,16.30862045288086,8793450
1999-10-06,16.428542572440723,17.088083554339665,16.3685852994201,16.728334426879883,6985950
1999-10-07,16.818266041936596,17.927493059413248,16.818266041936596,17.148035049438477,9558900
1999-10-08,15.828948974609375,16.398552220023703,15.499180119193625,16.0987606048584,10222500
1999-10-11,15.828964280596164,16.128756185648466,15.709046969641546,16.068796157836914,6178500
1999-10-12,15.619092327120406,15.828946702074266,15.109449124707252,15.229366302490234,5540850
1999-10-13,14.869614689422928,14.98952909976353,13.400639833098742,13.460597038269043,12042450
1999-10-14,14.09016975802225,14.359981536865234,13.73042071956494,14.359981536865234,9910050
1999-10-15,13.430637708131714,14.240073407724434,12.920991178609096,13.64048957824707,9680550
1999-10-18,13.970246546853977,14.06018375049324,13.160811714100614,13.31070613861084,6468600
1999-10-19,13.730413157783914,14.659765243530273,13.670455932617188,14.210079193115234,7335900
1999-10-20,14.329999502184442,14.569831199635308,13.700438894792795,14.44991397857666,6099750
1999-10-21,14.270037658880913,14.270037658880913,13.730414351469458,14.180100440979004,4919100
1999-10-22,14.479888744511117,15.768989485515494,14.180097172386382,15.229366302490234,10666800
1999-10-25,15.229369473632776,15.229369473632776,14.569828975491408,14.749703407287598,4220250
1999-10-26,14.86962724736743,15.319313527583509,14.749709991087396,14.929584503173828,3405300
1999-10-27,15.169414121663173,16.308621033237475,14.98953963506374,16.248661041259766,5687700
1999-10-28,17.267950135708503,17.927490812725175,16.968158419852422,17.867530822753906,11627400
1999-10-29,18.137336177729622,18.94677105624316,18.017421729208515,18.46710777282715,10265550
1999-11-01,18.67696516403968,18.976756866712325,17.747615551687765,18.646987915039062,6013050
1999-11-02,18.37717671837753,19.36648634564527,18.37717671837753,18.766902923583984,7577400
1999-11-03,19.006731025169508,19.06668824943006,18.017421729208515,18.46710777282715,5316750
1999-11-04,18.40714808210032,20.14593505859375,18.377170841849875,20.14593505859375,8347350
1999-11-05,20.05599983607497,20.865434807037637,19.09667041500792,19.246564865112305,10597050
1999-11-08,19.066688813236254,19.54635485550189,19.00673158720275,19.306520462036133,3226200
1999-11-09,19.253259834653946,19.313237922047165,18.23361587524414,18.23361587524414,4585350
1999-11-10,18.263606291751174,19.103313243360475,18.23361587524414,18.23361587524414,4045350
1999-11-11,18.443550894103076,18.443550894103076,17.66382445443775,17.72380256652832,3708450
1999-11-12,19.13330343087438,20.572799682617188,18.713451272656467,20.572799682617188,10634700
1999-11-15,20.15295086878562,21.472488403320312,20.062982338121397,21.472488403320312,9589500
1999-11-16,20.812714235038715,22.432147259924765,20.512818315223267,22.07227325439453,8108550
1999-11-17,21.952320056912786,22.042288581736198,19.883043985974286,20.12295913696289,7456350
1999-11-18,21.052635909099966,22.04228973388672,20.78273032052176,22.04228973388672,6840150
1999-11-19,21.802362114925675,22.07226754931009,21.382507386580986,21.83234977722168,4388550
1999-11-22,21.772381832269403,21.772381832269403,20.812718534483924,21.112611770629883,3612900
1999-11-23,21.112609674683235,21.172590512454917,19.403207964990415,20.15294647216797,8221200
1999-11-24,19.193288803100586,19.31324502198535,19.073329838593967,19.193288803100586,6130650
1999-11-26,19.193288803100586,19.22327648501085,19.043339411061847,19.193288803100586,1761900
1999-11-29,19.193281658234632,19.46318716868346,18.113659616439325,18.473533630371094,5498700
1999-11-30,18.113663305786027,18.833411480246113,17.8737454172184,18.42105484008789,6120150
1999-12-01,18.53351692199707,18.953369140945142,17.69380973847932,17.99370574951172,4733250
1999-12-02,17.903738972277804,18.353581660023476,17.903738972277804,18.323591232299805,3140700
1999-12-03,19.193285852386254,19.67311614540144,18.833411759814144,18.98335838317871,5486850
1999-12-06,19.193283181160034,19.22327085428655,18.473535096186794,18.743440628051758,2721000
1999-12-07,18.743441747068587,19.313240517943033,18.023693619125105,18.833410263061523,5617650
1999-12-08,18.323584379144393,18.443543299551678,17.843754188756947,18.23361587524414,5618850
1999-12-09,18.59349194071761,19.31324005126953,17.573850614516484,19.31324005126953,7449000
1999-12-10,19.40321752808127,19.43320796174823,18.293607175495158,19.073333740234375,6097800
1999-12-13,19.283244351525113,19.31323201323669,18.47352806415249,18.855894088745117,10639200
1999-12-14,18.47353881803923,18.713453979492186,17.633831634521485,17.99370574951172,4335300
1999-12-15,17.693804074851382,18.113658905029297,17.273951990294197,18.113658905029297,3819600
1999-12-16,17.69381277539074,17.99370883789637,16.70415878930644,17.333938598632812,5127450
1999-12-17,17.273960484380517,17.45389757275948,16.764139649180812,17.333938598632812,6981750
1999-12-20,16.974055967777005,16.974055967777005,15.834455890840113,15.894433975219727,8153250
1999-12-21,16.134359636303234,16.43425294940333,15.834463577581092,16.31429672241211,7735800
1999-12-22,15.774485957808297,16.014401164921846,15.354630913331924,15.834464073181152,9218550
1999-12-23,15.714504604967827,16.37427483590772,15.714504604967827,16.31429672241211,5285400
1999-12-27,16.6741668187995,17.09401900188427,16.58419829773695,16.97406005859375,5629200
1999-12-28,16.794130560077786,16.854111431476017,16.194341065453703,16.46424674987793,3112650
1999-12-29,16.28430049760001,20.15294647216797,16.28430049760001,20.15294647216797,11779950
1999-12-30,19.64311969759445,19.64311969759445,18.233611633940946,18.29359245300293,6734100
1999-12-31,18.503517497888158,18.563498318295494,18.14364355792521,18.35357093811035,2992200
2000-01-03,18.473532149869147,18.713447224722827,17.69380335175862,17.7537841796875,8738700
2000-01-04,17.7537939133145,17.933731004511532,16.8840961421141,17.51387596130371,8725350
2000-01-05,17.483886287784337,17.69381103988788,16.554210507139867,17.633832931518555,6704100
2000-01-06,17.453895860788773,18.293603106068353,17.423905433793205,17.633832931518555,7567650
2000-01-07,18.323586517183877,18.653472900390625,18.053680973989902,18.653472900390625,4294650
2000-01-10,19.103313924151177,19.163292013681854,18.593490553467117,18.713449478149414,5781300
2000-01-11,18.953372683781005,19.13330977491064,18.68346704708655,18.773435592651367,4009950
2000-01-12,18.713448443413338,18.713448443413338,18.023690842276505,18.053678512573242,4154400
2000-01-13,16.314292975211476,19.67311598068045,16.254312129870716,19.43320083618164,23542200
2000-01-14,20.122959311989696,20.75273899123133,19.523170056490553,19.67311668395996,14040000
2000-01-18,19.463187952577126,19.493175624531993,18.623480971042927,18.713449478149414,6587700
2000-01-19,19.163298375568466,19.673119169883346,18.86340233711285,19.193288803100586,7321650
2000-01-20,19.2232720019501,19.313240517943033,18.743441747068587,18.833410263061523,4695000
2000-01-21,18.833407644302863,18.833407644302863,17.78377327325465,18.473533630371094,7269300
2000-01-24,18.17363778785092,18.23361587524414,17.543858260549158,18.23361587524414,3403200
2000-01-25,17.723783053993884,18.053666425748535,17.393899682239233,17.66380500793457,3938250
2000-01-26,17.603832253131568,18.413548599886482,17.21397065732971,18.29359245300293,5633100
2000-01-27,18.263617990004956,18.443555113059194,17.453900936260897,17.903743743896484,4308150
2000-01-28,17.783775574851713,18.233618150485576,16.82411232870653,16.884090423583984,3853650
2000-01-31,16.914080843833304,17.333932999217847,16.79412190845721,16.884090423583984,4708500
2000-02-01,17.48387563773768,17.753781079423405,16.70414697578771,17.094011306762695,4331100
2000-02-02,17.03404500937542,17.39391918037897,16.164347265702148,17.154001235961914,8118450
2000-02-03,17.273948267886514,17.333926339721074,16.554200423391244,17.094011306762695,4783500
2000-02-04,17.124008267554906,18.29359896237376,16.70415336720581,18.203630447387695,11454300
2000-02-07,18.44354708989461,19.55315978124175,18.053682577665313,19.43320083618164,6966450
2000-02-08,19.19992945030589,19.19992945030589,18.719930321412406,18.959928512573242,6967950
2000-02-09,18.839923493846513,18.869921539516426,18.029926822485496,18.11992645263672,3766800
2000-02-10,18.539916339977495,18.65991671401189,18.23991677817633,18.479917526245117,4553250
2000-02-11,18.659914675488274,19.13991062604887,18.479915507385716,18.719913482666016,5229000
2000-02-14,19.16992507696948,19.16992507696948,18.05992849971196,18.329927444458008,3972750
2000-02-15,18.089922202505715,18.449920654296875,17.789922577156343,18.449920654296875,3462900
2000-02-16,18.479924313387006,18.839922821137595,18.23992347717285,18.23992347717285,3236250
2000-02-17,18.47992211536815,19.079918641398113,18.449921327767044,18.929920196533203,5676300
2000-02-18,18.929916982584366,18.929916982584366,18.239918210900072,18.35991859436035,3728700
2000-02-22,18.359924125671387,18.4799245452843,17.309929380413084,17.99992561340332,4560150
2000-02-23,18.08993073775305,19.229925457444164,17.789930970856858,18.989927291870117,6580800
2000-02-24,18.899920894369114,18.899920894369114,18.089924284610436,18.209924697875977,6333600
2000-02-25,18.389922119615115,18.389922119615115,17.549924803252267,18.179922103881836,3816750
2000-02-28,18.479933844328198,18.569933517682763,17.909934997558594,17.909934997558594,7325400
2000-02-29,19.199920843211398,20.249915548733306,18.719921929495676,20.159915924072266,15117450
2000-03-01,20.699911271372148,22.319904327392578,20.309912027547515,22.319904327392578,14020050
2000-03-02,22.259913491323687,22.28991154245382,20.96991764216194,21.659914016723633,7160700
2000-03-03,21.839909551942128,23.039905548095703,21.71991187492631,23.039905548095703,7782600
2000-03-06,23.039904391591307,23.279902480146838,22.58990625894304,22.88990592956543,6249150
2000-03-07,22.829906549393094,23.009905819812936,21.95991099122082,22.229909896850586,4925550
2000-03-08,22.259904992841378,22.259904992841378,20.849909237759615,21.59990692138672,3877350
2000-03-09,21.359903092428446,22.559895765702667,21.029902772694,21.83989906311035,3449100
2000-03-10,23.00990896207016,26.009898127606164,22.619912320616084,25.439899444580078,16069650
2000-03-13,23.789907190852343,26.15989602279473,23.03990923007865,24.419904708862305,7624950
2000-03-14,24.179893566424113,24.47989317279048,23.03989945674398,23.33989906311035,6545400
2000-03-15,23.039907201389713,23.879904733630703,22.619909808554702,23.279905319213867,3802350
2000-03-16,23.279894515228396,24.11989165763442,23.09989532375351,23.99989128112793,8170350
2000-03-17,24.599903110825093,26.87989221495196,24.47990267239748,26.519893646240234,12249900
2000-03-20,26.81988955868615,27.569887385806094,25.829893635378944,25.919893264770508,7982250
2000-03-21,25.97988734862525,26.1298885345459,25.13989279237857,26.1298885345459,6396300
2000-03-22,26.849892596759894,28.31988483541156,26.579893685998858,27.6298885345459,5869800
2000-03-23,27.35990287188792,29.75989343635399,26.729905108390497,29.39989471435547,8560800
2000-03-24,29.75987697190522,32.21986779344611,29.489878079781374,31.199871063232422,13242750
2000-03-27,30.629862163062718,30.629862163062718,28.469871947761206,28.799869537353516,6784350
2000-03-28,28.559887286712314,29.519882551732767,28.079888280916535,28.85988426208496,5085900
2000-03-29,29.729888339355085,30.23988549265576,28.19989413288143,28.529891967773438,5673750
2000-03-30,28.109876569804513,28.979871805801128,27.869875800407605,28.319873809814453,6030900
2000-03-31,27.959908096918777,28.199909146958433,26.549913600871438,27.35991096496582,6211200
2000-04-03,28.439885754042315,29.219881705190694,26.57989414134802,27.32988929748535,8886450
2000-04-04,27.53987629565721,27.53987629565721,21.209903813267232,23.99989128112793,18826650
2000-04-05,22.919906246923297,26.759892524034974,22.679908134567906,25.55989646911621,11655600
2000-04-06,26.159893211450488,27.95988592660926,25.769896620880033,27.899887084960938,6890100
2000-04-07,27.95987114212559,27.95987114212559,25.799881026084055,26.45987892150879,6563100
2000-04-10,26.00990177970115,27.449896341899137,25.679903941387998,26.789897918701172,4635150
2000-04-11,26.78988154757093,27.2398795732668,25.439887470483313,25.97988510131836,4447800
2000-04-12,25.859901703288738,26.399899631571532,23.999907008155894,24.47990608215332,6570000
2000-04-13,24.359899836956533,24.359899836956533,23.039906130424573,23.51990509033203,4876500
2000-04-14,21.239921393217866,21.599920060899525,18.479932523182438,19.43992805480957,15031500
2000-04-17,19.049919637729285,20.759912506288988,18.779920763746176,20.159915924072266,13525200
2000-04-18,19.559922974567556,22.91990775488966,19.19992440906368,21.539915084838867,12013200
2000-04-19,21.779911862683843,21.83991070435768,20.639917391455434,21.20991325378418,6652650
2000-04-20,20.63991315840905,21.539909331790692,20.63991315840905,21.119909286499023,4263450
2000-04-24,21.119920496096405,21.239920965095457,20.33992431403209,21.179922103881836,4121550
2000-04-25,21.32990875638428,22.469902964268172,21.32990875638428,22.079906463623047,5019300
2000-04-26,22.199903420346285,23.30989955266317,21.47990652296673,21.59990692138672,5333550
2000-04-27,20.909905153308248,22.01989823875843,20.879904375177084,21.83989906311035,4763550
2000-04-28,22.2299024156548,22.73989926135432,21.179907940425196,21.359907150268555,4899600
2000-05-01,21.41991105087861,22.529907356993903,21.179912963030965,21.89990997314453,5220600
2000-05-02,21.239911808883914,21.929908028394735,20.969912929957424,21.479909896850586,3982650
2000-05-03,20.999921913357614,22.559914213577464,19.73992665348759,21.719919204711914,4171650
2000-05-04,21.719905569955273,21.719905569955273,20.279911891208403,21.359907150268555,4108350
2000-05-05,20.579915942390134,21.50991310076411,20.399916669580392,20.999916076660156,3965250
2000-05-08,21.426776661280247,21.426776661280247,20.286416914452072,20.676538467407227,5037450
2000-05-09,20.886600847286275,21.12667580327739,20.10635517972741,20.436458587646484,5102550
2000-05-10,20.04633446716227,20.106355267008336,18.245765420786906,19.356117248535156,6545250
2000-05-11,19.686218239723644,19.746239032197032,18.515848503342436,19.146047592163086,4103700
2000-05-12,19.026004031156337,20.28640171387602,18.965983262251363,20.1363525390625,4578150
2000-05-15,19.776251848849093,21.486792679783782,19.71623378814197,20.82658576965332,4352400
2000-05-16,20.946620471904748,22.26703969760684,20.916612817309602,21.936933517456055,6981150
2000-05-17,20.766561779645592,21.276724833566487,20.406447975678038,21.00663948059082,6861750
2000-05-18,21.366748484412945,21.996947499778848,21.09666319211327,21.126670837402344,4822650
2000-05-19,20.64652443318515,20.826581324324987,20.106353759765625,20.106353759765625,3568800
2000-05-22,19.56617446660763,20.55648693160167,18.485833595705042,20.1363525390625,6304650
2000-05-23,20.106348923593075,20.37643419533933,19.296093108354317,19.686214447021484,2889450
2000-05-24,19.20607129777053,19.44614626172815,18.09571943799703,18.485843658447266,8011950
2000-05-25,19.086033893995857,19.11604429706744,17.76561737060547,17.76561737060547,7627350
2000-05-26,18.24576733504709,18.725920046939333,17.28546465871323,17.76561737060547,5399550
2000-05-30,18.095715915987277,18.996000289916992,18.005687478594307,18.996000289916992,3456000
2000-05-31,19.176058170014777,20.88659857015694,18.996001285789287,20.34642791748047,9386500
2000-06-01,20.886608926873457,21.336751360642282,20.36894512803931,20.5264949798584,6203200
2000-06-02,23.58744262581441,24.487726695501983,22.462087538704942,24.127613067626953,8710400
2000-06-05,23.58746031827705,24.037602690763254,23.137317945790848,23.227346420288086,4854600
2000-06-06,23.407396164089153,23.58745305765907,22.867225483379404,23.092296600341797,3847200
2000-06-07,23.31736261747792,23.677476325855956,22.687163627816354,23.272348403930664,4875100
2000-06-08,22.957256778341822,23.31737061015895,20.976630703347627,21.966943740844727,5467300
2000-06-09,21.876918961730183,21.876918961730183,21.201705413528636,21.336748123168945,3826500
2000-06-12,21.471785099475415,21.56181354852982,20.616514833458574,20.796571731567383,3030700
2000-06-13,21.516794421009184,21.831893920898438,20.706538564151096,21.831893920898438,2584400
2000-06-14,21.291727803303644,23.767510106013372,20.976628237504226,23.40739631652832,6677900
2000-06-15,23.227339569033887,24.037595600511814,22.372069313584966,23.722496032714844,4555400
2000-06-16,23.40739906055777,24.217655181884766,23.09229945781949,24.217655181884766,6449000
2000-06-19,24.21764982610509,24.982891549234804,23.81252185503642,24.847848892211914,3504800
2000-06-20,24.9828944154965,25.162951312184763,23.947567259538985,25.117937088012695,3051900
2000-06-21,24.937887132494716,24.937887132494716,24.21765934527465,24.622787475585938,2043900
2000-06-22,24.397711478815545,24.532754162277623,23.58745537804307,24.03759765625,1975900
2000-06-23,24.57776480230666,24.7128074660556,23.452409271065516,23.587451934814453,1691400
2000-06-26,23.452412694580993,24.35269725099485,23.452412694580993,24.03759765625,2522700
2000-06-27,24.352694352467857,24.352694352467857,23.677481015523277,23.76750946044922,2085600
2000-06-28,24.08260967181279,24.307680790240948,22.957254079672005,23.40739631652832,2434700
2000-06-29,23.047272184001866,24.84784032337701,22.687158556126835,24.127613067626953,2848100
2000-06-30,22.7321856261186,24.30768363980999,22.552128710268157,24.217655181884766,3800700
2000-07-03,23.587444386270924,23.99257224786718,23.13730231783064,23.36237335205078,1146700
2000-07-05,23.587452729846962,23.857538066448264,23.18232472494501,23.542438507080078,2058700
2000-07-06,23.722489972795756,23.767504185267857,22.6871630859375,23.632461547851562,2200600
2000-07-07,23.99258137654082,23.99258137654082,23.407396464917873,23.722496032714844,2026400
2000-07-10,23.72249491949045,24.307679803652455,23.31736692276291,23.677480697631836,2792300
2000-07-11,23.677487030303734,25.207970982832872,23.497430094712072,25.02791404724121,4427300
2000-07-12,26.28829695602943,26.468353784495385,25.838154884864544,26.108240127563477,6067200
2000-07-13,26.108249501285393,26.33332061767578,25.748135715060766,26.33332061767578,2625000
2000-07-14,26.648412044348706,29.169207778273584,26.37832678714247,28.223909378051758,10080900
2000-07-17,28.31395331005122,28.53902448103732,26.33332700537355,26.82848358154297,5669000
2000-07-18,26.648410472994538,27.998836679396288,25.29798426659279,27.548694610595703,5462600
2000-07-19,27.278615833557758,27.36864426865201,25.658104001861258,26.198274612426758,3901800
2000-07-20,26.28829731214915,27.233595674401087,25.703112611707475,27.188581466674805,5565400
2000-07-21,27.188589397905652,27.188589397905652,26.198276539041537,26.738447189331055,1839200
2000-07-24,26.603407254112362,27.638734439974602,26.108250773917376,26.15326499938965,2180800
2000-07-25,26.60340217130268,27.053544340021844,26.018217351967767,26.87348747253418,2381100
2000-07-26,26.42334106406053,26.603397902657196,26.018213177218037,26.243284225463867,2800600
2000-07-27,26.28829574584961,26.783452001336503,25.297983234875826,26.28829574584961,2789300
2000-07-28,26.19828223480898,26.378339157384985,24.487741470336914,24.487741470336914,2685000
2000-07-31,25.297991478731888,26.37833275184499,24.93787772102752,26.018218994140625,3876800
2000-08-01,26.10825829293818,27.36865696914899,25.74814438544938,27.32364273071289,2790200
2000-08-02,26.42335547376799,27.143583220923507,26.018227365993013,26.82848358154297,2913100
2000-08-03,26.333321901278733,26.64842147958463,25.973208097500564,26.15326499938965,2183500
2000-08-04,26.738457952226913,28.17891359948493,26.333329801435596,27.728771209716797,5109100
2000-08-07,27.368632462591613,27.728746047625712,26.828462085040464,27.638717651367188,3536200
2000-08-08,27.69168351252744,27.781737767852732,27.19638510823833,27.60162925720215,2174800
2000-08-09,27.3764888218471,28.096922738211497,26.8361633845738,27.736705780029297,2767600
2000-08-10,27.556605385688663,28.232012380435936,26.520981327076182,26.70108985900879,2568700
2000-08-11,27.466540397741856,28.682272513707478,27.061296359086647,28.096920013427734,3759900
2000-08-14,28.186972713470457,29.132542085647582,27.646647357940672,28.817352294921875,4541800
2000-08-15,28.727308746994726,28.727308746994726,26.92622355909537,27.196386337280273,5060700
2000-08-16,27.69168815612793,28.367095184326175,26.611036911010743,27.016281127929688,4147300
2000-08-17,27.376481171626196,28.277023315429688,27.286426957245848,28.277023315429688,3842600
2000-08-18,27.73672426565608,28.23202291325708,26.881208419799805,26.881208419799805,3109300
2000-08-21,27.87178762401462,27.87178762401462,27.016272333455202,27.42151641845703,1925200
2000-08-22,27.871782825331483,27.871782825331483,26.926213456459173,27.28643035888672,2332300
2000-08-23,27.151347949698163,27.421510615864317,26.430914173255097,26.656049728393555,3074300
2000-08-24,26.836158172504323,26.9712395055874,26.29583284017202,26.656049728393555,3061700
2000-08-25,26.430922232438462,26.520976481952733,25.755515361081432,25.845569610595703,3266700
2000-08-28,25.98065065767985,26.656057520531146,25.98065065767985,26.385894775390625,2661200
2000-08-29,26.43092513242305,27.466549115465178,26.070708094843177,27.196386337280273,3415100
2000-08-30,27.2864311307569,27.96183784191425,26.79113287590818,26.92621421813965,3715400
2000-08-31,26.701076836314627,27.871781722898408,26.656049725292174,27.691673278808594,3651400
2000-09-01,27.736700393058157,28.051890170252,26.656049728393555,26.656049728393555,2254200
2000-09-05,27.511563335594378,27.601617552732165,27.10631935847433,27.376482009887695,2003300
2000-09-06,27.96184886000164,28.322065914558827,27.781740332723047,28.00687599182129,4239000
2000-09-07,28.096933851055073,28.457150951709625,27.511581062491423,27.556608200073242,3019100
2000-09-08,27.241426045803383,27.691697550692695,26.79115454091407,27.061317443847656,2706500
2000-09-11,27.10631935847433,27.826753095576635,27.01626514133654,27.376482009887695,2642600
2000-09-12,27.376498209635418,27.376498209635418,26.836172587076824,27.016281127929688,2065900
2000-09-13,27.24141680399577,27.24141680399577,26.160765558878584,27.016281127929688,4150300
2000-09-14,26.79113106147663,27.196375060725856,25.75550750783972,26.656049728393555,4587600
2000-09-15,26.520980090959696,26.611034352728662,25.215193295309728,25.395301818847656,6313800
2000-09-18,25.57541422880897,25.7104956419893,22.558596001114953,23.2340030670166,7389800
2000-09-19,23.414114265798407,24.539792836269484,23.188978551704192,24.089521408081055,4555200
2000-09-20,23.81935807678597,24.31465663792897,23.27903237372088,23.85312843322754,2579500
2000-09-21,23.324050688743593,23.549186313152315,21.613019943237305,21.613019943237305,5402500
2000-09-22,23.098919432503838,25.215194702148438,22.738702365330287,25.215194702148438,6571500
2000-09-25,24.80995237827301,25.035088062286377,24.179572463035583,24.494762420654297,3481800
2000-09-26,24.314644119956277,24.44972547617826,23.188966151439782,23.77431869506836,2996000
2000-09-27,24.1795627637343,24.4046983574376,23.594210220105722,23.77431869506836,2360600
2000-09-28,24.134543500627792,25.440330369131907,24.044489233834405,25.215194702148438,4474200
2000-09-29,24.94503396324124,26.02568525406758,24.58481686629913,25.552900314331055,3008300
2000-10-02,25.665466036115376,25.665466036115376,24.49476056780134,25.215194702148438,3212000
2000-10-03,24.76491999137779,24.990055627663043,24.134540209779082,24.179567337036133,3563400
2000-10-04,23.324051584009787,24.449729749261227,22.873780317909212,24.224594116210938,3277200
2000-10-05,24.224591903686523,25.170161476135256,24.179564781188965,24.764917373657227,3249700
2000-10-06,25.12512731552124,25.12512731552124,22.018256733494418,22.333446502685547,6105600
2000-10-09,22.333455032545096,22.423509286708583,20.982641220092773,20.982641220092773,5060000
2000-10-10,22.96382330628092,22.96382330628092,20.577386766608587,21.117712020874023,5813800
2000-10-11,20.892582957501524,21.297827023487546,19.451715167329006,20.75750160217285,6815700
2000-10-12,20.892588672550044,20.892588672550044,19.451720488236248,19.54177474975586,4682400
2000-10-13,19.49674015881056,23.233990581862006,19.49674015881056,22.60361099243164,6878200
2000-10-16,22.42351130076817,23.008864005406696,21.883185727255682,22.693674087524414,3076500
2000-10-17,22.333458164760046,22.333458164760046,20.712481362479075,22.063295364379883,5775500
2000-10-18,20.35225807107905,21.61301742061492,20.03706823369508,20.937610626220703,6545600
2000-10-19,21.613012744534398,22.513554942223333,21.43290430499661,22.333446502685547,4292100
2000-10-20,21.703077202751523,23.41410818554106,21.703077202751523,22.693674087524414,3639100
2000-10-23,23.414108398927745,23.414108398927745,22.378484373590556,22.423511505126953,1890900
2000-10-24,22.73869774213605,23.774321599698684,22.333453623959368,22.648643493652344,2695700
2000-10-25,22.46853707541882,23.279025386756572,22.333455690195862,22.378482818603516,3276200
2000-10-26,22.558588526026924,22.716183455849468,21.567991824285222,22.243398666381836,2609700
2000-10-27,22.243401936666217,23.279025913474563,22.243401936666217,22.558591842651367,3319300
2000-10-30,22.738699264810517,24.314648718807284,22.693672137553467,24.179567337036133,3513600
2000-10-31,24.449732749911817,25.48535678904252,23.684271503597817,25.305248260498047,4333100
2000-11-01,25.035093307495117,25.12514759996812,24.494767552657095,25.035093307495117,2568900
2000-11-02,25.08011259981746,25.845573846131458,24.854976939136872,25.305248260498047,3648000
2000-11-03,24.900011141240384,25.66547260489515,24.764929706477776,25.125146865844727,2653100
2000-11-06,25.305248752499637,25.57541155056903,25.035085954430247,25.4853572845459,1918600
2000-11-07,25.665465816592157,25.800547215626853,25.305248752499637,25.4853572845459,1283200
2000-11-08,25.40319399132703,25.40319399132703,24.457330385266978,24.817659378051758,1773900
2000-11-09,24.637491160186045,25.042861215838098,23.871792166176604,24.72757339477539,2410000
2000-11-10,23.916836732943384,24.142042351897654,22.745767514381185,22.83584976196289,2948000
2000-11-13,22.52056430084537,22.700728815252134,21.439577214404792,22.295358657836914,3165400
2000-11-14,22.65568768665044,22.970975586862277,22.295358657836914,22.295358657836914,3319900
2000-11-15,22.295359113942023,23.15114057488121,21.889988948233984,22.79081153869629,3736000
2000-11-16,22.700731576207172,22.97097838068583,22.205279101329634,22.430484771728516,2334800
2000-11-17,22.250319594043795,22.430484125169656,20.854044477818377,21.259414672851562,5075300
2000-11-20,21.30445178876123,21.30445178876123,19.99825918437629,20.403629302978516,3869100
2000-11-21,20.44866371154785,20.854033697019066,19.547841521611822,20.44866371154785,3155400
2000-11-22,20.17843113262693,20.17843113262693,18.73711462315358,18.96232032775879,3556300
2000-11-24,19.637936005389662,20.583799895557515,19.32264804200038,20.13338851928711,1904900
2000-11-27,19.637927534315324,20.448667661878797,19.457763061523437,20.268503189086914,3444100
2000-11-28,20.403637513619245,20.80900779534678,19.95322608947754,19.95322608947754,3608900
2000-11-29,20.223472797509398,21.079254497181285,19.998267087069426,20.80900764465332,4781600
2000-11-30,20.358596371205074,20.403637513619245,19.18752666843664,19.95322608947754,5124500
2000-12-01,19.818104933819455,20.49372214747239,19.457775753204555,19.682981491088867,2897500
2000-12-04,19.27760658904517,19.27760658904517,18.5119072619102,18.782154083251953,4689700
2000-12-05,19.05239899418935,22.250319392741225,18.96231672944141,21.439579010009766,6324900
2000-12-06,20.763959627335282,22.430481332783014,20.538753991463967,21.03420639038086,4907100
2000-12-07,20.854044248551716,21.39453783598718,20.493715190261405,20.583797454833984,2187500
2000-12-08,21.259414703928528,22.88089548643155,21.259414703928528,22.115196228027344,4128400
2000-12-11,21.169330463852994,23.64659253941026,21.169330463852994,23.241222381591797,3819300
2000-12-12,23.286265682057305,23.286265682057305,21.754867165248896,22.115196228027344,3108900
2000-12-13,21.88999388920321,22.340405286100395,20.13338944130419,21.709829330444336,16518500
2000-12-14,21.61974271810584,21.799907240756724,20.989166888827754,21.304454803466797,4388600
2000-12-15,20.71892738342285,21.034215408822764,20.088351332623027,20.71892738342285,6374600
2000-12-18,21.43957412815293,22.29535544839433,21.304450761799025,21.574697494506836,3873000
2000-12-19,21.574695723684208,22.700723684210523,21.21436677631579,21.39453125,4037700
2000-12-20,20.899078843858508,21.259407789442275,20.133379834493002,20.268503189086914,4460900
2000-12-21,20.1784240036868,20.71891750378555,19.547848253571587,20.04330062866211,5774500
2000-12-22,19.728015941394496,20.854044248551716,19.54785141224934,20.583797454833984,3724000
2000-12-26,20.35859773097894,21.124297203161778,20.22347429471138,21.079256057739258,2801500
2000-12-27,21.079256555308465,21.079256555308465,20.40363935802294,20.71892738342285,2271100
2000-12-28,20.85405033062666,21.349502930274376,20.67388574893658,21.079256057739258,2303700
2000-12-29,20.899074806515866,21.484609229974286,20.13337594507024,20.44866371154785,3553300
2001-01-02,20.493717285083065,20.763964106424822,18.55694839880049,18.782154083251953,4568100
2001-01-03,18.737107657661003,23.78171356549281,18.151573043359097,23.691631317138672,12278500
2001-01-04,22.880905135472613,23.37635780572891,21.439588276545205,21.619752883911133,7818000
2001-01-05,21.709820083425015,22.070149047465264,21.03420327584955,21.349491119384766,5385900
2001-01-08,20.899090826640116,21.439584554915292,19.998267946181493,20.854049682617188,4406600
2001-01-09,20.313549495878675,20.358590625581286,19.86313819885254,19.86313819885254,5176500
2001-01-10,19.818104933819455,19.998269524126904,19.142487720166518,19.682981491088867,5839100
2001-01-11,19.773063675935333,21.574709568959054,19.728022528609742,21.124298095703125,6768200
2001-01-12,21.079247022929945,21.21437040128206,20.44867125728674,20.538753509521484,4280400
2001-01-16,20.17843246459961,21.124296486377716,19.95322674512863,20.17843246459961,3337500
2001-01-17,20.71892400758456,21.12429425990687,20.313553755262255,20.35859489440918,3534600
2001-01-18,20.358585845389868,20.358585845389868,19.457763462850494,19.728010177612305,5954100
2001-01-19,19.457765692906662,20.58379380013506,19.367683444328392,20.403629302978516,8070000
2001-01-22,20.493712383404112,20.854041392343085,20.313547878934624,20.538753509521484,4126000
2001-01-23,20.538760940861756,20.85404893776095,19.863143804649198,19.95322608947754,6625100
2001-01-24,20.17842186633869,20.85403866989914,19.953216265151877,20.31354522705078,8541900
2001-01-25,20.80900764465332,21.079254497181285,20.493719650037363,20.80900764465332,3774400
2001-01-26,19.908176268162748,20.448669741506535,19.908176268162748,20.088340759277344,4171600
2001-01-29,20.178423455556477,20.610818518799032,20.178423455556477,20.596405029296875,3951300
2001-01-30,20.545959853423575,20.61802592871328,19.313633952153225,19.666757583618164,10263700
2001-01-31,19.0974406717796,19.421737383949104,18.59297942497067,19.032581329345703,11250400
2001-02-01,19.205543083137623,19.6955909384674,19.03258525911769,19.6307315826416,7040300
2001-02-02,19.637942675763252,19.782074914945415,18.989350348537332,19.205547332763672,3907700
2001-02-05,18.92448219502794,19.169506063187683,18.016452808532357,18.729904174804688,5792200
2001-02-06,18.845206414290555,18.881240138997534,18.311919659541708,18.477670669555664,4460700
2001-02-07,18.47119085819842,18.5793357251684,16.582255106252198,17.29601287841797,7523200
2001-02-08,17.48346536076809,18.283739885366565,17.432997845727943,18.002561569213867,8277900
2001-02-09,18.384673410532425,18.384673410532425,17.483463929623973,17.663705825805664,6144700
2001-02-12,17.98813421314377,18.31256866455078,17.591601383465033,18.31256866455078,2833000
2001-02-13,18.03860984534537,18.745157769709326,18.03860984534537,18.49281883239746,4299600
2001-02-14,18.276527188093713,18.276527188093713,17.591607483506078,17.85115623474121,3274600
2001-02-15,17.231120533857446,17.80789527722818,16.221766451878885,17.591604232788086,12601200
2001-02-16,16.870629583931127,17.281580604063542,16.474098235591043,16.57503318786621,6068800
2001-02-20,16.582256830730362,16.582256830730362,15.457547622032154,15.753144264221191,6922900
2001-02-21,15.356605538152165,15.983847800336036,15.284509896062993,15.306138038635254,5793300
2001-02-22,15.500795315939312,16.005472922791675,15.046586569880864,15.608940124511719,6261400
2001-02-23,15.212416837909936,15.212416837909936,14.058868387498157,14.65006160736084,7101100
2001-02-26,14.722151469807711,15.032167610905118,13.80652272171442,14.960070610046387,10491000
2001-02-27,15.284516251226467,15.969434761810103,14.787048138178328,15.825242042541504,8736300
2001-02-28,15.428704856990901,15.464754058549438,14.318415576580163,15.068221092224121,7971400
2001-03-01,14.09491684500209,14.779836654663086,13.518143281704042,14.779836654663086,6944000
2001-03-02,14.058864068984985,14.924025484823142,13.820944885899916,14.419347763061523,7242000
2001-03-05,14.981699096940249,15.104263577466448,14.044440900229365,14.34003734588623,3741100
2001-03-06,14.347253105502077,15.140317637744545,14.340043265420118,14.6716890335083,4348900
2001-03-07,14.686114602399131,14.815887650500647,14.246323807010357,14.700532913208008,3403700
2001-03-08,14.700525945350769,14.988914027027123,13.914671310568906,14.130962371826172,4235300
2001-03-09,13.770480373715856,13.878625230353656,12.977415799811212,13.150447845458984,5197800
2001-03-12,12.833220464142578,12.833220464142578,11.535479563323243,12.18435001373291,10106100
2001-03-13,12.25644409102742,13.424411721232223,12.25644409102742,12.962991714477539,6211300
2001-03-14,11.715724644689177,12.847643667261888,11.679676811221736,12.285289764404297,8180500
2001-03-15,12.285283500160732,12.905314445495605,11.996895478922932,12.905314445495605,9785800
2001-03-16,11.823868603022545,12.530416535214693,11.823868603022545,11.888755798339844,8282000
2001-03-19,11.996899495552068,12.797173909664922,11.73735211473053,12.652979850769043,5234000
2001-03-20,12.580885682675966,13.19370706753676,12.105047157298353,12.256449699401855,5541700
2001-03-21,11.968057522838219,12.342960850995059,11.066848392731966,11.463379859924316,6856200
2001-03-22,11.0308029273875,11.174996290395088,10.454028787788953,10.95870590209961,10170300
2001-03-23,11.016380952004567,11.629202788995485,10.778461780721216,11.535477638244629,7301100
2001-03-26,11.758976100954843,11.895960270930908,11.571524440760221,11.643621444702148,3502800
2001-03-27,11.751764072893918,11.874328544212304,11.362442524382159,11.831070899963379,4188800
2001-03-28,11.679674780208067,11.679674780208067,11.355238834871441,11.41291618347168,3781100
2001-03-29,11.355236058719143,11.571525719306962,10.973123545770191,11.023591041564941,3948800
2001-03-30,11.247092514629331,11.268721345647949,10.81451176884815,11.117318153381348,4502300
2001-04-02,11.218256324665466,11.470594575861469,10.79288532435506,10.81451416015625,4709900
2001-04-03,10.814511019716397,11.174994720373611,10.021446603243291,10.28820514678955,6591400
2001-04-04,10.057495996611236,10.172850680970223,9.473512735151829,9.740270614624023,7897400
2001-04-05,10.454029277065157,11.304771189979189,10.389142088782803,11.203835487365723,6633800
2001-04-06,11.030803400317605,11.030803400317605,10.64869080007291,10.88661003112793,6259900
2001-04-09,10.88660838660254,11.074059394448756,10.490076165554717,10.756834030151367,4981800
2001-04-10,10.75683948308432,11.89596853641427,10.75683948308432,11.83829116821289,7117400
2001-04-11,12.977417880328074,12.977417880328074,12.292498053256086,12.400644302368164,7168700
2001-04-12,12.407844248746388,13.482086534643244,12.112247821127223,13.438827514648438,5550900
2001-04-16,12.83322103384166,13.193704786198294,12.768333848406554,12.977415084838867,4330900
2001-04-17,12.508783776324014,13.323476275383177,12.465526120435444,13.071137428283691,4900700
2001-04-18,13.698386328560964,16.71203154086626,13.662338493540508,15.140321731567383,12735400
2001-04-19,15.190788654472744,15.19799849622123,14.491450506510104,14.909611701965332,4418300
2001-04-20,14.91681256749868,14.91681256749868,14.419344787298824,14.484231948852539,4373400
2001-04-23,14.491446093760711,14.491446093760711,13.446042735887117,13.6262845993042,3663400
2001-04-24,13.972351324291882,14.18864242691796,13.619077369319493,13.79931926727295,2782700
2001-04-25,13.799315513717024,13.94350954291215,13.417203674081446,13.792105674743652,4605400
2001-04-26,13.792108238119194,14.671689504441673,13.6983830643181,13.972350120544434,3880100
2001-04-27,14.599586605980985,15.19798936001082,14.39771528378764,14.585166931152344,4288300
2001-04-30,14.996120519193683,14.996120519193683,14.130960513357184,14.275153160095215,3187700
2001-05-01,13.770483668857263,14.383306503295898,13.554192528688855,14.383306503295898,6474200
2001-05-02,14.203064063768668,15.284515600345873,14.203064063768668,15.212418556213379,5224700
2001-05-03,14.63563173985053,14.63563173985053,14.311197366387217,14.404922485351562,3844100
2001-05-04,14.239111545859927,14.924031385462303,14.073289311054875,14.909611701965332,3023700
2001-05-07,14.787695564393575,14.968033315178863,14.52800876298505,14.621785163879395,1971900
2001-05-08,14.621787821268835,14.78048457548929,14.434236361262062,14.48473072052002,2884200
2001-05-09,14.484735086418542,14.484735086418542,14.015856983009346,14.181767463684082,3594600
2001-05-10,14.434235660739903,14.614573435547946,14.268325238124833,14.463088989257812,2858300
2001-05-11,14.499158117055,14.881473338797777,14.174549555322354,14.253898620605469,3348600
2001-05-14,14.427022263915738,14.499157650408929,13.864367900310523,14.138482093811035,2636500
2001-05-15,14.10241371263041,14.282751490929357,13.510906019948754,14.138482093811035,5641200
2001-05-16,14.138481019712074,14.607358932495117,13.532546020590988,14.607358932495117,7537600
2001-05-17,14.499161027503606,14.780487586897797,14.412598268376264,14.441452980041504,3874700
2001-05-18,14.441449058031349,14.441449058031349,13.821086684390561,14.030279159545898,4353900
2001-05-21,14.138484889902113,15.097882005152524,13.886011675179724,14.968038558959961,6583000
2001-05-22,15.220507379551844,15.581182903352275,15.148371999618169,15.278215408325195,6249700
2001-05-23,15.234941254375036,15.2421535571756,14.881477878932397,14.917546272277832,3712100
2001-05-24,15.076235771179197,15.148371147053021,14.722773942852104,15.0762357711792,2627000
2001-05-25,15.076239052155833,15.155588120472219,14.953609299243306,15.004103660583496,2494300
2001-05-29,14.751631289972822,15.02574411642742,14.066347160034173,14.253898620605469,3870100
2001-05-30,14.10240918271516,14.2827469030868,13.388271975147582,13.453193664550781,4840800
2001-05-31,13.381065457715874,13.74174109135639,13.186301661209942,13.561403274536133,4355700
2001-06-01,13.525335728115586,13.691246182838745,13.21515447527854,13.26564884185791,3325500
2001-06-04,13.489272066221247,13.489272066221247,13.070888298838517,13.308934211730957,2394300
2001-06-05,13.366631717656746,14.145690578981029,13.337777023301099,14.015847206115723,3548000
2001-06-06,13.84993854104938,13.994207902931894,13.359419683739837,13.4459810256958,2644500
2001-06-07,13.662388418723257,13.691241743469398,13.114161489868058,13.344993591308594,3193600
2001-06-08,13.5181155348687,13.5181155348687,13.06366507883195,13.128586769104004,1392300
2001-06-11,13.092522282375334,13.200724672966594,12.69577972491804,12.775127410888672,2329400
2001-06-12,12.767920682668587,13.150236054662383,12.349536914158346,13.121382713317871,3385800
2001-06-13,13.020380887490457,13.251214290316476,12.479367808355939,12.515436172485352,2452400
2001-06-14,12.046571392283093,12.046571392283093,11.483916689981688,11.563265800476074,7116500
2001-06-15,11.28914815878597,11.404564950672048,10.971753872918427,11.30357551574707,6775100
2001-06-18,11.433417110357242,11.433417110357242,10.950111737999293,10.978965759277344,4368400
2001-06-19,11.217007873814895,11.426199630445844,11.036670128859459,11.159299850463867,4546900
2001-06-20,10.978960792032206,11.108803485071236,10.81304972879647,10.93567943572998,4043100
2001-06-21,10.950113616499952,11.498340114831606,10.935686259418835,11.20258617401123,8196400
2001-06-22,11.180943068945883,11.25307846069336,10.942897239286923,11.25307846069336,3669500
2001-06-25,11.253072549445275,11.36127489229363,10.935677818004983,11.10880184173584,3038200
2001-06-26,10.82748437467621,11.7219599204227,10.776989310300616,11.548835754394531,6994000
2001-06-27,11.469483820257922,12.075418939142633,11.426203133442794,11.58489990234375,7333100
2001-06-28,11.671463882308439,12.118700903574009,11.671463882308439,11.866229057312012,5128800
2001-06-29,11.866226789021832,12.07541790391787,11.03667256626287,11.36128044128418,6202500
2001-07-02,11.180941849946976,11.649819781384053,11.180941849946976,11.541617393493652,4557600
2001-07-03,11.54162164703997,11.620970736141295,11.368497487438592,11.469486236572266,1756300
2001-07-05,11.505549514175485,11.671460619230649,11.245863374707307,11.498335838317871,3504900
2001-07-06,11.3252081371696,11.397343496895697,10.863544036310651,10.877970695495605,2365000
2001-07-09,10.964536666870117,11.108806750394587,10.914042309620058,10.964536666870117,2466100
2001-07-10,10.914041297369774,11.07273871849491,10.748130200753959,10.776984214782715,3635200
2001-07-11,10.639930339286153,10.639930339286153,10.077276588542066,10.199906349182129,5533400
2001-07-12,10.315320921362302,10.978963991856707,10.315320921362302,10.834693908691406,4584400
2001-07-13,10.784202127912586,11.036675365823722,10.474021527201858,10.986180305480957,6024500
2001-07-16,10.964541274087418,10.964541274087418,10.416314038399468,10.423527717590332,3678500
2001-07-17,10.603862477406663,11.180943573632586,10.423524677831944,11.17372989654541,6809400
2001-07-18,10.856334249182696,10.935682622940107,10.675996473242565,10.834693908691406,4269900
2001-07-19,11.000604816415517,11.245864312555868,10.906829086248086,11.07995319366455,3671800
2001-07-20,10.820270432912274,11.15930576576512,10.820270432912274,10.957326889038086,3388700
2001-07-23,10.964536872454177,11.116020634978684,10.712064393536023,10.719277381896973,2397100
2001-07-24,10.502871868238751,10.675995959709558,10.344174440423519,10.531725883483887,3544700
2001-07-25,10.639928268669642,10.7481306538554,10.41630913456936,10.531725883483887,3974500
2001-07-26,10.524511756776725,10.892400951340827,10.423522363778552,10.740917205810547,4129300
2001-07-27,10.805839309773951,11.079952814435066,10.762558628368213,10.921256065368652,3274600
2001-07-30,10.8924018137682,10.8924018137682,10.531726266132617,10.690423011779785,2570900
2001-07-31,10.603862268901882,10.950111195002753,10.603862268901882,10.813054084777832,4538300
2001-08-01,10.813050360123405,11.108804133665947,10.639926300674189,11.000601768493652,4020300
2001-08-02,11.144872700631684,11.267502424436438,10.85633257869927,11.007816314697266,3931100
2001-08-03,11.007819780555396,11.022246447227355,10.841908642256005,10.978965759277344,2806200
2001-08-06,10.928472005328633,10.94289936164993,10.748134178917704,10.820269584655762,2693200
2001-08-07,10.611642646314667,10.647736807077276,10.373422149095845,10.460047721862793,3189000
2001-08-08,10.395075943616627,10.395075943616627,10.084667885771147,10.149637222290039,3779500
2001-08-09,10.14964244973546,10.171298676915958,9.93307811261332,10.113548278808594,3985700
2001-08-10,9.961952021473852,10.084671773668074,9.84645124021787,9.98360824584961,3262900
2001-08-13,9.752606486807924,9.803137905479392,9.35557204291211,9.586573600769043,10504800
2001-08-14,9.637105707879458,9.817575847064923,9.514385958158226,9.586573600769043,5513300
2001-08-15,9.658763542919756,9.889765139308214,9.521605828734812,9.651544570922852,5204600
2001-08-16,9.456636540801771,9.456636540801771,8.828599786050187,9.290603637695312,5784000
2001-08-17,9.167884367341006,9.29782310818522,8.915226546013882,9.203978538513184,3589100
2001-08-20,9.167886149654235,9.196761354517745,8.951321768958316,9.052385330200195,2874700
2001-08-21,9.167878954694668,9.608226343827155,9.030722011343684,9.037940979003906,4515000
2001-08-22,9.211195758906992,9.312258592844907,9.05238184901165,9.2328519821167,2922400
2001-08-23,9.030726101809545,9.326697025552159,9.030726101809545,9.14622688293457,2012000
2001-08-24,9.09569476001147,9.738167977452314,9.09569476001147,9.665980339050293,6374200
2001-08-27,9.687636353165109,9.687636353165109,9.312258163175931,9.3916654586792,3605200
2001-08-28,9.211194792173277,9.312257615504445,8.879129754573336,8.886348724365234,3406700
2001-08-29,8.958536919030726,9.059600437141519,8.749191601003215,8.806941986083984,3429700
2001-08-30,8.80694265871161,8.80694265871161,8.482096545712539,8.698660850524902,5191600
2001-08-31,8.662570357399016,9.06682394365757,8.640914124268505,8.994635581970215,3101800
2001-09-04,8.994627792633128,9.384443093598923,8.785282551159622,8.915221214294434,3832200
2001-09-05,8.915225793543133,9.102914228606707,8.749192895540398,8.936882019042969,3131400
2001-09-06,8.77084779875324,8.806941961437433,8.157249786877523,8.684222221374512,4121900
2001-09-07,8.662566322344976,8.792505037480604,8.366595416481749,8.568721771240234,4092900
2001-09-10,8.337720434825792,8.79250526091872,8.25831313425213,8.49653434753418,4098400
2001-09-17,7.76021517099845,7.861278686179681,7.1538354567888165,7.269336223602295,8035500
2001-09-18,7.226025104522705,7.514777074473672,7.218806133164181,7.226025104522705,6242100
2001-09-19,7.211588635529634,7.3415273927807005,6.482488901859537,6.821773052215576,10346100
2001-09-20,6.533017221473161,6.720706275293399,6.359766104918514,6.453609943389893,7001000
2001-09-21,5.99160879753244,6.930053665075416,5.868889047014723,6.857865333557129,11180900
2001-09-24,7.1466186732919095,7.565309425310438,7.038336843384703,7.36318302154541,8006500
2001-09-25,7.507559733672638,7.702467872050645,7.182713524815109,7.413715839385986,7002900
2001-09-26,7.5436539318858244,7.644717487833041,7.0022433527298205,7.290996074676514,5342000
2001-09-27,7.218804416524122,7.688026428222656,7.182710256753735,7.688026428222656,6233700
2001-09-28,7.688026588220174,8.30162525177002,7.579744795094366,8.30162525177002,7031400
2001-10-01,8.012871781753654,8.05618421518137,7.550868131746165,7.84683895111084,4656400
2001-10-02,7.846843666064793,8.21500301361084,7.630279303482464,8.21500301361084,3606500
2001-10-03,7.998436894049648,8.150031845713219,7.868498167355451,8.048968315124512,6238300
2001-10-04,8.048968476090907,8.460440889371657,8.012874996566469,8.200563430786133,5025300
2001-10-05,8.200563966694972,8.265533335587117,7.745779072888995,7.94068717956543,4019300
2001-10-08,7.904593009243234,7.976781349887625,7.651935193865938,7.94068717956543,2796700
2001-10-09,7.6158391639493885,7.861278636083394,7.6014012239702735,7.64471435546875,3184000
2001-10-10,7.637494166040238,7.969559159713238,7.493118231495186,7.933465003967285,4319200
2001-10-11,8.178902606922646,8.626468248091003,8.178902606922646,8.395466804504395,6524600
2001-10-12,7.796309162571945,8.193343556156597,7.702464619474565,8.085061073303223,4899800
2001-10-15,7.976781349887625,8.077844200662929,7.825186385285633,7.94068717956543,3519000
2001-10-16,8.085062564426128,8.843037330437106,8.07062531044634,8.734755516052246,6675800
2001-10-17,9.384445034727758,9.60100928860154,8.814159556308777,8.843034744262695,9390400
2001-10-18,8.843040113934729,9.31948134869849,8.843040113934729,9.030729293823242,5024400
2001-10-19,9.09569268472566,9.34835039414436,9.023504374355317,9.218412399291992,3808900
2001-10-22,9.023506971558968,10.070233642572019,8.814161637356356,10.005264282226562,6454300
2001-10-23,10.005267210546311,10.322895134433644,9.759828327374105,9.832015991210938,5678700
2001-10-24,9.759828133368396,9.774265390473118,9.182323391957633,9.355574607849121,4217500
2001-10-25,9.167882196290527,9.889762695028978,9.037944174656053,9.738167762756348,4285100
2001-10-26,9.665980147538905,10.229046745049853,9.601010792357085,10.034138679504395,4980900
2001-10-29,9.824791383320841,9.947511098741055,9.456632925498955,9.56491470336914,3365300
2001-10-30,9.312256404606618,9.45663302791549,9.088473877667639,9.24728775024414,3014100
2001-10-31,9.240071606988183,9.767044102521012,9.240071606988183,9.297821998596191,3515500
2001-11-01,9.348351571189086,9.67319763187928,9.09569382995842,9.543259620666504,4742700
2001-11-02,9.31225662173598,9.745385124884118,9.27616315350595,9.622665405273438,3109300
2001-11-05,9.694855340015392,10.135202197391546,9.637104955062417,10.034138679504395,4240400
2001-11-06,9.961952827839623,10.35176834035148,9.817576839583197,10.322893142700195,3189100
2001-11-07,10.475326302610359,11.190538071022244,10.439204349979983,11.089397430419922,9782100
2001-11-08,11.089397337468947,11.667345818834846,10.590915911079687,10.655935287475586,8916000
2001-11-09,10.728185022740089,10.995486512888442,10.547575851912606,10.923242568969727,3179000
2001-11-12,10.836539703998017,10.836539703998017,10.403077840250642,10.706501007080078,3488100
2001-11-13,11.306126121021215,11.53008164352525,11.05327386738571,11.436164855957031,6701900
2001-11-14,11.558981537147666,11.703469357537204,10.981032322496485,11.241109848022461,6750000
2001-11-15,10.90878677368164,11.161639027474703,10.72817772569995,10.90878677368164,4620700
2001-11-16,10.692060489987728,10.692060489987728,10.330842234846042,10.475329399108887,4812800
2001-11-19,10.655935744198109,10.930461629097794,10.547570571539612,10.785974502563477,3091400
2001-11-20,10.785977319000864,10.785977319000864,10.403085472492892,10.475329399108887,2629200
2001-11-21,10.468103443175089,10.468103443175089,10.020192950469239,10.18635368347168,3228100
2001-11-23,10.222468832081589,10.460872650146484,10.19357142046671,10.460872650146484,1466900
2001-11-26,10.388635947209046,10.901565840123737,10.388635947209046,10.843770980834961,3768200
2001-11-27,10.800425160174507,11.132745966132296,10.69928449464547,10.981034278869629,3768600
2001-11-28,10.981029027819343,10.981029027819343,10.35250967799011,10.403079986572266,3552400
2001-11-29,10.294713149291878,11.204982687844902,10.171898972393357,10.388629913330078,2871900
2001-11-30,10.439207821720965,10.605368583492782,10.265823218195811,10.374188423156738,2345400
2001-12-03,10.258596544864453,10.265821074078046,9.868480923927759,10.012968063354492,2693500
2001-12-04,10.186354273104495,10.366963386535645,10.041866431184301,10.366963386535645,3005500
2001-12-05,10.323614082314624,11.378371044821955,10.301941187521495,11.190537452697754,6379000
2001-12-06,11.089397232523638,11.48673663746021,11.053275280537877,11.443390846252441,5436700
2001-12-07,11.27000978851956,11.645677102989145,11.226663294938785,11.28445816040039,4476600
2001-12-10,11.125519453917033,11.34225049553235,11.01715427759387,11.241109848022461,2556500
2001-12-11,11.241105633914781,11.580650782189858,11.168861750803071,11.45061206817627,4319100
2001-12-12,11.522858903565332,11.522858903565332,10.850993609778074,11.125518798828125,3410400
2001-12-13,11.12551241266582,11.775704437041252,10.879884789191216,11.313345909118652,7347000
2001-12-14,11.378369868418638,11.631222807748808,11.154414348814587,11.26278018951416,4758400
2001-12-17,11.024380770502868,11.20498988919799,10.8726690832402,10.981034278869629,3859500
2001-12-18,11.067723475525256,11.176089329794289,10.879890568269651,11.053275108337402,3043000
2001-12-19,10.62703582644753,11.450613287986375,10.62703582644753,11.392818450927734,6826800
2001-12-20,11.378371293206666,11.631224264198826,11.053275108337402,11.053275108337402,3615100
2001-12-21,11.29890514903776,11.306128989168755,11.089398627920524,11.233885765075684,5660700
2001-12-24,11.053273378269289,11.190535945429572,11.053273378269289,11.103843688964844,1006600
2001-12-26,11.053274562512572,11.356697837132167,11.031601668316567,11.168864250183105,1876000
2001-12-27,11.111069901808758,11.530082882783367,11.111069901808758,11.378371238708496,2697300
2001-12-28,11.472284636799566,11.50118205144264,11.204983379108958,11.371143341064453,2577800
2001-12-31,11.089397963380517,11.443391600439593,11.017154054647696,11.176090240478516,3809000
2002-01-02,11.139968511543582,11.241109848022461,10.908789101270706,11.241109848022461,2865600
2002-01-03,11.342247016549685,12.274189589570746,11.28445218170875,12.173048973083496,6554700
2002-01-04,12.787122742738736,13.72628935817561,12.678756198087065,13.068872451782227,12209800
2002-01-07,12.989401063221438,13.06886947709426,12.295863051763305,12.527042388916016,5697700
2002-01-08,12.46202126559291,12.577610917821392,12.2091683846166,12.310310363769531,2927100
2002-01-09,12.310309402682675,12.772667975499484,12.29586035279784,12.440346717834473,3308600
2002-01-10,12.281414973054114,12.498145274344715,11.898523304307226,12.021337509155273,4874800
2002-01-11,12.173052568895713,12.274193215259016,12.100808659519943,12.245296478271484,2955300
2002-01-14,12.028565323273416,12.100809236091417,11.414494820196452,11.573431015014648,5015600
2002-01-15,11.558982402713605,11.739591502756005,11.407270731119228,11.566206932067871,3824400
2002-01-16,11.450614459624616,11.47951188111075,10.843767919446938,10.858216285705566,4210300
2002-01-17,11.053275431362017,11.233884504786335,11.017153478883365,11.212211608886719,3716500
2002-01-18,10.94490813287624,11.024376555659934,10.692055876755086,10.742626190185547,3744800
2002-01-22,10.966582683277258,10.988255578237125,10.099658617255711,10.200799942016602,5868800
2002-01-23,10.27304437495416,10.366961176594257,9.875704272313426,10.005743026733398,7193300
2002-01-24,10.186353319635598,10.641487636587554,10.005744223109925,10.012968063354492,4232100
2002-01-25,10.114108130793696,10.475326278322044,10.01296680145694,10.330839157104492,3743800
2002-01-28,10.352512946876315,10.619814316449702,10.193576755330058,10.316390991210938,3288500
2002-01-29,10.381406644894504,10.439201477613167,9.31942538799376,9.391669273376465,10149900
2002-01-30,9.752891902953257,9.796238392334999,9.1388206556982,9.789013862609863,8878600
2002-01-31,9.969621170712676,10.417531598211019,9.796236622449245,10.381409645080566,5768100
2002-02-01,10.186350796408659,10.439203055529997,9.998517217197021,10.25136947631836,2722500
2002-02-04,10.041865581732242,10.179128882151359,9.521711875108629,9.608404159545898,4135000
2002-02-05,9.68064740369107,9.962397845370571,9.391673121688276,9.687871932983398,3853900
2002-02-06,9.674132106245425,10.013956069946289,9.399380889799458,10.013956069946289,5266100
2002-02-07,9.934421510383919,10.37546978445756,9.71028283396712,9.992263793945312,5039200
2002-02-08,10.050110006682665,10.41162476504585,10.021188853594998,10.230867385864258,3155300
2002-02-11,10.339319807100049,10.46946462076586,10.158562470226043,10.447773933410645,2253800
2002-02-12,10.404394993924944,10.433316147012611,10.144103926601256,10.230867385864258,2217500
2002-02-13,10.389928066710683,10.736982392682448,10.274243521231522,10.715291023254395,4706100
2002-02-14,10.830979646697644,10.838210105895996,10.49838679798791,10.838210105895996,5181600
2002-02-15,10.794827265001784,10.794827265001784,10.086258219004906,10.12240982055664,4571900
2002-02-19,10.12964305818867,10.12964305818867,9.428304277972694,9.536758422851562,6553700
2002-02-20,9.674132395999154,10.086258888244629,9.037866510888467,10.086258888244629,5985400
2002-02-21,9.977802711216874,10.267014104194729,9.6307483501091,9.760893821716309,4743100
2002-02-22,9.688591069895141,9.905499969273112,9.204161447446946,9.543985366821289,6444800
2002-02-25,8.85710855242244,9.652441024780273,8.85710855242244,9.652441024780273,7024200
2002-02-26,9.580140494523892,9.710286020006244,9.218625758881482,9.536758422851562,4527800
2002-02-27,9.543985090397745,9.818736263047608,9.406609848839995,9.478912353515625,3468900
2002-02-28,9.471685787665253,9.753666823433496,9.399382569012854,9.428303718566895,3417500
2002-03-01,9.442761232346305,9.905499458312988,9.327075986320287,9.905499458312988,3827900
2002-03-04,9.970572789588251,10.657450401957744,9.948882106333363,10.592377662658691,5822800
2002-03-05,10.592382588171288,11.055121746502795,10.483928431930716,11.033431053161621,6289000
2002-03-06,10.859902228433178,11.084040962680728,10.773138091170383,11.062350273132324,3873700
2002-03-07,11.2720287775258,11.279259237220131,10.917744526918648,11.062350273132324,4380700
2002-03-08,11.279259405190768,11.373252624478463,11.112962277417605,11.243107795715332,4588300
2002-03-11,11.206956791653969,11.423865770689682,11.127423798139217,11.293720245361328,3500400
2002-03-12,11.02619743347168,11.134651558642842,10.809288493594842,11.02619743347168,3344200
2002-03-13,10.896047951500137,10.896047951500137,10.563454549055495,10.700830459594727,3736400
2002-03-14,10.483926417592164,10.534538255508785,10.223636078905082,10.498387336730957,5580500
2002-03-15,10.230868636666,10.375475109318263,10.136875394790701,10.238099098205566,6263400
2002-03-18,10.339317842902801,10.534535371082605,10.267014646075088,10.527305603027344,4253600
2002-03-19,10.534542147959977,10.679148634640843,10.346554956437547,10.476699829101562,2779100
2002-03-20,10.440543792300941,10.440543792300941,9.98503589630127,9.98503589630127,3214600
2002-03-21,10.05010796034798,10.115180713929231,9.674133046761758,9.98503589630127,3645200
2002-03-22,10.01395496310197,10.01395496310197,9.688591262789998,9.782585144042969,2982100
2002-03-25,9.703052012168612,9.79704589181369,9.464452429044334,9.486143112182617,2750300
2002-03-26,9.399380316177346,9.674131515855894,9.290926203727535,9.44276237487793,5152100
2002-03-27,9.449991213738501,9.572906230174869,9.348767569285746,9.478912353515625,4173600
2002-03-28,9.290925893589261,9.536755252905158,9.211392236882158,9.464452743530273,3390100
2002-04-01,9.233085216500442,9.464454390005043,9.182472692645415,9.399381637573242,3024100
2002-04-02,9.189706237079443,9.247548549875738,9.052330916571934,9.146324157714844,4455600
2002-04-03,9.218623344932782,9.218623344932782,8.92941190796436,8.96556282043457,4078200
2002-04-04,9.074016702018605,9.081247159589816,8.792035062550882,8.878798484802246,6276400
2002-04-05,8.9655656731183,9.2186262781359,8.871572443347429,8.929414749145508,3460600
2002-04-08,8.748657247830327,9.175244074694737,8.748657247830327,9.074020385742188,4098400
2002-04-09,9.139089441090725,9.196931722591634,8.784804604979671,8.878798484802246,4129200
2002-04-10,8.929415829496119,9.146324157714844,8.878803288648292,9.146324157714844,4308500
2002-04-11,9.12463122675355,9.131861686464909,8.71973513640174,8.784807205200195,4606000
2002-04-12,8.835419506118997,9.074019154172785,8.820958587068672,9.037867546081543,2636800
2002-04-15,9.088479341228831,9.182473246013107,9.001715895935941,9.095709800720215,3624900
2002-04-16,9.21862303799929,9.53675560807235,9.117398693663372,9.449992179870605,6163800
2002-04-17,9.442764638111212,9.536757857010896,9.363230959686655,9.428303718566895,6313200
2002-04-18,9.41384316697513,9.457224545056961,8.958334559908472,9.037867546081543,5448200
2002-04-19,9.037868143409455,9.182473895797083,8.958335151979915,9.052329063415527,3965900
2002-04-22,8.92940943461678,8.936639201387583,8.676348980213513,8.71250057220459,5008700
2002-04-23,8.698045659755174,8.73419727668467,8.423294336439646,8.45944595336914,5528600
2002-04-24,8.49559616742252,8.546208009045445,8.170233047853689,8.206384658813477,4948100
2002-04-25,8.025624531647644,8.264224116523197,7.953321334610159,8.213611602783203,4054300
2002-04-26,8.061776835171537,8.191922336538038,7.895480418567238,7.960553169250488,5363600
2002-04-29,7.967786462826253,8.213615945761239,7.895483227558181,7.989477157592773,4903000
2002-04-30,8.061773524032432,8.256991695901995,7.967780355577709,8.23530101776123,5507500
2002-05-01,8.23530353159209,8.358218561133349,7.989473472509575,8.314836502075195,5485900
2002-05-02,8.314835700298898,8.314835700298898,7.909939049758785,8.061775207519531,4160200
2002-05-03,7.953324370577168,7.960554830947828,7.664112851097315,7.736415386199951,5096300
2002-05-06,7.599622056601425,7.657523883717897,7.158120452277263,7.252211093902588,4624400
2002-05-07,7.223260863898963,7.360778247138317,6.9482274779089686,7.129170894622803,8885200
2002-05-08,7.744373030896531,8.207588123134338,7.621331532805924,8.142448425292969,10365300
2002-05-09,7.961504550916499,8.142447836164601,7.889126960719715,8.033882141113281,4766000
2002-05-10,7.997697297588626,8.099025145636464,7.823991823583021,7.925319671630859,3935100
2002-05-13,7.889131539917052,8.395773584884047,7.74437696574545,8.294445037841797,4889700
2002-05-14,8.576716032630856,8.779372414200399,8.51881420932527,8.735945701599121,5823900
2002-05-15,8.706993196180271,9.032691065218067,8.540525657208708,8.822796821594238,5292500
2002-05-16,8.895176400201084,8.98926703922367,8.7938478604281,8.887938499450684,4422900
2002-05-17,8.960316498020598,9.12678408071742,8.902414670104813,9.105071067810059,4022500
2002-05-20,9.061643611324225,9.061643611324225,8.714232008435348,8.772133827209473,2707800
2002-05-21,8.938604172186,9.010981117521922,8.526052753769655,8.612905502319336,2558900
2002-05-22,8.591190579114013,8.685281208367288,8.395772110852699,8.576715469360352,2991300
2002-05-23,8.540527241488343,8.779372435771778,8.50433842927239,8.750421524047852,2403700
2002-05-24,8.750420985455547,8.750420985455547,8.620141545594546,8.678043365478516,1978200
2002-05-28,9.329438542886095,9.33667575165547,8.830034554864964,8.880699157714844,6702200
2002-05-29,8.844508817074615,9.003738426255898,8.757656114727391,8.793844223022461,3129400
2002-05-30,8.76489356043909,8.78660725429894,8.431957847271415,8.554999351501465,3875100
2002-05-31,9.047168541779138,9.054406442271166,8.721470612323925,8.750421524047852,6189300
2002-06-03,8.77213304025212,8.822796954573334,8.395771251984122,8.403008460998535,3163100
2002-06-04,8.32339436849158,8.605666252084832,8.207590731195106,8.431960105895996,3225700
2002-06-05,8.381296786231188,9.032692637707408,8.381296786231188,8.960315704345703,5574500
2002-06-06,8.974791525608481,8.989267327573625,8.786610931771223,8.938603401184082,4721700
2002-06-07,8.649094992871543,9.054408541207959,8.555004335396225,9.047170639038086,4142200
2002-06-10,9.047169301447774,9.307727528841543,8.916889842628768,9.220874786376953,4037100
2002-06-11,9.15572973021212,9.257058215923882,8.678039579452369,8.69251537322998,4548200
2002-06-12,8.6925211615756,8.6925211615756,8.048362404647511,8.352347373962402,7156900
2002-06-13,8.178640518314294,8.612904195155332,8.01941015835049,8.070074081420898,5823100
2002-06-14,7.889127531519625,8.18587512060185,7.708184233179781,8.142448425292969,6898700
2002-06-17,8.178638773477134,8.851747501540247,8.178638773477134,8.815559387207031,5859300
2002-06-18,8.866223888742505,9.047167233410718,8.706993552166132,8.9747896194458,4831000
2002-06-19,8.866222202777863,8.924124006841794,8.6129012923152,8.68527889251709,3724100
2002-06-20,8.68527854085574,8.786607038986869,8.511573135697166,8.58395004272461,3772900
2002-06-21,8.178642080827737,8.721472298268814,8.178642080827737,8.272732734680176,5697500
2002-06-24,8.279969551358537,8.685283064754568,7.9542715744790975,8.44643783569336,5461400
2002-06-25,8.612904034332937,9.083357204931533,8.142451553978514,8.178640365600586,4142100
2002-06-26,8.004934898107646,8.28720611022263,7.918081474117004,8.178640365600586,4954300
2002-06-27,8.540525160514935,8.576713963913171,8.084547894282801,8.5043363571167,3497200
2002-06-28,8.417482029220677,8.692515915973308,8.1062593460083,8.1062593460083,5246500
2002-07-01,8.164167588908185,8.43196378971408,7.961511135101318,7.961511135101318,3705300
2002-07-02,7.961502011219876,8.077305566398639,7.751607894897461,7.751607894897461,5517900
2002-07-03,7.751614139463931,7.889130799458848,7.425916205586123,7.81675386428833,4526500
2002-07-05,7.961505551534352,8.43195787620926,7.925316751887681,8.345105171203613,3591600
2002-07-08,8.395769027442382,8.605663218616248,8.033882443332692,8.1062593460083,3271800
2002-07-09,7.9976986567252375,8.099026521992831,7.650286959430352,7.744377613067627,4786800
2002-07-10,7.816752905685299,7.881892622521327,7.454866203479907,7.491055011749268,4265000
2002-07-11,7.382488488576636,7.816752801534597,7.259446956246685,7.686473369598389,5037700
2002-07-12,7.61409883054582,7.852944070454166,7.563434207667709,7.744377613067627,4296300
2002-07-15,7.599619799765545,7.896366748174489,7.35353676247695,7.802276134490967,5988200
2002-07-16,7.599621527024734,7.7805648967157985,7.4042023564411785,7.577908515930176,4420400
2002-07-17,7.6792349589616125,7.961506812624334,7.418676802672675,7.635808944702148,6322500
2002-07-18,7.5634295500171795,7.729897739399042,7.42591295030511,7.527240753173828,4565900
2002-07-19,7.454870216373454,7.527247181627977,7.266688864271635,7.447632312774658,5511200
2002-07-22,7.237733116239981,7.3824876405159765,6.904797365283181,6.948224067687988,5772600
2002-07-23,6.933747166945921,6.933747166945921,6.347491264343262,6.347491264343262,7996800
2002-07-24,6.3474930250556065,6.80346965789795,5.8263759857790856,6.803469657897949,9067700
2002-07-25,6.694905665185717,7.020603640578328,6.28235494237136,6.513962268829346,5743200
2002-07-26,6.441582027960343,6.557386334579827,6.3330163101693255,6.492246627807617,5416200
2002-07-29,6.702142925128451,7.064029683199176,6.441584017561231,7.05679178237915,8121300
2002-07-30,6.98441100224103,7.020599799763067,6.600811405092799,6.752803802490234,6361800
2002-07-31,6.752806229547625,6.752806229547625,6.188263132128057,6.477772235870361,7103200
2002-08-01,6.477772417409161,6.477772417409161,5.8987535034534675,6.014557838439941,8189200
2002-08-02,6.115884920761483,6.115884920761483,5.804662836838888,5.978368282318115,4852200
2002-08-05,5.934942782824455,5.949418584680399,5.5585805626227405,5.616482734680176,6140800
2002-08-06,5.7549199054772515,5.856391947365895,5.544727645901895,5.559223651885986,7097100
2002-08-07,5.631702913578128,5.733174941624834,5.443254861491389,5.6751909255981445,4615600
2002-08-08,5.754918639715396,6.153558889405278,5.675190451532632,5.9868550300598145,4667300
2002-08-09,5.914375752384848,6.305768245080197,5.870888081654289,6.211544036865234,3353500
2002-08-12,6.015845532758736,6.204293867637215,5.928869537712615,6.1318135261535645,2410600
2002-08-13,6.023094903966123,6.486966969872797,5.9288707177728535,6.226038932800293,5605600
2002-08-14,6.226037771504202,6.5087095861354545,5.957861610616816,6.443478107452393,4574700
2002-08-15,6.414486108740886,6.552197929814602,6.305765595154903,6.443478107452393,3868300
2002-08-16,6.378247242191556,6.523207265400108,6.313015058941728,6.486967086791992,2757400
2002-08-19,6.501461849887008,6.96533381107799,6.414485857163698,6.914597988128662,6100800
2002-08-20,6.740647392363826,6.885607410121609,6.639175034321434,6.704407215118408,3770800
2002-08-21,6.740646690472511,6.95808704007946,6.457974166861097,6.921846866607666,5186900
2002-08-22,6.871114139156979,7.2480110453002045,6.827626459970729,7.182778835296631,4906800
2002-08-23,7.008824907669532,7.139289293641661,6.805880844887122,6.87111234664917,2709800
2002-08-26,6.87111334897358,7.103050145782729,6.675417432692241,6.950841903686523,2715600
2002-08-27,7.059561303362134,7.0885533146012865,6.704408992876507,6.849369049072266,2638800
2002-08-28,6.849370549892194,6.849370549892194,6.436234126402664,6.5666985511779785,3257800
2002-08-29,6.327511057184534,6.813127679562778,6.305767225335584,6.646423816680908,3983300
2002-08-30,6.57394085337287,6.9290936528524325,6.523205035400223,6.653669357299805,3706700
2002-09-03,6.450728299555499,6.631928540455643,6.175304541664456,6.211544036865234,4135800
2002-09-04,6.342004974418816,6.726149082183838,6.233285165632539,6.726149082183838,4711500
2002-09-05,6.668168501601684,6.668168501601684,6.3565045678151195,6.494216442108154,4206300
2002-09-06,6.559448237076569,7.03056854227102,6.552200062233824,6.755144119262695,4745100
2002-09-09,6.631926476458701,7.320487730563553,6.588438819262428,7.1030473709106445,5618300
2002-09-10,7.248010009039092,7.450954095749439,7.1392901353931455,7.305994033813477,5490100
2002-09-11,7.646650326428922,7.646650326428922,7.248009657046549,7.262506008148193,4906900
2002-09-12,7.1465373370795895,7.248009722028657,6.7841368509781566,6.849369049072266,6589500
2002-09-13,6.813129932158257,7.255259037017822,6.747898415044195,7.255259037017822,5442200
2002-09-16,7.190025852333396,7.255258051813644,6.9580897574917016,7.081305980682373,3823000
2002-09-17,7.240760289527854,7.262504812600755,6.631927467965641,6.646423816680908,4473500
2002-09-18,6.523208721988051,6.8421208442577655,6.436232688641765,6.573944568634033,3768800
2002-09-19,6.392741697327775,6.472470213524731,6.211541529569288,6.269525527954102,3961900
2002-09-20,6.269525190460523,6.653670023110813,6.168053544361293,6.559445858001709,6120000
2002-09-23,6.472472772325596,6.5232086181640625,6.211543985215637,6.5232086181640625,3857000
2002-09-24,6.34200587154701,6.552198038497902,6.160805703788523,6.269525527954102,3532200
2002-09-25,6.450728245917061,6.849368910827454,6.327512027831593,6.5232086181640625,4636400
2002-09-26,6.653672624994311,6.9508408897317,6.581192256960013,6.87111234664917,3850600
2002-09-27,6.871111321100636,6.958088026249682,6.486967086791991,6.486967086791992,3525100
2002-09-30,6.305765151977539,6.523205472643742,6.04483718191233,6.305765151977539,6445800
2002-10-01,6.436232138894645,6.624680540660751,6.233288078420997,6.508711814880371,4293500
2002-10-02,6.566696325305368,6.624680340834528,6.269527381688432,6.3927435874938965,3180000
2002-10-03,6.284024086265652,6.385496464787442,5.943367457364812,5.957863807678223,4670700
2002-10-04,5.9578635221462495,5.9578635221462495,5.47949469870207,5.6751909255981445,8932400
2002-10-07,5.667942886098161,5.725926899973419,5.233062090809762,5.262054443359375,5752900
2002-10-08,5.363526376295445,5.885382837897065,5.320038366629641,5.7041826248168945,4313800
2002-10-09,5.6751924228083555,5.798408662177563,5.493992152115307,5.69693660736084,3873800
2002-10-10,5.6172070990372305,5.928871714110982,5.595462919487802,5.791159152984619,5533500
2002-10-11,5.943369077666797,6.414490222930908,5.892633220186131,6.414490222930908,4978000
2002-10-14,6.378246428994587,6.573942262569839,6.160806076292442,6.428982257843018,2843900
2002-10-15,6.958086202448323,7.139286356770167,6.900102208363231,7.095798015594482,5699500
2002-10-16,6.9580873062629705,6.9653347882555305,6.34925458056198,6.472470760345459,6404400
2002-10-17,6.711657168492313,6.958089609637139,6.711657168492313,6.849369049072266,5274100
2002-10-18,6.813124982706317,6.820373154194889,6.595685367838586,6.653669357299805,4389900
2002-10-21,6.617431336487233,6.878359373656982,6.486966972290407,6.8566155433654785,5240400
2002-10-22,6.863861458621242,6.863861458621242,6.392740682503606,6.660916805267334,4311900
2002-10-23,6.660919919979006,6.784136127409677,6.4724722126356244,6.755144119262695,3217100
2002-10-24,6.776887569609244,6.914599413673165,6.6681670378729905,6.704407215118408,3534800
2002-10-25,6.689910171122473,6.936342521262094,6.675414516468045,6.921846866607666,3078900
2002-10-28,7.0305683433462,7.153784547290559,6.842119950110831,6.936344146728516,3721000
2002-10-29,6.7913817075346,6.907349695815753,6.544949386825282,6.740645885467529,3061600
2002-10-30,6.885608696745636,6.885608696745636,6.631928099849611,6.87111234664917,3017200
2002-10-31,6.813124982706317,6.885605315144679,6.6319248428340885,6.653669357299805,3105200
2002-11-01,6.61018408546405,7.0015765414710005,6.4869678779040845,6.9580888748168945,3987200
2002-11-04,7.066811182836888,7.175531078390837,6.943594932556152,6.943594932556152,5690800
2002-11-05,6.617431175558071,7.052311226931815,6.617431175558071,7.037815570831299,3194000
2002-11-06,7.125615533333938,7.256227856187819,7.016772392294246,7.248971462249756,4468400
2002-11-07,7.14738430048531,7.183664884055143,7.00951559169196,7.125615119934082,3822400
2002-11-08,7.096591202366901,7.26348481590319,6.980491658345762,7.045797824859619,2718500
2002-11-11,6.965981181743356,7.009518174874735,6.79908752938499,6.864393711090088,3652000
2002-11-12,7.002261755534467,7.2199487964957925,6.8571372922295915,7.074824333190918,3577000
2002-11-13,7.038544886364676,7.16190088545835,6.8934203850804145,6.987751483917236,3572600
2002-11-14,7.292511228451319,7.981852934382775,7.256229940347977,7.960084438323975,10248100
2002-11-15,7.894771965633874,8.402707518208032,7.785928188077472,8.337401390075684,7986200
2002-11-18,8.170512394676079,8.373686572495282,8.148743213761039,8.19953727722168,5439900
2002-11-19,8.076181669046408,8.112462946648355,7.887519579122537,7.981850624084473,4780600
2002-11-20,8.112463169651736,8.351918639596034,7.960082353141018,8.301124572753906,8108200
2002-11-21,8.344659690260682,8.613139962471633,8.337403298361236,8.446247100830078,7373400
2002-11-22,8.446250421190037,8.555093574439292,8.308381688932561,8.526068687438965,4608000
2002-11-25,8.526068687438965,8.707474404192986,8.438994026437982,8.526068687438965,4287100
2002-11-26,8.453505885792238,8.46801867488751,8.068925970869843,8.07618236541748,5125800
2002-11-27,8.090696638827705,8.40271476822735,8.090696638827705,8.388202667236328,4134500
2002-11-29,8.417224461421908,8.446249344723041,8.315637023864046,8.373686790466309,1550400
2002-12-02,8.322891206569963,8.584115086881466,8.163254044820233,8.446247100830078,4726200
2002-12-03,8.417228117354282,8.438996616283093,8.185028258083916,8.2140531539917,2830100
2002-12-04,7.996364822550196,8.141489266551266,7.981852032146121,8.061670303344727,4348100
2002-12-05,8.054413547448759,8.090694134701247,7.655320859600784,7.749651908874512,3977400
2002-12-06,7.582759099037622,8.156001157249838,7.582759099037622,7.967339038848877,3800200
2002-12-09,7.974594763278554,7.974594763278554,7.510196593352784,7.568246364593506,3634600
2002-12-10,7.539219516011156,7.814956203615849,7.488425460394713,7.785930633544922,2096700
2002-12-11,7.764163880668736,7.8947762071049485,7.640807948369609,7.822213649749756,2919600
2002-12-12,7.836725027084733,8.272098216806953,7.836725027084733,7.996362209320068,4404000
2002-12-13,8.003615141481143,8.039896401075943,7.771416187286377,7.771416187286377,3028300
2002-12-16,8.07618471271721,8.286615371704102,7.691604686018696,8.286615371704102,3678500
2002-12-17,8.286611327490256,8.504298276893458,8.214048780353277,8.272098541259766,3874600
2002-12-18,8.22130753774987,8.308382204150512,8.010876920946336,8.061670303344727,3380500
2002-12-19,7.88752032922288,8.243075361117924,7.727883107797561,7.80770206451416,4470600
2002-12-20,7.9092871895903425,8.30112342171301,7.902031488482833,8.272098541259766,5902700
2002-12-23,8.090695319974696,8.3809449045706,8.054414727407162,8.344663619995117,3777000
2002-12-24,8.126977809050848,8.308383566806484,8.090696519098111,8.119721412658691,1389900
2002-12-26,8.119714944319556,8.373683079664199,8.105202855103931,8.1487398147583,2174900
2002-12-27,8.076181908485095,8.141488071703202,7.807701553483418,7.822213649749756,2914000
2002-12-30,7.800446697869523,7.902034159801856,7.727884126202433,7.829471588134766,3112300
2002-12-31,7.822215128311595,8.054414940534118,7.735140458231135,7.873009204864502,3093400
2003-01-02,7.931055836773424,8.359173313738502,7.923799444145072,8.330147743225098,4020100
2003-01-03,8.380947242155813,8.555096626281738,8.286616152752234,8.555096626281738,4713500
2003-01-06,8.526064781668765,8.99046345294196,8.526064781668765,8.91064453125,6611300
2003-01-07,8.888879769845547,8.910648261233987,8.729242551645303,8.743755340576172,4773700
2003-01-08,8.634912512583075,8.642168907899759,8.27935744616084,8.344663619995117,5833500
2003-01-09,8.48979013207144,8.823576785770362,8.482533734989087,8.78003978729248,4611700
2003-01-10,8.772780763039213,8.888880313556234,8.562350154725138,8.845342636108398,3471400
2003-01-13,8.917907649269944,9.019495129863408,8.63491439819336,8.63491439819336,2990000
2003-01-14,8.634910334718587,9.04125937386185,8.562348475876849,8.983209609985352,5130600
2003-01-15,9.034006511259566,9.034006511259566,8.751013974757736,8.816319465637207,3621700
2003-01-16,8.845341522500227,9.034003614342215,8.743754774591325,8.801804542541504,4250800
2003-01-17,8.453506958043263,8.685706768964973,8.344663794054433,8.518813133239746,4643000
2003-01-21,8.417224127106811,8.42447982863806,7.590013947867958,7.604526042938232,9294200
2003-01-22,7.546480925785017,7.546480925785017,6.893420329287388,6.900676727294922,12606700
2003-01-23,7.053054048414028,7.1764099839486075,6.849879159293631,7.08207893371582,5843700
2003-01-24,6.980492275492321,7.016773559208529,6.7918301537743835,6.878904819488525,4711100
2003-01-27,6.857139031257919,6.980495029353191,6.719270929155781,6.900676727294922,5025800
2003-01-28,6.907930562710579,7.0748235029234205,6.820855202938375,6.936955451965332,4003200
2003-01-29,6.893415534124179,6.97323378065968,6.741034742005335,6.915184020996094,3696700
2003-01-30,6.842622703113735,6.900672467321904,6.46529854375286,6.632192134857178,6192500
2003-01-31,6.530606014498952,6.7482930200505,6.523349619512055,6.690243244171143,4369700
2003-02-03,6.690241648244028,6.77005989803588,6.603167005196256,6.726522922515869,3415600
2003-02-04,6.545115857290809,6.559627948722082,6.341941041192164,6.414503574371338,5720500
2003-02-05,6.407965786992431,6.647719561820725,6.313517225261601,6.40070104598999,4311200
2003-02-06,6.451559566263833,6.480620617301819,6.095561517830979,6.357110977172852,6167600
2003-02-07,6.429762293955802,6.4588233375034125,6.059233469071312,6.102824687957764,4507800
2003-02-10,6.102825435133183,6.175478399332157,5.942990022487469,6.1318864822387695,5330500
2003-02-11,6.110090880679691,6.226335069302798,5.841276021271253,5.913928985595703,6402900
2003-02-12,5.870337304130462,5.935724836073878,5.637848917549468,5.703236103057861,8448100
2003-02-13,5.746827610830125,5.775888658825509,5.557930798860124,5.637848854064941,7856200
2003-02-14,5.637850181374137,5.957521784583094,5.630584744447292,5.95025634765625,5741400
2003-02-18,5.950253496882115,6.248130032337907,5.950253496882115,6.044702053070068,4181600
2003-02-19,6.030172964639665,6.059234010785423,5.899397910548759,5.942989826202393,2588000
2003-02-20,5.979316322290139,6.044703857078646,5.79041949997395,5.819480895996094,4330800
2003-02-21,5.448951803165396,5.942990321704141,5.100218873905409,5.863071918487549,4689700
2003-02-24,5.884867402559324,5.884867402559324,5.52886908766603,5.579725742340088,7357900
2003-02-25,5.463482219657614,5.688705514839355,5.318176979680691,5.637848854064941,5888900
2003-02-26,5.703235353061085,5.703235353061085,5.427155083866719,5.4780120849609375,3840600
2003-02-27,5.550664762892989,5.717765943998529,5.485277585197764,5.630582809448242,3806700
2003-02-28,5.681440415560711,5.76135812418285,5.608787449271468,5.739562511444092,3974400
2003-03-03,5.797685682556884,5.841277262553843,5.492544276143088,5.601523399353027,5039300
2003-03-04,5.66691001831307,5.66691001831307,5.281850604822465,5.303646564483643,6451900
2003-03-05,5.332707333814401,5.4053599514886415,5.223728234085535,5.376298904418945,5526300
2003-03-06,5.3036447793653725,5.405358415200693,5.20919623001512,5.223726749420166,3809400
2003-03-07,5.158343095195409,5.369035957297484,5.107486412475358,5.187404155731201,4083600
2003-03-10,5.187402643357004,5.194668079590317,4.940383700820525,4.976709842681885,5080500
2003-03-11,5.013034740218831,5.049360870553015,4.758750442139715,4.766015529632568,4603300
2003-03-12,4.766017532470791,4.874996662139893,4.540794182586703,4.874996662139893,6563900
2003-03-13,4.998505755832402,5.172872066497803,4.657037877793394,5.172872066497803,8082500
2003-03-14,5.187401875431147,5.194667310588907,4.744220723858182,4.8459343910217285,8773200
2003-03-17,4.896789278204222,5.456215111116968,4.816871599018023,5.441684246063232,10432200
2003-03-18,5.594256669386774,5.630583150869612,5.390829343100893,5.616052627563477,6425200
2003-03-19,5.695971101208835,5.732297238949538,5.427155880465489,5.557930946350098,5649900
2003-03-20,5.550666094620936,5.834011523107713,5.412625925246591,5.666910648345947,5394300
2003-03-21,5.884866580027356,5.921192360934429,5.74682611824899,5.877601146697998,5663500
2003-03-24,5.637847831265598,5.703235004175384,5.528868747836014,5.586990833282471,3614300
2003-03-25,5.550665169782057,5.717766363136878,5.528869557764259,5.572461128234863,4791000
2003-03-26,5.507074802808741,5.710502522562966,5.463483222811782,5.601523399353027,2913300
2003-03-27,5.601522104257342,5.703235767400283,5.492543006243833,5.616052627563477,3460900
2003-03-28,5.485277587357506,5.630582811665196,5.419890063201555,5.434420585632324,2831600
2003-03-31,5.267319409643879,5.339972021869213,5.151075230083347,5.245523452758789,3644900
2003-04-01,5.303646797728933,5.565196246555399,5.2309938266198746,5.536135196685791,4304200
2003-04-02,5.775888723864423,5.834010820509671,5.652379441710781,5.703236103057861,5186500
2003-04-03,5.797684743099392,5.812215267410517,5.637848975677014,5.754093170166016,3055400
2003-04-04,5.775890394931334,5.863073565122835,5.703237753105083,5.834012508392334,3926300
2003-04-07,6.037437304621796,6.248130024191012,5.964784355996604,6.030171871185303,6481300
2003-04-08,5.9865817579044345,6.030173678720131,5.76862388600114,5.819480895996094,3502900
2003-04-09,5.884868250793311,5.986581574802198,5.637848990423066,5.659644603729248,4227400
2003-04-10,5.688707224739833,5.834012508392334,5.637850548679019,5.834012508392334,2292000
2003-04-11,5.884868026029642,5.986581346153741,5.71050139406472,5.790419101715088,2460400
2003-04-14,5.783154865379242,6.175479412078857,5.761358903258123,6.175479412078857,3238700
2003-04-15,6.102827977878952,6.226337652755553,5.964788119830559,6.182746410369873,4160600
2003-04-16,6.320783487281963,6.357109968533296,6.088295115865431,6.095560550689697,4803300
2003-04-17,6.139153366079574,6.284458635899706,6.095562131568624,6.269928455352783,3144900
2003-04-21,6.349843901343942,6.357109335444662,6.190008508347684,6.277191638946533,2590900
2003-04-22,6.2336001279017434,6.640455456385227,6.139151557131114,6.625924587249756,5659800
2003-04-23,6.611394273193035,6.822087021176375,6.531475880353517,6.80755615234375,5380500
2003-04-24,6.64772217681319,6.742170775696952,6.378907253622566,6.4370293617248535,6406300
2003-04-25,6.50241623236278,6.509681668339804,6.3135190541808175,6.357110977172852,3605000
2003-04-28,6.364375378275748,6.538741656150975,6.320783462371943,6.487884998321533,2861000
2003-04-29,6.524212656552676,6.647722311999236,6.335316147813992,6.4442949295043945,4498500
2003-04-30,6.371642490661966,6.371642490661966,6.204540910716179,6.269928455352783,7466300
2003-05-01,6.269927846739389,6.328049949025608,6.059235052734317,6.262662410736084,4373600
2003-05-02,6.175478609032078,6.647720813751221,6.160947738550854,6.647720813751221,5819600
2003-05-05,6.641172992404539,6.837570954293354,6.59752861548267,6.670269012451172,5090400
2003-05-06,6.692093112315062,6.823025593560154,6.582983173746866,6.597530841827393,3976300
2003-05-07,6.546608539252339,7.259461136104308,6.4520463326631505,6.58297872543335,4224400
2003-05-08,6.5829815240602985,6.5829815240602985,6.255651096680218,6.386582851409912,5865800
2003-05-09,6.393858596479998,6.5393387449798706,6.372036747631034,6.459324836730957,3792700
2003-05-12,6.3865801362780505,6.699362766249704,6.342936467823719,6.58297872543335,4075900
2003-05-13,6.466594684616996,6.699362766249704,6.466594684616996,6.58297872543335,3955400
2003-05-14,6.553884221914355,6.7066384840286934,6.553884221914355,6.619350433349609,2668700
2003-05-15,6.6411760651385485,7.128535146688443,6.6411760651385485,7.10671329498291,8814100
2003-05-16,7.055791962253329,7.055791962253329,6.866667471407852,6.9830522537231445,6624000
2003-05-19,6.873944739837347,6.9030407750672875,6.517518134844522,6.546614170074463,5401800
2003-05-20,6.561160711490481,6.612078585569043,6.212007692040891,6.2774739265441895,6729000
2003-05-21,6.277474750791204,6.401133055822056,6.233830357490393,6.35021448135376,4127000
2003-05-22,6.31384304138351,6.342939063494333,6.182910595032865,6.255650997161865,5772700
2003-05-23,6.197461376271031,6.299297146626781,6.153816979187025,6.241105079650879,3106000
2003-05-27,6.212005883580057,6.684816360473633,6.182909864905126,6.684816360473633,8288100
2003-05-28,6.641175094797065,6.881217509597822,6.6266267333162645,6.873943328857422,7501100
2003-05-29,6.866669688923666,7.012150540373257,6.786655775589679,6.910314083099365,7557500
2003-05-30,6.844848762103456,7.092165410487487,6.844848762103456,7.055795192718506,4982100
2003-06-02,7.077612727365853,7.332203402701454,7.077612727365853,7.223093509674072,6415600
2003-06-03,7.186719541680458,7.27400754902434,7.063061357850771,7.215815544128418,4268000
2003-06-04,7.201274367223159,7.448590981165275,7.1940008796456505,7.404947280883789,5315500
2003-06-05,7.397670322459825,7.594068287405421,7.288560419012699,7.543150424957275,4184900
2003-06-06,7.732276435183375,8.365115526556663,7.71045458891643,7.885030746459961,11812500
2003-06-09,7.855935754846352,7.877757603987282,7.623166820428157,7.717729091644287,7013500
2003-06-10,7.717728230135118,7.935948778297272,7.688632203293764,7.89957857131958,5608700
2003-06-11,7.863211268365776,8.22691205296966,7.797745016144407,8.219637870788574,6973700
2003-06-12,8.27782853049629,8.401486831689699,8.059607958172386,8.212362289428711,6394900
2003-06-13,8.234185746207311,8.466954725860951,8.081431385126947,8.132349967956543,4874400
2003-06-16,8.132350326082188,8.248734474182129,8.052335703985296,8.248734474182129,6717400
2003-06-17,8.256008656864436,8.357844439599763,8.081431741010283,8.248734474182129,8001400
2003-06-18,8.256009548681911,8.277831405381795,8.015967043870234,8.03051471710205,5480100
2003-06-19,8.045060895128964,8.146896661157045,7.732278028147564,7.797744274139404,5505700
2003-06-20,7.8923035224927185,7.950495564655478,7.717726702300578,7.877755165100098,6877500
2003-06-23,7.8632073153054725,7.8632073153054725,7.514054376888781,7.550424575805664,5702300
2003-06-24,7.550423468091719,7.79773995199839,7.5358751131777995,7.746821403503418,4662000
2003-06-25,7.754097601481712,7.928673743716395,7.666809530364371,7.674083709716797,3504600
2003-06-26,7.637717300558193,7.863212116566456,7.637717300558193,7.812293529510498,3250300
2003-06-27,7.826839062998782,7.848660910294677,7.492234398410982,7.5577006340026855,2920800
2003-06-30,7.5358754841421725,7.681356265627889,7.339477539062501,7.3394775390625,4362600
2003-07-01,7.303109871969179,7.630440356223674,7.193999941785686,7.5577006340026855,5023400
2003-07-02,7.659534039828218,7.834110845882205,7.623163842995979,7.805014133453369,3821100
2003-07-03,7.805017886637152,8.008690809355972,7.746825821204386,7.819566249847412,3155000
2003-07-07,7.841387257914019,8.226910517087822,7.841387257914019,8.13962173461914,5301900
2003-07-08,8.088700022025591,8.546962791090195,8.088700022025591,8.532414436340332,5589900
2003-07-09,8.474226007458203,8.583336633357957,8.416033951126611,8.525144577026367,5197700
2003-07-10,8.365117010658281,8.416034892216103,7.95049838950662,8.037786483764648,5478400
2003-07-11,8.146896036780092,8.161444398642907,7.9214019775390625,7.9214019775390625,5184400
2003-07-14,7.99413858098416,8.568785469569377,7.99413858098416,8.401483535766602,6850700
2003-07-15,8.408756036282115,8.794278379887462,8.408756036282115,8.5687837600708,7985300
2003-07-16,8.58333681815547,8.765187171532899,8.372390435985814,8.437856674194336,4334000
2003-07-17,8.386938271310251,8.386938271310251,8.074156128962631,8.154170036315918,3664800
2003-07-18,8.365116178802976,8.437856596969835,8.175991646532374,8.350567817687988,3754600
2003-07-21,8.350569620092736,8.481502123572216,8.146897376450134,8.183267593383789,4276800
2003-07-22,8.256008087989802,8.321473646506977,7.965047044084179,8.219637870788574,5072400
2003-07-23,8.33602327114663,8.33602327114663,7.775923645200257,7.9795966148376465,8481500
2003-07-24,8.07415559854456,8.146895320349747,7.892305253475575,7.965044975280762,3912400
2003-07-25,7.965047892632604,8.059610189948216,7.761375625793582,8.001418113708496,3690900
2003-07-28,8.001412780125177,8.001412780125177,7.775918114728339,7.805014133453369,4237600
2003-07-29,7.812288948753639,7.885029348351036,7.608616801066333,7.615890979766846,4311500
2003-07-30,7.637712311042824,7.659534151980163,7.463136196136475,7.463136196136475,7723200
2003-07-31,7.564972849240046,7.797741724857826,7.506780803761576,7.57224702835083,5530400
2003-08-01,7.637717165737159,7.637717165737159,7.266742165483762,7.281290531158447,5969400
2003-08-04,7.310382492229319,7.506780463388074,7.019421584325861,7.492232799530029,7749700
2003-08-05,7.356752776157194,7.5971218616188425,7.342184615996798,7.393171787261963,5694900
2003-08-06,7.371321293732769,7.429592553394829,7.262062855528457,7.356753826141357,4170100
2003-08-07,7.320333004720878,7.5024308372032475,7.283913299294783,7.473295211791992,3106300
2003-08-08,7.502427701628758,7.538847391833559,7.393168631014353,7.45143985748291,3335700
2003-08-11,7.451444315218485,7.538851901859656,7.378605585881815,7.466012477874756,2444000
2003-08-12,7.480580729418021,7.837492382958877,7.473296648003333,7.8302083015441895,5735400
2003-08-13,7.830210061032483,7.881197253095906,7.67724779019382,7.793790340423584,5681900
2003-08-14,7.779223959231981,8.041444733999349,7.706384507805689,7.990457534790039,5930500
2003-08-15,7.939468860626221,7.983172666116402,7.895765749784463,7.939468860626221,1391800
2003-08-18,7.954035546914134,7.961319628914836,7.844777095496772,7.866628646850586,3190000
2003-08-19,7.9030454841355375,7.9394644915796695,7.793786377859023,7.888477325439453,5899300
2003-08-20,7.888480681842171,8.092430127827795,7.808357858867045,8.070578575134277,5343200
2003-08-21,8.070574819153792,8.121561983259099,7.8666254680845515,7.968599796295166,4794800
2003-08-22,8.005021496933166,8.121564012375789,7.910330529473987,7.97588586807251,4164800
2003-08-25,7.9758858090973135,7.9758858090973135,7.866627375339778,7.90304708480835,2334300
2003-08-26,7.866628149293613,8.012306306852185,7.764653091678489,7.9103312492370605,3527100
2003-08-27,7.852060317993164,7.93218382902209,7.83020876709813,7.852060317993164,2583000
2003-08-28,7.866628149293613,7.939466880748775,7.77922125475847,7.9103312492370605,3553900
2003-08-29,7.97588659380048,8.034157856823908,7.866628149293613,7.9103312492370605,3151500
2003-09-02,7.910331818125409,8.216256318323746,7.815640835240371,8.208972930908203,4520800
2003-09-03,8.223539591877003,8.391069989632832,8.1725524117396,8.267243385314941,6024500
2003-09-04,8.216256515248615,8.369218769013937,8.194404963181658,8.318231582641602,4858500
2003-09-05,8.21625680730711,8.289096242983899,8.012307359919777,8.121565818786621,6092400
2003-09-08,8.106995276722138,8.347364350872686,8.099711196984709,8.296377182006836,5070800
2003-09-09,8.26724375603523,8.478477262052914,8.26724375603523,8.391070365905762,3527200
2003-09-10,8.32551319477023,8.420204151830783,8.10699565498804,8.15798282623291,3549300
2003-09-11,8.106998859391686,8.310948319633129,8.106998859391686,8.259961128234863,2556400
2003-09-12,8.267239483569064,8.369213795716819,8.157980398863453,8.238103866577148,4464200
2003-09-15,8.259960289424345,8.391070990732132,8.223540572989036,8.361934661865234,3021300
2003-09-16,8.37650422414656,8.849958532869385,8.37650422414656,8.813539505004883,8434400
2003-09-17,8.820821412827154,8.886376763414406,8.646007607693358,8.675143241882324,5514000
2003-09-18,8.769833094254897,9.323410767012914,8.74798154509683,9.236003875732422,8022900
2003-09-19,9.28699365308855,9.301561819701105,8.995637267321609,9.141315460205078,7139300
2003-09-22,9.032053228081224,9.09760856628418,8.900943246323497,9.09760856628418,3816000
2003-09-23,9.09760900989413,9.286990952904219,9.010202119577523,9.272422790527344,4340800
2003-09-24,9.27242128034486,9.359828851073768,9.083040062827163,9.090323448181152,6087900
2003-09-25,9.163168139163913,9.286994791961952,9.163168139163913,9.250575065612793,8320500
2003-09-26,9.214146766770876,9.214146766770876,8.930074693764025,8.951926231384277,6684700
2003-09-29,8.95193239850065,9.03205522140459,8.646007882469844,8.791686058044434,9477600
2003-09-30,8.70427887607129,8.806253943056827,8.5731688695451,8.675143241882324,4646500
2003-10-01,8.58045041355051,9.061188621703435,8.58045041355051,9.032052993774414,4896400
2003-10-02,9.061189162011818,9.221435472500819,8.988350435170057,9.192299842834473,4360500
2003-10-03,9.447238572595069,9.469090124534775,9.206869417313358,9.301560401916504,4920000
2003-10-06,9.374399473755847,9.556497367250675,9.345263838582609,9.469090461730957,3637800
2003-10-07,9.469090080603062,9.731310786607908,9.39625064827756,9.680323600769043,4980000
2003-10-08,9.651185589609709,9.665753750345885,9.469087748296317,9.549210548400879,3265400
2003-10-09,9.651186140486459,9.753161187515886,9.600198964295833,9.709457397460938,5389300
2003-10-10,9.724024037619625,9.731307422615753,9.498222431186031,9.527358055114746,4342700
2003-10-13,9.614766114869681,9.87698745727539,9.578346406796872,9.87698745727539,3751300
2003-10-14,10.008098104809529,10.161060333251953,9.855135876367102,10.161060333251953,5967500
2003-10-15,10.175630392470138,10.343160119563834,10.124642510384305,10.182913780212402,7762500
2003-10-16,9.920690779773226,10.168343966795389,9.891555151573453,9.964394569396973,5411100
2003-10-17,10.233900046495517,10.233900046495517,9.833284608693187,9.898839950561523,4381400
2003-10-20,9.833281318923268,10.09550190402128,9.833281318923268,10.051798820495605,3332700
2003-10-21,10.051800886740383,10.051800886740383,9.745876460582988,9.82599925994873,4925900
2003-10-22,9.600201013815067,9.775014822059,9.381683406185987,9.432670593261719,6327500
2003-10-23,9.35983042846848,9.600199551861685,9.075757512345504,9.5419282913208,6813700
2003-10-24,9.469084565667046,9.49093610477871,9.228715551495021,9.410813331604004,4152600
2003-10-27,9.556497201535734,9.636620023210684,9.403534945866598,9.454522132873535,4021400
2003-10-28,9.454517397281862,10.015378952026367,9.11217403506823,10.015378952026367,5932900
2003-10-29,9.833284826485185,10.000814530838595,9.7240263840502,9.986247062683105,5412200
2003-10-30,10.051801284846832,10.117356620855213,9.84785189088043,9.94982624053955,3270800
2003-10-31,9.949826178772856,9.964394339861242,9.825999588114195,9.87698745727539,2651100
2003-11-03,9.833284211086337,9.898839550303958,9.782297033760718,9.818716049194336,3220100
2003-11-04,9.818717842514424,9.869705723800815,9.687607834781051,9.716743469238281,4476900
2003-11-05,9.726219335626768,9.78454743127132,9.565816724941374,9.653308868408203,3005100
2003-11-06,9.58769225112319,9.784550150119069,9.573110570823093,9.740803718566895,4579500
2003-11-07,9.879329005295432,9.952238764234599,9.646015968843477,9.704344749450684,3542000
2003-11-10,9.653310512710963,9.71163861829087,9.543945488580102,9.609564781188965,1995200
2003-11-11,9.551237366206104,9.646020023132262,9.529363803537683,9.594983100891113,2745800
2003-11-12,9.580400386989,9.718929458973152,9.580400386989,9.646018981933594,4508800
2003-11-13,9.65330845015657,9.718927728745024,9.565816310480537,9.711636543273926,3235300
2003-11-14,9.71163698423508,9.71163698423508,8.822133176144245,8.938789367675781,16547900
2003-11-17,8.756513008810472,8.909624418539053,8.348215684425702,8.545073509216309,11759000
2003-11-18,8.749223573826834,8.749223573826834,8.260725201995438,8.32634449005127,6375300
2003-11-19,8.326345880130493,8.326345880130493,7.932630781390781,8.268017768859863,14807400
2003-11-20,8.078448601595445,8.442999533780531,8.078448601595445,8.260724067687988,6592700
2003-11-21,8.260724942671544,8.384672328369152,8.238852079114848,8.311761856079102,2940800
2003-11-24,8.202398215691717,8.297181567401042,8.041995567004713,8.085741996765137,7292300
2003-11-25,8.056578636169434,8.15865248886168,7.976376957252986,8.056578636169434,7996500
2003-11-26,8.14406547221434,8.399251327408638,8.14406547221434,8.391960144042969,5223800
2003-11-28,8.326345784587568,8.523202984035565,8.31905459693092,8.457584381103516,2270800
2003-12-01,8.566947061863875,8.566947061863875,8.450290872699123,8.530491828918457,4958200
2003-12-02,8.406543878435986,8.486745524489004,8.28988769725962,8.319051742553711,4351400
2003-12-03,8.319051742553711,8.450290294039968,8.311760557398767,8.319051742553711,3930200
2003-12-04,8.377381142074988,8.443000428070874,8.246143265409012,8.311761856079102,2777900
2003-12-05,8.202397777981547,8.33363636493353,8.114905618455515,8.14406967163086,3390000
2003-12-08,8.093033865251753,8.25343583210955,8.093033865251753,8.20969009399414,1771700
2003-12-09,8.238851167331038,8.311760936226456,8.093030934214486,8.107612609863281,3822400
2003-12-10,8.041991979415526,8.15864814630097,7.8670077290873595,7.961791038513184,4418300
2003-12-11,7.983666856673732,8.09303257518074,7.961793991102675,8.063868522644043,8099000
2003-12-12,8.15136025097093,8.231561217391677,8.063868097968525,8.136777877807617,5067600
2003-12-15,8.165942977497096,8.348218493491789,7.947212219238281,7.947212219238281,4692400
2003-12-16,7.95450681079069,8.136782404788006,7.95450681079069,8.093036651611328,5319600
2003-12-17,8.093031621480439,8.144068533573892,7.98366591586132,8.078449249267578,2840800
2003-12-18,8.07115681566698,8.238850593566895,8.034702281420872,8.238850593566895,3948000
2003-12-19,8.238854500705282,8.260727370690923,8.093034208591012,8.202399253845215,4874300
2003-12-22,8.12219873903282,8.413839340209961,8.114907550171882,8.413839340209961,4658600
2003-12-23,8.348217114193373,8.479455686530512,8.333635436892466,8.464873313903809,3248900
2003-12-24,8.38467381346462,8.472165978513836,8.326345703431809,8.370091438293457,1758600
2003-12-26,8.362799727340711,8.41383664235044,8.260725201995438,8.32634449005127,948500
2003-12-29,8.304474288600042,8.428421717931839,8.0201241809578,8.413839340209961,3902000
2003-12-30,8.377382195162856,8.603404131413706,8.348218141645896,8.566948890686035,3216800
2003-12-31,8.545078085073522,8.676316009885664,8.508622835554462,8.632570266723633,3426800
2004-01-02,8.632566337726246,8.71276729390494,8.472163730043123,8.515910148620605,3026900
2004-01-05,8.537785009635053,8.829425550695882,8.530493822277059,8.785679817199707,6198500
2004-01-06,8.763807205103914,9.033574887255368,8.712769587440834,8.982537269592285,4515400
2004-01-07,8.89504190592769,9.1939735355319,8.829422632048587,9.179391860961914,6822200
2004-01-08,9.179396534084544,9.288761582675729,9.121068415459108,9.230433464050293,4658700
2004-01-09,9.230432441824837,9.230432441824837,8.931500693143215,8.946083068847656,6073200
2004-01-12,8.997116859954511,9.325212550461178,8.967952814027823,9.274175643920898,4381900
2004-01-13,9.259596749214454,9.398126540862595,9.018993106168699,9.128358840942383,4431500
2004-01-14,9.150229581026375,9.456452454630423,9.150229581026375,9.434578895568848,5397900
2004-01-15,9.478325858198788,9.7335118325114,9.412706567928355,9.646018981933594,7267700
2004-01-16,9.69705823914212,9.842878522634475,9.660602994437541,9.755386352539062,4823400
2004-01-20,9.842877307444773,10.076189732228073,9.733512282159069,10.03244400024414,5867400
2004-01-21,9.93036508712645,10.149095736556443,9.704343949131726,10.025148391723633,4508600
2004-01-22,9.952242947230994,10.025153432140565,9.594983100891113,9.594983100891113,6260200
2004-01-23,9.624149825075042,9.901208771118213,9.609568141244408,9.682477951049805,6265100
2004-01-26,9.675184161557208,9.682474653326427,9.376251748591363,9.587691307067871,6700200
2004-01-27,9.587687345522976,9.631433754692027,9.412703099497941,9.456449508666992,3890100
2004-01-28,9.551238012787312,9.58040206966025,9.08461240749436,9.142940521240234,4789600
2004-01-29,9.215850571289284,9.237723439068684,8.997119807517484,9.186686515808105,4817900
2004-01-30,9.164809491066261,9.259592809411002,9.084608542617172,9.179391860961914,2509500
2004-02-02,9.157520722203117,9.259594549350368,9.004409286156443,9.113774299621582,3835400
2004-02-03,9.07217429790948,9.07217429790948,8.867812675188953,8.933500289916992,5026400
2004-02-04,8.845913803626797,8.889705762795307,8.714538622170842,8.831316947937012,4724100
2004-02-05,8.831316843789267,9.013782062082024,8.75103170226873,8.889705657958984,4116000
2004-02-06,8.904306131813433,9.210847878794947,8.904306131813433,9.115965843200684,3305700
2004-02-09,9.086773154438609,9.210849632606163,9.050279949792273,9.0648775100708,3018000
2004-02-10,9.101363453387846,9.167051030133818,8.904300723149927,8.99918270111084,4309400
2004-02-11,9.021083861036812,9.480896484232481,8.984591359172756,9.342223167419434,4945900
2004-02-12,9.34222342710621,9.34222342710621,9.130563708581807,9.225445747375488,2891200
2004-02-13,9.225440550643103,9.334919389708261,9.159752968784215,9.196246147155762,4559800
2004-02-17,9.196249567125495,9.539283761659494,9.035679940206549,9.444401741027832,8063000
2004-02-18,9.502792977137478,9.56847989920467,9.422507801194465,9.488195419311523,3780200
2004-02-19,9.539282913814388,9.561179244663846,9.196248749769039,9.291130065917969,4497600
2004-02-20,9.342222353352335,9.378715548086287,9.079471908107712,9.18895149230957,5308300
2004-02-23,9.188949574992577,9.188949574992577,8.86051228301656,8.904303550720215,5060000
2004-02-24,8.845917599287144,8.940799638156834,8.729139919462872,8.80942440032959,4158200
2004-02-25,8.729137087806292,8.999185558811002,8.699942677320639,8.904303550720215,3350500
2004-02-26,8.787525071615155,8.918900254309683,8.72183748026789,8.845913887023926,2974100
2004-02-27,8.897007093284767,8.98459104362204,8.845917035629551,8.933500289916992,4194900
2004-03-01,8.991887092590332,9.072172246234679,8.904303858109868,8.991887092590332,4321000
2004-03-02,8.918901831845142,9.115963944692815,8.89700550015674,8.926199913024902,3305500
2004-03-03,8.90430485230085,8.926200489353258,8.751034000834494,8.824020385742188,4329000
2004-03-04,8.82401806800566,8.984587654997167,8.787524885137195,8.889705657958984,2485300
2004-03-05,8.838619332496947,9.108667906752766,8.809424910849017,8.875112533569336,3413600
2004-03-08,8.875108077062112,8.933496891038871,8.69264285937235,8.699941635131836,3667300
2004-03-09,8.699939169927163,8.699939169927163,8.320411290571245,8.386098861694336,6608600
2004-03-10,8.386108310571085,8.43719908792641,8.137955293859992,8.349615097045898,8392300
2004-03-11,8.291215833255114,8.4298897314871,8.086855068336131,8.123348236083984,5174100
2004-03-12,8.232832816403379,8.371506811877996,8.145249570021933,8.313117980957031,4368900
2004-03-15,8.218237496598817,8.276626338460451,7.189133288725146,8.094161033630371,5715400
2004-03-16,8.137948277343469,8.276622229964854,7.991976245149553,8.04306697845459,5415400
2004-03-17,8.196338680876451,8.532074768103207,8.167144268771938,8.407999038696289,6020600
2004-03-18,8.335018229265915,8.393407092486154,8.269330584130607,8.349615097045898,4205900
2004-03-19,8.327713038417526,8.415296265844619,8.167143440109715,8.254727363586426,4951200
2004-03-22,8.247429725240265,8.25472850254532,7.809512831632928,7.977381229400635,4245900
2004-03-23,8.028471708776724,8.064964901208388,7.83870766497188,7.911694049835205,4822900
2004-03-24,7.911692386055271,7.933588018489852,7.758421566913993,7.838706016540527,4016400
2004-03-25,7.897095599368844,8.116054033091848,7.897095599368844,8.07226276397705,6150700
2004-03-26,7.999278433488287,8.283924539741603,7.948188374436353,8.218236923217773,7196300
2004-03-29,8.262024825403653,8.45908759440123,8.196337235737793,8.4371919631958,5437500
2004-03-30,8.444489479064941,8.444489479064941,8.356906264041525,8.444489479064941,3350800
2004-03-31,8.415295497956286,8.502878717391486,8.305816647674675,8.473684310913086,4445400
2004-04-01,8.502881148180148,8.656152000020937,8.437194236862455,8.634256362915039,4596500
2004-04-02,8.758334937446001,8.860515762294177,8.641557249648042,8.707244873046875,9194400
2004-04-05,8.590466001292393,8.612361640724325,8.342313100897737,8.429896354675293,9096300
2004-04-06,8.35690925612287,8.393402449460915,8.269326009741425,8.313117980957031,6500200
2004-04-07,8.254730198719093,8.298521479448187,8.16714624516119,8.232833862304688,4523000
2004-04-08,8.30582266287838,8.335017090499832,8.137954182017495,8.189044952392578,3403200
2004-04-12,8.210938197390025,8.39340349066536,8.101459299844768,8.327715873718262,3229400
2004-04-13,8.437198891403279,8.437198891403279,7.991982949656438,8.057670593261719,4292800
2004-04-14,7.9408834568657545,8.079556665395836,7.809508325379866,7.860599040985107,7170900
2004-04-15,7.882499028539278,7.918992218162779,7.568658572246743,7.736526966094971,6997200
2004-04-16,7.860602664054318,8.0576647560627,7.7730187386621115,8.021171569824219,7018500
2004-04-19,7.984679818980312,8.035770567318549,7.678138809199679,7.926290988922119,4612800
2004-04-20,7.991977347997133,7.991977347997133,7.634345645758505,7.670838832855225,5882900
2004-04-21,7.809512079281987,7.926289720713923,7.6635400274920675,7.743824481964111,3576500
2004-04-22,7.7073361216916965,8.094162440261492,7.692738560664525,8.028474807739258,5915100
2004-04-23,7.838706087598452,8.123352096026744,7.838706087598452,7.9992756843566895,4065500
2004-04-26,7.984683993795789,8.043073550432892,7.89710070291532,7.940892696380615,2787500
2004-04-27,7.984679316129021,8.086860110320695,7.8460060274864825,7.8824992179870605,3708100
2004-04-28,7.838708483902149,7.8460072623609545,7.612451920077781,7.714632034301758,3503300
2004-04-29,7.663542502858518,7.860605358464532,7.583258022454144,7.641646862030029,4405100
2004-04-30,7.670841691496209,7.692737333494082,7.408091203322085,7.510272026062012,4134900
2004-05-03,7.502955953166394,7.656525251531966,7.459078711888334,7.612648010253906,3188100
2004-05-04,7.605337060833783,7.751594106061773,7.568773496932063,7.671152591705322,3297700
2004-05-05,7.663838887003056,7.758905678595163,7.568772792816162,7.568772792816162,3131900
2004-05-06,7.51758104884391,7.6053348318181495,7.33476049329631,7.451765537261963,3234100
2004-05-07,7.378640874101714,7.466394694427146,7.239696802199088,7.261635780334473,5022500
2004-05-10,7.195816413453992,7.203129402276181,6.969118641801132,7.159252166748047,4888200
2004-05-11,7.203132594961169,7.415204482967467,7.203132594961169,7.400578498840332,8825300
2004-05-12,7.327446942396695,7.466390233887022,7.1080621739443774,7.415200710296631,5116500
2004-05-13,7.364011822396684,7.459078595849307,7.247006777348863,7.290884017944336,4801500
2004-05-14,7.261635126607954,7.349388939033376,7.056875533543333,7.086126804351807,6381400
2004-05-17,7.02030876349119,7.071498289687952,6.881364767521423,6.947180271148682,4857100
2004-05-18,7.020310617905275,7.1080644134534445,6.9910593527225515,7.012997627258301,6187600
2004-05-19,7.1519422031927,7.254321997794931,7.020311835738738,7.027624130249023,5851900
2004-05-20,7.0568763151821265,7.093440582094003,6.961810197578787,7.0056867599487305,3289000
2004-05-21,7.056875045614554,7.144629549377731,6.947182962018471,6.976434230804443,4934300
2004-05-24,6.991056178091535,7.100748198364426,6.932552976887155,6.983743190765381,3592200
2004-05-25,6.764361902410419,6.80092616028287,6.398720718496343,6.778987884521484,22175500
2004-05-26,6.778987505796516,7.064187166976772,6.74973554320862,7.012997627258301,14371600
2004-05-27,7.042249390218554,7.137316183133441,6.947182597303667,7.122690200805664,11591600
2004-05-28,7.137316533741948,7.2323833313268295,7.130003542218821,7.166567802429199,6227200
2004-06-01,7.086124441010961,7.093437430625402,6.8374890707656375,6.910616874694824,6539600
2004-06-02,6.800925540482948,6.8521150783961104,6.683920483878492,6.727797031402588,8717100
2004-06-03,6.676608655259818,6.749736479659713,6.669295663598247,6.720485210418701,5185400
2004-06-04,6.7936115798350265,6.852114099781966,6.757047330516928,6.815549850463867,4201900
2004-06-07,6.939872961213106,6.961811945311148,6.844806122338269,6.925247669219971,3366500
2004-06-08,6.903303036262179,6.976431528604687,6.808236972583903,6.947180271148682,4199700
2004-06-09,6.8521164934135745,6.917932025696308,6.7863009611308405,6.808239936828613,2739400
2004-06-10,6.815549850463866,6.837488818497755,6.727796070543458,6.815549850463867,4364000
2004-06-14,6.757047777570585,6.786299039479349,6.574227216289529,6.618104457855225,4700800
2004-06-15,6.6254194895417005,6.837491378088995,6.530352684688732,6.676609039306641,6313900
2004-06-16,6.654667015592515,6.822861554401344,6.618102773163012,6.698543548583984,3301600
2004-06-17,6.647357985091874,6.713173521166897,6.596168433658117,6.6692962646484375,2418000
2004-06-18,6.62541830456658,6.830177164409941,6.596167038874671,6.771674633026123,4770000
2004-06-21,6.742424488067627,6.822865307740043,6.683921946959451,6.742424488067627,3644100
2004-06-22,6.727796318764246,6.917929864309265,6.691232068097116,6.910616874694824,5230500
2004-06-23,6.830180145000662,6.9983748217755375,6.815554157069548,6.9398722648620605,4816200
2004-06-24,6.90330283537943,7.334759393354076,6.881364567277066,7.305508136749268,9370600
2004-06-25,7.276259885655079,7.334762423029582,7.1665678024292,7.166567802429199,7323600
2004-06-28,7.239695269806995,7.283572519385106,7.093438933555331,7.122690200805664,3429300
2004-06-29,7.093439006849886,7.14462924812082,6.983746927879025,7.049562454223633,3079800
2004-06-30,7.049563105995762,7.071501384337207,6.969121589734975,7.027624130249023,4562500
2004-07-01,6.991057287728536,7.071498068869414,6.815549051068031,6.866739273071289,3172500
2004-07-02,6.881365676937288,6.8959916563007,6.808237872335468,6.844801425933838,2321800
2004-07-06,6.793614386671422,6.800927379037473,6.647358026377083,6.683922290802002,2221200
2004-07-07,6.603478496771788,6.676607000451935,6.523037700647703,6.537662982940674,6786200
2004-07-08,6.544978534645826,6.610794074238665,6.449911721612321,6.508414268493652,5403600
2004-07-09,6.5084136130891075,6.566916154079166,6.289029433079036,6.427972793579102,4621500
2004-07-12,6.406035123639357,6.4645376701872195,6.296342325808087,6.384096145629883,5079900
2004-07-13,6.362157257140089,6.420659798098204,6.2305268886869785,6.325592994689941,3896300
2004-07-14,6.25977863255631,6.362157738272693,6.14277284438632,6.2159013748168945,12717800
2004-07-15,6.245154489354392,6.289031760034271,6.0696468014459946,6.1793389320373535,8928100
2004-07-16,6.259777487656111,6.259777487656111,6.069643901235933,6.1427717208862305,6871200
2004-07-19,6.142773242581287,6.215901777752296,6.03308113723017,6.069645404815674,3551200
2004-07-20,6.252463663325793,6.523038024528705,6.172022165802541,6.471848487854004,16359600
2004-07-21,6.508413211430067,6.5742287403334805,6.362156867980957,6.362156867980957,10467800
2004-07-22,6.362157431494104,6.427972966226974,6.26709062548055,6.398721694946289,8312100
2004-07-23,6.398719923091783,6.435284176419047,6.259776597334331,6.267088890075684,3363300
2004-07-26,6.267090317172569,6.3182805624494645,6.179336507647543,6.259778022766113,3733000
2004-07-27,6.2744026351439475,6.391407701944874,6.215900101743484,6.376782417297363,8702000
2004-07-28,6.369472390182834,6.4426009396649855,6.223215988624064,6.310969829559326,4779300
2004-07-29,6.354844527130395,6.566916421196982,6.347532232263176,6.544978141784668,6020000
2004-07-30,6.552291089306432,6.625419616721801,6.376783460395936,6.420660018920898,4181600
2004-08-02,6.2597787572696975,6.471850662857045,6.2597787572696975,6.384096145629883,4612200
2004-08-03,6.369437750627918,6.501371098645478,6.310800862399412,6.325460433959961,5625100
2004-08-04,6.266819647470196,6.552674125017306,6.222841659151803,6.420741558074951,4300200
2004-08-05,6.428071816489919,6.494037755354937,6.244831466405347,6.252160549163818,3777000
2004-08-06,6.15687676701461,6.2668214193938825,6.0615923802284915,6.098239898681641,5697300
2004-08-09,6.142216363763661,6.28880849794526,6.12022771838803,6.127556800842285,3393700
2004-08-10,6.259489006138745,6.523354802772308,6.259489006138745,6.457388877868652,5035200
2004-08-11,6.340116930988219,6.450061579477559,6.230172981505461,6.428072929382324,4041900
2004-08-12,6.3767671124985394,6.472052224287284,6.2961415712958155,6.340118885040283,2835400
2004-08-13,6.376765394055557,6.44273204590203,6.266821440315841,6.303469657897949,2996900
2004-08-16,6.362101870044833,6.684604410915291,6.340112536185455,6.662615776062012,5772500
2004-08-17,6.80188094311491,7.058417688083076,6.772562517890525,6.919154644012451,8492300
2004-08-18,6.911826662646534,7.139044319567575,6.8458600206351,7.095067024230957,5963800
2004-08-19,7.10239460629308,7.10239460629308,6.992450692182684,7.058417320251465,2620200
2004-08-20,7.058423486932594,7.307630655579275,7.021775250542147,7.2783122062683105,4780800
2004-08-23,7.278310378632623,7.329617477291491,7.095069941700337,7.109728813171387,4607600
2004-08-24,7.183025267547019,7.212343709495913,6.999784830614732,7.109728813171387,5750400
2004-08-25,7.102398794309693,7.402913688159363,7.102398794309693,7.3516058921813965,7991100
2004-08-26,7.351603127271474,7.4615477638686984,7.2123407597227995,7.344274044036865,5064700
2004-08-27,7.344274317744537,7.38092183230289,7.117055952847466,7.1537041664123535,4727400
2004-08-30,7.168362102824572,7.205010311636834,6.933814684836405,6.9411444664001465,4404400
2004-08-31,6.941147492186341,7.05109146754348,6.816543947311318,6.926487922668457,4006400
2004-09-01,6.9264873297212075,6.9924539888910635,6.743246920474579,6.794554710388184,3759900
2004-09-02,6.750574339781538,6.955803330521185,6.750574339781538,6.9411444664001465,4448900
2004-09-03,6.948475770499268,6.999783558842955,6.823872939110315,6.853191375732422,2653700
2004-09-07,6.882509004834024,7.087738037109375,6.882509004834024,7.087738037109375,4547500
2004-09-08,7.036431840987103,7.065750277865939,6.948475831343926,6.970465183258057,4458200
2004-09-09,6.970465016942428,7.007113236918211,6.8751799246080525,6.882509708404541,4828000
2004-09-10,6.860521919749081,7.087740376150902,6.860521919749081,7.051092147827148,4298700
2004-09-13,7.124387270983706,7.139046140165378,7.051090828055293,7.102397918701172,2803000
2004-09-14,7.175691177649249,7.175691177649249,7.014439494160959,7.065747261047363,3450600
2004-09-15,7.014442489072973,7.065750277865939,6.96313539928668,6.970465183258057,3639400
2004-09-16,6.970461529227704,7.036428152375964,6.926483547460095,6.9777913093566895,2492300
2004-09-17,6.992453011319354,6.992453011319354,6.713927544322603,6.77256441116333,5897700
2004-09-20,6.7285909816917995,6.772568307620495,6.647964719144203,6.706601619720459,4446500
2004-09-21,6.779893933472707,6.853190363707469,6.743245718355325,6.816542148590088,4743800
2004-09-22,6.7432480110560675,6.757907581689891,6.538018915230137,6.560007572174072,6035200
2004-09-23,6.560006979979718,6.647962298822231,6.545348109676001,6.61131477355957,5272800
2004-09-24,6.669948101043701,6.68460696354158,6.596651691535208,6.669948101043701,5258200
2004-09-27,6.552674579596479,6.589322789236469,6.479378859322956,6.486708641052246,4418800
2004-09-28,6.486706562019944,6.560002258801711,6.450058364125943,6.545343399047852,3856500
2004-09-29,6.508697256890597,6.691937605229837,6.391423545794516,6.6772780418396,9052400
2004-09-30,6.713927012286988,6.787223439532921,6.633301501521689,6.735915660858154,8016100
2004-10-01,6.743245917164069,6.809212566518914,6.713927484007091,6.75790548324585,4118400
2004-10-04,6.809211902137828,6.8165416844635445,6.5966531077376525,6.647960186004639,7402800
2004-10-05,6.603983823423002,6.625972474501354,6.523357604458019,6.567335605621338,4896500
2004-10-06,6.596655799751831,6.625974242012679,6.5233593445963125,6.560007572174072,4546700
2004-10-07,6.560004361325769,6.560004361325769,6.486708641052246,6.486708641052246,4738700
2004-10-08,6.39875246616932,6.530685737308955,6.354775175127067,6.376763820648193,3727500
2004-10-11,6.384093442504065,6.442730295098305,6.340115453555175,6.369433879852295,4558800
2004-10-12,6.340117347152637,6.4427322193436645,6.303469827590569,6.391425132751465,3385600
2004-10-13,6.5233593233247635,6.5233593233247635,6.332789798754072,6.340118885040283,4303500
2004-10-14,6.354778358175392,6.3767670147104285,6.1788677078815235,6.208186149597168,4449500
2004-10-15,6.4134142687747575,6.647961766922096,6.222844077026704,6.5746660232543945,11780300
2004-10-18,6.596651829943117,6.596651829943117,6.413411501333586,6.508696556091309,5756900
2004-10-19,6.567337357490985,6.728589139429045,6.530689129913225,6.560007572174072,10677300
2004-10-20,6.501368740997379,6.581994258321928,6.4060836574284075,6.523357391357422,5612300
2004-10-21,6.486711708143229,6.603985475236208,6.472052137753212,6.589325904846191,7833500
2004-10-22,6.596651206895899,6.596651206895899,6.45005909765503,6.457388877868652,5160000
2004-10-25,6.4280752140574275,6.464722744239271,6.391426984868751,6.435404300689697,6889600
2004-10-26,6.450060810066455,6.538016098962018,6.413412598275013,6.494038105010986,7074500
2004-10-27,6.450061073037656,6.721256732940674,6.413412859752053,6.721256732940674,12175800
2004-10-28,6.677277474723405,6.860517807499631,6.625970405228108,6.728585243225098,9991600
2004-10-29,6.684612956756111,6.750579644656147,6.655294506467983,6.706601619720459,10557600
2004-11-01,6.691938794889202,6.838530959819725,6.684609011891031,6.801882743835449,6171200
2004-11-02,6.779896341348465,7.065751681977502,6.779896341348465,6.933818340301514,10179300
2004-11-03,7.198242608680487,7.271693642148947,6.9191270003299765,6.977888107299805,7642800
2004-11-04,6.977889774479814,7.088066701250158,6.904438022974373,7.066031455993652,7101900
2004-11-05,7.168860661757262,7.205586521596774,7.051338470660833,7.139480113983154,7351900
2004-11-08,7.10275386387828,7.10275386387828,6.830983636778501,7.073373317718506,7164900
2004-11-09,7.021956876223274,7.190894825621329,7.007266254282186,7.1615142822265625,5093500
2004-11-10,7.190900177507818,7.374528885514135,7.168864928683681,7.33045768737793,13296400
2004-11-11,7.33045485478397,7.440632457306296,7.293729687764188,7.433287143707275,6976000
2004-11-12,7.528771246912217,7.675673960413026,7.4773554723087825,7.660984039306641,13450700
2004-11-15,7.697710427820016,7.822577929459129,7.660985268915868,7.74912691116333,8226400
2004-11-16,7.727094757020258,7.749130001247138,7.602227205588304,7.675678253173828,4082700
2004-11-17,7.7417810110754575,7.866648503228888,7.712400465891559,7.756471633911133,7997900
2004-11-18,7.749126685402736,7.837268325082307,7.712400827081044,7.793197154998779,3914700
2004-11-19,7.844616495359922,7.851961109310592,7.440633307588019,7.558155536651611,5981000
2004-11-22,7.565496666283021,7.580186586546462,7.396558030085648,7.550806045532227,7845100
2004-11-23,7.668330150391106,7.888684614011762,7.638949601940854,7.837268829345703,10085700
2004-11-24,7.859303088334281,8.050276979758955,7.859303088334281,8.0355863571167,6851400
2004-11-26,8.042931301819642,8.079657156263778,7.9841702149039895,8.013550758361816,2300400
2004-11-29,8.064970615019876,8.094351873831497,7.866652021455793,8.042935371398926,7471100
2004-11-30,7.969478086054548,7.991513312422809,7.793194173646815,7.9254069328308105,8581900
2004-12-01,7.9254121072290085,8.175147170742115,7.910722180221712,8.167801856994629,7137800
2004-12-02,8.160454587821702,8.263286854182589,8.042932397973551,8.050277709960938,8489900
2004-12-03,8.020897136378103,8.072312919147352,7.844613852179958,8.006206512451172,8330700
2004-12-06,8.006202644253676,8.006202644253676,7.873990595227084,7.947441577911377,4941300
2004-12-07,7.947441577911377,8.042928485839406,7.9107164368128124,7.947441577911377,4776600
2004-12-08,7.969483845651148,8.006209015977356,7.903377418283615,7.910722732543945,3747500
2004-12-09,7.918068172065795,8.072316285180158,7.719749569768926,8.064970970153809,9925800
2004-12-10,8.153111485901922,8.336740116661085,8.042933887153843,8.270633697509766,10545100
2004-12-13,8.285324132742101,8.498333329489864,8.255943578035088,8.446917533874512,12187800
2004-12-14,8.520370250488801,8.645237797471781,8.395502703505821,8.608511924743652,10464800
2004-12-15,8.659924533527741,8.733376251903804,8.608508750956998,8.703995704650879,9831700
2004-12-16,8.74072326681459,8.82886563329764,8.70399809801563,8.7627592086792,11570600
2004-12-17,8.689307681920175,8.836210462160066,8.623201255690295,8.630546569824219,8875400
2004-12-20,8.623197188307605,8.79213583126442,8.535055561738242,8.60116195678711,6974800
2004-12-21,8.586472400012141,8.858243324571466,8.579127788919633,8.836207389831543,6938200
2004-12-22,8.72603193344499,8.931695787630707,8.72603193344499,8.821518898010254,4813900
2004-12-23,8.828865148548172,8.88762625598546,8.777448654174805,8.777448654174805,3948600
2004-12-27,8.770102409098138,8.872934686434789,8.770102409098138,8.821518898010254,2648400
2004-12-28,8.82886491966284,8.887626025576765,8.784793739983577,8.792139053344727,7377200
2004-12-29,8.777451293373389,8.806831855926163,8.623203164849365,8.674619674682617,4341200
2004-12-30,8.66727066040039,8.755412310446657,8.652580035148896,8.66727066040039,3854200
2004-12-31,8.66727258132597,8.902317033542195,8.66727258132597,8.784794807434082,3757400
2005-01-03,8.667272065528383,8.777448970826075,8.55709445974301,8.56443977355957,6296900
2005-01-04,8.593816500405248,8.630542352641623,8.24859461016312,8.366117477416992,7891700
2005-01-05,8.366123311549439,8.446919682423074,8.277981625008783,8.314706802368164,5274300
2005-01-06,8.307359024805905,8.476297017910147,8.307359024805905,8.454261779785156,4557000
2005-01-07,8.483641121385944,8.579128073632104,8.402844092299773,8.424880027770996,4059500
2005-01-10,8.373466979644862,8.483644600724897,8.344086420787741,8.476299285888672,4434900
2005-01-11,8.41019015539763,8.41019015539763,8.094349424125419,8.226561546325684,8698500
2005-01-12,8.189834149878026,8.248595237731934,8.101692518097167,8.248595237731934,5450800
2005-01-13,8.167803279059317,8.248599642885775,7.998865236380049,8.064970970153809,7778200
2005-01-14,8.072314879740343,8.189837097749411,8.050279638985561,8.167801856994629,5382200
2005-01-18,8.160452985088243,8.424878560800243,8.160452985088243,8.366117477416992,5136500
2005-01-19,8.520368982232412,8.520368982232412,8.255943298339844,8.255943298339844,5785100
2005-01-20,8.21921766777808,8.248598222335849,8.182492499946628,8.211873054504395,4635800
2005-01-21,8.211874107126919,8.263289909071725,7.896032579779648,8.042935371398926,5641000
2005-01-24,8.153109409447193,8.211870500285691,8.079657695655344,8.11638355255127,4491000
2005-01-25,8.175146349693605,8.30001386890943,8.12373055960036,8.204526901245117,4976200
2005-01-26,8.21187283453731,8.314704422491165,8.116385859660404,8.30001449584961,7594900
2005-01-27,8.300012700892127,8.351428483749897,8.241251606058245,8.292667388916016,3571500
2005-01-28,8.270632701606875,8.329393800335115,8.138419879224553,8.15311050415039,5528700
2005-01-31,8.226562744628186,8.344084959474815,8.182492264304528,8.255943298339844,5441400
2005-02-01,8.241253838642674,8.248598452120962,8.07966043382953,8.197182655334473,6701700
2005-02-02,8.160459050783897,8.189839614314192,8.087007992202107,8.145769119262695,4392100
2005-02-03,8.116387718872623,8.123733034119812,7.8299267286225955,7.859307289123535,7324900
2005-02-04,7.785852834245966,7.793197445794374,7.455320797504737,7.6242594718933105,18997000
2005-02-07,7.712570416223311,7.742008382940265,7.602180848393759,7.69785213470459,8728200
2005-02-08,7.697853360774778,7.771446885609207,7.631619328791766,7.727290630340576,5584300
2005-02-09,7.727290630340576,7.852399201455185,7.712571644637744,7.727290630340576,6400400
2005-02-10,7.727289574963847,7.778804614208212,7.624258794635344,7.653696060180664,7121400
2005-02-11,7.653699638967597,8.014307187813648,7.638981350232711,7.925995349884033,6997900
2005-02-14,7.955429224474886,8.168849583593056,7.948069732337066,8.0731782913208,9616200
2005-02-15,8.073181132399819,8.109977904198477,7.9995875888025,8.058462142944336,4405500
2005-02-16,7.9848668928794035,8.051100219932367,7.962788415355248,8.014304161071777,3070200
2005-02-17,7.9775059494918805,8.00694321233046,7.948068686653301,7.999583721160889,3678400
2005-02-18,8.029021074741364,8.029021074741364,7.86711577637951,7.896553039550781,4598800
2005-02-22,7.7861659835818715,7.911274567777643,7.76408820455907,7.815603256225586,4588000
2005-02-23,7.815601285165126,7.896553589059539,7.719929997740949,7.7640862464904785,3563100
2005-02-24,7.749367313354855,7.837679109588442,7.7199300479436594,7.808241844177246,5104000
2005-02-25,7.771446371722667,7.948069977438227,7.749367894628356,7.889195442199707,3403400
2005-02-28,7.815602439037971,7.837680215752352,7.712571644637744,7.727290630340576,3994500
2005-03-01,7.690494957228248,7.889197081322052,7.68313546333441,7.85975980758667,3611900
2005-03-02,7.786164609635785,8.124693536221681,7.74936784986431,8.043741226196289,6154700
2005-03-03,8.043742322038756,8.102616864957987,7.911274249550534,7.955430507659912,4257800
2005-03-04,7.955429423848641,8.19092756344237,7.9480699315263825,8.043741226196289,5985000
2005-03-07,8.014305036994385,8.242443714959713,8.006945543681978,8.161491394042969,3237800
2005-03-08,8.117335747356552,8.20564756823681,8.036383420342975,8.065820693969727,4140200
2005-03-09,8.073181863489365,8.139415918356953,8.051103377306763,8.080540657043457,5515600
2005-03-10,8.058459106556768,8.198286646337339,8.058459106556768,8.102615356445312,3725800
2005-03-11,8.073178456274693,8.095256231299452,7.955429387022889,8.021662712097168,5208300
2005-03-14,8.021661225766882,8.087895240408503,7.896552687408198,7.977505683898926,4687600
2005-03-15,8.014304673828558,8.051100735043368,7.800884290319216,7.8450398445129395,5283600
2005-03-16,7.8008843563813315,7.933351721924187,7.7420098157311985,7.903914451599121,5065200
2005-03-17,7.896554958557883,7.933351721924187,7.83768041790775,7.903914451599121,4957100
2005-03-18,7.903912988844973,7.9259914638826885,7.697852134704591,7.69785213470459,18354100
2005-03-21,7.697854939849998,7.749369996697557,7.558028056189478,7.638980388641357,5025400
2005-03-22,7.587463982999939,7.697853571432612,7.454995915408821,7.491792678833008,8041600
2005-03-23,7.499151185131146,7.543307439930523,7.396121093665704,7.454995632171631,4883600
2005-03-24,7.454992391470405,7.513866904383455,7.35932113252681,7.36668062210083,4897100
2005-03-28,7.374040358764371,7.668412933193465,7.359321379123127,7.528585433959961,6388100
2005-03-29,7.418198870145462,7.543307439930523,7.344605346093122,7.454995632171631,4441200
2005-03-30,7.454997766072696,7.719933265183885,7.454997766072696,7.705214977264404,5527600
2005-03-31,7.705214765518855,7.764089319258977,7.631621222423682,7.734652042388916,6157100
2005-04-01,7.771446598372984,7.845039418647521,7.675775300360229,7.690493583679199,8457400
2005-04-04,7.697855482384634,7.778807820541926,7.668418204705613,7.705214977264404,4314300
2005-04-05,7.727289837264014,7.92599191281962,7.719930345167926,7.85239839553833,6689900
2005-04-06,7.859760053740268,7.925994097179201,7.845041065491621,7.874478340148926,3117700
2005-04-07,7.874475968754825,7.9039132345471135,7.808241945262231,7.881835460662842,3165000
2005-04-08,7.881834622766513,7.918631376555055,7.764085572114939,7.793522834777832,2442800
2005-04-11,7.815601335989988,7.837679109588442,7.7199300479436594,7.808241844177246,2947100
2005-04-12,7.778807022052687,7.918634603054877,7.62426115464184,7.874478340148926,5787400
2005-04-13,7.874474460136805,7.911271210787466,7.616898609261464,7.6684136390686035,3461600
2005-04-14,7.690490943104055,7.719928201474383,7.4844301345117605,7.52122688293457,4689900
2005-04-15,7.403480100573033,7.565384719919138,7.359323848671485,7.447635650634766,6385700
2005-04-18,7.447636399153929,7.506510939713258,7.344605602255162,7.477073669433594,6521900
2005-04-19,7.484433327603804,7.624260189057449,7.44763656348235,7.616901397705078,3655700
2005-04-20,7.572744469819772,7.594822245601682,7.2268560406505955,7.263652801513672,6070300
2005-04-21,7.396117878557355,7.396117878557355,7.10174461215255,7.36668062210083,7295500
2005-04-22,7.344606819604743,7.396122577512672,7.204779938060364,7.285732269287109,5214000
2005-04-25,7.315167153667321,7.513869222428554,7.293089379973774,7.4623541831970215,3339000
2005-04-26,7.469712973201689,7.580103245348965,7.418197933970157,7.4623541831970215,2959400
2005-04-27,7.469715266073549,7.705214164504943,7.374044650088281,7.6095428466796875,3403100
2005-04-28,7.48443715913749,7.565389520174989,7.38140630722046,7.381406307220459,2785800
2005-04-29,7.506511105340716,7.616901397705078,7.366684243887071,7.616901397705078,3738600
2005-05-02,7.616900696745652,7.65369675564098,7.359324073439341,7.432917594909668,5635800
2005-05-03,7.4255585553113,7.454995825326969,7.351965029352187,7.418199062347412,5592400
2005-05-04,7.403481914342936,7.638980110606096,7.403481914342936,7.6021833419799805,4008500
2005-05-05,7.588906374454382,7.810157430649269,7.588906374454382,7.743782043457031,5413600
2005-05-06,7.802782542915572,8.0019087124439,7.596281877111849,7.618406772613525,7940100
2005-05-09,7.89128009698033,7.950280266789201,7.8249047301109735,7.920780181884766,7422000
2005-05-10,7.920784551812222,8.038784956531243,7.8470346505317785,7.935534954071045,6836400
2005-05-11,7.987153743779876,8.15677972115064,7.979778548386073,8.149404525756836,6858100
2005-05-12,8.112534613113214,8.17153480857792,8.046159217380964,8.08303451538086,9875900
2005-05-13,8.105160384463018,8.127285987917977,7.994535180539794,8.038784980773926,6581200
2005-05-16,8.03140866024868,8.215784427168952,7.965033271623343,8.193658828735352,3069400
2005-05-17,8.149410827792046,8.289536131948141,8.105160324547134,8.267411231994629,5381500
2005-05-18,8.267412573907436,8.66566435440174,8.267412573907436,8.599288940429688,8972200
2005-05-19,8.577166149736332,8.599291058731142,8.466540198085932,8.540290832519531,3659700
2005-05-20,8.540290938361544,8.540290938361544,8.407540076071118,8.510790824890137,3223000
2005-05-23,8.503415515302732,8.599291058731142,8.437040084980127,8.540290832519531,3748900
2005-05-24,8.503407800279392,8.510782997698973,8.355907368575453,8.429657936096191,4076100
2005-05-25,8.370661937340833,8.378036435100077,8.23053592984685,8.267411231994629,3552700
2005-05-26,8.333784621241804,8.414909703691835,8.223158741532437,8.34115982055664,4012500
2005-05-27,8.326414956051304,8.437040205949662,8.296914842522527,8.355915069580078,2244200
2005-05-31,8.370661218835657,8.400161317354128,8.245285624297697,8.363286018371582,4117800
2005-06-01,8.370659572920534,8.621410009353797,8.319033883160952,8.459159851074219,3861900
2005-06-02,8.385408771902915,8.658284789246661,8.363283879506842,8.636159896850586,4913200
2005-06-03,8.6066623130066,8.746787610117252,8.555037314598126,8.61403751373291,4128800
2005-06-06,8.614035004454513,8.687784880220642,8.59190940872079,8.636159896850586,3320900
2005-06-07,8.643538286564967,8.82791409905708,8.643538286564967,8.70253849029541,3026300
2005-06-08,8.73203536835044,8.739410566928347,8.599284607298697,8.636159896850586,2853200
2005-06-09,8.643533902912932,8.791034337432766,8.577158531544619,8.724658966064453,2704200
2005-06-10,8.709914842512923,8.761539851764246,8.621413821884941,8.643539428710938,1963000
2005-06-13,8.584538082834522,8.768913895326637,8.57716288153374,8.70253849029541,4218700
2005-06-14,8.695161220311102,8.724661315157897,8.52553585077647,8.532910346984863,3953800
2005-06-15,8.569782924393055,8.591907812679187,8.385407214221077,8.473907470703125,4846700
2005-06-16,8.488660556383541,8.555035945623263,8.459160461536747,8.532910346984863,4497400
2005-06-17,8.658287485725864,8.665662686600655,8.525537386668965,8.650912284851074,5669100
2005-06-20,8.577159362703776,8.665659631991687,8.540284074666074,8.569784164428711,3652400
2005-06-21,8.591910536678451,8.614036135316853,8.488660556383541,8.532910346984863,3399500
2005-06-22,8.532913504594958,8.850040169054228,8.466538090792971,8.643539428710938,6922600
2005-06-23,8.650911847837621,8.761537745357453,8.650911847837621,8.658287048339844,6712800
2005-06-24,8.628782587830809,8.65828267158961,8.555032730102539,8.555032730102539,5578300
2005-06-27,8.52553523802074,8.562409826425641,8.348533978323843,8.414909362792969,5820300
2005-06-28,8.437032188001226,8.503407556197141,8.385407214221077,8.473907470703125,6211500
2005-06-29,8.488659152040224,8.503408845354599,8.326408305556374,8.400158882141113,5605600
2005-06-30,8.392789014541133,8.407538717223861,8.282163079399355,8.319038391113281,4959400
2005-07-01,8.319039751834563,8.385415183108853,8.282164434089047,8.355915069580078,2959700
2005-07-05,8.32641319512823,8.459164029601816,8.260037777891437,8.43703842163086,3189400
2005-07-06,8.42228392006512,8.864785980583962,8.407533523156927,8.835285186767578,12826200
2005-07-07,8.695162480824106,10.177544044282085,8.636162282577425,9.351540565490723,42475700
2005-07-08,9.145039452551574,9.255665355206148,9.019663851545774,9.218790054321289,12646000
2005-07-11,9.218789526665228,9.366290018424307,9.167164530384007,9.255664825439453,7587100
2005-07-12,9.24828720024124,9.29991218298709,9.071286656537493,9.204036712646484,7693400
2005-07-13,9.233538721254938,9.322039004748847,9.174537828921267,9.29991340637207,7030900
2005-07-14,9.255665317657558,9.484290916208028,9.255665317657558,9.403165817260742,5914500
2005-07-15,9.410541456087778,9.440041557381493,9.322041152206632,9.395791053771973,5800000
2005-07-18,9.440041694333589,9.97841872658891,9.440041694333589,9.860418319702148,15655600
2005-07-19,9.882542973962762,10.494670596941797,9.882542973962762,10.14804458618164,15586400
2005-07-20,10.148043886942117,10.22916898323145,10.111168587415026,10.199668884277344,7260600
2005-07-21,10.214414737165635,10.229164428406051,10.059539110784883,10.066913604736328,4823800
2005-07-22,10.089038190074838,10.207038521576013,10.037412517539982,10.184913635253906,6847900
2005-07-25,10.170168897736122,10.199668997016298,9.971043403429395,10.030043601989746,4543000
2005-07-26,10.015287693567327,10.111163139343262,9.82353680201546,10.111163139343262,4488100
2005-07-27,10.133291061992269,10.214416842214789,9.993165801311592,10.052165985107422,5670500
2005-07-28,10.030046109808756,10.273422165556147,10.030046109808756,10.258671760559082,5832800
2005-07-29,10.221789677960597,10.288165049787866,10.066914044809486,10.103789329528809,5404100
2005-08-01,10.111167897733434,10.317668576326787,10.10379269766351,10.251293182373047,4039000
2005-08-02,10.273422165556147,10.384047389682044,10.192296344748335,10.258671760559082,5626500
2005-08-03,10.19229386728363,10.236544368180727,10.096418368121457,10.140668869018555,5134100
2005-08-04,10.096417868619303,10.096417868619303,9.853041884070477,9.993167877197266,6205200
2005-08-05,9.987260024606378,10.053742670399485,9.699165741575978,9.80997085571289,5630800
2005-08-08,9.935550068621426,10.061129570007324,9.82474495774291,10.061129570007324,6149800
2005-08-09,10.0906774304892,10.297513961791992,10.053742159493275,10.297513961791992,4597600
2005-08-10,10.3270619360978,10.570834440480054,10.2310312187275,10.31967544555664,6201500
2005-08-11,10.319672621571225,10.34183349609375,10.112835444422672,10.157157897949219,5128300
2005-08-12,10.201481159110857,10.319673438563411,10.12022343862606,10.238415718078613,5782300
2005-08-15,10.179320302531352,10.23102995683175,10.112836964489132,10.186707496643066,2784600
2005-08-16,10.186707342543318,10.46741437420762,10.157159271025055,10.267964363098145,8122700
2005-08-17,10.304900925049939,10.423093225992469,10.238417579649346,10.393545150756836,4381300
2005-08-18,10.393543146658095,10.49696174228232,10.334447007581836,10.415704727172852,3691700
2005-08-19,10.460028043960083,10.51173699726659,10.341835748127124,10.437867164611816,4336600
2005-08-22,10.437867615851127,10.489576571393062,10.260579164437333,10.393545150756836,2860800
2005-08-23,10.415706969875286,10.445255045775685,10.267965885891593,10.297513961791992,4325300
2005-08-24,10.290124348901342,10.334446097062782,10.053739108941548,10.098061561584473,3976500
2005-08-25,10.075902083035436,10.075902083035436,9.809968739308577,10.053740501403809,4277000
2005-08-26,10.009415412528128,10.090672404662406,9.883835976377927,9.950319290161133,3262100
2005-08-29,9.89861114408518,9.935546402242208,9.765645200993912,9.832128524780273,4514800
2005-08-30,9.71393555778149,9.89861114408518,9.71393555778149,9.832128524780273,7625000
2005-08-31,9.684390921184379,10.01680765781772,9.684390921184379,9.994646072387695,8796500
2005-09-01,9.957712103752312,10.090678815799443,9.957712103752312,9.97248649597168,5116000
2005-09-02,10.009418738071961,10.03157961520201,9.891226454069598,9.906000137329102,2509100
2005-09-06,9.928156893567209,10.083284378051758,9.876447966899457,10.083284378051758,3704800
2005-09-07,10.083288160428538,10.112836230248458,9.972483074724224,10.090675354003906,2945700
2005-09-08,10.046354132935585,10.075902204318506,9.957709214305229,9.979870796203613,3961600
2005-09-09,10.024188812030827,10.142381053476997,10.002027942880003,10.120220184326172,3812500
2005-09-12,10.171932910100344,10.393543077930126,10.120223260389391,10.327059745788574,3928900
2005-09-13,10.430476948498336,10.814602503163508,10.430476948498336,10.681635856628418,9505100
2005-09-14,10.814601162616185,11.043598464950264,10.652086470827207,10.711182594299316,8343300
2005-09-15,10.785057590161394,10.836766543603005,10.526511413990029,10.57822036743164,6866100
2005-09-16,10.600381851196289,10.696412562543204,10.437867093295518,10.600381851196289,11731000
2005-09-19,10.452639365882147,10.548670768737793,10.194093931561456,10.548670768737793,6020200
2005-09-20,10.674247099001812,10.821987404332507,10.474797862925712,10.49695873260498,5794100
2005-09-21,10.452641974168046,10.59299586893453,10.297514393073458,10.356611251831055,9013900
2005-09-22,10.378772735595703,10.430481697466089,10.016808593539464,10.378772735595703,6895900
2005-09-23,10.386156949803127,10.563445372019121,10.245803087187621,10.45263957977295,4258200
2005-09-26,10.452639285734353,10.4895745487774,10.341834201086757,10.415704727172852,5083300
2005-09-27,10.415703256257949,10.43786412916158,10.27534941741157,10.371380805969238,3907100
2005-09-28,10.363995077119966,10.615154020434835,10.363995077119966,10.415704727172852,5090000
2005-09-29,10.423089750220115,10.526508331298828,10.423089750220115,10.526508331298828,5537500
2005-09-30,10.526513384617173,10.674253782452286,10.474804421495332,10.659480094909668,4560700
2005-10-03,10.666864395141602,10.72596124661714,10.615155442642351,10.666864395141602,5070000
2005-10-04,10.659478071539443,10.703799830235976,10.437867164611816,10.437867164611816,4863500
2005-10-05,10.467414889860727,10.52651103580849,10.304900136263564,10.312287330627441,5029500
2005-10-06,10.304901103911993,10.378771645524084,10.090677378614958,10.16454792022705,7107200
2005-10-07,10.238417709268658,10.39354528234008,10.16454787248522,10.31967544555664,7529000
2005-10-10,10.319669552421392,10.356604801961767,10.075897891728715,10.083284378051758,3742600
2005-10-11,10.068513943205238,10.120222886524397,9.854290272263913,9.898612022399902,5791000
2005-10-12,9.854291791228475,9.950323203967654,9.566197553010932,9.632680892944336,7017600
2005-10-13,9.588358554596674,9.795195771374253,9.418457309902557,9.706551551818848,9762500
2005-10-14,9.824742912128587,9.91338712327109,9.588357644600345,9.699163436889648,7058500
2005-10-17,10.149770683148962,10.327059087911385,9.846902815559448,9.854290008544922,10610200
2005-10-18,9.861678373901112,9.994644341039368,9.662228366471354,9.758259773254395,8831900
2005-10-19,9.758258212212311,10.04635238647461,9.65483962810961,10.04635238647461,7218800
2005-10-20,10.120224158600847,10.51173628826085,10.046354330928516,10.186707496643066,9919500
2005-10-21,10.18670943825655,10.290128062087598,10.068517127867773,10.179322242736816,8652300
2005-10-24,10.194095404970886,10.585607562060915,10.112837673012177,10.57822036743164,7206000
2005-10-25,10.51173446069059,10.666861987658097,10.496960779517318,10.570831298828125,10863600
2005-10-26,10.563442621714868,10.80721431491371,10.526507367249296,10.689022064208984,8086800
2005-10-27,10.622540161708576,10.807215754148958,10.615152968935407,10.637313842773438,8942600
2005-10-28,10.67424937949045,10.785055160522461,10.629927630662841,10.785055160522461,13657800
2005-10-31,10.858928744801078,11.257828145076,10.858928744801078,11.228280067443848,9267500
2005-11-01,11.265216119820852,11.339086671251739,11.117475721440872,11.169184684753418,8388400
2005-11-02,11.191343648281839,11.331697531023531,11.16918276844745,11.316923141479492,7572500
2005-11-03,11.316923877849343,11.346471954378385,11.19134437648048,11.265214920043945,4723200
2005-11-04,11.265216119820852,11.324312279172846,11.10270132936198,11.169184684753418,3178700
2005-11-07,11.209873465595308,11.283866313846985,11.076687326649623,11.224672317504883,6214500
2005-11-08,11.232075704111224,11.298669149890278,11.150683401204226,11.24687385559082,4041200
2005-11-09,11.246875616767504,11.409659542423901,11.246875616767504,11.33566665649414,4791700
2005-11-10,11.380061926464744,11.779621936897126,11.35786434412084,11.757424354553223,9176700
2005-11-11,11.757423138140041,11.942403912732516,11.705627843831735,11.838814735412598,9387200
2005-11-14,11.838814735412598,11.861013021108306,11.653833255171776,11.838814735412598,6752000
2005-11-15,11.513246411028828,11.624235005060108,10.092588738057449,11.424454689025879,14385900
2005-11-16,11.320868532988246,11.35046554630965,10.899110211097662,11.017498970031738,9185700
2005-11-17,11.024897267227166,11.18768118701591,10.92130807743759,11.172883033752441,7989600
2005-11-18,11.172880028709425,11.239472758956989,10.95830157173863,11.069290161132812,7259000
2005-11-21,11.069287900694835,11.254269315675934,11.05448904878526,11.224672317504883,13690100
2005-11-22,11.121087733209222,11.20248004592781,11.069293138314436,11.172883033752441,8750100
2005-11-23,11.172884638628886,11.44665721698793,11.158085777591273,11.365264892578125,6436900
2005-11-25,11.409659115405999,11.424457268649041,11.320868079002455,11.380062103271484,1407700
2005-11-28,11.402260112701233,11.557644608634961,11.298670919177718,11.33566665649414,5775400
2005-11-29,11.335668991374755,11.424460049390257,11.209881482773978,11.276474952697754,4532200
2005-11-30,11.246872357429519,11.42445438541961,11.217275352764505,11.283868789672852,4983800
2005-12-01,11.357864918360015,11.579842164318787,11.350465488655134,11.417058944702148,4801000
2005-12-02,11.424456857898582,11.557643760539563,11.380061694117193,11.550244331359863,2540600
2005-12-05,11.50584699168907,11.609436158021335,11.320865531069144,11.520645141601562,3885800
2005-12-06,11.631635257050954,11.668631692899032,11.380060340062006,11.402257919311523,3552000
2005-12-07,11.402257902325433,11.505847781416069,11.143284263071322,11.19507884979248,5279700
2005-12-08,11.1580811889628,11.195077620693956,11.002696740210538,11.084088325500488,4529400
2005-12-09,11.121084742096997,11.150681746311996,11.017495580168626,11.069290161132812,3583400
2005-12-12,11.08408390995417,11.091483334482355,10.906501955165513,11.010091781616211,3188500
2005-12-13,10.965703242876428,11.20987876973533,10.89910978906974,11.172883033752441,5772000
2005-12-14,11.246872914394112,11.47625024114333,11.17288075189148,11.439253807067871,6414700
2005-12-15,11.439251575651456,11.439251575651456,11.18767671979014,11.298666000366211,4293000
2005-12-16,11.306064276110385,11.343060701512563,11.09148585555551,11.165478706359863,6081400
2005-12-19,11.158085051313316,11.165484481350497,10.81771903173645,10.862114906311035,5427900
2005-12-20,10.980502254220482,11.09889030456543,10.891711216461772,11.09889030456543,3346300
2005-12-21,11.07669604483051,11.269076331535842,10.876915620697831,10.9287109375,3430700
2005-12-22,10.913905452159167,11.209875487246565,10.862110872430929,11.135883331298828,3925100
2005-12-23,11.246875367496614,11.26907295052418,11.091490875006759,11.09889030456543,1673000
2005-12-27,11.098886301599794,11.150680878533173,10.788117428703144,10.884307861328125,4086900
2005-12-28,10.8177187479967,11.07669314731738,10.8177187479967,11.054494857788086,3344100
2005-12-29,11.039692334109198,11.11368519195599,10.87690847023517,10.995296478271484,2885700
2005-12-30,10.950902933308619,11.024895096353285,10.77332089522347,10.85471248626709,3447000
2006-01-03,10.736323687302026,11.09888716534781,10.462551221901236,11.069290161132812,7271800
2006-01-04,11.069293242483496,11.661234197209845,10.958304622193499,11.6094388961792,12238100
2006-01-05,11.461453001647598,11.75002438135508,11.446654849319422,11.698229789733887,4971800
2006-01-06,11.72782193328105,11.986796195215847,11.550239239496683,11.868408203125,6522500
2006-01-09,12.023800707508572,12.023800707508572,11.72043107948444,11.986804962158203,6971100
2006-01-10,11.957202343449692,11.986800056655134,11.59463882446289,11.59463882446289,8407400
2006-01-11,11.594642106209335,11.639037277286459,11.461455181680918,11.53544807434082,10432000
2006-01-12,11.53544398870543,11.53544398870543,11.39485768357432,11.424454689025879,5644000
2006-01-13,11.498448074253577,11.520645652931666,11.180279722058334,11.261672019958496,4914100
2006-01-17,11.106286607928128,11.187678193218076,10.980499163431142,11.084088325500488,6871100
2006-01-18,10.995299614898329,11.084090646254964,10.721527091803273,10.817717552185059,12332200
2006-01-19,11.002696740210538,11.113686035404008,10.854711718934158,11.084088325500488,8976500
2006-01-20,11.04709590310254,11.04709590310254,10.721528053283691,10.721528053283691,7646800
2006-01-23,10.758527534833425,11.02490072802834,10.736329945146013,10.9287109375,8263000
2006-01-24,10.9583038732315,11.28387098797297,10.358963529942399,10.913908004760742,9601600
2006-01-25,10.913910075865607,10.995301693584357,10.72892854915602,10.839917182922363,7168800
2006-01-26,11.15808281696502,11.298669136925787,11.04709421122618,11.232075691223145,7339700
2006-01-27,11.150680082613565,11.328262787056184,10.96569865745728,11.002695083618164,7836500
2006-01-30,10.92130555726024,11.269070193659285,10.891708551914613,11.121085166931152,6788500
2006-01-31,11.084089947874052,11.209877410782495,10.839914450616098,10.943504333496094,7188900
2006-02-01,10.884308961126466,11.217275442689216,10.854711956224183,10.906506538391113,10037500
2006-02-02,10.899106925656609,10.950902212592172,10.580939304772492,10.677129745483398,9502600
2006-02-03,10.654933630071849,10.86211340865624,10.551344446428043,10.802919387817383,6475800
2006-02-06,10.806625300266559,10.895568634018115,10.702857724127018,10.873332977294922,7029200
2006-02-07,10.888157780922102,10.902982025036604,10.695447555445636,10.73250675201416,5435200
2006-02-08,10.710269168107219,10.95486349717292,10.68062139206467,10.925215721130371,6766200
2006-02-09,10.902977992461459,11.051216844484532,10.82144680056342,10.836270332336426,6378900
2006-02-10,10.814035360768568,10.940038569620487,10.576853182627845,10.784387588500977,7100100
2006-02-13,10.710267229552187,10.784387009672267,10.650971688199567,10.702855110168457,4046400
2006-02-14,10.762155281492669,11.33287525177002,10.732506793150028,11.33287525177002,14701400
2006-02-15,11.29580813200716,11.770173039563987,11.258748252112992,11.67381763458252,11220700
2006-02-16,11.673821372593421,11.977711212687359,11.66640925286951,11.955474853515625,9758400
2006-02-17,11.933241516305777,11.999949189093895,11.85170960207197,11.948065757751465,6674600
2006-02-21,11.88135702971574,11.97029964305544,11.814648655993615,11.888769149780273,5964500
2006-02-22,11.873943277932595,12.229716509835697,11.844294801748758,12.155596733093262,8790400
2006-02-23,12.12594801481277,12.563253082789698,12.096299542677471,12.274186134338379,15190800
2006-02-24,12.400189313479476,12.533604610654399,12.163007191264931,12.274186134338379,9120400
2006-02-27,12.059243068624786,12.42984057106279,11.56264235880917,12.214893341064453,9721800
2006-02-28,12.15560085098174,12.318664697798805,11.9480671022584,12.01477336883545,8569500
2006-03-01,12.074070427043061,12.326075493180097,11.881359506347268,12.244544982910156,7678600
2006-03-02,12.08889011024538,12.392779948557891,12.044418805879891,12.259366035461426,4675300
2006-03-03,12.11853787178635,12.46689899384817,12.059242331569079,12.37795639038086,5764200
2006-03-06,12.37795523969662,12.474309953448374,12.103712508112752,12.192656517028809,7202200
2006-03-07,12.177837346835092,12.489139386991157,11.903594501145223,12.051834106445312,5016200
2006-03-08,12.118540396402631,12.140775345042998,11.792414150408218,12.00736141204834,6412600
2006-03-09,12.029597716326476,12.229720758946934,11.87394740343344,11.925830841064453,5161800
2006-03-10,12.044423027627607,12.163014156648364,11.933244020885368,12.111130714416504,3267100
2006-03-13,12.125953864592383,12.274192055630778,12.059246183823928,12.244544982910156,6253000
2006-03-14,12.207488347803848,12.622558810718875,12.163017017390846,12.570673942565918,7226800
2006-03-15,12.548429327604978,12.67443251157479,12.452073203189643,12.555841445922852,7066100
2006-03-16,13.007973967993303,13.200684871468743,12.948678414132978,13.037622451782227,20655200
2006-03-17,13.24515767373959,13.519399081785275,13.059858890139926,13.437867164611816,10266800
2006-03-20,13.519397527749518,13.534221768025674,13.104328696038761,13.20809555053711,6348400
2006-03-21,12.970911026000977,13.289625065977452,12.896791251680405,12.970911026000977,5552800
2006-03-22,12.92644130298105,13.00797179232907,12.718906192322688,12.985736846923828,6459600
2006-03-23,13.00056425333222,13.00056425333222,12.763380606064873,12.8449125289917,2600100
2006-03-24,12.770796928625328,12.933860828120048,12.741149846537802,12.889388084411621,2843700
2006-03-27,12.78561595809176,13.030210293784815,12.78561595809176,12.911619186401367,3663600
2006-03-28,12.852318316454488,13.052441257528928,12.74113937598544,12.807847023010254,6432000
2006-03-29,12.993152676763428,13.267394115663114,12.970916311291418,13.07468318939209,8836300
2006-03-30,12.941267802199711,13.12656660633465,12.807853850745408,12.94867992401123,9231200
2006-03-31,12.88938248593821,13.00056288320024,12.755967140197756,12.755967140197754,5788100
2006-04-03,12.896788436708112,13.267385813703845,12.815257975096475,12.904200553894043,5504600
2006-04-04,12.970911854856254,13.25997743808926,12.793025233350003,13.126562118530273,6425500
2006-04-05,13.11174549686958,13.141392574288076,12.956093745839397,13.000566482543945,6281300
2006-04-06,12.90420240125336,13.28962406779773,12.88196604651222,13.2525634765625,7493900
2006-04-07,13.311863243958618,13.378570915687911,13.163625073007097,13.341511726379395,9055600
2006-04-10,13.430451393127441,13.497157629450317,13.245152679398247,13.430451393127441,6679200
2006-04-11,13.511985465644477,13.608341614135956,12.993149777207007,13.141387939453125,6169200
2006-04-12,13.193278097828756,13.20069022178016,12.844916754421284,12.889388084411621,5388000
2006-04-13,12.874560032095708,13.052446693676687,12.837499427359555,13.037622451782227,4785200
2006-04-17,13.067271321658042,13.111744053466822,12.652202387466753,12.852325439453125,7700500
2006-04-18,12.948681623055306,13.11915761965367,12.807855531311175,13.000566482543945,7907100
2006-04-19,13.193268477656778,13.267388249406615,13.015381873687407,13.185857772827148,6797900
2006-04-20,13.178448704238711,13.230332132356136,13.015384885906935,13.133975982666016,5709800
2006-04-21,13.28222503892951,13.304461415584173,13.148809606438332,13.245165824890137,8668800
2006-04-24,13.037620381450495,13.10432804566509,12.859733748117334,13.045032501220703,7056600
2006-04-25,13.119155898240814,13.148802971769209,12.904208606859797,12.94867992401123,4395900
2006-04-26,13.141386357085093,13.156210595639914,13.000560331965895,13.126562118530273,3350000
2006-04-27,13.082089314675084,13.66022182848497,12.889378476738456,13.49715805053711,9428500
2006-04-28,13.541633997283242,13.712108520680614,13.119153042030025,13.267391204833984,7951000
2006-05-01,13.385986159799794,13.578697099349949,12.963505082743518,12.99315357208252,6444200
2006-05-02,13.015386188751839,13.141389418386005,12.993151239457152,13.096918106079102,4182200
2006-05-03,13.111739179510574,13.208093901843416,12.904204082701979,13.067266464233398,5660400
2006-05-04,13.10439174347831,13.52016809115274,13.096966988825372,13.215760231018066,8842900
2006-05-05,13.371680155305054,13.742909471944968,13.252886887270476,13.698362350463867,8308600
2006-05-08,13.742903258885914,13.757752764708755,13.460768312759203,13.653807640075684,6146300
2006-05-09,13.631534680505665,13.631534680505665,13.468192950109568,13.549863815307617,5259800
2006-05-10,13.460772687275414,13.616689716831923,13.111817683795268,13.572142601013184,5333800
2006-05-11,13.431071277707236,13.594411600194084,13.11181396982791,13.24545669555664,6962300
2006-05-12,12.948473749315701,13.14151308620781,12.748009659143868,12.792556762695312,8806000
2006-05-15,12.80741025929992,12.80741025929992,12.384209103399076,12.666342735290527,8857100
2006-05-16,12.57724356259489,12.955897452406166,12.57724356259489,12.829679489135742,5954300
2006-05-17,12.740587699502946,12.896504720311384,12.17631907165843,12.644068717956543,11200000
2006-05-18,12.63664438504536,12.822259015556154,12.24314085855667,12.354509353637695,8324000
2006-05-19,12.413910364888075,12.495581284329838,12.064955246039387,12.3619384765625,9906500
2006-05-22,12.26541740185356,12.317389281468001,11.686299137305118,11.812517166137695,13029700
2006-05-23,11.990707074584712,12.139199373020983,11.812517166137695,11.812517166137695,5290600
2006-05-24,11.71599528394853,12.131772367995609,11.322492465376854,11.8793363571167,10718500
2006-05-25,11.961006861782941,12.250565222983669,11.916458332269597,12.220866203308105,6724500
2006-05-26,12.562397434216228,12.651493074174384,12.317386194490247,12.510425567626953,5107600
2006-05-30,12.495573319856485,12.562394681149314,12.14661842342592,12.198590278625488,5282400
2006-05-31,12.302535738275916,12.488150342452986,12.206016767199738,12.369357109069824,5697800
2006-06-01,12.406480449095756,12.48072657989053,12.32481097973595,12.4658784866333,5847900
2006-06-02,12.599522590637207,12.696043006712644,12.391635078094671,12.599522590637207,4906200
2006-06-05,12.488148286590498,12.621791006177371,12.020400184163252,12.07979679107666,6150900
2006-06-06,12.161469121882764,12.161469121882764,11.767967038897746,11.938732147216797,9402000
2006-06-07,11.946157176609903,12.213442685258178,11.849637488271759,12.012978553771973,7046000
2006-06-08,11.886758754334826,12.168892313754379,11.589774979480506,11.975852966308594,11112500
2006-06-09,11.894183266408978,12.154043975619913,11.85706020679835,11.998126983642578,4828600
2006-06-12,12.0500988073204,12.09464732840015,11.426434381536698,11.552652359008789,7040300
2006-06-13,11.419010554323215,11.537803787918415,10.743373507202872,10.825043678283691,18624100
2006-06-14,10.58003200347439,11.070054425081992,10.557758450145906,10.802769660949707,17542400
2006-06-15,10.928991330844648,11.753120162706063,10.85474518394669,11.678874015808105,11342600
2006-06-16,11.678872461363332,11.938733232855276,11.396738840055718,11.522956848144531,6397800
2006-06-19,11.60462796143557,11.671449348486613,11.315068853568949,11.352191925048828,7065400
2006-06-20,11.359618342864263,11.723422938851385,11.292796946037281,11.448713302612305,8605600
2006-06-21,11.411586273024213,11.805089052628205,11.396737472241345,11.57492733001709,7438600
2006-06-22,11.508106973107434,11.597201909867083,11.344765901682935,11.4635591506958,5405200
2006-06-23,11.352194432831569,11.44128939922679,11.25567470888745,11.389317512512207,7762600
2006-06-26,11.456137454048731,11.51553409074112,11.329919424061465,11.411589622497559,5034700
2006-06-27,11.367042719929444,11.411589844282632,11.040360503708452,11.070058822631836,7119800
2006-06-28,11.136873615038473,11.337337679979576,10.966108559478293,11.24081802368164,7463800
2006-06-29,11.337343144518691,11.775393123074746,11.28537056111492,11.73827075958252,7640600
2006-06-30,11.85706455349163,12.06495277223225,11.58977899276139,11.86448860168457,6124300
2006-07-03,11.90903497033573,12.124347198056348,11.805089817800454,12.027828216552734,2593900
2006-07-05,11.90161084749126,12.012979344718257,11.72342026063897,11.782816886901855,6092600
2006-07-06,11.78281451556928,11.8496358836829,11.678870086496595,11.760540962219238,4825800
2006-07-07,11.634324732575253,11.66402304420403,11.292793794812512,11.344765663146973,4517600
2006-07-10,11.3818876463205,11.500680881528345,11.233396102310694,11.285367965698242,2952400
2006-07-11,11.300219367359023,11.448710936246965,11.15172779847108,11.426437377929688,4454900
2006-07-12,11.463559457128758,11.470984212406437,11.084906142794352,11.13687801361084,7747900
2006-07-13,11.047782727335438,11.129452908632837,10.802771475379627,10.817620277404785,8074800
2006-07-14,10.743373570039896,10.980960038619918,10.713675261467394,10.854742050170898,4814100
2006-07-17,10.691401386600765,10.928988571857897,10.542909838354777,10.587457656860352,5824600
2006-07-18,10.609729898674587,10.884439405938528,10.394417003356176,10.669126510620117,10215700
2006-07-19,10.728524225816189,11.285368051115267,10.594882189227617,11.129451751708984,8904400
2006-07-20,11.062630961757273,11.181424912181498,10.899290607543168,10.951262474060059,8527800
2006-07-21,10.877017631644115,11.047783468807868,10.624582315765327,10.914140701293945,9254400
2006-07-24,10.914138099707854,11.233395431306391,10.869590993197612,11.032931327819824,5650200
2006-07-25,10.936409783770841,11.337337922219502,10.839890833473982,11.218544006347656,5480500
2006-07-26,11.099748215227551,11.225966146164437,11.040351625147043,11.107172966003418,8506200
2006-07-27,11.107178956934728,11.515531265040542,11.107178956934728,11.441285133361816,9810800
2006-07-28,11.448707367917825,11.812511775318765,11.42643381654276,11.775388717651367,10481200
2006-07-31,11.775391731362268,11.886760932867508,11.64917372782783,11.790241241455078,7900100
2006-08-01,11.857064997281327,11.864489045752137,11.671450332299745,11.812517166137695,6725800
2006-08-02,11.790243806975116,11.968434426544498,11.760545488390848,11.857065200805664,9331600
2006-08-03,11.819939088083043,12.012978463305606,11.76054246617819,11.909034729003906,5518300
2006-08-04,12.028054659874455,12.206578491151285,11.916477442674097,12.057807922363281,7024100
2006-08-07,11.998300037414209,12.065246651818823,11.804899573945011,11.879284858703613,8143800
2006-08-08,11.901596100127309,11.96854269169299,11.596617813564011,11.693318367004395,5346700
2006-08-09,11.782579966337881,11.901595810944867,11.626371492943614,11.730510711669922,5016500
2006-08-10,11.708196176468563,11.901597302894311,11.596618985510121,11.871843338012695,4432500
2006-08-11,11.901592113004996,11.901592113004996,11.648683167101213,11.797452926635742,4317200
2006-08-14,11.901592677680151,12.12474697287449,11.827207439688568,11.953661918640137,5915000
2006-08-15,12.057803904446265,12.310712935842423,12.057803904446265,12.221451759338379,7663800
2006-08-16,12.288403326602742,12.370225868397403,12.028055521954615,12.117318153381348,9884100
2006-08-17,12.065246120765988,12.452048449460547,12.020615519387764,12.362787246704102,6511600
2006-08-18,12.355344984303114,12.444606161106455,12.109874619922694,12.184258460998535,5176800
2006-08-21,12.124750642417968,12.161943982060489,11.990858876047401,12.109874725341797,4696100
2006-08-22,12.057802562621124,12.347904900927938,12.057802562621124,12.161942481994629,4861400
2006-08-23,12.236326949408854,12.303273529438393,11.938785963152867,11.99829387664795,4334500
2006-08-24,11.961105909816752,12.087560445070267,11.79002077940936,11.90159797668457,4329200
2006-08-25,11.9015989502182,12.020614826217889,11.842091012218354,11.88672161102295,2421800
2006-08-28,11.760261576764389,11.983416581348932,11.760261576764389,11.953661918640137,3464500
2006-08-29,12.013168973066874,12.013168973066874,11.6635602237221,11.842083930969238,5451600
2006-08-30,11.849527047261095,12.14706667110709,11.82721104342983,12.08755874633789,3903300
2006-08-31,12.057803539640327,12.221451389581315,12.050366290807354,12.13218879699707,3546800
2006-09-01,12.117311781159081,12.303274198288369,12.117311781159081,12.258642196655273,4434500
2006-09-05,12.12475048811345,12.333028931118424,12.12475048811345,12.228890419006348,4256900
2006-09-06,12.199135595412617,12.466921958965202,12.094997084600301,12.347906112670898,6784300
2006-09-07,12.35534356793895,12.362782234949963,12.12474914693957,12.161942481994629,5087700
2006-09-08,12.295837167211893,12.333029088073577,11.990858876047401,12.109874725341797,4402400
2006-09-11,12.094994424961532,12.251202156830578,12.057801094435218,12.206571578979492,4828300
2006-09-12,12.280956546905525,12.481796270919558,12.184255308477823,12.474357604980469,6220600
2006-09-13,12.318150216736234,12.764460305347251,12.318150216736234,12.578497886657715,7172300
2006-09-14,12.452046586362204,12.697516985386546,12.407415991661694,12.652886390686035,6387800
2006-09-15,12.77934601623617,13.091763141175855,12.675207447516806,13.024816513061523,13676400
2006-09-18,13.017370231860095,13.024808899389134,12.690075954486142,13.009931564331055,5400600
2006-09-19,13.032246913646848,13.062000163490795,12.682636651210792,12.7570219039917,5438500
2006-09-20,12.883474324834134,13.002490142526517,12.831405081941275,12.913228988647461,6197700
2006-09-21,12.890916014581386,13.017370527889256,12.69751491077048,12.779338836669922,3790800
2006-09-22,12.77933641427241,12.890913571033776,12.712389836459488,12.809089660644531,3987200
2006-09-25,12.883478399013182,13.06944085031252,12.749585207072712,13.062002182006836,6181200
2006-09-26,13.032246457779177,13.195892873148273,12.883475957421352,13.143823623657227,5218400
2006-09-27,13.062003525565046,13.255404665063315,13.032250268062803,13.121511459350586,5181100
2006-09-28,13.188454053719271,13.381855134435378,13.076876889131686,13.277716636657715,4861700
2006-09-29,13.366980138223049,13.38929614255509,13.166141774358186,13.322349548339844,5722100
2006-10-02,13.359543156285671,13.359543156285671,13.032250230791757,13.151266098022461,4743600
2006-10-03,13.19590170989522,13.203340381772543,12.9876231536749,13.024816513061523,9037200
2006-10-04,13.099196689367558,13.590137490989212,13.0545646755612,13.582698822021484,9029300
2006-10-05,13.51574803098101,13.634763860014434,13.404170868609752,13.508309364318848,4500000
2006-10-06,13.38929490313685,13.560379997502888,13.3521029848071,13.545502662658691,3630000
2006-10-09,13.448805636600843,13.582698840641394,13.36698169662472,13.567821502685547,3928400
2006-10-10,13.649640791829023,13.679394038821878,13.33722389511101,13.433923721313477,4984800
2006-10-11,12.34790370102275,12.91322956989826,12.15450263387214,12.809089660644531,22516600
2006-10-12,12.94298335177311,13.292593587878818,12.749582276620728,13.188453674316406,12733600
2006-10-13,13.12894877797707,13.21077271055867,12.98761691773092,13.062002182006836,5161000
2006-10-16,13.099196987320223,13.225651525085818,12.697517366612662,12.719833374023438,10215800
2006-10-17,12.645448524869499,12.645448524869499,12.347908843334675,12.429731369018555,8639600
2006-10-18,12.429729393384262,12.608254592710713,12.377660134739417,12.489238739013672,6564200
2006-10-19,12.399976757065492,12.489239361175407,12.2363303047751,12.377660751342773,8626300
2006-10-20,12.57106071030864,12.608254049725257,12.236329168244051,12.533868789672852,5496900
2006-10-23,12.585937328504814,12.801653009699141,12.518990740152601,12.727269172668457,5420200
2006-10-24,12.675196677086726,12.794212488430043,12.548742200186904,12.6380033493042,4763000
2006-10-25,12.593378448961618,12.704955645021922,12.429730570544216,12.660325050354004,5849500
2006-10-26,12.660319408973397,13.151259987902671,12.660319408973397,13.054558753967285,6596600
2006-10-27,13.262841241128333,13.314910497626013,13.062001464253717,13.247963905334473,8978600
2006-10-30,13.218208042971067,13.538063605488585,13.128945464611078,13.463678359985352,11191000
2006-10-31,13.567816747719977,13.612447327165286,13.463678256087409,13.552939414978027,8412600
2006-11-01,13.582697393902983,13.582697393902983,13.099195312085664,13.2256498336792,6485300
2006-11-02,13.203331230738845,13.508309472425294,13.099192734196333,13.419048309326172,7653500
2006-11-03,13.389293642439393,13.54550138725316,13.19589256401715,13.419048309326172,5991700
2006-11-06,13.568230062613065,14.187341089889264,13.389210160804444,14.172422409057617,13267900
2006-11-07,14.16496976030508,14.224643089098189,13.956112398167011,14.11275577545166,10080500
2006-11-08,14.135128418422543,14.150045677890507,13.78454650053435,13.859138488769531,29322900
2006-11-09,13.806928836307712,13.88152084784112,13.40413282766188,13.46380615234375,6560200
2006-11-10,13.56076908111572,13.605523695470886,13.404125796787337,13.560769081115723,5797600
2006-11-13,13.568235148205064,13.77709106723581,13.501102482023969,13.598071098327637,4420900
2006-11-14,13.650283462731721,13.6577428050607,13.14306098887795,13.605528831481934,10961200
2006-11-15,13.605522847310752,13.829298750583598,13.583144830166432,13.71741008758545,8407500
2006-11-16,13.836758196320481,13.866595555810907,13.650278967676144,13.81438159942627,6575300
2006-11-17,13.70994919716607,13.903887722301066,13.560766701255274,13.84421443939209,5459600
2006-11-20,13.971031672596464,14.164970354997347,13.881522387011099,14.12767505645752,10092000
2006-11-21,14.112752534258702,14.440956478606315,14.060538561396957,14.366364479064941,11698500
2006-11-22,14.411115924000116,14.418575264577708,14.12766809567032,14.239555358886719,5170300
2006-11-24,14.120216705681981,14.28431802261737,14.02324664629665,14.164971351623535,1625000
2006-11-27,14.179882783167814,14.187342124127413,13.665199638746005,13.709954261779785,7345600
2006-11-28,13.508562044181494,13.732336653262573,13.456348063577527,13.687582015991211,7201100
2006-11-29,13.72487437796873,13.956108280985324,13.70249777547536,13.88897705078125,5608000
2006-11-30,13.903894071885802,13.941190779938506,13.568232235755097,13.680119514465332,5954400
2006-12-01,13.717412856687861,13.7621689000113,13.262404464689471,13.441424369812012,5322800
2006-12-04,13.754718585839738,14.164972626463117,13.553320526890223,14.015789985656738,8225700
2006-12-05,14.06800203873108,14.343990668616186,13.985950672845224,14.23210334777832,8523400
2006-12-06,14.314146652741421,14.433493250789114,14.261932693936014,14.388738632202148,8257800
2006-12-07,14.388739694823432,14.530462901269157,14.284310346776746,14.34398365020752,5764600
2006-12-08,14.276843671688557,14.418568228051134,14.209711061975916,14.37381362915039,4670900
2006-12-11,14.209716407426908,14.343981677360475,14.157502451946874,14.306686401367188,4672500
2006-12-12,14.329059903200642,14.403651861801038,14.284305297129714,14.336519241333008,6347000
2006-12-13,14.418578878064602,14.500630222257529,14.172426268209922,14.269394874572754,4549100
2006-12-14,14.217185850218245,14.411124553192368,14.202268582854538,14.35891056060791,6253000
2006-12-15,14.418575286865234,14.537921890843707,14.358901984875999,14.418575286865234,7968700
2006-12-18,14.403663075477512,14.440959795175944,13.956112398167011,14.11275577545166,13005700
2006-12-19,14.209718277011127,14.239555639910348,13.933729783812174,14.067995071411133,8471300
2006-12-20,14.127675306518677,14.314154647967408,14.120215962133791,14.254481315612793,6088800
2006-12-21,14.291775955880873,14.321613332044741,14.209724594154634,14.261940002441406,5214600
2006-12-22,14.299229252567484,14.299229252567484,14.135128021240234,14.135128021240234,3384000
2006-12-26,14.082912639956579,14.224637271398239,14.06799538090256,14.194801330566406,2581000
2006-12-27,14.314145389138776,14.351440664215005,14.224634737142857,14.32160472869873,1805600
2006-12-28,14.269392209582549,14.530463455572866,14.247015609144755,14.440954208374023,3803700
2006-12-29,14.40365880952547,14.530464773495071,14.388741548788547,14.426036834716797,3234400
2007-01-03,14.321615027718945,14.784083031219751,14.306696337870642,14.739328384399414,7944200
2007-01-04,14.791539837217131,14.798999180860907,14.418581191374315,14.62743854522705,5287200
2007-01-05,14.619971197479215,14.687103830795268,14.232094076702811,14.32160472869873,5390400
2007-01-08,14.239561890670139,14.597601866287475,14.179888561400583,14.500633239746094,4168200
2007-01-09,14.619971006984628,14.798990885920334,14.605052328059104,14.731858253479004,6722900
2007-01-10,14.552840629365416,14.948177145804214,14.545381288746901,14.89596176147461,10301800
2007-01-11,14.94071895762379,15.18687152612653,14.828830262439388,15.127198219299316,10159400
2007-01-12,15.17195159386886,15.343512159023408,14.99293168813493,15.179410934448242,9677000
2007-01-16,15.082444436521296,15.559832385534955,15.015311778421314,15.052608489990234,9616200
2007-01-17,15.067520059837944,15.201783889915374,14.567755742592299,14.687102317810059,11294500
2007-01-18,14.575224044955908,14.679652006812427,14.224642019767403,14.314152717590332,8976200
2007-01-19,14.261934090867118,14.411116641677063,14.150045399354893,14.209718704223633,6359000
2007-01-22,14.24701955774812,14.29177419375142,13.851682908666994,14.097835540771484,5307600
2007-01-23,14.097828496698,14.187339146704238,13.79200269515559,14.05307388305664,9607700
2007-01-24,14.075454472599215,14.179882397747539,14.00086248775451,14.105290412902832,9234900
2007-01-25,14.209723244755148,14.209723244755148,13.665203985993395,13.687582015991211,8245300
2007-01-26,13.68758002019524,14.097833884599225,13.672661335705333,14.00832462310791,8976400
2007-01-29,14.030703448183651,14.068000165312498,13.419051514513418,13.46380615234375,13625100
2007-01-30,13.545855444318018,13.79946739127285,13.471263444144704,13.74725341796875,8809300
2007-01-31,13.762175146632698,14.179888448184453,13.68012378602053,14.11275577545166,11253800
2007-02-01,14.284312543534783,14.44841522024929,14.19480328598505,14.351445198059082,8847100
2007-02-02,14.329064622519509,14.515543869076339,14.329064622519509,14.418575286865234,6573600
2007-02-05,14.37381942815417,14.58267525576757,14.366360088207458,14.47078800201416,6500700
2007-02-06,14.50809137726978,14.597600652368433,14.276856000695663,14.314152717590332,5433300
2007-02-07,14.35154515922177,14.605819646361434,14.344066330018741,14.486161231994629,4593600
2007-02-08,14.5235455687115,14.531024393597818,14.31414275121457,14.471195220947266,4576300
2007-02-09,14.463722898444313,14.523552097991978,13.932737504323226,13.985089302062988,8690200
2007-02-12,14.007524757203825,14.059875129986048,13.9551743844216,14.052397727966309,4408600
2007-02-13,14.134661988149515,14.149619645070343,13.857952467317567,14.052397727966309,10685500
2007-02-14,14.142147683074821,14.501123064824675,14.127190018891568,14.433815002441406,8925500
2007-02-15,14.366502384108172,14.770350630338172,14.366502384108172,14.605820655822754,9197700
2007-02-16,14.635734548261505,14.71800024873967,14.448768084586339,14.605820655822754,4961000
2007-02-20,14.553467075118636,14.762870002447523,14.463723982292501,14.628253936767578,6159600
2007-02-21,14.523555002209983,14.830179889511419,14.523555002209983,14.725479125976562,6662800
2007-02-22,14.762860188308844,14.93486885724398,14.69555220021426,14.770339012145996,8279400
2007-02-23,14.718000398433894,14.732958058025858,14.373981360023352,14.381460189819336,6830300
2007-02-26,14.486160317788332,14.486160317788332,14.029961750279588,14.112227439880371,4888800
2007-02-27,14.029959958946053,14.029959958946053,13.424189173482867,13.730813980102539,11464300
2007-02-28,13.820554733276367,14.00752111687515,13.663503655744735,13.820554733276367,8721900
2007-03-01,13.484017031032014,13.87290605171307,13.45410172289633,13.663504600524902,9102500
2007-03-02,13.58872245000388,13.760731251872574,13.53637206912566,13.543850898742676,6402300
2007-03-05,13.461582551626481,13.685941690244011,13.267137299152337,13.282094955444336,8385800
2007-03-06,13.37931699664508,13.55132719276983,13.356881938432752,13.491497993469238,8310300
2007-03-07,13.439145813838609,13.558804209037616,13.386795444244116,13.454103469848633,5810000
2007-03-08,13.558802991628362,13.7831635323122,13.498973799400764,13.596197128295898,7536400
2007-03-09,13.917777519328439,13.917777519328439,13.626109002088546,13.760725021362305,10209800
2007-03-12,13.745762421380212,13.895336039279432,13.506445773893248,13.805591583251953,8899100
2007-03-13,13.611164084104326,13.820565686774543,13.37932455766025,13.401761054992676,8234800
2007-03-14,13.491501015148446,13.633594503786506,13.102610419374818,13.603680610656738,9318800
2007-03-15,13.618636342031051,13.670988149350167,13.38679832966712,13.543850898742676,6048200
2007-03-16,13.513933855729977,13.596199544578148,13.394275450009392,13.439146995544434,10675700
2007-03-19,13.498980114229058,13.80560504613982,13.469066217341755,13.76821231842041,9211900
2007-03-20,13.775681493674686,13.828031846365176,13.596193958832945,13.648544311523438,4211300
2007-03-21,13.6335915065849,14.02996084511358,13.573762307037233,13.985089302062988,6597600
2007-03-22,14.007518312497826,14.142134309968583,13.895338790085535,13.910296440124512,8235200
2007-03-23,13.96265130729453,14.351541775517225,13.910300941656953,14.209446907043457,8063700
2007-03-26,14.20944884631298,14.239364160154638,13.86543129577798,14.052397727966309,6233700
2007-03-27,13.98508326387938,14.022475962536804,13.835509616369645,13.910296440124512,4481100
2007-03-28,13.865435692796678,13.93274231740339,13.753254656756196,13.76821231842041,6559600
2007-03-29,13.872907428527867,13.90282273963249,13.52888990946796,13.730813980102539,5886400
2007-03-30,13.723343131552854,13.887873158970102,13.521418943512568,13.678471565246582,5542700
2007-04-02,13.64854756937968,13.917779649127024,13.626111087253912,13.872906684875488,4527300
2007-04-03,13.940214602607693,14.25431821786321,13.910300719766456,14.224404335021973,5653100
2007-04-04,14.411375579275859,14.42633323894076,14.201972623290054,14.25432300567627,3841300
2007-04-05,14.254316017485134,14.3964108617577,14.187008008431828,14.306666374206543,3084400
2007-04-09,14.359023208985048,14.47120278805947,14.32910789379681,14.351544380187988,4491900
2007-04-10,14.261801257505168,14.433810057357533,14.17953555912322,14.291716575622559,4319300
2007-04-11,14.329108852728826,14.344066511323943,14.104749679565431,14.10474967956543,5226400
2007-04-12,14.119704017910594,14.179533217825615,14.000045618080554,14.134661674499512,8648000
2007-04-13,14.112227730545976,14.254321200040337,14.022483210365703,14.216928482055664,6676200
2007-04-16,14.246844187475329,14.598342057682794,14.21693029456204,14.590863227844238,5286900
2007-04-17,14.583380599870681,14.680602509569303,14.19449010819506,14.246840476989746,9192700
2007-04-18,14.209450699440234,14.583383612583399,14.194493040568702,14.426332473754883,9966500
2007-04-19,14.299196410012954,14.493640285676822,14.254323429683463,14.441289901733398,8069200
2007-04-20,14.628253642933258,14.703040503079972,14.194491565811168,14.523552894592285,12157500
2007-04-23,14.508592671866332,14.65816636571215,14.508592671866332,14.598337173461914,4572200
2007-04-24,14.56842517668462,14.650690869649438,14.239365257706925,14.321629524230957,7854100
2007-04-25,14.403891539276799,14.568421456754244,14.261796676740577,14.531028747558594,6712600
2007-04-26,14.583375740342271,14.845128923533867,14.583375740342271,14.75538444519043,9040900
2007-04-27,14.755388677006719,14.807739043371003,14.613295233000953,14.665645599365234,5251500
2007-04-30,14.628255227598986,14.710520925316212,14.291716460142899,14.299195289611816,7398500
2007-05-01,14.284231322148933,14.359018157368189,14.029956938267604,14.306666374206543,8913500
2007-05-02,14.291715250974958,14.523553239133,14.269278764466472,14.501116752624512,8642200
2007-05-03,14.508583479478839,14.613285569409664,14.44875432513532,14.545977592468262,5585300
2007-05-04,14.590863227844238,14.658171269950309,14.44876831379354,14.590863227844238,6818500
2007-05-07,14.508595696426102,14.710519797280279,14.463724149494317,14.493638038635254,5326500
2007-05-08,14.478681807285165,14.538511012007799,14.35154456894447,14.493638038635254,5969500
2007-05-09,14.52362089351642,14.636090563073337,14.366162212033185,14.58360481262207,10200100
2007-05-10,14.53112328170015,14.561115967978767,14.193714141845701,14.193714141845703,9838500
2007-05-11,14.276201259787062,14.62860695657138,14.186224576495926,14.561124801635742,12278500
2007-05-14,14.561124801635742,14.688590935388515,14.508638998937107,14.561124801635742,9022600
2007-05-15,14.546124534868333,14.868538870544086,14.531128186667024,14.711081504821777,16288200
2007-05-16,14.658594653628906,14.906028684632114,14.658594653628906,14.861041069030762,7174300
2007-05-17,14.778555104018205,14.981001416981965,14.621097814021807,14.793551445007324,11345400
2007-05-18,14.84603873242882,15.738301091063796,14.808549306237158,15.723304748535156,29186400
2007-05-21,15.72330708087075,16.060717687165678,15.535857061846935,15.83577823638916,19064200
2007-05-22,15.775791947385397,15.82077954484138,15.520859844918261,15.723304748535156,10948200
2007-05-23,15.73830162186087,15.873265848910624,15.700812194404822,15.843273162841797,8291400
2007-05-24,15.760796823959922,16.02322711799045,15.730804136582696,15.783289909362793,12373700
2007-05-25,15.828285038125482,15.843279957460696,15.67082622899563,15.813288688659668,7022500
2007-05-29,15.820789251478866,16.09071643195498,15.768303450556589,16.015737533569336,5854200
2007-05-30,15.873271554030753,16.57058602432767,15.850777031394223,16.55558967590332,13224300
2007-05-31,16.795527129840654,16.893001973752323,16.72054681070798,16.848012924194336,16310200
2007-06-01,16.870499941367314,17.26039628324345,16.848005426598693,17.012962341308594,13155300
2007-06-04,17.020459991936296,17.065447589966563,16.810515484245123,16.85550308227539,6436800
2007-06-05,16.855508732028955,16.915492692885163,16.53309440612793,16.53309440612793,9070700
2007-06-06,16.645567167482046,16.675558435697805,16.248172495176583,16.345645904541016,10733200
2007-06-07,16.248165722573724,16.383129948614933,15.85826938737245,15.910755157470703,9039500
2007-06-08,15.865764274222494,16.330640797664447,15.865764274222494,16.293149948120117,6585800
2007-06-11,16.225678089077782,16.398133245558608,16.165694122080712,16.315654754638672,4661300
2007-06-12,16.285654163053447,16.36063444299241,15.948245048522951,15.94824504852295,4461900
2007-06-13,16.053223145657835,16.210681940919066,15.843278562019687,16.17319107055664,7179200
2007-06-14,16.18068694171973,16.270663587653186,15.985738733972472,16.023229598999023,6701400
2007-06-15,16.195686703201073,16.48810836142495,16.150699085812146,16.345645904541016,9312500
2007-06-18,16.413128913985318,16.45811796388485,16.188189385010254,16.338150024414062,5723400
2007-06-19,16.338141097518918,16.41311994612295,16.098203919544474,16.1956787109375,3870000
2007-06-20,16.323146841112468,16.443114730361273,15.753298652115616,15.783289909362793,5296900
2007-06-21,15.783298372155228,16.038230631032704,15.483378488220202,16.015737533569336,6249000
2007-06-22,15.955751510986426,15.993240955372471,15.370906739701958,15.483376502990723,13824700
2007-06-25,15.670822859242014,15.745803160317202,15.34840856570991,15.41589069366455,8190200
2007-06-26,15.44588870966863,15.52836578216031,15.243442256030276,15.34091567993164,8194700
2007-06-27,15.153457981495494,15.535856169967042,15.085977294240578,15.49086856842041,8672800
2007-06-28,15.453384039458957,15.670825374331939,15.265933971751323,15.423391342163086,7180700
2007-06-29,15.50586457097609,15.70831091867451,15.235936107378198,15.385896682739258,8810800
2007-07-02,15.44588540676473,16.638067916416645,15.44588540676473,16.49560546875,23396700
2007-07-03,16.503103116225297,16.570585250854492,16.30065671233772,16.570585250854492,9024400
2007-07-05,16.608075465258054,16.630569987894585,16.27066620649311,16.55558967590332,8604300
2007-07-06,16.54809800015477,16.638074695904375,16.458122734536225,16.540599822998047,22471700
2007-07-09,16.578081005998303,16.743036516508205,16.38313280441557,16.45061492919922,20814400
2007-07-10,16.3831333224723,16.39812966848292,15.94075112607088,16.023229598999023,13572600
2007-07-11,16.04572245593137,16.330647305493272,15.918256376944253,16.278160095214844,19286200
2007-07-12,16.31564761552232,16.863001253635428,16.278156758722133,16.85550308227539,23850900
2007-07-13,16.720548397580245,16.76553745140794,16.570589175213573,16.660564422607422,11985300
2007-07-16,16.975475582287626,17.005468275887875,16.570584229596665,16.683053970336914,14000300
2007-07-17,16.74303792740707,16.780527364277035,16.315652054515922,16.683053970336914,14227900
2007-07-18,16.7805257080272,16.7805257080272,16.308152271489615,16.353139877319336,20592700
2007-07-19,16.450609855656687,16.465604766438286,15.933247535252159,16.083208084106445,20537100
2007-07-20,16.122629823409035,16.240888416709378,15.72054940319619,15.791504859924316,18640000
2007-07-23,15.846689837727725,16.122627518472765,15.791502602326593,15.988600730895996,16070600
2007-07-24,15.830920805471575,15.893992143193003,15.499795906499248,15.554983139038086,18773000
2007-07-25,15.681125814480941,15.964947586097022,15.373653231056393,15.554983139038086,15514200
2007-07-26,15.302705044523465,15.499803256332102,14.94004505659078,15.176562309265137,20130400
2007-07-27,15.255401105102463,15.775740237044815,15.105606050834227,15.460383415222168,14347900
2007-07-30,15.5313375022883,16.02802426437371,15.476148747621204,15.870345115661621,18034300
2007-07-31,15.925533870328717,16.635087032053505,15.633827896333294,15.870345115661621,25684100
2007-08-01,15.633825697933501,16.051674330645568,14.97945987915172,15.381540298461914,26052100
2007-08-02,15.42884796686489,15.696901658474134,15.08983879784496,15.405197143554688,14102000
2007-08-03,15.428842982602069,15.562869785109548,14.687753515576027,14.703521728515625,11315600
2007-08-06,14.971583106694784,15.279055899957383,14.514315220212312,15.097725868225098,15390800
2007-08-07,14.979463859426183,15.160793850511112,14.70352606653086,14.90062427520752,12989100
2007-08-08,15.058301421458648,15.949184543394452,15.01888088277312,15.47614860534668,12509500
2007-08-09,15.192330832335797,15.334241788287544,14.861205769695067,14.940045356750488,10138900
2007-08-10,14.766597189655373,15.318472766345547,14.301445304549649,14.624686241149902,11662800
2007-08-13,14.892740914556182,15.074072418490388,14.388169956193348,14.467009544372559,12119600
2007-08-14,14.522197846879255,14.884857873286773,13.93090314872251,14.11223316192627,16503500
2007-08-15,14.120118541308809,14.703529182165944,14.112234430842324,14.222610473632812,17387100
2007-08-16,14.096463730119543,15.37366082994523,13.725919625821128,14.940045356750488,23886400
2007-08-17,15.547098084489708,16.359142823838404,15.129251061502835,15.499794960021973,14956800
2007-08-20,15.570758273949016,15.689016896800632,14.884855855425672,15.271169662475586,8067400
2007-08-21,15.160790199450018,15.53133570492,15.066183924162948,15.184442520141602,9963900
2007-08-22,15.436738394712009,15.720560420533644,15.350014663768585,15.689023971557617,8743600
2007-08-23,15.79939481616203,15.838813860609996,15.42884918189446,15.484036445617676,6560200
2007-08-24,15.531336392743416,15.759969487928812,15.286933579325616,15.728434562683105,5071300
2007-08-27,15.736322402954102,15.838814327524435,15.428849636723497,15.736322402954102,6865400
2007-08-28,15.689019767120357,15.728440317776236,14.987350506588449,15.034653663635254,7308400
2007-08-29,15.184442142157286,15.397308511863786,14.84543307271499,15.381540298461914,5134100
2007-08-30,15.200218108734523,15.602298733133981,15.089842062361495,15.310592651367188,5060800
2007-08-31,15.507687583834924,15.799393603068928,15.428847997252216,15.610177993774414,6948800
2007-09-04,15.507690298275575,15.95707406559435,15.484037967038685,15.67325210571289,7336000
2007-09-05,15.476150744615067,15.515571288749696,15.168678019064966,15.350008010864258,7076400
2007-09-06,15.350008380437458,15.547106594636018,15.129259342928695,15.405197143554688,8143100
2007-09-07,15.25539570076151,15.397306596243663,14.892734356336073,14.963689804077148,8860400
2007-09-10,15.121374725861381,15.168677874632525,14.537964211883974,14.90850830078125,6910400
2007-09-11,15.042535465085663,15.420963670860644,14.908508620906188,15.176562309265137,5588000
2007-09-12,15.16867820034399,15.405196956758367,14.892740403063893,15.176562309265137,4709700
2007-09-13,15.29481733370643,15.696897771555793,15.184442842283348,15.618058204650879,4411600
2007-09-14,15.523452285497063,15.862461378391682,15.428844502280546,15.728434562683105,5302000
2007-09-17,15.96495254185602,16.106863471715325,15.641711647727501,15.79939079284668,9027000
2007-09-18,15.82304410637124,16.87949063548655,15.78362506574724,16.84795570373535,10696600
2007-09-19,16.895258853232153,17.533856634529016,16.737579683256133,16.84795570373535,18142000
2007-09-20,16.76911425380804,16.981980658480207,16.43010512867974,16.595666885375977,6719300
2007-09-21,16.879487609015616,16.926790750031024,16.44587222493827,16.45375633239746,9716200
2007-09-24,16.461640387383216,16.57990050595722,16.240891374023477,16.248775482177734,8569000
2007-09-25,16.138400679067317,16.666623934999876,16.114749856575102,16.62720489501953,5631400
2007-09-26,16.650848759628076,17.447123789508144,16.650848759628076,17.092348098754883,11665800
2007-09-27,17.171194190624274,17.336755942031576,16.99774682773305,17.26580047607422,5315100
2007-09-28,17.068698735626036,17.352520540291245,16.997743284459734,17.029279708862305,4102400
2007-10-01,17.04504233478739,17.675755578736464,17.04504233478739,17.667871475219727,8575400
2007-10-02,17.589048122632125,17.778262269860694,17.55751318329755,17.715190887451172,8625600
2007-10-03,17.581147840274607,18.014764511261212,17.525960619396436,17.667871475219727,5090700
2007-10-04,17.715187702342632,17.935938252956223,17.62058139760831,17.849214553833008,4120200
2007-10-05,17.93593111071102,18.13302925478477,17.825556631226362,17.99900245666504,5128400
2007-10-08,17.904401209097646,18.109383534065703,17.78614258031532,18.06208038330078,3574900
2007-10-09,18.077847367062898,18.140918731689453,17.81767780001087,18.140918731689453,3901900
2007-10-10,18.030543800186013,18.085731054983246,17.73883780573503,17.880748748779297,5540600
2007-10-11,17.89651792817659,18.085732027833664,17.439250144736995,17.581159591674805,8169700
2007-10-12,17.57327604134333,17.95958832866388,17.54173960789353,17.880748748779297,3536000
2007-10-15,17.77826114371078,18.03054816110832,17.53385974032284,17.628467559814453,6143500
2007-10-16,17.64423216367878,17.833447780003034,17.46290216041981,17.699420928955078,4981000
2007-10-17,17.77825534802015,17.999005852375983,17.218497235041127,17.68364906311035,5916200
2007-10-18,17.51020851868513,17.92017325621721,17.28157532135325,17.715190887451172,3861100
2007-10-19,17.612690026654523,17.73883271678584,16.918903727192788,17.029279708862305,8173100
2007-10-22,16.84006765851403,17.549620750068794,16.682388525395346,17.43136215209961,5537200
2007-10-23,17.59692467738778,17.68364835486489,17.226380652808746,17.659996032714844,3248400
2007-10-24,17.541743850592166,17.707305655027138,16.753350868543077,17.628467559814453,6225500
2007-10-25,17.65211633127305,18.227644283990607,17.62058139760831,17.849214553833008,9766500
2007-10-26,18.13303995656443,18.432628650722766,17.794030708082374,17.935941696166992,8309800
2007-10-29,18.01477470360552,18.61395337622812,17.92016691161676,18.385318756103516,8326200
2007-10-30,18.23552623719966,18.558768694074423,18.069964457967753,18.117267608642578,8400600
2007-10-31,18.16456891045321,18.424738446755754,17.912281978024886,18.322246551513672,10023600
2007-11-01,18.251299896310915,18.259184007730425,17.620586020154963,17.85710334777832,7848100
2007-11-02,17.880749720760175,18.125151078321892,17.38406139310573,17.983240127563477,11675700
2007-11-05,17.73884105170023,17.975358330893492,17.281573209183787,17.636350631713867,6740200
2007-11-06,17.67576669211737,18.164570891310667,17.344641654919315,18.156686782836914,4933200
2007-11-07,17.911749883579173,18.117178161202986,17.342872619628906,17.342872619628906,8128000
2007-11-08,17.358679165368137,17.76953585149818,16.8925151382229,17.66682243347168,7415100
2007-11-09,17.374482075667864,17.88805219112453,16.99523043720867,17.56410789489746,7842800
2007-11-12,17.56410292647428,18.804572418254203,17.453488273300007,18.02236557006836,16664000
2007-11-13,18.20409145279429,18.543836671872175,17.9591568553274,18.472726821899414,9911800
2007-11-14,18.56754119984652,19.231232154784948,18.441124018621263,18.93099021911621,13852900
2007-11-15,18.88358600113555,19.104816843438492,18.464829612470602,18.87568473815918,14601100
2007-11-16,18.915193953543948,19.057413694903325,18.346314988106442,18.630754470825195,11291100
2007-11-19,18.48062889122427,18.543837482071527,17.785334391904456,18.11717987060547,12804300
2007-11-20,18.19618743472737,18.362109388190504,17.730023603076578,18.21198844909668,12223300
2007-11-21,18.164585271013355,18.354211036602806,17.745827430121054,18.02236557006836,10025700
2007-11-23,18.204096895512915,18.693963222885255,18.069778417295584,18.614952087402344,3759200
2007-11-26,18.496435360623988,18.58334775670509,17.77743692125849,17.80904197692871,14113200
2007-11-27,17.990766429133934,18.08557858161012,17.485096090216956,18.06187629699707,13949400
2007-11-28,18.14088787235796,19.30234816766952,18.08558052629782,19.239139556884766,11102400
2007-11-29,19.017891668220734,19.50775909423828,18.828266005346112,19.50775909423828,11899400
2007-11-30,19.729002295431666,19.97393693593742,19.089015040232624,19.207530975341797,16154000
2007-12-03,19.294444390264633,19.381356783904785,18.85988543608779,19.017906188964844,8085400
2007-12-04,18.859884877413766,19.01000436214828,18.646555284986512,18.670257568359375,7559400
2007-12-05,18.788777775854044,19.02580968650583,18.488535748215504,18.622854232788086,10420000
2007-12-06,18.583337973691698,19.06530276284098,18.51222814288077,18.946786880493164,10281600
2007-12-07,19.009994101699327,19.602574978372097,18.907280746160932,19.381345748901367,9407000
2007-12-10,19.38135849838378,19.8159174910018,19.29444609705534,19.523576736450195,13595800
2007-12-11,19.570976641754502,20.01343672511386,18.820373395991965,18.8361759185791,8720800
2007-12-12,19.32604793803526,19.55518006417313,18.670258121416193,19.017906188964844,8539400
2007-12-13,18.96259394994066,19.096912384033203,18.298903041131812,19.096912384033203,8117700
2007-12-14,19.168023179769193,19.94232877599857,19.112715852468757,19.16012191772461,11578800
2007-12-17,19.160125971135983,19.57888390601914,19.002103710837293,19.073213577270508,9234500
2007-12-18,19.16803109588408,19.310250857397946,18.449032530019306,18.654460906982422,9414400
2007-12-19,18.804573469854496,19.405055847974094,18.686057548109826,19.112716674804688,9584600
2007-12-20,19.120611581147088,19.420851916895636,18.638645284986602,18.946786880493164,6651900
2007-12-21,19.11271862997549,19.65789222717285,19.065311050818607,19.65789222717285,10324700
2007-12-24,19.65790184176315,19.981847763061523,19.594693212317452,19.981847763061523,2696200
2007-12-26,19.989739152841654,20.005541680339267,19.555180195741084,19.9581356048584,5581700
2007-12-27,19.9739327087797,20.04504255619834,19.657888272691725,19.673690795898438,5105100
2007-12-28,19.96603676986913,20.02924537253503,19.721102115903317,19.84752082824707,4597300
2007-12-31,19.72900453064992,20.321585780344783,19.673697188466996,20.187267303466797,6349400
2008-01-02,20.18726869860503,20.297884897627597,19.310249413214198,19.42086410522461,12670200
2008-01-03,19.570967608320238,19.70528597429015,19.428747984703765,19.578868865966797,6936300
2008-01-04,19.397147779676338,19.476158868787252,18.788765859648002,18.923084259033203,7963100
2008-01-07,19.025807948851067,19.373456025466332,18.89148947654599,19.31024742126465,9959700
2008-01-08,19.35766729408253,19.38927237221465,17.911768123825457,17.95127296447754,12751500
2008-01-09,18.006567090105285,18.132984284975596,17.026831569342633,17.935457229614258,23305100
2008-01-10,17.793245293903485,18.970506878115653,17.45349836890694,18.772979736328125,12094000
2008-01-11,18.48063135344441,18.654456131692225,17.674722089521534,17.816940307617188,12076900
2008-01-14,18.05397305840813,18.488531974918637,17.880148286194466,18.314708709716797,9335800
2008-01-15,18.030268049638913,18.13298295481872,17.651016492848232,17.74582862854004,9305700
2008-01-16,17.63521277694678,18.401618608258886,17.287564786526975,18.02236557006836,14779600
2008-01-17,17.809036498273034,18.33050770031366,17.19275166540159,17.342872619628906,14425400
2008-01-18,17.366574897077957,17.895947360605447,16.51325824764679,17.342872619628906,15696400
2008-01-22,16.410550654287313,17.769536462426405,16.363143068634084,17.058439254760742,15313000
2008-01-23,16.655482239431628,17.856447169215173,16.434251381730892,17.80113983154297,17288300
2008-01-24,17.658920237877748,18.069776902333196,17.445590642062967,17.603612899780273,12688500
2008-01-25,17.80904944286152,17.80904944286152,16.663391313735776,16.758203506469727,16428900
2008-01-28,16.608077740139557,17.07424178331182,16.42635318283839,17.058439254760742,16113700
2008-01-29,17.10584951099385,17.26387182107269,16.536971907332397,16.84511375427246,12867700
2008-01-30,16.702888261255616,17.990765578782295,16.576471059254605,16.971525192260742,17599500
2008-01-31,16.631776262714908,17.722126373834687,16.402645678617507,17.61941146850586,16837700
2008-02-01,17.587813327838496,17.587813327838496,17.03473683990793,17.413990020751953,13537300
2008-02-04,17.46138957627096,17.53249942691054,17.066335520278457,17.208555221557617,11512800
2008-02-05,16.83720004272262,17.066332072271013,16.02338981628418,16.02338981628418,17046000
2008-02-06,16.30061934205057,16.514476227400472,15.8966679510797,15.983795166015625,12506500
2008-02-07,15.872904289194771,16.427346122015745,15.754093922192032,16.165966033935547,12426200
2008-02-08,16.2214142395088,16.2214142395088,15.63528908849531,15.651130676269531,15261700
2008-02-11,15.643209509997336,16.22933464705817,15.603607052241479,16.086763381958008,14720100
2008-02-12,16.2451735841556,16.41942648488478,15.785778199745334,15.849143028259277,15360800
2008-02-13,16.05507813761907,16.237251819850364,15.73825401401321,16.12636375427246,14334000
2008-02-14,16.118442313689933,16.37982239398819,15.920427055562874,15.975871086120605,12370800
2008-02-15,16.086755561311808,16.142199579510425,15.754089941383908,16.118438720703125,11603900
2008-02-19,16.28477723463179,16.459031658929423,15.31054235796276,15.358065605163574,15036600
2008-02-20,15.136280414419707,15.603596346857891,14.756090131416244,15.484786033630371,21593500
2008-02-21,15.825384851468886,16.22141551248104,15.738259133347425,15.777861595153809,17268100
2008-02-22,15.904594106184694,15.904594106184694,15.207580683926034,15.880831718444824,11841500
2008-02-25,15.920427004360889,16.522393568419535,15.698649372106695,16.276853561401367,17077000
2008-02-26,16.229327534104005,16.443184338025556,15.94418512887527,16.253089904785156,14249300
2008-02-27,16.18973527758469,16.601606053317788,16.070926370916734,16.38775062561035,11564700
2008-02-28,16.387743552870166,16.435266792879485,15.833300213394065,16.007553100585938,11937900
2008-02-29,15.769936800954751,15.952110496239177,15.445191862148011,15.532319068908691,14111600
2008-03-03,15.445199944499116,15.468962334433073,15.08877164917722,15.286787033081055,13247600
2008-03-04,15.270939678086904,15.579843046432593,15.049162009865752,15.492715835571289,14525800
2008-03-05,15.635285633951938,15.94418897361367,15.516476773369472,15.682808876037598,11887100
2008-03-06,15.207575917407773,15.651129774367243,14.9857982335596,15.01747989654541,19194100
2008-03-07,15.167966740793315,15.413505209866068,14.653127430517015,15.080841064453125,13831500
2008-03-10,15.199648157138544,15.278854544403718,14.748173713684082,14.748173713684082,10904400
2008-03-11,15.183806192820667,16.229326248168945,15.183806192820667,16.229326248168945,18683200
2008-03-12,16.43525936074115,16.466942513577724,15.754086682113503,15.817451477050781,13409800
2008-03-13,15.809537595992612,16.419424957932232,15.35806304597432,16.23725128173828,18103500
2008-03-14,15.659048932981008,16.466951649721313,15.358064856985969,15.674890518188477,24686900
2008-03-17,15.389746446988392,15.579840917746578,14.526399781417943,14.866986274719238,26887900
2008-03-18,15.405588031012805,15.4135073120668,14.708573460809482,15.247175216674805,30031900
2008-03-19,15.22341885339997,15.29470449693084,14.43135749037888,14.48680305480957,18944300
2008-03-20,14.661053084339828,15.453114289258867,14.486800163122908,15.4135103225708,21561700
2008-03-24,15.468956949076885,16.205572651734578,15.381829727055637,15.651130676269531,15887400
2008-03-25,15.825369191900498,16.189717825083573,15.532307638755443,15.967940330505371,13401800
2008-03-26,15.85705191256936,15.91249590704046,15.35013215440029,15.405577659606934,11449600
2008-03-27,15.44518587489863,15.516471469026282,14.589760256102918,14.597681045532227,14882100
2008-03-28,14.684815586528368,14.83530612898451,14.2729433939669,14.288784980773926,10216200
2008-03-31,14.26501994255479,15.112525039235328,14.146211085113547,14.914509773254395,15060000
2008-04-01,15.302623675801806,15.809542411165792,15.17589399196081,15.762019157409668,23375400
2008-04-02,15.841220964461147,16.237251488572674,15.571920087206383,15.722412109375,15363600
2008-04-03,15.674885257383577,15.904582122854146,15.413503721395362,15.690725326538086,12122700
2008-04-04,15.690726841779878,15.714489213910669,14.969951505245788,15.080841064453125,15017800
2008-04-07,15.167973305922706,15.564003948431063,15.167973305922706,15.381830215454102,9836300
2008-04-08,15.239256007709429,15.421429705604005,15.136288725210628,15.397668838500977,15458100
2008-04-09,15.35806668463311,15.508558740539549,15.025400909371816,15.057084083557129,15169400
2008-04-10,15.033321839162774,15.722415776569495,14.843227324538795,14.938275337219238,15657000
2008-04-11,14.882830180090028,15.09668554884506,14.463037214132378,14.518481254577637,12947300
2008-04-14,14.502646446228027,14.613536089678783,14.33631424715815,14.502646446228027,8167300
2008-04-15,14.83530044063215,15.8174557850234,14.827379650265733,15.801615715026855,23822500
2008-04-16,15.809543535355818,16.0313212532163,15.564004944296176,15.90459156036377,16249700
2008-04-17,15.872903024354137,16.688724880246113,15.563998209793457,16.61743927001953,17370300
2008-04-18,17.330298630787357,17.662964399814403,16.839221526013112,17.187728881835938,25776900
2008-04-21,16.981788677069375,17.132279183008496,16.680804643718126,16.78377342224121,10912000
2008-04-22,16.752083871236497,17.013463847554892,16.47486231799313,16.736242294311523,11995700
2008-04-23,16.74417190476544,17.385742511627523,16.688727867052187,17.23525047302246,15426800
2008-04-24,17.23525157490177,17.488710912501723,16.973871444159716,17.298616409301758,13995200
2008-04-25,17.385741760921626,17.536232282291873,17.116440865882595,17.37782096862793,8160600
2008-04-28,17.29069140589681,17.821372331302843,17.29069140589681,17.567913055419922,8544900
2008-04-29,17.425337456169828,17.59166949764359,17.314449428520657,17.401575088500977,6609300
2008-04-30,17.496622473165417,17.536224907242005,17.092671300492924,17.10851287841797,7176100
2008-05-01,16.950102594960715,17.9084970490249,16.839214554770372,17.876813888549805,8936000
2008-05-02,18.11444190040663,18.4154245181292,17.742172136824394,17.940187454223633,7684500
2008-05-05,17.813451665739564,18.288688566740426,17.805530874470296,17.932260513305664,5884000
2008-05-06,17.758004786061623,18.066908042277976,17.528306408346538,18.027305603027344,8036500
2008-05-07,18.12255949646165,18.209878489558683,17.344631328698433,17.487516403198242,8597200
2008-05-08,17.56689950998089,17.590714198978546,17.027113519263132,17.233501434326172,7929500
2008-05-09,17.05887000959722,17.416082880744884,16.923923093170654,17.042993545532227,8029400
2008-05-12,16.923916990356787,17.860606835537162,16.923916990356787,17.844730377197266,12803100
2008-05-13,17.93205699997385,18.043189227427582,17.622473501173843,17.701852798461914,8691400
2008-05-14,17.820916310784582,17.868544169355353,17.527207902463125,17.622465133666992,7145500
2008-05-15,17.646288147237925,17.963809904895164,17.43989862624493,17.93999671936035,7153200
2008-05-16,17.939993827486905,18.257515533960593,17.685976462307956,17.86855125427246,8622300
2008-05-19,17.947922897065116,18.273382669312625,17.717718831100605,17.773284912109375,7331800
2008-05-20,17.62246279438212,17.654214191193702,17.249373661926686,17.328754425048828,6418200
2008-05-21,17.344630741894658,17.479577583905378,17.05092237490822,17.185869216918945,10288000
2008-05-22,17.20175451426065,17.439895410071095,17.08268406635543,17.408143997192383,8665900
2008-05-23,17.28113668374391,17.320826331495756,16.812791572769644,16.939800262451172,8244900
2008-05-27,16.98742477826525,17.249380338111884,16.852477882946516,17.122371673583984,5959100
2008-05-28,17.209687443214207,17.463704724225682,17.082678802708468,17.2890682220459,7608900
2008-05-29,17.273188668968277,17.916169985596017,17.273188668968277,17.773284912109375,9515200
2008-05-30,17.773290473532445,18.02730778852094,17.56690102658863,17.606592178344727,5769000
2008-06-02,17.606590658310317,17.606590658310317,16.828662319803477,17.233501434326172,7817200
2008-06-03,17.249380194900937,17.662159108220923,17.019177560128863,17.39226531982422,13677400
2008-06-04,17.40020991091615,17.74154638654456,17.18588214518716,17.30495262145996,7138600
2008-06-05,17.18587122898012,18.11462277648013,17.18587122898012,18.011428833007812,7470300
2008-06-06,17.820922509809442,17.971744366757463,17.225568771362305,17.225568771362305,9175700
2008-06-09,17.217633856022978,17.598659958641413,16.868359171591173,17.05887222290039,9963500
2008-06-10,17.042990738240945,17.582778315034357,16.90804384404259,17.39226531982422,9338400
2008-06-11,17.416081023246395,17.42401925443225,16.73340828189099,16.749284744262695,9711100
2008-06-12,16.987424471939423,17.304946127533462,16.638149893754633,16.947734832763672,14954000
2008-06-13,17.18586967649041,17.773284912109375,17.003294977729542,17.773284912109375,12484400
2008-06-16,17.574840038803377,18.186070176475788,17.511335707231094,18.082876205444336,7042000
2008-06-17,18.186065390795005,18.40833124983987,17.73359695815216,17.741535186767578,7720500
2008-06-18,17.88441610546676,18.10668039864702,17.543079924869136,17.8606014251709,9780500
2008-06-19,18.059058809406437,18.059058809406437,17.40020090021916,17.884422302246094,10303800
2008-06-20,17.88442806394986,17.88442806394986,16.947737876192157,17.027118682861328,13843200
2008-06-23,17.13031075680687,17.13031075680687,16.693718640024517,16.749284744262695,11360500
2008-06-24,16.83659981490466,17.027114307581325,16.296813799195988,16.860414505004883,8886700
2008-06-25,17.003297256382513,17.471642164880695,16.9397929389961,17.24937629699707,11660400
2008-06-26,16.94772852044919,17.249373602397778,16.61433052773647,16.646081924438477,9079000
2008-06-27,16.669897683445843,16.852472389937223,16.296810042259693,16.4476318359375,9556400
2008-06-30,16.852472663522207,16.868349120186732,16.201553080899078,16.30474853515625,10062500
2008-07-01,16.18567431820877,16.63020595710816,15.852276346065237,16.57463836669922,11360300
2008-07-02,16.868351941707996,16.868351941707996,16.177741101907042,16.249183654785156,8892200
2008-07-03,16.661961401218772,16.661961401218772,15.947537434159138,16.153926849365234,5678000
2008-07-07,16.138057695717986,16.400013319344964,15.463323054841503,15.64589786529541,11786800
2008-07-08,15.709401354029193,16.36825942993164,15.550639751665509,16.36825942993164,12541000
2008-07-09,16.407947640637,16.5111416133178,15.582389802939755,15.630019187927246,10109300
2008-07-10,15.606204159238379,16.04279624711279,15.25692958050124,15.979291915893555,11694500
2008-07-11,15.685585359073375,16.217434714618097,15.399815104135099,15.65383243560791,16579200
2008-07-14,15.812592765776909,15.923724960931995,14.891779255473768,14.907655715942383,13123500
2008-07-15,14.772701134953321,15.62207164477142,14.320232845727741,15.25692081451416,21403700
2008-07-16,16.066607902622188,17.43195152282715,15.49506902966573,17.43195152282715,21835700
2008-07-17,17.828859094269003,18.67029346178874,17.416081656046256,18.074939727783203,21933000
2008-07-18,17.97967895258013,18.23369625389417,17.114431573690094,17.97174072265625,10476200
2008-07-21,17.598654392983523,18.051122936005488,17.12237115830574,17.352575302124023,9916000
2008-07-22,17.24938443114165,18.14638504053579,16.923924461804116,18.138446807861328,13588900
2008-07-23,18.241639015219633,18.654417989424555,17.836798272910528,18.305143356323242,12440100
2008-07-24,18.26545101675105,18.52740657442283,17.304946295912725,17.39226531982422,10248400
2008-07-25,17.439897066840132,17.58278222352547,17.00330487835763,17.535154342651367,11733900
2008-07-28,17.487522722563806,17.797106153144334,16.908043987238113,16.963611602783203,9993800
2008-07-29,17.027121098322105,17.93999671936035,16.87629769566123,17.93999671936035,13735800
2008-07-30,18.360710548275456,18.47978251967154,17.7891714446389,18.241640090942383,9173600
2008-07-31,17.868541911543552,18.5035849924529,17.868541911543552,18.17018699645996,7952200
2008-08-01,18.01143364316768,18.424211041356177,17.543088630048583,18.082876205444336,11035800
2008-08-04,17.892354093660604,18.059052311323097,17.646273609403707,17.69390296936035,6839000
2008-08-05,17.932055541597403,18.321019820114874,17.781232163702736,18.305143356323242,11068200
2008-08-06,17.99474904282054,18.352892176713507,17.99474904282054,18.19371795654297,8213000
2008-08-07,17.907204306873364,18.01862642568546,17.28642067775058,17.397844314575195,13186200
2008-08-08,17.509266438052293,18.305142185236488,17.262545381468698,18.161884307861328,10543500
2008-08-11,18.177805285038858,19.0293922367737,18.042506324239028,18.671247482299805,10157300
2008-08-12,18.480232117847706,18.583696802833977,17.77190327237756,17.9151611328125,9724600
2008-08-13,17.7480272089871,18.03454294200798,17.270503011302168,17.572935104370117,9873500
2008-08-14,17.533142153366533,18.026584235475077,17.493347457704605,17.819656372070312,10219800
2008-08-15,18.03453872208014,18.567775368200408,17.883321951923396,18.4404354095459,13529600
2008-08-18,18.63940957666998,18.63940957666998,18.145965958279557,18.352893829345703,14101000
2008-08-19,18.145956945327956,18.249421588477208,17.668432960986475,18.04249382019043,13272900
2008-08-20,17.74006019755532,18.24146094126832,17.604761343218225,18.20166778564453,9163300
2008-08-21,18.106175248216317,18.50411316575953,17.867413104895462,18.321062088012695,9939800
2008-08-22,18.47227366447879,19.021428304569913,18.33697625719372,18.88612937927246,12344100
2008-08-25,18.75082795056388,18.8622515622937,18.43247802707621,18.512065887451172,7816400
2008-08-26,18.50410987351331,18.742871974353676,18.329017767431203,18.695119857788086,8287400
2008-08-27,18.400637378505532,18.894079208374023,18.400637378505532,18.894079208374023,7169500
2008-08-28,19.04530419441566,19.467117309570312,18.886128460160727,19.467117309570312,8493900
2008-08-29,19.41936654410197,19.41936654410197,19.029387637928412,19.09305763244629,7555400
2008-09-02,19.339774537061082,19.809341215502744,18.862250439266653,19.24427032470703,10358500
2008-09-03,19.33182758502985,19.419372907420932,18.93388960939412,19.268156051635742,9923400
2008-09-04,19.14080468495916,19.31589826207005,18.52002278214639,18.750825881958008,13673300
2008-09-05,18.432486432503364,19.196528115297802,18.29718746357169,19.172651290893555,11896100
2008-09-08,19.904857745491082,20.071990966796875,19.180610750473505,20.071990966796875,20867000
2008-09-09,20.056068083012942,20.056068083012942,18.65532668031883,18.695119857788086,21642900
2008-09-10,18.925928540909577,19.395495420832965,18.45636166098619,18.933887481689453,16016700
2008-09-11,18.60756603478126,19.53078288794495,18.416556122475207,19.498947143554688,14919000
2008-09-12,19.459164259870896,19.570586388068943,18.91000952315703,19.0771427154541,13202400
2008-09-15,18.31309866318941,19.05326325145843,17.79577980066114,18.066377639770508,28361700
2008-09-16,17.509264639237873,20.294829468207535,17.38192465421168,20.278911590576172,28316100
2008-09-17,19.666083419420378,19.76158914998301,17.77190034503904,18.13004493713379,31158900
2008-09-18,17.970878779305046,19.07714585720945,15.814055696770133,19.021434783935547,33504300
2008-09-19,20.09586524963379,20.09586524963379,20.09586524963379,20.09586524963379,245200
2008-09-22,19.116935394924734,20.016274301711146,16.952152438249502,17.67639923095703,9842700
2008-09-23,17.246619631349297,18.734907267298304,16.88051616535697,17.986783981323242,8171200
2008-09-24,18.042502773063617,18.782667441286556,17.86741065979004,17.86741065979004,6311100
2008-09-25,17.931082811880675,19.880977664509405,17.931082811880675,18.758792877197266,6486900
2008-09-26,18.29718116199229,19.880973536371307,18.29718116199229,19.355695724487305,7692600
2008-09-29,18.623486628206493,19.880969873138064,16.79297356262668,17.294374465942383,10087200
2008-09-30,17.596813747089563,20.851945765356504,17.405803744596245,20.69277000427246,10313100
2008-10-01,19.809346786997565,19.896893604621905,18.6075742311169,19.395492553710938,8845200
2008-10-02,19.483038104812373,19.562625983860695,16.538298724124758,18.12209129333496,11497900
2008-10-03,18.305141097579497,19.29202678328751,17.89924430847168,17.89924430847168,13840500
2008-10-06,17.66047878170099,17.708230889393036,15.670789917724244,16.633798599243164,13601400
2008-10-07,16.80890179590784,19.156735086214965,15.487746238708496,15.487746238708496,12268000
2008-10-08,14.882878275156148,17.119288879360877,14.795331450168863,15.264898300170898,11956400
2008-10-09,15.822002135929536,16.785012150278803,14.325757065864458,14.524725914001465,19388500
2008-10-10,13.768646529345622,16.323407856765527,13.569677640089111,16.07668685913086,21751900
2008-10-13,16.99990674526039,18.607574629219858,16.03689628482689,18.567781448364258,13509900
2008-10-14,18.7189875648943,18.7189875648943,15.917506122934945,16.689504623413086,18218500
2008-10-15,15.909556555863015,16.769102331914223,15.82996867478164,15.869763374328613,15002000
2008-10-16,16.005060520633627,16.713389394940965,14.65207124812392,16.609926223754883,11930600
2008-10-17,16.387077681865776,17.61272523844673,15.877717816067161,16.71338653564453,11555800
2008-10-20,16.864606441236294,16.864606441236294,15.654875017705523,16.379121780395508,12453000
2008-10-21,16.26770524368768,16.78502432032573,15.726509341476941,15.774261474609375,10052100
2008-10-22,15.312649008498195,15.447947944603941,13.609475415883205,14.317804336547852,16264800
2008-10-23,14.32576386824898,14.53269175072964,12.853393389298656,13.728857040405273,18387100
2008-10-24,12.25648477505429,13.506009309671738,12.25648477505429,12.964815139770508,11837400
2008-10-27,12.574837850615188,13.362755473145162,12.336074957697205,12.35995101928711,10260100
2008-10-28,12.654417643663882,14.190457297754806,12.105263991235667,14.086994171142578,14936900
2008-10-29,14.047207157770126,15.081846578480471,13.498052446701271,13.888032913208008,15121200
2008-10-30,14.500855519686292,15.12163914693991,14.357599160793162,14.755537033081055,11881000
2008-10-31,14.75553431887937,15.233058463376816,14.405348630637308,15.217142105102539,10702100
2008-11-03,15.161427228419585,15.487736052522246,15.026128336620042,15.408149719238281,6538600
2008-11-04,15.60712431344437,16.72135008626983,15.471825372014758,16.649721145629883,10689000
2008-11-05,16.323410535253757,16.649719445737084,15.320606986690695,15.45590591430664,10467500
2008-11-06,15.392230331896492,15.559363436973431,14.102911518110988,14.190458297729492,13652400
2008-11-07,14.476973708983774,15.121632347161558,14.07107707960907,14.858993530273438,9777800
2008-11-10,15.35244680443357,15.360404227564045,13.275210224433847,13.498054504394531,10842900
2008-11-11,13.299077331287995,13.728850780003363,12.893182209294864,13.219491004943848,9967400
2008-11-12,13.091693012349337,13.451136091245795,12.820114135742188,12.820114135742188,9904300
2008-11-13,13.107669839519703,14.337762693936995,11.845627332574079,14.289835929870605,16798000
2008-11-14,13.898440170863987,14.49751088101774,13.227480853610533,13.267419815063477,12708000
2008-11-17,13.483090949173915,13.570955185404564,12.348850530339789,12.42073917388916,10820100
2008-11-18,12.71627651404282,12.772189546141913,11.861602398206154,12.57249927520752,14681600
2008-11-19,12.45268377644986,12.80413903356729,11.69386099924144,11.701848030090332,17222800
2008-11-20,11.558072752544508,12.788164754586184,11.406307724546261,11.653923988342285,23589600
2008-11-21,11.845624899132478,13.419183431674545,11.749773675964267,13.331320762634277,22391500
2008-11-24,13.163576210902809,14.657259417544493,13.00382498209265,14.577383041381836,18097200
2008-11-25,14.785066987790335,14.976769453979378,13.411198551677638,14.034231185913086,16529800
2008-11-26,13.64283913387163,14.473551385218064,13.618875753096537,14.457575798034668,10785200
2008-11-28,14.489527519126957,14.641292572021484,13.938383394195794,14.641292572021484,5750700
2008-12-01,14.090149759415077,14.098137555755715,12.380800953944155,12.42073917388916,15604600
2008-12-02,13.251449222283885,13.251449222283885,12.149158608958775,12.939932823181152,14179700
2008-12-03,12.52457694504794,13.578941576648653,12.380799672826713,13.546990394592285,13346000
2008-12-04,13.243458317829287,14.042219378068728,12.971879435466612,13.10766887664795,13814700
2008-12-05,12.947915450451921,14.673240661621094,12.884014629557933,14.673240661621094,16663400
2008-12-08,14.864939954275473,15.591812208253614,14.545434394426048,15.495960235595703,19412100
2008-12-09,15.288285564092426,15.751566898655355,14.745127822153318,14.793054580688477,18733300
2008-12-10,14.920856631962135,15.208411096989964,14.241909435932977,14.769091606140137,11253900
2008-12-11,14.401656489384836,14.777073483472455,13.427167425154773,13.562956809997559,16231400
2008-12-12,13.37925266857607,13.602906395979355,12.892007755508656,13.347301483154297,14819000
2008-12-15,13.403211004429735,13.746676977123693,12.660362982118544,12.868041038513184,11591300
2008-12-16,13.09169138156686,13.754662903990864,12.644385679616057,13.323332786560059,28268400
2008-12-17,12.987854906466083,13.738690722978278,12.868041053202045,13.219494819641113,18687100
2008-12-18,13.491073718812011,13.499061512176441,12.42872233935375,12.652375221252441,19606600
2008-12-19,13.059742522257913,13.059742522257913,11.949464469284958,12.093241691589355,27605900
2008-12-22,12.181100572509342,12.332864769059084,11.821658412885167,11.99738597869873,14547900
2008-12-23,12.125191143772593,12.300917999654962,11.757761086029248,11.877574920654297,14351000
2008-12-24,12.05330603884912,12.189095497131348,11.861603543071157,12.189095497131348,4092100
2008-12-26,12.260983574262028,12.380797438316744,11.997392463935277,12.165131568908691,5552700
2008-12-29,12.117204408882186,12.165129642210545,11.717823909609226,11.989402770996094,5858200
2008-12-30,12.14116702687915,12.41274588829583,11.99739056512044,12.3807954788208,6720000
2008-12-31,12.380798820487119,12.931944484886863,12.356836197352624,12.915968894958496,9711100
2009-01-02,12.820113274511879,13.011817252722212,12.428721334162013,12.92395305633545,10944600
2009-01-05,12.79615322877012,12.852066262187279,12.380797089791368,12.476648330688477,10443100
2009-01-06,12.772188258988896,13.331321570663318,12.508597188860259,13.283394813537598,15969900
2009-01-07,12.89200275152148,13.163581628128629,12.724263663713653,12.820114135742188,13573600
2009-01-08,12.804141506375224,13.011819583710954,12.604450461430885,12.899991989135742,10216100
2009-01-09,12.963891075252624,13.003830040627928,12.300919485180067,12.348845481872559,9423800
2009-01-12,12.380797864422416,12.460674284379952,11.989405082498077,12.13318157196045,11620800
2009-01-13,12.077270751313803,12.652379099973928,11.965443895203792,12.604453086853027,14929600
2009-01-14,12.260983023461936,12.396772469561462,11.957453718166402,11.96544075012207,13849500
2009-01-15,11.893552780151367,12.237019527269808,11.629961684144178,11.893552780151367,20147100
2009-01-16,12.013364941200933,12.181104775132082,11.182653564055682,11.853612899780273,28689900
2009-01-20,11.941475802072834,11.997389585406571,10.911074228449001,10.943024635314941,23321900
2009-01-21,11.230583831032726,11.637951501235122,10.663463296859698,11.613988876342773,25346800
2009-01-22,11.310454417297105,11.821661676351523,10.966986980607594,11.254541397094727,15515700
2009-01-23,11.110765088833906,11.845625249979992,10.887112228150524,11.701848030090332,19501400
2009-01-26,11.773737872745794,11.981415931717462,11.07881584011713,11.262531280517578,13539600
2009-01-27,11.41429715149464,11.590024823151637,11.206619063332557,11.534111022949219,9969400
2009-01-28,11.965441744562549,12.796154077626907,11.917516501813758,12.748228073120117,18622300
2009-01-29,12.556525443925041,12.572500270750622,10.799251072905635,10.887114524841309,36982700
2009-01-30,10.91906344259814,11.054852879901741,10.687422772213981,10.855162620544434,27193600
2009-02-02,10.58358774201397,10.591575538226131,9.752875979903578,9.968541145324707,30301700
2009-02-03,10.09634317254183,10.383896968197444,9.840739036867587,10.280057907104492,19752000
2009-02-04,10.216154356634865,10.71138614325403,10.216154356634865,10.679435729980469,21577400
2009-02-05,10.44779580437495,11.086804878152579,10.375907178833243,10.831201553344727,19447700
2009-02-06,10.943024067501904,11.73379716772055,10.879123257085716,11.621971130371094,25609100
2009-02-09,11.542098712636431,11.717826382696657,11.270519793931902,11.462223052978516,17193500
2009-02-10,11.270515159193964,11.462218339407094,10.551630709107245,10.647481918334961,18414100
2009-02-11,10.687602894140134,10.703650713597833,10.390725120992036,10.535152435302734,19753300
2009-02-12,10.446892795757075,10.775865476371463,10.206180835609256,10.743770599365234,18161600
2009-02-13,10.478987693786621,10.824007430995199,10.15803815787822,10.478987693786621,16568400
2009-02-17,10.061749729768065,10.454912016820103,9.796966902553269,10.158034324645996,20449600
2009-02-18,10.141990976701319,10.398749990095558,9.949420951453419,10.270370483398438,16985500
2009-02-19,10.230251696255033,10.527129496792679,10.150014121968225,10.270370483398438,22339200
2009-02-20,10.045706725986607,10.527129894278495,9.80499475923954,10.430845260620117,24977700
2009-02-23,10.254323747579058,10.454916939320757,9.708710786379198,9.716733932495117,19093200
2009-02-24,9.676614563458804,10.679580382983042,9.660566743049364,10.67155647277832,21329000
2009-02-25,10.52713209812671,10.711678258508238,10.190135427171231,10.382704734802246,17185000
2009-02-26,10.848078278059402,10.888196297224452,10.254321952869354,10.366654396057129,16032300
2009-02-27,10.09384970889278,10.751795156515264,10.09384970889278,10.198158264160156,18376800
2009-03-02,10.029657448581059,10.141989887477935,9.580328458195687,9.652542114257812,19421000
2009-03-03,9.829065817174985,10.093848753482701,9.612424815540168,9.756852149963379,21727400
2009-03-04,9.732781681365733,9.893256080502379,9.331595300922968,9.56428337097168,27064700
2009-03-05,9.331593590759406,9.676614059574407,9.026691905676733,9.098905563354492,24236200
2009-03-06,9.235306499062993,9.25937745678407,8.826096391794943,9.114950180053711,23688700
2009-03-09,9.195187726059899,9.347638145229318,8.946451945602275,9.114950180053711,17798000
2009-03-10,9.540212317810271,10.214204788208008,9.22728666836675,10.214204788208008,21506100
2009-03-11,10.294440877257218,10.70365110600484,10.04570578816118,10.575271606445312,23555900
2009-03-12,10.695625729349956,11.169025642962634,10.27036850407165,11.144954681396484,21684200
2009-03-13,11.152981066609044,11.393693047837056,10.872151059511609,11.305432319641113,18130900
2009-03-16,11.321472259400617,11.562184089298666,10.952380990944087,11.032618522644043,22115500
2009-03-17,10.89621761869566,11.578234495315852,10.856098843858828,11.514044761657715,16697800
2009-03-18,11.104835741917526,12.196062088012695,10.952384535391209,12.196062088012695,23619600
2009-03-19,12.340488296104494,12.340488296104494,10.920288701136792,10.936336517333984,23994300
2009-03-20,11.008553199559808,11.32950196010584,10.896220750767593,11.000529289245605,18059100
2009-03-23,11.369616877215183,12.541080602343978,11.321474196915887,12.484914779663086,20810600
2009-03-24,12.24420627741284,12.59724989100281,11.770806312561035,11.770806312561035,19585900
2009-03-25,11.891159565464719,12.388630396879627,11.602305756475998,12.252227783203125,20655900
2009-03-26,12.428751627229335,12.83796184467693,12.180016545001926,12.829937934875488,19672600
2009-03-27,12.59724892768676,12.725628413720434,12.083730983552064,12.155943870544434,13775300
2009-03-30,11.674519185403623,12.027562723232947,11.489973125818619,11.54613971710205,15504600
2009-03-31,11.770806015687882,12.58922566369696,11.626378703897165,12.436775207519531,19822900
2009-04-01,12.340491758702072,12.436776387295579,11.802902008486667,12.412705421447754,16497300
2009-04-02,12.444800361186081,13.014484225305798,12.444800361186081,12.709583282470703,17420800
2009-04-03,12.74969891789964,13.134838104248047,12.500963113674416,13.134838104248047,12307400
2009-04-06,12.837962787917524,12.966342293364345,12.573179866632902,12.709583282470703,12324900
2009-04-07,12.332469444947279,12.60527631054831,12.244208715277308,12.284327507019043,10288200
2009-04-08,12.348514110756476,12.565154306452847,12.091754368372856,12.396656036376953,11727000
2009-04-09,12.629348930513267,13.824884336451802,12.629348930513267,13.616267204284668,21752400
2009-04-13,13.239149662929586,14.041522369773803,13.174959907598229,14.025474548339844,16536300
2009-04-14,13.87302858165018,13.897098789895596,12.98239414685225,13.126821517944336,19386500
2009-04-15,13.05460814296085,14.482831001281737,13.05460814296085,14.482831001281738,22693800
2009-04-16,14.63527386921431,14.683415789559275,13.407643422387267,14.081636428833008,20123400
2009-04-17,14.00942555640253,14.362469946429982,13.680452896514797,14.129782676696777,18306900
2009-04-20,13.89709472955179,14.001404036155312,13.391600608825684,13.391600608825684,19354000
2009-04-21,13.431709315727618,14.322342872619629,13.150878763244215,14.322342872619629,18159800
2009-04-22,14.137806607497243,14.538992927988712,13.840928056955638,13.985355377197266,22051100
2009-04-23,13.96128551096506,14.60318462769267,13.848953815959668,14.490851402282715,12931000
2009-04-24,14.418634043504499,14.46677749796462,13.913140014906626,14.314326286315918,17112500
2009-04-27,14.185943785842271,14.43467879271964,13.969302878043992,14.250133514404297,12843100
2009-04-28,14.001402266585933,14.37049292230909,13.881045154115613,14.10571002960205,9583100
2009-04-29,14.322346422785673,15.036457308063042,14.258156697484377,14.924125671386719,13498200
2009-04-30,15.116699232604637,15.204960704399745,14.530967628010682,14.827844619750977,17989500
2009-05-01,14.538994869060366,14.875991484481107,14.362471885018104,14.490851402282715,13256000
2009-05-04,14.747605041906507,15.092625442242978,14.346418814613681,15.028435707092285,25725700
2009-05-05,15.03646726603022,15.245084394017988,14.843897962596461,14.908087730407715,14490400
2009-05-06,14.980531103202889,15.52791237068157,14.682690754005696,15.230072021484375,15037400
2009-05-07,15.32667391232099,15.495717364780782,14.288258868823839,14.384856224060059,22903400
2009-05-08,14.489499149988136,15.085178375244139,14.360703724817249,15.08517837524414,19463500
2009-05-11,14.473394210037027,14.787334291103473,14.3848483462057,14.400946617126465,14477300
2009-05-12,14.65049397953232,14.739039873408453,14.215808274574275,14.417051315307617,14123400
2009-05-13,14.103106368972357,14.352647198212043,13.684520662571554,13.72476863861084,16645400
2009-05-14,13.418883004480243,13.966264198025701,13.282037706093877,13.748921394348145,19224300
2009-05-15,13.72477619730036,13.829423449214207,13.467185323916603,13.612080574035645,13425000
2009-05-18,13.877719143895067,14.55389584651736,13.724774011421284,14.489498138427734,16095100
2009-05-19,14.45729922595236,14.674642077178241,14.30435562133789,14.30435562133789,12586000
2009-05-20,14.537794295645428,14.626341709431468,13.982364705611959,14.038712501525879,11677600
2009-05-21,13.73282227438479,13.901867197503549,13.217640671284355,13.515480995178223,15579100
2009-05-22,13.773074653012673,13.974317700378199,13.515483798042816,13.660377502441406,8635100
2009-05-26,13.612078977687405,14.272155897163843,13.57183098420227,14.239957809448242,15225900
2009-05-27,14.111159672318419,14.248004973341006,13.346435660363563,13.410833358764648,15530500
2009-05-28,13.628175015850225,13.909915498325324,13.410832226338398,13.805268287658691,13160100
2009-05-29,13.724771660896085,14.296302565752415,13.555728281872373,14.16750717163086,11420600
2009-06-01,14.481444890806776,15.294466727401575,14.239953925045281,14.79538345336914,19094300
2009-06-02,14.513650990620842,14.851739414981216,14.513650990620842,14.682694435119629,10261100
2009-06-03,14.803435174382297,14.803435174382297,14.40094915845793,14.634391784667969,8667400
2009-06-04,14.682690818236683,15.069077055078127,14.650492732847773,14.859784126281738,12153700
2009-06-05,15.093222646942943,15.197868315069131,14.481443838076748,14.586091041564941,11579500
2009-06-08,14.489491595586808,14.690734534414403,14.352646335769572,14.553889274597168,9763500
2009-06-09,14.48949561570363,14.851733620241102,14.473395807643698,14.730986595153809,9469500
2009-06-10,14.827583442192052,14.875881329491879,14.19970476584569,14.425097465515137,10547800
2009-06-11,14.48144308743937,14.537790870075948,14.215802444036987,14.296299934387207,11285500
2009-06-12,14.272148853166179,14.561939176393684,13.93406065452135,14.553889274597168,9758600
2009-06-15,14.29629911110323,14.465342449278227,14.199701821173347,14.360696792602539,9961000
2009-06-16,14.40094898083896,14.481446490103451,14.038712492192177,14.087010383605957,11256600
2009-06-17,14.087009368909694,14.465345639230028,13.901866185690945,14.078959465026855,14322700
2009-06-18,14.022612442052257,14.175557553487627,13.829419344358124,14.054810523986816,9028700
2009-06-19,14.207754669622686,14.433147369292135,13.982363505315393,14.425097465515137,10976600
2009-06-22,14.20775511563044,14.336550509381206,13.668423828538279,13.74087142944336,14666100
2009-06-23,13.756972482261391,14.06286118625634,13.756972482261391,13.82942008972168,13535200
2009-06-24,13.901866312270313,14.07090968926256,13.79721909620276,14.046761512756348,8149900
2009-06-25,14.119210332335381,14.44924874622807,13.926015691428239,14.280203819274902,11151400
2009-06-26,14.223857963830001,14.425101001498584,14.070912825300368,14.336553573608398,8477400
2009-06-29,14.288254887847366,14.489497914436765,14.248006896674465,14.409000396728516,7552600
2009-06-30,14.328503557010924,14.328503557010924,13.861619774646186,14.11921215057373,10941500
2009-07-01,14.087009859542533,14.087009859542533,13.740871657335818,13.869667053222656,11033300
2009-07-02,13.708675002887224,13.869668496821369,13.467182458942426,13.507431983947754,12304200
2009-07-06,13.59598008028786,13.789173225658608,13.418886747538668,13.700627326965332,12893200
2009-07-07,13.692576519540824,13.7811239477694,13.249840913760485,13.273990631103516,10287200
2009-07-08,13.45108110751986,13.547678421100732,13.080794732077976,13.33033561706543,13993300
2009-07-09,13.491329972503651,13.563777570329247,13.282037082714393,13.370584487915039,7678500
2009-07-10,13.273988603047536,13.410833909691831,13.161293010056575,13.257888793945312,9400200
2009-07-13,13.515479041433208,14.09505826113948,13.249836838452177,13.974312782287598,17689100
2009-07-14,13.893817291825918,14.062860679567683,13.797219973571849,14.038712501525879,9232200
2009-07-15,14.167514396042135,14.610248597177236,14.070917033512172,14.56195068359375,15167700
2009-07-16,14.55389426152698,14.634391771713055,13.869667727988798,14.207756042480469,16070400
2009-07-17,14.006512182990193,14.264102971632243,13.684523697187633,13.748921394348145,15210600
2009-07-20,13.7730721718346,13.950165468882895,13.66037504156539,13.81332015991211,12671200
2009-07-21,13.877716857294285,13.901866569609725,13.5396285616892,13.708673477172852,11107300
2009-07-22,13.539632271475055,13.789173225658608,13.539632271475055,13.700627326965332,7495800
2009-07-23,13.604026357285772,14.022612161599113,13.571828275995177,13.869667053222656,9680500
2009-07-24,13.66842903795639,13.684528852151873,13.2578929881483,13.362540245056152,17080700
2009-07-27,13.362532305650614,13.781118013851964,13.33838259870604,13.684520721435547,14540000
2009-07-28,13.595975165234742,13.926013527851941,13.475229684948806,13.676472663879395,10853900
2009-07-29,13.579878737138587,13.660374711347743,13.483281418580395,13.620126724243164,9362400
2009-07-30,13.748919758442753,14.505593761568113,13.692571972052082,14.344598770141602,17093100
2009-07-31,14.175563233850642,14.497551859033253,14.175563233850642,14.384856224060059,9684300
2009-08-03,14.59414478047793,14.69074211652971,14.392901737785742,14.537796974182129,9380300
2009-08-04,14.497546638773695,14.553894435970644,14.111160427684057,14.280203819274902,15514000
2009-08-05,14.312400384073733,14.36069826631414,14.00651021403983,14.256051063537598,9903500
2009-08-06,14.368751386922877,15.133473912532247,14.264104160712094,14.875883102416992,21544500
2009-08-07,15.07712412116251,15.994793180061956,14.90003084646507,15.656704902648926,21039000
2009-08-10,15.50376387420124,15.713056818537632,15.165675508021305,15.415216445922852,8351300
2009-08-11,15.47961039730949,15.487660301139947,14.988578546548906,15.004676818847656,11782500
2009-08-12,15.25502442419141,15.311554180079838,14.988525903345726,15.14196491241455,9414000
2009-08-13,15.133893325461806,15.723420291031312,14.875470630435213,15.028909683227539,9086700
2009-08-14,15.045056469076501,15.125813927687107,14.544362998267477,14.746255874633789,10576200
2009-08-17,14.4393805822892,14.455532385142936,14.02752039176384,14.043670654296875,11314500
2009-08-18,14.100202250555618,14.374776773355705,14.05982427851127,14.245565414428711,7429700
2009-08-19,14.140576534553551,14.439377113972716,14.100197037118306,14.334393501281738,6881200
2009-08-20,14.318246785131603,14.415156073057616,14.172883623403017,14.229414939880371,10420800
2009-08-21,14.382850933618819,14.625123357500893,14.197109820200396,14.544365882873535,13618200
2009-08-24,14.657428833190261,14.722034519858429,14.399006086517586,14.431309700012207,8048700
2009-08-25,14.560517540297694,14.835092027093287,14.439380559407342,14.617047309875488,11646600
2009-08-26,14.503982454180377,14.673573259080237,14.318241390977915,14.41515064239502,9478000
2009-08-27,14.36669506952468,14.431300715973352,14.164802231832562,14.407073020935059,7499900
2009-08-28,14.479752164181086,14.520130108894554,14.221329621247234,14.3182373046875,6785400
2009-08-31,14.075973119960805,14.60089434762711,14.051745417642456,14.584742546081543,9139500
2009-09-01,14.439378534569599,14.770484284832637,14.18095588684082,14.18095588684082,12655900
2009-09-02,14.051745296443581,14.512060854277888,13.995215531842254,14.164806365966797,9609900
2009-09-03,14.172880756374306,14.512060885021377,14.11635099165322,14.455531120300293,9273600
2009-09-04,14.512062131813275,14.641273473797,14.326321020251754,14.617047309875488,6725200
2009-09-08,14.681651679099277,14.931998439455333,14.681651679099277,14.923922538757324,8188500
2009-09-09,14.915846638059314,14.964302042247372,14.697803480495296,14.923922538757324,8633800
2009-09-10,14.827013969421387,14.89969553125741,14.512060021358458,14.827013969421387,12765600
2009-09-11,14.915846892470878,14.915846892470878,14.423229264054463,14.487834930419922,11257100
2009-09-14,14.41515397162176,14.851241852913907,14.326320598999748,14.835091590881348,7735000
2009-09-15,14.859314322282701,14.875466120905601,14.213257780569656,14.41515064239502,16299400
2009-09-16,14.43937950511527,14.754333475984831,14.399001541313815,14.713953971862793,12103200
2009-09-17,14.641272118919138,14.738181386599468,14.302091992518822,14.326319694519043,13631600
2009-09-18,13.922539796913295,14.28594777915479,13.833706392293996,14.221342086791992,23863400
2009-09-21,14.221338837818955,14.641274972078936,14.051747971410178,14.568594932556152,12624500
2009-09-22,14.689724880798556,15.141964454551482,14.544361775583617,15.053131103515625,14198400
2009-09-23,15.141960988747655,15.4811409765084,15.069279452776073,15.214642524719238,22195800
2009-09-24,15.158118520946186,15.400389372339601,14.923922029654777,15.012755393981934,18904000
2009-09-25,14.98852146145356,15.061202994719391,14.746250710780703,14.899689674377441,12525300
2009-09-28,14.988527621122481,15.464994961531485,14.827014234405167,15.41654109954834,9318500
2009-09-29,15.384229686563483,15.65880399891846,15.263094322952691,15.561896324157715,13816100
2009-09-30,15.618436341336707,15.715344079903598,15.23080230642768,15.464997291564941,11482200
2009-10-01,15.303482975211825,15.416542510291896,14.95622692852802,14.972378730773926,16267500
2009-10-02,14.843169708475973,15.287335143681627,14.746261950471096,15.12582015991211,10615500
2009-10-05,15.21464626354119,15.222722162891472,14.867390293080616,14.907768249511719,13923700
2009-10-06,14.980451997013798,15.61035837569365,14.956225835735689,15.537676811218262,14267000
2009-10-07,15.38424172442673,15.529604890631353,15.303485779042758,15.505378723144531,6535700
2009-10-08,15.52959330654727,15.7395619966284,15.360004099358532,15.400382041931152,11407800
2009-10-09,15.39231923936608,15.779954903290003,15.279259671728857,15.739575386047363,9479300
2009-10-12,15.949530103840134,15.989908044937158,15.311548160333064,15.561896324157715,10142000
2009-10-13,15.424615592418808,15.537675106836172,15.230798621851747,15.327706336975098,11362100
2009-10-14,15.456921446186266,15.755723645215944,15.41654347835665,15.569982528686523,13213400
2009-10-15,15.07736071556743,15.158118177643065,14.5443636223169,14.827013969421387,29065900
2009-10-16,14.71395320448037,14.778558867385643,14.495910054875388,14.705877304077148,20286700
2009-10-19,14.802785242683392,15.125813528275538,14.730103685885114,14.964300155639648,12370900
2009-10-20,15.133887402250448,15.158115098047064,14.746253511425543,14.859313011169434,10130300
2009-10-21,14.657418510544188,15.061204152930088,14.528207228206298,14.552434921264648,12764000
2009-10-22,14.46360826364955,14.641273473797,14.294018954916172,14.617047309875488,12783600
2009-10-23,14.6251221639866,14.762409397553276,14.40707746238295,14.487834930419922,8264600
2009-10-26,14.713949388323373,14.76240477817549,14.302087816501004,14.342467308044434,8712000
2009-10-27,14.261713450907957,14.471682238763105,14.213259589193843,14.31016731262207,8024800
2009-10-28,14.253636460524058,14.44745343287888,14.116349245899347,14.156728744506836,12159700
2009-10-29,14.342473336441115,14.584744226252047,14.269791761433684,14.528214454650879,10463000
2009-10-30,14.382850192514418,14.46360766298059,13.938686415431425,14.003292083740234,13437100
2009-11-02,13.970991166798223,14.221339527430867,13.664114568382663,14.03559684753418,12350800
2009-11-03,13.882154123873553,14.084046993166512,13.752942810751687,13.922532081604004,9734300
2009-11-04,13.979063178222187,14.035592940590425,13.647958964076372,13.680262565612793,14945500
2009-11-05,13.728713443727754,14.01136373445677,13.68833549090368,13.954833984375,12373200
2009-11-06,13.769096415144102,13.938687267522445,13.526825529255868,13.833702087402344,18754200
2009-11-09,13.890230787003293,14.39900016784668,13.874078986895139,14.39900016784668,13864200
2009-11-10,14.382798261112145,14.431415737981089,14.058679172782977,14.293664932250977,13850300
2009-11-11,14.47192760265858,14.715016465549025,14.382794298355476,14.666399002075195,12207200
2009-11-12,14.593474790063311,14.674504941503002,14.50434146892749,14.609681129455566,11106100
2009-11-13,14.706913701662167,14.877077146780147,14.49623596012251,14.787943840026855,11697600
2009-11-16,14.885178649029793,15.217400788169275,14.885178649029793,15.136370658874512,12128000
2009-11-17,15.103955116895358,15.266015344668752,15.031028168949419,15.22550106048584,11110600
2009-11-18,15.152583359768379,15.233611977583864,14.958110349550125,15.176891326904297,7804500
2009-11-19,15.071548448095504,15.112062744239099,14.698810432384844,14.83656120300293,7511400
2009-11-20,14.852767641614339,14.852767641614339,14.617781940430215,14.787943840026855,5899200
2009-11-23,14.893288986899023,14.974319163614584,14.585376170006377,14.7474365234375,6994700
2009-11-24,14.67449711004736,14.755525672722303,14.577260671108357,14.706908226013184,6914900
2009-11-25,14.601573920992823,14.868972264916836,14.601573920992823,14.796045303344727,5021400
2009-11-27,14.350384361412567,14.62588594948735,14.326076397802295,14.374693870544434,7281300
2009-11-30,14.382798680859782,14.86087492966813,14.374695510224853,14.852771759033203,12092000
2009-12-01,14.885176934372549,14.990515008456795,14.544851666954312,14.625880241394043,13465900
2009-12-02,14.609680058994739,14.917592757278692,14.577267382585124,14.763635635375977,9259200
2009-12-03,14.860871465183116,14.90138576339097,14.471928638510661,14.488133430480957,6616000
2009-12-04,14.715011124060524,15.063439501107716,14.715011124060524,15.031026840209961,16090000
2009-12-07,14.877079873636852,15.047241804422892,14.71501956720304,14.820359230041504,9508200
2009-12-08,14.771733283996582,14.860866565290719,14.617777765151493,14.771733283996582,8333000
2009-12-09,14.974312188263152,15.12826929775403,14.593472544281873,15.079651832580566,9068000
2009-12-10,15.120166014941187,15.193092984910464,14.812253343809726,14.893281936645508,10284800
2009-12-11,15.06344543996766,15.06344543996766,14.820356569478093,14.933797836303711,6648200
2009-12-14,14.617781621770865,14.86897365425635,14.277456284475141,14.382794380187988,18606200
2009-12-15,14.261249372881919,14.358484296461233,14.026262140776293,14.058674812316895,12290300
2009-12-16,14.358484198122754,14.731222190680636,14.358484198122754,14.642088890075684,17872800
2009-12-17,14.536753358699888,14.723121615030545,14.431413703889339,14.471929550170898,14054700
2009-12-18,14.642081269102933,14.747420850539598,14.50433057873836,14.73121452331543,12726000
2009-12-21,14.706912822775656,15.047238147152404,14.682604864583833,15.039134979248047,8085900
2009-12-22,15.047235688747007,15.62254815179227,14.974308735043792,15.444281578063965,10607400
2009-12-23,15.468590940547099,15.663062300189731,15.436178274512836,15.476694107055664,6381700
2009-12-24,15.411875966533604,15.541523587124127,15.387566458102299,15.43618392944336,2175100
2009-12-28,15.225508954391682,15.46049470642222,15.225508954391682,15.395670890808105,3229900
2009-12-29,15.614441159983015,15.614441159983015,15.193085874148352,15.290322303771973,3810400
2009-12-30,15.322739965859425,15.444284395698858,15.128268569012075,15.428079605102539,3381000
2009-12-31,15.492901548572215,15.50100317013946,15.249811172485352,15.249811172485352,3712600
2010-01-04,15.565830961927846,16.084422970218117,15.322742068885352,16.02770233154297,14023600
2010-01-05,15.711685602650434,15.98718718441768,15.61445065939232,15.979084014892578,13248300
2010-01-06,15.91425372623018,15.946666391136839,15.582031638541572,15.687371253967285,10143700
2010-01-07,15.476692509917413,15.711678132332231,15.128264113610538,15.63064956665039,19494500
2010-01-08,15.541521621633638,15.59013908682619,15.371358175177678,15.525315284729004,9655100
2010-01-11,15.622548219141985,15.622548219141985,15.379457857242954,15.484797477722168,9586600
2010-01-12,15.395672326899371,15.7441009478969,15.363259643308057,15.468599319458008,11449100
2010-01-13,15.533414727094643,15.549621060111773,15.355149700469143,15.476694107055664,12530900
2010-01-14,15.395664302270403,15.671165787110606,15.36325163557343,15.541518211364746,6612800
2010-01-15,15.411877231092053,15.525318522036335,15.209302614107735,15.395670890808105,13235600
2010-01-19,15.39566239871475,15.72788446367693,15.322735453184436,15.63064956665039,10795900
2010-01-20,15.217398647113555,15.484796954299085,15.112059030195072,15.411870002746582,28242900
2010-01-21,15.428078256898532,15.646857593282666,15.22550370969464,15.517210006713867,49512700
2010-01-22,15.509106337227799,15.606342796766764,15.201193715476414,15.249811172485352,26803300
2010-01-25,15.403773256736672,15.476700238685325,15.266022462558281,15.36325740814209,12216000
2010-01-26,15.298427375913528,15.468590779782946,15.087751230964292,15.095852851867676,13896700
2010-01-27,15.176880088593395,15.249807027043198,14.966202438129592,15.184983253479004,16489200
2010-01-28,15.241708354363638,15.241708354363638,14.852765598344924,14.925692558288574,14864700
2010-01-29,15.120168787765946,15.144478297387504,14.731225906950746,14.820359230041504,10510700
2010-02-01,14.950006283882072,14.99862375573985,14.836563455518503,14.941903114318848,8519200
2010-02-02,14.747425331295199,15.031028416283997,14.69070316877654,14.771733283996582,15495600
2010-02-03,14.828464555043428,14.909494728482542,14.617788267832546,14.723126411437988,12133500
2010-02-04,14.60967587501455,14.68260283052958,14.180217308706164,14.253144264221191,28299200
2010-02-05,14.228836603890771,14.650192057905336,14.228836603890771,14.642088890075684,19732000
2010-02-08,14.625885540090774,14.658298218025992,14.350383959727623,14.358487129211426,14734000
2010-02-09,14.488130362451193,14.569160487229237,14.131600286261527,14.180217742919922,16020900
2010-02-10,14.220874537603342,14.651810693593214,14.139565624098276,14.529848098754883,26045100
2010-02-11,14.513589982846058,14.570505772643896,14.302187370140546,14.375365257263184,9711700
2010-02-12,14.432282518939182,14.448544617922472,14.212748835182099,14.318450927734375,15981100
2010-02-16,14.326573873956486,14.49732116418713,14.269656559708032,14.481059074401855,8150700
2010-02-17,14.529848709472688,14.554240298962458,14.22900618211051,14.42414665222168,10138300
2010-02-18,14.31844282906385,14.529845343757673,14.310311784171214,14.481059074401855,10787000
2010-02-19,14.757516883974606,15.31854689749101,14.733125286108109,15.229106903076172,26144900
2010-02-22,15.204711537220765,15.342936243953272,15.10714051741716,15.212841033935547,14953500
2010-02-23,15.147794334529785,15.220972212301712,14.928262252052766,14.968915939331055,11761700
2010-02-24,14.93638945672716,15.074614129084097,14.928258411195767,14.985174179077148,9636400
2010-02-25,14.814419685540283,14.863205940158325,14.651803489326788,14.846943855285645,11696400
2010-02-26,14.920132721938844,14.944524316451153,14.71686116319537,14.887608528137207,11311000
2010-03-01,14.830689410833232,14.95265200853504,14.814427317582705,14.838820457458496,7913800
2010-03-02,14.846943855285645,14.920121686374937,14.69245715067072,14.846943855285645,5904800
2010-03-03,14.863212646933768,14.977044190731565,14.708725872609277,14.733119010925293,10580800
2010-03-04,14.781902693307439,15.19657671037825,14.757509556713263,14.985174179077148,7293200
2010-03-05,15.025832843431687,15.41611385345459,14.985179153118878,15.41611385345459,8003800
2010-03-08,15.39172114433958,15.538076900203151,15.310412218766622,15.481161117553711,7081200
2010-03-09,15.47301777632132,15.538064554931099,15.269746399311076,15.42423152923584,6132400
2010-03-10,15.440500732599022,15.586856439678161,15.367322879059452,15.497416496276855,8201800
2010-03-11,15.448632655745248,15.554333144178848,15.24536117343281,15.52994155883789,7653800
2010-03-12,15.359192968491001,15.407979241679351,14.903865274601593,14.985174179077148,19925100
2010-03-15,14.903860590461678,15.042085219375943,14.757504918571527,14.830682754516602,16563200
2010-03-16,14.88760842999007,15.074619441438768,14.806299496860928,15.017702102661133,15542900
2010-03-17,14.855080091432047,15.123398382291025,14.855080091432047,15.033958435058594,13029800
2010-03-18,14.952650756267893,15.302277977680486,14.952650756267893,15.277886390686035,8925500
2010-03-19,15.310408211691731,15.41610870168527,15.107136726379395,15.107136726379395,14262400
2010-03-22,15.05021662695114,15.172179172868246,14.96077670288757,15.074609756469727,7779700
2010-03-23,15.107138150912661,15.196578109152139,14.985175558392422,15.058353424072266,9209400
2010-03-24,15.033961731953879,15.090877510551106,14.798167570502697,15.001439094543457,8590700
2010-03-25,15.025830631201691,15.351064758337056,14.944521711708187,15.22097110748291,11928700
2010-03-26,15.261630080091333,15.375461664755429,15.115274299329482,15.253499031066895,13440500
2010-03-29,15.2535000517818,15.399855842337308,15.18845320607259,15.229106903076172,11824500
2010-03-30,15.20471526063513,15.294153703948638,15.082751068303672,15.245368957519531,8654100
2010-03-31,15.196576118469237,15.269753974563113,15.058351451496172,15.196576118469238,10355600
2010-04-01,15.253493331067402,15.424240644257857,14.952650832939543,15.13966178894043,9426600
2010-04-05,15.147791277610704,15.359193820640717,15.050221827497436,15.351062774658203,12933000
2010-04-06,15.367324675970826,15.725082940570715,15.245362089423127,15.643774032592773,18277000
2010-04-07,15.668170928955078,15.879573520076802,15.660039881122843,15.668170928955078,15478400
2010-04-08,15.578731022286282,15.684433093732316,15.497422094444444,15.546208381652832,10227100
2010-04-09,15.554337892156084,15.6763020594439,15.497422107869136,15.63564682006836,6708300
2010-04-12,15.643774875534548,15.960877927812883,15.611252241093993,15.895831108093262,7776000
2010-04-13,15.863310257270715,16.00153495857125,15.72508555597018,15.944619178771973,7023300
2010-04-14,16.017792846100722,16.05031547565622,15.586856760912866,15.7332124710083,16532200
2010-04-15,15.44863969471352,15.765742855336516,15.440508645615619,15.692564964294434,13796800
2010-04-16,15.619385406696377,15.6681716960784,15.180319658130331,15.41611385345459,20416000
2010-04-19,15.261622396634655,15.546202765862066,15.212836127049444,15.497416496276855,10537800
2010-04-20,15.676299076047819,15.798261669285816,15.586859117281982,15.684430122375488,12956800
2010-04-21,15.716954154650459,15.895832537252346,15.692561013498027,15.847047805786133,11161600
2010-04-22,15.733212856920817,15.952746427448801,15.554332962043947,15.936484336853027,8499000
2010-04-23,15.928354206853491,16.18854146798385,15.757605347462688,16.164148330688477,10312400
2010-04-26,16.115367021881934,16.221069088389065,15.863310753104416,15.887703895568848,8609500
2010-04-27,15.773867860718228,15.79826099866577,15.318540141566597,15.351062774658203,13787900
2010-04-28,15.521811091342073,15.651904720798521,15.342932738549054,15.432371139526367,10635800
2010-04-29,15.505553073987967,15.871442472244567,15.407983601678742,15.668170928955078,7682600
2010-04-30,15.692559617864642,15.814523761941153,15.489288112188476,15.684430122375488,10042600
2010-05-03,15.757606403411918,16.03405577459796,15.70069063008041,15.903962135314941,7452200
2010-05-04,15.676303214892714,15.7657416464335,15.286020642315115,15.375460624694824,12432400
2010-05-05,15.350986632147196,15.530435933572983,15.187852742221377,15.342829704284668,8812600
2010-05-06,15.293892587270363,15.465183437475693,13.91540263312067,14.861584663391113,20355800
2010-05-07,14.804482149378076,14.804482149378076,14.021435889972942,14.045905113220215,31526300
2010-05-10,14.682135759253667,15.579377700140853,14.567941867863055,14.788172721862793,21064500
2010-05-11,14.559784012514363,14.7555456234867,14.380334702291812,14.3884916305542,15511900
2010-05-12,14.429271847331005,14.625033398275791,14.364017997016077,14.421114921569824,11066400
2010-05-13,14.404801605012784,14.527152384425323,14.266136973472022,14.274293899536133,8293200
2010-05-14,14.19272603158963,14.225353735471172,13.58912751175206,13.760419845581055,21908000
2010-05-17,13.82567409035379,14.233511065812314,13.71147867929868,14.176412582397461,17701000
2010-05-18,14.266139613872115,14.347707333835348,13.572816327846912,13.833831787109375,19848900
2010-05-19,13.85830485579011,14.021440322626148,13.629915513374678,13.948029518127441,21871400
2010-05-20,13.695172679794812,13.825680447487857,13.205767773058238,13.230237007141113,23335900
2010-05-21,13.083415937436587,13.621760827054283,12.96106433114046,13.5972900390625,16278500
2010-05-24,13.580977216231915,13.580977216231915,13.213924703010965,13.230237007141113,9649000
2010-05-25,12.993690895351149,13.37705722816731,12.806085415603016,13.368900299072266,15142700
2010-05-26,13.409686055127416,13.507566100823995,13.156825899564826,13.213924407958984,13712800
2010-05-27,13.44230885675874,13.695168949085641,13.352585763270861,13.670698165893555,9623300
2010-05-28,13.662540755861011,13.662540755861011,13.26286064581537,13.32811450958252,10889900
2010-06-01,13.230233591464303,13.368898253310734,13.018158912658691,13.018158912658691,15405900
2010-06-02,13.116041757052532,13.425997284658713,12.977377073597758,13.417841911315918,11400800
2010-06-03,13.507559243263312,13.85829926645767,13.368894619111462,13.62175464630127,22615000
2010-06-04,13.368894212878953,13.540186534343688,13.262857294467022,13.303640365600586,16627700
2010-06-07,13.385212895554163,13.450466766388447,12.920278871388023,12.944748878479004,12580600
2010-06-08,13.001844128163913,13.164978784009701,12.716358674905637,13.058941841125488,11413400
2010-06-09,13.099723341762317,13.197604901352056,12.765297143140508,12.83870792388916,10336400
2010-06-10,12.96921991696244,13.164981545033463,12.895809889851478,13.148669242858887,13317000
2010-06-11,13.010002567536715,13.319958838612582,12.961062554038547,13.31180191040039,7838500
2010-06-14,13.377054489918205,13.409682199619569,12.895807440134293,12.928434371948242,11291000
2010-06-15,12.977371397220203,13.075252948046442,12.87133369873114,13.009998321533203,11605500
2010-06-16,12.928436568088422,13.010003522535284,12.822398827208708,12.871338844299316,10691100
2010-06-17,12.920278394249035,12.977375334648599,12.202485063692148,12.561381340026855,30660500
2010-06-18,12.561378508102438,12.70820006790081,12.528751581245833,12.60216236114502,11504300
2010-06-21,12.781613046722029,12.781613046722029,12.430872939257455,12.471656799316406,9890800
2010-06-22,12.463498093919048,12.52875194955051,12.129071889335975,12.1453857421875,14298100
2010-06-23,12.178012670003232,12.243266525634693,12.031191105888782,12.1453857421875,10622600
2010-06-24,12.071978196802199,12.202485943056137,11.908843513984776,11.925156593322754,12311300
2010-06-25,12.063820719599835,12.210642316402721,11.908842972442617,12.186171531677246,13949300
2010-06-28,12.120914046644854,12.34114637616834,12.088287121295513,12.218794822692871,11236500
2010-06-29,12.080134178150267,12.15354419624601,11.525475522177105,11.566259384155273,16982100
2010-06-30,11.517318594203978,11.786490994217433,11.501005516145192,11.566259384155273,14111000
2010-07-01,11.558102199658753,11.696766860574485,11.215519011265465,11.37049674987793,14949400
2010-07-02,11.42759446653511,11.509161410793663,11.264459800130556,11.37049674987793,9858500
2010-07-06,11.460222582393126,11.68045421029305,11.378654851830174,11.525476455688477,14624300
2010-07-07,11.566258128624643,11.680451996302677,11.452063483059227,11.615198135375977,15296500
2010-07-08,11.647824686231017,11.794646257474795,11.411279253609015,11.509160041809082,16136000
2010-07-09,11.509160416898244,11.68860892339036,11.40312269842051,11.615198135375977,19988800
2010-07-12,11.582572537618603,11.78649107094952,11.525475597209937,11.7620210647583,11934000
2010-07-13,11.819114747336851,12.014876298681669,11.80280167366841,11.90068244934082,12610000
2010-07-14,11.770173588767648,11.925151273841038,11.688605894800276,11.8272705078125,11170500
2010-07-15,11.827275294834473,12.014879977849299,11.647826762207796,11.868059158325195,13107600
2010-07-16,12.22695169262808,12.822394049891585,12.16985476799947,12.349303245544434,39722100
2010-07-19,12.414558383706042,12.545066098044568,12.275893742749524,12.373774528503418,12891800
2010-07-20,12.235113479022896,12.316681213371409,11.99856798287729,12.30036735534668,11981700
2010-07-21,12.430873861019395,12.430873861019395,11.974096772573466,11.990409851074219,13091700
2010-07-22,12.129075900305502,12.365621399664718,12.063822023095206,12.33299446105957,10707300
2010-07-23,12.292207789046556,12.430872440956048,12.178013918923963,12.414559364318848,8287000
2010-07-26,12.455341044765143,12.561377969083507,12.30036256543105,12.504281044006348,6871800
2010-07-27,12.504285628186032,12.594009511613304,12.324837083443942,12.430874824523926,8583600
2010-07-28,12.422716870444372,12.496127668047848,12.178015248949427,12.235112190246582,10195800
2010-07-29,12.324838154278327,12.47165977435903,12.161703453015111,12.267741203308105,6954900
2010-07-30,12.194328580538366,12.300366315068482,12.023036975203178,12.063820838928223,7683500
2010-08-02,12.169858320796266,12.251426046552904,11.965939784292157,12.235112190246582,10790000
2010-08-03,12.210641186813293,12.210641186813293,12.023035744043892,12.153543472290039,8638500
2010-08-04,12.210641991717077,12.577695196076714,12.09644733303048,12.561381340026855,12272200
2010-08-05,12.536911830783795,12.602165701794853,12.430874095918952,12.58585262298584,9392000
2010-08-06,12.48796889485929,12.63478968134111,12.341147330490147,12.46349811553955,9398300
2010-08-09,12.487971816469255,12.610322630143111,12.38193408160441,12.58585262298584,6278900
2010-08-10,12.528753234441442,12.53691016170374,12.316678570833453,12.414559364318848,9808700
2010-08-11,12.324478107320836,12.324478107320836,11.98872833460348,12.005105972290039,9547500
2010-08-12,11.792196394611615,12.11975788283025,11.792196394611615,12.078812599182129,7324100
2010-08-13,12.06242968967877,12.177076285085603,11.874082548259729,11.890460968017578,7539400
2010-08-16,11.841328742497385,11.890463230152626,11.62022471949808,11.66935920715332,8995000
2010-08-17,11.710303628321665,11.882273151109048,11.587467808635743,11.808571815490723,9847800
2010-08-18,11.80038397583954,11.849518465616491,11.669359711055963,11.751250267028809,7952700
2010-08-19,11.718489162883543,11.743056006727265,11.464629173278809,11.464629173278809,8707300
2010-08-20,11.382740868842818,11.718491444588388,11.382740868842818,11.571088790893555,11977000
2010-08-23,11.595655656599805,11.636600925016015,11.521954329643833,11.554710388183594,8105700
2010-08-24,11.472818634597775,11.530141531819423,11.26809310913086,11.26809310913086,10469400
2010-08-25,11.186207692629909,11.21896376041786,10.907780725949193,11.04699420928955,12995500
2010-08-26,11.00604486967675,11.055179343718303,10.727618786661186,10.768563270568848,17970400
2010-08-27,10.875017544415108,10.899585164910189,10.711237312609983,10.825883865356445,16403700
2010-08-30,10.801320031887569,10.842265299436013,10.498326301574707,10.498326301574707,10874200
2010-08-31,10.465571595022187,10.506516867857401,10.350925768242933,10.449193954467773,23425200
2010-09-01,10.73581095515004,11.145262184604574,10.686677244956591,11.087939262390137,26621500
2010-09-02,11.006044829370243,11.366362221779482,11.006044829370243,11.276283264160156,12739400
2010-09-03,11.374553708688476,11.47282189512408,11.243528679141544,11.34998607635498,10227800
2010-09-07,11.2435291940923,11.300852891196406,11.112504939510616,11.128883361816406,11043000
2010-09-08,11.161638603488976,11.33360812020468,11.128882542255798,11.243528366088867,13480200
2010-09-09,11.3909293533715,11.399118562714428,11.03061273290858,11.071557998657227,14291400
2010-09-10,11.120692782258537,11.227150171248077,10.98966854379943,11.1943941116333,13373400
2010-09-13,11.366364779850981,11.562901157597235,11.300852653935564,11.481011390686035,9358800
2010-09-14,11.431877767027215,11.431877767027215,11.243529805105924,11.341798782348633,9356800
2010-09-15,11.251720487665363,11.448256905912004,10.94053743495836,11.399123191833496,6924900
2010-09-16,11.333607560237619,11.341796770382828,11.186204901488091,11.1943941116333,6553600
2010-09-17,11.259906787188507,11.292662848421683,11.178016243622514,11.243528366088867,7820000
2010-09-20,11.333608755011616,11.481011429300137,11.161639228663724,11.448254585266113,7911700
2010-09-21,11.464635331249044,11.54652589600163,11.358177909457202,11.399123191833496,11337700
2010-09-22,11.333607771309469,11.440065162281622,11.11250377906744,11.161638259887695,8651200
2010-09-23,11.06336995910014,11.23533946865487,11.01423547881333,11.030613899230957,8107900
2010-09-24,11.145260984309028,11.538334528355538,11.145260984309028,11.44006633758545,9879700
2010-09-27,11.40731430053711,11.562905462268612,11.268100785898508,11.40731430053711,10847500
2010-09-28,11.407309045427857,11.652979105411323,11.309040865241254,11.620223045349121,12763400
2010-09-29,11.53014533696698,11.63660273905847,11.349986596430137,11.423687934875488,22171400
2010-09-30,11.505577744599176,11.792193087830334,11.366364287813774,11.382741928100586,7381000
2010-10-01,11.481009825283397,11.60384484938507,11.374552439944466,11.571088790893555,7583900
2010-10-04,11.546523516601452,11.595657220554944,11.341797927874236,11.481011390686035,7296600
2010-10-05,11.61203378444605,11.898649094222428,11.530143249672218,11.759435653686523,15329900
2010-10-06,11.718493694808561,11.759438190060711,11.538334948027591,11.66935920715332,9806700
2010-10-07,11.784005308325849,11.784005308325849,11.554712083930854,11.587468147277832,7523300
2010-10-08,11.620223036453302,11.661168306741226,11.464631946518482,11.628412246704102,7332900
2010-10-11,11.603846470563141,11.628413322622512,11.243528995850344,11.448254585266113,13523700
2010-10-12,11.399122554298506,11.50557997013635,11.33361041854695,11.489201545715332,13891300
2010-10-13,11.571094762059625,11.579283976149986,11.39093595690384,11.521960258483887,13879000
2010-10-14,11.481012877811457,11.59565872253034,11.399122319326901,11.538335800170898,13021800
2010-10-15,11.710301324040003,11.898648450477367,11.489197360692515,11.882270812988281,21277400
2010-10-18,11.9641618920947,12.275344848632812,11.865893713340462,12.275344848632812,18547900
2010-10-19,12.10337541720634,12.381802315922625,12.013296448019453,12.11975383758545,15629100
2010-10-20,12.177076331166745,12.299912136917344,12.029673676652441,12.18526554107666,8952300
2010-10-21,12.209832389840363,12.480070069139225,12.046052096472271,12.18526554107666,10945400
2010-10-22,12.209833687422917,12.27534581173236,12.136132352333261,12.267156600952148,7055500
2010-10-25,12.349045210349868,12.349045210349868,12.24258782979923,12.283533096313477,9574300
2010-10-26,12.16070069016189,12.365426285747334,12.16070069016189,12.324481010437012,6789300
2010-10-27,12.283537136150523,12.774878933983047,12.209835788379017,12.709366798400879,15574900
2010-10-28,12.652040490716699,12.71755261281888,12.529205457016634,12.643851280212402,7820700
2010-10-29,12.635663051090152,12.676607542328867,12.545583296046312,12.619284629821777,8178000
2010-11-01,12.692984986953885,12.799442374108779,12.496448632652257,12.635662078857422,5303800
2010-11-02,12.725743181268056,12.725743181268056,12.553773647157698,12.60290813446045,7155000
2010-11-03,12.496450120268328,12.684797286987305,12.43093799436902,12.684797286987305,7358100
2010-11-04,12.766686143463073,12.97141170501709,12.66841796763307,12.97141170501709,12014200
2010-11-05,12.963225946364979,13.389055602631052,12.963225946364979,13.184329986572266,11897900
2010-11-08,13.127008628665218,13.127008628665218,12.881336922952219,12.930471420288086,5793100
2010-11-09,12.840047115569439,12.86470767815758,12.601659586697,12.766064643859863,12192500
2010-11-10,12.634538875396554,12.716741784742105,12.486573952152579,12.642759323120117,20235800
2010-11-11,12.576997020519546,12.60987802671398,12.404371542012502,12.420811653137207,10272300
2010-11-12,12.355047751697985,12.544114096367071,12.313946304252973,12.46191120147705,8278700
2010-11-15,12.494791018745905,12.609874903898604,12.429029022642888,12.453689575195312,5586400
2010-11-16,12.379710926012415,12.52767506122952,12.346829919970277,12.371490478515625,9687000
2010-11-17,12.40437221554354,12.461913783521933,12.305729191604128,12.36327075958252,8594800
2010-11-18,12.49479552069165,12.667421018646225,12.429033500894201,12.478355407714844,11872200
2010-11-19,12.445476318117395,12.453695983901511,12.322171924012832,12.396154403686523,5328300
2010-11-22,12.322166159152616,12.346827496802993,12.231743606269172,12.305726051330566,7815200
2010-11-23,12.182423150846622,12.363269061874556,12.124881590769762,12.248185157775879,12224300
2010-11-24,12.28106790081475,12.503015293597853,12.22352633258731,12.494794845581055,7750800
2010-11-26,12.346829919970277,12.470133496642037,12.281067123940982,12.371490478515625,2449000
2010-11-29,12.297508520042866,12.437252997402618,12.207085945728636,12.355050086975098,14858200
2010-11-30,12.198865497896874,12.420812101739093,12.14954359485135,12.355050086975098,11577200
2010-12-01,12.585218581669176,12.905808224446341,12.511236115199033,12.897587776184082,11682900
2010-12-02,12.889368203203267,13.308601660208115,12.872927306562245,13.283940315246582,13111400
2010-12-03,13.275717283517364,13.275717283517364,13.04555026294847,13.259276390075684,8288500
2010-12-06,13.201736284972826,13.382582996970168,13.135974271852902,13.325039863586426,7086800
2010-12-07,13.431904512754972,13.563428542891193,13.209957123941306,13.37436294555664,10689400
2010-12-08,13.366140868331616,13.818254470825195,13.325038633993158,13.818254470825195,12972400
2010-12-09,13.933339159082957,13.933339159082957,13.662070684008825,13.818254470825195,10339800
2010-12-10,13.834697501022864,13.892239070092803,13.522328311261703,13.744274139404297,8923100
2010-12-13,13.760711396180898,13.851134733883876,13.678508504440895,13.785372734069824,8377700
2010-12-14,13.768933070292405,13.892236634955852,13.678509724523929,13.760712623596191,9801800
2010-12-15,13.752493302419385,13.875796877174135,13.70317218609549,13.8018159866333,8019400
2010-12-16,13.801814001053144,13.974438667297363,13.74427087774861,13.974438667297363,7509900
2010-12-17,13.999101166134565,14.105963839634711,13.801815144979736,13.818254470825195,12142600
2010-12-20,13.892237378101761,13.941558493027525,13.736052018298535,13.834695816040039,9732900
2010-12-21,13.79359371427961,13.990879721362953,13.79359371427961,13.933338165283203,7389500
2010-12-22,13.941555503198254,14.040199279785156,13.925116180341803,14.040199279785156,4586300
2010-12-23,13.982659566059775,14.04020112333696,13.92511800878259,13.990880012512207,4067300
2010-12-27,13.949780294122647,14.336133507561994,13.892238726475968,14.319692611694336,7434600
2010-12-28,14.336133057181804,14.360792832318461,14.245709700640525,14.303251266479492,6281300
2010-12-29,14.295031890657217,14.311472787241124,14.163507853766342,14.212830543518066,3904100
2010-12-30,14.171721651685132,14.286804737986984,14.081298330796846,14.097739219665527,2864200
2010-12-31,13.990878853553834,14.147062619542774,13.949776624696446,14.064861297607422,3835300
2011-01-03,14.16350303840549,14.475873695738015,14.1059614878152,14.38545036315918,9055600
2011-01-04,14.327914025076877,14.385455596600844,14.0566454965423,14.155287742614746,7171800
2011-01-05,14.089523598965066,14.927990403654444,14.073084272357622,14.862228393554688,17883300
2011-01-06,14.763583409307175,14.878668093660773,14.64850029284345,14.771803855895996,14668200
2011-01-07,14.821128899795204,14.845788675605684,14.590961062259955,14.70604419708252,11166500
2011-01-10,14.960873778382771,15.001974451092714,14.582741004312618,14.755367279052734,17198300
2011-01-11,14.804686537920245,14.870448546719466,14.558077829005699,14.72248363494873,12412500
2011-01-12,14.747143887172022,14.927989006042482,14.714262101255658,14.92798900604248,10558400
2011-01-13,14.952648912482369,15.289679346376317,14.903326238334694,15.248577117919922,17804500
2011-01-14,15.248579555380223,15.5034087088748,15.0019724167809,15.478747367858887,19480100
2011-01-18,15.191038877990723,15.53628983284915,15.059514854034182,15.511630058288574,13491500
2011-01-19,15.511631941764335,15.560953064764268,15.018416008094313,15.05129623413086,11113800
2011-01-20,14.96909331720415,15.067737131094246,14.821129948204351,15.05129623413086,8601400
2011-01-21,15.108837701290788,15.182820169224978,14.911551642763024,14.952653884887695,7811800
2011-01-24,14.977313657309177,15.043075676796638,14.804688944113417,15.034856796264648,9352000
2011-01-25,15.026634202749074,15.12527643395371,14.656721916006703,14.862228393554688,9782300
2011-01-26,14.927989837940101,14.977310951673335,14.681382701383994,14.829347610473633,9052100
2011-01-27,14.862227501858778,14.92798950801298,14.656721036640658,14.911548614501953,11958900
2011-01-28,14.936211407011418,15.166379234875219,14.607401344270315,14.623842239379883,10253900
2011-01-31,14.763587717431552,14.870451986380116,14.67316591434853,14.837570190429688,8449500
2011-02-01,14.919774988699555,15.215704917907715,14.89511520652589,15.215704917907715,8013900
2011-02-02,15.05129477902049,15.207480149292717,14.985532765414826,15.149938583374023,6911000
2011-02-03,15.117057359577128,15.199260271639668,14.3196927187178,14.66494369506836,28760900
2011-02-04,14.706048629447222,14.952657437110123,14.508762524051258,14.895115852355957,17786000
2011-02-07,14.903326238334694,15.256797563611201,14.886886914841835,15.248577117919922,8853400
2011-02-08,15.25680395879148,15.659596559164163,15.207482831859613,15.65137767791748,15936100
2011-02-09,15.527686580050796,15.585410070562405,15.30503748277988,15.461716651916504,14494900
2011-02-10,15.38749285974538,15.766820943079075,15.38749285974538,15.742081642150879,9470300
2011-02-11,15.610150383772893,15.89876942767362,15.552426889562199,15.874030113220215,7472000
2011-02-14,15.83279137686504,15.989468902856641,15.758575044407356,15.799805641174316,5012100
2011-02-15,15.676106355038494,16.09666488911463,15.676106355038494,15.981216430664062,8784500
2011-02-16,16.063688170529677,16.236860168855703,15.865778438761884,15.956487655639648,13070900
2011-02-17,15.511184544624674,16.030698798122632,15.420476930037172,16.014205932617188,7964600
2011-02-18,16.0389461517334,16.055437445339447,15.890513499354745,16.0389461517334,6369100
2011-02-22,15.80805284769846,15.93999265121688,15.527680372010186,15.544173240661621,11522700
2011-02-23,15.593656508185086,15.634887123451335,15.412239599027574,15.461716651916504,10705700
2011-02-24,15.40398554880376,15.527678906320794,15.197829428659912,15.469955444335938,16645500
2011-02-25,15.511186147320977,15.676111673723943,15.478201985748216,15.593648910522461,9223300
2011-02-28,15.659623174238904,15.717346652726048,15.552422653169472,15.6431303024292,8123700
2011-03-01,15.692606837538074,15.742083873561347,15.36275573645861,15.387495040893555,9294800
2011-03-02,15.395737157052148,15.48644634168886,15.22256522027717,15.296781539916992,11768800
2011-03-03,15.40399090604915,15.64313127070484,15.354513860404339,15.63488483428955,8119200
2011-03-04,15.593651192644911,15.643128228668184,15.288540968847007,15.387495040893555,6569800
2011-03-07,15.41222616987291,15.461703179650975,15.156591544853717,15.305024147033691,8383100
2011-03-08,15.37100741113749,15.775073417571788,15.338023233493443,15.75858211517334,6429400
2011-03-09,15.684355240006115,15.750325123937793,15.478199156113856,15.585399627685547,5080300
2011-03-10,15.395739497512956,15.478202262187216,15.181336938498447,15.239060401916504,9183700
2011-03-11,15.156597670648532,15.436970127451128,15.156597670648532,15.412232398986816,5469100
2011-03-14,15.30503218866756,15.30503218866756,15.074138306488846,15.255555152893066,7370100
2011-03-15,14.678310349036565,14.87622154408261,14.455663007090026,14.719542503356934,16396800
2011-03-16,14.69481357066451,14.736045754053725,14.150561332702637,14.150561332702637,23673100
2011-03-17,14.406190834030713,14.529885779201972,14.307236765309582,14.430930137634277,16427000
2011-03-18,14.579364320312642,14.694811270034043,14.41443875827059,14.480408668518066,9836100
2011-03-21,14.571116472996206,14.595855776759313,14.315483292163732,14.5546236038208,25042900
2011-03-22,14.496896800028525,14.686560033380289,14.455666209420302,14.670068740844727,11754300
2011-03-23,14.653577944738242,14.77727130687623,14.562868745175383,14.752532005310059,11740800
2011-03-24,14.785513076701552,14.909206399820983,14.711296768260706,14.900959968566895,7265400
2011-03-25,14.966933654160337,14.966933654160337,14.711300511620333,14.91745662689209,10693900
2011-03-28,14.859734957446761,15.123614565146942,14.802011489868164,14.802011489868164,7770300
2011-03-29,14.793764534576697,14.843241566066574,14.62883899914848,14.736041069030762,9599200
2011-03-30,14.826747123494508,15.12361242660243,14.760777230897892,15.1071195602417,10574200
2011-03-31,15.024654631596444,15.049393927564974,14.810252118407414,14.867977142333984,7162800
2011-04-01,15.008174952352174,15.403994557019503,14.98343563724273,15.263808250427246,8399400
2011-04-04,15.280291602975435,15.346261495967683,15.181335977063904,15.247305870056152,5728500
2011-04-05,15.214327442854142,15.428728496232115,15.115371779655385,15.395744323730469,8139800
2011-04-06,15.395738210937356,15.544170860377669,15.37924534481148,15.436968803405762,6917600
2011-04-07,15.43697783818849,15.5194406442345,15.19783743078699,15.23082160949707,5913800
2011-04-08,15.346267172472299,15.362758472185671,15.115371675169223,15.131864547729492,5811400
2011-04-11,15.164848720003134,15.32977429991203,15.057648194055178,15.131864547729492,6521500
2011-04-12,15.049395561218262,15.140104750103529,14.975179238102363,15.049395561218262,7882200
2011-04-13,15.065888841024636,15.181335758890386,14.876225598003392,14.99167251586914,7256100
2011-04-14,15.074132979564002,15.164840584288386,14.867976901701045,15.024654388427734,8607000
2011-04-15,15.239060862652137,15.560665497320455,15.115367498324227,15.34626293182373,16627500
2011-04-18,15.173091142158631,15.173091142158631,14.661824810823786,14.876227378845215,12399700
2011-04-19,14.909208222020158,15.02465512799539,14.694805701747493,14.744282722473145,12091500
2011-04-20,14.942189690087705,15.34625531862202,14.834987674098503,15.32976245880127,12124900
2011-04-21,15.535924786987744,15.585401813664532,15.370999267603356,15.420477867126465,7480900
2011-04-25,15.338016034094899,15.37924663000882,15.131859908832457,15.239060401916504,9805300
2011-04-26,15.305030761816786,15.40398639698699,14.999920567997707,15.34626293182373,15294300
2011-04-27,15.403986384760296,15.41223281875514,15.156598083454375,15.354509353637695,10888600
2011-04-28,15.288539515331413,15.362754275887252,15.222568043110282,15.313277244567871,7875000
2011-04-29,15.280292487972783,15.338015951078413,15.049397062703854,15.09887409210205,8072800
2011-05-02,15.156596436738305,15.214321468430567,14.950440327804808,15.00816535949707,10370400
2011-05-03,14.999920744629678,15.016412039980187,14.727794710765265,14.876227378845215,15712700
2011-05-04,14.92586728425151,14.958961511373374,14.719023235931582,14.793485641479492,11318700
2011-05-05,14.719026611800228,14.909322801157002,14.57009861035746,14.743846893310547,12266300
2011-05-06,14.95896218710831,15.140984389738115,14.909320055135623,14.942414283752441,9026200
2011-05-09,14.901044982687482,14.992056866204459,14.810033099170505,14.826581001281738,12272900
2011-05-10,14.867954673568779,15.174084663391113,14.867954673568779,15.174084663391113,7323600
2011-05-11,15.107890017549224,15.273364315250634,14.975509948150131,15.016878128051758,10327200
2011-05-12,14.892775285683278,14.992061148616413,14.71075304475033,14.876227378845215,17500000
2011-05-13,14.892777160256216,14.909325069177187,14.43772071159768,14.594921112060547,11305100
2011-05-16,14.495634485239135,14.586644813487972,14.437718391418457,14.437718391418457,9281400
2011-05-17,14.37153136301076,14.429447468995924,14.214329376697076,14.36325740814209,9660300
2011-05-18,14.363253316980364,14.636287437494618,14.321883554420578,14.619739532470703,7902900
2011-05-19,14.719026044467478,14.727298419255257,14.470812192264994,14.57837200164795,4703300
2011-05-20,14.487359219015481,14.545275307586811,14.321883327587349,14.330157279968262,8851700
2011-05-23,14.172956265690662,14.321884262074356,14.172956265690662,14.222599983215332,7008300
2011-05-24,14.263966415628367,14.363252260372981,14.172954522787052,14.338430404663086,7179900
2011-05-25,14.255696749008036,14.553552794682869,14.230876463932093,14.47908878326416,5939400
2011-05-26,14.445988478148296,14.445988478148296,14.189502284101566,14.412894248962402,7394900
2011-05-27,14.412898271608102,14.553552335618388,14.388076409219678,14.512184143066406,3823400
2011-05-31,14.661105939778356,14.901045799255371,14.53699982333278,14.901045799255371,10759100
2011-06-01,14.77693851382098,14.78521246467546,14.14813245173341,14.15640640258789,16647900
2011-06-02,14.164682584712063,14.305336615204997,14.106764919607315,14.115038871765137,8978200
2011-06-03,13.875100009256588,14.065396166889363,13.817183924594,13.866826057434082,14360800
2011-06-06,13.83373358200567,13.966113686859671,13.535879135131836,13.535879135131836,17019900
2011-06-07,13.560697304560215,13.684805014347605,13.329032946226597,13.353853225708008,17811800
2011-06-08,13.345578929602052,13.386948691164484,13.031176632202788,13.130461692810059,15890400
2011-06-09,13.155285186666408,13.535879172750908,13.155285186666408,13.453141212463379,11518300
2011-06-10,13.395225270573958,13.436593462154555,13.18010720254508,13.271119117736816,9535700
2011-06-13,13.28766507304417,13.345581170862978,13.089094918481695,13.246296882629395,10254400
2011-06-14,13.461417361654103,13.676535462246035,13.345583567122699,13.494511604309082,13111900
2011-06-15,13.295938366743451,13.527604324614227,13.229748318508262,13.287664413452148,12745300
2011-06-16,13.254567864637705,13.312483949471641,13.039449850900976,13.155282020568848,11718900
2011-06-17,13.279390193851457,13.362128147009996,13.130462982832727,13.163558006286621,11512000
2011-06-20,13.113913804565904,13.42831608344071,13.06427088266345,13.320757865905762,7881900
2011-06-21,13.395223608044452,13.659983788728775,13.29593775124025,13.585519790649414,8861300
2011-06-22,13.511054735073849,13.577244775064305,13.29593671058111,13.304210662841797,7498100
2011-06-23,13.138739988147883,13.279393278715645,12.956716922342862,13.262846946716309,11268300
2011-06-24,13.271115696455553,13.3042099255693,13.006354762118335,13.055996894836426,8723200
2011-06-27,12.956715050329601,13.188380234852296,12.940167931673242,13.080821990966797,9703700
2011-06-28,13.138733689159485,13.304208765537332,13.113912624964659,13.221470832824707,8727200
2011-06-29,13.312490050914962,13.568976363345676,13.304216095275818,13.544156074523926,8183700
2011-06-30,13.626889308769528,13.717901221559496,13.436593107568063,13.610342979431152,10361700
2011-07-01,13.585520320433362,13.858554464673267,13.502782366219256,13.833732604980469,11866600
2011-07-05,13.775810432243885,13.775810432243885,13.49450245889282,13.602062225341797,8607500
2011-07-06,13.535879925284592,13.552426255785731,13.006358685910289,13.064274787902832,21221700
2011-07-07,13.196656867793985,13.337311744689941,13.138740757167518,13.337311744689941,20865100
2011-07-08,13.138737236741491,13.163558307638239,12.683680062047163,12.907072067260742,39566700
2011-07-11,12.700226132078802,12.890522296514225,12.658857160534904,12.741594314575195,16130200
2011-07-12,12.708502272730705,12.948441417045652,12.658860126484957,12.749871253967285,12828400
2011-07-13,12.865701572008494,13.039450625884335,12.758142558747494,12.774689674377441,9727100
2011-07-14,12.816059486799679,12.86570241503744,12.443740286682985,12.576120376586914,18909200
2011-07-15,12.650582784154805,12.6671306878364,12.311358649156892,12.418917655944824,25457600
2011-07-18,12.501658312902551,12.617491304012956,11.963863917203044,12.385826110839844,38486600
2011-07-19,12.427193417647304,12.617489603414981,12.369276535374349,12.592668533325195,15457800
2011-07-20,12.625762073742006,12.873975112633497,12.600940217519607,12.642309188842773,11621800
2011-07-21,12.799513373254332,13.089094645353374,12.741596487596413,12.940167427062988,14885600
2011-07-22,12.931891612623335,12.95671268059202,12.716773586101336,12.774689674377441,12689100
2011-07-25,12.667133331298828,12.725049428175774,12.59266932728696,12.667133331298828,12886400
2011-07-26,12.625762325671657,12.766416357548476,12.543024381374405,12.658857345581055,8933400
2011-07-27,12.518205758386154,12.534752877048584,12.28654057377845,12.344456672668457,16608400
2011-07-28,12.344456548070854,12.509931678263293,12.30308756826083,12.336182594299316,10033600
2011-07-29,12.236895873579124,12.617489016457109,12.17897978304798,12.352728843688965,12645800
2011-08-01,12.485108991179384,12.625763030912758,12.178979842656029,12.452013969421387,15458500
2011-08-02,12.319632401736431,12.41064350337073,12.03005040437213,12.038324356079102,13594700
2011-08-03,12.05487166542452,12.43546477057894,11.955586610477384,12.418917655944824,19250700
2011-08-04,12.236895098834564,12.303085137835966,11.71564794991291,11.732195854187012,24906300
2011-08-05,11.864574118669012,11.955585211122857,11.186125928082893,11.301958084106445,32893900
2011-08-08,10.830355407205744,11.119936625781476,10.193275306053645,10.267739295959473,48064600
2011-08-09,10.565596767849858,10.65660788573491,9.829231504442271,10.408394813537598,47920800
2011-08-10,10.175618471694643,10.358513800356203,9.718380546455204,10.017663955688477,58532300
2011-08-11,10.125739053943741,10.250439953563852,9.585366638988962,10.092485427856445,51131300
2011-08-12,10.11742321058415,10.35851214457977,9.65187175554322,10.217184066772461,38043700
2011-08-15,10.267068394349911,10.425022939000781,10.150680292671478,10.375142097473145,24616200
2011-08-16,10.233813881942506,10.42502204018332,10.17561943970612,10.358514785766602,17851300
2011-08-17,10.33357253678403,10.491527033778839,10.308631727130502,10.433333396911621,14303100
2011-08-18,10.125740556716734,10.125740556716734,9.726696191617563,9.809830665588379,26730600
2011-08-19,9.668504257411334,9.901279716024142,9.252833399188125,9.286087036132812,25127500
2011-08-22,9.485607461351437,9.585368357498925,9.352592933154785,9.377532958984375,17762700
2011-08-23,9.39416142512817,10.009354096553235,9.252833271850893,9.951160430908203,29717100
2011-08-24,9.942845532393756,10.208874589743434,9.859711055557417,10.109113693237305,15238000
2011-08-25,10.208875640291732,10.267070097197344,9.643563835250037,9.768264770507812,13481000
2011-08-26,9.701752233094886,10.158990068894381,9.618617792829967,9.984408378601074,14569700
2011-08-29,10.125739535609881,10.466589417425618,10.125739535609881,10.408395767211914,9555000
2011-08-30,10.275381088256836,10.400082794217328,10.125740151064944,10.275381088256836,13372900
2011-08-31,10.36682879475331,10.516469726607669,10.208873464736598,10.267067909240723,23588200
2011-09-01,10.325260614933642,10.350200635819569,10.001037172100732,10.009350776672363,19138400
2011-09-02,9.909588260409143,9.917901863604996,9.577052060863402,9.59367847442627,11871900
2011-09-06,9.410788107528626,9.485608989903486,9.236206312930374,9.41910171508789,15048600
2011-09-07,9.63524759205077,9.851396560668945,9.560426734234557,9.851396560668945,9200500
2011-09-08,9.70175591081644,9.834770431400154,9.610308626122405,9.660188674926758,11055000
2011-09-09,9.568738642527345,9.610305866480816,9.294396074394838,9.369216918945312,14210400
2011-09-12,9.236202293313607,9.53548569256421,9.202948670377863,9.527172088623047,12087600
2011-09-13,9.5936814146349,9.751635959620792,9.410786052417752,9.660188674926758,12279900
2011-09-14,9.70175301542521,10.034289217642392,9.48560408756962,9.884648323059082,13611800
2011-09-15,9.926216117630767,10.208872324768297,9.876336076858822,10.183932304382324,12407000
2011-09-16,10.292005489813786,10.358512731038038,10.092483766141028,10.25875186920166,18993600
2011-09-19,9.984411153712227,10.050918407277969,9.809829414894905,9.917903900146484,10442000
2011-09-20,9.926217525808017,10.042605625502143,9.801516613358578,9.868023872375488,9696200
2011-09-21,9.843085668049286,9.934532967895265,9.344280340383989,9.360907554626465,14580900
2011-09-22,9.069935919901775,9.319338536215188,9.003428661262072,9.169696807861328,18419200
2011-09-23,9.103189546779834,9.510546704046007,9.061622311933904,9.46066665649414,13995400
2011-09-26,9.219574641059852,9.668498886864455,9.219574641059852,9.651871681213379,16115200
2011-09-27,9.8513956505511,9.96778293610926,9.560425850997857,9.626933097839355,12516700
2011-09-28,9.651877176942476,9.726698059317336,9.394161685239355,9.41910171508789,14405600
2011-09-29,9.593679098621157,9.735007190830556,9.34427653632052,9.668499946594238,10874900
2011-09-30,9.49391779797687,9.56042503917088,9.286082471038373,9.369216918945312,15743600
2011-10-03,9.319336558851951,9.485604670172682,9.06993399545641,9.08656120300293,15693200
2011-10-04,8.953549015306487,9.552114369912335,8.778967255339174,9.452353477478027,22800000
2011-10-05,9.452353500042312,9.843084257631245,9.286085345588223,9.77657699584961,15430300
2011-10-06,9.710068147554349,10.017664381243996,9.543799227437594,10.009350776672363,10886100
2011-10-07,10.025976538940494,10.183931038861818,9.577052263634434,9.676813125610352,15726100
2011-10-10,9.926215289734655,10.20055866241455,9.868021649411377,10.20055866241455,10117000
2011-10-11,10.125737606954017,10.283692110089385,9.967782310989778,10.167304039001465,12476500
2011-10-12,10.341889588041333,10.582978630419564,10.217188659953312,10.458277702331543,17503700
2011-10-13,10.35851353611883,10.56634887930514,10.225499043332219,10.516468048095703,19392600
2011-10-14,10.724302625481048,10.799123470537939,10.300319158206761,10.599601745605469,15748800
2011-10-17,10.233814129311334,10.449962314975837,9.884650638769173,9.926217079162598,19970000
2011-10-18,9.942842245705318,10.208871215116927,9.6934396904675,10.134050369262695,25518000
2011-10-19,10.150676304128188,10.217183538146049,9.909587382606256,9.934527397155762,14719800
2011-10-20,9.967785408158004,10.02597985819845,9.726696380359348,9.976099014282227,10704800
2011-10-21,10.158989008306918,10.267063452236945,10.025974552032636,10.192242622375488,9204900
2011-10-24,10.23381293698679,10.624542822399084,10.23381293698679,10.616230010986328,12218000
2011-10-25,10.458273770354745,10.483213788029866,10.109110351587574,10.134050369262695,18178500
2011-10-26,10.316950165262929,10.375143829401908,9.726697538271592,10.125741958618164,20470000
2011-10-27,10.632857122522648,11.198169562692378,10.574663474680113,11.14828872680664,21772400
2011-10-28,11.040215963967523,11.123350439125971,10.641172385996834,10.691052436828613,17158900
2011-10-31,10.541406896947828,10.582973323580882,10.208869934082031,10.208869934082031,16473400
2011-11-01,9.768264770507812,10.009353826747603,9.726697527812151,9.768264770507812,23163600
2011-11-02,9.9844087356664,10.233811272551584,9.818140642019214,10.217184066772461,17584100
2011-11-03,10.275382597088074,10.782501515366796,9.926219037654233,10.7243070602417,21135300
2011-11-04,10.582979661885744,10.61623409163479,10.383457840366923,10.524785995483398,8392000
2011-11-07,10.54972044576094,10.632854890509535,10.341885126718276,10.574661254882812,7915600
2011-11-08,10.633133010833138,10.783483934301309,10.390901410015807,10.75842571258545,10091400
2011-11-09,10.265607017761052,10.332429457205015,9.948200032109074,9.981611251831055,19911300
2011-11-10,10.1152581463499,10.215491825489046,9.939849008709775,10.106905937194824,12300500
2011-11-11,10.257257054297305,10.382549762835653,10.207140608151205,10.324079513549805,7428200
2011-11-14,10.232198896153337,10.282316139204008,10.048436733749613,10.157023429870605,10743800
2011-11-15,10.073495410837378,10.157023084297894,9.889733254685801,10.05678939819336,10140600
2011-11-16,9.931497683199256,10.031731371256589,9.714324294115096,9.731029510498047,13587500
2011-11-17,9.731030455069831,9.78114770225655,9.472093601600536,9.5138578414917,15966300
2011-11-18,9.563975662244264,9.58068167922871,9.371861246443522,9.405272483825684,13240400
2011-11-21,9.229858557824869,9.26326977808271,9.05444945232462,9.154683113098145,18777400
2011-11-22,9.104567401301585,9.196448869758477,8.945864277782391,9.012686729431152,9916500
2011-11-23,8.945862576610738,9.213152332377176,8.912451357139934,8.979273796081543,14668900
2011-11-25,8.945868722869822,9.196453439358239,8.937515713116609,8.995985984802246,4222900
2011-11-28,9.19645277428363,9.488800925222195,9.163041534273885,9.438684463500977,14741900
2011-11-29,9.472092202945564,9.488797418483356,9.213154591124537,9.246565818786621,9683300
2011-11-30,9.664202642811091,10.00666778658156,9.530557786372487,9.989962577819824,15658500
2011-12-01,9.923143415649541,10.006671080122416,9.747734284694129,9.9649076461792,9597900
2011-12-02,10.073494104871077,10.148668762263654,9.697616834976078,9.747734069824219,17344900
2011-12-05,9.973258785983019,10.24054935477011,9.95655357351365,10.215490341186523,11663700
2011-12-06,10.190434908925418,10.265610377046634,10.098554223769804,10.207140922546387,8311500
2011-12-07,10.131964055768375,10.290667180326706,9.964907925552641,10.190433502197266,9726500
2011-12-08,10.006672071671042,10.16537600409223,9.714324022167913,9.756088256835938,13293600
2011-12-09,9.814560284046749,10.08185018155559,9.739384801225707,9.998322486877441,10242000
2011-12-12,9.847964894730078,9.847964894730078,9.664202815549338,9.789495468139648,10396900
2011-12-13,9.847969835335936,9.981614761211336,9.505504513633579,9.630796432495117,12646100
2011-12-14,9.188091694261932,9.355147747567656,9.04609384980554,9.163033485412598,25281500
2011-12-15,9.28833010839854,9.363505570237184,9.062804519469116,9.079509735107422,12479400
2011-12-16,9.12962667564064,9.196449129174347,8.95421753596804,9.062804222106934,12912300
2011-12-19,9.104571028193202,9.163041294117894,8.962573062726744,9.004337310791016,12914400
2011-12-20,9.12962987153742,9.580681989077426,9.096218633074706,9.46374225616455,12610600
2011-12-21,9.488794867983692,9.488794867983692,9.154682681169097,9.346796989440918,10003400
2011-12-22,9.355152820802502,9.605737434944446,9.346799814460914,9.555620193481445,11008800
2011-12-23,9.555616459854836,9.655850903616644,9.455382812679243,9.639144897460938,6104600
2011-12-27,9.647498552475435,9.722673992083719,9.580676116509467,9.622440338134766,5362300
2011-12-28,9.672561687324485,9.672561687324485,9.363507564617043,9.380212783813477,7388400
2011-12-29,9.421978445202706,9.53891818353021,9.380214196043827,9.438684463500977,10760300
2011-12-30,9.455388941605557,9.48044796708223,9.355155229459076,9.405272483825684,7054600
2012-01-03,9.614088039977325,9.898083811965531,9.605735035722066,9.781144142150879,10761500
2012-01-04,9.73938211270689,9.839615796603583,9.589031188568596,9.7978515625,7935700
2012-01-05,9.714327489580956,10.090204142584811,9.547271287866666,9.956559181213379,12235400
2012-01-06,9.756088339879753,10.140317868240402,9.756088339879753,10.05678939819336,13944700
2012-01-09,10.048437882665816,10.157024591202374,9.981615415348957,10.123613357543945,11765500
2012-01-10,10.265608290312043,10.415959195991997,10.165374618720879,10.28231430053711,12100700
2012-01-11,10.282316119717166,10.441019262001506,10.115259174255899,10.407608032226562,10847100
2012-01-12,10.432670303337133,10.48278756573856,10.106910885781867,10.41596508026123,8354800
2012-01-13,10.182081653102664,10.232198896153337,9.981614274073086,10.157023429870605,14409200
2012-01-17,10.491131361177652,10.516189572076232,10.081843001374631,10.148665428161621,16721600
2012-01-18,10.115256628478212,10.190432075698538,9.948200521647683,10.040081977844238,18586600
2012-01-19,10.090200951071331,10.524547734732138,10.065142727886762,10.407608032226562,12484500
2012-01-20,10.415961042441776,10.716662110520907,10.357490792875364,10.699956893920898,15521700
2012-01-23,10.674894612107876,10.73336484380696,10.50783851422401,10.557955741882324,12990400
2012-01-24,10.382549154407215,10.516194065080482,10.282315471402267,10.424312591552734,8896700
2012-01-25,10.390900757798745,10.56630989197268,10.073494511756822,10.1403169631958,21550700
2012-01-26,9.898083741236217,10.073492846411598,9.62244097547295,9.697615623474121,26382400
2012-01-27,9.655853401953454,9.80620351332503,9.622442177583503,9.747734069824219,17142400
2012-01-30,9.647499873583678,9.789497768602821,9.472090756006288,9.722675323486328,17161800
2012-01-31,9.806204975687683,9.839616205040127,9.589031586603522,9.731029510498047,14017400
2012-02-01,9.76444185972021,10.015026506896005,9.756089648864101,9.948204040527344,19460900
2012-02-02,9.964910196813065,10.265611299738932,9.914792948032098,10.123613357543945,34059800
2012-02-03,10.365843799468644,10.775131563500766,10.357490792875364,10.699956893920898,21344400
2012-02-06,10.666541554246928,10.691599767785126,10.549601896758261,10.608071327209473,9392800
2012-02-07,10.415956837973336,10.441015051051716,10.223841746809144,10.30737018585205,27843700
2012-02-08,10.416492086915147,10.542396985594713,10.332556288274171,10.450066566467285,15021200
2012-02-09,10.466850689925957,10.517211992094866,10.332552816837579,10.374520301818848,10985100
2012-02-10,10.257007955942548,10.374518170514767,10.206645863641382,10.223433494567871,11768800
2012-02-13,10.324162219400662,10.382917357080917,10.28219392085246,10.340949058532715,6885200
2012-02-14,10.298980502207138,10.433278403378836,10.122714306799626,10.357735633850098,15126800
2012-02-15,10.391310269572967,10.44167158305056,10.206650252371627,10.382916450500488,17248400
2012-02-16,10.340947175131777,10.71866099279371,10.307372702503892,10.693479537963867,12599300
2012-02-17,10.752237634385535,10.827779612677839,10.6431203762139,10.80259895324707,10861600
2012-02-21,10.802599329508007,10.844567630340222,10.727056548105773,10.769024848937988,8987400
2012-02-22,10.777416436997141,10.78581025552082,10.676693016148771,10.718661308288574,8041400
2012-02-23,10.693480533593016,11.129949518872067,10.643119220201521,11.087981224060059,16033600
2012-02-24,11.104765823789261,11.37336237616951,11.054404520546923,11.34818172454834,26103100
2012-02-27,11.331392391433232,11.348180023650155,11.037615231463988,11.314604759216309,16369800
2012-02-28,11.331394854906154,11.574809971622035,11.222277623208893,11.532841682434082,20249300
2012-02-29,11.608387040471147,11.809833913076591,11.541238082935998,11.650355339050293,23655900
2012-03-01,11.71750445484667,11.751078934067714,11.608387197258594,11.675536155700684,12307300
2012-03-02,11.675534566485407,11.700715222354043,11.558024305446022,11.599991798400879,6070500
2012-03-05,11.574813465692788,11.625175588016774,11.440515540133866,11.60838794708252,7800000
2012-03-06,11.507661120756817,11.507661120756817,11.31460730914622,11.39015007019043,16094300
2012-03-07,11.398543331148664,11.767863300321062,11.398543331148664,11.583203315734863,10249500
2012-03-08,11.751077439587267,11.876981520534253,11.474087821121,11.683928489685059,8134300
2012-03-09,11.700713915425286,11.868587070408335,11.608384320567431,11.860193252563477,8766700
2012-03-12,11.876978009488031,11.95252075591589,11.793042247162488,11.835010528564453,7490200
2012-03-13,11.885374620773913,12.237906986684884,11.843406329502878,12.229513168334961,11718400
2012-03-14,12.237907883332177,12.3302374905104,11.986098917735001,12.288269996643066,11276000
2012-03-15,12.313449427953106,12.926183742813912,12.279874955912494,12.84224796295166,23167800
2012-03-16,12.900999957228839,12.98493651719433,12.691159357793474,12.859031677246094,16027300
2012-03-19,13.010121717119524,13.035302373728317,12.791887225233614,12.850643157958984,15155800
2012-03-20,12.79189079584267,12.993337705900304,12.691167340813854,12.909401893615723,18438800
2012-03-21,12.942968859640121,12.976543325145244,12.808670997619629,12.808670997619629,15149100
2012-03-22,12.783490053486993,12.783490053486993,12.330234351010596,12.489713668823242,18577100
2012-03-23,12.540077577328253,12.640801799255755,12.388992845394196,12.607227325439453,13041600
2012-03-26,12.758312386100812,12.791886860782185,12.63240830616532,12.783493041992188,10954700
2012-03-27,12.78349552436677,12.825463825987793,12.447750712356138,12.523293495178223,15653800
2012-03-28,12.514894947986877,12.573650067777725,12.002884102933193,12.153968811035156,32546600
2012-03-29,12.103607147559291,12.1203939810796,11.893766525445542,11.977703094482422,24678500
2012-03-30,12.086822349543164,12.187546576212151,11.935737610496952,12.061641693115234,21267800
2012-04-02,12.070033937403117,12.263086945628883,11.986097359622375,12.212725639343262,18693800
2012-04-03,12.15397207370809,12.422568694452112,12.044855622084311,12.388994216918945,25482800
2012-04-04,12.254696592722201,12.296664090258863,12.103611040058363,12.14557933807373,18395800
2012-04-05,12.044856937098462,12.170761041473924,11.935739673082967,11.960920333862305,16685200
2012-04-09,11.801441881069811,11.885377684771582,11.524451407465497,11.818228721618652,10998200
2012-04-10,11.776255284982472,11.851798035711942,11.53284019956442,11.541234016418457,14422000
2012-04-11,11.692323637629439,11.759472595164588,11.616780860282718,11.650355339050293,10815900
2012-04-12,11.683925591181092,11.994489607554918,11.574808374539732,11.952521324157715,10942200
2012-04-13,11.927343580096053,11.935737398916114,11.641960144042969,11.641960144042969,16044600
2012-04-16,11.751074634898792,12.002883537170883,11.348181031646197,11.541234016418457,19331900
2012-04-17,11.574812918973715,11.868590217616806,11.566419098903056,11.742685317993164,13530900
2012-04-18,11.650352754058657,11.82661892859799,11.650352754058657,11.759469985961914,10122700
2012-04-19,11.776256503772492,11.868586897765821,11.591597316742867,11.734288215637207,15173200
2012-04-20,11.767868041992188,11.885378333686218,11.70071827469425,11.767868041992188,14122100
2012-04-23,11.58320496131466,11.633566273051933,11.465693899796658,11.599991798400879,15320600
2012-04-24,11.448905493498682,11.641958496162333,11.35657510050432,11.625171661376953,13296400
2012-04-25,11.683925558046978,11.876978540456847,11.57480834171506,11.826617240905762,15684800
2012-04-26,11.801440486868902,12.08682314631487,11.759472189736684,12.03646183013916,10498600
2012-04-27,12.05324659557536,12.170757647238213,11.876980418320354,12.011279106140137,8484200
2012-04-30,12.002886881549697,12.019673719456675,11.801440023794019,11.986099243164062,10143100
2012-05-01,11.98609967223651,12.07003626621209,11.851801762258527,11.868589401245117,10607700
2012-05-02,11.851800808723679,11.851800808723679,11.490874604337101,11.516056060791016,16295200
2012-05-03,11.507657578844366,11.608380962409074,11.390146564446393,11.499263763427734,10791300
2012-05-04,11.474089910874538,11.474089910874538,11.323004345838338,11.356578826904297,9668000
2012-05-07,11.42372367941185,11.541234721108113,11.306213438194067,11.34818172454834,5583300
2012-05-08,11.289424924324136,11.297818741037037,10.987254726965428,11.205489158630371,11888500
2012-05-09,11.019996026624021,11.20548968577642,10.952543933130855,11.087448120117188,10656000
2012-05-10,11.163336456027059,11.230788576890031,10.969411809569191,10.994706153869629,7794000
2012-05-11,10.935686334184481,11.213926548652953,10.82607643089497,11.053727149963379,8148600
2012-05-14,11.020001760845426,11.020001760845426,10.826077092167608,10.88509750366211,7994200
2012-05-15,10.826073611373404,10.935683486116334,10.767053218855112,10.851367950439453,9938600
2012-05-16,10.893527642045514,11.01156925202047,10.73332825678717,10.750191688537598,10602600
2012-05-17,10.741755077642853,10.7670502137415,10.598419189453125,10.598419189453125,15883000
2012-05-18,10.64900662772927,10.6658692444885,10.353903195567197,10.396060943603516,13716000
2012-05-21,10.421360114149383,10.67430591583252,10.39606577520883,10.67430591583252,8152000
2012-05-22,10.463517540765858,10.918819647319898,10.463517540765858,10.733325958251953,13940600
2012-05-23,10.58155721455617,10.674303640294962,10.438221317628349,10.632145881652832,14662800
2012-05-24,10.699600289986073,10.750189772126207,10.52253830863441,10.649011611938477,10920200
2012-05-25,10.665875542900364,10.800780577099129,10.632149485373834,10.792348861694336,7162800
2012-05-29,10.85136484987428,10.96940640527534,10.792344474219904,10.96097469329834,6325500
2012-05-30,10.885094671291439,10.89352638619461,10.556265830993652,10.556265830993652,11462300
2012-05-31,10.530968698023939,10.62371593626285,10.21900254233951,10.505674362182617,18086600
2012-06-01,10.22743419011038,10.303318001240498,10.134687756558256,10.202139854431152,20294200
2012-06-04,10.075668330217187,10.278024659230667,9.81429160626459,9.97449016571045,16086100
2012-06-05,9.881741687816714,10.269591640870223,9.881741687816714,10.235865592956543,9635100
2012-06-06,10.294888534429717,10.556266073791683,10.286456819332614,10.47195053100586,10710300
2012-06-07,10.530964731577189,10.615280224747744,10.328608512878418,10.328608512878418,11849900
2012-06-08,10.328611740971205,10.379201213503142,10.134687171798948,10.370769500732422,9748100
2012-06-11,10.471947928352293,10.564694359091806,10.227433879955022,10.235865592956543,8290200
2012-06-12,10.252727845870272,10.34547507736421,10.143117993072586,10.32017993927002,9422400
2012-06-13,10.286454262780858,10.370769784611257,10.185276119039822,10.235865592956543,8997200
2012-06-14,10.219001827755228,10.463515868036371,10.219001827755228,10.421358108520508,8017900
2012-06-15,10.471951191642708,10.70803360060693,10.412930790424817,10.6827392578125,11136600
2012-06-18,10.59842272393695,10.66587483451008,10.522538898519034,10.606854438781738,7090100
2012-06-19,10.615282375331269,10.809206923182343,10.589988043892498,10.708028793334961,7602400
2012-06-20,10.724895048274895,10.842935828878806,10.589990839531849,10.733325958251953,7998600
2012-06-21,10.741752660411443,10.800773827267685,10.320176802742935,10.328608512878418,9274000
2012-06-22,10.455087700498668,10.488813758728947,10.362341241388561,10.429793357849121,18892400
2012-06-25,10.353908493286431,10.36234020802633,10.09253176909016,10.176846504211426,7631600
2012-06-26,10.20214015278586,10.370770402399582,10.151550675855516,10.294886589050293,7704800
2012-06-27,10.328611376319742,10.488809892845698,10.294885330519945,10.455083847045898,7565900
2012-06-28,10.412926376969963,10.589988309669684,10.328610864601593,10.573124885559082,7927700
2012-06-29,10.868231458204484,10.96097790484912,10.767053297112367,10.901957511901855,10824400
2012-07-02,10.91882013670427,10.952546190401641,10.741758153769927,10.901957511901855,6083000
2012-07-03,10.868231076466888,11.0115670006693,10.826073309802792,10.986271858215332,2817000
2012-07-05,10.935685052588912,10.944115964090246,10.775485672673726,10.809211730957031,5493800
2012-07-06,10.682737384929686,10.75862120410179,10.589990941548514,10.657443046569824,5298100
2012-07-09,10.58155977690738,10.615285831169459,10.446655559859064,10.53940200805664,5631100
2012-07-10,10.564696305077952,10.691169611119566,10.412929463557596,10.463518142700195,5769400
2012-07-11,10.455083301263397,10.640576945525218,10.43822068128995,10.598419189453125,6997900
2012-07-12,10.539401719092197,10.54783343344968,10.34547711342532,10.4466552734375,6670800
2012-07-13,10.463518780137317,10.699601173400879,10.446656154093365,10.699601173400879,5512600
2012-07-16,10.480382907271737,10.77548571745385,10.480382907271737,10.6827392578125,7172100
2012-07-17,10.817637592070444,11.070583294347918,10.547829271823657,10.969405174255371,14158000
2012-07-18,10.95254298132134,11.045290204883713,10.859796561851278,10.96097469329834,8231100
2012-07-19,10.994703958546493,11.036861726691345,10.859799743757003,10.901957511901855,9934800
2012-07-20,10.809210729507372,10.859800214291651,10.514107947892255,10.530970573425293,7748500
2012-07-23,10.353903820079882,10.362335531014152,10.143115871276427,10.303315162658691,12338700
2012-07-24,10.3033176887839,10.337043736697579,10.075666262297263,10.235865592956543,12377200
2012-07-25,10.252729120103723,10.539400954727098,10.23586649670425,10.387633323669434,10366600
2012-07-26,10.573126173484308,10.691167744360346,10.471948028773024,10.640578269958496,7569800
2012-07-27,10.733327654673278,10.944115715172842,10.632149482124605,10.893527030944824,10053500
2012-07-30,10.885092996002456,10.92725075993736,10.741757081079262,10.775483131408691,6187100
2012-07-31,10.750189772126207,10.758621486498319,10.530970023006521,10.649011611938477,7813300
2012-08-01,10.657446141261982,10.708034832671569,10.387636838737427,10.497246742248535,12079900
2012-08-02,10.404493281593284,10.547829151107011,10.109389831631564,10.303315162658691,9950100
2012-08-03,10.488813539862916,10.83450663462566,10.421361424809852,10.792348861694336,7132800
2012-08-06,10.885096591172015,11.036864269827067,10.851370529703418,10.85980224609375,6233200
2012-08-07,10.88509313166369,11.239217066582393,10.868230508335047,11.129607200622559,8509300
2012-08-08,11.146546263129528,11.146546263129528,10.96020559574573,11.027966499328613,4148600
2012-08-09,10.994083420085895,11.163484433135416,10.968673591234024,11.01949405670166,5281900
2012-08-10,10.994090200522061,11.044910697332458,10.824689890761396,10.909390449523926,4486400
2012-08-13,10.867034966277188,10.951735484479427,10.833154920549095,10.926324844360352,3954300
2012-08-14,10.943270658308258,11.112670970341865,10.841630471088095,10.883980751037598,6965200
2012-08-15,10.892446306184421,11.06184736603459,10.833156419895335,11.053377151489258,4764000
2012-08-16,11.070318482963451,11.315949088374376,11.027969019222864,11.273599624633789,7913200
2012-08-17,11.18889776612749,11.273598299178772,11.163487929317764,11.180427551269531,6028100
2012-08-20,11.146545866418029,11.214305959825236,11.002555465986706,11.129606246948242,7791100
2012-08-21,11.146547499601848,11.417587912943317,11.121137662792123,11.180427551269531,7006100
2012-08-22,11.10419686915987,11.222777449992611,11.027967361228953,11.112667083740234,6815400
2012-08-23,11.171954477394488,11.26512520146039,10.943264389102787,11.011024475097656,8938500
2012-08-24,10.994088914419285,11.290540027644507,10.93479901487996,11.239720344543457,8681600
2012-08-27,11.248188717232072,11.282068772100438,11.078788442890248,11.095728874206543,4303900
2012-08-28,11.044905726307217,11.19736634035545,11.019495893220522,11.129606246948242,4878700
2012-08-29,11.171956182533888,11.349826637359197,11.155016562331701,11.341357231140137,6737600
2012-08-30,11.239715066423004,11.426054893974896,11.180424386962022,11.366765022277832,9157100
2012-08-31,11.442997289716482,11.527697005619505,11.290536670221357,11.426056861877441,10509800
2012-09-04,11.41758782500168,11.476878520786563,11.205837301768586,11.29053783416748,8281200
2012-09-05,11.324416295142555,11.426056435088126,11.273596629051783,11.299006462097168,4817900
2012-09-06,11.366767121677151,11.824148178100586,11.358296907652035,11.824148178100586,11950400
2012-09-07,11.8326203407087,11.908850663960145,11.79874028679297,11.883440017700195,9225000
2012-09-10,11.891909049642258,11.985078986697232,11.756388847466251,11.790268898010254,6272800
2012-09-11,11.807208519400193,11.92578910018626,11.74791863288922,11.790268898010254,7182200
2012-09-12,11.832620799263488,12.018960699139217,11.815680367767023,11.866500854492188,10401800
2012-09-13,11.88343859002236,12.222239896240232,11.69709871975484,12.120599746704102,14254800
2012-09-14,12.162949752268954,12.383170490087545,12.120600293873498,12.222240447998047,10079700
2012-09-17,12.179889891426635,12.222240156576452,11.959669158858887,12.018959045410156,8473100
2012-09-18,12.002017980700378,12.01895760006475,11.756387441686806,11.807207107543945,10339800
2012-09-19,11.637805231698293,11.764855993928272,11.41758455671079,11.561574935913086,17919900
2012-09-20,11.476878749229245,11.578518905472539,11.248187791858712,11.383708000183105,16345700
2012-09-21,11.392177500388874,11.57851817902581,11.265127514997024,11.502287864685059,22274700
2012-09-24,11.459937182825788,11.468407396947113,11.299007153341027,11.375237464904785,8476100
2012-09-25,11.417584729923357,11.45146557990981,10.883974266859502,10.917854309082031,19087800
2012-09-26,10.943265271106402,11.002555149189565,10.714574356618764,10.926324844360352,13129100
2012-09-27,11.027971070238587,11.061851132190721,10.816220481096659,10.909390449523926,11217200
2012-09-28,10.883977065979025,10.909386902239792,10.706106596625393,10.83315658569336,13868700
2012-10-01,10.917860666953057,11.044910697332458,10.833160108190528,10.909390449523926,11473100
2012-10-02,10.934795057733377,11.01102536256259,10.82468470717607,10.926324844360352,9379800
2012-10-03,10.926329555525003,10.951740206600526,10.723049193506947,10.80774974822998,13881100
2012-10-04,10.858567369336226,11.087258338928223,10.841627746272486,11.087258338928223,8074900
2012-10-05,11.163487480544234,11.349827353343535,11.138076836991871,11.222777366638184,12795000
2012-10-08,11.146546042302809,11.248186184017431,11.078785947826393,11.138075828552246,7818400
2012-10-09,11.155018685240801,11.155018685240801,10.892447656142533,10.951738357543945,8596300
2012-10-10,10.977144563819348,11.070314481239292,10.858564008023459,10.985614776611328,8353500
2012-10-11,11.095727014965139,11.214306783252635,11.044906537296148,11.155016899108887,7038400
2012-10-12,11.11266794877014,11.163488432444163,10.900917414362711,10.968677520751953,12807100
2012-10-15,11.002556983231296,11.061847678961767,10.689166306065607,11.036437034606934,11596200
2012-10-16,11.0449041448976,11.299004862674497,10.985614273596426,11.282064437866211,10597900
2012-10-17,11.290537530418083,11.54463831301455,11.248187265357986,11.536168098449707,8758700
2012-10-18,11.53616873893613,11.654749326135159,11.43452858180732,11.553109169006348,10833400
2012-10-19,11.527694943238965,11.570045197495766,11.180424312308235,11.282064437866211,12565600
2012-10-22,11.273596949763144,11.358296664911979,11.163486593082014,11.307476997375488,6827300
2012-10-23,11.18042914337224,11.256659472420829,11.036438701339184,11.197369575500488,8441400
2012-10-24,11.239714991373322,11.383704563424185,11.197364737116521,11.282064437866211,10363400
2012-10-25,11.35829645739437,11.459936598374423,11.307476790786362,11.442996978759766,9794200
2012-10-26,11.324419064799205,11.451469876627497,11.222778899995108,11.409119606018066,10133200
2012-10-31,11.426057550344305,11.519228293544828,11.324417400478007,11.502287864685059,12965100
2012-11-01,11.502288686559861,11.561578576277292,11.43452858180732,11.553109169006348,9765600
2012-11-02,11.66322135615191,11.697101413800452,11.561580375441991,11.637810707092285,13064100
2012-11-05,11.620868781088259,11.858029137667655,11.553108679208432,11.764859199523926,14230100
2012-11-06,11.790269035787828,11.849558922991644,11.730979148584012,11.764859199523926,7789000
2012-11-07,11.645762989184417,11.66277691160445,11.152370596762106,11.331012725830078,23243400
2012-11-08,11.314003258660902,11.424591356203596,11.220428277749305,11.228935241699219,16768000
2012-11-09,11.203412634255548,11.339520781680875,11.092824561655332,11.109838485717773,10920800
2012-11-12,11.118343151377141,11.152370183688403,10.956714950715764,11.01626205444336,12690600
2012-11-13,10.973730303419389,11.058798307213086,10.786581993103027,10.786581993103027,14582500
2012-11-14,10.829113377833565,10.965222323459239,10.60793806513735,10.633458137512207,15862600
2012-11-15,10.667485744841052,10.871647957357503,10.607938635674216,10.829113960266113,16890400
2012-11-16,10.803597555524455,10.888665578597154,10.667489367623169,10.871651649475098,12144900
2012-11-19,10.99925034903602,11.041783536407223,10.83762131645868,10.96522331237793,8934200
2012-11-20,10.939704442439831,11.041785571225969,10.854637240752398,11.033279418945312,6944300
2012-11-21,11.041783600736558,11.109838485717773,10.90567545331123,11.109838485717773,4202400
2012-11-23,11.118344558907602,11.262959667355167,11.118344558907602,11.2544527053833,2162000
2012-11-26,11.16938634590486,11.25445353811211,11.118345381565625,11.186399459838867,8217300
2012-11-27,11.194906239211905,11.194906239211905,11.024771046313422,11.084318161010742,12364200
2012-11-28,11.033276632520169,11.211918765597481,10.990742636783953,11.177891731262207,12238200
2012-11-29,11.194902088345883,11.28847701819561,11.084314051148752,11.135354995727539,8294700
2012-11-30,11.135356717355414,11.203410779803383,11.084315764885229,11.143863677978516,7429800
2012-12-03,11.160877212554944,11.254451349163682,11.024769082480978,11.050289154052734,9524100
2012-12-04,11.058800536871248,11.118347664771472,10.905678423677793,10.956719398498535,9360700
2012-12-05,10.990742497020225,11.101330560020697,10.948208501824894,10.999249458312988,11681100
2012-12-06,11.058797524799001,11.118344636480444,10.956716414230005,11.109838485717773,5773300
2012-12-07,11.143863281082485,11.4160795211792,11.126849360442245,11.4160795211792,7642400
2012-12-10,11.373543739318848,11.450104747603474,11.177888550385477,11.373543739318848,7528000
2012-12-11,11.441603572605551,11.662779750288726,11.433096609324966,11.628752708435059,9028200
2012-12-12,11.662779750288726,11.764860875849728,11.586218703300807,11.628752708435059,10462900
2012-12-13,11.63725504254266,11.756349236021792,11.594721054327966,11.696802139282227,8083100
2012-12-14,11.552188124141281,11.688296249879338,11.424586959078958,11.654269218444824,10440000
2012-12-17,11.705309311356517,11.815897358211974,11.611734373334318,11.798883438110352,8355000
2012-12-18,11.80739431483763,12.105130713964051,11.722326308648006,12.088117599487305,8818300
2012-12-19,12.130653462917325,12.470923917321823,12.079612489122272,12.309295654296875,20338700
2012-12-20,12.343318104806972,12.385852098590995,12.139155908165804,12.30078411102295,9179900
2012-12-21,12.190197177860849,12.266758211491352,12.079609108313294,12.181690216064453,12546300
2012-12-24,12.164678820593014,12.215718976037843,12.088117776157127,12.19019889831543,1699800
2012-12-26,12.20720675834457,12.249739929656936,12.105124875643817,12.130645751953125,3421800
2012-12-27,12.130651602582116,12.190198720153674,11.909475435504,12.088117599487305,6928700
2012-12-28,12.01155244055787,12.122140486205277,11.977525411994693,12.028566360473633,5923700
2012-12-31,12.011555099107014,12.224224277514578,11.977528063012546,12.215717315673828,8220900
2013-01-02,12.479428704576137,12.828206062316895,12.436894702378057,12.828206062316895,15607600
2013-01-03,12.802685550108174,12.930286741094307,12.641056509505916,12.811192512512207,14175900
2013-01-04,12.819697401578761,13.245035744683761,12.802684289714184,13.151461601257324,16143400
2013-01-07,13.108930939968491,13.108930939968491,12.819700663265932,12.989836692810059,10327300
2013-01-08,12.981325081399206,13.0493791443441,12.819696073453763,12.947298049926758,9954300
2013-01-09,12.998340167759258,13.023861053695088,12.760150911238007,12.870738983154297,7591200
2013-01-10,12.97282135496405,13.074902474831205,12.879247197902982,13.040875434875488,7617400
2013-01-11,13.006849028297811,13.117437116356218,12.964315023464781,13.091917037963867,6940000
2013-01-14,13.091917823775306,13.108930939968491,12.97282276534816,12.989836692810059,8394700
2013-01-15,12.904761538729339,13.015349572244855,12.853720595849769,13.006842613220215,9215900
2013-01-16,12.896256049040208,12.972817066448414,12.743134014223793,12.802681922912598,11803900
2013-01-17,12.904765259028297,13.01535332442511,12.836711189748488,12.972819328308105,11575600
2013-01-18,12.97281964895032,13.159968749729707,12.938792613469387,13.14295482635498,7547100
2013-01-22,13.134449750243657,13.389652958621772,13.074902632420596,13.36413288116455,8550400
2013-01-23,13.389651690396818,13.440692651745458,13.202503391745106,13.304584503173828,8078600
2013-01-24,13.330105585553666,13.500240784125113,13.321598622807938,13.449200630187988,7063700
2013-01-25,13.47471809769342,13.653359413146973,13.44919802566698,13.653359413146973,8503400
2013-01-28,13.670376213687543,13.780965108713401,13.551281978309483,13.695897102355957,9171100
2013-01-29,13.661867589353198,14.155260019179291,13.619334402615648,14.010644912719727,19967900
2013-01-30,13.993631866454267,14.138246965213783,13.925577797775492,14.044672012329102,11533500
2013-01-31,14.027658668795052,14.172273773526426,13.874536602310416,14.061686515808105,10907700
2013-02-01,14.146754586576996,14.410465564975366,14.112728358016163,14.248836517333984,12996600
2013-02-04,14.095714708717384,14.095714708717384,13.917073354563165,13.94259262084961,11414400
2013-02-05,14.053180549087799,14.265849740366232,14.010645737309813,14.16376781463623,8622100
2013-02-06,14.078388660245919,14.35158939629359,14.044239382442376,14.334515571594238,11953700
2013-02-07,14.308903573656217,14.86384281813399,14.07838982292692,14.607717514038086,33838000
2013-02-08,14.667484452926683,14.710171473835688,14.351594961621451,14.41989517211914,15136100
2013-02-11,14.086928014859307,14.411353519309372,14.069852559781665,14.28329086303711,10541400
2013-02-12,14.274755761873568,14.462582545475335,14.274755761873568,14.394282341003418,6751600
2013-02-13,14.45404573288589,14.573570691189405,14.360132335130027,14.445508003234863,6022000
2013-02-14,14.385745524083106,14.479657293433542,14.291832126327243,14.445508003234863,6410400
2013-02-15,14.479651471458013,14.488189197676192,14.325977284745107,14.428426742553711,8270100
2013-02-19,14.462582672437561,14.599183082580566,14.419894026514534,14.599183082580566,7983500
2013-02-20,14.565028497689365,14.565028497689365,14.249140739440918,14.249140739440918,6451700
2013-02-21,14.232066986038333,14.24060471409296,13.907641461988128,13.97594165802002,9662600
2013-02-22,14.061314832242845,14.29182859057593,14.044241005570228,14.28329086303711,6038200
2013-02-25,14.377208337481562,14.44550854886415,13.907644587776952,13.933256149291992,13134100
2013-02-26,13.864952439744876,14.069853022195677,13.62590176021894,13.839339256286621,14907800
2013-02-27,13.8478753677682,14.069851379948576,13.788112908412884,14.010088920593262,9841700
2013-02-28,14.027167584702621,14.05277914262823,13.864953994750977,13.864953994750977,11225400
2013-03-01,13.847881456586284,14.052782105214293,13.660056269112012,14.001557350158691,8912900
2013-03-04,14.214990405264299,14.368666241278776,14.112540933524642,14.325979232788086,11573500
2013-03-05,14.360127571132258,14.599179036838967,14.360127571132258,14.49672794342041,7311700
2013-03-06,14.59917995691301,15.060205835339218,14.565029047486261,14.812618255615234,13776300
2013-03-07,14.804080184450644,15.154118855920641,14.752855449905145,15.008980751037598,10576500
2013-03-08,15.119967049407846,15.316331505580498,15.06020459125285,15.077280044555664,9308000
2013-03-11,15.08582389062512,15.20534885541925,15.026061408228053,15.119973182678223,8878400
2013-03-12,15.085823532814347,15.154123743706098,15.000447862098287,15.145586013793945,9640900
2013-03-13,15.15412361177463,15.461475372314453,15.11143659099097,15.461475372314453,9325500
2013-03-14,15.367561260581382,15.657837547998128,15.179736098066883,15.350485801696777,14601800
2013-03-15,15.102892572537831,15.282179939263214,15.085817119972141,15.248030662536621,15854300
2013-03-18,15.026055313052076,15.188268862619102,15.000442133097856,15.077280044555664,7213400
2013-03-19,15.102895435811606,15.248033553326321,14.787006017077777,14.983368873596191,8733500
2013-03-20,15.068743844816836,15.21388195578786,15.051668389783769,15.154119491577148,6472800
2013-03-21,15.068741055200213,15.179729863963203,14.872378243886882,14.906527519226074,8813100
2013-03-22,14.949218399451826,15.026056316038552,14.915067490566631,14.974831581115723,4462400
2013-03-25,15.000444006337675,15.094357382826102,14.897994530536716,14.957756996154785,6745100
2013-03-26,15.000444381606597,15.102895488375651,14.932144186562258,15.051669120788574,5944200
2013-03-27,14.957755958095367,14.983367511065651,14.62479111383717,14.940680503845215,9129900
2013-03-28,14.983370118224485,15.154121433627449,14.923607646355016,15.102896690368652,7335600
2013-04-01,15.171204744357384,15.273654283908892,14.787014900024051,14.838239669799805,9808200
2013-04-02,14.64187057843636,14.838233470881281,14.599183559524121,14.778470993041992,7923000
2013-04-03,14.79554517637626,14.846769920335701,14.214992650151762,14.300368309020996,12077700
2013-04-04,14.308907349620416,14.343056639255842,14.095468997081458,14.27475643157959,11525900
2013-04-05,14.078391044109901,14.180842151678023,13.788114805806183,14.129615783691406,10431500
2013-04-08,14.146692923597985,14.36013126373291,14.095468177919088,14.36013126373291,6412500
2013-04-09,14.428433888265863,14.539422755664885,14.360133673099378,14.48819637298584,5623800
2013-04-10,14.556494016287584,14.966296863287443,14.547957915754825,14.846770286560059,8962300
2013-04-11,14.863842755643802,15.102894232625276,14.82969347516357,14.974831581115723,8366400
2013-04-12,14.949221037452245,14.957758766180145,14.624793859413005,14.75285816192627,8221400
2013-04-15,14.616259262986333,14.76993351068465,14.16376936428149,14.189382553100586,10534200
2013-04-16,14.308897100060415,14.479646682739258,14.146683612371914,14.479646682739258,9028000
2013-04-17,14.317443461322101,14.317443461322101,13.924716090256087,14.06131649017334,10135700
2013-04-18,14.069854171225696,14.078391899742357,13.83080428638003,13.993016242980957,8209100
2013-04-19,14.027167157047602,14.061316442709035,13.899104486108106,13.993016242980957,6389800
2013-04-22,14.018632888793945,14.078395374756724,13.847881533124054,14.018632888793945,5994100
2013-04-23,14.044241924408606,14.274754069417824,14.027166468213812,14.163766860961914,9391400
2013-04-24,14.180845576288249,14.283295080192355,14.018631961966996,14.206457138061523,9827000
2013-04-25,14.257681293789004,14.599182300860694,14.22353037887921,14.300368309020996,9933200
2013-04-26,14.308904045653572,14.377204237559113,14.163765934303669,14.28329086303711,6092400
2013-04-29,14.30890577703791,14.496730920403824,14.30036804846602,14.462581634521484,4607300
2013-04-30,14.488184406133835,14.539410746501298,14.360121812023644,14.479646682739258,6004700
2013-05-01,14.462580359863521,14.513805098374952,13.813727701233445,13.839339256286621,14700900
2013-05-02,13.847876904914694,14.112541580587893,13.702738789624737,14.035703659057617,8793100
2013-05-03,14.23206941074529,14.983371695094904,14.197918492708517,14.915071487426758,16192300
2013-05-06,14.889457123490264,15.085819980008676,14.880919395588798,14.983368873596191,9143800
2013-05-07,15.000445873645662,15.137046277321476,14.83823228362866,14.889458656311035,6003000
2013-05-08,14.898023951643973,14.923725559688686,14.675281584003624,14.889456748962402,6206600
2013-05-09,14.855191454344757,15.274974634765265,14.829489843043772,15.00083065032959,8976400
2013-05-10,14.983697964152995,15.677625208728939,14.983697964152995,15.497718811035156,14377600
2013-05-13,15.463447641529505,15.711891639468586,15.352077264746903,15.549118041992188,9082400
2013-05-14,15.557687239069491,16.080275278234232,15.49771844126905,16.063140869140625,15848000
2013-05-15,15.866094244574574,16.277310107762183,15.574815932976703,16.260175704956055,18065400
2013-05-16,16.23447938460563,16.491488948372076,16.140241782012023,16.200210571289062,13190700
2013-05-17,16.183076093549882,16.59429368140774,16.17450889025837,16.568592071533203,9694400
2013-05-20,16.448652601886504,16.568590166120785,16.37154941515682,16.457218170166016,6585700
2013-05-21,16.491486728007608,16.542888307034953,16.337280356898845,16.422950744628906,6122200
2013-05-22,16.380117587609632,16.765631910064176,16.22591120501707,16.32871437072754,12263500
2013-05-23,16.22590723809664,16.397246350400607,16.011732122196833,16.268741607666016,9058500
2013-05-24,16.208778758962644,16.440088360815842,16.097408376974283,16.414386749267578,5953600
2013-05-28,16.67995861938168,17.082608911567867,16.671391418055745,16.936969757080078,10743800
2013-05-29,16.77420216762591,17.16828539868745,16.765634963252054,17.056913375854492,13106800
2013-05-30,17.074046858652977,17.365325255458984,16.902706048522244,17.271087646484375,10362200
2013-05-31,17.245386110718954,17.545231712754962,17.01407814025879,17.01407814025879,14689300
2013-06-03,17.11688048034471,17.125447683871652,16.51719093970196,16.85987091064453,12924100
2013-06-04,16.859865089068325,17.10830736945644,16.67138994460862,16.774194717407227,8231900
2013-06-05,16.748502509166364,16.782771330661184,16.225916053589145,16.285884857177734,12459700
2013-06-06,16.311583499558566,16.679963459304993,16.26874748049941,16.671396255493164,9388300
2013-06-07,16.877009567052696,17.245389607301146,16.834173538632594,17.23682403564453,11527500
2013-06-10,17.305352200520453,17.4338569594595,17.17684580755474,17.322484970092773,7555400
2013-06-11,17.108317388443925,17.253956615349235,16.85130775697686,16.894142150878906,7782600
2013-06-12,17.108307990768928,17.116875191648813,16.73136095621301,16.78276252746582,8959200
2013-06-13,16.765627484652274,17.262513678501026,16.74849308354766,17.168277740478516,15370900
2013-06-14,17.202554400041283,17.202554400041283,16.722802342597554,16.885574340820312,10720200
2013-06-17,17.03121232849435,17.476697166570464,17.02264675786311,17.408161163330078,9916600
2013-06-18,17.43386031367868,17.785107484903353,17.43386031367868,17.596633911132812,10478000
2013-06-19,17.605202876894317,17.853646922728466,17.450998087166248,17.536666870117188,11879600
2013-06-20,17.305353821383463,17.947879310285916,17.271085010975796,17.545228958129883,20952900
2013-06-21,17.7422693505788,17.793672565131907,17.416723828543027,17.682300567626953,11927400
2013-06-24,17.725136579754544,17.81080696998294,17.425291030968545,17.682300567626953,13373400
2013-06-25,17.862206981312347,18.11064929371955,17.7337022242723,18.024980545043945,12019800
2013-06-26,18.20488967862266,18.230591287595104,17.81080814520656,17.956445693969727,11564700
2013-06-27,18.102080078099675,18.162050483137886,17.913606564344672,17.939308166503906,18327800
2013-06-28,17.87934631689563,18.367665508772646,17.819375888641833,18.18775749206543,18668700
2013-07-01,18.27342500478395,18.581837765143337,18.256290599424688,18.316259384155273,9383100
2013-07-02,18.264860848646933,18.73604727045861,18.05925285212128,18.247726440429688,11998500
2013-07-03,18.110652621923794,18.461899784927898,18.067818239714295,18.33339500427246,4899700
2013-07-05,18.556143775394307,18.933092677921604,18.556143775394307,18.855989456176758,8683100
2013-07-08,19.010189056396484,19.1729610134611,18.907384253068432,19.010189056396484,8350700
2013-07-09,19.198657459313754,19.224359061740042,18.898811967112987,19.01875114440918,7958900
2013-07-10,19.010188042739873,19.087291232617908,18.624672093349712,18.79601287841797,11025200
2013-07-11,19.09585991876975,19.09585991876975,18.179188771676234,18.39336395263672,18624400
2013-07-12,18.45333193566173,18.693207060839683,18.316258334668525,18.581836700439453,7963300
2013-07-15,18.539005431272386,18.77031504745108,18.453336655526638,18.598974227905273,7072700
2013-07-16,18.419067337399436,18.436201745693758,17.605200917717454,17.9907169342041,16499000
2013-07-17,18.0592501600156,18.102084540146265,17.71657021688973,17.947879791259766,10355600
2013-07-18,17.90504978331591,18.410503481740093,17.87934980022725,18.384801864624023,9379500
2013-07-19,18.41049532217544,18.616103265895962,18.1877529746382,18.57326889038086,8237200
2013-07-22,18.59040755637641,18.864551544189453,18.57327314863133,18.864551544189453,8094700
2013-07-23,18.941648666439217,19.352864516195254,18.924514264192748,19.25862693786621,10570700
2013-07-24,19.318605251422944,19.32717245677675,18.838853189801203,18.94165802001953,8760500
2013-07-25,18.890239881193683,19.104414943946562,18.838838323660283,19.087282180786133,5338000
2013-07-26,18.89024968675007,19.01018889528748,18.710343324984308,18.950220108032227,8345600
2013-07-29,18.95022011957863,19.13869368449954,18.830280910968142,18.838848114013672,9177100
2013-07-30,18.92451865929426,19.121559428810535,18.915951456181347,19.010189056396484,7148900
2013-07-31,18.950220194443197,19.155828166267433,18.873117000755744,18.924518585205078,13518000
2013-08-01,19.070154874737025,19.524206764859333,19.070154874737025,19.421401977539062,10166900
2013-08-02,19.369995378520628,19.49850010383147,19.21578905453712,19.40426254272461,7238500
2013-08-05,19.361434410847217,19.56704236432905,19.327165601586863,19.43853759765625,6048700
2013-08-06,19.370003203555655,19.481373574742452,19.18152800520229,19.207229614257812,5127900
2013-08-07,19.1299223501686,19.387621586455655,18.880811668467565,19.361852645874023,8368400
2013-08-08,19.4391576031456,19.57659902793214,19.15568783894563,19.164278030395508,5701100
2013-08-09,19.12992006466537,19.413389846078946,19.12132987269386,19.1471004486084,3505000
2013-08-12,19.035429160419817,19.11273924800151,18.597339210260735,18.691829681396484,5593300
2013-08-13,18.709004399987897,19.22440264325795,18.700414210811925,19.138504028320312,8399000
2013-08-14,19.12132934290788,19.267359325554438,18.88080888960427,18.89798927307129,4483300
2013-08-15,18.760549586529336,18.760549586529336,18.253739740313588,18.38258934020996,10916600
2013-08-16,18.331044101033378,18.786314292739473,18.313863722838196,18.520023345947266,6599500
2013-08-19,18.50285281520271,18.700422336868566,18.382591752892033,18.39118194580078,5530900
2013-08-20,18.391180054274926,18.709010605562703,18.22796968261841,18.63170051574707,5186400
2013-08-21,18.58016264511099,18.691833522750244,18.331053586029068,18.451313018798828,5345500
2013-08-22,18.468489738437924,18.588749147326748,18.288100625104686,18.416950225830078,5579800
2013-08-23,18.442717733590342,18.537208198057876,18.313868142850982,18.494258880615234,6815600
2013-08-26,18.51144140166263,18.94094121737092,18.3825917846325,18.5629825592041,5966300
2013-08-27,18.33963924009628,18.36540817593318,17.77269971392361,17.815649032592773,8272300
2013-08-28,17.81564416875861,18.116294232596978,17.62666492443128,18.004623413085938,5679300
2013-08-29,17.978857083967377,18.425537149777924,17.94449632271521,18.288097381591797,5206800
2013-08-30,18.270920198431703,18.32245971091825,17.867189375120983,17.935909271240234,7065600
2013-09-03,18.21078236079737,18.43412069462851,18.013211314083936,18.167831420898438,7671400
2013-09-04,18.202201169936266,18.846450841167307,18.1506600165814,18.77773094177246,10049500
2013-09-05,18.81208714486247,19.112737272334275,18.717598321905502,18.760547637939453,6610800
2013-09-06,18.855039082959806,18.855039082959806,18.313868497595852,18.537208557128906,7672900
2013-09-09,18.5887423074167,18.820672486428368,18.5887423074167,18.743362426757812,4210000
2013-09-10,18.932354290003403,19.275953844418403,18.932354290003403,19.215824127197266,6596400
2013-09-11,19.164280481523015,19.284541538791288,18.992481545786724,19.104150772094727,5196100
2013-09-12,19.061197180466177,19.121326876433017,18.949526340746615,18.95811653137207,6945200
2013-09-13,19.044020784900383,19.086970108605094,18.76055098857893,18.92376136779785,7367600
2013-09-16,19.19863746747478,19.207227658330133,18.53720751731465,18.966707229614258,10682700
2013-09-17,18.966716362936253,19.50788554012991,18.966716362936253,19.447755813598633,8896700
2013-09-18,19.404795349164278,19.439154471016188,18.07334701878102,18.34822654724121,20283200
2013-09-19,18.451313414570446,18.485674189477052,17.712574776609607,18.073354721069336,22937000
2013-09-20,18.15924705134904,18.58015656675784,18.15924705134904,18.270917892456055,20487700
2013-09-23,18.116300174949266,18.133480558726486,17.64385108995676,17.90155029296875,10143000
2013-09-24,17.996035851270996,18.408355118865458,17.961675093099227,18.159244537353516,13094400
2013-09-25,18.262324268615508,18.485664270432814,18.124884519560407,18.24514389038086,12959000
2013-09-26,18.24514438676644,18.494254962713132,18.2107852677734,18.32245445251465,4267800
2013-09-27,18.16783536184318,18.253735621863598,18.013215221488664,18.20219612121582,4950700
2013-09-30,18.00462440240281,18.27950555254358,17.858596095406174,18.159244537353516,8160700
2013-10-01,18.219376076138104,18.416947178869226,18.219376076138104,18.365406036376953,6539800
2013-10-02,18.15924616530744,18.31386631411965,18.021806397121313,18.288097381591797,6896400
2013-10-03,18.21937091036633,18.391171393140407,17.953081636636256,18.167831420898438,7769600
2013-10-04,18.19360909569785,18.580157875403486,18.124889203411637,18.537208557128906,5139700
2013-10-07,18.296682893495408,18.39117333282799,18.09052327546969,18.09911346435547,5626200
2013-10-08,18.073353302672842,18.15925195637418,17.643853480518967,17.66962242126465,7078300
2013-10-09,17.721151484049404,18.064752449745598,17.557942827595628,17.82423210144043,8870500
2013-10-10,18.193607646144418,18.511436508241218,18.038987491216744,18.37399673461914,10743300
2013-10-11,18.374002007279962,18.743372119289145,18.322462486984577,18.709012985229492,6689200
2013-10-14,18.545800100898514,18.966709676647373,18.37399953844888,18.906579971313477,10337400
2013-10-15,19.56801261498604,20.435602458013776,19.464931936094548,19.78276252746582,31134400
2013-10-16,19.997504647929947,20.55585387513458,19.96314388888416,20.126354217529297,15844500
2013-10-17,19.97173367163872,20.33251344221122,19.8514742942516,20.28956413269043,8599600
2013-10-18,20.306746132793073,20.42700716789387,20.066227339414283,20.41841697692871,8356900
2013-10-21,20.392655431020383,20.504326324588117,20.203676061367766,20.238035202026367,8681800
2013-10-22,20.30675295845729,20.30675295845729,19.877253096301008,20.05764389038086,10290600
2013-10-23,19.988915744592447,20.13494570311272,19.782756092283464,20.014684677124023,7558500
2013-10-24,20.066224908863937,20.16071372121277,19.971734458103906,20.100584030151367,5188900
2013-10-25,20.100595362567713,20.27239598109709,20.031875442838384,20.238035202026367,5112200
2013-10-28,20.229436162034037,20.280977308104006,19.473517375533326,19.76557731628418,15054000
2013-10-29,19.808525209491854,20.06622600608911,19.636726316838306,19.842885971069336,14262900
2013-10-30,19.851478152911707,19.93737678864996,19.36184872019326,19.636728286743164,10763500
2013-10-31,19.64532175210227,19.739810594844215,19.439160404419397,19.456340789794922,7677300
2013-11-01,19.439156208759496,19.937375808234226,19.430567656337175,19.86006736755371,9056000
2013-11-04,19.88583182399266,19.971732074576266,19.71403296123646,19.954551696777344,6565400
2013-11-05,19.84288933260817,20.066229405463478,19.731218476974732,20.006099700927734,6574800
2013-11-06,20.014709663998897,20.057771557203434,19.747732496703815,19.988872528076172,6112700
2013-11-07,20.00609988906047,20.135282300200053,19.575490756832853,19.601327896118164,6415700
2013-11-08,19.70467431410932,20.695076689955098,19.70467431410932,20.686464309692383,16659500
2013-11-11,20.68645807747968,20.910374968920074,20.505601431736522,20.669233322143555,8343400
2013-11-12,20.660628737241964,20.712301380097127,20.36781435665656,20.41948699951172,5706900
2013-11-13,20.316139178083937,20.660626158528064,20.143894866540126,20.652013778686523,7298100
2013-11-14,20.634783421863425,20.893149819097818,20.591723176979215,20.875925064086914,7320400
2013-11-15,20.92760552746969,21.09984985682779,20.841485005434304,21.03095245361328,7030400
2013-11-18,21.091237476095518,21.14291011784548,20.85009574352291,21.03095245361328,9248300
2013-11-19,21.022332316185516,21.254861582228582,20.987884448610462,21.099842071533203,10645400
2013-11-20,21.099841049076097,21.20318793207938,20.944821545892662,21.065391540527344,5586800
2013-11-21,21.168742932035965,21.539067014591563,21.16013055306452,21.530454635620117,9084500
2013-11-22,21.46155548095703,21.53045286441744,21.272088087101707,21.46155548095703,6316000
2013-11-25,21.53045521023031,21.53045521023031,21.23764088795971,21.254865646362305,5538000
2013-11-26,21.30653132999493,21.40126582766902,21.22040920871328,21.246246337890625,5062500
2013-11-27,21.25485840973749,21.409877897294727,21.14289916088268,21.340980529785156,4124400
2013-11-29,21.34099285209754,21.37544073442116,21.065401580289745,21.082626342773438,2187900
2013-12-02,21.099842749359716,21.65102178941148,21.099842749359716,21.384044647216797,6226800
2013-12-03,21.237633961498176,21.452938443380877,21.09122684811223,21.246246337890625,4461900
2013-12-04,21.21179676888011,21.418490516395014,21.022329416741417,21.20318603515625,3758100
2013-12-05,21.168738363423504,21.20318787187444,20.832863869241738,21.02233123779297,4477100
2013-12-06,21.366819891554403,21.504614651567344,21.177352507197387,21.384044647216797,3955600
2013-12-09,21.409879942216467,21.63379681867024,21.32375781394302,21.564899444580078,4992500
2013-12-10,21.45294202722327,21.504614651567344,21.254862265035054,21.384044647216797,4223200
2013-12-11,21.358218741736316,21.64242078899838,21.263485821078277,21.409893035888672,10632200
2013-12-12,21.401273414561953,21.52184344151343,21.246253869828102,21.358211517333984,10725200
2013-12-13,21.49600151358333,21.762980288980085,21.297921758399717,21.34959602355957,7977400
2013-12-16,21.46155830491204,21.62519022815272,21.358211394801234,21.60796546936035,7083900
2013-12-17,21.6079629020618,21.6079629020618,21.289311472836424,21.323760986328125,6564500
2013-12-18,21.358210716054028,22.15053152624615,21.2290283145034,22.13330841064453,8976800
2013-12-19,22.0558034974264,22.305555976395606,21.978293710901266,22.029966354370117,6061000
2013-12-20,22.021351870815657,22.107474030136856,21.823272054227395,22.055801391601562,8586200
2013-12-23,22.17636362988409,22.219423873079098,22.05579363482368,22.124691009521484,2835400
2013-12-24,22.133309352875983,22.150532469210805,22.01273768267166,22.14192008972168,1184700
2013-12-26,22.133312968059343,22.202210372582396,22.00412889726539,22.167760848999023,2617600
2013-12-27,22.20219711664679,22.279706855788096,22.064402389871734,22.09885025024414,1818000
2013-12-30,22.09886375987649,22.141924022326577,21.952456567844983,22.029966354370117,1961900
2013-12-31,22.133309229092937,22.460571434632303,22.10747209077006,22.391674041748047,4670500
2014-01-02,22.38305952550024,22.434732154569634,22.133307116128794,22.236652374267578,4618600
2014-01-03,22.253876992834627,22.42612127885031,22.133306978209596,22.30554962158203,3367700
2014-01-06,22.391661080472748,22.512231037568164,22.176356647006664,22.228029251098633,4293200
2014-01-07,21.94384154347636,22.32277804943667,21.840496268987607,21.995515823364258,7476500
2014-01-08,22.02996827112611,22.340007444202147,21.96968324139329,22.25388526916504,6541100
2014-01-09,22.322776238531443,22.443346263201747,22.1419195588826,22.26249122619629,4103000
2014-01-10,22.228032601265415,22.262482104280537,21.883545784327776,22.09885025024414,4838600
2014-01-13,22.038570578599824,22.038570578599824,21.332372022872722,21.384044647216797,7913900
2014-01-14,21.5132287208945,22.0988573183166,21.49600396387779,22.038572311401367,6765200
2014-01-15,22.09025277948586,22.434739828859854,22.01274298804623,22.417516708374023,10043200
2014-01-16,22.60698277863411,23.115101761070143,22.469187967394884,23.080652236938477,13421800
2014-01-17,23.08925935129149,23.16676912026397,22.830894549812108,23.054811477661133,7120000
2014-01-21,23.183999166689755,23.34763112102773,23.072041498549282,23.080652236938477,9555100
2014-01-22,23.14954964255809,23.209836309788507,22.908409544211306,23.080652236938477,5316300
2014-01-23,22.88256736049511,22.88256736049511,22.365836110852744,22.512243270874023,8469600
2014-01-24,22.40028260094703,22.42611973486353,21.73714428087842,21.762981414794922,10304200
2014-01-27,21.80604007214504,21.96967195639962,21.272085817946138,21.375431060791016,10278500
2014-01-28,21.42710092029686,21.806037261384205,21.36681592930081,21.70269203186035,5881100
2014-01-29,21.418500901664146,21.69409050845308,21.19458393548723,21.23764419555664,6202400
2014-01-30,21.470177037607467,21.849113629954704,21.418504388583177,21.780216217041016,6331400
2014-01-31,21.263473440601896,21.582123189123788,21.108453933691564,21.375431060791016,9443700
2014-02-03,21.3323763619316,21.521843784826768,20.29030142939958,20.36781120300293,14899700
2014-02-04,20.479769627470223,20.9534389859665,20.428095352161144,20.78119468688965,9012800
2014-02-05,20.73802610557255,20.80709523440863,20.487649484330557,20.59988784790039,11444300
2014-02-06,20.668956878405435,21.117905390335153,20.59125390299227,21.10063934326172,5914500
2014-02-07,21.20423986948951,21.48915019894126,20.85889426511432,21.2387752532959,7695700
2014-02-10,21.18697907493138,21.42008638644275,21.126542138292574,21.37691879272461,3266000
2014-02-11,21.428713556009782,22.06760329500163,21.351010594143702,21.938098907470703,7612100
2014-02-12,21.938104180763588,22.2920836935789,21.938104180763588,22.076242446899414,6445800
2014-02-13,21.93810280890472,22.292082299584575,21.78269685753543,22.27481460571289,5433500
2014-02-14,22.25754752521705,22.25754752521705,21.955369483443686,21.972637176513672,6102200
2014-02-18,21.972633876075893,22.646057337274126,21.964000030837763,22.551088333129883,6721400
2014-02-19,22.438857014732687,22.585629136242765,22.024442194023564,22.067609786987305,8035200
2014-02-20,22.09350441593453,22.646057337274126,21.95536618559963,22.551088333129883,7570900
2014-02-21,22.61152293292315,22.83599796224901,22.473384706682243,22.6633243560791,7362400
2014-02-24,22.663328495104842,23.051843356573208,22.568357829693053,22.905071258544922,5814100
2014-02-25,22.982780433135634,22.982780433135634,22.61153316459795,22.671968460083008,5133100
2014-02-26,22.775565641147903,22.827368721489957,22.585625953440683,22.76693344116211,8543100
2014-02-27,22.689231894510257,22.86190389963097,22.51655824265156,22.810102462768555,5690500
2014-02-28,22.801472911223044,23.07774948885616,22.637433075726523,22.88780975341797,7215400
2014-03-03,22.55972933471787,22.5769970319322,22.257552867158253,22.326622009277344,8284200
2014-03-04,22.63743145165573,23.354024391008156,22.594263857024377,23.15545082092285,10699200
2014-03-05,23.189976720865573,23.293579564264768,23.01730311955025,23.250411987304688,7662800
2014-03-06,23.336745685456084,23.492149929894637,23.224507365501406,23.259042739868164,11975100
2014-03-07,23.440354537104145,23.57849277658547,23.12954432164002,23.310850143432617,9253300
2014-03-10,23.284951259441737,23.543961723038063,23.146813004218856,23.440357208251953,5516300
2014-03-11,23.492159057029053,23.526694444813444,23.120913518774422,23.18134880065918,5689200
2014-03-12,22.84463743503608,23.0518464871177,22.68923311608198,23.017311096191406,6222100
2014-03-13,23.138179444090294,23.371288370193664,22.646061697919563,22.749666213989258,6577900
2014-03-14,22.766930199962403,22.810097780697376,22.274810887200438,22.490652084350586,7036600
2014-03-17,22.68060232019313,23.017314193341203,22.68060232019313,22.88780975341797,4538600
2014-03-18,22.9482440990319,23.112283927738293,22.879174957482615,23.069114685058594,4233400
2014-03-19,23.09500890499447,23.958373723872764,22.94823681991565,23.811601638793945,18777800
2014-03-20,23.71663611489335,24.6059026636328,23.71663611489335,24.545467376708984,14527600
2014-03-21,24.908081971889647,25.149823131492372,24.26055818568838,24.631805419921875,17798700
2014-03-24,24.631804206630747,24.778576323476326,24.312358429941646,24.545467376708984,6557500
2014-03-25,24.59727920360861,24.666348367366908,23.811616848330942,24.02745819091797,10762300
2014-03-26,24.226021498885242,24.46776429230938,23.98428035219916,23.9929141998291,8123100
2014-03-27,23.923839890615724,24.1224150633433,23.3367531590031,23.448989868164062,7582400
2014-03-28,23.5266988292359,23.73390625434352,23.336759101238474,23.474897384643555,5685500
2014-03-31,23.682097156370112,23.73389858422171,23.440354415166496,23.595760345458984,7188700
2014-04-01,23.673465982974825,23.932474798208613,23.664832136235315,23.69936752319336,9193700
2014-04-02,23.751173055695343,24.139686345592793,23.57849938458214,24.0878849029541,9823700
2014-04-03,24.122418303109544,24.208755131533827,23.621666674334353,23.630300521850586,14085700
2014-04-04,23.828868494724105,23.846136185713156,22.309346269178533,22.490652084350586,13587300
2014-04-07,22.387052692393382,22.697864591289715,22.067606946667937,22.102142333984375,12530300
2014-04-08,22.145308982488924,22.361150203851853,21.938101607589054,22.16257667541504,10193600
2014-04-09,22.257556156181245,22.827377074551343,22.153951604323733,22.801475524902344,12945600
2014-04-10,22.766934336084656,22.818735771725038,21.670460460145883,21.704994201660156,12094900
2014-04-11,21.489156015092146,21.79133411823315,21.2301471533931,21.454622268676758,8651600
2014-04-14,21.91220114741136,22.10214248547787,21.497786377201017,21.84313201904297,8455200
2014-04-15,22.723769183295826,22.801472174085404,21.946740922138286,22.542463302612305,13435900
2014-04-16,22.974144482032603,23.198619592392774,22.57699570316826,23.172718048095703,10653100
2014-04-17,23.21588425282548,23.457627044920006,23.025944546225666,23.34539031982422,7389400
2014-04-21,23.3281257200263,23.47489785492683,23.00867990404106,23.457630157470703,6008500
2014-04-22,23.483534307632638,23.794344662615842,23.336762156457244,23.7080078125,6805600
2014-04-23,23.647570848950014,23.716639994839245,23.259057520849975,23.51806640625,4001600
2014-04-24,23.768440424601668,23.768440424601668,23.215885672697077,23.388559341430664,6326800
2014-04-25,23.25905177643613,23.37128849325954,23.077744284043938,23.18134880065918,6755800
2014-04-28,23.284951070679593,23.46625855840102,22.542458366560187,22.76693344116211,9036800
2014-04-29,22.939600713159123,23.069105093879195,22.680591951718984,22.94823455810547,5112100
2014-04-30,22.896442401831322,22.97414539105889,22.680601131029906,22.92234230041504,9235900
2014-05-01,22.91370082505764,23.207243319545608,22.80146248749271,22.94823455810547,5751100
2014-05-02,22.801470803340372,23.37129160371614,22.792836955245207,23.051847457885742,5334200
2014-05-05,22.775560952653677,23.000035981045986,22.559719769207714,22.94823455810547,3735100
2014-05-06,23.0518480710945,23.077747969330822,22.300719734215566,22.343887329101562,7181000
2014-05-07,22.326575365776435,22.715993049711578,21.893889783877167,22.681377410888672,8925000
2014-05-08,22.65542187470251,22.9150326156677,22.46503912413419,22.49965476989746,6160900
2014-05-09,22.44773173613385,22.828493915520188,22.30927246170886,22.811187744140625,6536800
2014-05-12,22.958300953320755,23.434254503329104,22.776572123846734,23.408292770385742,6635800
2014-05-13,23.3996416639244,23.451563481806897,22.923686439879535,22.940994262695312,8742800
2014-05-14,22.915026624878717,23.062139779782427,22.594840238100556,22.6727237701416,5590900
2014-05-15,22.335227467529474,22.352535285539926,21.469856373779475,21.63427734375,12237400
2014-05-16,21.625623434744774,21.67754523821175,21.253513600341975,21.63427734375,12080400
2014-05-19,21.28813272466366,21.703510521592552,21.28813272466366,21.642934799194336,6078000
2014-05-20,21.712156903651845,21.738118625919807,21.340047137298107,21.469852447509766,5275700
2014-05-21,21.61696914621713,21.954464989238094,21.59966132851055,21.86792755126953,5084600
2014-05-22,21.84196549156211,22.222729222477533,21.764081963634766,22.153499603271484,5105400
2014-05-23,22.144849810290694,22.25734734344718,22.02369836680454,22.1967716217041,4796500
2014-05-27,22.33523052510641,22.39580624587111,22.023698011093,22.041004180908203,6876100
2014-05-28,21.980436020556734,22.08428132798967,21.703517401489115,21.88524627685547,7848500
2014-05-29,21.945813968725652,22.118887216877017,21.83331478939093,22.110233306884766,3857100
2014-05-30,22.170817147151528,22.240046796728937,21.80736107422888,21.81601333618164,7301200
2014-06-02,21.919855942317113,22.04966131300363,21.69485919619689,21.954471588134766,9071200
2014-06-03,21.867932415714613,21.95446987293313,21.60832004405906,21.781394958496094,6711200
2014-06-04,21.74677089933807,21.88523176764189,21.573697702445426,21.807348251342773,4564800
2014-06-05,21.885239102659035,22.266001253776853,21.764086008608253,22.1967716217041,4797400
2014-06-06,22.283310849582456,22.57753722197164,22.188119478937498,22.473691940307617,4690500
2014-06-09,22.568886179419774,22.889074325561523,22.508310445152006,22.889074325561523,6536500
2014-06-10,22.845807418499742,22.871769157872077,22.5256208857334,22.594850540161133,4186500
2014-06-11,22.482343963782046,22.577535326435047,22.214079346972685,22.53426742553711,5134500
2014-06-12,22.46503206441654,22.603492953392955,22.136191785828892,22.153499603271484,7014000
2014-06-13,22.20542999780044,22.594847788128938,22.170816000085104,22.508310317993164,7587500
2014-06-16,22.40446117681953,22.465036900344092,21.357362754604274,22.39580726623535,7616200
2014-06-17,21.945809485062036,23.79770293037227,21.945809485062036,23.6246280670166,12430300
2014-06-18,23.581366633228935,23.59002054382265,23.22656455170993,23.494829177856445,7198700
2014-06-19,23.529444820231312,23.615982275603802,23.088105283339814,23.494829177856445,7114800
2014-06-20,23.66789905594843,23.79770438612351,23.572707710223348,23.754436492919922,8174400
2014-06-23,23.6938603912272,23.702514300440832,23.46021144471684,23.607324600219727,5760600
2014-06-24,23.503494794635483,23.667915876678553,23.122730791691446,23.166000366210938,5456500
2014-06-25,22.949644380496643,23.47751968460069,22.932336560541874,23.43425178527832,5966000
2014-06-26,23.34771749926261,23.34771749926261,22.90637793400977,23.235219955444336,4831300
2014-06-27,23.165989094286424,23.538099001268254,23.114065630127545,23.486175537109375,5245700
2014-06-30,23.52944003738234,23.598669657495037,23.235213739262303,23.304443359375,5192900
2014-07-01,23.425594489388384,23.806358220535333,23.347710961413682,23.641937255859375,7685700
2014-07-02,23.416945744553516,23.884247015450736,23.416945744553516,23.711172103881836,3824300
2014-07-03,23.99674270430243,24.394814310024827,23.970782624961867,24.316930770874023,4492300
2014-07-07,24.455395179712717,24.559238820074267,23.98809384639102,24.169822692871094,3764500
2014-07-08,23.996743612417944,24.03135925360141,23.295793384099,23.520790100097656,5754100
2014-07-09,23.58136852017206,23.66790598246914,23.174644593110038,23.442909240722656,6376200
2014-07-10,22.880416269838367,23.442907251185048,22.880416269838367,23.278486251831055,4685700
2014-07-11,23.14002679900893,23.486174965486526,23.088104986678456,23.451560974121094,4056300
2014-07-14,23.76309313955025,23.95347586615927,23.745786969411398,23.78905487060547,4464700
2014-07-15,23.892900111108972,24.048667196094897,23.460214497510126,23.737133026123047,7895400
2014-07-16,23.866936267633882,24.117894693579974,23.382328885453735,23.849628448486328,7933500
2014-07-17,23.641941781217735,23.71117141371728,23.16598826410393,23.460214614868164,7909300
2014-07-18,23.581363989545178,24.100587013005857,23.52078827274492,24.06597137451172,6637100
2014-07-21,23.996749334704855,24.135208631326606,23.78040647741275,24.014057159423828,4731500
2014-07-22,24.014051078478712,24.109242439763264,23.815016096306103,23.85828399658203,4331200
2014-07-23,23.858280718348663,23.910202521658405,23.68520749046139,23.840972900390625,3940200
2014-07-24,23.970784362917243,24.117897541916637,23.797709452130423,24.048667907714844,4470700
2014-07-25,23.88424213475598,24.057315360393048,23.6852071825194,23.797704696655273,4685600
2014-07-28,23.780403570876267,24.22174314387767,23.68521384768642,24.15251350402832,4774800
2014-07-29,24.143859322365664,24.541930984965454,24.02270786662715,24.16116714477539,5400400
2014-07-30,24.351546042446625,24.792885570685666,24.34289213202257,24.6630802154541,4867700
2014-07-31,24.420781136929584,24.593856082989273,23.98809542234537,24.014057159423828,5490000
2014-08-01,23.840972279327094,23.99673933576292,23.555399892716185,23.754436492919922,5843700
2014-08-04,24.05732121983156,24.06597513080583,23.572713759225945,23.96213150024414,4604600
2014-08-05,23.823666919629268,24.057315861635683,23.61597805419891,23.72847557067871,4865800
2014-08-06,23.57236857972386,24.1447659119931,23.50298713503014,23.89325714111328,4696700
2014-08-07,24.084060057943137,24.144768622091284,23.485643996426273,23.53767967224121,6257900
2014-08-08,23.65910273044145,24.040699960959742,23.40759388587818,24.006010055541992,5747000
2014-08-11,24.127422592677902,24.205476932674802,23.953969790383677,24.03202247619629,4602800
2014-08-12,24.014678868647525,24.118750221417958,23.849897296879295,23.93662452697754,3147000
2014-08-13,23.97131460101678,24.101406274203374,23.84989747050592,23.92795181274414,3269500
2014-08-14,24.092738183467663,24.153446760812418,23.867248000340958,23.962646484375,3233000
2014-08-15,24.058042713554066,24.08406137998192,23.42493671813579,23.650426864624023,6334100
2014-08-18,23.823879059012967,24.170787985629755,23.7891891588619,24.1621150970459,4561600
2014-08-19,24.214151299107552,24.214151299107552,23.997334042365612,24.136096954345703,4269700
2014-08-20,24.136094043152973,24.682472736399667,24.101404146434295,24.587074279785156,5746300
2014-08-21,24.60442412756696,24.795222726559658,24.413623874389792,24.65645980834961,4957300
2014-08-22,24.552383864177234,25.02938278604286,24.483002413347506,24.777873992919922,5517100
2014-08-25,24.951332769716306,25.289567194334765,24.942659880087046,25.081422805786133,4949600
2014-08-26,25.13345823714098,25.211512588836445,24.9946953128345,25.012041091918945,4279200
2014-08-27,25.055397946751782,25.064070834238336,24.62176349752903,24.691144943237305,3276100
2014-08-28,24.630437064229554,24.72583717502826,24.38760282464622,24.587074279785156,2352100
2014-08-29,24.66512914631629,24.873273493663504,24.604420585113047,24.72583770751953,2468300
2014-09-02,24.8559311082431,24.977348247211154,24.604423941211493,24.899293899536133,3151500
2014-09-03,25.029383214403907,25.098764666421054,24.318222917682085,24.439640045166016,5585100
2014-09-04,24.509021334552774,24.83858281590133,24.43096699477838,24.68247413635254,4464200
2014-09-05,24.578402960911514,24.855928769112335,24.35291282820227,24.83858299255371,4679500
2014-09-08,24.73451301194084,25.15080174730579,24.717167234421204,25.02938461303711,4706800
2014-09-09,24.916642367507297,25.09009685977295,24.691152189235805,24.873279571533203,4266100
2014-09-10,24.951326685012805,25.454342581551206,24.873272351568556,25.41965103149414,6956100
2014-09-11,25.246197804504817,25.47168791340001,25.116106148238423,25.35894203186035,6621700
2014-09-12,25.454340356560163,25.801247555886544,25.40230469020721,25.601776123046875,8168900
2014-09-15,25.523730908845568,25.567093703923643,25.22885927059779,25.37629508972168,6388000
2014-09-16,25.36761165953152,25.61044751194948,25.25486744666341,25.49770164489746,7376600
2014-09-17,25.61045234343972,26.338958383944593,25.480360679347676,26.1915225982666,9995000
2014-09-18,26.390997433081015,26.885340526479023,26.312943086314547,26.694541931152344,7916800
2014-09-19,26.807288936862168,26.850651732110354,26.269582997372417,26.338964462280273,10058800
2014-09-22,26.2782523472982,26.512415394877475,25.974709493974498,26.17418098449707,6066100
2014-09-23,26.104791955706432,26.443026268018684,25.922664642333984,25.922664642333984,6719800
2014-09-24,26.026738503143676,26.22620994252962,25.783902628553786,25.974702835083008,9530800
2014-09-25,25.827266216155024,25.974701982641736,25.436994583047845,25.601776123046875,5313200
2014-09-26,25.749216861526435,26.09612412783817,25.601781066570908,25.957361221313477,4263100
2014-09-29,25.567089514218107,25.90532554630147,25.445672384548576,25.792579650878906,4645700
2014-09-30,25.940012975738924,26.113467419479285,25.393634290069883,25.489032745361328,7935600
2014-10-01,25.32425577547468,25.43700001903062,24.881948381491785,24.96867561340332,11212600
2014-10-02,24.977347021925137,25.263545731299,24.786548433737355,25.194164276123047,11015700
2014-10-03,25.515047799550846,25.75788365560592,25.445666362704245,25.645137786865234,5938000
2014-10-06,25.827270244632548,25.97470603411595,25.489034225121053,25.757888793945312,6022900
2014-10-07,25.57576338723835,25.627799065645032,24.67380446005682,24.69982147216797,8954000
2014-10-08,24.751859400054656,24.951330883898,24.422296235789247,24.91663932800293,8288900
2014-10-09,24.803893431289463,24.9079647836894,23.51166283539737,23.529006958007812,17176500
2014-10-10,23.49431445466895,23.607058682970543,22.731116902129667,22.748462677001953,17444500
2014-10-13,22.76581312878756,22.94793883980931,21.777126916533533,21.82916259765625,18377600
2014-10-14,21.473585881798858,22.25412784155024,21.447567209939407,21.9245662689209,13542500
2014-10-15,20.996582258671378,22.11536009266159,20.250732023528958,21.959251403808594,22021300
2014-10-16,21.065970978484483,22.42758344290618,21.005260741175352,22.115365982055664,13858900
2014-10-17,22.496954036209765,22.66173392379701,22.21075538691442,22.410226821899414,9136500
2014-10-20,22.323507660449263,22.418907796023177,22.02863601793409,22.306161880493164,6906300
2014-10-21,22.540320663046334,23.034663718541623,22.366867859007872,22.973955154418945,7649000
2014-10-22,22.878559249619645,23.10404942515515,22.54032481340869,22.55767059326172,5940300
2014-10-23,23.01732271555479,23.164756874585976,22.79183255097872,23.008649826049805,7557100
2014-10-24,22.973954982164674,23.19944511448987,22.82651919003606,23.147409439086914,4143600
2014-10-27,23.052014990981572,23.15608802156392,22.731124663021976,22.904579162597656,5473800
2014-10-28,23.104044410019466,23.49431610107422,23.07802740007198,23.49431610107422,5014200
2014-10-29,23.57237634965101,24.153446760812418,23.4509591949615,23.962646484375,9166100
2014-10-30,23.858576547296646,24.153448215748845,23.806540857035895,24.066720962524414,6637600
2014-10-31,24.500342467872287,24.951322620037253,24.465650923467035,24.864595413208008,7908500
2014-11-03,24.933991252352076,25.020718509284183,24.56106520547341,24.665138244628906,6858100
2014-11-04,24.54371303834557,24.83858464269469,24.474331581686037,24.769203186035156,4765200
2014-11-05,24.951716127545154,25.056008254716915,24.76920697707848,25.012554168701172,6307200
2014-11-06,24.91695378827674,25.264591457747425,24.777898720488466,25.2385196685791,6503400
2014-11-07,25.177674373947376,25.2298212525983,24.70836406975587,24.838727951049805,7658900
2014-11-10,24.856119500987337,25.195066050117262,24.856119500987337,25.13422966003418,5282400
2014-11-11,25.18636683294565,25.342804161717588,25.056002944857962,25.07338523864746,4887500
2014-11-12,24.916953190265986,25.16898987295812,24.916953190265986,25.012554168701172,6000800
2014-11-13,25.125532597991647,25.168986678492168,24.864804799654696,25.021242141723633,5846500
2014-11-14,25.056002320026224,25.29934945401043,25.038620026670195,25.09076690673828,4826800
2014-11-17,24.9604083441422,25.0560093266674,24.717062799775782,24.81266212463379,4310100
2014-11-18,24.812654114195006,25.116837604118587,24.80396462555909,24.99516487121582,3837000
2014-11-19,24.977785119230678,24.977785119230678,24.56931114746148,24.786584854125977,4625800
2014-11-20,24.5519311669245,24.751822598054076,24.37811152214497,24.630149841308594,7059300
2014-11-21,24.98647497296293,25.003857266436313,24.55192758212879,24.578001022338867,7484200
2014-11-24,24.65622052881991,24.803966713064757,24.50847434457507,24.699674606323242,5129000
2014-11-25,24.76920107373573,24.81265514939489,24.612763749095983,24.656219482421875,4851500
2014-11-26,24.708367861192297,24.734439646851722,24.54323936879253,24.59538459777832,3595300
2014-11-28,24.58669448087437,24.717058378848915,24.508475810556266,24.61276626586914,1839200
2014-12-01,24.404183495382124,24.404183495382124,23.665452536091074,24.03916358947754,8977400
2014-12-02,24.212981147731522,24.586692169075558,24.126071338031345,24.578001022338867,4987900
2014-12-03,24.508480966161212,25.3080484749802,24.499789816779053,25.229829788208008,8952200
2014-12-04,25.15160221685606,25.325420170097868,24.97778260594759,25.212438583374023,4295600
2014-12-05,25.87295402813809,26.264045715218657,25.742590132444565,26.046772003173828,12591300
2014-12-08,26.020695571825836,26.394406555031846,25.82080253261493,26.116294860839844,8087600
2014-12-09,25.629605637983314,26.359645407863486,25.516624042541597,26.272735595703125,8390800
2014-12-10,26.107609410848074,26.29880967611654,25.603532819594527,25.65567970275879,7774700
2014-12-11,25.89033400267079,26.246662725877066,25.690440945676983,25.79473304748535,5774900
2014-12-12,25.386257795018206,25.61222263733368,24.969092697358903,24.986474990844727,7079100
2014-12-15,25.099452105790363,25.334108052989528,24.75181458642111,24.977779388427734,6543300
2014-12-16,24.76051184074306,24.934331472147207,24.421565382938518,24.438947677612305,7528900
2014-12-17,24.604074916439234,25.44709798791363,24.438948087270898,25.368879318237305,14658600
2014-12-18,25.916410652535916,26.203211914293007,25.69913691915427,26.081539154052734,8087100
2014-12-19,26.237969657084918,26.27273258336319,25.951168470206103,25.985931396484375,12989200
2014-12-22,26.0467717949327,26.19451798424864,25.977244273940894,26.124990463256836,3999500
2014-12-23,26.2553547873583,26.74204909992849,26.21190070765273,26.646448135375977,5372300
2014-12-24,26.794193053394906,26.81157534751759,26.533465272221914,26.65513801574707,2983300
2014-12-26,26.846345147084126,26.846345147084126,26.524780911872142,26.533472061157227,2027100
2014-12-29,26.411789801498337,26.811574261796913,26.377026872327487,26.55953598022461,3756200
2014-12-30,26.43786579411791,26.49870216929051,26.333573681202814,26.377029418945312,3809100
2014-12-31,26.49870003430216,26.655137362237273,26.229281112673227,26.237972259521484,2915800
2015-01-02,26.429170361952334,26.568225384851353,25.907713197247702,26.264041900634766,4537600
2015-01-05,26.04677330282181,26.07284674632824,25.316733461311262,25.386260986328125,5931400
2015-01-06,25.386264560035535,25.447102603448243,24.265132854104863,24.45633316040039,9825000
2015-01-07,24.734435033009134,24.943019225377885,24.525852498307014,24.934328079223633,7966100
2015-01-08,25.368871751741004,25.655672902457514,25.264579670723005,25.586145401000977,5590200
2015-01-09,25.58615172701259,25.603532363424183,24.6996746210162,24.72574806213379,6730300
2015-01-12,24.734431746436673,24.830032683763886,24.265121520132872,24.48239517211914,4961100
2015-01-13,24.812649763914987,25.168978411514022,24.247738614623813,24.49977684020996,5789000
2015-01-14,23.86534822671075,23.86534822671075,23.17876402942278,23.665456771850586,15089600
2015-01-15,23.682833544104774,23.856653168963085,22.16191762842832,23.17875862121582,13304700
2015-01-16,23.309117439953567,23.413409523712392,22.101076448773696,23.378644943237305,15235700
2015-01-20,23.465558987911617,23.55246879717797,22.822429051607383,23.2482852935791,8201300
2015-01-21,23.07446652946619,23.439486415767732,22.744211231225176,23.204832077026367,8217100
2015-01-22,23.630688974243903,24.160835695179006,22.76159414121348,24.030471801757812,11160400
2015-01-23,24.039165547233655,24.091310778704777,23.61330923194093,23.630691528320312,5152400
2015-01-26,23.500322791815115,23.830578066825332,23.361266107021326,23.778432846069336,4435400
2015-01-27,23.369957813080138,23.517703990149197,23.03101138354918,23.300430297851562,5730400
2015-01-28,23.448179920966357,23.46556221674476,22.544322090160048,22.561702728271484,8124900
2015-01-29,22.570385506552903,22.95278758353959,22.448712796557007,22.874568939208984,8446700
2015-01-30,22.535626508435495,22.96148272521825,22.42264326577206,22.57908058166504,9151100
2015-02-02,22.648613582500523,23.13530794049211,22.431339848361542,23.1179256439209,6327000
2015-02-03,23.2482907063025,24.030475856476453,23.2395995575857,24.004404067993164,10258100
2015-02-04,23.926182848235552,24.247747028298253,23.926182848235552,23.995710372924805,6594900
2015-02-05,24.169904234976606,24.58797785546975,24.126355522487408,24.31797218322754,5507300
2015-02-06,24.8231491118085,25.720267028645925,24.736050010739703,25.35445213317871,11868600
2015-02-09,25.075729370117188,25.345735013245168,24.98863029325363,25.075729370117188,5567700
2015-02-10,25.337028489667432,25.61574424566322,25.162830311531593,25.42412757873535,5198200
2015-02-11,25.310897040555663,25.42412634925139,25.145410606734004,25.302186965942383,4627400
2015-02-12,25.46767526463035,26.155756213087955,25.371866104395274,26.094785690307617,10618500
2015-02-13,26.09478973896839,26.295118165202826,25.26735245103633,25.371870040893555,9595500
2015-02-17,25.450255705602526,25.91187970684295,25.27605919173444,25.903169631958008,7038300
2015-02-18,25.69412747094752,25.929294460065957,25.1454061576144,25.33702278137207,8735100
2015-02-19,25.337029589907768,25.65929407379312,25.267350647883067,25.502517700195312,4848700
2015-02-20,25.397999578776194,25.86833370418324,25.101863646766663,25.824783325195312,4995500
2015-02-23,25.694136450983304,25.720266679332216,25.38929043202129,25.70284652709961,4635100
2015-02-24,25.75510389257392,26.303827028495377,25.694135024421996,25.972850799560547,7237100
2015-02-25,25.91187813261323,26.11220485896565,25.7463900424071,25.8857479095459,4332400
2015-02-26,25.8857537148819,26.15576109663445,25.76381596910797,26.016403198242188,3669400
2015-02-27,25.8770435689201,26.025111543222977,25.537358900162936,25.554779052734375,5146100
2015-03-02,25.554773240285364,26.32995157935065,25.52864301737154,26.277692794799805,6423300
2015-03-03,26.129627358218404,26.30382553845065,25.868331749147007,26.086078643798828,4927300
2015-03-04,25.903173867500232,26.181889664284753,25.76381596910797,26.016403198242188,5173100
2015-03-05,25.972853468773014,26.34737845308402,25.763816615936523,26.312538146972656,6136100
2015-03-06,26.678345497661972,27.636432047726206,26.617376640514777,27.035451889038086,13199300
2015-03-09,27.000616409773848,27.148684372665628,26.756739276400022,26.983196258544922,8000600
2015-03-10,26.59996758148043,26.957072438148238,26.390929052491,26.399639129638672,6677600
2015-03-11,26.45189712599848,27.00061864491709,26.417056820656505,26.72190284729004,5609000
2015-03-12,26.80028918972508,27.11384360002312,26.46060289175975,27.044164657592773,6592500
2015-03-13,26.565118133026314,26.774154928818223,26.216723473373126,26.42576026916504,9251800
2015-03-16,26.652215173421947,26.861251953215152,26.573826173339913,26.817703247070312,6866900
2015-03-17,26.721896533320493,27.11383990814445,26.695766310488175,26.91351318359375,7752800
2015-03-18,26.852548640774046,27.113844265986458,25.781234251615253,25.929302215576172,14735200
2015-03-19,25.894464036016473,26.0164034442205,25.1976745374672,25.62445831298828,12247200
2015-03-20,25.69413421340428,26.303826198233153,25.64187542253458,26.138338088989258,10170800
2015-03-23,26.17317482993,26.347373001891278,26.04252703159749,26.051237106323242,4924000
2015-03-24,25.964140520491533,26.11220848253337,25.868333011836498,25.94672203063965,5033900
2015-03-25,25.955438002181076,25.955438002181076,25.44155502319336,25.44155502319336,5568500
2015-03-26,25.66800381894458,26.190596708044314,25.284770473378174,25.938011169433594,7821400
2015-03-27,25.964137416402124,26.338662314513385,25.702841825814982,26.329952239990234,7319000
2015-03-30,26.408349312241867,26.669646643883407,26.38222074197186,26.44318962097168,4145200
2015-03-31,26.234141729513862,26.643505217421048,26.199301435423042,26.51285743713379,5342800
2015-04-01,26.44318375815679,26.512862698890288,25.877040495760482,26.06865882873535,8263400
2015-04-02,26.086079298119557,26.208017030574528,25.833492096574822,26.138338088989258,6892500
2015-04-06,25.737689232669766,26.19931337203271,25.363165868217664,26.103504180908203,6929800
2015-04-07,26.05123995250502,26.216728067820654,25.91188206422146,25.929302215576172,3625300
2015-04-08,25.92058805469489,26.29511294340902,25.850909121534826,26.277692794799805,4818900
2015-04-09,26.251562750634193,26.72189679862474,26.14704518082084,26.652217864990234,4718600
2015-04-10,26.626091433427053,26.774159396144714,26.59125279228722,26.739320755004883,6021500
2015-04-13,26.69576787060213,27.000613843020645,26.643509083160264,26.93093490600586,5967000
2015-04-14,26.7480235715492,26.774153792893376,26.242850921165427,26.521568298339844,6881600
2015-04-15,26.251561321994416,26.957062355586068,26.042524532466906,26.59124755859375,9128700
2015-04-16,26.469307401449278,26.678344184785573,26.356079766787538,26.582536697387695,4825600
2015-04-17,26.356085945424805,26.43447496521218,26.129628961736508,26.347375869750977,6221300
2015-04-20,26.46060334634397,26.56512259242361,26.199307723060464,26.234148025512695,5027600
2015-04-21,26.2341490131529,26.42576570002282,25.964141642814276,26.26898765563965,7020600
2015-04-22,26.2951156812916,26.695769173359324,26.112207424403778,26.53028106689453,6795800
2015-04-23,26.643503971738294,26.756731599686333,26.37349835026484,26.565114974975586,6804400
2015-04-24,26.55641251681055,26.55641251681055,26.16446908188529,26.234148025512695,5837700
2015-04-27,26.338665158644496,26.643511154765616,26.18188712285209,26.208017349243164,5787700
2015-04-28,26.234147261254478,26.582541969242005,26.190596884457907,26.556411743164062,5131300
2015-04-29,26.538990966704745,27.113842636649473,26.382214597764616,26.835126876831055,6808400
2015-04-30,26.80899203837919,27.087707732968127,26.486725978212874,26.565114974975586,6820600
2015-05-01,26.713192971884105,26.939649974478733,26.669644251156267,26.748031616210938,4239300
2015-05-04,26.78286731642544,27.479656695919235,26.65221951542997,27.331588745117188,7957100
2015-05-05,27.218361686991887,27.740954563637523,27.16610289771041,27.22707176208496,7959800
2015-05-06,27.65467407824687,27.65467407824687,26.88673017426739,27.069990158081055,8116000
2015-05-07,27.04381007457588,27.340515451143293,26.895457386292172,27.200889587402344,7309200
2015-05-08,27.323067165736166,27.392880111311335,27.061269035947277,27.29688835144043,5923000
2015-05-11,27.323061037962567,28.082278107234956,27.253248108044428,27.960105895996094,11008100
2015-05-12,27.820482873259714,27.942656768738807,27.515052295741505,27.724491119384766,7336800
2015-05-13,27.72449249059518,27.794305435262437,27.506326830451002,27.663406372070312,4858100
2015-05-14,27.89029848330634,27.916478962943895,27.427788327679977,27.7593994140625,6407900
2015-05-15,27.69830964120481,27.82048186779665,27.043812716796932,27.235797882080078,5259000
2015-05-18,27.26197661801571,27.846660566409362,27.244522968339087,27.803028106689453,6779500
2015-05-19,28.029925769580853,28.30045241250641,27.66340902330504,27.698314666748047,5494400
2015-05-20,27.689584193728333,27.864117381377778,27.453964889743137,27.628498077392578,5243300
2015-05-21,27.427785916316044,27.707037683344495,27.314338845665844,27.471418380737305,5961700
2015-05-22,27.45396610002279,27.759398359638062,27.41033363342285,27.41033363342285,5657300
2015-05-26,27.366701297015595,27.4626930568865,27.227075405865264,27.29688835144043,5143000
2015-05-27,27.45395765748742,27.794297117300285,27.279426180287015,27.715757369995117,4590700
2015-05-28,27.6546742660831,27.890291869055932,27.567407685792027,27.837932586669922,4823200
2015-05-29,27.837933770469505,27.881567894706354,27.209617361703685,27.619768142700195,6622800
2015-06-01,27.689581351253203,27.77684793611957,27.218344456129486,27.43651008605957,4921400
2015-06-02,27.357973342855217,27.794304650829073,27.139807688868288,27.602317810058594,4489100
2015-06-03,27.890293919192477,28.317900027603667,27.715762410252598,28.178274154663086,6740000
2015-06-04,27.933924453154415,28.24808347783281,27.837932712425022,28.152090072631836,7954700
2015-06-05,29.208021443988166,29.31274003520166,28.693150321184504,28.998580932617188,13552500
2015-06-08,28.937493206429437,29.216744986816824,28.80659247795993,28.81532096862793,5922600
2015-06-09,28.789142154511552,28.946218368153627,28.605880468865486,28.81532096862793,5549200
2015-06-10,28.963668579684352,29.29528127785297,28.867678496346578,29.17310905456543,7451100
2015-06-11,29.190557887505317,29.426177134508013,29.094564491066123,29.13819694519043,7436700
2015-06-12,29.094572562319417,29.260377265565545,28.989853977582065,29.11202621459961,5910000
2015-06-15,28.789134085660486,28.981117550278924,28.457521441039,28.84149169921875,5355900
2015-06-16,28.745499932160765,29.10329140384633,28.71932112389743,29.007301330566406,6033300
2015-06-17,29.12075160431761,29.3127384519594,28.780413704548128,28.85895347595215,7677700
2015-06-18,28.92876808561964,29.033486671177062,28.440075804778644,28.85895347595215,9954300
2015-06-19,28.666961487908004,28.815315842377426,28.440070705061096,28.5098819732666,7645400
2015-06-22,28.780405001004358,29.216736192642887,28.780405001004358,29.120742797851562,5668000
2015-06-23,29.260375933480486,29.47854158363514,29.129478540753873,29.21674346923828,6172300
2015-06-24,29.10329795190074,29.22547351881885,28.7716885428116,28.85895347595215,4026400
2015-06-25,29.016029357910156,29.251648642394965,28.85022467428458,29.016029357910156,5647500
2015-06-26,29.164386359904665,29.32146591504136,28.902588210991524,29.260379791259766,13570000
2015-06-29,28.85022271811413,28.858947878158233,28.064825156418134,28.152090072631836,11173600
2015-06-30,28.492433547973633,28.6495130730625,28.12591354645179,28.492433547973633,8009300
2015-07-01,28.937487559202594,29.07711342214793,28.728047100313006,28.90258026123047,7413900
2015-07-02,28.78913913118541,28.78913913118541,28.440072777886897,28.666963577270508,4716900
2015-07-06,28.33535149509016,28.588421081651738,28.082278579585434,28.361530303955078,5972000
2015-07-07,28.265535354614258,28.387707561230506,27.628492185155984,28.265535354614258,9808200
2015-07-08,27.960110927911195,28.029922205921565,27.445239852927944,27.515052795410156,12312700
2015-07-09,28.00374515407695,28.26554328873304,27.84666560749452,28.082284927368164,12130200
2015-07-10,28.536066180509028,29.129476983522054,28.317900542017284,28.649513244628906,7849100
2015-07-13,28.937490753511447,29.269103462965887,28.876404639788728,29.208017349243164,7938900
2015-07-14,29.14693198011099,29.54835597452756,28.963670305317674,29.469816207885742,6366100
2015-07-15,29.522178493616078,29.59198977325577,29.199290922333248,29.36509895324707,7054500
2015-07-16,29.548346157828,30.333740234375,29.443627613410232,30.333740234375,11587400
2015-07-17,30.3337517104327,30.482106089348203,30.080682076425397,30.359933853149414,7498000
2015-07-20,30.4821086436149,30.743906790113233,30.429747682737617,30.534469604492188,6952200
2015-07-21,30.543193282725525,30.90971000422517,30.25521300530962,30.482107162475586,6417800
2015-07-22,30.386099868567978,30.804977357226544,30.141755499086074,30.76134490966797,7356600
2015-07-23,30.74389714971472,31.00569521412074,30.351198388634195,30.508277893066406,6793000
2015-07-24,30.42974371825157,30.534465626362625,30.202852908564832,30.37738609313965,14035500
2015-07-27,30.063225396666734,30.08940420780328,29.53090071060079,29.740341186523438,7563200
2015-07-28,30.071959033883754,30.202859784350782,29.70544225888707,30.089412689208984,6562500
2015-07-29,30.159223289395413,30.534468506495635,30.010868903383173,30.3861141204834,6790200
2015-07-30,30.464655139715596,30.735181778828405,30.30757558525578,30.708999633789062,5121300
2015-07-31,30.569364395192842,30.604271691952995,29.9934073144225,30.438467025756836,9394100
2015-08-03,30.482099290797333,30.525731747001974,29.967228318119307,30.281387329101562,10479900
2015-08-04,30.229032540719324,30.87480434247185,30.22030737927864,30.726449966430664,7528500
2015-08-05,31.032400908713047,31.18100517159919,30.848829759985772,30.92750358581543,10247500
2015-08-06,31.041133788894218,31.224708229821076,30.429230101221354,30.68273162841797,6287900
2015-08-07,30.63903304996873,31.04114224993729,30.27189073729115,30.621549606323242,5219300
2015-08-10,30.944987085276782,31.111074791386958,30.892536756419254,30.962467193603516,6782500
2015-08-11,30.29810823146386,30.63028692565064,30.0883102839182,30.3680419921875,5121500
2015-08-12,30.00090620000416,30.00964959025819,28.855765504449103,29.59005355834961,10378900
2015-08-13,29.71243213097133,29.896003276509482,29.43270038372775,29.773622512817383,4253700
2015-08-14,29.729909921896795,30.009641647338867,29.668719544819748,30.009641647338867,3223000
2015-08-17,29.81732822723291,29.86977521830331,29.3627687417445,29.75613784790039,6397800
2015-08-18,29.68620437193379,29.799845078078658,29.345285588124796,29.65123748779297,5640800
2015-08-19,29.47640773964286,29.53759811543153,28.925691022919445,28.934431076049805,8725500
2015-08-20,28.576034075116613,28.62848440732057,28.130217922573927,28.138957977294922,10267400
2015-08-21,27.806778304393166,27.972867673049493,27.028783455776587,27.037525177001953,11616700
2015-08-24,24.860886225375307,26.871435391242507,24.065407946655544,25.831193923950195,14441200
2015-08-25,26.73156833818252,26.73156833818252,25.149353670536147,25.17557716369629,14719500
2015-08-26,26.110928476593877,26.137151977049122,25.289224893629786,25.99728775024414,21359100
2015-08-27,26.355684250134857,26.85395065708457,26.014765480603522,26.539257049560547,17298000
2015-08-28,26.399397360763203,26.958854240602385,26.22456625215695,26.83647346496582,11173500
2015-08-31,26.731563212739303,26.82772044872324,26.48680009719487,26.556732177734375,7884800
2015-09-01,25.787483137766174,25.90112216034897,25.271733341625843,25.429080963134766,12905000
2015-09-02,25.892387785003933,25.962319891306382,25.27173888267088,25.7000732421875,10986100
2015-09-03,25.84868111762917,26.469330066570528,25.656368227683725,26.0147705078125,10587600
2015-09-04,25.735038000649766,25.953576023185448,25.2018046921226,25.43782615661621,7258000
2015-09-08,26.06722072691927,27.229843192809135,26.06722072691927,27.18613624572754,14208300
2015-09-09,27.50957781147463,27.850498410788536,26.661650510234473,26.731582641601562,8807900
2015-09-10,26.731574325544248,27.037527930337223,26.548003163056265,26.74905776977539,10879000
2015-09-11,26.722830893589162,26.722830893589162,26.250789600742543,26.65289878845215,6891400
2015-09-14,26.60919002348587,26.69660556574159,26.198337475077825,26.425617218017578,7141600
2015-09-15,26.582969630744866,27.098719588557294,26.41688023738669,26.94137191772461,9955300
2015-09-16,26.958856111705895,27.291033240337207,26.66164420683482,27.19487762451172,9795900
2015-09-17,27.194877623881855,27.728109374233266,25.90113099852054,26.032255172729492,19452600
2015-09-18,25.39412080094345,25.446571133528337,24.869630813598633,24.869630813598633,24464200
2015-09-21,25.2367732764109,25.603917245700337,25.088167344381535,25.394119262695312,9777600
2015-09-22,24.94830711578875,25.070687902646817,24.46752235669331,24.764734268188477,11576600
2015-09-23,24.764734347060955,25.131878376117637,24.677318784464,24.895856857299805,6852800
2015-09-24,24.546201477808374,24.65110050862505,24.04793483288461,24.371370315551758,13876900
2015-09-25,24.930816492352065,25.743778153432867,24.668569880896456,24.843400955200195,18246400
2015-09-28,24.5199643260968,24.6161215850997,23.689520879305437,23.84686851501465,9989600
2015-09-29,23.90806101149251,24.301428468330148,23.715746476435438,24.109115600585938,13568300
2015-09-30,24.519971911598404,24.992014964757338,24.458781515962222,24.965789794921875,11409500
2015-10-01,24.930819197220004,25.035716519332922,24.336395480870557,24.957042694091797,10716100
2015-10-02,23.60210676328539,24.196530459649296,23.077615168416486,24.126598358154297,30332600
2015-10-05,24.397590762329905,24.825925192811273,24.29269341915372,24.799701690673828,8283600
2015-10-06,24.624864396004323,24.68605477542,24.12659797240491,24.179046630859375,13204000
2015-10-07,24.362622862754524,24.59864269264962,24.021702366571787,24.589900970458984,12248900
2015-10-08,24.432557132153793,24.904598500972888,24.310174677982552,24.764734268188477,9136300
2015-10-09,24.773468541520053,25.026971761968387,24.554930535096844,24.668569564819336,8358700
2015-10-12,24.607384303854946,24.825922355696132,24.46752008406163,24.817180633544922,5291500
2015-10-13,24.581158712194792,24.948302674726655,24.528708383752473,24.554933547973633,5356000
2015-10-14,24.458786023559973,24.511236372897162,24.047934957633228,24.28395652770996,11201100
2015-10-15,24.318919648396857,25.026982629833984,24.24024579853569,25.00075912475586,7432500
2015-10-16,25.254261351808665,25.254261351808665,24.782219940580774,25.070690155029297,9047800
2015-10-19,24.75599004470196,25.0881688144975,24.659832769132777,24.91333770751953,7015200
2015-10-20,24.965779770330467,25.70006755775012,24.904589399264257,25.656360626220703,9334600
2015-10-21,25.770002600317085,25.892385023779923,25.184320647250207,25.228029251098633,7016000
2015-10-22,25.315444137806907,25.883644339398053,25.219288540115784,25.7437801361084,7644900
2015-10-23,26.145890992047175,26.652899178539233,26.032251944778665,26.60045051574707,11372900
2015-10-26,26.547999266619133,26.670380023649354,26.29449436441337,26.617931365966797,6334800
2015-10-27,26.329458631916182,26.495546309295623,25.88364091762445,26.09343719482422,8956100
2015-10-28,26.102186032006994,27.14242598168143,26.023512198191206,27.0462703704834,25173700
2015-10-29,27.046266169864293,27.34347801427148,26.72282916248725,27.09871482849121,9489300
2015-10-30,27.011294201283807,27.142416656824935,26.644150325381162,26.67911720275879,6254200
2015-11-02,26.801504584065018,27.518309074904515,26.635415209966414,27.42215347290039,7031100
2015-11-03,27.325999217995925,27.736850170495835,27.238583660547647,27.527053833007812,7132800
2015-11-04,27.605876078068707,27.78979767128785,27.492018421841365,27.535810470581055,7214600
2015-11-05,27.64090932971364,27.85110616193438,27.579602129127917,27.649667739868164,8704500
2015-11-06,28.481697824034534,29.92680039349052,28.481697824034534,29.348758697509766,27112100
2015-11-09,29.418824268928482,29.672813132666846,29.23490268111447,29.33124351501465,17265800
2015-11-10,29.147322609015042,29.30497066061123,28.796996204017344,29.191116333007812,9354800
2015-11-11,29.1823560825706,29.576476209275384,29.1823560825706,29.36627769470215,6995200
2015-11-12,28.98091578660205,29.129803746570687,28.613069244987592,28.718170166015625,7987900
2015-11-13,28.56927761686898,28.823266486768926,28.18391761291132,28.297775268554688,8309700
2015-11-16,28.25398247148111,28.543004989624023,27.938688064363564,28.543004989624023,7966700
2015-11-17,28.71817043552365,29.112290540597854,28.280259950106057,28.735687255859375,7766000
2015-11-18,28.788231183129767,29.357516087433112,28.700650432156095,29.252418518066406,8036400
2015-11-19,29.21738860771869,29.392553472998365,28.85830213734171,28.93712615966797,7106000
2015-11-20,29.12105084725982,29.278698908599555,29.042226816589952,29.199874877929688,9207300
2015-11-23,29.269936478827177,29.383794145326046,29.086014869015774,29.156082153320312,5874500
2015-11-24,28.82326756165916,29.40130925964809,28.718169982295304,29.340002059936523,9006800
2015-11-25,29.488880432949397,29.611498133504785,29.27868534255018,29.506397247314453,11356600
2015-11-27,29.506413407668155,29.59399752746234,29.278701378188387,29.550207138061523,2004100
2015-11-30,29.7166074747602,29.734124296078583,29.304970526258245,29.52392578125,6710400
2015-12-01,29.707848933302355,29.918047459025104,29.30497204507533,29.795433044433594,6548600
2015-12-02,29.891773129230803,29.97059715673037,29.32248811495702,29.4188289642334,7199500
2015-12-03,29.593991071236868,29.646538190657143,28.85830133042658,28.88457489013672,9018400
2015-12-04,29.182353152335505,30.23333893768684,29.050978676294697,30.224578857421875,14250300
2015-12-07,30.119477089802988,30.1983010962601,29.672809947206847,29.84797477722168,6641300
2015-12-08,29.541431072653797,29.865483788087207,29.427573449018535,29.655288696289062,6117900
2015-12-09,29.4888883067336,29.86549156366176,28.761958691936382,28.875816345214844,9684800
2015-12-10,28.910847471041023,29.471375673484044,28.796993155490526,29.129802703857422,4641300
2015-12-11,28.578039493097126,28.726927455917963,27.737250484221196,27.824832916259766,10214500
2015-12-14,28.070059150986214,28.56052005729212,27.693457567549036,28.245223999023438,11846900
2015-12-15,28.630582562613686,29.156077080491574,28.630582562613686,29.059736251831055,10841700
2015-12-16,29.44509360774551,29.77790643871454,28.744437653856334,29.611501693725586,15136400
2015-12-17,29.80419258989278,29.87425988539173,28.97216517229422,29.08601951599121,7335300
2015-12-18,28.80575293270941,28.928367341459207,27.938690319772903,27.94744873046875,14251000
2015-12-21,28.227704729369364,28.376596006621202,27.912410368970576,28.210187911987305,6950100
2015-12-22,28.50797101098029,28.893334363925877,28.166401377954344,28.814510345458984,5330900
2015-12-23,29.024707191679884,29.050980752368954,28.674380798855154,28.95464324951172,6389800
2015-12-24,28.902084798471446,29.12979672381729,28.805743981251307,28.94587516784668,1464400
2015-12-28,28.823272988886394,28.998437881469727,28.55176723833261,28.998437881469727,3902000
2015-12-29,29.24365822998646,29.445096628583666,29.15607747963688,29.392549514770508,4152800
2015-12-30,29.269932104342907,29.53268104022425,29.10352734047736,29.121044158935547,3142100
2015-12-31,28.88457254181468,29.31372624781032,28.639343761812345,28.840782165527344,6026400
2016-01-04,27.982479264203644,28.096336920103248,27.562083949991976,28.008752822875977,9605700
2016-01-05,28.043787257455822,28.227708855363975,27.64966716122993,27.921171188354492,5948200
2016-01-06,27.36940090360871,27.483256876349632,26.738810508168005,26.966524124145508,8809000
2016-01-07,26.21332132529699,26.458550122408987,25.372532343852725,25.556455612182617,15041400
2016-01-08,25.84547835105746,26.116982397947016,25.33750222921763,25.3988094329834,15311800
2016-01-11,25.58272434012985,25.7316139404702,24.733178779655855,25.17108917236328,15918100
2016-01-12,25.433839888277998,25.766651097228408,25.232399810509683,25.6090030670166,10914400
2016-01-13,25.495151839416543,25.801687877004543,24.05004573994801,24.269001007080078,12194000
2016-01-14,24.417881916785248,24.864550702338672,23.56833638573002,24.628080368041992,10839900
2016-01-15,23.629643035013583,24.102587033864147,23.235524706466926,23.664676666259766,19308000
2016-01-19,24.566779186286208,24.601812829271523,22.972785181367286,23.218015670776367,14403600
2016-01-20,22.675006170975468,22.675006170975468,21.34375946093054,22.13199806213379,28589700
2016-01-21,22.149510898777123,22.315915663533758,21.343755620838905,21.35251235961914,27541800
2016-01-22,21.991861391297082,22.68375897253275,21.70284058664245,22.622451782226562,20091700
2016-01-25,22.526115399518364,22.727555498030235,22.000624138693603,22.044414520263672,15281700
2016-01-26,22.237099489198712,22.54363723993111,22.018144191603618,22.289649963378906,11637600
2016-01-27,22.210819904337463,22.788861599722,21.886765416684483,22.114479064941406,10322900
2016-01-28,22.35971066901335,22.50860030541791,21.588987255685282,21.737876892089844,12099100
2016-01-29,22.009375325164818,22.447285712355086,21.650288941308443,22.359704971313477,13883700
2016-02-01,22.272123673637882,22.324672454989997,21.869245228616602,22.140750885009766,9459900
2016-02-02,21.764150376533916,21.78166719599814,20.914603007973447,21.116043090820312,10292000
2016-02-03,21.308721983734923,21.52767720414753,20.07381467424749,21.35251235961914,23511300
2016-02-04,21.29120205793618,22.044408440790935,21.282443649938386,21.869243621826172,13920100
2016-02-05,21.84297907912653,22.30716320102882,21.2474204535575,21.335002899169922,10810100
2016-02-08,20.80074932705575,20.862056531477183,20.2664979676758,20.67813491821289,18211900
2016-02-09,20.04753611325745,20.87956648068785,20.012504152473745,20.4416561126709,17332400
2016-02-10,20.72264893127779,21.170469080733714,19.91481680036149,19.9323787689209,17127300
2016-02-11,19.221129069437335,19.668949101328977,18.887460128412755,19.510894775390625,22320900
2016-02-12,20.020186367263133,20.213364682477398,19.475778710281237,20.037748336791992,10328800
2016-02-16,20.678744708014687,20.871923019087077,20.23970552801606,20.705087661743164,9910600
2016-02-17,21.065089978905274,21.63584031576349,21.04752801782021,21.49534797668457,12636300
2016-02-18,21.512915537138902,21.591942707790043,20.933384068898036,21.21436882019043,9019000
2016-02-19,21.03875297011314,21.66218936603286,21.02997366189567,21.46023178100586,9175500
2016-02-22,21.460234132356298,22.03976567668036,21.363644983368474,21.54804229736328,11227000
2016-02-23,21.469016726982684,21.512919975379155,21.038756853649716,21.188030242919922,10435200
2016-02-24,20.766549506604154,20.924603853704774,20.19579900025292,20.792892456054688,12107400
2016-02-25,20.845571158802738,21.161679769276514,20.696297834390215,21.15289878845215,8114900
2016-02-26,21.45144619410805,22.575384982467117,21.416322269571378,22.355865478515625,16588200
2016-02-29,22.2592816916585,22.44367730135972,21.96073498326504,21.99585723876953,12968300
2016-03-01,22.276844942157442,23.29541553257555,22.18903678612803,23.172483444213867,15668600
2016-03-02,23.190039326163507,23.514928915792826,23.102231193171733,23.47980499267578,10198400
2016-03-03,23.330541552003936,23.866169882828764,23.075899700740713,23.804704666137695,9577900
2016-03-04,24.103243376911102,24.436912302244806,23.655423366078328,23.839818954467773,10308200
2016-03-07,23.637866081331186,24.226178563984725,23.348100331654148,24.173494338989258,8390500
2016-03-08,23.7959183728928,23.971532999288353,23.146140738146798,23.418344497680664,11285800
2016-03-09,23.6378645922174,23.73445372762536,23.11101735104857,23.31297492980957,6938100
2016-03-10,23.56762417608556,23.60274644086994,22.81247622300272,23.39200782775879,14320400
2016-03-11,23.72567574741578,24.814492623729567,23.664210535214416,24.761808395385742,12871000
2016-03-14,24.586194002292928,24.691564142072583,24.15593580822899,24.445701599121094,6567000
2016-03-15,24.129594309837525,24.357894897460938,23.962760617760217,24.357894897460938,7197200
2016-03-16,24.296419791527537,24.761801762508068,23.488587915841148,23.637861251831055,16389400
2016-03-17,23.409569321526778,24.515948273963723,23.400788336808837,24.296428680419922,9637200
2016-03-18,24.463255575198996,24.93741686227813,24.401790378244385,24.911075592041016,12710000
2016-03-21,24.88474218835638,25.49939774317685,24.445702984856517,24.83205795288086,7728600
2016-03-22,24.51593946204631,25.130594772960183,24.41056935810642,24.946197509765625,7022100
2016-03-23,24.96376839807188,25.086698834285023,24.49838625771964,24.612537384033203,7297600
2016-03-24,24.20861725804648,24.682780320349682,24.059343887484516,24.665218353271484,6642600
2016-03-28,24.691561303888783,24.779367789677053,24.313987385714313,24.665218353271484,6378200
2016-03-29,24.410577640625956,24.6652211679141,24.199839036043468,24.603755950927734,8661700
2016-03-30,24.80570837553548,25.069131157390597,24.445696458759592,24.735462188720703,6563000
2016-03-31,24.717905400359335,24.87595977249659,24.54229073394137,24.603755950927734,7809700
2016-04-01,24.357891276797677,24.981327726253145,24.155933674428166,24.91986083984375,6896200
2016-04-04,24.89352037857786,25.042793758000784,24.515946437990383,24.577411651611328,4988800
2016-04-05,24.261298552626222,24.322765429971962,23.813480169858238,24.050559997558594,6736200
2016-04-06,24.050557718212573,24.533501659923473,24.03299742972205,24.436912536621094,6903900
2016-04-07,24.09446657032077,24.173493743267112,23.067114996819594,23.172483444213867,9809300
2016-04-08,23.514931144188157,23.75201094849176,23.251506720249385,23.365657806396484,6727700
2016-04-11,23.62030634609237,24.09446944024869,23.585184084377904,23.74323844909668,7367300
2016-04-12,23.874944271993087,24.21739419884413,23.725670926350134,24.10324478149414,8029700
2016-04-13,24.489603445983576,25.174505128363432,24.41057626437046,25.13060188293457,8264500
2016-04-14,25.034008157022438,25.446704282937997,24.928638042532743,25.235965728759766,8126800
2016-04-15,25.552073237794342,25.622319419332428,24.954979857320083,25.05156898498535,12251100
2016-04-18,24.963762869113037,25.367678027098243,24.82327049461373,25.332555770874023,5555500
2016-04-19,25.350114354426786,25.37645562438046,24.8144862013556,25.262306213378906,8969200
2016-04-20,25.332556340131664,25.65744433541154,25.104255807739758,25.54329490661621,7800100
2016-04-21,25.595978790015227,25.86818255876359,25.464267397059647,25.57841682434082,7311500
2016-04-22,25.69256431102757,26.29843864312754,25.675002347824442,26.096479415893555,7697200
2016-04-25,26.052576166374497,26.219411467097768,25.815494687683692,26.017452239990234,5088000
2016-04-26,26.052580337240222,26.23697595587529,25.929649924816843,26.21941566467285,6089100
2016-04-27,26.105264222898693,26.54430331850668,25.964771846288237,26.25453758239746,7916800
2016-04-28,25.920869821229804,26.193073604317146,25.402803530153093,25.446706771850586,7304200
2016-04-29,25.27986810990778,25.323771342915492,24.682774762117386,24.946197509765625,9875900
2016-05-02,24.97254518066642,25.3149951523802,24.603752259281844,25.27987289428711,7043900
2016-05-03,24.849613984347993,24.849613984347993,24.305206403309317,24.586191177368164,6998600
2016-05-04,24.29642712386041,24.63887713191305,24.050564591914057,24.18227767944336,6614200
2016-05-05,24.234961909574192,24.366673322302017,23.96275809996316,24.18227767944336,6359800
2016-05-06,23.910062363158623,24.270074191484344,23.66420160711225,23.980308532714844,6859800
2016-05-09,23.971537429420167,24.261303207584973,23.848607000744636,23.9451961517334,4000100
2016-05-10,24.076902561437684,24.638872032665624,23.989094412858034,24.594968795776367,5397500
2016-05-11,24.550960979852864,24.83264976411688,24.454131509635605,24.462934494018555,5717900
2016-05-12,24.656589901783594,24.876659427848427,24.322083281926595,24.594970703125,5654000
2016-05-13,24.524553966561047,24.964693116404582,24.14603402905599,24.23406219482422,6614100
2016-05-16,24.23404887227491,24.559750723867474,24.137217775262517,24.374893188476562,6188700
2016-05-17,24.374904196492363,24.744621113239717,24.225256833070876,24.577367782592773,8666900
2016-05-18,24.647786629102296,25.888978607176597,24.5597584839132,25.78334617614746,14323800
2016-05-19,25.545669148653612,25.985808169082528,25.12313609200116,25.49285125732422,8894500
2016-05-20,25.695314796827375,26.03862267295759,25.59848368140726,25.91538429260254,8608500
2016-05-23,25.809755923615164,25.977009247640584,25.598489362266026,25.774545669555664,6265200
2016-05-24,25.977002738657312,26.654817169187805,25.924186531303377,26.601999282836914,7607200
2016-05-25,26.75165400614488,27.20059609038687,26.71644375116375,26.971723556518555,7709700
2016-05-26,26.945313090359864,27.006932288519252,26.399539931381874,26.54038429260254,6267000
2016-05-27,26.637213488457917,26.971718402344656,26.50517211926571,26.962915420532227,5581500
2016-05-31,27.27982109155424,27.350243280071748,26.8836969107673,26.918907165527344,7562400
2016-06-01,26.918908629774283,27.253413623678398,26.34672810707126,27.12137222290039,7820900
2016-06-02,26.971719365483235,27.209394845914677,26.936509115973298,27.147775650024414,7579400
2016-06-03,26.399540003465667,26.434751933365593,25.466445688081656,25.721725463867188,13893200
2016-06-06,25.783344229425154,26.337918647949095,25.712920375393324,26.232284545898438,8125400
2016-06-07,26.32911839259155,26.32911839259155,25.862570385301883,25.968204498291016,6490000
2016-06-08,25.906580744306993,26.12665023526577,25.85376453659604,25.92418670654297,4479100
2016-06-09,25.68651160539782,25.730524832594014,25.21116069249333,25.60728645324707,8899500
2016-06-10,25.13194318343339,25.23757731142535,24.85905739803395,25.043916702270508,10613900
2016-06-13,24.87666072811939,25.167152450548706,24.70060442646639,24.771026611328125,6301400
2016-06-14,24.603782617473794,25.04392182938568,24.427726261109896,24.630189895629883,11708600
2016-06-15,24.823842570487148,25.440036220153434,24.735814426535622,25.05271339416504,14057600
2016-06-16,24.727004885832223,25.123130589050028,24.42771028317805,25.096721649169922,11362400
2016-06-17,25.13194335961269,25.475253018745104,24.885466524232772,24.982295989990234,10044700
2016-06-20,25.501649822024998,25.783340156664984,25.175947943561404,25.219961166381836,9790200
2016-06-21,25.325605649122647,25.36081590603513,24.929479765122753,24.982295989990234,9976400
2016-06-22,24.98229086186748,25.219966343479694,24.911868683500586,24.947080612182617,6112100
2016-06-23,25.404836486348426,26.144270515235757,25.27279337626306,26.135467529296875,12661700
2016-06-24,24.066801259706534,24.44532107786751,23.019269943237305,23.019269943237305,26534700
2016-06-27,22.359064455844305,22.394276387419144,21.144281359466568,21.17068862915039,29904300
2016-06-28,21.646039762439603,21.857306316175407,21.417167242809818,21.619630813598633,25247400
2016-06-29,22.09497963616584,22.359062382499644,21.892516085376776,22.271034240722656,26042700
2016-06-30,22.323847741694387,22.43828312819501,21.848496877006813,22.27983283996582,18897600
2016-07-01,22.183011642005678,22.508713640618318,21.94533612150622,22.10378646850586,10774900
2016-07-05,21.804488005585096,21.830895272895255,21.29392679662375,21.425968170166016,10403500
2016-07-06,21.232310754426642,21.822097210910645,20.97702927253178,21.716463088989258,12349500
2016-07-07,21.848499884076727,22.31504783263088,21.79568367373003,22.235822677612305,16159200
2016-07-08,22.790399568577623,22.984061825958893,22.54392277408835,22.649555206298828,15380400
2016-07-11,22.878426771595873,23.098496288458854,22.649554272578712,22.69356918334961,11568100
2016-07-12,23.19532998316022,23.688285285432688,23.19532998316022,23.556243896484375,12062800
2016-07-13,23.459411466178068,23.591452847838152,23.036878373266898,23.265750885009766,6926600
2016-07-14,23.87314262445347,24.058000218092175,23.573847938469378,23.697086334228516,7718200
2016-07-15,23.961170246504466,24.075607344370532,23.60905932806523,23.79391860961914,8349400
2016-07-18,24.295672589965214,24.30447557124709,23.600252179670168,23.855533599853516,9533700
2016-07-19,23.855537546658795,24.234057409419005,23.644270997931596,24.19004249572754,8148000
2016-07-20,24.357298229266906,24.59497374981823,23.934765089840628,24.577367782592773,9585400
2016-07-21,24.63018575179844,24.638988736035387,24.418919167104384,24.524553298950195,11216100
2016-07-22,24.647785945940676,24.823842231439123,24.52454755349007,24.806236267089844,6419500
2016-07-25,24.80623721222746,25.00870077296668,24.66539285006129,24.876659393310547,7094800
2016-07-26,24.727006019006307,25.255173087835644,24.67418981582242,25.219961166381836,9072400
2016-07-27,25.263980069309806,25.554471751322207,25.096726773909605,25.272781372070312,10091400
2016-07-28,25.175951930730907,25.35200652889161,24.9734883872974,25.272781372070312,4669900
2016-07-29,25.087929744873662,25.21116816072718,24.73581878600827,25.017507553100586,6984600
2016-08-01,25.13193820077178,25.2287693256502,24.876658433815724,24.947080612182617,8122600
2016-08-02,24.92067130448123,25.24637492408074,24.392504134885957,24.586166381835938,9156800
2016-08-03,24.533351255697966,25.140741932599948,24.533351255697966,24.9910945892334,9956000
2016-08-04,24.92947520110949,25.096728508066715,24.72701164368597,25.07912254333496,4772800
2016-08-05,25.52806651057804,26.355528446902238,25.52806651057804,26.346725463867188,13442700
2016-08-08,26.40834253748565,26.584398826001102,26.320314393227925,26.461158752441406,9275900
2016-08-09,26.469958124664263,26.6284084269185,26.329113784659825,26.487564086914062,6036200
2016-08-10,26.4699254153113,26.540511815768962,26.02875999172278,26.08169937133789,10265200
2016-08-11,26.21404363635759,26.469920340783023,26.09934138869557,26.399333953857422,5727900
2016-08-12,26.055226793628886,26.249338946375506,25.790526567615537,26.205223083496094,6475400
2016-08-15,26.34639797166113,26.708153461528568,26.31992744206872,26.65521240234375,5774900
2016-08-16,26.575795678350012,26.840494157952875,26.452268262678373,26.593441009521484,5060600
2016-08-17,26.54050983265254,26.69932964254334,26.46109992770714,26.566980361938477,6933600
2016-08-18,26.540504891695104,26.77873456218088,26.443447985294508,26.637561798095703,3517700
2016-08-19,26.60226418103382,26.999313578342097,26.514030794641776,26.86696434020996,6290100
2016-08-22,26.72580296733631,26.80521119767537,26.549336119463202,26.628746032714844,4291500
2016-08-23,26.840499877929688,26.937556793160077,26.708150609923315,26.840499877929688,5820900
2016-08-24,26.866976883864563,26.91109275620147,26.664039495541886,26.672863006591797,6628200
2016-08-25,26.66403394137146,26.902263641357422,26.60227105980006,26.902263641357422,5667500
2016-08-26,26.999314245732442,27.387540145706797,26.88461033571388,27.308130264282227,10696900
2016-08-29,27.369893465830508,27.71400183426688,27.343422944061583,27.3963623046875,7450500
2016-08-30,27.493424826254607,27.916943163730053,27.493424826254607,27.890474319458008,7895800
2016-08-31,27.925766704359457,28.119880538106006,27.493424857333842,27.75812339782715,9889300
2016-09-01,27.916940433767735,28.10223074011411,27.02578630065448,27.33460235595703,8278300
2016-09-02,27.458131538848583,27.678714209143948,27.0787290766746,27.59048080444336,6039300
2016-09-06,27.63460625519463,27.766955566717723,26.831685191320016,27.114030838012695,8764800
2016-09-07,26.928735998520022,27.22872860045875,26.875794939651477,27.14931869506836,6639600
2016-09-08,27.193434295012498,27.46695636483941,27.131671409849556,27.281667709350586,6000500
2016-09-09,27.281661898818005,27.63459379808943,27.034608727871984,27.043432235717773,6911100
2016-09-12,26.822854209830332,27.343429482041724,26.549332151131708,27.237550735473633,12056500
2016-09-13,26.87579391086408,27.07873126293368,26.602271848829858,26.8581485748291,8564500
2016-09-14,26.82285572393748,26.93755966925882,26.522863120206566,26.65521240234375,7300900
2016-09-15,26.70814919472746,27.37872069106178,26.619915793094393,27.29048728942871,9050200
2016-09-16,27.069904573844962,27.096373416244592,26.831674894775368,26.93755531311035,7553400
2016-09-19,27.105191739366905,27.66106088418964,26.999313024199036,27.25518798828125,6921700
2016-09-20,27.475778444979635,27.5022489727775,27.09637596110512,27.131669998168945,4335100
2016-09-21,27.334613503203308,27.608137320168492,27.078738392744697,27.466962814331055,9268000
2016-09-22,27.705183396224626,27.90811905151504,27.52871826754645,27.564010620117188,6949800
2016-09-23,27.484605049653112,27.57283846933749,27.01697078627715,27.061086654663086,5727500
2016-09-26,26.84932080102924,27.13166632769378,26.76991091129083,26.875789642333984,7806500
2016-09-27,26.716982903443412,27.13167786165919,26.346403821431068,27.114030838012695,6376700
2016-09-28,27.352255857375027,27.431665767077824,27.01697088089516,27.405195236206055,4705200
2016-09-29,27.39636946656869,27.72283258874744,26.95520408589665,27.078731536865234,7154300
2016-09-30,27.378726773052847,28.022827887106114,27.219906951415044,27.85518455505371,8757000
2016-10-03,27.846364225239107,28.075770473483885,27.66107553410643,27.77577781677246,5643500
2016-10-04,27.89047092902571,28.366930262950255,27.83752988109271,28.102230072021484,9514100
2016-10-05,28.23458200230309,29.01985577571023,28.216934984652713,28.772804260253906,9919100
2016-10-06,28.763979666052954,28.808098894007646,28.331639505023052,28.613985061645508,7737600
2016-10-07,28.613987538420886,28.790454368040706,28.393404842852316,28.5875186920166,7524500
2016-10-10,28.825734635066365,28.993379577305678,28.58750837177906,28.631624221801758,4260100
2016-10-11,28.58751598552969,28.772804624467366,27.925766278561888,28.14634895324707,7041900
2016-10-12,28.172823804109047,28.28752775498132,27.978709943529054,27.996356964111328,4321400
2016-10-13,27.837537695309734,27.837537695309734,27.264022978342048,27.731658935546875,8958800
2016-10-14,28.18164768306491,28.419875732392004,27.925770930012156,28.20811653137207,7684000
2016-10-17,28.225765801346242,28.322821057727193,27.475784186151596,27.96106719970703,13842600
2016-10-18,28.569870259733904,28.631633142173033,28.216936617946313,28.419872283935547,10294800
2016-10-19,28.516920991117548,28.958086233388332,28.411042275403194,28.711034774780273,9095100
2016-10-20,28.640449657341566,28.737506559125578,28.313988287015007,28.384572982788086,6499500
2016-10-21,28.04929243318394,28.587514673241017,27.98752787346105,28.472810745239258,8214700
2016-10-24,28.66692741077314,28.71104327489631,28.340462611447396,28.402225494384766,6305300
2016-10-25,28.3316438574703,28.428700788561738,27.95224132638108,27.978710174560547,5801900
2016-10-26,27.76694698448515,28.419871511383683,27.70518410372495,28.366933822631836,7960400
2016-10-27,28.52575903228215,28.631637795697127,28.261057075006896,28.375761032104492,6650600
2016-10-28,28.411043510218217,28.622800950850436,27.82870549974386,28.13751983642578,6961800
2016-10-31,28.26988131150652,28.393407092279098,27.952241666191263,27.96988868713379,5283700
2016-11-01,28.146350586040946,28.358109764073582,27.616951799503173,27.92576789855957,6145500
2016-11-02,27.74930540588902,27.74930540588902,27.237553589422376,27.405195236206055,8889200
2016-11-03,27.493421667837843,27.7404748444401,27.36107241294495,27.48459815979004,4740700
2016-11-04,27.511066446918836,27.722825574111052,27.052254163213057,27.264013290405273,6657900
2016-11-07,28.022825210069442,28.508108139038086,28.022825210069442,28.508108139038086,7413400
2016-11-08,28.33164162106796,28.693397102873455,28.155174793542766,28.59634017944336,6872900
2016-11-09,28.78202802693018,29.975754743487204,28.66707581575583,29.80774688720703,23315600
2016-11-10,30.294086804764184,31.505499068659006,30.267560661489817,31.178327560424805,23741600
2016-11-11,30.92189287838857,31.93876747931075,30.815781584554095,31.903400421142578,11738700
2016-11-14,32.21288301055325,33.34470981773785,32.089089875156176,32.50468063354492,22462000
2016-11-15,32.1244646261183,32.92027919202146,31.868034026534986,32.89375305175781,16471700
2016-11-16,32.42509250466276,33.01753530211881,32.230561918441815,32.451622009277344,10700100
2016-11-17,32.4162498509147,33.00869261667482,32.142134138624606,32.752262115478516,9376500
2016-11-18,32.858377835015425,33.424291232367395,32.71689948567743,33.141334533691406,10446700
2016-11-21,33.34471425057854,33.73378229710335,33.28281767465148,33.68956756591797,11882200
2016-11-22,33.866406757573216,33.9725146614541,33.37123429072281,33.8133544921875,11478000
2016-11-23,33.99019129767706,34.67990093164473,33.698393792355375,34.58263397216797,11088500
2016-11-25,34.48538053291289,34.48538053291289,34.15821248258424,34.476539611816406,3418500
2016-11-28,34.0609404496662,34.29968576129606,33.884091695891186,33.91061782836914,7060000
2016-11-29,33.95483271403061,34.17589281406177,33.73377261399944,34.00788497924805,6958600
2016-11-30,34.54727663523777,34.794862899928205,34.09631545696449,34.18473815917969,12973900
2016-12-01,34.58265231957509,35.09551014194043,34.30853650408527,35.02477264404297,15162700
2016-12-02,34.7506496889701,34.84791668006702,34.00788756154146,34.27315902709961,12058300
2016-12-05,34.60917521964233,35.06898071881658,34.39695937270657,34.485382080078125,11255700
2016-12-06,34.66222834317364,34.750651044104586,34.22010809229925,34.724124908447266,7894600
2016-12-07,34.72412688510009,34.830234806879325,34.370429315022605,34.81254959106445,9692900
2016-12-08,35.06014023345569,35.27235608303132,34.68875743703316,34.85676193237305,17535800
2016-12-09,34.90097850729199,34.92750464661564,34.4500139001281,34.768341064453125,8682500
2016-12-12,34.57380987845695,34.84792570864855,34.273167906769906,34.51191329956055,8289000
2016-12-13,34.67105927472588,34.7329558221661,34.14051647577857,34.441158294677734,7107300
2016-12-14,34.131684504371755,35.148562504695015,34.0432617970002,34.485382080078125,11653100
2016-12-15,34.64454608279741,35.33425265358339,34.64454608279741,34.85676193237305,14957300
2016-12-16,35.00708687892022,35.10435388847995,34.21126895807729,34.34390640258789,13466400
2016-12-19,34.494221426066645,34.538436150843005,34.03441932100367,34.264320373535156,10293400
2016-12-20,34.69759583260178,35.51109540618399,34.67991061929222,35.502254486083984,12846400
2016-12-21,35.48457759942026,35.537629878688385,35.11319477899176,35.3519401550293,7292700
2016-12-22,35.307719019522025,35.3873007894945,35.0601327898785,35.16624069213867,5475300
2016-12-23,35.024762757845586,35.7409953225269,34.88328442887439,35.65257263183594,6375000
2016-12-27,35.68795789049755,35.88249193860402,35.608376086554976,35.78522491455078,5426700
2016-12-28,35.81172976871593,35.882470607104395,35.236972262690536,35.272342681884766,3947500
2016-12-29,35.23699875966419,35.36079531993463,34.847933975291184,34.99825668334961,4935200
2016-12-30,35.11319778453411,35.19277958335849,34.750659228358735,34.90098190307617,4682200
2017-01-03,35.41382941041451,35.94437570521716,35.122031815416236,35.54646682739258,6950900
2017-01-04,35.72331782955003,36.55450269175246,35.67026218481419,36.448394775390625,8892900
2017-01-05,36.22732925415039,36.67829036136928,35.81173519837915,36.22732925415039,6336200
2017-01-06,36.51914527543774,36.71367933568104,35.953231689032876,36.45724868774414,5639700
2017-01-09,36.25385836878457,36.474918480789356,35.935531267800144,36.35996627807617,4413500
2017-01-10,36.42185592651367,36.68713070905645,36.24501056896379,36.42185592651367,5197900
2017-01-11,36.377652090200186,36.625238340323115,36.094695412028365,36.53681564331055,4778300
2017-01-12,36.30690784326671,36.545653128454205,35.74099121924316,36.4837532043457,6945900
2017-01-13,36.74019863939567,37.00547016198671,36.5191384750514,36.61640548706055,7671800
2017-01-17,36.31576272726778,36.54566718205448,35.599526596277386,35.66142654418945,11114900
2017-01-18,35.431514752541,36.48375967939057,34.60917085976179,36.342281341552734,13651700
2017-01-19,36.58988060936304,36.784411266983696,36.209656843721454,36.6429328918457,10399200
2017-01-20,36.71366668886202,36.90820068209388,36.20080556965436,36.527976989746094,7369300
2017-01-23,36.351118458115515,36.53680810740828,36.032791417551365,36.42185592651367,4866200
2017-01-24,36.63408228164349,37.23536606025451,36.45723351620913,36.96125030517578,5451700
2017-01-25,37.385683142335495,37.53600576479361,37.0762003506709,37.394527435302734,7747700
2017-01-26,37.56254069578084,37.67749291951423,37.306110109417986,37.536014556884766,5146700
2017-01-27,37.58022066458678,37.61559109358215,37.235367414656366,37.41221618652344,4052100
2017-01-30,37.173471219060424,37.173471219060424,36.61639876274396,36.9877815246582,6281600
2017-01-31,36.802096373040335,36.978945184699974,36.33344988928623,36.466087341308594,8055300
2017-02-01,36.84629817624803,37.12041393188154,36.35996660015152,36.554500579833984,10398100
2017-02-02,35.254677042280306,35.855961009921764,34.51191469243561,34.63570785522461,20291300
2017-02-03,35.2546717322673,35.970907831667425,35.09550815462282,35.51994323730469,12348700
2017-02-06,35.148554206759464,35.440355143794825,34.93633503681472,35.139713287353516,7212700
2017-02-07,35.30771857233924,35.48456732260594,35.033602840770385,35.0866584777832,5612300
2017-02-08,34.92718719422759,35.12211424078717,34.72340136369949,34.944908142089844,8493200
2017-02-09,35.21071358299266,35.706886527381435,35.04236629406817,35.511962890625,7484900
2017-02-10,35.70687912217435,35.768900727360354,35.36132921330258,35.387908935546875,6789900
2017-02-13,35.64486295667863,36.31824531563881,35.61828323037806,36.079017639160156,7576300
2017-02-14,36.05242958959946,36.76125373971952,35.83978504850268,36.557464599609375,7895900
2017-02-15,36.88529580411067,37.62069627407647,36.601767504855914,37.354888916015625,11623000
2017-02-16,37.28400378062814,37.3460253769424,36.539741244933516,36.81440734863281,4987200
2017-02-17,36.47771626869576,36.849849226504816,36.32709335762498,36.81440734863281,4713600
2017-02-21,37.05364562342854,37.32831518613834,36.92074023310214,37.01820373535156,4933300
2017-02-22,36.61950048826605,37.159974162755915,36.61063832479282,36.87644577026367,5368800
2017-02-23,36.867570439053566,36.867570439053566,36.18532949460995,36.53974151611328,4493800
2017-02-24,36.10559415463303,36.424564361572266,35.91952932722655,36.424564361572266,5223600
2017-02-27,36.406854469796514,37.124537653253114,36.406854469796514,36.97391128540039,5547200
2017-02-28,35.55625016911392,36.24734986983929,35.24613881576846,35.80433654785156,22639200
2017-03-01,36.770116138404916,38.41812670370928,36.68151480088453,38.09029769897461,15066500
2017-03-02,38.081439956544216,38.090302119279315,37.2397136327224,37.41691970825195,8817500
2017-03-03,37.36374569622797,37.87764282356608,37.29286531517113,37.61183547973633,7621100
2017-03-06,37.28401673838463,37.47008159199274,37.03592688698248,37.31059646606445,6600300
2017-03-07,37.27515523895464,37.399198476899954,36.858721471631306,36.91188430786133,6561100
2017-03-08,37.45235164789175,37.78904276394336,37.053638928873255,37.089080810546875,6709100
2017-03-09,37.275142458874384,37.5586707283751,37.177678982497845,37.434627532958984,5263400
2017-03-10,37.69158293264382,37.939669368557716,37.30172895629432,37.63842010498047,5614900
2017-03-13,37.77132430729926,38.28521810566962,37.66499865528545,38.0814323425293,5034400
2017-03-14,37.99282706233186,38.0814283832074,37.328307015994056,37.806758880615234,6257100
2017-03-15,38.02828074594854,38.36497198356612,37.558687473955004,37.851078033447266,8169800
2017-03-16,37.99284055347129,38.66621961904196,37.904235821208744,38.568756103515625,7391600
2017-03-17,38.648484097266994,38.67506719688306,37.93080462618263,37.97510528564453,8913900
2017-03-20,37.86878209683896,38.00168407196041,37.40804781391941,37.434627532958984,6191400
2017-03-21,37.70930034913646,37.74473885100744,35.72459890763502,35.8309211730957,10427900
2017-03-22,35.63600661668647,35.919534983071095,35.03350799313796,35.58284378051758,8935000
2017-03-23,35.467654472042526,36.05243207018026,35.423353804592935,35.591697692871094,7387800
2017-03-24,35.75117688618372,35.81319848633929,35.192982484783656,35.45878982543945,7528300
2017-03-27,33.970266461463325,34.96261549644662,33.33232610615498,34.92717361450195,13739500
2017-03-28,34.90060473453582,36.211924354521855,34.78542027239669,35.87523651123047,8934400
2017-03-29,35.733460451218384,35.954967138726786,35.50309160345231,35.83978271484375,5261300
2017-03-30,35.81320473922365,36.62835122347059,35.7777662328928,36.45114517211914,5817200
2017-03-31,36.28279564409918,36.53974420963383,36.14103150103244,36.15875244140625,5280800
2017-04-03,36.158757707258744,36.29165970953141,35.290451782031816,35.946109771728516,8765600
2017-04-04,35.83979397116375,36.00813788976988,35.458802078596044,35.644866943359375,6447500
2017-04-05,35.88408291459107,36.132169319832386,34.936034574648865,34.9803352355957,8835400
2017-04-06,34.97147251100802,35.69801408434697,34.74110369218929,35.49422836303711,6634600
2017-04-07,35.13983006393403,35.65372733721811,34.891743589893274,35.35247802734375,9337400
2017-04-10,35.28159241524906,35.55626198291464,34.66137288240955,34.820858001708984,6916400
2017-04-11,34.590486405579774,34.643645849387056,33.82850283171863,34.49302291870117,9730000
2017-04-12,34.466447127143006,34.466447127143006,33.793064802788166,34.023433685302734,10462400
2017-04-13,33.837363946430884,34.16519631216758,33.23486542227999,33.252586364746094,10215700
2017-04-17,33.35006197864049,33.86395935714891,33.19943898282448,33.79307556152344,7836300
2017-04-18,33.75762306668137,34.156335842099125,32.92475900908321,33.58927917480469,15029100
2017-04-19,33.96141449439644,34.34240297200317,33.71332465093505,33.917110443115234,10364600
2017-04-20,34.244946606922525,34.50189188097223,34.005718899421126,34.27152633666992,8466400
2017-04-21,34.27151856561347,34.324681392978555,33.677878823104685,33.96141052246094,7074500
2017-04-24,34.96262015166569,35.139826205059826,34.60821142480177,34.723392486572266,10924500
2017-04-25,35.12210250321933,35.36133014952369,34.936037682735076,35.1043815612793,8126600
2017-04-26,35.00691100781418,35.954962620751175,34.98033129022871,35.49422836303711,12762100
2017-04-27,35.4942409714193,35.54740042547372,34.74997819533607,34.77655792236328,7836900
2017-04-28,34.75883703272338,34.75883703272338,34.360124227061135,34.42214584350586,7001600
2017-05-01,34.64364544873031,35.325886469066425,34.634786668172865,35.20184326171875,9400600
2017-05-02,35.25500683007475,35.485372308600894,35.10438051802291,35.4676513671875,7735200
2017-05-03,35.28159676955212,35.857515702535785,35.15755352366024,35.795494079589844,8754800
2017-05-04,36.008136330094516,36.16762145867646,35.325895142255035,35.58284378051758,5618500
2017-05-05,35.662589085251206,35.706889762167144,35.281597179909184,35.55626678466797,5266200
2017-05-08,35.582829886857695,35.813195327125015,35.36132322586383,35.80433654785156,5508100
2017-05-09,35.83092378232309,36.15875614291261,35.75118123243971,35.88408660888672,5813700
2017-05-10,35.72428284392733,35.804183211048006,35.40468137544459,35.64438247680664,6334000
2017-05-11,35.413556421189185,35.6355015011782,35.147223002524996,35.528968811035156,7988900
2017-05-12,35.31591054512932,35.41356695122019,34.84538791936148,35.16498947143555,5451800
2017-05-15,35.26265118602849,36.01726344132636,35.26265118602849,35.990631103515625,6196600
2017-05-16,36.123793159153514,36.16818490061304,35.67102652115004,36.10603713989258,5698300
2017-05-17,36.10603739761838,36.10603739761838,33.49596350668921,33.84219741821289,13063900
2017-05-18,34.17067022153659,34.303835253993334,33.61136760270025,34.02862548828125,8607700
2017-05-19,34.14402936220738,34.365974436147795,33.92208428826695,33.96647262573242,8656100
2017-05-22,34.35710835844146,34.35710835844146,33.85107371003628,34.19730758666992,5754800
2017-05-23,34.17954073870089,34.738843262676724,33.89545132037319,34.508018493652344,4586300
2017-05-24,34.6500726061462,34.81875307235118,34.454763194676005,34.63231658935547,5463000
2017-05-25,34.86314564124056,35.076211095293274,34.68558883845374,34.98743438720703,4565800
2017-05-26,34.88976643599114,35.18273557167728,34.729965705001106,35.085079193115234,4326000
2017-05-30,34.88978097615396,34.925293017087505,34.28608982674224,34.32160186767578,7104200
2017-05-31,34.31272018536956,34.53466532657734,33.40718360284809,34.40149688720703,12278000
2017-06-01,34.70334163148118,35.25376462100184,34.31271941095265,35.24488830566406,8087500
2017-06-02,34.79210588537216,34.96966260813771,34.3482157717647,34.57904052734375,8772600
2017-06-05,34.623438730203326,34.97855227695349,34.596806399511884,34.712215423583984,5954900
2017-06-06,34.35709902872718,34.52577607018641,34.028621258890496,34.374855041503906,7387500
2017-06-07,34.40148580843271,34.86313195986846,34.303829435892624,34.508018493652344,5800900
2017-06-08,34.508028781634685,35.52009805948498,34.42812839724577,35.298152923583984,8588700
2017-06-09,35.67102285367775,36.69197184322035,35.475710048502705,36.65645980834961,11592600
2017-06-12,36.72748961406134,37.21576836166639,36.67422493513908,37.180259704589844,8076900
2017-06-13,37.27790827541807,37.597506441443564,37.180251869154375,37.331172943115234,6808000
2017-06-14,36.84289209610043,37.57975156359714,36.49665823030857,37.55311584472656,9060200
2017-06-15,37.277909135852404,37.81945246075356,37.06484030030326,37.39331817626953,6692000
2017-06-16,37.499852170913556,37.59750518730567,37.14473859391184,37.21575927734375,8880600
2017-06-19,37.48208689841466,37.82832068786237,37.41106284590578,37.695152282714844,4860200
2017-06-20,37.57975608091325,37.659653087287204,37.286786844417925,37.411075592041016,6913700
2017-06-21,37.464351906505286,37.464351906505286,36.931681373647365,37.064849853515625,6362200
2017-06-22,36.949429470636176,37.14474229611528,36.7807523673861,36.958309173583984,5804200
2017-06-23,37.22462639804974,37.22462639804974,36.71859192315338,36.94941329956055,8464300
2017-06-26,37.064841150895575,37.37556301547891,36.70972754570234,37.15361785888672,5263200
2017-06-27,37.53535468962048,38.432014801144625,37.357801316728995,37.83720016479492,8518800
2017-06-28,38.20119021111749,38.396502986324954,37.970368793101564,38.04138946533203,8843000
2017-06-29,38.95581659503927,39.151126038775274,37.890479117895396,38.18344497680664,8844000
2017-06-30,38.51191910168263,38.63620783002912,38.014760801682804,38.1390495300293,7231200
2017-07-03,38.361006790198935,38.74275279751517,38.25447404457566,38.6007080078125,5259400
2017-07-05,38.75162694141311,39.1511255268305,38.64509082446166,38.77825927734375,7350600
2017-07-06,38.71612045776309,39.01796605920814,38.503051579901616,38.6007080078125,7903100
2017-07-07,38.76936279231723,38.78711880412315,38.34322866881411,38.458641052246094,4718000
2017-07-10,38.36099426272978,38.85815255764067,38.281093882951495,38.733863830566406,3780200
2017-07-11,38.42313310353103,38.47640114459803,37.97036660760818,38.26333236694336,6077200
2017-07-12,38.17456382857025,38.36987663420036,37.9437423746007,38.21895217895508,6126600
2017-07-13,38.272232900385546,38.55632250082559,38.156820441889536,38.33437728881836,4526300
2017-07-14,37.8194422207186,38.40537712656252,37.70403321154974,38.21006774902344,6035300
2017-07-17,38.183439811091674,38.21007553038159,37.863841659138956,38.11241912841797,6778800
2017-07-18,37.72178848528549,38.22782301283254,37.51759602497896,38.05026626586914,7167800
2017-07-19,38.227825776026464,38.30772614860471,37.27790100571484,37.43769836425781,8002900
2017-07-20,37.34893121822947,37.49985568792492,37.2157627677108,37.411075592041016,7073100
2017-07-21,37.286772549023155,37.6685183484303,37.029315449588,37.41994094848633,7452400
2017-07-24,37.198009438967624,37.43770722683216,37.06484099094128,37.25127410888672,6520100
2017-07-25,37.76618286399307,38.21894942386219,37.70403850061131,38.13017272949219,7337800
2017-07-26,38.21007670725278,38.2278327251216,37.8904751588423,37.979251861572266,8569200
2017-07-27,38.085783456344565,38.254460526192126,37.446580435257,37.76618194580078,8536000
2017-07-28,37.80168682886089,37.943731541506416,37.53535002936408,37.77505111694336,5195200
2017-07-31,37.89934084070947,38.1656776473991,37.71290778531727,38.085777282714844,6081300
2017-08-01,38.33436637979032,38.51192317619079,38.147933267546215,38.28997802734375,6621600
2017-08-02,38.22782617760449,38.35211489478439,37.95261302769646,38.19231414794922,9488700
2017-08-03,38.02363915016707,38.192316220261695,37.810570347287886,38.06802749633789,5884000
2017-08-04,38.48527837831344,38.867024215221115,38.22782464020058,38.272212982177734,4507600
2017-08-07,38.33436095997657,38.36099329035632,37.98812711858491,38.06802749633789,2673200
2017-08-08,37.93485592811104,38.39650214058802,37.78393488631208,37.92597961425781,5346700
2017-08-09,37.46346641002344,37.69472428144354,37.08100433980107,37.3745231628418,5967200
2017-08-10,36.992063885969046,37.000956854171775,36.11151074332181,36.12040710449219,6709000
2017-08-11,36.20045459470617,36.36055515373325,36.013671740163716,36.155982971191406,4896700
2017-08-14,36.66297084991288,36.894225352608295,36.43171295424972,36.57402420043945,4166000
2017-08-15,36.95648880363465,36.99206746582396,36.04925327561513,36.405033111572266,5668500
2017-08-16,36.55623982530515,36.67186878880885,36.111516696564365,36.23604202270508,4515500
2017-08-17,36.1204178546201,36.182678829472245,35.26655014838898,35.28433609008789,6347100
2017-08-18,35.142005920410156,35.49778563662818,34.9196444460156,35.142005920410156,6571900
2017-08-21,35.061969436212024,35.07975876831231,34.69729661057654,34.92855453491211,5226000
2017-08-22,35.16870733076869,35.515590843063656,35.03528902928524,35.3732795715332,4925100
2017-08-23,35.06196425305178,35.5066873109117,34.857392053592335,35.364376068115234,4392300
2017-08-24,35.5778496578128,35.5778496578128,35.23985913603249,35.25764846801758,3604500
2017-08-25,35.39106175880484,35.59563395826429,35.2576434842598,35.364376068115234,3112000
2017-08-28,35.435542022425125,35.444434992843966,35.026397523788646,35.16870880126953,3292000
2017-08-29,34.67950955274392,35.142018600559005,34.448251635868324,34.84850311279297,8217500
2017-08-30,34.964126676325414,35.26653847967707,34.81291907816582,35.19538116455078,4627400
2017-08-31,35.426638278054476,35.64899979355429,35.26653771545722,35.48889923095703,7435800
2017-09-01,35.57785017301495,35.791318766959044,35.391067273918985,35.72016143798828,4704600
2017-09-05,35.35548636504026,35.48890465190684,34.40377920476466,34.483829498291016,8340500
2017-09-06,34.581661343792234,34.77733715608655,34.305931863011644,34.62613296508789,5883400
2017-09-07,34.66171759839375,34.67061056700001,33.852321736511584,33.896793365478516,7096600
2017-09-08,33.994637422220336,34.83071569202028,33.932376454946315,34.40378189086914,6466400
2017-09-11,34.91076240958047,35.17759558379897,34.81292278734118,34.96413040161133,6957900
2017-09-12,35.284327818166766,35.74684023218783,35.1864915898845,35.4355354309082,7939800
2017-09-13,35.30211613108181,35.45332373946469,34.946339710298595,35.39995574951172,6845800
2017-09-14,35.302117897623646,35.81799831408079,35.213174636219,35.56895446777344,5916100
2017-09-15,34.21700224125886,35.7646369934082,33.97685131910426,35.7646369934082,14222800
2017-09-18,35.87136050913602,36.46728772876218,35.844674820653246,36.155982971191406,6517600
2017-09-19,36.28051850236803,36.60961271155673,36.11152151937678,36.50288009643555,6048900
2017-09-20,36.574019504300416,37.285575643884606,36.39612962116254,37.009849548339844,6982600
2017-09-21,36.983167760133476,37.596884302752315,36.787488546703976,37.42789077758789,6502700
2017-09-22,37.17884455679234,37.917086413774854,37.05432265151033,37.8370361328125,7360500
2017-09-25,37.67693835164092,37.92598218058565,37.58799170346944,37.80146026611328,8484900
2017-09-26,37.96156005948882,38.20171091516353,37.73030217196459,38.09497833251953,6479400
2017-09-27,38.708695044457585,39.446933550081326,38.69090571513359,39.171207427978516,10213600
2017-09-28,39.26015368525312,39.41136129959148,38.74427666726035,38.80653762817383,6789500
2017-09-29,38.717586912833006,39.10004900001565,38.59306500406982,38.90437316894531,5346800
2017-10-02,38.97552819838222,39.18899675730251,38.74427370310557,39.171207427978516,4642500
2017-10-03,39.22457196042073,39.58924472856187,39.14452167507426,39.54477310180664,5231500
2017-10-04,39.50919598923997,39.67819292767753,39.26015215529128,39.384674072265625,4260500
2017-10-05,39.429152730994495,40.28302029155866,39.357995404463445,40.1851806640625,7001400
2017-10-06,40.57652793965411,41.101301246019766,39.580349311507725,40.327484130859375,14787100
2017-10-09,40.33638344134917,40.45201239631536,40.12291825537707,40.38975143432617,5006200
2017-10-10,40.38974407059881,40.57652692251274,39.90054943288586,40.10512161254883,7953000
2017-10-11,40.042860163784965,40.42532222321325,39.81160229889157,40.30080032348633,5040000
2017-10-12,40.469802430359536,40.469802430359536,39.96281836365841,40.051761627197266,5896100
2017-10-13,39.84718068821779,40.06064922415988,39.429143369489076,39.78491973876953,6821700
2017-10-16,39.27792810028027,39.80270128081867,39.05556664061089,39.55365753173828,6709500
2017-10-17,39.82940068812403,39.92724031530277,38.548599351433126,38.59307098388672,7189400
2017-10-18,38.79765199165044,38.85991296977547,38.52192577223071,38.67313003540039,4309600
2017-10-19,38.263974214371196,38.55748968285872,37.53462863453209,38.48633575439453,4395300
2017-10-20,39.037788583086524,39.909445349396854,38.762062465019866,39.74045181274414,9190600
2017-10-23,39.77601899140766,39.936119513806936,39.357978361479915,39.55365753173828,6502700
2017-10-24,39.936132112756304,40.30969785422846,39.687084892140525,40.194068908691406,8614600
2017-10-25,40.363067100211296,40.452010357722685,39.33130970542738,39.71377182006836,5986000
2017-10-26,39.79382072419588,40.59432019284445,39.62482379065042,40.33638000488281,5767200
2017-10-27,40.24742669321467,40.30079466830909,39.65149957301104,39.94501495361328,5233000
2017-10-30,39.589239382312755,39.92722980735105,39.553664121493334,39.89165115356445,3256400
2017-10-31,39.82939873152934,40.53206202586956,39.820505762662705,39.88276672363281,6398200
2017-11-01,40.10512994536068,40.30970216752848,39.31352335737326,39.34910202026367,6465700
2017-11-02,39.206773672701395,40.34526324521932,38.98441221600858,40.07843017578125,4980600
2017-11-03,39.83829648978014,39.927239753435686,39.56256694369913,39.8649787902832,3627500
2017-11-06,39.74934708729224,39.94502632537864,39.51809258198197,39.71377182006836,2813200
2017-11-07,39.767134429359224,39.900552701924276,39.01110659940422,39.269046783447266,4318100
2017-11-08,39.242362825299544,39.473620722224275,39.02000128985456,39.384674072265625,3927900
2017-11-09,39.16191836194941,39.38468239882158,38.609464502257076,39.20647048950195,4613600
2017-11-10,39.31339223392663,39.65199448691374,39.13518034292767,39.447052001953125,4512000
2017-11-13,39.206460489400015,39.96385666193817,39.14408684691375,39.741092681884766,4225800
2017-11-14,39.58069648283499,39.84801593859876,39.357932535770566,39.732177734375,3747500
2017-11-15,39.40250345198793,40.186630404913195,39.20647001420191,39.68764114379883,6834900
2017-11-16,39.94603618876463,40.34700861002525,39.74109034793617,39.7767333984375,3842400
2017-11-17,39.50050972397245,39.972768263800525,39.36684997917543,39.8123779296875,4272500
2017-11-20,39.93712877094665,40.42720888036143,39.77673842254054,40.204444885253906,4430000
2017-11-21,40.4183176266475,41.282643396247856,40.32030088175134,41.059879302978516,7767100
2017-11-22,41.08659235083706,41.2113396459078,40.77472071405136,40.81036376953125,4212700
2017-11-24,41.015309333491665,41.05095239165996,40.747993195447705,40.792545318603516,1269000
2017-11-27,40.81036096130986,41.13114164033771,40.75689978087764,40.78363037109375,3967400
2017-11-28,40.85491621732286,42.12021750414612,40.68561680109751,42.00437927246094,6663500
2017-11-29,42.44100385791662,43.28750784995469,42.36080867132124,43.144935607910156,12386800
2017-11-30,43.430068701205705,44.14291278470933,43.11819707778563,43.4746208190918,11493400
2017-12-01,43.50134721015535,44.15181758599691,42.7706816702178,44.10726547241211,10350500
2017-12-04,44.918137485883015,46.23690009485827,44.392414255356265,45.93394088745117,13058500
2017-12-05,45.15870995467926,46.138870012775214,45.12306690552094,45.2478141784668,7799200
2017-12-06,45.05177614175032,45.47056999751483,44.82009976280109,45.03395462036133,6505400
2017-12-07,45.63097918647815,45.80919107505709,44.7488356066314,45.51514434814453,5449800
2017-12-08,45.782461326851326,45.80919192094359,45.08743528847039,45.7913703918457,6266000
2017-12-11,45.818103005450695,45.84483699983042,45.00724209085709,45.194366455078125,7238400
2017-12-12,46.183429896806025,46.317086245143024,45.34583515781644,45.94284439086914,7251100
2017-12-13,45.844833144660335,45.844833144660335,44.829029820492195,44.84685134887695,8193400
2017-12-14,45.03397728427179,45.24782885034785,44.64191041461676,44.73101806640625,6911600
2017-12-15,45.10525114112585,46.04085920681023,44.78447045595207,45.6933479309082,10621900
2017-12-18,46.334906373662925,46.513118231844864,45.89828749107261,46.103233337402344,6092500
2017-12-19,46.36163360831452,46.60221908958687,45.978479330633554,46.16560363769531,5574000
2017-12-20,46.65568366290569,46.798252459314305,45.96066120530218,46.16560363769531,7401500
2017-12-21,46.397290656680084,46.789354115324315,46.29927394224172,46.58441162109375,4890000
2017-12-22,46.691334232986485,46.7893475345303,46.19234166562274,46.40619659423828,4729000
2017-12-26,46.33492013073961,46.486398045748324,45.94285664562046,46.21908187866211,2330600
2017-12-27,46.361627022919244,46.42400065004395,46.04084642678778,46.201236724853516,4395800
2017-12-28,46.29927357368264,46.38838122205786,46.0052268318175,46.37055969238281,2058900
2017-12-29,46.51312627589148,46.69133816489364,45.76463906136967,45.7735481262207,3895300
2018-01-02,45.93393130539975,45.98739588347482,45.408208184541515,45.835914611816406,7220800
2018-01-03,45.62207361976504,46.12997533173801,45.47950477779209,45.90721130371094,5522700
2018-01-04,46.27252938522472,46.7626094104351,46.01412237951277,46.16560363769531,5310400
2018-01-05,46.326000536689286,46.37946171849119,45.86265103279004,46.34381866455078,5696200
2018-01-08,46.24580033313637,46.628954623535215,46.19233575804293,46.54875946044922,4803600
2018-01-09,46.70024450313088,47.75169084783449,46.620049327717595,47.528926849365234,6660600
2018-01-10,47.653662788961434,48.544718570503214,47.53782458561075,47.72494888305664,9043300
2018-01-11,47.89425939801441,48.32196586474548,47.43982233933417,48.26850128173828,5379300
2018-01-12,48.705124118899015,49.47143287459662,48.705124118899015,49.355594635009766,7517000
2018-01-16,49.65855093176434,50.01497469470708,48.98134986110383,49.48033905029297,9365300
2018-01-17,49.55162927336334,50.12190462209504,48.58037800783304,49.97933578491211,8312200
2018-01-18,49.70310414607994,50.09517097376623,49.13282883210968,49.30213165283203,5837300
2018-01-19,49.40013652072236,49.54270532485731,49.1417329001148,49.4357795715332,7439500
2018-01-22,49.36451063742947,49.551631607714256,48.76750126671361,49.400150299072266,7245600
2018-01-23,49.15066690233414,49.774407011576194,49.03482862797672,49.293235778808594,7011500
2018-01-24,49.676375360567754,49.78330113605071,48.97244025716096,49.355594635009766,6351400
2018-01-25,49.55163446148682,49.59618659043818,48.10812440898359,48.27742385864258,7453700
2018-01-26,48.446713034172326,48.500177617041416,47.88535021003664,48.357608795166016,8782000
2018-01-29,48.43779238672874,48.78530359450353,48.001173562147564,48.161563873291016,8052400
2018-01-30,47.90316393583558,48.45562104404742,47.4041748046875,47.4041748046875,8368000
2018-01-31,47.61803108910939,47.94772425420227,47.28834132312537,47.528926849365234,7737200
2018-02-01,47.47546466764832,48.936796027672166,47.35071736605248,48.927886962890625,6938100
2018-02-02,48.785315664767495,49.05263178310883,47.35071497076805,47.528926849365234,9097600
2018-02-05,46.81608678176139,48.20613207696193,45.39930749303911,45.702266693115234,11267100
2018-02-06,44.5528021642886,47.36853912510728,43.79540588713932,47.10122299194336,14434800
2018-02-07,46.14780079264738,47.243799496002325,46.014141004802546,46.36165237426758,10182200
2018-02-08,46.4152128709349,46.57590868074177,43.65654754638672,43.65654754638672,11895200
2018-02-09,44.82608096938861,45.10284151336684,42.8887673785057,44.745731353759766,12923600
2018-02-12,45.281387165415076,45.97774808544353,45.02248252388762,45.4777946472168,7561300
2018-02-13,45.20104141502811,45.72777696251742,44.89749883841301,45.665283203125,6467100
2018-02-14,45.486726324908325,46.96872745597697,45.442088413650794,46.781246185302734,5995500
2018-02-15,47.245482093375735,47.43296675995896,46.12059112214714,46.71875,4921400
2018-02-16,46.459850765280656,46.950874632023655,46.174164028060936,46.57590866088867,5886200
2018-02-20,46.37950350523864,47.066938315737474,46.37950350523864,46.727684020996094,4671500
2018-02-21,46.67410735160531,47.432965404469854,46.61161359974816,46.69196319580078,5896600
2018-02-22,47.04015327617231,47.39726342190134,46.29022469466514,46.450923919677734,6315600
2018-02-23,46.60269543122089,47.1026455324458,46.450922432167154,47.08479309082031,5252800
2018-02-26,47.31690869369727,47.968631744384766,46.888378608546084,47.968631744384766,5767300
2018-02-27,47.97755998442742,49.450631471027414,47.97755998442742,48.031124114990234,8601900
2018-02-28,48.20968632353338,48.66499852921198,47.31691435457906,47.33477020263672,5915600
2018-03-01,47.22762710710781,47.75436257772828,45.968819071306875,46.46876907348633,7096100
2018-03-02,46.03131062247605,47.102633950624245,45.058189321740194,46.986576080322266,8586600
2018-03-05,46.38841746586568,48.06682924262924,46.245574127778596,47.86149215698242,5762400
2018-03-06,47.94184673254972,48.87033022948727,47.629374556606074,48.86140060424805,7464500
2018-03-07,48.15611184315988,49.52205507476062,47.450824677570154,49.48634338378906,7656100
2018-03-08,49.70061588023859,49.96845020624422,49.00425480619576,49.91488265991211,8160800
2018-03-09,50.36126661100529,51.53972533706994,50.352340389807665,51.512943267822266,7152200
2018-03-12,51.65578084765932,51.816480056414754,51.37009412223955,51.56650161743164,6020000
2018-03-13,51.709341501072124,51.87897032426468,50.495174702555936,50.6023063659668,7050000
2018-03-14,50.30769435663716,50.923709136895596,49.620263002174724,49.94165802001953,9871100
2018-03-15,50.28090386638098,50.28090386638098,49.27207085177372,49.629180908203125,5309700
2018-03-16,49.80774388054464,50.45053731672498,49.61133297761636,49.73632049560547,8231300
2018-03-19,49.69168107978451,49.95951195389624,48.77212716326096,49.70060729980469,6769900
2018-03-20,49.72739220387455,50.245198100496104,49.53991093470059,49.968441009521484,5486700
2018-03-21,49.95951051063378,50.611233534218194,49.64704173413928,49.852378845214844,5274600
2018-03-22,49.182798147297355,49.352423561706665,47.45974831664268,47.674015045166016,7755200
2018-03-23,47.76328985678532,47.87042151596507,45.692059615821904,45.817047119140625,7260900
2018-03-26,46.727678998063396,47.41511373466731,46.04024426145949,47.28119659423828,6043900
2018-03-27,47.40617551591989,47.75435933679126,45.54921216620791,46.00452423095703,7747100
2018-03-28,46.1205903249325,46.263433674455186,44.65644514091148,45.44208526611328,7477200
2018-03-29,45.65635299176226,46.7723178318255,45.19211120961743,46.620548248291016,8226100
2018-04-02,46.42414636027103,46.54913390172079,44.40648303617825,45.004638671875,8356400
2018-04-03,45.42423438590232,45.81705278860532,44.92428090510848,45.665283203125,7848400
2018-04-04,44.69216349079968,46.35271639937584,44.57610218774737,46.20094680786133,7313300
2018-04-05,46.656249376123654,47.08478280593134,46.12951391620786,46.73659896850586,6266300
2018-04-06,45.95988203987761,46.12058120201015,44.44216962287775,44.736785888671875,8171400
2018-04-09,45.040343263136265,45.96882686117295,44.69216276528614,44.82607650756836,5578500
2018-04-10,45.58494200935739,46.04025425547342,45.156411834879044,45.98668670654297,6797100
2018-04-11,45.361736012869414,45.87954188169238,45.14746928413479,45.459938049316406,5428200
2018-04-12,45.86168799129425,46.566978554932234,45.6384950336104,46.18308639526367,4451700
2018-04-13,46.90623153179806,46.95979566057046,45.20103751757539,45.567073822021484,6443700
2018-04-16,46.433052122010714,47.486522943822514,46.24557089244767,47.38832092285156,8967800
2018-04-17,47.79006878511198,48.15610505181348,47.370468395161446,47.86149215698242,7139200
2018-04-18,47.950774882831446,48.0132686394056,46.52234129591608,46.584835052490234,7913900
2018-04-19,46.53127057852791,47.93292219221167,46.53127057852791,47.92399597167969,8837600
2018-04-20,47.88827718558156,49.63810903697465,47.67401386800291,49.09352111816406,10153500
2018-04-23,49.31671951395244,49.843455052588546,48.95068318409715,49.432777404785156,9128300
2018-04-24,49.789883497906914,50.23626939614278,48.200750789996555,48.64713668823242,9931700
2018-04-25,48.30786704754382,49.01315735921002,47.64721463033623,48.745323181152344,7878900
2018-04-26,48.93283354510976,49.798820051550585,48.441806230629844,49.682762145996094,7232900
2018-04-27,49.548826556505794,50.084488184044424,49.432765288466115,49.98628616333008,5342100
2018-04-30,50.17377928262505,50.37018677625211,49.7006078803247,49.709537506103516,5483800
2018-05-01,49.56668410394498,49.64703369140625,49.03994867628859,49.64703369140625,5150100
2018-05-02,49.40600160562149,50.19164190313451,49.05782107764834,49.682762145996094,5327800
2018-05-03,49.22743118866029,49.34349246370442,48.263239519769826,49.10244369506836,5869900
2018-05-04,48.763197264383926,50.405897596894604,48.45965470058345,50.0755729675293,5001500
2018-05-07,50.30769645493053,51.066554632211734,50.0934331007639,50.8612174987793,6278200
2018-05-08,50.789782669774766,51.432579398792456,50.70050685992402,51.155818939208984,7039300
2018-05-09,51.5486528123567,52.51284472723163,51.2986743557446,52.4324951171875,6119200
2018-05-10,52.2894031262337,52.96906547923942,51.94062879959504,52.76337814331055,6015300
2018-05-11,52.95117765198513,53.60401224148878,52.673948534427446,53.17475128173828,6452500
2018-05-14,53.29101323731865,53.43410023118632,52.2536316789123,52.70077896118164,6120300
2018-05-15,52.53085994801692,52.89752055318692,52.27151372665057,52.60240173339844,6439300
2018-05-16,52.56663157961958,53.00483740201289,52.46825863511519,52.656063079833984,7406800
2018-05-17,52.763378931784445,53.460927595485636,52.51297754716617,53.04955291748047,6028400
2018-05-18,53.022725872346534,53.192640612514374,52.65606523511684,52.888580322265625,3312000
2018-05-21,53.2462994847815,53.85442006493571,53.06743988859561,53.15686798095703,6876400
2018-05-22,53.36255741940772,53.69344887936587,53.192642672659105,53.291015625,6790400
2018-05-23,52.88858000098364,53.076381040785634,52.10159982897995,52.70077896118164,5026400
2018-05-24,52.38778506347598,52.45038541943937,51.33251704657378,51.994293212890625,7279500
2018-05-25,51.734941489185125,51.87802848940081,50.795932837053236,51.243080139160156,6375100
2018-05-29,50.51870497508881,50.76016152226635,49.01628972896595,49.311405181884766,8237100
2018-05-30,50.21465115105165,50.429279978810996,49.53498523639841,50.089447021484375,7637900
2018-05-31,49.94635278747135,50.313013442460324,49.57075068739332,49.740665435791016,9514300
2018-06-01,50.55447778188176,50.99268368144047,50.3845630187478,50.73333740234375,6694500
2018-06-04,51.05527764528278,51.20730608619178,50.67073070344308,50.84959030151367,4588500
2018-06-05,50.54552364525249,50.93007053868307,50.196749349225364,50.348777770996094,4364900
2018-06-06,50.64391022663555,51.824378967285156,50.64391022663555,51.824378967285156,4799300
2018-06-07,51.96744618290537,52.09264684838082,50.77803303796406,51.278839111328125,3851900
2018-06-08,51.23413991927953,51.66340093019113,50.93902105532971,51.627628326416016,2843600
2018-06-11,51.734941953504986,51.90486011316706,51.20730799582479,51.341453552246094,2732000
2018-06-12,51.60079611754249,51.65445160710246,50.956902951119055,51.25202178955078,3495400
2018-06-13,51.332517907575934,52.06583929955871,50.99268496131497,51.29674530029297,4353900
2018-06-14,51.50242683443343,51.717059042327634,50.08943971016602,50.62601852416992,6049700
2018-06-15,50.38455768836551,50.617072782342944,49.517090838348885,50.16098403930664,8367300
2018-06-18,49.58863932353985,49.81221298738677,49.20409234880608,49.6154670715332,5051700
2018-06-19,48.935793005075844,49.64228302222526,48.74798857936327,49.42765426635742,4881900
2018-06-20,49.60652425204529,50.214644873782554,49.53497904409348,49.669124603271484,3743900
2018-06-21,49.46343231201172,49.70489224756064,48.810597706177795,49.46343231201172,4311000
2018-06-22,49.892692828996445,49.93740687336657,49.052053784401345,49.096771240234375,6752000
2018-06-25,48.73904028044632,48.76586801829062,47.1561389298527,47.764259338378906,6193400
2018-06-26,47.7911007442594,48.014674387468546,47.40655380502263,47.46021270751953,5021400
2018-06-27,47.59436334266008,48.005738071362,46.41389465332031,46.41389465332031,6768800
2018-06-28,46.413894763749965,46.548036917447526,45.707401155300474,46.24397659301758,7194100
2018-06-29,46.709013631696784,46.94153217337585,45.65374557075622,45.69845962524414,6827600
2018-07-02,45.21552810214863,45.90413523013563,45.00089593556386,45.87730407714844,6474800
2018-07-03,46.056180792650636,46.23504042947796,44.88465341232225,44.92937088012695,2490100
2018-07-05,45.22447603999453,45.22447603999453,44.1960359220012,44.24969482421875,8985400
2018-07-06,44.25864641668154,45.66268882951009,44.13344229245063,45.29602813720703,6753300
2018-07-09,45.519599984943916,46.52120905831572,45.4659410767145,46.41389465332031,6146200
2018-07-10,46.41389488594425,46.48543668581194,45.63585606430363,45.707401275634766,5354300
2018-07-11,45.3496805312117,45.62691309868949,44.92936436876495,45.13505172729492,6404600
2018-07-12,45.412268566763665,45.6000729835844,45.0187802586611,45.385440826416016,5749800
2018-07-13,45.35862707114385,45.412282568382324,44.6253057095347,45.269195556640625,4966000
2018-07-16,45.421214049340016,45.95778933248793,45.30495482045507,45.66267395019531,6211200
2018-07-17,46.97729710071495,48.09516541863764,46.94152790725359,47.29030227661133,8638700
2018-07-18,47.52281900787301,48.524428099711635,47.5049327048001,48.4886589050293,7565100
2018-07-19,48.21142467891135,48.35451168714692,47.14721526837576,47.29030227661133,6194400
2018-07-20,47.004127093382756,47.07566888999301,46.4407205199251,46.63746643066406,8035500
2018-07-23,46.637461089474506,47.1561501427513,46.50331554543137,47.04883575439453,3954500
2018-07-24,47.35289799390531,47.94313227152921,46.86997810908674,47.27241134643555,5280500
2018-07-25,47.24558264422925,47.4959840261913,46.914691204964576,47.34395217895508,5445100
2018-07-26,47.4691453818115,47.61223234028688,46.98622561765879,47.084598541259766,4841100
2018-07-27,47.17404164531561,47.40655674764205,46.62852137618969,46.995182037353516,3362100
2018-07-30,47.12932633122602,47.17404037915058,45.83259847263445,45.895198822021484,4894300
2018-07-31,46.23502182860973,46.27079442387625,45.492755828410594,45.66267395019531,5523300
2018-08-01,46.047236942459875,47.048846080363,44.41961740260478,45.50171661376953,15252600
2018-08-02,44.89360164761742,45.152947969953345,44.48222683999332,44.83100128173828,7535800
2018-08-03,45.06350723322017,45.32285350257519,44.67896025768367,44.97407913208008,4219500
2018-08-06,44.93831458732622,45.13506053887951,44.63425421286386,45.07246017456055,5060200
2018-08-07,45.34073984578119,46.38706295820541,45.20659428248728,45.421226501464844,4598600
2018-08-08,45.42122676425226,45.42122676425226,45.09033528260315,45.16188049316406,4679600
2018-08-09,45.19774468001726,45.69087551052931,45.099117829861235,45.484657287597656,3993700
2018-08-10,44.99152052958074,45.466718831979485,44.6418460489275,45.37705993652344,4341700
2018-08-13,45.43981606279856,45.69983161489515,44.892887977446144,44.92875289916992,4798100
2018-08-14,45.05428073515174,45.4577525899678,45.027383751586505,45.305328369140625,3485100
2018-08-15,44.83014005572465,45.332238855645336,44.66875127790258,45.045326232910156,4024500
2018-08-16,45.23360595414017,46.103308229190255,45.12601459006271,45.84329605102539,3501200
2018-08-17,45.726732408362956,45.735696929407695,45.11704236929672,45.6370735168457,3627100
2018-08-20,45.72673813548986,46.201936476529816,45.672940741681074,46.103309631347656,2728700
2018-08-21,44.64184882923791,45.52051905644799,44.22044446976052,44.9825553894043,16320400
2018-08-22,44.803233267311086,46.17503415850535,44.74047135858112,45.663970947265625,4539500
2018-08-23,45.68190781453431,45.71777274305746,44.74944019453951,44.9825553894043,4859600
2018-08-24,45.25154244803096,45.64604643162566,45.19774505106746,45.32326889038086,3753300
2018-08-27,45.574312680431824,46.435050372201,45.574312680431824,46.058475494384766,5548900
2018-08-28,46.24677395158371,46.44402424131445,45.88813146436161,45.94192886352539,4616900
2018-08-29,46.04055020008778,46.37229568274374,45.85226444199748,46.022621154785156,5642800
2018-08-30,45.86122529588551,45.98674911520945,45.287396747127076,45.33222961425781,4274300
2018-08-31,45.17084517667753,45.62811105071344,45.018420938486976,45.5384521484375,5005200
2018-09-04,45.529494045342915,46.2467790996331,45.37707319448086,46.0136604309082,3872900
2018-09-05,45.84330354690466,46.10331576758435,45.25154581731814,45.2963752746582,3995100
2018-09-06,45.27843480908676,45.52051794028035,44.06802257338659,44.39079666137695,7570700
2018-09-07,44.58805898400893,45.17085220022381,44.166654553199145,44.97359848022461,7999800
2018-09-10,45.2784521447273,45.63709471794167,45.17086074087061,45.386043548583984,5688300
2018-09-11,45.29637244473512,45.950892057759816,45.27843997886577,45.70880889892578,5720600
2018-09-12,45.726740012767316,45.83433138453407,45.35016850144965,45.46672439575195,5571100
2018-09-13,45.565353297834136,45.699845083802856,45.152916837256754,45.20671081542969,5870700
2018-09-14,45.3591189052033,46.23778891171186,45.3591189052033,45.870182037353516,4528200
2018-09-17,45.98674426943235,46.166065458256966,44.937717537982024,45.11703872680664,5916000
2018-09-18,45.10809880359845,45.574332780669515,45.02740439563867,45.386043548583984,4134100
2018-09-19,45.57431706868227,46.70403497037391,45.56534912629567,46.614376068115234,7506500
2018-09-20,46.91923011315838,47.250972219393546,46.52472265899582,46.68611145019531,4990500
2018-09-21,46.95508344802068,46.97301591283729,46.4171231845942,46.47988510131836,10145700
2018-09-24,46.435054268426434,46.47091919699302,45.97778497987203,46.22883605957031,3408100
2018-09-25,46.30951987674196,46.390214237478624,45.87914767263502,46.28261947631836,3002300
2018-09-26,46.3812600250811,46.497819340703515,45.42189535252046,45.47569274902344,4720900
2018-09-27,45.57432338259594,45.646049830286366,45.206712939709725,45.2963752746582,4687100
2018-09-28,45.06324589592693,45.09014630014152,43.987325494834685,44.06801986694336,8910900
2018-10-01,44.2473564208615,44.60599898685334,44.1308004941428,44.42667770385742,8177300
2018-10-02,44.39977104802155,44.75841011571189,43.91560471535793,44.695648193359375,5372800
2018-10-03,45.161877250603716,45.82536475659616,45.04532136165646,45.54741668701172,6494800
2018-10-04,45.7357002200074,47.044742704107804,45.54741448211387,46.33642578125,8713300
2018-10-05,46.524722980940034,46.757841645516244,45.834338351646736,46.1571159362793,5824700
2018-10-08,45.95088973922442,46.47092096239207,45.76260398749874,46.32746124267578,4978900
2018-10-09,46.06744712561878,46.937149408301146,46.022617675215415,46.775760650634766,5211700
2018-10-10,46.69507447290718,46.77576543973402,44.444599577406116,44.46253204345703,10251300
2018-10-11,44.26526574656552,44.88392367841532,42.714143787171054,43.153480529785156,11334700
2018-10-12,44.30113970504552,44.354937098870025,42.84864427446295,43.94249725341797,9760400
2018-10-15,43.93354139074704,44.31908090514447,42.70519639525237,42.71416091918945,7733800
2018-10-16,43.090727982938944,43.413502089326926,42.26585170145515,43.24314880371094,12448500
2018-10-17,43.05486340293029,43.39557339719735,42.16722519741736,43.07279586791992,9183900
2018-10-18,43.02796770931466,43.13555908221946,41.62926618047993,41.8713493347168,8541800
2018-10-19,41.70996312203262,42.57966894201831,41.46787995295614,41.987911224365234,9329300
2018-10-22,42.08653786776215,42.14929979560922,40.86716082654146,40.88508987426758,7684600
2018-10-23,39.80916092368378,40.34712117119254,39.235332327335165,39.93468475341797,13935000
2018-10-24,39.90778892957394,39.96158632860965,38.06078935950149,38.16838073730469,11439200
2018-10-25,38.616667067994065,38.91254751684391,37.93525071408569,38.715293884277344,12270600
2018-10-26,38.222178302859476,38.98428931437701,37.66628210453998,38.724273681640625,13460600
2018-10-29,39.37879172502791,40.06917626324702,38.71530759549189,39.181541442871094,13380700
2018-10-30,39.78226460335161,40.947847539521874,39.62087582846838,40.85818862915039,11310800
2018-10-31,41.38718203535405,42.18515792080672,41.351317105155104,41.45891189575195,11654700
2018-11-01,41.548573407122205,41.87135095862304,41.207863389397076,41.59340286254883,7161300
2018-11-02,42.014803462202146,42.40930742259546,41.530637178809506,41.763755798339844,9786600
2018-11-05,41.80857924142897,42.57069006592744,41.62029010032323,42.3913688659668,7046000
2018-11-06,42.2389457890028,42.91139768735389,42.2389457890028,42.82173538208008,5272600
2018-11-07,43.03692984883497,43.68248489105322,42.6244934253146,43.55696105957031,7716400
2018-11-08,43.31421848303557,44.267168478557096,43.26926875567342,43.718772888183594,6938300
2018-11-09,43.5659409491501,43.61988268119817,42.720874390397164,42.82875442504883,7085600
2018-11-12,42.70289508015068,42.96360831528567,41.89378622264368,42.010658264160156,6605100
2018-11-13,42.118548893243975,42.93664653069092,42.028649410667775,42.2983512878418,6032900
2018-11-14,42.6849210558502,43.125436708003555,41.50721874453824,42.12753677368164,7682200
2018-11-15,41.7049985846786,42.738859603005324,41.33640528265204,42.54107666015625,10269000
2018-11-16,42.0556121419819,42.469158615186146,41.90278235907102,42.21743392944336,9703100
2018-11-19,41.71399703678185,42.16350130041336,40.770035339599396,41.327423095703125,7900600
2018-11-20,40.68013171456983,40.868922662996056,39.6732432268516,40.03284454345703,10363900
2018-11-21,40.47336124662142,41.02175695547044,40.17668680893781,40.33850860595703,4814700
2018-11-23,39.96992435071459,40.15871534695694,39.56536976630536,39.62830352783203,3013000
2018-11-26,40.48235509530144,41.156611527558674,40.23063379134799,40.53629684448242,8136300
2018-11-27,40.491335258479744,41.12963033792511,40.37446321749362,40.75204849243164,6842000
2018-11-28,40.83296159417017,41.093674864169785,40.27557732304119,41.04872512817383,7123500
2018-11-29,40.63518402934508,40.967816207088894,39.664253223677484,39.70021438598633,10844300
2018-11-30,39.61931305117398,40.28458099672864,39.48446037467968,40.27558898925781,13690700
2018-12-03,41.165601463358726,41.68702462810061,40.788016096973905,40.868927001953125,10053900
2018-12-04,40.662151143441385,40.734073464445615,38.423622058582666,38.666351318359375,11956800
2018-12-06,37.64147298062639,38.38765144478975,36.976208822389445,38.29774856567383,14379300
2018-12-07,38.20786088856411,38.88211725718583,37.14703059424366,37.281883239746094,9727400
2018-12-10,36.994202437702995,37.20097398838492,36.03226358349144,36.949249267578125,11550200
2018-12-11,37.66845955899705,37.96513059673033,36.93127282348348,37.084102630615234,9064100
2018-12-12,37.66845131221195,38.774231173393,37.515618109094646,37.65047073364258,11777100
2018-12-13,37.560569842042824,38.09098493504361,36.97621643990477,37.24591827392578,8997100
2018-12-14,36.60763110344888,37.67745009741356,36.346917787706396,37.0301628112793,7750600
2018-12-17,36.76045192780056,37.515619100445946,36.36488947715576,36.58964157104492,7481400
2018-12-18,36.89530228363834,37.263895557738195,36.14013515750148,36.36488723754883,9218600
2018-12-19,36.31094444550729,36.98520066599909,35.42092815494702,35.70861053466797,12819400
2018-12-20,35.40296464888974,36.041260022342165,35.26811196798745,35.61872482299805,13919000
2018-12-21,35.28608631547021,36.077214816036324,34.989411841715835,35.18719482421875,17656400
2018-12-24,34.89050787626203,35.26808965681014,34.387062072753906,34.387062072753906,6655100
2018-12-26,34.3870689526258,36.46377944946289,34.00948709653433,36.46377944946289,9391100
2018-12-27,35.807515537586795,36.91329574584961,35.50185246485552,36.91329574584961,8412400
2018-12-28,37.227947395964556,37.470680138672854,36.64359041209877,36.91329574584961,6725400
2018-12-31,37.18299325550221,37.55158661469249,36.77843873213596,37.33582305908203,4546400
2019-01-02,36.58963206761647,37.623489373315905,36.4817520508139,37.380760192871094,5835100
2019-01-03,37.17400851195951,37.48866361580146,36.400863907808706,36.607635498046875,10236000
2019-01-04,37.33582162826869,38.324733028537814,37.31784104686977,38.1539192199707,7058600
2019-01-07,37.956133563984565,38.7202892882886,37.7583506299293,38.42361831665039,8543700
2019-01-08,38.98999139449554,39.22373548727493,38.35169628553863,38.909080505371094,7784700
2019-01-09,39.15180928910454,39.484441387201045,38.94503779950701,39.403533935546875,5166100
2019-01-10,39.07990180009134,39.49344489980402,38.900099408645936,39.29566192626953,5205500
2019-01-11,38.936049978631374,39.61030619100781,38.81917794157501,39.3945426940918,4217500
2019-01-14,39.061912483293305,39.6552578417723,38.92705986250256,39.376564025878906,5815100
2019-01-15,39.15181751089798,39.8170852762401,38.97201513409375,39.781124114990234,6481700
2019-01-16,41.03974151084717,42.41522348927951,40.44639600746014,41.983699798583984,12599700
2019-01-17,41.687026380696516,42.478154881593156,41.38136333008501,42.181480407714844,7783200
2019-01-18,42.45118869506097,43.33221674277537,42.19047536874716,43.13443374633789,7954800
2019-01-22,42.83775563938516,43.13442665582833,42.415220554433304,42.675933837890625,9036600
2019-01-23,43.11644147995918,43.11644147995918,42.0825838910773,42.54107666015625,6993100
2019-01-24,42.44219087907307,43.017555776016756,42.379260557810184,42.59502410888672,4317700
2019-01-25,43.287260493969924,43.3591793904045,42.74785333820692,43.12543869018555,7786800
2019-01-28,42.666936863709516,43.03553016208963,42.48713450193865,42.72087860107422,7852500
2019-01-29,42.64896345083264,42.981599076306715,42.31633125480394,42.90068817138672,5303300
2019-01-30,42.98159432041852,42.98159432041852,42.037632724318925,42.13652420043945,7874900
2019-01-31,42.0016773065416,42.20844884552397,41.74096402412877,42.046627044677734,8322200
2019-02-01,42.14552719219014,42.72089218930739,42.0466356902895,42.28037643432617,6323300
2019-02-04,42.253394656207284,42.451177600956576,42.08258429538873,42.433197021484375,5377700
2019-02-05,42.43319947451999,42.702901323304474,41.46226870356175,41.884803771972656,11507300
2019-02-06,41.651060531954045,41.97470067299665,41.17458375120534,41.453277587890625,6299300
2019-02-07,41.138614294631054,41.35437777458432,40.24859808475374,40.617191314697266,6526100
2019-02-08,40.31155018015284,40.45539143474298,39.44850265261204,40.239627838134766,6512100
2019-02-11,40.49134340290543,40.64417320078975,40.005877992957736,40.221641540527344,4456200
2019-02-12,40.68012949350416,41.48024640886412,40.56325744300203,41.24650573730469,7018200
2019-02-13,41.6164677199502,42.058621655485894,41.39087975006856,41.49013900756836,6148400
2019-02-14,40.8765375677761,41.111150973257836,40.3712227415676,40.867515563964844,6082500
2019-02-15,41.28261060071113,41.85109341542224,41.183351314088526,41.833045959472656,7000200
2019-02-19,41.50818177964133,42.591004601463055,41.50818177964133,42.46467590332031,4977700
2019-02-20,41.56232892225634,41.97740996182999,41.23748169399896,41.91424560546875,8832300
2019-02-21,41.733776732082774,41.914247806391124,41.13822459640481,41.255531311035156,5519500
2019-02-22,41.426988154983306,41.6706236549352,41.28261194488593,41.661598205566406,3571800
2019-02-25,42.085698476172695,42.374450852782466,41.481124263333434,41.517215728759766,5391000
2019-02-26,41.30064897958252,42.35639910409815,41.291623532491215,42.01350784301758,3938100
2019-02-27,42.02253341674805,42.30226378294359,41.878157230821266,42.02253341674805,3582500
2019-02-28,42.0044866551137,42.130815389605495,41.490146269140055,41.517215728759766,5900400
2019-03-01,41.95034523581347,42.50077705441008,41.9052248828698,42.239097595214844,7009000
2019-03-04,42.41054522676515,42.464687587523166,40.7321699074646,41.1923713684082,6353900
2019-03-05,41.282591839790705,41.53524922386398,40.804346522166654,41.399898529052734,4432300
2019-03-06,41.363823829892,41.65257625044759,40.81338845252029,40.840457916259766,3776300
2019-03-07,40.569744354350505,40.61486126508816,39.243289279225465,39.721534729003906,7948300
2019-03-08,39.369618918160185,39.40571038226658,38.90039546277995,39.20719528198242,6597900
2019-03-11,39.47790121702691,39.86591286436453,39.270360663692806,39.51399612426758,6048500
2019-03-12,39.649352904575736,39.84787148244828,39.4598597759885,39.69447326660156,4524200
2019-03-13,40.03735327862834,40.27196670283504,39.847860203676326,40.073448181152344,5602000
2019-03-14,39.94711976500664,40.9306834918886,39.71250633903514,40.87654113769531,9023400
2019-03-15,40.78631004653424,41.22846058760746,40.78631004653424,41.011898040771484,7283900
2019-03-18,41.21040952555492,41.508187304122785,41.15627061468755,41.41795349121094,3489100
2019-03-19,41.76084992790136,42.12179210883835,41.138228280094786,41.273582458496094,4462000
2019-03-20,41.129200606090365,41.43599694274413,40.154658917192734,40.20880126953125,8102100
2019-03-21,39.92005510318265,40.14564310944742,39.50497055558361,39.53204345703125,8840300
2019-03-22,38.918433198957274,39.1169482496771,37.49271573563009,37.71830368041992,11708700
2019-03-25,37.763424409889055,38.124366535029374,37.41150773108681,37.74538040161133,7921700
2019-03-26,38.17850661388054,38.575540174142056,38.08826936686724,38.39506912231445,10285400
2019-03-27,38.349949779068865,38.37701923035048,37.52880981560499,37.817562103271484,6557300
2019-03-28,37.93487379598992,38.521400451660156,37.68221292932961,38.521400451660156,8217000
2019-03-29,38.990630946108546,39.06282076179375,38.53945492467558,38.584571838378906,6539600
2019-04-01,39.11695253167217,39.92004859448311,38.981601815301225,39.8207893371582,5281300
2019-04-02,39.59520690202213,40.082474368143394,39.41473581276994,40.046382904052734,4147800
2019-04-03,40.50657883601947,40.56072119268082,40.08247231433779,40.271968841552734,5965500
2019-04-04,40.27197426331497,40.57877410796756,40.27197426331497,40.4885368347168,9045100
2019-04-05,40.56071782584988,40.59681272729463,40.07344698294338,40.19977569580078,6729100
2019-04-08,40.010276952846695,40.41633593102081,39.8207839104317,40.407310485839844,8416000
2019-04-09,39.974188684114104,40.27196646487865,39.775673605803746,40.10954284667969,6747900
2019-04-10,40.12759557428598,40.12759557428598,39.67641956267386,39.94712448120117,5796400
2019-04-11,40.136621287117144,40.3712347624571,39.74860960591654,39.93810272216797,6533500
2019-04-12,40.605835772019894,41.3186946039232,40.56071886515752,40.92165756225586,6815800
2019-04-15,42.18495830856844,42.18495830856844,40.15466619746087,40.632911682128906,8764700
2019-04-16,40.840435817166366,41.30063710492091,40.750202025394124,41.201377868652344,6166200
2019-04-17,41.435991780176174,41.679627172045706,40.87653464451215,41.59841537475586,7102000
2019-04-18,41.32772271443084,41.50819381074361,40.53365195597457,41.102134704589844,5666700
2019-04-22,41.047992945977356,41.102131861586535,40.768262593931304,41.011898040771484,4923500
2019-04-23,40.89458288983639,41.38185368306949,40.67802038764318,41.111148834228516,6883300
2019-04-24,40.91263029995013,40.91263029995013,40.03734796206813,40.66899490356445,4959900
2019-04-25,40.56071946965635,41.30064776826477,40.39829584877163,40.88556671142578,4214600
2019-04-26,40.86752265358705,40.966781923725634,40.07345193467809,40.51560592651367,6664200
2019-04-29,40.714116670141145,41.580377108211714,40.650952312662994,41.41795349121094,5292200
2019-04-30,41.37283767372211,41.6345205789051,40.70509912376516,41.30967330932617,6629000
2019-05-01,41.47208748528351,41.67060598079304,40.68704239098502,41.111148834228516,7019300
2019-05-02,41.04798190346533,41.80595749788386,40.97579211247371,41.399898529052734,4387300
2019-05-03,41.56232691252408,41.99545538185705,41.42697275989542,41.72475051879883,4085700
2019-05-06,40.957752653499085,41.878152014973146,40.696069773411494,41.7427978515625,4663600
2019-05-07,41.21040357080665,41.643535448355664,40.876534380636485,41.21942901611328,7113900
2019-05-08,41.10213470920412,41.64354799820321,41.075065249524116,41.129207611083984,3600700
2019-05-09,40.515609533039154,41.38186669866868,40.14564532008071,41.34577178955078,6288800
2019-05-10,41.13822327244239,41.6435415758031,40.353178082995726,41.372833251953125,6131900
2019-05-13,40.44341748777303,40.56974622052934,39.360594369262145,39.53204345703125,7829000
2019-05-14,39.59545187344085,40.5737900436639,39.51392369258893,40.1661491394043,5098200
2019-05-15,39.5501547443693,39.649800671455516,38.707698122505775,38.716758728027344,10343600
2019-05-16,38.96134875672538,39.957804801374685,38.91605608551616,39.62263488769531,8458500
2019-05-17,39.18780211611051,39.767559857642645,38.988513740079206,39.14250946044922,8971000
2019-05-20,39.07004562712111,39.65885711806645,39.024752967142,39.45050811767578,7055000
2019-05-21,39.695099979808454,40.09368029929336,39.586396884605136,39.87627410888672,5868400
2019-05-22,39.622630957953746,39.713216291388,39.323693137524586,39.468631744384766,5378600
2019-05-23,39.006634756716664,39.006634756716664,38.24570632888095,38.53558349609375,9351700
2019-05-24,38.69864443186509,39.26028107810931,38.69864443186509,39.17875289916992,4153200
2019-05-28,39.11534206315337,39.2783984193058,38.734876080261444,38.762054443359375,5174800
2019-05-29,38.42688286996784,38.87981644527029,38.00112765899761,38.74393844604492,6469800
2019-05-30,38.916041062216806,39.21497879689131,38.37252230630968,38.54463577270508,6270000
2019-05-31,37.964874562586466,38.173223496068836,37.54817669562173,37.693115234375,9217900
2019-06-03,37.53912574104617,38.27287922584464,37.457597576068565,37.71124267578125,7054500
2019-06-04,38.37252825883293,39.81285698658601,38.354410503411124,39.71321105957031,8709600
2019-06-05,39.7313264556161,39.90343993848987,39.23310030573239,39.65885543823242,6189700
2019-06-06,39.604499930298104,39.9940229536483,39.3870903650484,39.79473114013672,5798700
2019-06-07,39.758503048709144,39.840031218925844,38.825461121702425,38.9522819519043,7468400
2019-06-10,39.35992937187516,39.894391142358316,39.12440197167091,39.23310852050781,7054700
2019-06-11,39.63168807259409,39.74945177043745,38.68052824997363,38.81640625,7601300
2019-06-12,38.707698240904385,38.84357967927549,37.75653853913219,38.137001037597656,7755400
2019-06-13,38.209471733760275,38.65334464485192,38.209471733760275,38.372528076171875,7258000
2019-06-14,38.34535243737495,38.463112661390475,36.79631721409984,37.14960479736328,14013400
2019-06-17,37.16772061631805,37.55724368926948,36.67855507953034,36.78725814819336,9341700
2019-06-18,36.379631940703575,37.539141020691055,36.28904658968317,37.05903244018555,10194200
2019-06-19,37.1677282876673,37.3760773187777,36.01727658540717,36.135040283203125,12627600
2019-06-20,36.397737515747515,36.52455834695921,35.65492682812887,36.26185607910156,12498800
2019-06-21,36.49739438375679,36.95032803422106,36.343395145681995,36.805389404296875,11441300
2019-06-24,36.4067901289778,36.54267154869177,35.446573409106975,35.464691162109375,9905500
2019-06-25,35.33787093056234,35.80892219564642,34.72188453610764,35.53716278076172,14207500
2019-06-26,35.66398959348136,36.2256297281506,35.60963977475203,35.93574905395508,8437800
2019-06-27,35.97198280939864,36.90502830068602,35.97198280939864,36.41585922241211,10128100
2019-06-28,36.83255798038473,37.3307842190523,36.343388892699956,36.40679931640625,15515700
2019-07-01,37.03185184547038,37.30361131245448,36.615150310111716,36.92314529418945,21507800
2019-07-02,36.651383860248636,36.90502901068274,36.352449499291666,36.40679931640625,6426900
2019-07-03,36.6060870292569,36.76914337326674,36.37056311880297,36.6423225402832,3019500
2019-07-05,36.97749358325186,37.57536571223482,36.89596540859015,37.013729095458984,6522300
2019-07-08,36.57891937740946,36.98656031826948,36.15316067744354,36.22563171386719,7209400
2019-07-09,36.00821583191234,36.51550263230555,35.881394995716185,36.47926712036133,7138800
2019-07-10,36.135034330037335,36.61514273760327,35.600572658071926,35.92668533325195,8562400
2019-07-11,36.09880295621574,36.72385347379124,35.92668944931126,36.65138244628906,6566100
2019-07-12,36.46115441975871,36.56985751505452,36.14410228530879,36.35245132446289,9983700
2019-07-15,36.41585389172373,38.16417746859931,36.11691612466857,36.506439208984375,8655000
2019-07-16,37.140545520938,38.17323330691554,37.049960206788754,37.71124267578125,16155400
2019-07-17,37.55723911446949,37.693120525452905,36.96842772995961,37.330772399902344,7673800
2019-07-18,37.42137882336589,38.12795420055054,37.27644019585085,37.575374603271484,10955600
2019-07-19,37.81995055806019,38.98851991961939,37.71124747612242,38.69864273071289,12138900
2019-07-22,38.73487317565352,39.359923645903486,38.55370253183294,39.09722137451172,8774200
2019-07-23,39.18781518091324,39.631691647837094,39.151583117669695,39.43239974975586,10277000
2019-07-24,39.39615739875437,40.11178970336914,39.36897903890737,40.11178970336914,11347300
2019-07-25,40.265784959818944,40.35637026884389,39.640734578479496,39.92155456542969,8571800
2019-07-26,39.93061310920943,40.07555166953509,39.59543988077496,39.90343475341797,12260400
2019-07-29,39.767564489695346,39.93967798349896,39.4142734409271,39.5954475402832,7837500
2019-07-30,39.23309636272272,39.30556391721495,38.77110231235393,38.970394134521484,6223400
2019-07-31,39.106277066277656,39.396157687920365,38.77110724097706,39.151573181152344,9018400
2019-08-01,38.88887703613831,38.97040521788403,37.24925625018948,37.403255462646484,21228900
2019-08-02,37.43042550555022,37.63877450834718,36.53361907853756,36.91408157348633,8811900
2019-08-05,36.071629234732804,36.144100264617805,34.830592220627786,35.18387985229492,13878300
2019-08-06,35.654925541971586,35.845156781927045,35.08422836649686,35.700218200683594,9930000
2019-08-07,34.76717331270147,34.81246596752193,33.60766130677106,34.04248046875,21892100
2019-08-08,34.297282068651754,34.397380824247826,33.81499185130203,34.078887939453125,14452100
2019-08-09,33.84230007024154,33.97879904408507,33.20531411580668,33.55110549926758,13647600
2019-08-12,33.07790324257636,33.2417005720997,32.76850867251137,33.132503509521484,8733200
2019-08-13,33.05971590410172,34.597587405929254,33.01421393321995,34.28819274902344,11376700
2019-08-14,33.23260040848807,33.78769094185738,32.84130719550026,33.29629898071289,13862200
2019-08-15,33.532893607658984,33.70579270987593,32.85040592116949,33.26900100708008,7587100
2019-08-16,33.53289499386028,34.151684132895554,33.46919641819301,33.796791076660156,6311800
2019-08-19,34.44287284819448,34.661270407719805,34.08797985136335,34.30637741088867,5361700
2019-08-20,34.03339454541602,34.20629021285068,33.67849795755654,33.960594177246094,6790500
2019-08-21,34.46107769680578,34.48837956508937,33.98788581186277,34.224483489990234,4950400
2019-08-22,34.57029065766608,34.724986257878214,34.23359410782818,34.461090087890625,6901600
2019-08-23,34.16987872147378,34.60667037201503,33.077897859464926,33.28719711303711,8736700
2019-08-26,33.66939108398992,33.80589000393619,33.23259939999827,33.36909484863281,5920500
2019-08-27,33.52380364983154,33.760397912705145,32.859515886068365,32.868614196777344,9081800
2019-08-28,32.64110076932336,33.505585618986316,32.622900686336564,33.42368698120117,10094400
2019-08-29,33.75129361021402,34.533880102139754,33.72399521162056,34.36098098754883,7658200
2019-08-30,34.74316696681584,34.96156104188068,34.49747102888448,34.82506561279297,6896900
2019-09-03,34.58846722536779,34.67946764741454,33.94237984973612,34.54296875,7749800
2019-09-04,35.06166307683618,35.24366047074893,34.879669154235,35.18906021118164,6904000
2019-09-05,35.93524774240673,36.73603067403815,35.78054875179545,36.05354309082031,9395000
2019-09-06,36.02624206847348,36.490332063807045,35.889743173269494,36.3083381652832,7047900
2019-09-09,36.6541394768366,37.600523284409356,36.6541394768366,37.400325775146484,7962500
2019-09-10,37.646013185970034,38.173805236816406,37.555016232319204,38.173805236816406,8701400
2019-09-11,38.21931405567014,38.929100205884104,37.773420530976615,38.9109001159668,6799700
2019-09-12,38.36490449725801,39.27488800380712,37.92811283067183,39.192989349365234,8829400
2019-09-13,39.675277544822386,40.03927231805656,39.57518227992884,39.693477630615234,6777600
2019-09-16,39.20209313182414,39.802682137987745,39.120194473196754,39.6752815246582,6585000
2019-09-17,39.24758927720814,39.32948793095677,38.810797614319306,39.22938919067383,6244300
2019-09-18,38.82899290821733,39.45688372269397,38.42860143202218,39.338584899902344,6663000
2019-09-19,39.25669317558102,39.42959228662473,38.892701806991425,39.056495666503906,4935700
2019-09-20,39.120195410842584,39.49328853768494,38.90179782549766,38.92909622192383,10962100
2019-09-23,38.44680081027821,38.96549109971789,38.164704690755556,38.74709701538086,4463300
2019-09-24,38.929091369160716,39.083790362685775,37.828012213945016,38.0282096862793,5693600
2019-09-25,38.05551164144465,38.52870350223826,37.9281145003294,38.03731155395508,7229200
2019-09-26,37.93721858417881,38.037317344955135,36.98173640903508,37.209232330322266,8429200
2019-09-27,37.56412759472637,37.86442389450361,37.4458322081285,37.68242645263672,6272300
2019-09-30,37.98271468440699,38.15561030823346,37.58231970308628,38.064613342285156,4931400
2019-10-01,36.21734846077098,36.290148818769715,33.59659458512277,34.36098098754883,35680100
2019-10-02,33.86048461665123,33.99698352781665,33.132498523495826,33.22349548339844,20944000
2019-10-03,32.88679795270663,33.15069395924003,31.776617146815106,31.940414428710938,24552800
2019-10-04,31.940419935024583,32.56831078097311,31.92222331950898,32.459110260009766,14326700
2019-10-07,32.6411063415444,32.89590407554564,32.249813168807144,32.258914947509766,10249300
2019-10-08,31.84941625819015,32.2316075870592,31.467224929321095,32.058712005615234,13000100
2019-10-09,32.386313384012496,32.814006746173185,32.295316421188,32.459110260009766,14228200
2019-10-10,32.94140293224622,33.287197629363554,32.75030723304119,32.886802673339844,13028000
2019-10-11,33.660282751820894,34.315468347036564,33.50558379053075,33.92417526245117,11315900
2019-10-14,33.69668277558421,34.42467224205035,33.69668277558421,34.3245735168457,9452500
2019-10-15,35.462054965242736,36.60863254632288,34.82506587739321,36.162742614746094,12800400
2019-10-16,35.198166165024354,36.00805101912101,35.18906438502778,35.50756072998047,13056700
2019-10-17,35.99895205226233,36.153647596256086,35.671357404614504,35.89885330200195,6928300
2019-10-18,35.88065926906806,36.44484821783718,35.88065926906806,36.344749450683594,7582800
2019-10-21,36.88163017398708,37.318421837782694,36.608635818028766,37.218326568603516,7654700
2019-10-22,37.20922428073156,37.70971450502826,36.981728408659286,37.23652267456055,7142600
2019-10-23,37.100026473974054,37.800714162157895,36.99082942958389,37.64601516723633,5969800
2019-10-24,37.69151786098984,37.74611812494586,36.92713499347663,37.300228118896484,6359100
2019-10-25,37.08182665356377,37.545916699028865,36.95442952231106,37.29112243652344,3928100
2019-10-28,37.47312984599585,38.01002037934304,37.35483099049564,37.746124267578125,5534500
2019-10-29,37.4731161571463,37.85530751348532,37.19102005748335,37.272918701171875,5708300
2019-10-30,37.08183089215795,37.90991581126532,36.808836512367634,37.58232116699219,5284700
2019-10-31,37.35483146655038,37.58232739932025,36.40844755311273,37.04543685913086,7119700
2019-11-01,37.50042128716301,38.23750921282226,37.48222119959357,38.01911163330078,6238700
2019-11-04,38.45589634394795,39.42047998225233,38.31029914112003,39.32948303222656,8368800
2019-11-05,39.35679050844944,39.76628382071882,38.82899835678848,39.5114860534668,8986000
2019-11-06,39.38409280652689,39.638890599016854,39.10200008559794,39.20209884643555,4888400
2019-11-07,39.76851066877402,40.06085874215999,39.5492513562665,39.74110412597656,5835000
2019-11-08,39.713701810434685,39.996912076324705,39.59493430389715,39.777652740478516,4274200
2019-11-11,39.38480850573463,39.777651916474206,39.33912976880161,39.49443817138672,3455200
2019-11-12,39.59492988027599,40.10654074853281,39.39393927398512,39.72283172607422,3887100
2019-11-13,39.29344798198221,39.29344798198221,38.74529616258671,39.11073303222656,4443900
2019-11-14,39.010236783502876,39.65888390075042,38.772701778412895,39.63147735595703,5358000
2019-11-15,39.99690917771902,40.59987753519494,39.85987297401234,40.51765441894531,7064400
2019-11-18,40.44456976669229,40.517655046121,39.79592266460702,40.36234664916992,6983100
2019-11-19,40.59074196160549,40.91049657903569,40.38975135346996,40.56333541870117,6093500
2019-11-20,40.26185418576309,40.937911364841064,39.85987640783781,40.883094787597656,6188200
2019-11-21,45.69770449935408,46.56561441022314,43.395460692811945,43.879661560058594,42834400
2019-11-22,43.5599141806144,44.400414202197446,43.31324478687206,44.03498077392578,16855500
2019-11-25,43.57817136134944,45.21349558328172,43.294957676832574,45.049049377441406,37435100
2019-11-26,44.966842856653216,45.4875882054916,44.455231862590594,44.98511505126953,23072200
2019-11-27,45.30485558235327,45.725105471966565,44.9394187743899,45.53325271606445,11805900
2019-11-29,45.26831972954273,45.6977075370031,45.07646693751061,45.22264099121094,4867700
2019-12-02,45.64288960366228,45.980919924414316,45.286590576171875,45.286590576171875,11375200
2019-12-03,44.784119394429524,44.857204679668456,44.14460659453302,44.45522689819336,11151000
2019-12-04,44.436952016590766,45.12214351393145,44.436952016590766,44.793251037597656,6799000
2019-12-05,45.012509699998176,45.03991624214437,44.30904607604709,44.5283088684082,9766900
2019-12-06,45.28659696764584,45.652033885145215,44.69276284797555,44.72017288208008,14627100
2019-12-09,44.67449413865884,44.811530368922554,44.427824742106466,44.72017288208008,7147400
2019-12-10,44.592265229044585,44.98510864468646,44.46435988494607,44.93942642211914,8317700
2019-12-11,44.70189640567214,45.323137014873154,44.68362421304101,45.31399917602539,11033600
2019-12-12,45.53325738295772,47.186854055133644,45.368811151025795,46.6569709777832,16916600
2019-12-13,46.73005792409603,46.92191069220297,45.505849070122714,45.633750915527344,15217100
2019-12-16,46.13623168224156,46.15450387537295,45.387089189176656,45.42363357543945,11036800
2019-12-17,45.27744807913997,45.414484265415716,45.16781494804304,45.213497161865234,9239100
2019-12-18,45.35968126284281,45.35968126284281,44.35473158155849,44.45522689819336,19820300
2019-12-19,44.45523078471731,44.65622143555878,43.81571792891103,44.03498077392578,9618000
2019-12-20,44.11719159482738,44.217686892206174,43.760892620530754,43.96187973022461,15327300
2019-12-23,44.24510415902038,44.628809767413635,43.8796672590667,44.50090789794922,6931800
2019-12-24,44.59226886546992,44.59226886546992,44.16288103078403,44.50090789794922,1819000
2019-12-26,44.546581690040455,44.69275573676904,44.31818452421053,44.37300109863281,3408600
2019-12-27,44.3547289120533,44.49176860559205,44.09892520151609,44.16287612915039,3733600
2019-12-30,44.30905342059965,44.427820931359506,43.61472751898356,43.68781280517578,5121400
2019-12-31,43.69694476334016,43.797436582697145,43.29496354565641,43.45027542114258,8841400
2020-01-02,43.632993948334466,44.199421440802936,43.441141161400424,44.062381744384766,5644800
2020-01-03,43.34063922016853,43.48681324762869,42.847304055655336,42.94779586791992,6698900
2020-01-06,42.618911740340366,43.29496538690967,42.564095166943886,43.24928665161133,6804300
2020-01-07,43.24928890181846,43.86139165380422,43.21274451765279,43.50509262084961,9985100
2020-01-08,43.36807213244731,43.85227320048165,43.29498333761504,43.770050048828125,10887000
2020-01-09,44.3090501808314,44.34559456378769,43.751760538472524,43.95275115966797,9749600
2020-01-10,43.971030198714,43.99843674766713,43.50509795612249,43.6695442199707,7452900
2020-01-13,44.007569213450594,44.08065798760819,43.65127015209373,43.87053298950195,8906000
2020-01-14,43.91621477145911,43.961893515937994,43.432013806866244,43.58732223510742,8874500
2020-01-15,43.22187813267536,43.53249839760186,42.874713487154224,43.04829406738281,7654900
2020-01-16,42.92953450082057,44.82979718256832,42.920396662194264,44.765846252441406,13752200
2020-01-17,44.85720197992175,45.003376026666466,43.9892955377236,44.16287612915039,10257100
2020-01-21,43.8888106563989,44.65622545543485,43.6878199874646,44.26338195800781,8849900
2020-01-22,43.98929857601466,44.79325414610681,43.72435700890809,44.70189666748047,6699600
2020-01-23,44.21770083368611,44.45523239642105,43.815719517429535,44.23596954345703,8126200
2020-01-24,44.20856229266015,44.32732981467657,42.938674394765734,43.075714111328125,11268100
2020-01-27,42.02507946799976,42.35397195188135,41.650508246926684,41.805816650390625,9537800
2020-01-28,42.15297833459012,42.56409391026547,41.851495902470866,42.29915237426758,7282900
2020-01-29,42.5549624802416,42.68286433811087,41.92458405922269,41.979400634765625,5918700
2020-01-30,41.476915409744045,43.24014132842437,41.467777573964206,43.11223602294922,11536600
2020-01-31,42.60064544276082,42.783363894296336,41.54088260593237,41.61396789550781,12297200
2020-02-03,41.897173275710614,42.856440597755956,41.64136958584889,41.73272705078125,10490500
2020-02-04,42.62805161829123,43.83398850879931,42.48187755535281,43.01176071166992,10595100
2020-02-05,43.70608333408547,44.172012035383105,43.38632868467183,44.1171989440918,9583000
2020-02-06,44.43694198059345,44.56484380693373,43.231005496437405,43.696937561035156,8767600
2020-02-07,43.03002179652713,43.47768174531346,42.86557556922309,43.22187805175781,5680200
2020-02-10,42.838179640954536,43.12139343261252,42.47274620033579,42.72854995727539,6062000
2020-02-11,42.966077383841984,43.82485303101977,42.81076897066739,43.55077362060547,7082600
2020-02-12,43.943614467962554,44.17201163980241,43.477685770837525,43.660404205322266,5136400
2020-02-13,43.45865386130505,43.65123199257385,43.238565567923665,43.36695098876953,5873100
2020-02-14,43.21105634102434,43.39446560315351,42.80755876293272,43.31193161010742,7106600
2020-02-18,43.128528626997685,43.38530303065822,42.367384800972744,42.853416442871094,8165700
2020-02-19,43.091834955636905,43.880488683174306,42.94510827397413,43.50450134277344,6377500
2020-02-20,43.41279994230034,45.43946339429937,43.376117396087835,44.54993438720703,16198800
2020-02-21,44.10058256221041,44.41237721292346,42.119770515986424,42.35820007324219,13500500
2020-02-24,40.79005501612442,40.863420104336996,39.87301240290695,40.166465759277344,13407600
2020-02-25,40.340710389782224,40.35904816554786,37.947228354729546,38.14897537231445,16466000
2020-02-26,38.524957239570284,38.88260678422671,37.800496260164266,37.98390197753906,15389400
2020-02-27,36.846767347125166,39.43282687636731,36.764233383500866,38.433250427246094,28185100
2020-02-28,36.910977743886,38.16732557205857,36.23236443992758,37.36949920654297,27459700
2020-03-02,37.507036344485535,38.56163302761947,36.287368247797644,38.497440338134766,21834000
2020-03-03,38.16732378918292,38.46994961955598,34.80177808964821,35.12274169921875,28382000
2020-03-04,35.26029070184588,35.34282468053226,33.69214860504488,34.07730484008789,26339300
2020-03-05,32.92182518965574,32.92182518965574,31.592112944157684,31.913076400756836,28000700
2020-03-06,30.308267513909996,32.15152572433959,29.932280060267512,31.298675537109375,29385700
2020-03-09,28.299939791730576,29.22615317804536,27.685521079981967,27.75888442993164,24766500
2020-03-10,29.235323066814605,30.207387924194336,27.5112834094362,30.207387924194336,20293200
2020-03-11,29.253659465757796,31.07857408448433,28.65758210774079,29.73969268798828,27992400
2020-03-12,27.47460186701901,27.795567201733235,25.778074060467365,26.0715274810791,32521600
2020-03-13,27.859757091147173,31.087749637603114,27.547964175233776,31.06023597717285,26153200
2020-03-16,26.21824888678093,29.950612104637187,25.677193596076854,28.024822235107422,23373900
2020-03-17,28.78596563807731,30.931845386252903,26.52087112572303,30.88599395751953,21796200
2020-03-18,28.51085537521948,31.252814365507053,27.841414678193818,29.730520248413086,24241700
2020-03-19,28.8409911536737,30.216555086298136,27.538790560824435,29.180295944213867,18311100
2020-03-20,29.8038870338502,30.20738455278816,27.538792248960817,28.19906234741211,15922500
2020-03-23,28.26325827469976,28.26325827469976,25.686368545819086,26.135719299316406,20573000
2020-03-24,27.749717590118767,28.914362460432624,26.814333438412177,28.17155647277832,17925200
2020-03-25,28.5383702761471,33.811364178137836,27.91478094537388,31.33534812927246,22746200
2020-03-26,31.335348392465107,33.2886503860945,30.23489991549568,31.32617950439453,16976500
2020-03-27,29.85890996314118,31.977276247170458,29.46458134352082,30.82180404663086,12461700
2020-03-30,30.436641371078995,31.702161086049053,29.978120090114167,31.482072830200195,10078800
2020-03-31,31.078572682187787,31.92225368045674,30.262405340304024,30.830970764160156,10708400
2020-04-01,29.189467739822533,30.766780482204478,28.96937771175436,30.225725173950195,11700200
2020-04-02,29.730524488403727,31.702167814296228,29.638821612044282,31.537099838256836,15329500
2020-04-03,31.252820960816237,32.06898851027254,30.271581925786375,30.812637329101562,9127900
2020-04-06,32.42663448709294,33.398697631788366,31.64714599566355,33.08690643310547,11658800
2020-04-07,34.66420391137582,34.66420391137582,31.84888386965183,32.04146194458008,13087400
2020-04-08,32.509157938033034,33.7104813968264,31.757183353703883,33.46288299560547,8104600
2020-04-09,34.12316025610687,34.80177343765482,33.11441461951882,33.50874328613281,12354400
2020-04-13,33.380364869615526,33.582111940357365,31.628812970305912,31.885583877563477,11531300
2020-04-14,32.68340541194211,33.343677359089455,31.73885243062688,33.206119537353516,12376800
2020-04-15,31.66547790016735,32.0689788580858,30.904334408326083,31.79386329650879,11516400
2020-04-16,31.289504631294967,32.13318596860839,30.876834602078688,31.729684829711914,10852100
2020-04-17,33.196948387668755,33.97643332911338,32.42663233453645,32.820960998535156,13305000
2020-04-20,32.21571430860586,33.783856645593964,32.19737303295072,33.554595947265625,11016500
2020-04-21,32.591696394032844,33.16943074078415,32.27072936981983,32.95851135253906,9671800
2020-04-22,33.444541416498105,33.51790299812001,32.70173572497887,32.89431381225586,8397300
2020-04-23,33.17860693918193,33.46289145074281,32.39912200181631,32.68340301513672,8748800
2020-04-24,33.13275482981903,33.32533296363091,32.29824608506047,32.463314056396484,8043200
2020-04-27,32.94016684058397,33.99476717634144,32.69256842960482,33.78384780883789,11030800
2020-04-28,34.53584283199506,34.79261377926345,33.85722940218917,34.00395965576172,7674800
2020-04-29,34.957665920623995,35.847198438096726,34.673384929197596,35.572086334228516,8225300
2020-04-30,34.8476331887551,35.39785757664943,34.43496314871368,34.59086227416992,8061700
2020-05-01,33.65546918056869,33.884729865043624,33.27030941156577,33.42620849609375,8176600
2020-05-04,33.07773773641897,33.24280574133869,32.2707389899493,32.67424011230469,7292100
2020-05-05,33.2428054156894,33.2428054156894,31.968116333261538,32.004798889160156,7645300
2020-05-06,32.399118059754535,32.536672356425846,31.674653536602808,31.702163696289062,5791200
2020-05-07,31.98794373209972,33.43523655034912,31.904977744965315,32.421207427978516,10672300
2020-05-08,33.075712955438874,33.794749046899376,33.01118425577193,33.656471252441406,9489400
2020-05-11,33.12180722805379,33.51819985524742,33.001966696993904,33.038841247558594,9750800
2020-05-12,33.1955448330794,33.1955448330794,31.314988921487966,31.637632369995117,10475300
2020-05-13,31.37952917480122,31.48093244357135,30.07051059443854,30.55908966064453,10168100
2020-05-14,29.710987360133057,30.88172791501677,29.397560727199224,30.7895450592041,10143000
2020-05-15,30.300962871931,30.642047138770426,29.904570304074497,30.015193939208984,6780900
2020-05-18,31.213588516901986,31.886533139411107,30.457677926327353,31.536231994628906,15300500
2020-05-19,31.342650105554597,31.619202197293482,30.39315330118253,30.411590576171875,7009100
2020-05-20,30.42079764202105,31.287328187684434,30.217991199111736,31.056867599487305,8876200
2020-05-21,30.64205444916228,31.029226714851657,30.32862777460616,30.62361717224121,7426300
2020-05-22,30.503768998604684,30.632826388211484,29.90456995651583,30.26409149169922,7300200
2020-05-26,31.527019606959506,32.227618479758306,31.370304526492912,31.803571701049805,14756000
2020-05-27,33.37070366387103,34.19114303588867,33.01118560346335,34.19114303588867,13261300
2020-05-28,34.624403812408865,34.68893250281681,33.10336235782182,33.1955451965332,8760900
2020-05-29,32.65166244107949,33.25086152369809,32.467296738627944,33.10336685180664,14247600
2020-06-01,33.223207628470526,33.76709489462794,33.13102125998175,33.656471252441406,7469800
2020-06-02,34.10818241278682,34.596757954484445,33.88693860120518,34.237239837646484,6232800
2020-06-03,35.30657953871979,36.551069463970165,35.12221027017699,36.4220085144043,9672100
2020-06-04,36.892142790001486,38.45927597771006,36.09014067967879,38.422401428222656,26855900
2020-06-05,41.21557894992739,42.2756992731877,39.37189387750961,39.473297119140625,20489900
2020-06-08,39.64845177996015,39.88813284397589,38.0905389300607,38.55146026611328,12200400
2020-06-09,37.472905696645114,37.87851520282982,36.95667253886857,37.03963851928711,11529200
2020-06-10,36.551065849287795,36.82761796647698,35.066898483292995,35.14064407348633,11641200
2020-06-11,33.684125287077364,34.63362192249287,33.260078587430634,33.333824157714844,11348300
2020-06-12,34.70737666858068,34.75346809709256,32.670101769470165,33.70256805419922,15666500
2020-06-15,32.58713198953867,34.24645135477558,32.41198317500818,33.78553009033203,10012600
2020-06-16,34.91017882999553,35.030019354526736,33.57350633552586,34.034427642822266,12662400
2020-06-17,34.14504696363305,34.3017585003203,33.5919393550044,33.80396270751953,12120900
2020-06-18,33.46288064874778,34.17269976608045,33.19554549094393,33.99755096435547,10430100
2020-06-19,34.716588327654264,34.716588327654264,32.9650861751553,33.80396270751953,14817900
2020-06-22,33.564284709353984,33.89614856631689,33.343040965862045,33.57350158691406,8242500
2020-06-23,33.942256061659776,34.17271679185386,33.075724982088644,33.08494186401367,9923100
2020-06-24,32.72541656100068,32.762291113774026,31.03844269540466,31.158283233642578,14398500
2020-06-25,30.955470162517273,31.554665625799824,30.67891462317943,31.416391372680664,14814500
2020-06-26,30.99234588440658,31.112186401847776,29.157879400890646,29.26850128173828,28270700
2020-06-29,29.59114478585774,30.217998008330827,29.434433238514615,30.190343856811523,12378300
2020-06-30,30.052061101951594,31.333425003304715,29.987532414698883,31.102964401245117,15650400
2020-07-01,31.0476631877837,31.45327271989076,30.24566100351594,30.439247131347656,21721400
2020-07-02,31.158270620722536,31.51778857335192,30.67891217836687,30.780315399169922,7862700
2020-07-06,31.434828754043256,32.163085194112774,31.351862785977737,31.536231994628906,13573500
2020-07-07,31.158281197082253,31.508582392430913,30.909383256956943,31.241247177124023,7198500
2020-07-08,31.361083172219853,31.83122131343335,31.121402146071667,31.739038467407227,6916000
2020-07-09,31.628423500801066,31.76669779236367,30.80798056470637,31.232030868530273,8475800
2020-07-10,31.167490517664348,32.18151567646538,31.167490517664348,32.08011245727539,6258800
2020-07-13,32.45807451275146,32.670097871851674,31.628418348865846,31.739038467407227,8679900
2020-07-14,31.6007667362926,32.153874468071216,31.314997748930278,31.84966468811035,7862300
2020-07-15,32.36588551197695,33.011175861100874,32.07089624092878,32.87289810180664,9873300
2020-07-16,32.16308452804609,33.26007936270023,31.75747509065344,32.190738677978516,12191300
2020-07-17,32.19074068251841,32.3474557471778,30.817197229908313,30.826414108276367,11840000
2020-07-20,30.80797846368096,31.287337044818578,30.45768080237118,31.195154190063477,9564100
2020-07-21,31.388741832240214,32.59635698135766,31.361087677769422,32.48573684692383,11384700
2020-07-22,32.31057435189705,32.42119445161766,31.775907606122793,32.13542556762695,7585000
2020-07-23,32.08011738871294,33.04805128300709,31.81278222730743,32.458072662353516,7457300
2020-07-24,32.45806915823678,32.734621167243326,32.006368364054325,32.209171295166016,6577600
2020-07-27,31.849661601855985,31.969502126278016,31.020005359408586,31.195154190063477,10588000
2020-07-28,30.973904953328127,31.361080611433415,30.927813534078656,31.029216766357422,8882800
2020-07-29,31.075307145243926,31.444045519994546,30.81719239284835,31.416391372680664,6592700
2020-07-30,30.8264101424173,31.093745295851846,30.319397500194782,30.95547103881836,7323500
2020-07-31,30.817204514567678,30.854079069857022,30.107385149727886,30.55908966064453,10384800
2020-08-03,30.678925839498724,30.992352517661676,30.227224857663053,30.734237670898438,7285600
2020-08-04,30.52221042065709,31.296558380126953,30.52221042065709,31.296558380126953,14859100
2020-08-05,31.536240195811576,31.665297620464475,31.232033911494177,31.527023315429688,8142100
2020-08-06,31.119263094808684,31.489949018955098,30.600298558815687,30.711503982543945,8077700
2020-08-07,30.60029642633994,31.564086125237996,30.43348653479388,31.545551300048828,7823100
2020-08-10,31.564088400343923,31.767964421807054,31.09145916184465,31.323139190673828,6043100
2020-08-11,31.944045237488215,32.954170359335436,31.72163084228907,32.398136138916016,12160300
2020-08-12,32.89856524024654,33.36192531405283,32.20352512953711,32.286930084228516,8998700
2020-08-13,31.962574648638196,32.36106099994947,31.60115087579187,32.07378005981445,5937600
2020-08-14,31.925502502986358,32.861488082899854,31.77722745462909,32.48153305053711,8740700
2020-08-17,32.323995143285615,32.69468102853864,31.944040078186386,32.083045959472656,8340900
2020-08-18,31.971837929834237,32.435197899831834,31.730892300904138,32.38886260986328,7710000
2020-08-19,32.38886452543328,33.269249227528384,32.38886452543328,33.093170166015625,8035700
2020-08-20,32.648350839296164,32.75955626874324,31.953310718727437,32.01818084716797,8161000
2020-08-21,32.01817527032019,32.33326021150356,31.72162515334246,31.925504684448242,5804500
2020-08-24,31.971844122688573,32.898564242186794,31.934774469471037,32.546409606933594,9920000
2020-08-25,32.8985614030532,33.241446827832775,32.65761574824613,32.94489669799805,5261000
2020-08-26,32.972699523725225,33.10243975899283,32.5464056340736,32.82442092895508,4117800
2020-08-27,32.889293123507954,33.704804147648204,32.55567337037962,33.436058044433594,6467400
2020-08-28,33.50092407559389,33.797474145525285,33.22290529177199,33.621395111083984,6156500
2020-08-31,33.48239521546771,33.54726533386732,32.852225320880386,32.926361083984375,8331400
2020-09-01,32.583478229632725,33.602868914777794,32.39813350456364,33.176578521728516,6146400
2020-09-02,33.15803504102984,33.47311993085907,32.86148497238535,33.33411407470703,8021200
2020-09-03,33.63994619117442,34.17744566218108,32.62055527498871,32.796630859375,13777900
2020-09-04,33.5935993912502,34.186699614877625,33.01903399150565,33.547264099121094,11454000
2020-09-08,32.870761709908614,33.08390689981702,32.073781891460165,32.1201171875,9022900
2020-09-09,32.37031925162663,32.6854040895515,32.0274339540821,32.462989807128906,7657700
2020-09-10,32.620546869105745,32.787356762974326,31.990376944525877,32.1201171875,5709900
2020-09-11,32.147920568270465,32.963435285990286,32.147920568270465,32.65761947631836,5890300
2020-09-14,32.89856060035841,33.51946131481409,32.74101989435849,33.1117057800293,6875600
2020-09-15,32.138647800833226,32.54640330176209,31.31386761988845,32.20351791381836,12952500
2020-09-16,32.37033047353136,33.436059907042115,32.25912506134575,33.1117057800293,8778900
2020-09-17,32.564943927389336,33.42679390793958,32.490808157263245,33.185848236083984,7298400
2020-09-18,33.00050397863049,33.86235397147097,33.00050397863049,33.38972473144531,9021000
2020-09-21,32.56494534069292,33.28778592278731,31.97184501331734,32.65761947631836,11448100
2020-09-22,32.59273555176105,33.17657004932829,31.925499661125617,32.40739440917969,7816900
2020-09-23,32.61127061414285,33.18583947289104,32.222049969657675,32.23131561279297,8151900
2020-09-24,32.35179350456943,32.407397974554705,31.60114906797052,31.842098236083984,7039200
2020-09-25,31.601151740361402,32.5000713044499,31.471411501246852,32.37959671020508,5768400
2020-09-28,32.90782504820837,33.649203862898844,32.824420108313504,33.547264099121094,6035300
2020-09-29,33.50093573239404,33.60287198208814,32.889300558444894,33.15804672241211,7150300
2020-09-30,33.436059732077425,33.99209032525219,33.32485078531743,33.57506561279297,7214300
2020-10-01,34.205234995302575,34.99294557978254,33.91795052317789,34.965145111083984,19959000
2020-10-02,34.44617830135093,35.66018268936023,34.353507721874934,34.90953826904297,22728100
2020-10-05,35.3729051758691,35.87333488758368,34.05696430634932,34.23303985595703,94997700
2020-10-06,34.41838516036942,34.714935319999476,33.42679490126451,34.05696487426758,19905300
2020-10-07,34.742739897317584,35.363640699483085,34.195974868696304,35.0114860534668,18282600
2020-10-08,35.057827415555124,35.169032851464294,34.69640356232546,34.974422454833984,10818300
2020-10-09,35.40070447527965,35.64165011823354,34.81686988925799,35.428504943847656,11643900
2020-10-12,35.44703753614393,35.70651798685794,35.122686972751424,35.650917053222656,14481600
2020-10-13,35.52116691089302,35.68797320038509,34.66858296990181,34.85392761230469,10841100
2020-10-14,34.56665883790776,35.15975913310739,34.29790916190898,34.39984893798828,10013400
2020-10-15,34.5759275883018,36.179152908550094,34.51105746526884,36.169883728027344,15403400
2020-10-16,36.40155464381723,36.85564892662236,35.734318754493756,36.410823822021484,14090400
2020-10-19,36.522040773650254,36.66105020946529,35.891870792227245,36.04014587402344,12294100
2020-10-20,36.31815892610174,37.18000888956864,36.216222686093495,36.26255798339844,9961200
2020-10-21,36.26255034328528,36.53129642509477,35.90113015123471,36.077205657958984,7672700
2020-10-22,36.06794366996935,37.31901789397284,35.87333330239877,37.18927764892578,10093800
2020-10-23,37.73603927255168,37.93064962278003,36.994660449509176,37.393150329589844,8243400
2020-10-26,36.90199437212936,37.068804274175676,35.836264835184146,36.28109359741211,11991800
2020-10-27,36.1884127775811,36.34595700491175,35.50264200493522,35.650917053222656,7881800
2020-10-28,35.06709320621694,35.706528884266504,34.557397793120295,35.35437774658203,13941200
2020-10-29,35.18755806520251,37.7916388942066,34.59445785553832,37.356082916259766,14757200
2020-10-30,37.16147247321688,38.125262170601324,37.06880188257302,38.09746170043945,13154600
2020-11-02,38.2457346337429,39.5616753303141,37.89358004565299,38.23646545410156,12719800
2020-11-03,39.00564831680059,40.56253833434018,39.00564831680059,39.44120788574219,12927300
2020-11-04,37.05953369088375,38.885169654238545,36.60543934355823,37.84724426269531,15044200
2020-11-05,37.81017859846188,39.10758812594829,37.81017859846188,38.41254806518555,9876000
2020-11-06,38.90369627610076,38.92223109607945,37.97697648809887,38.11598587036133,6824100
2020-11-09,41.87847798246632,42.52718272752784,40.55326802196349,41.66533279418945,14747800
2020-11-10,41.952611456402536,43.08321089689177,41.58192207209775,43.01833724975586,10791600
2020-11-11,43.97286563794877,44.000666107287316,42.52718113468699,42.84226608276367,14938300
2020-11-12,42.23754489792484,42.33057771507146,41.17695161799107,41.60491180419922,9621300
2020-11-13,41.94913075835433,43.009720319209805,41.87470167739483,42.79574203491211,7519300
2020-11-16,43.80982943730493,44.107538759980905,42.77714867159603,43.62376022338867,10664000
2020-11-17,43.595840930015235,45.5309510767239,43.493502708747016,45.49374008178711,16788600
2020-11-18,45.5123382085658,46.368254868404776,44.377323150634766,44.377323150634766,15442400
2020-11-19,43.64236179728135,44.0331074503474,43.028335955870084,43.80052185058594,11022100
2020-11-20,43.41908045218805,43.67957875157608,43.186494839612,43.36326217651367,6365800
2020-11-23,43.98658738242189,44.98205346302085,43.47489977400717,44.87971878051758,6970600
2020-11-24,45.52165557978878,46.405481601888596,45.21464087305921,46.32175064086914,10115700
2020-11-25,45.65190510024158,46.65667667974081,45.46583589489265,46.28453826904297,9898100
2020-11-27,46.154283270056865,46.60084715978297,46.01473050184119,46.238014221191406,4626600
2020-11-30,46.01473610773676,46.275234403543784,45.13091008230258,45.382102966308594,21664600
2020-12-01,46.59154645836385,47.46606698723396,46.21010268893845,46.53572463989258,12399900
2020-12-02,46.126366675076426,47.447450858209365,46.09845399656357,47.317203521728516,6785000
2020-12-03,47.11253339955238,47.66143549729254,46.73109319935833,47.51258087158203,7579300
2020-12-04,47.83820775141981,48.20104429318532,47.41025107012697,47.43816375732422,7371400
2020-12-07,47.06602561280471,47.51258957170744,46.9450800982139,47.22418212890625,7657100
2020-12-08,46.65668132437586,47.41956194817318,46.65668132437586,47.02881622314453,7494200
2020-12-09,47.373041980473744,47.447471089612634,46.665983188530596,47.02881622314453,5592000
2020-12-10,46.66597120105968,46.861342238899816,46.07985453856493,46.61014938354492,7825300
2020-12-11,45.847275062454,46.070558813279504,45.48444207271552,45.9868278503418,7629500
2020-12-14,46.87995468830634,48.08939914288895,46.34965978476647,46.36826705932617,7981000
2020-12-15,46.777616309742236,47.94984976059732,46.53572883915493,47.493980407714844,7674600
2020-12-16,47.50328588401364,48.10800633579114,47.08463107956785,48.08009719848633,7448000
2020-12-17,48.09870067743848,48.41501722150575,47.735867725209,48.173126220703125,7291000
2020-12-18,48.275464754415374,48.5824794383884,47.75447530133312,48.359195709228516,16739600
2020-12-21,48.284774497070956,48.43362914687298,47.400948461194936,48.14522171020508,7605400
2020-12-22,48.145226889538364,48.44293622116919,47.86612483475637,48.04288864135742,5444100
2020-12-23,48.23824757456167,49.038342532657346,48.00566199599778,48.70341873168945,4254100
2020-12-24,48.73132969904514,48.73132969904514,48.228944015277605,48.43362045288086,1633100
2020-12-28,48.95461008837939,49.28023201781582,48.63829356922712,49.2523193359375,4635000
2020-12-29,49.29883890878467,49.61515542549472,48.86157690213349,48.880184173583984,3421500
2020-12-30,48.88018851215075,49.243021465204734,48.703421192168435,48.75924301147461,3971500
2020-12-31,48.88949804158211,49.4197929867466,48.619697862751046,49.345367431640625,4085100
2021-01-04,49.5128296376217,49.745415265684215,48.312686945065074,49.084869384765625,8650000
2021-01-05,48.34058347138035,49.26162387973232,48.32197620011348,49.09416198730469,7995700
2021-01-06,50.582715573083476,53.801702992046245,50.27570442485812,53.41095733642578,16551800
2021-01-07,53.85751212946703,55.29954190301684,53.61562470671264,54.946014404296875,10949600
2021-01-08,54.74135372048203,55.42980874307978,54.17384421853829,54.87160110473633,9165300
2021-01-11,54.750639110818575,56.146152463335355,54.08079511491283,56.05311965942383,8766100
2021-01-12,56.5648123360707,57.7184383742127,56.22988853309482,56.93695068359375,12194500
2021-01-13,56.36013546214342,57.095103145730704,55.066956747685566,55.36466598510742,17171700
2021-01-14,55.4577184344295,55.625180372700584,55.011154448698306,55.19722366333008,9165800
2021-01-15,54.48084808198582,55.04835392172607,53.92264055501561,54.65761184692383,9952400
2021-01-19,55.113480978316716,55.4390993729719,53.80169844003189,55.10417556762695,8277200
2021-01-20,55.21581027586466,55.308846628830274,54.06218789088296,54.52735900878906,9798200
2021-01-21,54.75995770935533,54.86229594769023,54.27617920475612,54.61110305786133,6367000
2021-01-22,54.1087131828958,54.815771836733674,53.894734859379405,54.33199691772461,5472400
2021-01-25,53.28071046679072,54.127321921430855,52.65737920404763,53.103946685791016,7888800
2021-01-26,53.48538487721232,53.67145051364815,52.21081326398477,52.2945442199707,6786900
2021-01-27,51.550266571876605,51.550266571876605,49.456996402121504,49.57794189453125,10579800
2021-01-28,49.912862531889694,51.559565171491016,49.83843344927716,49.9965934753418,11278600
2021-01-29,49.55004257466033,49.5779552644202,47.23349161617653,47.94985580444336,17772200
2021-02-01,48.49875164709688,49.97799624596898,48.349897000938824,49.652374267578125,8601100
2021-02-02,50.359431216857914,51.48514458217419,50.34082394441785,50.74087142944336,8720500
2021-02-03,50.87112190340469,51.46654046205873,49.27093186529104,49.73610305786133,10230400
2021-02-04,50.11754700737535,51.35490417480469,49.894266805822944,51.35490417480469,7890900
2021-02-05,51.810764588864245,52.462004948624056,51.43862977541181,51.85728454589844,7994500
2021-02-08,52.08056693471174,52.20151243998012,51.37350827485921,51.95962142944336,5377100
2021-02-09,51.615397134791266,52.59225596787127,51.15022592389844,52.35036849975586,5541200
2021-02-10,52.65737044853198,52.92717055544044,51.51304989564933,51.820064544677734,7549100
2021-02-11,51.94141186911029,52.6134276963273,51.71740421971742,52.20275115966797,6040300
2021-02-12,52.202737658953865,54.37746096541045,52.09073564346389,54.31212615966797,8138100
2021-02-16,55.00282171250905,57.26154777973778,54.732146868276715,56.888206481933594,11008900
2021-02-17,56.570865739915995,57.29888431402183,56.33752608816612,57.214881896972656,8785800
2021-02-18,56.92554260438893,58.08290527500328,56.59886495796418,57.80289840698242,6157700
2021-02-19,58.27891203168066,59.22160624922997,57.065546515277596,57.78423309326172,8421300
2021-02-22,58.474914108833005,58.885590585739145,57.94290002447358,58.754920959472656,8049400
2021-02-23,59.221598107948765,59.221598107948765,57.345545510996125,58.49357604980469,8613200
2021-02-24,58.80158750361106,61.06964902073162,58.325576219002656,60.145626068115234,11535200
2021-02-25,60.061630153304115,60.89231881601214,58.77359772730961,58.89493179321289,10584100
2021-02-26,58.71760259296339,59.06294435571852,57.16822711082795,57.60690689086914,9543600
2021-03-01,58.41891901374491,60.60297843334743,58.40025141317796,59.82828903198242,5863700
2021-03-02,59.4642763909886,60.4629698222495,59.20293711865283,59.54827880859375,6079400
2021-03-03,59.97762564414683,61.816343225938304,59.65094799778077,60.63097381591797,8831100
2021-03-04,60.50031076760693,60.82698488905413,58.82959783682066,60.45363998413086,11204300
2021-03-05,61.69499869960074,62.171013553728926,58.838923816752825,60.68696975708008,10204000
2021-03-08,60.96698803707465,61.25632694605516,60.052293407288886,60.16429901123047,8663200
2021-03-09,59.762945235277726,60.70563933969448,58.176238590660596,59.50160598754883,9761700
2021-03-10,59.88429071785857,60.73364333420476,59.613612311015196,60.69630813598633,8930500
2021-03-11,60.481636653091044,62.404352979903656,60.24829701649881,61.984344482421875,9233600
2021-03-12,62.535016326227264,63.66437919939469,62.31101229146476,63.141700744628906,5643300
2021-03-15,62.89902797971691,63.141703180631936,61.0976458118049,61.91899871826172,6855700
2021-03-16,61.695008040591716,61.695008040591716,60.68697894544946,61.10699462890625,5632400
2021-03-17,62.22702971083769,62.22702971083769,60.79899188105417,61.32167053222656,6881500
2021-03-18,62.451028573931595,63.37505161225963,61.59233323309064,61.6670036315918,7417000
2021-03-19,61.02298642055587,62.152349540815095,60.48164381152022,61.64834213256836,10670300
2021-03-22,60.98565415933395,61.34967060433142,60.41631190250413,60.45363998413086,5138800
2021-03-23,60.08962255936611,60.60297262455071,59.06292954995772,59.13759994506836,6259600
2021-03-24,59.80961914821705,61.38699029647908,59.753612791507535,59.846954345703125,5796700
2021-03-25,59.60428005925595,61.097652377364525,58.866925919479634,60.789642333984375,6220600
2021-03-26,61.51766199504586,61.66699565176296,60.612303113017745,61.33098602294922,6082100
2021-03-29,60.3509660070141,61.069648942357745,59.36160112231912,59.837615966796875,8113500
2021-03-30,59.99629394148935,60.733648142517886,59.71628705364379,60.44430923461914,6300200
2021-03-31,60.74297690834821,61.27499100371278,60.052286445554365,60.83631134033203,7536100
2021-04-01,60.798979136639666,62.05901183285776,60.705644700060745,62.01234817504883,5796900
2021-04-05,63.664397682208154,64.2990818990943,63.25371756511654,63.6083984375,8211800
2021-04-06,63.35638704614843,64.0564060827906,62.63770396841902,62.81504440307617,7360400
2021-04-07,62.684357928073894,63.095030810425136,61.97500350079817,62.581687927246094,7281400
2021-04-08,62.10568925673932,62.47903416396278,61.67634510576897,62.38569259643555,6361000
2021-04-09,63.76706614463987,64.24308107584866,62.7123733764339,63.067047119140625,6311100
2021-04-12,62.833698856051846,63.39371257571789,62.833698856051846,63.19770812988281,5620600
2021-04-13,63.16037555880978,63.16037555880978,61.77900880092358,62.16168212890625,4886500
2021-04-14,62.52569735539225,63.86040058200478,62.25502247771986,62.94571304321289,6702200
2021-04-15,62.39501953392933,62.99236845435266,60.285627153144,61.134986877441406,10163600
2021-04-16,61.358987183208825,61.44299315300718,60.05228382947752,60.425628662109375,10289400
2021-04-19,60.696301251502774,62.180344948273515,60.593631248287686,61.489654541015625,8750800
2021-04-20,61.01366031026576,61.3496700093418,59.37094701711201,59.445613861083984,7532800
2021-04-21,59.60428705856783,61.09765955204265,59.23094215495869,61.04166030883789,6442800
2021-04-22,60.90164069945062,61.66699436669726,60.042952608580734,60.481632232666016,8590800
2021-04-23,60.85497354185536,62.70302657159139,60.556299095944134,62.66569137573242,7270500
2021-04-26,63.02968861547356,64.26172136004985,62.86168382662411,63.253692626953125,7387100
2021-04-27,64.00040620062897,65.11110533973789,63.33772237372858,64.99909973144531,8745300
2021-04-28,64.97108998626734,65.36309887276857,64.59774513775922,65.20442962646484,6338800
2021-04-29,65.57777011027656,67.35115268193763,65.38176568007152,66.93113708496094,9816600
2021-04-30,66.66979310451624,66.95913193982425,65.53109467774834,65.70843505859375,8105100
2021-05-03,66.10979336010303,66.31513339770947,65.0924287522241,66.21246337890625,5394300
2021-05-04,65.69910831612452,66.85647093396733,64.0937304572996,65.41909790039062,11044100
2021-05-05,66.08179679003511,66.88448581719537,64.93376249087659,66.24980163574219,8739500
2021-05-06,66.5297953834472,66.87514060571122,65.4097679873398,66.75379943847656,4802800
2021-05-07,65.75511388082012,67.08981703184399,65.33510533774772,66.9684829711914,6233000
2021-05-10,67.35116619683093,67.70583993394898,66.34313710696489,66.36180114746094,5721200
2021-05-11,65.49377446874293,67.16448729929098,65.25110634791973,65.9231185913086,5380000
2021-05-12,66.28713162856853,66.7071473154346,64.08441165158203,64.51375579833984,8500500
2021-05-13,64.40144964384893,66.45084418868412,64.33594424074958,65.9080810546875,6317300
2021-05-14,66.12331305520844,68.65931798805285,66.07652042467153,68.5470199584961,8843300
2021-05-17,68.31306457519531,68.53765347335418,67.39598193675542,68.31306457519531,5207200
2021-05-18,68.65932424390678,68.86519327418894,66.31047534008995,66.34790802001953,5829600
2021-05-19,65.29982003777506,66.7690189389622,64.7570568412717,66.63800811767578,6552300
2021-05-20,66.90938012192149,67.0310309700858,65.8612865623599,66.19817352294922,4606600
2021-05-21,66.61927854718579,67.89196089552429,66.45083508521296,67.5363540649414,5414900
2021-05-24,67.68609088757009,68.35050484229329,67.38663661023634,67.94811248779297,4538300
2021-05-25,68.26628628556746,68.78097672230419,66.9374582446975,67.03103637695312,5920100
2021-05-26,67.64866083724894,67.64866083724894,66.16074220741739,66.93745422363281,7370400
2021-05-27,67.62993152060545,69.37987151741076,67.22753920645461,69.10848999023438,14693800
2021-05-28,69.1927152901765,69.53895502451512,68.49086872871936,69.10848999023438,6205300
2021-06-01,70.12853515739243,70.64321853151917,69.39861562130204,69.84779357910156,6175500
2021-06-02,70.03492295745274,70.45603516305734,69.52023978111669,70.11914825439453,6881900
2021-06-03,69.76356113065282,71.43862888288197,69.6699758639801,71.12982177734375,7623800
2021-06-04,71.03624766312548,71.46671278383423,69.72613239078584,70.85844421386719,5587500
2021-06-07,71.06432638393613,71.07367920027801,69.57640753681615,69.93201446533203,5662000
2021-06-08,69.38924369763927,70.34375204801074,68.84648054764683,70.29696655273438,7317100
2021-06-09,70.03492997211679,70.09108255555292,67.61122311711827,68.17269897460938,9634600
2021-06-10,68.96813524104688,69.45475296796747,67.79839070073363,67.95748138427734,8741300
2021-06-11,68.21014287425464,69.23016382314471,68.17271019232203,69.17401123046875,6912700
2021-06-14,68.76227090125343,68.99621982531389,66.59122517155458,67.38665008544922,7764100
2021-06-15,67.8451738295574,68.60316590078925,67.40534880171315,67.88260650634766,7934500
2021-06-16,67.44279371248953,69.75421016181473,66.56314349723428,69.01493072509766,8819100
2021-06-17,69.37988432798576,69.55768777437534,66.31047594146068,67.50829315185547,8699900
2021-06-18,66.51634003687009,67.1901138802794,64.8319054283468,65.34659576416016,17257900
2021-06-21,66.10460886497259,68.27565464241188,65.68350364822565,68.06977844238281,9488200
2021-06-22,67.98555510096445,68.07913323764143,66.92810145180736,67.84518432617188,6856800
2021-06-23,68.07914083847768,68.56575148725918,67.8171191707065,68.21015167236328,7116700
2021-06-24,68.37858523983769,68.91198845431697,67.52701494353572,68.67803955078125,5895500
2021-06-25,68.81839511011002,69.50152175929487,68.46279542557218,69.04298400878906,12715300
2021-06-28,68.87455808074282,69.06172149357494,67.9200496637387,68.57510375976562,5006400
2021-06-29,69.30501625220802,69.81034670671175,68.46280596758858,68.51895141601562,5316100
2021-06-30,68.18206943124619,68.40665838092787,67.64866621353097,68.1352767944336,6429700
2021-07-01,68.74355847307373,68.91200200231737,68.25694779945621,68.84649658203125,4413400
2021-07-02,68.4347226175142,68.621886001992,67.0123165932484,68.12591552734375,6108800
2021-07-06,67.94813292073668,67.94813292073668,66.13268680247245,66.22626495361328,7684000
2021-07-07,65.93615722317654,66.10460071702417,64.43888568872742,65.57119750976562,9833600
2021-07-08,63.00711368905893,64.45759245244017,63.00711368905893,63.57794952392578,10896900
2021-07-09,64.95356426369888,66.05779601781549,64.12069976209234,66.02037048339844,10327400
2021-07-12,65.44018111000146,67.38663750839046,65.26237767624333,67.10589599609375,6192400
2021-07-13,66.98425047254777,67.47086104104503,66.40405463281114,67.2088394165039,7489100
2021-07-14,66.76899906376168,67.48020555300687,65.46824405421913,65.69283294677734,7577000
2021-07-15,65.2623713297311,66.96551872780869,64.90677163634875,66.02037048339844,5719800
2021-07-16,66.00166127606435,66.1139593161776,63.91484112572419,64.46695709228516,10465600
2021-07-19,63.03518691294626,63.73703355422204,61.9496606807875,62.39884567260742,8937300
2021-07-20,62.323979822240965,63.877403802908944,61.509842294143105,63.57794952392578,5857700
2021-07-21,64.25172286180484,65.51504536685381,64.02712679991156,65.09393310546875,5767000
2021-07-22,64.86000718997244,65.19689426252006,62.82933193679508,62.93227005004883,8206600
2021-07-23,63.18492172406208,64.01778645492652,62.932260029659254,63.549888610839844,6059900
2021-07-26,63.57794973871667,64.22364379084583,63.306568181916155,63.67152786254883,5838300
2021-07-27,63.21299916705432,63.46566085176494,62.32398901365974,63.0445556640625,3879400
2021-07-28,63.30657998453288,63.94292134060291,62.81996222659752,63.493736267089844,5206000
2021-07-29,64.00841220955691,64.83190966107004,63.40014372012484,64.16749572753906,4475900
2021-07-30,63.8586808900395,64.68218547316371,63.40950306247434,63.58729934692383,4084100
2021-08-02,63.82125413145517,65.23430742159742,63.27849813445688,63.39078903198242,4941400
2021-08-03,63.79319271189951,63.85869812691549,61.91224844948853,63.081993103027344,4858100
2021-08-04,62.548574799734006,63.92419548116015,62.23040772107826,63.325286865234375,4619300
2021-08-05,63.6902401407197,65.2249442063115,63.64345464894073,64.85063171386719,4814400
2021-08-06,65.63669285159344,67.79837807487169,65.56182750146233,67.311767578125,9361700
2021-08-09,67.04037081056273,69.34242625754423,66.81578195073679,68.70608520507812,6079800
2021-08-10,68.64059596505373,70.17529995727685,68.23820362931518,69.74483489990234,5784800
2021-08-11,70.03493918071091,70.54962961582471,69.32373966616763,70.00686645507812,6280700
2021-08-12,69.94120654503959,70.82297836719623,69.75359886902818,70.74793243408203,3425600
2021-08-13,70.63537423360607,70.74793598214833,68.8999709379852,69.42528533935547,3552100
2021-08-16,68.78740412339475,69.20952496288886,67.6523612496155,68.72174072265625,3796400
2021-08-17,68.17766934944446,68.46846339127434,67.16457073324649,68.00881958007812,5487200
2021-08-18,67.77430044280159,68.90934323154296,67.46474136675211,67.53978729248047,5828500
2021-08-19,66.57360633474731,67.38033229073456,65.79502081681956,66.65802764892578,3303600
2021-08-20,66.66740127259762,67.6429768833624,66.32970174745698,67.51165008544922,3259100
2021-08-23,67.8211898803711,68.23392806062348,67.5866767855659,67.8211898803711,3989700
2021-08-24,68.0275721430588,69.73482760736027,67.82120658050349,69.55660247802734,5296300
2021-08-25,69.80986148113482,70.72915602939953,69.42526369887389,69.95995330810547,4754900
2021-08-26,70.32579924240697,70.54154731627864,69.06880513205738,69.08757019042969,3237400
2021-08-27,69.18137279311905,71.1981871262391,69.17199026409821,71.14189910888672,4690800
2021-08-30,71.15129783038904,71.29200717063331,68.7874081100277,68.89059448242188,9734600
2021-08-31,68.6935922393123,69.04066710679157,67.50226147821168,68.33712768554688,7450300
2021-09-01,68.32773633984898,69.01251777048472,67.3240205146515,68.66543579101562,4606200
2021-09-02,68.96560746415545,69.15322223322698,68.0838430982201,68.39340209960938,3213200
2021-09-03,68.43095548940819,68.9937929490476,67.58671361350027,67.62422943115234,3348900
2021-09-07,67.07076538448104,67.94315464708161,66.62049695739493,67.61483764648438,4129000
2021-09-08,67.61483605868735,67.8681071226937,66.89253151756144,67.12704467773438,2955000
2021-09-09,67.15518586085496,69.20014092664137,66.88315688998124,67.84934997558594,4549200
2021-09-10,68.45905908405848,68.45905908405848,66.95816969878793,67.01445770263672,4099900
2021-09-13,67.53979372935717,67.77430690202856,66.45164917291042,67.43660736083984,3180200
2021-09-14,67.3334193235971,67.71802435249803,64.8475783235323,65.41041564941406,5572700
2021-09-15,65.58863150344905,66.96756987443345,65.12898776537855,66.74243927001953,4248900
2021-09-16,66.94882531061201,67.50227298105128,66.01077258910195,66.39537048339844,3054600
2021-09-17,65.92634540621421,66.53608111842202,65.49484200473123,66.06705474853516,10256800
2021-09-20,64.38793304374437,64.69749213452529,63.14032130703854,64.53802490234375,5848600
2021-09-21,64.94139517454707,65.11962033083303,63.909531421854254,64.20033264160156,4243100
2021-09-22,65.15712305024624,66.70491104149052,64.80066569167934,66.03889465332031,4957000
2021-09-23,66.79873244303079,69.80988077532753,66.63926520037975,69.69731903076172,5860900
2021-09-24,69.44405702181017,71.23574154714454,69.35963569365558,70.90741729736328,6437400
2021-09-27,71.29199965570113,72.86792835541388,71.23571878824575,72.58650970458984,6584100
2021-09-28,72.69907506861497,73.13996092701804,70.76668904082955,71.46084594726562,8754700
2021-09-29,71.75164241610393,71.76102494613727,70.10067496891286,70.71040344238281,6075700
2021-09-30,71.26386847321619,71.26386847321619,68.26209538291583,68.3277587890625,7077400
2021-10-01,68.44969454736928,70.2976591843332,67.58668793376135,69.80986785888672,4814800
2021-10-04,69.5753682017243,70.4665225756511,68.40280230716873,68.693603515625,5938700
2021-10-05,69.09696051312294,71.81730742856512,69.09696051312294,71.19819641113281,7569900
2021-10-06,70.37273017863474,71.39521163045828,69.3877788609436,71.01998901367188,5731600
2021-10-07,71.76102327170092,72.9335890114346,71.51712759393979,71.6578369140625,4560900
2021-10-08,71.60156032092755,73.03677972691216,71.47023352278345,72.54898834228516,3485100
2021-10-11,72.9711221646912,74.0498842272552,71.80793879232769,71.86421966552734,4229100
2021-10-12,72.31447999883112,73.09306546597423,71.62032299713417,72.48332977294922,6138200
2021-10-13,72.7272366868714,72.90546901944981,70.27891816332455,71.5452880859375,6066000
2021-10-14,72.43642734761448,73.5245647086476,71.89235508871103,73.27129364013672,4799500
2021-10-15,74.50013722788643,75.98226208242858,73.50580374265427,75.88845825195312,9004400
2021-10-18,75.74775782948232,76.20740166256937,74.77218213298939,75.56015014648438,6323200
2021-10-19,75.59765343961081,76.57322897456028,75.25996109748712,76.48880767822266,5346500
2021-10-20,76.11359236094967,76.74208592635868,75.5882851608196,76.53571319580078,6157200
2021-10-21,76.45128226988595,77.45499820482702,75.73836033316604,77.14543914794922,5938000
2021-10-22,77.2674032559707,78.55253087098502,77.16421688672186,78.37430572509766,5740200
2021-10-25,78.50563301347925,78.80580959220363,77.71766502134393,77.75518798828125,4213500
2021-10-26,78.31802822250476,79.25608104591358,77.8771422504186,77.91466522216797,6362400
2021-10-27,77.5488151687295,78.54315589960999,76.06669018171407,76.12297821044922,6539200
2021-10-28,76.46067318591685,77.29553946838658,76.30119879693513,76.91093444824219,3579600
2021-10-29,76.92033063004308,77.58634726814876,76.6764348948801,76.94847106933594,4421600
2021-11-01,77.43625412018055,77.65200223581785,76.36687460267382,76.79837799072266,4095700
2021-11-02,76.8077533262189,77.40810648813837,76.33872697117091,76.7045669555664,3682600
2021-11-03,76.6482827032436,78.65571484178724,76.46067503220685,78.16793060302734,7051500
2021-11-04,77.81147522692336,77.98032501356968,75.3350164606271,76.4043960571289,5782900
2021-11-05,77.01412541477762,77.82085131116455,75.81341910111546,76.12297821044922,4107600
2021-11-08,76.6576706733028,77.53944253464691,76.33872902178018,76.62014770507812,3420000
2021-11-09,75.88847834426664,76.31998180411787,74.97856591852097,75.77590942382812,4193800
2021-11-10,75.52206322732569,76.21777048715154,75.04258591249288,75.91692352294922,4739000
2021-11-11,76.3493847996256,77.16731578379455,75.74769091681976,76.52801513671875,2794800
2021-11-12,76.47159328127842,77.3929409761369,75.78528963133057,77.19551086425781,4681400
2021-11-15,77.55276765468872,77.60918138390007,76.7348438950666,77.01688385009766,3302400
2021-11-16,76.8476649896696,77.2519287560166,76.1989680047925,76.9134750366211,4383200
2021-11-17,76.65022313238761,76.8570567262644,75.35282218819148,76.54680633544922,5613500
2021-11-18,76.81005045450138,77.16731110703576,76.35878365612467,76.828857421875,3297500
2021-11-19,75.92631090968742,76.14254080883445,74.13062581741451,75.37162017822266,6394900
2021-11-22,76.35878344893544,78.29548506328976,76.15194984492547,77.01688385009766,5896200
2021-11-23,77.40233199917336,78.15444556533903,76.7630315229173,77.97582244873047,4321800
2021-11-24,77.45876105724379,78.46471871359408,77.45876105724379,78.16387176513672,4725400
2021-11-26,74.94857309176993,75.04258642383175,73.27511139369425,74.41268920898438,5773800
2021-11-29,75.61606706059165,76.03913058522467,74.20584574813955,75.30581665039062,6017600
2021-11-30,74.07424203615658,74.36568554318876,72.59821035650492,72.7580337524414,9711300
2021-12-01,74.83573826681277,75.48444232583769,71.88367574186086,71.9494857788086,6029400
2021-12-02,72.65458566000143,75.68186125796065,72.27852528752267,75.3246078491211,8382000
2021-12-03,75.68186694110578,76.15194064881452,73.01185172424286,73.77336883544922,7344000
2021-12-06,74.92035367364679,76.13314476248756,73.94259945071882,75.55965423583984,4488800
2021-12-07,76.43399358209007,77.29892754889366,76.057933152641,76.44338989257812,4333000
2021-12-08,76.4245904537852,76.98867751420055,75.69127655796964,76.33997344970703,4138300
2021-12-09,75.88872010179558,76.92288109104948,75.50325611909003,75.83231353759766,3652800
2021-12-10,76.32117717746314,76.32117717746314,74.85454931815956,75.97332000732422,3864900
2021-12-13,75.66308197723409,75.85110862806475,74.06482675414557,74.62891387939453,5057400
2021-12-14,74.51609657999961,76.4057879849938,74.29985948818715,75.95452117919922,6068800
2021-12-15,76.05796381583922,76.97930470803932,74.78876563092577,76.716064453125,5307200
2021-12-16,78.5023234230326,80.61765549131792,78.02284614584936,78.86898040771484,9825000
2021-12-17,78.5211055794654,79.15100977181267,76.73483130572745,77.98522186279297,13350300
2021-12-20,76.73483801167038,76.73483801167038,74.23404233348155,75.8510971069336,6446300
2021-12-21,76.82885093322184,78.27667887018596,76.82885093322184,78.21086883544922,4353500
2021-12-22,78.02284630564304,79.44247117163833,77.6655928044601,79.32965087890625,3945200
2021-12-23,79.9689494789308,80.85269048415604,79.95014968366836,80.03475952148438,3570400
2021-12-27,80.24159354541017,80.68346405029297,79.93134312631074,80.68346405029297,2815000
2021-12-28,80.49542678188197,81.25694391666026,80.15697312803479,80.38260650634766,2719000
2021-12-29,80.42021861098068,81.0031126475236,79.630490975253,79.87493133544922,4196900
2021-12-30,80.06295314482252,81.03130378432303,79.33903565613899,79.42365264892578,3079200
2021-12-31,79.3672531742557,79.71511034435865,78.70915276893277,79.06640625,3223200
2022-01-03,79.50828200068034,80.72107326168305,79.10401824701277,80.62705993652344,6739700
2022-01-04,81.82105063174377,85.41241444683567,81.61421699655271,84.57568359375,12870700
2022-01-05,84.61328083621788,85.23378167194002,83.95518040992775,83.9645767211914,9568800
2022-01-06,85.4688210204299,86.02350465671381,84.09619922426391,85.30899047851562,7941200
2022-01-07,85.13034453275745,86.7944021690663,84.707273925972,86.24911499023438,7344300
2022-01-10,86.00469690929103,86.62519053272806,83.64492466348237,86.16452026367188,6821800
2022-01-11,86.83202927613621,88.46788402330819,86.23973889511446,88.28926086425781,8977700
2022-01-12,88.70291256047965,89.361020094621,87.7815720545401,89.14478302001953,8669100
2022-01-13,87.8097691841076,89.07896674807793,87.30208872396837,87.79096221923828,9123000
2022-01-14,87.43373671504607,89.89692628856596,87.04827271241084,89.81230926513672,10057100
2022-01-18,89.22939496479145,89.32340827212408,84.27481405077461,86.64398956298828,15343500
2022-01-19,87.43371568679682,87.7345625936476,85.5252174490163,86.03289794921875,9110700
2022-01-20,86.99186364977513,87.73458117742443,85.9482991515502,85.95770263671875,8790900
2022-01-21,85.61923102504971,85.61923102504971,83.04322892894388,83.86115264892578,9773200
2022-01-24,81.27575429735512,83.72954002102476,80.08177004328824,83.4004898071289,13314700
2022-01-25,82.04666675413063,84.32182908846112,80.60824226910837,83.23125457763672,9155100
2022-01-26,84.60388132453332,85.81667260085976,83.67313720000634,84.62268829345703,8703900
2022-01-27,85.5628128177524,87.33969074552226,83.72012486201903,84.33121490478516,10986500
2022-01-28,83.63551930589229,85.01753725484774,81.02191044832628,83.58851623535156,13898000
2022-01-31,82.61076589487726,82.98681916799653,79.83732638270605,82.45093536376953,12540800
2022-02-01,83.31587027293375,84.99873508273271,82.33811605631983,84.669677734375,9309100
2022-02-02,84.56627249698745,85.27138318653239,83.01503471819406,84.95173645019531,6511500
2022-02-03,84.9329362763621,86.11752433793652,83.43810493786366,83.5697250366211,7044400
2022-02-04,83.6261269018319,87.49953763080633,83.6261269018319,86.39956665039062,8962400
2022-02-07,87.02005844171043,88.22344620659473,86.39016127927208,87.56534576416016,5368300
2022-02-08,88.15762751926343,89.57725224619831,88.08242117089914,89.27640533447266,8092700
2022-02-09,89.91570735725503,90.47979442917226,88.59010309688738,88.86273956298828,5545100
2022-02-10,88.24092993400097,89.99330558948861,87.15746634120455,87.47779083251953,9336400
2022-02-11,86.89367590406269,87.27995001326771,83.38890989875826,83.95419311523438,12520300
2022-02-14,84.05781628064061,84.1991388600133,81.24081686712876,82.66344451904297,9735700
2022-02-15,83.99188222208976,85.18839828087994,83.75634694226784,84.45352935791016,6049500
2022-02-16,83.43600824998899,84.64194763180446,83.13452340453512,84.16146087646484,4936600
2022-02-17,82.90842677390746,83.22875133621885,80.93935508825133,81.04298400878906,7858200
2022-02-18,80.76976729401761,81.82496082537719,80.40232561738567,80.65670776367188,5605800
2022-02-22,80.33637583840775,81.30678729873621,79.2529192239251,79.6768798828125,7000700
2022-02-23,80.43058001682324,81.51403641994193,77.4251479169905,77.77374267578125,7808600
2022-02-24,74.58929793872947,77.8114182907978,73.03476392004087,77.50993347167969,10687500
2022-02-25,77.65127293807359,81.46694752383901,77.61358642899336,80.78860473632812,9128100
2022-02-28,78.20714036907334,80.5436464404748,77.85854554924194,79.5732421875,9401400
2022-03-01,78.34846111511968,78.781845179522,72.08322105954228,73.35511016845703,14470700
2022-03-02,74.42913205259723,77.76431174383899,74.25954640090816,77.07654571533203,10446900
2022-03-03,77.2555697841943,77.52879156427969,75.408974100689,76.04020690917969,6544700
2022-03-04,73.95806977193186,74.99442345216201,73.16667476854482,74.64583587646484,6676000
2022-03-07,73.85443980248385,74.6929448013207,71.81941877666652,71.94189453125,7950500
2022-03-08,72.68619421965617,73.20436756118761,70.31199439645829,71.3106689453125,7100700
2022-03-09,74.59872869548626,75.52203008804481,73.63774798630277,74.79657745361328,5883900
2022-03-10,73.60947603398385,75.21112009662637,73.21377852677648,75.04153442382812,5030900
2022-03-11,76.59607126476128,76.92581919907894,75.52203102843181,75.59739685058594,6321000
2022-03-14,77.53821810456093,79.91241059650969,77.09541062207067,78.44267272949219,9527100
2022-03-15,79.24349464150197,79.49786959552405,77.53822141840436,78.35787963867188,5805400
2022-03-16,80.0348884707092,83.841139610339,79.6768774184544,83.79403686523438,10413500
2022-03-17,82.64461797566855,84.62311283690966,81.74016338732879,84.5854263305664,6689600
2022-03-18,84.78326304016518,85.51813183943159,84.25566640232573,84.79268646240234,13003200
2022-03-21,84.83981300518116,85.10361137577723,83.13453264445677,83.8599853515625,5782200
2022-03-22,85.03766093532364,87.61912563494852,85.03766093532364,86.86540985107422,8382700
2022-03-23,85.95153909881111,86.70524769569785,84.55716705322266,84.55716705322266,6159300
2022-03-24,85.36740703734337,86.21533547875602,84.68906428421325,85.66889190673828,6164600
2022-03-25,84.78326932741898,86.17764121535191,84.06724731952902,86.07400512695312,6894600
2022-03-28,86.15880077262807,86.5356586504523,85.40509220494575,86.48855590820312,4194000
2022-03-29,87.68507545191034,87.76987189209781,85.76310666726954,85.9421157836914,6072600
2022-03-30,86.13053455271847,86.23417064504476,83.26642484872083,83.62444305419922,7478300
2022-03-31,83.33237092895975,83.66212603864767,79.31885533091271,79.4319076538086,12792300
2022-04-01,80.43058657607664,80.58132541111334,77.93391127683081,78.70646667480469,10638900
2022-04-04,78.27307684562926,79.14926827255665,77.34035207027833,77.5382080078125,9851100
2022-04-05,77.51937002975262,79.51671178734311,76.93524713696047,77.12367248535156,8913800
2022-04-06,76.50186488770247,77.71722793516157,75.96484467491516,76.19096374511719,7083100
2022-04-07,75.7764092707376,76.02136797037096,74.0522893255674,75.39955139160156,8144100
2022-04-08,76.03078374347794,77.51936840362686,75.4937636050655,76.96350860595703,6617700
2022-04-11,76.89756504947661,78.64052478015509,76.43591069984157,76.85987854003906,5632300
2022-04-12,76.96348847991052,77.97157890376843,74.97557070767301,75.43721771240234,7596900
2022-04-13,75.4466686963599,79.18697039433488,75.07923420497883,78.97969818115234,9598100
2022-04-14,79.13987303212329,80.63787432143526,77.68897449731153,77.96219635009766,11563000
2022-04-18,71.88537756864683,72.54487354385873,68.68209600054537,70.60406494140625,24023500
2022-04-19,70.69826258491197,73.18551428795337,70.6511526590046,72.45064544677734,15361200
2022-04-20,73.07245712733798,73.60947723530244,71.93246732579821,72.02667999267578,8671300
2022-04-21,73.11957405885518,73.71312038620859,66.68474838200407,69.03067779541016,18283400
2022-04-22,69.05895741595154,69.26622245580748,66.18542369015978,66.25137329101562,11945500
2022-04-25,65.58246252246789,66.63766346355011,64.58379495242272,66.24195861816406,9841800
2022-04-26,65.72375391594369,66.51514885446456,64.54607774221746,64.5743408203125,8661200
2022-04-27,65.0077582196211,66.27022427684967,64.57437402737986,64.612060546875,6988200
2022-04-28,65.130212439391,65.59186675928419,63.6416349463253,65.12079620361328,6481100
2022-04-29,65.00774481867163,65.58245154355522,62.322643752885135,62.49222946166992,7744600
2022-05-02,63.707577301006175,64.74393096818494,62.61469028575064,63.961952209472656,8411800
2022-05-03,64.206921345755,65.96872071065465,64.00907256516038,65.44112396240234,9513300
2022-05-04,65.55419087208472,67.45731306259673,64.88527143722273,67.231201171875,6842000
2022-05-05,66.32672071376926,66.46804328618359,64.38590557440611,65.80854034423828,7036300
2022-05-06,65.31865445853349,65.52592668319866,62.85966522585541,63.519161224365234,8118100
2022-05-09,62.5958529467441,62.6429556859263,60.089754332162606,60.41950225830078,9216400
2022-05-10,61.0036376073142,61.96461838838447,59.8165413757677,60.843475341796875,6661700
2022-05-11,61.24859397758495,63.59452326771921,60.80578651734997,61.352230072021484,10257400
2022-05-12,61.12541089785618,62.16495725531478,59.85905252519596,61.38056945800781,8308100
2022-05-13,62.155502361275886,62.54297362308349,61.34277165598717,62.00429916381836,6799100
2022-05-16,61.19156795551886,61.71134477586452,59.915760644800294,60.52058792114258,6051600
2022-05-17,62.08935447868495,62.63748143392684,60.794649510401115,61.6168327331543,8095200
2022-05-18,60.87970178433449,60.91750439032058,59.386534898433375,59.792903900146484,7867300
2022-05-19,58.791160331437695,60.16147424542645,58.54545058650734,59.2164306640625,9179100
2022-05-20,59.84015932846687,60.1331241367294,58.1485304513427,59.8023567199707,7793700
2022-05-23,60.60564192809237,61.73024609067213,60.06697098327768,61.68299102783203,6723400
2022-05-24,61.34278347553788,61.418381483778354,59.395988758608674,60.42608642578125,5758700
2022-05-25,60.359919356753956,63.081645286390994,59.8779488216886,62.18385696411133,10584800
2022-05-26,63.242325897859175,65.6238401809383,63.176173123890955,65.03791046142578,7846700
2022-05-27,65.40647459426881,66.74843493799995,65.08516319229574,66.71063232421875,7402900
2022-05-31,66.2664558728891,67.07919389719412,65.8978894676938,66.24755096435547,11549000
2022-06-01,66.71062248726959,67.05083875102167,65.09459883950238,65.7466812133789,5065800
2022-06-02,66.15305628208854,67.78798498836612,65.45372599165181,67.73127746582031,5380700
2022-06-03,66.61612436322775,67.40051231719114,66.09635468574575,66.21920776367188,3561900
2022-06-06,67.18313693749916,67.50445546711113,64.14954825877209,64.31965637207031,8687300
2022-06-07,63.45021919249162,63.93219339008823,62.85484439083202,63.780982971191406,14689200
2022-06-08,62.845405846509315,63.13836708532512,61.768056608806624,62.11772537231445,10059100
2022-06-09,62.04211384443709,62.33507505349646,60.6812487518327,60.719051361083984,7698400
2022-06-10,59.736196789073034,59.736196789073034,58.28082898211649,58.80060577392578,8355100
2022-06-13,56.90107434112329,58.233585674099864,56.08833626759548,56.92942810058594,12359000
2022-06-14,57.590954334086526,58.62105197810458,56.806570039130655,57.75161361694336,11800900
2022-06-15,58.47928826195687,59.462130686023656,57.883909893635625,58.12961959838867,11274400
2022-06-16,56.967219580584455,57.64765203693299,56.51359914470368,57.51534652709961,9045900
2022-06-17,58.10128162231139,58.23358715297958,56.6270122697473,56.69316864013672,16943900
2022-06-21,58.8667586875286,60.11421578113509,58.65884797024261,58.951812744140625,10367600
2022-06-22,58.01622320822016,59.40543838633677,57.85556753445283,59.00851821899414,6636600
2022-06-23,59.1502813371478,59.36764094087887,57.449203512907204,58.621055603027344,6216700
2022-06-24,59.377088100429674,61.12541722954415,59.263680278554155,60.889156341552734,16120000
2022-06-27,61.80585439463342,61.80585439463342,60.01971891867387,60.624549865722656,6530900
2022-06-28,61.56013360399729,62.00430520687766,60.454434428811986,60.64344024658203,7243500
2022-06-29,60.624548041979715,60.90805679432324,59.67005199250254,60.12367248535156,5628900
2022-06-30,59.084126589800896,60.02917019436254,57.63821102843925,59.707855224609375,7550100
2022-07-01,59.71731075433199,60.454447299782785,59.008527971627224,60.40719223022461,4653800
2022-07-05,59.22587097169856,59.91575585904295,58.016216515634866,59.90630340576172,4476900
2022-07-06,59.528300748933184,60.56784371072972,59.2825873825501,59.95356750488281,6266000
2022-07-07,60.407188674873105,60.92696556897558,60.1520300605661,60.70960235595703,4713500
2022-07-08,60.59619343434425,61.012007682577284,59.707850213378855,60.823001861572266,4558600
2022-07-11,60.07641555979029,60.13311946813218,59.26367756549767,59.48103713989258,4999200
2022-07-12,59.00851739364527,60.35048109629887,58.63995098951764,58.82896041870117,6283000
2022-07-13,58.00677900574558,58.59270504679806,57.38305035428833,58.16743469238281,4370300
2022-07-14,56.97667239540367,57.80830806393021,56.31514123698795,57.24128341674805,5681100
2022-07-15,57.978425619899014,59.093577398654986,57.59095787338586,58.762813568115234,7219800
2022-07-18,60.189827584607734,60.189827584607734,57.48700582711482,57.874473571777344,9338600
2022-07-19,58.545452533568664,59.887412733308906,58.29029032550778,59.72675704956055,6802700
2022-07-20,59.70784659648425,60.05751167022799,58.97071384506374,59.37708282470703,6765800
2022-07-21,59.53773828035045,59.67949624208746,58.554892211779155,59.66059494018555,6901300
2022-07-22,59.88740755579398,60.37883062456767,59.17862490747605,59.52829360961914,6794100
2022-07-25,60.01027310679768,60.4166421737206,59.54720012179639,60.16147994995117,6720300
2022-07-26,59.934659421922774,59.94411187612922,57.58150303221763,57.808311462402344,5592300
2022-07-27,57.978422288532265,59.395987660917456,57.78941645625837,59.07467269897461,5267500
2022-07-28,60.58673625174649,64.00779614177479,59.367629334113005,63.97943878173828,16393500
2022-07-29,63.9794421579106,66.40820366799694,63.903844157485324,65.25525665283203,9927900
2022-08-01,64.20624203719484,65.31194093208617,63.60141492152225,64.94337463378906,5941400
2022-08-02,62.0988084455617,64.26295895803823,61.98540062823151,63.83769226074219,13210100
2022-08-03,64.8110909254325,65.77503221170231,64.69768309935532,65.1891098022461,6793600
2022-08-04,65.31196318437223,65.60492439049742,64.73548601675725,65.2080078125,5798900
2022-08-05,64.54647258001283,66.44600478388618,64.42361231311993,65.50096130371094,4870900
2022-08-08,65.55766256159058,65.78447095636581,64.32910327051609,64.68821716308594,4403900
2022-08-09,65.02844826044397,65.33086192614007,64.63153167611354,65.24581146240234,3940000
2022-08-10,66.15303666036301,66.43655255866524,65.15129298388376,66.0963363647461,6992600
2022-08-11,67.16761257776253,68.98782000103914,67.09176879357733,68.7982177734375,16375600
2022-08-12,69.20586985270182,71.2915233112825,68.15356084206607,71.10192108154297,15009800
2022-08-15,70.32454526623421,72.57136873276738,70.08753884611787,71.91722869873047,12471500
2022-08-16,71.4432183681864,73.3866739745557,71.35789229285893,73.16862487792969,11219100
2022-08-17,71.90773904239046,72.72304162260812,71.0924364621728,71.53800964355469,9084300
2022-08-18,71.43370803353751,72.2110885242323,71.11138288920866,71.81291961669922,3790300
2022-08-19,71.19672904904486,71.32945206920931,69.63248518812132,70.02117919921875,5133600
2022-08-22,68.731862180015,69.15847084522892,68.11564403803558,68.77926635742188,3994900
2022-08-23,68.51380518191066,69.32910775574307,68.44744368091784,69.00678253173828,3902800
2022-08-24,69.14899205968123,69.92637279026032,68.94042526293974,69.50923919677734,3712200
2022-08-25,69.8505246225466,70.43830308260088,69.45235561712006,70.15389251708984,4297600
2022-08-26,70.58050784011554,70.73219541823336,68.09668522776172,68.153564453125,5369800
2022-08-29,67.80280479096778,69.10160279361837,67.36671377317623,68.20098114013672,5363600
2022-08-30,68.71289996990517,69.11106899354832,67.23397508759116,68.73185729980469,6952100
2022-08-31,69.05419648482588,69.05419648482588,67.25295323325872,67.2624282836914,7519000
2022-09-01,67.30982149429752,68.11564185434705,65.79298189311106,67.99240112304688,5949300
2022-09-02,68.30524257588992,68.67497195529396,66.3617873392393,66.68411254882812,6188300
2022-09-06,67.33824975075609,67.63213533968272,65.81192812521887,66.80735778808594,4903600
2022-09-07,66.30492304118631,68.41901640600317,66.24803657803572,68.05876922607422,5208000
2022-09-08,67.96396035785351,69.49975726362759,67.54682676227951,69.35755920410156,5304000
2022-09-09,69.96431067401197,70.96921576122634,69.8505449680985,70.66584777832031,6471700
2022-09-12,70.79855314833135,71.12087838534289,70.11597354894053,71.02607727050781,4511700
2022-09-13,69.33858204818803,70.02116154139466,68.75080365506892,69.15845489501953,5310200
2022-09-14,69.33860152752436,69.58509024328639,68.29577466787904,68.9688720703125,5270000
2022-09-15,67.85968301683472,69.66093333786652,67.85020073439928,68.80770874023438,4910100
2022-09-16,68.21993188256089,68.44745603662733,67.01594236639417,68.13461303710938,12599100
2022-09-19,67.5657824676754,70.0401299039843,67.42358441156917,69.87896728515625,7608900
2022-09-20,69.28171022935321,70.64686212861292,69.11106533783811,69.53767395019531,7442400
2022-09-21,70.49518633151231,71.42424739727211,69.0636656069182,69.12055206298828,8087200
2022-09-22,69.75573085870339,70.3150625348294,67.87863684091965,68.31472778320312,8132800
2022-09-23,67.45202457604687,67.62266947763547,66.18166647914025,67.20553588867188,7988600
2022-09-26,66.79788458114696,68.23888757964218,66.61775739811968,67.20553588867188,10467400
2022-09-27,68.03980462985763,68.88355419830262,66.97802042302789,67.9070816040039,6557600
2022-09-28,67.87862004213585,69.93583351058597,67.77433666513053,69.44286346435547,8273400
2022-09-29,68.6275718496801,69.45235671642808,67.85019115555467,68.86457824707031,7057500
2022-09-30,68.67498742355625,69.81261542675097,67.63215331562155,68.13461303710938,7633200
2022-10-03,69.15849473200844,69.67042964680046,68.26735519843517,69.40498352050781,8144000
2022-10-04,70.79854659639525,72.6092715906173,70.70374549033339,72.25850677490234,8491600
2022-10-05,71.53802353386041,72.79889954028016,71.38634317217812,71.98359680175781,6384300
2022-10-06,71.80347510734669,73.03591159267987,71.57595093091368,72.04048156738281,6276900
2022-10-07,71.575937272843,71.93618441952509,69.76520479191531,70.44778442382812,8063000
2022-10-10,70.95024241129845,71.39581566322563,69.44288496706375,69.73677062988281,6192300
2022-10-11,69.0920905409609,69.3101395717083,67.52785437213223,67.98290252685547,9676100
2022-10-12,67.98291954417336,68.89302331429482,67.06333349220408,68.153564453125,8460000
2022-10-13,66.6651498950137,70.70374036994775,66.44710085728791,70.22024536132812,9491900
2022-10-14,70.4572588956278,71.10191656176895,64.90182856963938,65.39480590820312,13326300
2022-10-17,66.90217318917686,66.90217318917686,61.9913997863781,63.92537307739258,20113300
2022-10-18,66.02050981796387,67.2529461332163,64.72171199237398,65.0440444946289,11732200
2022-10-19,64.66483448381314,66.00155424126332,64.65535220126647,65.13884735107422,5917800
2022-10-20,65.09144441756722,66.34283798273057,64.3045813943951,64.46574401855469,7761700
2022-10-21,64.71223067529202,66.69360074407946,64.24769291506007,66.6651611328125,6621300
2022-10-24,66.65568407203224,67.58475243240103,65.90674290761073,67.0254135131836,5456300
2022-10-25,67.25294337244097,68.9025060137295,66.96853277817729,68.69393920898438,5144600
2022-10-26,68.82664742828307,70.44777010821865,68.82664742828307,69.15845489501953,5788500
2022-10-27,69.651449379687,73.73743783471882,69.49976179581861,73.31082916259766,16821900
2022-10-28,74.55273600965893,76.4961914715471,74.02184396393253,76.02217864990234,11482000
2022-10-31,75.73777213225098,76.29711105292641,74.86559022945957,75.52920532226562,10450800
2022-11-01,75.9178972721037,76.86592294063787,75.3016791409841,75.7377700805664,5430600
2022-11-02,75.57660068596168,76.44878248703445,74.28728531356664,74.8276596069336,5139100
2022-11-03,74.15457156966272,75.87997805803396,73.55731074835515,74.84662628173828,5370400
2022-11-04,75.83256831433913,76.65735321839934,74.7897415652183,74.9414291381836,9053600
2022-11-07,75.23531036221367,75.53867825751045,74.15456178316506,75.51023864746094,5633700
2022-11-08,75.84205935981493,76.18334920556308,74.89403361781723,75.49128723144531,5142500
2022-11-09,75.49129721406925,75.76697997875829,74.2744562648408,74.40754699707031,4194300
2022-11-10,76.47045815007307,76.96479405664833,72.30659726093144,74.6832275390625,12947100
2022-11-11,75.99514294772652,76.23280600948158,73.68505769735128,74.49311065673828,12172300
2022-11-14,73.32379195461637,73.64701743171642,71.88831254304482,72.69636535644531,12606400
2022-11-15,73.61850425088225,75.05398376425676,73.39034251454834,74.43606567382812,6709500
2022-11-16,74.16987986541723,74.49310537800825,73.56146305066999,73.5899887084961,6278100
2022-11-17,72.59179626054531,74.18889210779759,72.2495609180698,74.05580139160156,6787200
2022-11-18,75.07299203042713,76.27081562001007,74.94940262457132,75.87153625488281,7540900
2022-11-21,75.98562444134586,76.337368337714,75.548325335345,76.05216979980469,5858500
2022-11-22,76.7936837515589,78.153116691145,76.67961012912416,77.25,6901000
2022-11-23,77.74433003002885,78.3242284095541,77.2499941137107,77.39259338378906,4386400
2022-11-25,77.61123629783587,77.7443270106334,76.88873867629226,77.58271789550781,1683400
2022-11-28,76.92676360826357,77.25949038151131,75.81450242930697,75.89055633544922,5833900
2022-11-29,75.87154027926161,76.8412094637046,75.87154027926161,76.42292022705078,6043100
2022-11-30,76.09018227967466,78.5808929778301,75.64337470663736,78.46681213378906,10237600
2022-12-01,78.50486078453416,78.59041600154269,76.76516550968657,77.69680786132812,6122000
2022-12-02,77.26900020951476,78.46682386589478,76.74614591517334,78.3907699584961,4227000
2022-12-05,77.68728080135263,77.94395364413286,76.42291192993756,77.23096466064453,4943200
2022-12-06,76.98381337488522,77.77284913771679,76.09019804367568,76.61305236816406,4989600
2022-12-07,76.18526020823958,77.24999319216967,76.04266093986233,76.23279571533203,5911100
2022-12-08,76.83169680666411,76.86021520711215,75.90005462559816,76.28982543945312,3898800
2022-12-09,75.97612914691042,76.33738165835301,75.79551014409049,75.88106536865234,5098400
2022-12-12,75.67191326516198,76.57503720207768,75.58635804901137,76.32786560058594,6803900
2022-12-13,77.98199823350194,78.22916983450101,73.48541742211083,73.9132080078125,10448800
2022-12-14,73.67553508135143,75.11102173116774,73.20971760003609,73.5044174194336,8753100
2022-12-15,72.93402969475686,73.50441949965884,72.23054917714107,73.25724792480469,7854500
2022-12-16,72.88649431824717,74.6832261959701,72.77242070880438,74.33148956298828,13857700
2022-12-19,74.38852459056348,75.61486663307537,74.16987142285527,74.39803314208984,6478200
2022-12-20,74.87334816291177,76.21376361494765,74.54062143743468,75.63386535644531,7110700
2022-12-21,76.58454141404766,77.66828437723505,76.54651445445676,77.24049377441406,7123500
2022-12-22,77.1073905578518,77.42110748400717,75.89055705956402,76.81269073486328,6124600
2022-12-23,76.79367397510778,78.09606993767105,76.29933808405517,77.73481750488281,4756400
2022-12-27,78.05803298984743,78.68545951173117,77.67777075539425,78.16260528564453,5346500
2022-12-28,78.3052262125281,78.89462594887866,77.89644546655875,78.28620910644531,3382700
2022-12-29,78.66645730289747,78.87560191480114,78.18162272556623,78.58090209960938,3378500
2022-12-30,78.16261190145258,79.26536449651681,77.95346729215605,79.15129089355469,5058400
2023-01-03,79.44599897431875,79.71218041280221,77.23097774952394,77.89643859863281,7443200
2023-01-04,79.08474636732264,79.59809934471534,78.1531041669656,79.23684692382812,6199100
2023-01-05,78.80906143684324,79.47451501325119,78.14360060753526,79.00869750976562,4562400
2023-01-06,79.8643042295563,80.77692959549894,79.10377946481992,80.36814880371094,6462600
2023-01-09,80.80543740150128,82.35499788415639,80.65332956735317,81.21421813964844,8036900
2023-01-10,81.214202591142,81.68002005146332,80.77690353103841,81.39482879638672,3986600
2023-01-11,81.32829179035785,81.67052713388748,78.98968119193871,79.30339813232422,10252000
2023-01-12,79.51252839670636,79.89279062670715,78.63793034473369,79.36042785644531,8211600
2023-01-13,78.67596433987586,79.07523645333426,77.51616769829718,78.8851089477539,9309500
2023-01-17,78.66646875077959,80.33961863659324,77.83939873413804,79.36994934082031,9365000
2023-01-18,77.47814794332123,77.82038328747466,75.42473587840067,77.36406707763672,14026500
2023-01-19,74.12236506319151,74.53114586476293,71.74573418263722,72.55378723144531,23537100
2023-01-20,72.91501991472126,74.18889761808461,72.69637397311675,73.2287368774414,11544500
2023-01-23,72.7343762325249,74.05578174483495,72.7343762325249,73.89417266845703,8610500
2023-01-24,73.3713229777885,75.82400692286622,73.3713229777885,75.33917236328125,6555600
2023-01-25,74.26494773979456,75.66240029225422,74.23642208317683,75.30115509033203,7206500
2023-01-26,75.62439616637525,75.72896850347946,73.91321906185333,74.19841766357422,11540300
2023-01-27,74.54063858530881,75.17757378530429,70.46233999023431,71.00421142578125,19831100
2023-01-30,70.6619697809096,72.58228376225895,69.9394721801991,71.77423095703125,14849100
2023-01-31,71.75521219944035,73.64700754444014,71.64113135467952,73.59947204589844,12526800
2023-02-01,73.28575196516769,75.20607287725196,73.28575196516769,74.38851165771484,9718100
2023-02-02,74.42656142849074,74.54064230325932,71.98338557051089,72.83897399902344,13198100
2023-02-03,72.97206055296296,76.23279769470712,72.95304344847217,75.12052917480469,9523200
2023-02-06,75.05397814572754,76.6795995705868,75.00644989389113,75.91907501220703,7816300
2023-02-07,75.22508559918832,77.52566881224769,75.10150345770653,77.18343353271484,5974400
2023-02-08,76.13772167565854,77.91544367793338,76.13772167565854,76.63206481933594,7128600
2023-02-09,76.65112785229691,77.09932547471371,75.25885887603253,75.88824462890625,6292800
2023-02-10,75.90732736261742,76.99444179128618,75.73567733306633,76.72743225097656,4809400
2023-02-13,76.76556815842426,77.58567294687431,76.6606705267297,76.68927764892578,5760000
2023-02-14,77.24236651983128,77.77638549107954,76.641595177177,77.02303314208984,4482200
2023-02-15,76.6320623452443,77.41402186813605,76.28876233271004,76.74649810791016,4184800
2023-02-16,75.87871514641718,77.33773666198701,75.67845800461974,76.61299133300781,4665100
2023-02-17,76.26015596327393,77.19468923681005,76.16479646450992,76.59391784667969,4764700
2023-02-21,75.97407175178847,76.88953605455792,75.90731937373644,76.19340515136719,5828300
2023-02-22,75.97407205206837,76.46041496577745,75.42097676004342,76.28876495361328,5389100
2023-02-23,76.60345867234932,76.81325394228399,75.03000142330299,75.30654907226562,5260800
2023-02-24,75.14443104303855,77.06118088778935,74.96324291101674,76.86092376708984,6470400
2023-02-27,77.3567971683224,77.54751613818962,74.12406188347528,74.26709747314453,7722100
2023-02-28,74.53411594550518,75.14442539379189,73.75214923470891,74.30524444580078,9474800
2023-03-01,74.11454060334087,74.55320015414087,72.76994755103881,73.81892395019531,7389500
2023-03-02,73.29441819118978,73.90472761786809,71.93075647444803,72.56013488769531,8579900
2023-03-03,72.82716907537899,74.20036197665513,72.47433089789325,73.81892395019531,5845600
2023-03-06,73.0846464205121,73.73310130393327,72.41712254440117,73.04650115966797,6969900
2023-03-07,72.85577602647757,73.08464029690174,71.40628533770851,71.47303771972656,6377900
2023-03-08,71.42538110759729,72.92254832064316,71.33955243558695,72.66506958007812,5371900
2023-03-09,69.24159096929857,69.76607913926908,61.37431207252255,63.38642883300781,40220100
2023-03-10,62.614012626570535,62.614012626570535,54.65136992806464,55.97688674926758,88882900
2023-03-13,49.35883012465748,52.35316725332972,42.91243098216146,49.50187301635742,148476900
2023-03-14,56.53950807514744,58.275077072504814,52.448522450920095,54.05058670043945,112494900
2023-03-15,54.403417660832204,57.197493602647356,52.009859574232756,56.78744125366211,87012300
2023-03-16,55.70033146358709,57.216570733535036,53.24955530818587,55.19491958618164,66199500
2023-03-17,53.90754965691071,54.651367620403356,51.26605062186655,53.79311752319336,64528800
2023-03-20,55.843374527159135,57.187963798261585,53.35445311011742,53.50703048706055,46523700
2023-03-21,55.786163868152975,57.216578326310746,54.66090420338364,56.71116638183594,39433900
2023-03-22,56.32018377091221,56.53951354038008,53.640539509816136,53.65007400512695,35735700
2023-03-23,53.54518224606876,54.2508513360149,50.35058779896347,50.4364128112793,46162500
2023-03-24,49.673524121555616,51.59981594667269,48.73898715173817,50.78924560546875,45393100
2023-03-27,52.27688007100914,52.73461226078142,51.59027996748467,52.315025329589844,27218100
2023-03-28,51.819141758551744,52.00986439118841,50.512697727247854,51.351871490478516,23163200
2023-03-29,51.46631451095472,52.67739921560446,50.62713699164384,52.64878845214844,26360200
2023-03-30,51.275580221060984,51.65702181587826,49.46372082305208,50.035888671875,45460400
2023-03-31,50.016821805212146,50.2075444434455,48.40521933175867,49.950069427490234,43886100
2023-04-03,50.33150947232568,51.103934495730286,49.14903570064267,49.177642822265625,24883200
2023-04-04,49.25393434312369,49.53047834587312,47.57557951058377,47.680477142333984,29144500
2023-04-05,46.79362411171044,47.12738602610927,46.116562149511644,46.602901458740234,37753000
2023-04-06,46.53614626267673,47.432541586128565,46.31681649822603,47.060630798339844,28155000
2023-04-10,47.21320285049777,49.74980387323584,47.19413386246647,49.320682525634766,31528500
2023-04-11,49.1585684098039,49.86424103197005,48.853413664470295,49.3111457824707,19861900
2023-04-12,49.65444883199781,50.33151073745846,48.891561921779356,49.51140594482422,19174400
2023-04-13,49.22532312660106,49.54001601893282,48.92016836673906,49.101356506347656,16165100
2023-04-14,49.74027345326198,49.85470557947955,47.794909118904734,48.414756774902344,32171900
2023-04-17,47.203668506930974,50.36965163900359,46.72686377453773,50.32197189331055,52377600
2023-04-18,50.06450070275201,51.73331739284374,49.854705440494904,51.49491500854492,36872300
2023-04-19,51.49491690723981,53.65961107301642,51.485382412118256,52.9730110168457,35415600
2023-04-20,52.02893765895769,53.287701957036916,51.2565126242461,51.49491500854492,24735700
2023-04-21,51.742854944018184,51.790538333879915,50.63666796103945,51.304195404052734,17572800
2023-04-24,51.16115437124283,51.704711529659626,50.5508411968839,50.655738830566406,13246100
2023-04-25,50.18847045030279,50.38872757801985,48.50058115011973,48.66269302368164,17042900
2023-04-26,48.17635290129725,48.89156003408777,47.96655764493792,48.25263977050781,11422600
2023-04-27,48.37661350452792,49.87378025248941,48.02377897887461,49.330223083496094,12315900
2023-04-28,48.78666263051682,49.99774715081227,48.44336262315981,49.81656265258789,12797300
2023-05-01,49.69259919483036,50.617601714775084,49.0155372197747,49.406517028808594,11041000
2023-05-02,49.20625126792358,49.301614405452185,46.77454764578598,47.77583694458008,20934400
2023-05-03,48.04284920520563,48.24310633372197,45.53485511933498,45.80186462402344,22505400
2023-05-04,44.99130083867767,45.39181512118053,43.532279327085945,45.1724853515625,26316200
2023-05-05,46.822229668605914,47.947489281945536,46.316817747230836,46.95573806762695,22019600
2023-05-08,47.66141048084234,47.92842002218749,45.29645895508372,45.42042922973633,19204700
2023-05-09,45.33459613597169,46.040265123128066,44.92454376327345,45.71603775024414,11467400
2023-05-10,46.38356598106185,46.459856487967585,45.010369596342954,45.34413146972656,12343400
2023-05-11,45.200328988873245,45.80427558897991,44.625137048873384,45.756343841552734,11764000
2023-05-12,46.686250688229,47.73117922163165,46.32196270363161,46.916324615478516,19336800
2023-05-15,48.42139468624861,49.658053675598495,48.124215620019214,48.833614349365234,22098000
2023-05-16,48.57477557151307,49.08286236815645,48.00917579380051,48.018760681152344,12351700
2023-05-17,48.6131290041597,50.01275679198896,47.99959373590351,49.67723083496094,19884400
2023-05-18,49.811442073034726,49.993587873084806,48.891139154848844,49.61012649536133,12764900
2023-05-19,49.97442137894357,50.06070001806578,49.00618291135439,49.53343963623047,11963900
2023-05-22,49.849787985927975,49.98399836846901,49.14038554783565,49.82102966308594,9277400
2023-05-23,50.060690456166576,51.14396202639489,50.00317015541876,50.607120513916016,14865300
2023-05-24,50.10862529911664,50.47291324571493,49.79226911094895,49.926483154296875,10073300
2023-05-25,49.75392869842011,52.02592781991397,49.57178288639083,51.997169494628906,18822400
2023-05-26,51.97798964837641,52.24641040315672,51.172723727076935,51.45072937011719,11521400
2023-05-30,51.76708850104717,52.10261446373343,50.990580857026316,51.613704681396484,12334200
2023-05-31,51.17272015166914,51.33568883941109,50.30034910262664,50.51124954223633,17631500
2023-06-01,51.048107855894784,51.1056281671673,50.20449490869386,50.520851135253906,10750300
2023-06-02,50.9522340394848,52.40937839458028,50.9522340394848,52.12178421020508,12279800
2023-06-05,52.15054847326598,52.332690611393076,51.23983046871325,52.160133361816406,8658000
2023-06-06,51.613695586887374,52.418961412402545,51.46989668138328,52.35185623168945,10894800
2023-06-07,52.706568967567726,53.79942922500247,52.093033641075166,53.32969284057617,15622200
2023-06-08,53.16671339172426,53.30092376942581,51.68080703480797,52.754493713378906,11732600
2023-06-09,52.85994891106913,53.042094711883166,52.45731775403362,52.725738525390625,7863000
2023-06-12,52.677807205590916,52.76408583381063,50.913891428511356,51.73833084106445,11268600
2023-06-13,51.76708900765197,52.84077575571408,51.60412029759771,52.48607635498047,10611600
2023-06-14,51.958820080098334,53.05168027095404,51.48908006733045,52.10261535644531,14994400
2023-06-15,51.89171509921971,53.30092782938498,51.719157841328645,53.21464920043945,12833800
2023-06-16,53.57893700349591,53.57893700349591,52.025925343716565,52.150550842285156,19693500
2023-06-20,51.75749817243891,51.90129343120902,51.201479599044475,51.69997787475586,9151500
2023-06-21,51.575358473556655,51.88212611679147,51.20148563692415,51.73833084106445,13934100
2023-06-22,51.719156630852346,51.747914954174846,50.56877615748929,51.0097541809082,9009500
2023-06-23,50.52084213726662,51.15355082073927,50.338696345824225,50.971405029296875,21942900
2023-06-26,51.10562877992591,51.421981353319836,50.779687659391996,51.20149230957031,10131400
2023-06-27,51.51784046636036,53.10919894500043,50.875543216130204,52.936641693115234,12367300
2023-06-28,53.16671260669012,53.50224220294825,52.764081479530525,53.473480224609375,9910600
2023-06-29,54.47047694917549,54.978560131960364,54.154124442314995,54.777244567871094,15151100
2023-06-30,55.17029365649406,55.42912953381266,53.7514924325303,54.33626937866211,18007600
2023-07-03,54.29792368032608,55.69755150017614,54.29792368032608,55.33326721191406,6410600
2023-07-05,55.00732641373025,55.1798836698659,54.23081876111977,54.345855712890625,7979600
2023-07-06,53.847353621208576,54.163709787698046,53.147539756591925,53.64603805541992,8730300
2023-07-07,53.50224275842434,55.02649597570521,53.42554902466903,54.44171905517578,9493600
2023-07-10,55.36202696238232,55.592104527651514,54.729318229090595,55.438720703125,8258900
2023-07-11,55.601685860286416,55.72631135254237,55.00732403538349,55.19905471801758,8430600
2023-07-12,55.793412531717834,56.36860088130899,55.601681862868,55.994728088378906,8909900
2023-07-13,56.31109322990407,57.499816984013265,56.27274635862082,57.45188522338867,12598300
2023-07-14,57.76823395853116,57.77782250419895,56.061838525533325,56.10018539428711,12775200
2023-07-17,55.96597407620846,56.88627696918193,55.69754965637223,56.2152214050293,15512600
2023-07-18,61.97670008945761,64.18158985178614,61.35357636670006,63.28046417236328,45975500
2023-07-19,65.06356553479114,65.95511015471865,63.2900575270592,63.309234619140625,22153000
2023-07-20,63.24211998799171,65.16900787526545,63.05997420998535,65.13066101074219,13621600
2023-07-21,65.37032729721389,65.43743248562177,63.71186004953776,63.73103713989258,9887900
2023-07-24,63.93235314543714,64.55546962183746,63.596819887169836,63.80772399902344,7414600
2023-07-25,63.46261167856732,63.91317823948809,62.45603381111194,62.73404312133789,9973200
2023-07-26,62.964105236465926,64.29662757875877,62.935346919050616,63.865238189697266,6704700
2023-07-27,63.70227821066789,64.72803323512805,62.868257540355934,63.098331451416016,9199000
2023-07-28,63.36675434072085,63.81732094555662,62.99288148009501,63.2325439453125,6675500
2023-07-31,63.385933532855546,63.47220851251033,62.53273571353976,63.366756439208984,8651900
2023-08-01,63.02163407178294,63.213368414863126,62.676519568155946,63.002464294433594,5942300
2023-08-02,62.436856576629296,62.87783459096651,62.149266035409696,62.6381721496582,9585300
2023-08-03,62.3697442981019,63.52012827400581,62.31222765917746,63.14625549316406,7426600
2023-08-04,63.088732287056665,63.222942655413206,62.04380766000699,62.23553466796875,7367000
2023-08-07,62.66694184592334,63.337993799491,62.50396581669884,63.242130279541016,5825100
2023-08-08,62.101331195536574,62.97370600064179,61.21937515871091,62.81072998046875,6325600
2023-08-09,62.69569253178785,63.2133642531469,62.16843226542672,62.590240478515625,6617500
2023-08-10,62.782701040803595,63.417845338180406,62.0705755629811,62.10906982421875,7347000
2023-08-11,61.82037062252283,62.436264158979014,61.53167098618587,61.66640090942383,6573200
2023-08-14,61.3295867472324,61.36808101424047,59.222075187247924,59.453033447265625,12327500
2023-08-15,58.70241088612094,59.048851931171946,58.105764459097074,58.67354202270508,8753400
2023-08-16,58.230863946178026,58.74090377096863,58.09613769204979,58.173126220703125,6402800
2023-08-17,58.02878163830881,58.35597558293805,57.39364088355975,57.51874542236328,8660700
2023-08-18,56.86435589273795,57.5957286279207,56.7392513575433,57.278160095214844,5949400
2023-08-21,57.29739637664399,57.44174434743689,56.46016272778323,57.16267013549805,7448800
2023-08-22,57.451365876950014,57.451365876950014,54.14093310721513,54.33340072631836,17490000
2023-08-23,54.32379439537555,55.9308915777373,54.227558723038726,55.834659576416016,10628400
2023-08-24,55.81541139010298,56.47942099714381,55.22838664846529,55.66143798828125,6727400
2023-08-25,56.03674361802994,56.34469039800039,55.41122832728411,55.95975875854492,8367200
2023-08-28,56.31581911106523,56.94133437489253,56.26770311708083,56.82585525512695,4952700
2023-08-29,56.89322415584196,57.643847688047636,56.29657769363983,57.21079635620117,7604200
2023-08-30,57.36475954354171,57.99027475951224,57.05681280038381,57.52835464477539,10299000
2023-08-31,57.528356730675654,57.595719853745514,56.80660583691436,56.922088623046875,6687700
2023-09-01,57.326273317088,58.567685864371256,57.25891018701979,58.22124481201172,9392600
2023-09-05,58.41371451327561,58.66391990927362,57.384016722218654,57.432132720947266,6085800
2023-09-06,56.74887222466871,57.06644073199454,55.4978343147359,56.07523727416992,8534800
2023-09-07,56.05599321799339,56.39280887621897,55.449721362172,55.642189025878906,6351600
2023-09-08,55.4593407535089,57.19154219709741,55.411224760551015,57.09531021118164,9554100
2023-09-11,57.63421569449514,58.30785061466074,57.37438492510205,57.56685256958008,7641700
2023-09-12,57.653461494872225,58.84675792627174,57.557229510362625,58.24048614501953,9448200
2023-09-13,58.50994231034631,58.68316283014625,55.719174203264714,56.51791000366211,13621300
2023-09-14,57.11455627788402,57.672712100507894,56.84510376821187,57.50911331176758,8074200
2023-09-15,55.81540390710957,56.412050300301374,54.679848844283725,56.02711868286133,23653400
2023-09-18,55.80578384442753,56.05598921968938,54.79532959979274,55.68067932128906,8713500
2023-09-19,55.66143371841026,56.00787476368702,55.2283824118143,55.55557632446289,7313900
2023-09-20,55.72879998038328,56.19072017638479,54.497012791045925,54.53550338745117,8867700
2023-09-21,54.12170029910459,54.70872132991043,53.84262238003962,53.900360107421875,8686200
2023-09-22,53.890736836251335,54.08320448772669,53.04388137236887,53.07275390625,7019500
2023-09-25,52.88991072135666,53.43844117027675,52.50497906950878,53.265220642089844,6994300
2023-09-26,52.67819655823909,52.909154801818794,51.51376892572065,52.15853500366211,8948800
2023-09-27,52.37987258760847,53.14973953363953,52.0815475399523,52.331756591796875,7746700
2023-09-28,52.466481021754404,52.71668639387243,51.879456348651864,52.4953498840332,6154300
2023-09-29,53.024636382033584,53.70789675592192,52.581963335469226,52.83217239379883,8061700
2023-10-02,52.67819670848447,52.88990782053385,51.263563696217446,51.533016204833984,8859300
2023-10-03,50.93637779389746,51.013362663734036,48.83848777887724,49.36777114868164,15459400
2023-10-04,49.32926971079212,49.63722015844077,48.828858952024035,49.4736213684082,10421900
2023-10-05,49.18492630274707,49.473625973838736,48.13598135000214,49.136810302734375,8601700
2023-10-06,48.63639548866708,49.897051566917746,47.78953994446481,49.57948303222656,11471300
2023-10-09,48.944338375082744,49.82968444556925,48.92509124254845,49.80081558227539,8168600
2023-10-10,50.195365707536695,50.6091698224867,49.76231446270359,49.82967758178711,8373800
2023-10-11,49.91629775528531,50.512947887245495,49.19454676073399,49.95479202270508,8068500
2023-10-12,50.07026532680372,50.16650098415329,48.85772541231888,49.56985092163086,9412300
2023-10-13,50.051021115978365,50.272361305290836,49.15605331200029,49.396636962890625,12412900
2023-10-16,48.70375945518422,52.543472828828854,48.43430691556439,51.69662094116211,20509400
2023-10-17,51.244317777718884,52.26439378180796,50.108762648775546,51.66774368286133,15991300
2023-10-18,51.48490365203544,51.87946071075248,49.71420775342389,49.887428283691406,9949100
2023-10-19,50.13763535537259,50.52257069574637,49.63722455230834,49.94517135620117,9981700
2023-10-20,49.56023224885295,49.89704789281772,48.626766505557455,48.95396041870117,9786400
2023-10-23,48.790363114190455,48.99245249152549,47.42384612479751,47.47196578979492,10885600
2023-10-24,47.85690077834394,48.28032669458864,47.423849460016825,47.9531364440918,9022900
2023-10-25,47.62594652319768,47.74142566078016,46.82720694996453,47.51046371459961,8056400
2023-10-26,47.33723549510647,49.877801806976464,47.308366633146974,49.49286651611328,14097600
2023-10-27,49.11755797687161,49.45437361237505,48.020497140071726,48.232208251953125,10574800
2023-10-30,48.80960922679529,49.18491911144211,47.837649281977406,48.838478088378906,9293000
2023-10-31,48.96358326605589,50.204992054057,48.40542746115934,50.079891204833984,13193500
2023-11-01,50.099144083542164,51.50415181626116,49.906676415946926,50.83051681518555,13862700
2023-11-02,51.56189172824607,53.01501541812996,51.49452492617082,52.86104202270508,14948800
2023-11-03,54.28529834586548,54.69910254580205,53.38070508166354,53.72714614868164,12839200
2023-11-06,53.86186660150282,54.083203110206654,52.52422214789289,53.525047302246094,10606400
2023-11-07,53.41919081893015,53.7656318544335,52.36062425134997,53.14973831176758,10955900
2023-11-08,53.14974091119839,53.25559830733666,52.57234160446359,52.83217239379883,6386800
2023-11-09,53.170522321226386,53.31553431177116,52.165115195896526,52.358463287353516,8548700
2023-11-10,52.832177188170824,52.832177188170824,51.71076244406132,52.60015869140625,6356000
2023-11-13,52.184454350542524,52.79349959431154,51.817093317560285,52.16511917114258,9827200
2023-11-14,53.750572414356796,54.07926312162496,52.4358132730929,52.9675178527832,15361400
2023-11-15,53.460546185798016,54.900985691178825,53.43154526087498,54.214603424072266,10245500
2023-11-16,54.15660124497339,54.25327345925095,53.25753563851947,53.818241119384766,10189400
2023-11-17,54.53362765922614,54.91065445518329,53.992253674785175,54.891319274902344,7366700
2023-11-20,54.80431541905108,55.07500426807458,54.17593862511557,54.67864227294922,8233100
2023-11-21,54.51429417777904,54.57229972042953,54.04059515346376,54.127601623535156,4901200
2023-11-22,54.44662598072995,54.60130374877372,53.57656123060322,54.06959915161133,6830100
2023-11-24,54.22426498173625,54.59162598289097,53.943910436439005,54.552955627441406,2725600
2023-11-27,54.13726806640625,54.46595877003607,53.92458476176086,54.13726806640625,8715200
2023-11-28,54.1082643315936,54.71730591052265,53.740903284757295,53.95358657836914,7866000
2023-11-29,54.13726152222866,57.936537491938296,54.13726152222866,57.62718200683594,15656600
2023-11-30,57.67552462655766,59.74434104985909,57.62718851801307,59.28030776977539,20200300
2023-12-01,58.845269091285644,61.06876303558542,58.35223493663898,61.05909729003906,17131600
2023-12-04,60.421053913657765,61.24277877176012,60.22770580357236,60.556396484375,11690900
2023-12-05,60.237371078808465,60.314708104818486,59.473648124990376,60.160030364990234,7172600
2023-12-06,60.798082755931084,61.5038002469696,60.02469397724563,60.09236526489258,8544500
2023-12-07,60.6047299749494,60.94309007495128,60.015023611956074,60.86574935913086,9500600
2023-12-08,60.904419416410256,62.19018115201579,60.7690768522009,61.93882751464844,10159700
2023-12-11,61.82282388718615,62.22885529230307,61.523134128357206,61.8904914855957,8281700
2023-12-12,61.90015667286661,62.48019728288744,61.47479380470521,62.42219543457031,8274200
2023-12-13,62.5865433543484,64.20099954447291,62.16118414387071,64.09465789794922,13922500
2023-12-14,65.45775135921974,68.80265998182931,65.45775135921974,68.58031463623047,26968400
2023-12-15,68.31929458430635,69.02501576277095,67.7682548493036,68.61898803710938,21428000
2023-12-18,68.76399271496471,68.9670065779258,66.91752908006131,67.00453186035156,12870800
2023-12-19,66.95619748488846,67.52656869621855,66.57917069674421,67.42022705078125,10781100
2023-12-20,66.8788581342443,68.6383189734691,64.82937327868757,64.88738250732422,11408600
2023-12-21,65.37076187620973,66.26982762635896,65.09040724706445,65.9121322631836,8674300
2023-12-22,65.97980313092188,66.83052907284524,65.76711980153645,66.298828125,4456900
2023-12-26,66.12480093656221,66.89818597857743,65.9991204277174,66.65650177001953,3565700
2023-12-27,66.50182890108881,67.06253804511807,66.1441336108046,66.96585845947266,4320000
2023-12-28,67.01420426576243,67.51690422839046,66.95620240966392,67.23655700683594,4352200
2023-12-29,67.33322233588314,67.38155475248061,66.44382621382873,66.5114974975586,6047700
2024-01-02,65.86378528624886,66.88853146148031,65.30308346465151,66.80152130126953,10111200
2024-01-03,64.8197021484375,65.36107236916484,64.09464958469934,64.8197021484375,10661900
2024-01-04,64.5200118089425,65.6704309583246,64.22032576187311,64.66502380371094,6755000
2024-01-05,64.68436551447867,65.77677548862184,64.40401094576225,64.99372100830078,7243200
2024-01-08,64.77137676356597,65.89279518514213,64.30733977431639,65.54476928710938,6534200
2024-01-09,64.77137019125263,65.11939605397141,64.3943434025768,64.5296859741211,7069300
2024-01-10,63.66929322508717,64.12366075104788,63.321267348845666,63.63062286376953,7990100
2024-01-11,63.311597829680416,63.485610767567735,62.66388587361766,63.08925247192383,8294800
2024-01-12,63.46628088346707,63.852977130309334,62.325531011871995,63.06025314331055,8457700
2024-01-16,62.16118297359406,62.72188474625183,61.62947475098585,62.17084503173828,12604100
2024-01-17,58.90327365213918,61.74547852295127,57.68518321621383,61.33945083618164,24688400
2024-01-18,61.12676597574457,61.12676597574457,59.87000890302997,60.633731842041016,11301800
2024-01-19,60.933421344463,61.677809147684,59.84101137946045,61.65847396850586,12711200
2024-01-22,61.72614930535474,62.393200123477534,61.184779004047655,61.51346969604492,10041700
2024-01-23,61.87116396729482,62.151518564095724,61.32978995496984,61.7938232421875,5857400
2024-01-24,62.35453374790223,62.538216129992925,61.320125498581895,61.36846160888672,5977600
2024-01-25,61.81315026262862,61.91949558951539,61.03976155270526,61.59080123901367,5904400
2024-01-26,61.822825532164345,62.56721338817822,61.61981166810836,61.90983200073242,5108500
2024-01-29,61.56180615628271,61.94850239184119,61.27178582351815,61.81315612792969,5546800
2024-01-30,61.46513268158111,62.335197349851576,61.26211513377898,62.23851776123047,5641200
2024-01-31,61.55214011816335,62.03550859537641,60.79808647380979,60.82708740234375,8916100
2024-02-01,60.82708050227943,61.27178225360435,59.13529102394586,60.19870376586914,8942600
2024-02-02,59.937688912825195,61.213781349492905,59.492990815642834,60.84642028808594,9803100
2024-02-05,60.421048823416335,60.67239876388616,59.4349768640812,60.295372009277344,6953800
2024-02-06,60.28571211584692,60.78841573339059,59.61866131189065,59.83134460449219,6171000
2024-02-07,60.00536004568893,60.69174237056985,59.628333238720785,60.35338592529297,6990500
2024-02-08,60.41162179645678,61.06193790981007,60.09131419246918,60.634864807128906,5689100
2024-02-09,60.683397950887574,61.54725250531243,60.518389986231654,61.508426666259766,7562800
2024-02-12,61.45019130250701,63.207021633164,61.45019130250701,62.60523223876953,6692400
2024-02-13,61.780197912721455,62.04226304460729,59.86806810304882,60.8678092956543,8998800
2024-02-14,61.30459933711922,61.53755067933247,60.33397553272997,61.17841720581055,6324900
2024-02-15,61.401664932641395,63.33320808026459,61.343429869611114,62.73141860961914,8268300
2024-02-16,62.54699310317127,62.993479113008675,61.993734192120776,62.5081672668457,6057200
2024-02-20,62.05197420339431,62.48875191167894,61.518131902329834,61.712257385253906,5357500
2024-02-21,61.50842138452244,62.2946278959661,61.052230774052106,62.24609375,5184900
2024-02-22,62.80907029717452,63.27497301723431,62.44993679618526,62.73141860961914,6084300
2024-02-23,62.65376627566204,63.236139046941304,62.41111033718972,62.5469970703125,4196900
2024-02-26,62.54699310317127,63.24584334648933,62.391689757868996,62.5081672668457,5377300
2024-02-27,62.644053080230144,63.48849834616937,62.595518934211306,63.43025588989258,5484200
2024-02-28,63.26526403211322,64.12911868247991,62.983782221673046,63.721458435058594,5126700
2024-02-29,64.08057644314934,64.87648761854109,63.93498880548802,64.81825256347656,8522900
2024-03-01,64.6629519048864,64.95413456427106,63.76997249573563,64.5173568725586,7875300
2024-03-04,64.68236846318689,66.16742166992626,64.65325093446992,65.65299224853516,5805100
2024-03-05,65.29385260303322,66.45860547838888,65.23561755111032,66.09947204589844,6170200
2024-03-06,66.47801469393947,66.55566636668408,65.15796587836573,66.09947204589844,6624700
2024-03-07,66.53624604765473,66.7983111428458,66.14799515399362,66.18682098388672,5326200
2024-03-08,66.40035579017939,67.00213760812461,65.17736813247767,65.19677734375,9029600
2024-03-11,65.22590174509749,65.68209601345839,64.86677575914804,64.98324584960938,8456500
2024-03-12,65.19679439560112,65.39092358544511,63.91557136371634,64.54647827148438,9497900
2024-03-13,64.7503215984886,65.62388461811923,64.71149575258579,65.1579818725586,8202500
2024-03-14,64.76001694309471,65.35209801532059,64.09028419461299,64.64353942871094,11673800
2024-03-15,64.1873389749481,65.81798699468261,64.1873389749481,65.07061004638672,11825900
2024-03-18,64.76001192938507,65.58504056123348,64.71147778416481,65.42003631591797,6567400
2024-03-19,65.61417229345096,66.44890941614013,65.3812246375503,66.3421401977539,7979200
2024-03-20,66.36154567183317,67.73012125122771,66.06064728636078,67.62335205078125,6836100
2024-03-21,67.93395797950168,69.88491389933425,67.88543123245698,69.73931884765625,10466900
2024-03-22,70.50610790375106,70.79729798795287,69.45783248695031,69.49665832519531,7231300
2024-03-25,69.36077467839515,70.19551172460423,68.90458031531904,69.2345962524414,6578600
2024-03-26,69.29283408010313,69.42872082280047,68.82693879236139,68.91429138183594,5659100
2024-03-27,69.3025464081025,70.32169703739558,69.205485501304,70.25375366210938,7358000
2024-03-28,70.2731472343476,70.46726898426525,69.5937062990957,70.21490478515625,6865000
2024-04-01,70.16638976782848,70.49639827885264,69.7393129603654,70.2440414428711,4070800
2024-04-02,69.88491657151276,70.0402199406468,68.88517519984718,69.36077880859375,5373600
2024-04-03,69.33164587076664,70.11784863779278,69.18605084587682,69.32193756103516,5295900
2024-04-04,70.10815910049516,70.82641862639896,68.99194026905313,69.2540054321289,7855300
2024-04-05,69.38018534073544,70.01108482157687,69.11811279475937,69.77813720703125,4255200
2024-04-08,70.14697314643216,70.64199331823971,69.71019543354224,70.2440414428711,5846000
2024-04-09,70.40904147219887,70.66140569830398,69.38988366293385,70.15667724609375,5024000
2024-04-10,69.44812234850741,69.95284336804903,68.06013028817988,69.01133728027344,7750200
2024-04-11,68.77839591755412,69.18605609395199,67.76894638175622,68.54544830322266,5891800
2024-04-12,67.66217902432501,68.78810610057425,67.42923140365224,67.9727783203125,8615000
2024-04-15,68.42896892641903,71.48643497652598,68.39985140108092,69.13752746582031,14417600
2024-04-16,69.39958324941209,71.10788275671935,68.30278131290596,70.9234619140625,12021600
2024-04-17,71.34084004369275,71.70967437393948,70.19550381208657,70.3702163696289,9852800
2024-04-18,70.39933904775842,71.67085378416155,69.84608380925836,70.78759002685547,8208300
2024-04-19,71.24378200720606,71.70967724244154,70.71964431361273,71.26319122314453,8489400
2024-04-22,71.78733164148765,72.77737201316555,71.06907214016259,72.07852172851562,8847500
2024-04-23,72.16587353074779,73.15591389171512,72.00086927234372,73.02002716064453,9244400
2024-04-24,72.28235089622727,73.33062630969887,72.17558169271045,72.981201171875,6038800
2024-04-25,72.72882827490923,73.2432576096003,71.82614801045887,72.69000244140625,6375400
2024-04-26,72.75794607471276,73.0879619581047,72.33086930983045,72.78706359863281,5560700
2024-04-29,72.70943710573569,73.2723933180664,72.24353439334324,72.36971282958984,5743200
2024-04-30,72.18530132859263,72.25324470464727,71.45733341146179,71.77763366699219,6725700
2024-05-01,71.78733630124353,73.15591943173035,71.29231608327254,72.3794174194336,7015000
2024-05-02,73.15590652276747,73.25296740585937,72.16586626152626,73.11708068847656,5591300
2024-05-03,73.84505447517009,74.22359713396004,72.96178333447932,73.80622863769531,5414700
2024-05-06,74.25270959642032,74.67007806421887,73.64121935975905,74.60213470458984,4857600
2024-05-07,74.72833217742448,74.78657464715789,73.19475203953455,73.32093048095703,7336800
2024-05-08,73.22385700935226,74.35948500314237,73.10737949514119,74.15565490722656,5190100
2024-05-09,73.99983984441157,74.35041213364448,73.46424865722656,73.46424865722656,6091500
2024-05-10,73.81482801501247,74.25303970372569,73.55189505811781,74.11670684814453,5103000
2024-05-13,74.1751162856156,74.40883606758467,72.71440108142664,72.74361419677734,5488100
2024-05-14,73.03577242645534,75.24631853621288,72.88969939568584,75.05155944824219,9566100
2024-05-15,75.39238937366781,76.72651211916198,75.3534360712903,76.61939239501953,6601300
2024-05-16,76.02536790468554,76.46357955679044,75.29501019812217,75.99615478515625,7992900
2024-05-17,76.24934920495758,77.14525289483946,75.73322350684664,76.7167739868164,6467200
2024-05-20,76.73624738557614,77.05759910783136,76.10326926426713,76.59991455078125,5559400
2024-05-21,76.44410782065141,77.26210489864711,76.03510928165355,76.83363342285156,6067500
2024-05-22,76.59992219612393,77.40817910319838,73.04551309516508,73.29869842529297,13806600
2024-05-23,72.63649204410397,72.77283229379061,69.8124486879987,70.44541931152344,14676500
2024-05-24,70.73757840977513,71.17579006558327,70.27988638772761,70.37726593017578,6152200
2024-05-28,70.20198414593764,70.20198414593764,68.7120555080713,68.93603515625,8486300
2024-05-29,68.06933307176176,68.90681042097563,67.66033457923835,68.68283081054688,5617300
2024-05-30,68.87759888137117,70.11433456934199,68.75099880013279,69.99747467041016,7078300
2024-05-31,69.88062111070855,71.44845610639877,69.70533497983689,71.36080932617188,8617400
2024-06-03,71.29264453158842,71.40950443135452,70.15328836980262,70.47464752197266,4365000
2024-06-04,69.94878560734146,70.64018992970242,69.7734994812794,70.1045913696289,3887900
2024-06-05,70.5233420413774,72.71441527536075,70.435702678218,72.4417495727539,7010100
2024-06-06,72.50990390593675,72.64623673450396,71.79902664691943,72.30540466308594,4669400
2024-06-07,72.06194845427105,72.90916592831522,71.78928281101497,71.99378204345703,5371000
2024-06-10,71.51663151724438,72.23724906609287,71.2244854525199,72.16908264160156,5337700
2024-06-11,71.83797087683976,71.93535783466521,70.7180951576648,71.52635192871094,6048500
2024-06-12,72.59756144104223,73.03577310785616,71.56531746233473,71.63348388671875,5587300
2024-06-13,71.59451866972971,71.7698047932048,70.80573482888272,71.46792602539062,4147300
2024-06-14,70.59149855027474,71.56530873968786,70.22145335294732,71.33159637451172,5756200
2024-06-17,71.0005165568138,71.01024931106481,70.14355868938915,70.90312957763672,5689100
2024-06-18,70.85444334755894,71.22448860696011,70.54282433185706,70.93234252929688,5868600
2024-06-20,70.64020707830714,71.10763190822335,70.28963474107812,70.79601287841797,5785200
2024-06-21,70.67913728964182,71.65294736826598,70.04615925261984,71.41922760009766,11933200
2024-06-24,71.43872297530282,73.00655812573962,71.27317701024623,72.57807922363281,8341000
2024-06-25,72.35410229498487,72.40278834822008,71.56531096491796,71.9645767211914,5840400
2024-06-26,71.6432179033898,72.12038283300588,71.26343251028563,71.34133911132812,4684100
2024-06-27,70.87391303513033,71.6919175573215,70.61098752095859,71.63348388671875,5564300
2024-06-28,72.06195722486761,72.2664564821991,71.1855265294595,71.76007843017578,8997500
2024-07-01,72.03274521453889,72.22750429225516,71.35107358336683,71.49714660644531,3902800
2024-07-02,71.33158492616876,72.23722855415524,71.30237181390807,72.20801544189453,4925300
2024-07-03,72.30541276384476,72.65598505646032,71.86720111286668,72.18855285644531,2502100
2024-07-05,71.93535637735522,72.20802202274639,71.23421190087412,71.28289794921875,3233000
2024-07-08,72.25672595329178,72.55861221789894,71.19527622396102,71.32186889648438,5338100
2024-07-09,71.11736379872272,72.92865151997786,70.98103095343107,72.57807922363281,4971800
2024-07-10,72.40278751638708,72.77284015055142,72.12038166437092,72.67545318603516,4527300
2024-07-11,73.00656380361801,74.43806622009419,72.74363084611893,74.08749389648438,5796000
2024-07-12,74.3211837023018,74.69122885154937,73.21104082497786,73.40579986572266,6543500
2024-07-15,71.68218064787507,74.10696634551913,71.43872805972975,73.10394287109375,10069300
2024-07-16,68.37120766993654,68.85811273019495,65.62506342726235,65.66401672363281,34310900
2024-07-17,64.52466920698555,64.85576112558938,59.412161682728694,62.129093170166016,42877600
2024-07-18,61.24292142573585,61.73956669619615,60.23015795029499,60.63916015625,21576200
2024-07-19,61.02868416802444,61.13580388564974,59.714041868493034,60.454139709472656,14768600
2024-07-22,61.29161285756728,63.19054349693541,61.223446440520476,63.0542106628418,16727200
2024-07-23,62.947100561286334,64.63179573932653,62.947100561286334,63.43400573730469,14758600
2024-07-24,63.59955027606958,64.65126721559,62.32386112121141,62.40176773071289,11836500
2024-07-25,62.70364053659443,65.13816612795027,62.70364053659443,64.50518798828125,12194300
2024-07-26,64.79734005422964,65.63481752986928,64.73891381207257,64.85576629638672,11168800
2024-07-29,64.24226432642148,64.6512628543392,63.336620483413554,63.589813232421875,9962700
2024-07-30,64.19356489928573,64.26173131429552,62.48939709445906,63.21002197265625,8022600
2024-07-31,63.60928537664236,63.84299775688768,62.878927687490965,63.48269271850586,6982700
2024-08-01,63.49242570123068,63.833265234399434,61.749308166729996,62.04145050048828,9896000
2024-08-02,61.09684970520632,62.42122837273464,60.50282492653748,61.72982406616211,10258500
2024-08-05,60.0061907848073,61.27214345587745,59.54850246117835,60.65864562988281,7873800
2024-08-06,60.78523593480483,62.09988204255138,59.967238865262196,61.1552848815918,7691900
2024-08-07,61.87590237034282,62.27516441259639,60.4541403383951,60.59047317504883,7331100
2024-08-08,61.14554340494809,61.53506525642634,60.50282882095743,61.13580322265625,6138700
2024-08-09,60.989159919137535,61.39979369683786,60.69584954511676,61.018489837646484,4255100
2024-08-12,61.29223527786615,61.380228748089486,59.845234446138015,60.39274978637695,6994000
2024-08-13,60.58830001436058,61.116257182466086,59.952791111924306,61.09670639038086,8774000
2024-08-14,62.328606517249135,64.48933064806603,61.751761225393956,63.9027099609375,15942100
2024-08-15,64.52843268056769,64.89995733490075,63.1498671292074,63.775604248046875,7612800
2024-08-16,63.57028888122815,64.10802887955111,63.482299132022746,64.0884780883789,5335000
2024-08-19,64.11780548095703,64.67509624851596,63.85382132515788,64.11780548095703,4303600
2024-08-20,64.03958651715061,64.16668530123079,63.276978894096345,63.3942985534668,5381400
2024-08-21,63.550734351381536,63.658282344719105,62.778347607996515,63.13032150268555,7814400
2024-08-22,61.282460508174466,63.061880720042986,61.20424243178136,62.837005615234375,19988800
2024-08-23,63.25742382137344,63.677836693565446,62.32860832804288,62.95433807373047,13127800
2024-08-26,63.20854334283503,63.84405221602476,62.71969151104092,63.042335510253906,7439200
2024-08-27,62.92500997769896,63.0325579801583,62.289501088426654,62.485042572021484,7006000
2024-08-28,62.485039284755636,62.9934456234981,61.80064599300066,62.5534782409668,8135500
2024-08-29,62.85656627343213,63.58984398433178,62.406823505861404,63.482295989990234,6429500
2024-08-30,63.64849853515625,64.07869047684183,63.10098694340077,63.64849853515625,6549100
2024-09-03,62.788130051237566,63.55073771027495,62.71969109361336,63.345420837402344,6540800
2024-09-04,63.35519642229219,63.60939398824216,61.966855367402694,62.47526168823242,5489900
2024-09-05,63.101001296948475,63.21832843299269,61.9864196120353,62.26995086669922,5552100
2024-09-06,62.34816355806494,62.92500887324095,61.057595010492086,61.497562408447266,8331700
2024-09-09,62.123284139330096,62.221053001964876,61.45844543041306,61.605098724365234,6247100
2024-09-10,61.75176439023373,61.75176439023373,60.451420432919,61.653995513916016,8567900
2024-09-11,61.39978928629921,62.24061503316503,60.11899987482807,61.99618911743164,8781300
2024-09-12,62.04507398422738,62.25039085975053,59.796356289839565,60.363426208496094,10621900
2024-09-13,60.6176276230266,61.37045989751496,60.43186526814383,60.73495101928711,10840600
2024-09-16,61.605112014357346,62.670809257407356,60.97938220736355,62.26995086669922,11797200
2024-09-17,62.15261884862423,62.97389376856508,62.00596181371122,62.41659927368164,8158200
2024-09-18,62.142845153808594,63.05210611436102,61.83975568052883,62.142845153808594,8802800
2024-09-19,62.85656394017103,63.648501451573885,61.94729931403627,63.31608581542969,9825400
2024-09-20,64.22535524734724,64.49911107625294,63.09121543126712,63.93204116821289,12332400
2024-09-23,64.15691387098963,64.3720024003861,63.37474799564869,63.482295989990234,5872900
2024-09-24,63.38453212410057,63.64850883877721,62.85657123546011,63.140106201171875,6030100
2024-09-25,63.07166639262485,63.345422229136226,62.29927959144654,62.612144470214844,5097500
2024-09-26,62.66102144913111,63.100992553870135,62.17217336858885,62.41659927368164,7602100
2024-09-27,62.621919900529626,63.14010162610562,62.29927591541326,62.983665466308594,6521100
2024-09-30,62.90544546493229,63.40407638494606,62.79790493246504,63.364967346191406,6078900
2024-10-01,63.17921502526532,63.23787485959326,62.03529977050388,62.485042572021484,6331500
2024-10-02,62.40682006467036,62.73923569482414,61.80064117174228,61.93751907348633,4817400
2024-10-03,61.59532531123777,62.260164041540044,61.01848005199442,61.98640823364258,8144400
2024-10-04,62.739238862319525,63.540955524133345,62.64146999317863,63.30630874633789,7141400
2024-10-07,63.04233728579533,63.94182289140095,62.729472403006966,62.856571197509766,7060200
2024-10-08,63.09120797441299,63.628947902840615,62.827231301821435,63.45296096801758,7510100
2024-10-09,63.795147373143294,65.24215169909465,63.521391612383994,65.21281433105469,11115600
2024-10-10,64.91951455220126,65.66257130835945,64.77285753385236,65.1639404296875,6463300
2024-10-11,65.4670270014375,66.57182929702503,65.32036998113823,66.17097473144531,7369900
2024-10-14,66.34697036928867,66.82604306979161,66.03410549926618,66.307861328125,7672200
2024-10-15,70.98127470569324,72.27184306545908,69.82758424322938,70.35554504394531,21705700
2024-10-16,71.05949817245046,72.52605357711637,70.11112448394734,70.4728775024414,13643700
2024-10-17,70.90306349033744,71.08882956576424,70.16001410720365,70.30667114257812,8717600
2024-10-18,70.96173585665127,70.9910657739671,69.60272831957877,69.76893615722656,8948400
2024-10-21,69.61249247196761,69.66138063507522,68.90855215450848,69.28985595703125,5438500
2024-10-22,69.24096703262956,69.46584213745108,68.37081144574367,69.32896423339844,5559600
2024-10-23,69.25075321059322,70.38488559673108,69.16275600086131,70.11112976074219,6593700
2024-10-24,70.29689376677709,71.03017150260726,69.72982386083957,70.97150421142578,6727500
2024-10-25,71.13771749603617,71.28437453092697,69.92535963627309,70.21867370605469,4503900
2024-10-28,70.65863688002476,70.96173007258669,70.05246541347408,70.43376922607422,5758700
2024-10-29,70.55110117536785,70.84440780398727,70.26756621286808,70.28711700439453,6006000
2024-10-30,70.15022586656671,70.63907761476578,69.3778392092979,69.51471710205078,6426100
2024-10-31,69.14320730561857,69.954703172107,68.9085605046982,69.2507553100586,6997100
2024-11-01,69.3680632907063,69.76892532320748,68.84988160715976,69.35829162597656,6266000
2024-11-04,69.35829497447074,69.56361183299852,68.72278614991153,69.37784576416016,3924600
2024-11-05,68.85967044446728,69.80804420705321,68.81078227677821,69.72004699707031,4232100
2024-11-06,72.90735231582674,74.5303437645899,71.7732200939116,74.06104278564453,16218400
2024-11-07,73.95349553871895,73.95349553871895,71.27458991432111,71.53856658935547,10380200
2024-11-08,72.06834078636024,73.5693546007259,71.74459065408452,72.50000762939453,8728200
2024-11-11,73.61841168890112,76.483092188762,73.58898121905175,76.37517547607422,13162800
2024-11-12,76.46347633285556,77.05210819953017,75.943518059212,76.708740234375,10244800
2024-11-13,76.27707321118243,77.55244849032958,76.27707321118243,76.7676010131836,8731500
2024-11-14,80.53486016373343,80.93709660017673,78.29805432799724,78.67086029052734,14717700
2024-11-15,78.63161239955109,79.46550821096562,78.37653583298946,79.1123275756836,9372300
2024-11-18,79.46551052451501,80.3288368331944,78.86706595757856,79.8481216430664,9447700
2024-11-19,78.86706843985606,79.2006312755482,78.38635323459793,78.67086029052734,6549300
2024-11-20,78.18032804400244,78.99459855438575,77.91543882392995,78.93573760986328,6613500
2024-11-21,79.06326647800331,80.14243361588288,78.70028069968033,79.26929473876953,5081800
2024-11-22,79.2791091259153,80.22092170453222,79.2791091259153,79.72058868408203,7738000
2024-11-25,80.3778892438816,80.83898659432037,79.57342391488008,80.22091674804688,13029300
2024-11-26,80.22091586921452,80.77031211375675,79.6911524137274,80.69182586669922,5120900
2024-11-27,80.4465549357519,81.09405519016263,80.24053416885572,81.03518676757812,3977400
2024-11-29,81.29026562067999,81.77098075712684,81.0744321963969,81.1921615600586,3201600
2024-12-02,81.18235797411873,81.47667767370945,79.79906586484766,79.8481216430664,5658500
2024-12-03,80.23072183707042,80.4171247870872,79.34777034338552,79.5832290649414,4840200
2024-12-04,79.15157281668927,80.14244115244124,78.67085762770223,79.96585083007812,6035200
2024-12-05,78.49426662993989,80.67221142539135,78.48445397743168,80.26016235351562,6796600
2024-12-06,80.14243866578529,80.61334118756855,79.86774428060163,79.92660522460938,5071300
2024-12-09,80.90766338772778,81.25103137986137,79.4164545578035,79.96585083007812,9564300
2024-12-10,80.05414436811743,81.5551584055101,79.69115854605005,80.76050567626953,5923400
2024-12-11,80.937092075984,81.15292551909766,80.36807799593171,80.84880065917969,6323800
2024-12-12,81.19215750887838,81.72192839163239,80.83897692037571,81.28044891357422,7469400
2024-12-13,81.46685965088949,81.50610277390544,77.21888701638211,78.03316497802734,14089400
2024-12-16,78.47462980603173,78.47462980603173,76.19858127417024,76.46347045898438,12313800
2024-12-17,76.03181097628914,76.34574847705488,75.12924159719518,75.30583190917969,8409200
2024-12-18,75.30582567635508,75.70805455739166,72.11739515737473,72.56867980957031,14116700
2024-12-19,73.10826299677048,73.73614549241907,72.00948547032166,72.2253189086914,9749000
2024-12-20,72.12720214077017,73.57916767625329,71.93099402091082,72.90223693847656,12322400
2024-12-23,72.56869098614722,73.32410057826465,72.34304488286692,73.29467010498047,6863600
2024-12-24,73.324106612718,73.44183600040459,72.71585682182446,73.42221069335938,2150300
2024-12-26,73.28485177918989,73.68708817589858,73.0297827072316,73.62822723388672,2926900
2024-12-27,73.42220074703897,73.72633308614726,72.76489526243748,73.3240966796875,3967500
2024-12-30,72.6962194914891,72.91205292412022,71.93099731024085,72.5294418334961,5321700
2024-12-31,72.79433618309307,72.94149604767397,72.28419046872249,72.60794067382812,4082400
2025-01-02,72.970917808891,73.18675125318501,71.89175807228175,72.44114685058594,5870000
2025-01-03,72.82376297611155,73.0984573559443,71.93099875679461,73.03958892822266,4541400
2025-01-06,73.14750189048897,74.42287714263227,72.88262017635525,73.06902313232422,7435000
2025-01-07,73.55955530662347,73.60860359779122,70.09642260420462,70.89108276367188,12617600
2025-01-08,71.3325507820812,71.64648827030452,70.42998143904667,71.61705780029297,9576700
2025-01-10,70.5575226269756,72.06834927059754,70.1258632179842,71.39141845703125,10866900
2025-01-13,70.8322085265462,71.37179207916425,70.4888405770892,71.28350067138672,6701500
2025-01-14,71.38160008381095,71.58762084007381,69.95906512172056,70.96955108642578,6609900
2025-01-15,72.5392512468102,72.69621624589567,71.2050150727137,72.26455688476562,8474900
2025-01-16,72.2155063348789,74.08931871711539,72.11740226774818,74.07951354980469,8044900
2025-01-17,74.3345808971908,75.10961573374699,73.68708808131042,74.96246337890625,12288300
2025-01-21,77.33662735750622,81.03520427938341,76.69893961653112,79.39684295654297,22648600
2025-01-22,79.54399196410243,80.18167961806796,78.47463743947831,79.07308197021484,9767300
2025-01-23,78.94555463075876,80.57410322650324,78.33729739254564,80.52505493164062,8861400
2025-01-24,79.78924975140337,80.90765248064535,79.64208992179577,80.27977752685547,6665500
2025-01-27,79.84811184201476,80.99594505677676,79.20061906119771,80.96651458740234,6983900
2025-01-28,80.72125864803023,81.42761992204011,80.044327846294,80.1522445678711,9057200
2025-01-29,80.74088324535913,81.08425122697746,79.85793166058295,80.50542449951172,8717900
2025-01-30,80.93708336637731,82.25169421862572,80.5152291779218,82.01624298095703,7192600
2025-01-31,81.65326405519342,82.1437918742602,80.72125670805025,81.15292358398438,7663700
2025-02-03,79.75001738873927,81.64345515678635,79.25948954711941,81.18235778808594,6524800
2025-02-04,81.03519094004115,81.18235077678985,80.2012951782788,80.25035095214844,5225900
2025-02-05,80.68200890708005,80.68200890708005,79.50474520351182,80.31902313232422,6475200
2025-02-06,80.96653134383334,82.34982356958987,80.77032318415765,82.05550384521484,5837400
2025-02-07,82.21247478843628,82.44792607251613,81.45705766992396,81.60421752929688,4133700
2025-02-10,80.00509201263512,80.21111280291198,78.73952931391092,79.63228607177734,17849300
2025-02-11,80.49562461539259,82.89920812934025,80.15224912637623,81.62383270263672,59327300
2025-02-12,81.51592048013923,81.58460156962727,79.72059410637192,80.72126770019531,60765000
2025-02-13,80.70165011794101,80.90767093243277,78.4256010201624,80.02471923828125,27501400
2025-02-14,80.27079159975573,80.46765135146839,78.7943209327563,79.07976531982422,9583500
2025-02-18,79.7294075412086,80.47748803567414,79.62113243636291,80.2018814086914,9766000
2025-02-19,79.82785021560032,80.93028441014276,79.60146223984623,80.72357940673828,8908200
2025-02-20,80.7334164973913,80.88106507285671,79.49318648680632,80.54640197753906,9361800
2025-02-21,80.70388156153557,81.26494009379262,79.15850928779471,79.1781997680664,9856800
2025-02-24,79.70972292784514,79.8278357599915,78.14466031445093,78.86321258544922,7489400
2025-02-25,78.97149720732742,79.39475242954478,77.25878583758191,77.76078796386719,16317700
2025-02-26,78.14466347027931,78.86321577029594,77.15050453783468,77.46548461914062,7544800
2025-02-27,77.76078078773912,78.29231107656824,76.96348910935414,77.19972229003906,7218200
2025-02-28,77.57376360729918,78.87305744640723,76.7370984285062,78.282470703125,12686600
2025-03-03,78.6466773488851,78.6958885350733,76.43197120801379,76.89459991455078,9984000
2025-03-04,76.4221151607392,76.45164337022052,72.80968567965094,73.97117614746094,15423600
2025-03-05,73.94164859081813,75.89058553096855,73.79400003239034,75.5362319946289,10896200
2025-03-06,74.5027138300369,75.77247953158275,73.56761121539918,74.37474822998047,10412200
2025-03-07,73.91211876866076,74.70941804389872,71.34306668979518,73.45933532714844,12013700
2025-03-10,71.74663208488194,71.8549072033631,68.37043545973245,70.12251281738281,19050000
2025-03-11,69.63035527760994,71.91396296594567,69.6106723061211,71.33322143554688,14302500
2025-03-12,72.75062840395849,73.7841532722216,71.78599768386209,73.0557632446289,11310500
2025-03-13,73.41995617781009,73.54792176659704,71.78599932084546,72.35690307617188,9664000
2025-03-14,74.9554885365242,76.99301756196061,74.41411300645181,75.90042877197266,14199000
2025-03-17,75.27046843601639,77.09144724509362,75.04407298496517,76.5500717163086,6550400
2025-03-18,76.6780467577507,76.76663139535833,75.85121925815444,76.34337615966797,6014000
2025-03-19,76.71740931030351,78.16435159671298,76.15635082268732,77.4950180053711,6530700
2025-03-20,76.88474102900422,78.30215511072913,76.82568461217146,77.3375244140625,8635100
2025-03-21,76.80600106186138,77.53439113746828,76.500866201077,77.16035461425781,11842800
2025-03-24,77.97733655056484,79.14867231728633,77.81984274575075,78.70572662353516,7542400
2025-03-25,79.06991982909392,79.75893640218608,78.66634761505608,79.48332977294922,7661000
2025-03-26,79.6998939835232,79.96565541990562,78.43012821032114,78.8829116821289,9268000
2025-03-27,78.40059045574941,79.34553073971388,77.91827882855998,78.35137176513672,5811100
2025-03-28,78.02655190289127,78.43996940776694,76.20557286827307,76.5894546508789,6457300
2025-03-31,76.15635665010201,77.54423511631293,75.76262965276435,77.05207824707031,10906800
2025-04-01,76.49101834746178,76.80599843775072,74.87674444601618,76.45164489746094,11417900
2025-04-02,76.65834644261916,77.93795722629493,76.06775973850627,77.35720825195312,8873900
2025-04-03,73.53807809745625,75.53623377405967,72.8884349386748,73.69557189941406,13517900
2025-04-04,70.88042966920685,71.73677775818068,67.51407120140807,67.97669982910156,25465600
2025-04-07,65.9883889628413,70.24062369267989,64.84658150746782,68.94132995605469,24498000
2025-04-08,71.11666883049226,73.38059347188994,67.99639602808188,68.83306121826172,22473400
2025-04-09,66.91365974204555,75.31969352741106,66.53961566771207,74.06961822509766,24973100
2025-04-10,73.02622937145449,73.24277956792814,70.11266197734756,72.69155883789062,11599200
2025-04-11,72.0616009366298,76.11697585118819,71.6580362478636,75.75277709960938,14847900
2025-04-14,77.11114087198861,77.25878944658355,75.10314729248401,75.71341705322266,7967000
2025-04-15,76.33354059162694,76.89459917486181,75.82169319410686,75.97918701171875,6921500
2025-04-16,75.12282760283789,75.54608282983023,73.42980669486855,74.5125503540039,12653000
2025-04-17,76.4516592024852,77.85922838708781,74.95550537109375,74.95550537109375,19271600
2025-04-21,74.4534860927233,74.77831140918629,72.60297907935507,73.77430725097656,12824100
2025-04-22,74.29600244908224,75.8512124100698,74.24678375948716,75.37874603271484,9741700
2025-04-23,77.0520852021973,78.76478915903832,76.44181543546972,76.62882995605469,9826600
2025-04-24,76.7174124052289,78.2529393786051,76.29415721260372,78.13481903076172,8423300
2025-04-25,78.97149467143583,79.86721626986149,78.05608259276644,78.68604278564453,7781000
2025-04-28,79.1880407748306,79.21757649646015,78.05608593306475,78.92227935791016,6576900
2025-04-29,78.95180387684769,80.19204128714003,78.36121713709062,79.98533630371094,7776500
2025-04-30,78.6958790258055,80.37906209803157,78.22341264495283,80.12313842773438,8236100
2025-05-01,79.85737076869219,80.78262808445886,79.7097297159361,80.23141479492188,7997800
2025-05-02,81.76693911169902,82.36737107206923,81.33383867871918,81.80631256103516,9348100
2025-05-05,81.37320889972129,82.53469932504555,80.75309399414375,82.0622329711914,5242600
2025-05-06,81.41258796152079,82.26894361279501,81.10745310737704,81.53070831298828,5724000
2025-05-07,81.90473815147948,82.93827049084621,81.8850551826983,82.69219207763672,9393700
2025-05-08,83.23356907306544,83.85369154756773,82.48549602308638,83.04655456542969,8554000
2025-05-09,83.52054136806869,83.67853326898847,82.57256736106686,83.41191864013672,5910000
2025-05-12,85.90034671033152,85.91022355814323,83.0070480753536,84.30064392089844,9421900
2025-05-13,84.43889383684385,85.7818589203035,84.0439027769155,85.13999938964844,9564900
2025-05-14,84.7351263575235,86.19659093073591,84.70550334824004,86.06822204589844,9279300
2025-05-15,86.11759676318684,87.26307008810447,85.86085144314876,87.0063247680664,8619400
2025-05-16,87.31243363493857,87.75680137565318,86.62120497226346,87.57905578613281,6566900
2025-05-19,87.45068383707014,88.27028896029442,87.14456934707246,88.11229705810547,6797200
2025-05-20,87.99379674747513,88.72452529839086,87.68768226002958,88.06291961669922,6533000
2025-05-21,87.80617493492964,87.80617493492964,86.22621824568893,86.48296356201172,8581400
2025-05-22,86.12747770292701,86.57183795956175,85.87073237069251,86.21634674072266,6596300
2025-05-23,85.12024834096998,86.66071276922854,84.95237958377241,86.30522155761719,5166700
2025-05-27,87.03593823680117,87.83578958658465,86.51257833959336,87.5197982788086,6808800
2025-05-28,87.33218908620253,87.49018098349305,86.88782133655369,86.94707489013672,5792300
2025-05-29,87.2334346629971,87.39143409228247,86.06822277424101,86.66070556640625,7800000
2025-05-30,86.47307746941962,87.41117453448007,85.86084102174027,87.23342895507812,11834400
2025-06-02,86.66071041445431,87.06557079044909,85.82135911744555,87.0063247680664,6012600
2025-06-03,86.86807443910352,87.4111805278616,86.35458382614492,86.89769744873047,6124000
2025-06-04,86.91744556150265,87.124821701201,86.22621687526693,86.38421630859375,5543700
2025-06-05,86.56196154070257,86.68045358137249,85.84110231337421,86.147216796875,6172100
2025-06-06,87.04581589557009,87.49017608651981,86.65082487371082,87.14456176757812,4858800
2025-06-09,87.18407174179042,87.5395629493396,86.55208904699809,87.10507202148438,5117000
2025-06-10,86.9075764908853,87.33219055185673,86.47308558184636,87.16431427001953,5438100
2025-06-11,87.10506402735169,88.230783570001,86.78907270895587,87.29268646240234,6761300
2025-06-12,86.94708109766871,87.43094120581442,86.5027133162945,87.39144134521484,4380400
2025-06-13,86.80882250894422,86.99643740174912,84.6857524022548,86.26570892333984,8938900
2025-06-16,86.7199561998651,88.55665822698792,86.6705794921292,87.85555267333984,7396200
2025-06-17,87.50993511536434,88.20116379538138,87.31243582548262,87.84567260742188,7077400
2025-06-18,87.84567067440645,89.06026679551255,87.62842522723078,88.78377532958984,8081600
2025-06-20,88.9318958528528,89.46513265589489,88.03329853326868,88.09254455566406,12981000
2025-06-23,87.92467798720656,88.41841494297447,86.07809906045652,87.27294158935547,10245900
2025-06-24,88.07278773860715,89.34662980280585,87.79629628910546,88.20115661621094,9769100
2025-06-25,88.37890286421734,88.79364004160692,87.77654325874948,88.6751480102539,6585800
2025-06-26,88.75413970773242,89.72186731691437,87.91478851025968,88.31965637207031,11575300
2025-06-27,88.41840675239104,89.55400315222755,87.71730124420645,88.85289764404297,9335400
2025-06-30,89.11950998615353,90.21560650115478,88.99114110499946,90.09710693359375,9525100
2025-07-01,89.78111616891779,90.5315983670668,89.01088780963494,90.02798461914062,8199600
2025-07-02,90.22548472972593,90.66984493068442,89.74161713848183,90.19585418701172,6121700
2025-07-03,90.35385260640807,90.99571208250865,89.95886158005177,90.3341064453125,5765500
2025-07-07,90.3538589865412,91.48945544231792,90.17611338882112,91.44007873535156,7300400
2025-07-08,91.48946167833783,91.63758427550539,90.14649652265437,90.79822540283203,7089500
2025-07-09,91.15371262913973,91.50920383323678,90.80809827344201,91.16358947753906,6139700
2025-07-10,91.25245175230377,92.18067194309775,90.87720691018387,91.87455749511719,6740700
2025-07-11,91.37094553963934,91.82518256384903,90.67971692319563,90.81796264648438,6815800
2025-07-14,90.92658942426928,91.83506351327128,90.19585338701239,91.538818359375,6116100
2025-07-15,91.56844432253352,91.73631305222702,90.43284800115804,90.46247100830078,7259200
2025-07-16,90.63034248768437,90.83771107780196,88.82326365888198,90.11685943603516,10825600
2025-07-17,90.1168592348386,92.25967552843001,89.96873666113471,91.93380737304688,12584800
2025-07-18,94.50124506140074,96.27870101678005,93.48414819453333,94.5999984741211,23554000
2025-07-21,94.81723500124312,95.86396239684629,93.9581375802867,95.04435729980469,11871300
2025-07-22,95.13321882760395,95.40971780999695,93.79026143940126,94.19512176513672,8865300
2025-07-23,94.41236690889497,94.66911219627266,93.66188474092846,93.9581298828125,8802000
2025-07-24,94.00751019283221,95.5380977176014,93.53352695023109,95.29122924804688,9052400
2025-07-25,96.25895249899632,97.0489270446343,95.43934740997075,95.84420776367188,9105900
2025-07-28,95.87383505063296,96.85143961269833,95.68622013710578,96.6835708618164,7197600
2025-07-29,97.75991377093584,98.34251974181821,96.49594841446144,96.6835708618164,9532000
2025-07-30,96.77243684038575,97.64141111208068,96.37744579549621,97.33529663085938,5962800
2025-07-31,96.77243584864462,97.51304122503731,96.32807563634,96.50582122802734,8164900
2025-08-01,95.02461022655817,95.2912248464777,93.22740815256837,94.3333740234375,9792500
2025-08-04,94.896238883124,96.04171220646097,94.63949356344021,95.88371276855469,9032100
2025-08-05,96.13057664531988,96.5946905547023,94.62961972608822,95.23197937011719,6236400
2025-08-06,95.57759590840337,96.00220996997827,94.99498241283423,95.49859619140625,5712200
2025-08-07,95.91332478326582,96.08120105025125,93.50389390205855,94.78760528564453,7313000
2025-08-08,95.32235662134637,96.28290929359905,95.01537111928846,96.13436889648438,5032100
2025-08-11,96.21359297963805,96.95628742194867,95.9660281655345,96.67900848388672,7337600
2025-08-12,97.20385488965957,98.27332917392317,96.98599663848849,97.72869110107422,7549400
2025-08-13,98.00595548575915,98.4515691094248,94.35189657341922,94.65887451171875,12456300
2025-08-14,96.4116381075078,97.25335693212934,94.66877976770772,96.82754516601562,11310500
2025-08-15,96.2036910587215,96.22349292018889,94.95596224407032,95.17382049560547,9538100
2025-08-18,95.15400803732567,95.75806678633488,94.77771224084391,95.23323059082031,6803200
2025-08-19,95.06488482809364,95.78777738070836,94.60936649490175,94.82722473144531,6778400
2025-08-20,94.9757637001577,95.2134237932406,93.46066077467412,94.57965850830078,9435500
2025-08-21,94.450925961894,95.1441119803386,94.25287713095476,94.88664245605469,5162700
2025-08-22,95.23322992754576,96.09475819187298,93.43095840102693,94.89654541015625,12859500
2025-08-25,94.95594810629832,95.58971334999777,94.41130255855147,95.2530288696289,5962000
2025-08-26,95.16390603835832,96.53046854705399,94.99556379035546,96.29280090332031,7721700
2025-08-27,96.34232155382021,96.57998165399422,95.88680321387069,95.9264144897461,5072900
2025-08-28,96.00562853454124,96.43144030213196,95.57981676695053,96.1442642211914,6611900
2025-08-29,96.13436761658994,96.45125026717913,94.06472190252434,94.90644073486328,8829400
2025-09-02,94.42121201510996,95.1837158203125,93.12397489713739,95.1837158203125,7741300
2025-09-03,95.27283302489643,95.67884290756409,94.3320898434671,95.2827377319336,7261500
2025-09-04,95.92641688866851,96.78793760649856,95.27284215299746,96.67900848388672,7504600
2025-09-05,96.28291731439722,96.64930842871321,90.62852993072424,91.15337371826172,18240700
2025-09-08,91.28210030189291,92.73778264543694,90.95531292781594,92.53972625732422,12681500
2025-09-09,92.65855158134595,93.13387931408838,90.53939753115354,92.75757598876953,10773600
2025-09-10,92.24264646103707,92.45059998748731,90.96521117991853,91.34150695800781,12543900
2025-09-11,91.3811217789083,93.16359143919172,90.93550814137667,93.02495574951172,8724400
2025-09-12,93.01505335438914,93.57950083500027,92.45060587377799,92.62885284423828,7701800
2025-09-15,92.84670717205383,93.18339168255368,90.7869661681589,91.20287322998047,9645700
2025-09-16,91.43064303018743,91.49996087902063,89.61846669701774,90.14330291748047,13613800
2025-09-17,90.1829091698782,91.29200224447455,89.66797768654182,91.1929702758789,14497000
2025-09-18,91.02463045290435,92.82690202542209,91.00482859170246,92.37138366699219,10439800
2025-09-19,92.45060303135116,93.63891109449904,91.89606027589261,93.4111557006836,15163100
2025-09-22,92.75757849639908,93.55969359489411,92.43079114349659,93.51017761230469,11076300
2025-09-23,93.09427129809615,94.00530796640125,92.4506012946995,92.99524688720703,6914800
2025-09-24,93.14378604703124,93.21310389486558,90.8067735270754,91.47025299072266,10336200
2025-09-25,91.49004686398384,93.87657516190981,91.10384638047287,93.85676574707031,9203700
2025-09-26,94.2033487806716,95.04507508937604,93.81714832247722,94.53013610839844,5288300
2025-09-29,94.82722259838955,96.03534002471687,94.52023711058432,95.94621276855469,8356100
2025-09-30,95.90660940281423,96.35223061021584,93.5398903367605,94.54005432128906,8609100
2025-10-01,93.67851748828572,93.7973513104385,91.27218736400752,91.35140991210938,11649200
2025-10-02,91.58907405622513,92.16342622277462,91.23258012906187,91.79702758789062,6881600
2025-10-03,91.79702691506996,93.44086085106082,91.69800250382337,93.16358947753906,6762200
2025-10-06,93.51017760770877,94.16374475840341,92.51001368906161,93.08436584472656,6284000
2025-10-07,93.7280417589317,93.80726431404,92.46051109751362,93.09427642822266,7582100
2025-10-08,93.21309594014303,93.50027201525758,91.76731841220915,92.87641143798828,6115700
2025-10-09,93.18339430648223,93.4408638279887,91.87625239317956,93.10417175292969,8584300
2025-10-10,93.38144224642802,93.93598496099465,91.0642318725586,91.0642318725586,8023600
2025-10-13,91.48014212850246,92.86650651879566,91.08404449277137,92.57933044433594,8773400
2025-10-14,92.2228390184745,94.05482463105278,92.1238146068677,92.48030853271484,8934100
2025-10-15,93.3913462850867,94.02511159277601,92.27235606637115,93.4111557006836,15688800
2025-10-16,93.84686772732314,96.21359433414432,92.30206568319427,92.5001220703125,17319200
2025-10-17,93.79735939276058,93.93599508634577,91.92576997428193,93.22300720214844,9199700
2025-10-20,93.28241393487917,94.74800088009262,93.28241393487917,94.02510833740234,7380900
2025-10-21,93.64881820228463,94.48063991186841,92.88632189398822,94.16374969482422,7450900
2025-10-22,94.37171191422816,94.82723027404484,92.71797318338652,93.39134979248047,10388200
2025-10-23,93.88647373112106,94.22316579277064,93.02495304955424,93.67852020263672,7708000
2025-10-24,94.07462682466728,94.49053388793646,93.3913455385262,93.50027465820312,7124300
2025-10-27,94.0746285778274,94.35189995850737,93.6191102302705,93.91618347167969,7577900
2025-10-28,94.04492224315524,94.07462881186223,92.59914464381394,92.93582916259766,7090300
2025-10-29,92.57933013716794,94.18355275483748,92.34167004550218,93.68842315673828,11773900
2025-10-30,93.76765071443013,94.59946485723225,92.62885106695519,93.4903793334961,5753500
2025-10-31,93.10416696818405,93.90628206029427,92.20303502183957,93.59929656982422,6275200
2025-11-03,93.96569414266357,94.11423453250794,91.707904393279,92.24264526367188,6980300
2025-11-04,91.89606321685095,93.20320515017757,91.23258376453289,92.9259262084961,7719800
2025-11-05,92.62885088207531,93.15368707423556,91.87625173884327,92.76748657226562,8338800
2025-11-06,93.08436085838628,93.82705522693723,92.6189378452819,93.28240966796875,6350300
2025-11-07,93.58940894520433,94.55985883237078,92.41099795570899,94.31229400634766,6743700
2025-11-10,93.97560260719634,95.08468811154283,93.79735564327231,94.64897918701172,8498900
2025-11-11,94.0746228105079,96.18387216001014,93.99540026229084,95.1837158203125,5641900
2025-11-12,95.3421535442941,97.54053015352098,95.19361315487212,96.75822448730469,10610500
2025-11-13,96.91667463650398,97.30287513608774,93.99540534250674,94.43112182617188,8347600
2025-11-14,94.27222878382801,94.96737544179206,92.69324197998063,93.73596954345703,9356800
2025-11-17,93.90478718485815,93.92465284683713,90.95536523297963,91.27315521240234,9141200
2025-11-18,90.96529829807639,92.70317247573381,90.62765780886599,91.64058685302734,8505800
2025-11-19,91.3823859318081,92.74289586750619,90.96529794913748,91.99809265136719,6193800
2025-11-20,92.9415098719481,93.73596969075284,89.83320041569544,89.86299133300781,14227600
2025-11-21,90.35952811321813,90.56807211390672,88.73089228033825,89.88285827636719,8270200
2025-11-24,90.02188819839637,90.27015594986655,89.01888436102826,89.89278411865234,9966500
2025-11-25,89.66438813737183,90.50849703455826,88.87986108010672,90.11126708984375,8979600
2025-11-26,90.36946530246226,91.7299753647867,90.31980871948595,91.16392517089844,6697200
2025-11-28,91.2135712947274,92.59393940070018,90.94544545410898,92.08747863769531,6707800
2025-12-01,91.39232189099997,92.56414596089623,91.18377789252652,92.0477523803711,7974500
2025-12-02,92.15699013323125,92.474772544317,91.39232123445814,91.43204498291016,10610500
2025-12-03,91.38239395218086,93.36853603620291,90.96530593290362,93.3387451171875,9688300
2025-12-04,93.46784558145036,94.7489080852104,93.3089505841481,94.37153625488281,8367600
2025-12-05,94.0438216364353,94.95745272399327,93.14013095693853,93.169921875,9043200
2025-12-08,92.99116704407905,93.76576120525534,92.10733446770811,93.6267318725586,8371100
2025-12-09,93.4281208615492,95.10640568806909,93.35860619508425,93.507568359375,6479300
2025-12-10,93.70618345295613,95.7121836096451,93.4181919436709,95.14613342285156,8521900
2025-12-11,94.89785938921663,96.41725675979905,94.20271274141103,96.3775405883789,10564900
2025-12-12,96.31795667415803,96.72511943148446,93.72604069061026,95.98031616210938,13406700
2025-12-15,96.05976188911706,96.48678272540313,93.8551430402229,94.61980438232422,9842800
2025-12-16,94.63966930976918,95.77176964339742,94.37153589697118,95.3348159790039,9624500
2025-12-17,95.9008661556062,96.52649815798131,95.15606290569421,95.94058990478516,10929800
2025-12-18,96.22858205171146,96.70525189200684,95.25536913160173,96.5562973022461,9627500
2025-12-19,96.72511778019171,98.84035630155454,96.54636469553213,98.1352767944336,23213100
2025-12-22,98.87014896568348,101.03504410633589,98.36368819731238,100.70733642578125,9307900
2025-12-23,100.81656812742943,101.34290214020209,100.20086893478297,100.47892761230469,5727400
2025-12-24,100.64775157366228,101.4024877093743,100.1909397899903,101.144287109375,2859500
2025-12-26,101.16414765055546,101.57130282942482,100.83643239521363,101.18400573730469,2778100
2025-12-29,101.00525452831326,101.09463486167306,100.51865184033893,100.60802459716797,7958200
2025-12-30,100.87615631379161,100.94567098232596,99.62488470364248,99.8532943725586,3943400
2025-12-31,100.10156024870184,100.21079866528054,99.19786199819279,99.21772766113281,4380500
2026-01-02,99.07868778235981,101.12441914166737,98.72118920198312,100.86621856689453,8409300
2026-01-05,101.0350447628712,103.71634109754143,101.0350447628712,103.02118682861328,9206500
2026-01-06,103.61702492587108,104.03412050573536,102.80270700561107,102.85236358642578,7285600
2026-01-07,103.15028447323839,103.22972439274609,101.13434403805913,101.22372436523438,7352000
2026-01-08,101.57130660183934,101.7798506148394,100.43920620182125,100.6378173828125,6500700
2026-01-09,100.63781289860161,100.91587914674257,99.4461307126912,99.47592163085938,6839500
2026-01-12,99.54543766673929,101.57130347185138,99.35675932357113,101.19393920898438,8849800
2026-01-13,101.28331272606835,101.55144614834337,99.69440058556513,100.47892761230469,7029000
2026-01-14,100.1611456456161,101.23366418659556,98.90987401447342,101.21379852294922,6643000
2026-01-15,101.49185633283221,102.8821572914732,101.30317798899192,102.04798126220703,8317700
2026-01-16,101.92880762174822,104.25259771950606,101.92880762174822,103.10063171386719,10868200
2026-01-20,101.60109083400064,102.73319115950444,100.2008646741535,100.29023742675781,12978300
2026-01-21,100.62788977127694,104.10363839296038,98.99925388038201,101.08470153808594,17879500
2026-01-22,102.35582761417206,105.0768400313408,102.29624577869252,103.32904052734375,13539500
2026-01-23,102.95166612347401,103.35882885981455,100.53850335201622,101.47199249267578,8712700
2026-01-26,101.80963477185328,102.97153359072128,101.75998576816875,102.22673034667969,7357400
2026-01-27,101.85929432514482,103.37869177509312,101.54151190147283,103.00132751464844,8837500
2026-01-28,102.85236497364535,103.07084180972798,102.03804704240224,102.75305938720703,7531000
2026-01-29,103.45813890040881,104.2525987449765,101.97846520584537,102.75305938720703,10033900
2026-01-30,102.63388574937532,104.13342507225202,102.16714116979229,103.19993591308594,11335300
2026-02-02,103.01125944455234,104.46114221339704,102.37568702624138,104.44127655029297,9897200
2026-02-03,104.49093469544475,104.98747020905053,101.73019845204153,103.01126098632812,13372700
2026-02-04,103.04104598831829,104.31217561791635,102.24658618155439,103.16020965576172,10779700
2026-02-05,103.20987076790976,103.20987076790976,100.86622256920536,101.29324340820312,9683400
2026-02-06,102.53458401649135,104.55051699846898,102.28631625858216,104.3519058227539,7527600
2026-02-09,104.11355921795558,106.52672203281475,104.05397738289474,106.4671401977539,10177800
2026-02-10,106.2586022672485,106.75513779186181,96.33782460690318,98.56230163574219,40420200
2026-02-11,100.21080216380197,100.44913709168954,94.43112144441498,94.78862762451172,25148900
2026-02-12,95.33481951924544,95.80156411872,92.15699523254956,94.42119598388672,24881800
2026-02-13,93.72369128344361,94.18204566684581,92.67745006115034,93.3849105834961,12653700
2026-02-17,93.89308977839576,94.13222954457171,91.96999007054812,92.74720001220703,11250900
2026-02-18,93.5742332429244,95.51725807672523,93.16569552795724,95.03897094726562,16284800
2026-02-19,94.52083625726398,94.55072777832231,92.72726897260165,93.53437805175781,13403200
2026-02-20,93.03616561131457,93.89309135680972,92.3984544893809,93.69380187988281,8491800
2026-02-23,93.17566555441857,93.58419568328353,90.95363537343144,92.41838073730469,11226900
2026-02-24,91.86038084227775,94.2119433665622,91.5315589193301,92.78705596923828,13635200
2026-02-25,93.53437490799466,95.45747458664496,93.18562023505939,95.00907897949219,8788600
2026-02-26,95.1386186770573,97.26100021613792,95.1386186770573,97.17131805419922,9895700
2026-02-27,96.14500005764592,96.64321231894884,93.28526654312124,94.85961151123047,13146100
2026-03-02,93.89309294218081,96.2546143672379,93.59416252280116,95.1485824584961,11412300
2026-03-03,93.66391074409268,95.64679353444421,93.1656984529007,94.89947509765625,8257400
2026-03-04,95.87597385410798,96.45390193230436,95.03897325773457,95.69661712646484,8268100
2026-03-05,95.12865358512114,96.49375036159395,93.82333984933588,95.0688705444336,12027400
2026-03-06,93.54433191444407,94.92936139964056,92.21909307034244,94.88951110839844,9745100
2026-03-09,93.7635514672107,94.52083627668107,91.94009266111546,94.04254913330078,8517400
2026-03-10,94.06248148886078,94.28169611190549,92.25894783697609,92.83687591552734,7017500
2026-03-11,92.61765885141801,93.15572902049628,90.8838822635765,92.33866119384766,6460400
2026-03-12,91.49170063869414,91.71091525306592,90.18638692853699,90.91377258300781,9215100
2026-03-13,91.67105683431768,93.46462403061807,91.60130742124578,92.72726440429688,11043500
2026-03-16,93.79343932135448,94.89947117019634,92.92655483591126,93.29522705078125,8835600
2026-03-17,93.93294269868804,95.04894097558838,93.43473040398337,93.59416198730469,5972100
2026-03-18,93.46462481491618,93.88312129685941,92.5379496894042,92.94647979736328,8175300
2026-03-19,93.03615995781452,93.81336986531043,92.45823191301959,93.65393829345703,8001300
2026-03-20,93.77351193652208,94.53079669830488,93.16569237276579,94.32154846191406,13145400
2026-03-23,95.24822310442792,96.10514886175469,93.65394527758149,94.95926666259766,8933300
2026-03-24,95.23825732294654,96.3941058115516,94.8596111404821,95.33789825439453,6456200
2026-03-25,95.60693441136942,96.30443617135252,94.0525145154853,94.6503677368164,6454300
2026-03-26,94.3414809186228,94.81976806895089,93.50448030607772,94.13223266601562,6984000
2026-03-27,93.53437306142399,93.62404761981459,91.64116494020335,92.02976989746094,7252400
2026-03-30,92.65751499122497,93.39487461754617,92.03973664747828,92.72726440429688,6406400
2026-03-31,93.66390707953072,93.79343953341088,91.84044834060224,93.64398193359375,9731000
2026-04-01,94.6702964137332,95.09875926431411,89.67820740619587,92.02976989746094,15988700
2026-04-02,90.77427869698803,93.68383667747288,90.5650304451843,93.43473052978516,7970400
2026-04-06,93.56426646610714,94.41122581047448,91.7109162008668,92.65751647949219,10968100
2026-04-07,91.88030672956504,93.39487630087606,90.97356434328725,93.00626373291016,11971800
2026-04-08,94.55072209828239,96.43396383298587,94.16211714363665,96.354248046875,10783100
2026-04-09,95.935752537199,97.62967879955922,95.48736453952132,96.92221069335938,5794500
2026-04-10,96.8425060465796,96.90228908788983,93.81337445229805,94.46105194091797,9346800
2026-04-13,94.3813330978352,96.50371461896607,93.8631880828549,96.44393157958984,7449700
2026-04-14,96.93217853927419,98.70581301336523,96.54357357482127,98.02824401855469,12167600
2026-04-15,99.04459929335816,100.39973725536235,98.73570252120703,99.91148376464844,10983400
2026-04-16,95.41762150221288,98.39692891755436,91.59134709803989,92.28884887695312,27859500
2026-04-17,93.01623196782397,93.59416004217847,90.2461728831735,91.95005798339844,20191300
2026-04-20,91.65113304324356,93.25536956760827,91.32231111870917,92.81694793701172,11271600
2026-04-21,92.92655526325572,93.8233388748348,91.50166785877897,91.64116668701172,12842800
2026-04-22,91.86038246986826,92.66748392948013,90.82410001689756,91.38209533691406,10798300
2026-04-23,90.81412967944657,91.27248404404482,87.52592573944368,88.60206604003906,17899600
2026-04-24,88.60206733970365,89.53870883012206,87.97432262287278,88.1835708618164,11670500
2026-04-27,87.94443211675245,90.79420691216552,87.8348248090738,90.43549346923828,8399200
2026-04-28,90.97356213694411,91.57141533128171,89.85756393262896,90.50524139404297,9259100
2026-04-29,90.00703407300988,91.16288263190171,89.1202168055989,90.83406829833984,8328300
2026-04-30,90.02695879856604,92.1991646753723,89.55863803214527,91.31234741210938,12560300
2026-05-01,91.70095343810459,92.52798766903635,90.94366862411187,91.21270751953125,8532600
2026-05-04,91.04331627242313,92.38848792999204,90.6248121727728,91.15292358398438,7005800
2026-05-05,91.43192235551255,92.55787940358525,91.1728498339492,92.06963348388672,5784300
2026-05-06,92.02977437158025,92.41837934773024,91.26252319150835,91.82052612304688,6883300
2026-05-07,91.48173866249809,92.09952464159747,88.34300730328268,89.18000030517578,14792000
2026-05-08,89.29000091552734,89.69999694824219,88.30999755859375,88.61000061035156,9954000
2026-05-11,88.62000274658203,88.87000274658203,87.61000061035156,87.83000183105469,9542700
2026-05-12,88.0199966430664,90.38999938964844,87.63999938964844,90.18000030517578,9489900
2026-05-13,89.44999694824219,91.77999877929688,89.26000213623047,91.16999816894531,9299800
2026-05-14,91.6500015258789,92.16999816894531,89.12999725341797,89.44000244140625,14178800
2026-05-15,90.4800033569336,92.87000274658203,89.76000213623047,90.87999725341797,14262000
2026-05-18,91.0,93.43000030517578,90.77999877929688,92.38999938964844,8266100
2026-05-19,92.19999694824219,92.93000030517578,91.45999908447266,91.80999755859375,8681800
2026-05-20,92.31999969482422,92.55999755859375,89.7300033569336,90.11000061035156,12827800
2026-05-21,90.18000030517578,90.69999694824219,89.27999877929688,90.41000366210938,8077900
2026-05-22,90.36000061035156,91.38999938964844,90.11000061035156,90.1500015258789,7065600
2026-05-26,89.69999694824219,90.41999816894531,89.37000274658203,89.4000015258789,8359900
2026-05-27,89.0,89.26000213623047,84.72000122070312,85.61000061035156,21847900
2026-05-28,85.12000274658203,85.62000274658203,83.95999908447266,85.3499984741211,16763700
2026-05-29,86.0,87.4800033569336,85.93000030517578,87.3499984741211,20459400
2026-06-01,86.80999755859375,89.19999694824219,86.0199966430664,88.73999786376953,13961600
2026-06-02,87.94000244140625,88.62000274658203,86.22000122070312,87.61000061035156,11612000
2026-06-03,87.0,87.55999755859375,85.58000183105469,86.58999633789062,11339400
2026-06-04,87.51000213623047,88.5,86.69999694824219,88.0,11790000
2026-06-05,88.45999908447266,88.94000244140625,87.68000030517578,88.83999633789062,9213900
2026-06-08,88.27999877929688,88.91999816894531,87.7699966430664,88.08000183105469,7473300
2026-06-09,88.25,88.91999816894531,87.18000030517578,88.7699966430664,10830600
2026-06-10,88.44999694824219,90.25,87.86000061035156,89.2699966430664,11177400
2026-06-11,89.26000213623047,89.94000244140625,88.54000091552734,88.69999694824219,11380700
2026-06-12,89.52999877929688,92.20999908447266,89.25,91.0999984741211,11399400
2026-06-15,91.61000061035156,92.38999938964844,90.76000213623047,90.94999694824219,11479900
2026-06-16,92.0,93.69999694824219,91.44000244140625,93.66999816894531,12346400
2026-06-17,93.55000305175781,94.83000183105469,92.45999908447266,94.51000213623047,12107300
2026-06-18,94.58000183105469,94.79000091552734,90.86000061035156,91.69999694824219,27430200
2026-06-22,92.5,92.69000244140625,91.36000061035156,92.02999877929688,11599200
2026-06-23,92.38999938964844,93.30000305175781,92.02999877929688,93.16999816894531,11700800
2026-06-24,92.80999755859375,92.9000015258789,91.0199966430664,91.38999938964844,12928600
2026-06-25,91.38999938964844,92.5999984741211,89.26000213623047,89.44000244140625,10917000
2026-06-26,89.5999984741211,90.66999816894531,87.62999725341797,90.66999816894531,17567400
2026-06-29,90.3499984741211,91.5999984741211,90.19999694824219,90.55000305175781,9170300
2026-06-30,91.48999786376953,94.16999816894531,91.29000091552734,92.2699966430664,9834900
2026-07-01,92.76000213623047,96.06999969482422,92.30999755859375,95.77999877929688,10685400
2026-07-02,96.73999786376953,97.44999694824219,96.20999908447266,97.0,8892800
2026-07-06,97.19000244140625,101.16999816894531,97.19000244140625,100.62000274658203,11391100
2026-07-07,101.20999908447266,102.54000091552734,100.88999938964844,101.93000030517578,9405300
2026-07-08,101.91000366210938,103.06999969482422,101.26000213623047,101.69999694824219,8948300
2026-07-09,101.41999816894531,103.44000244140625,100.51000213623047,101.91000366210938,6374500
2026-07-10,103.25,103.56999969482422,101.80000305175781,103.12000274658203,5680000
2026-07-13,103.51000213623047,103.97000122070312,102.11000061035156,102.37999725341797,7419600
2026-07-14,101.13999938964844,103.36000061035156,100.75,101.0999984741211,7747200
2026-07-15,101.55999755859375,103.4000015258789,101.33999633789062,102.79000091552734,7971900
2026-07-16,103.4000015258789,103.80000305175781,101.94999694824219,102.80000305175781,10311700
2026-07-17,102.31999969482422,102.80999755859375,100.80999755859375,101.55999755859375,8312000
2026-07-20,100.61000061035156,103.08999633789062,100.30000305175781,102.54000091552734,13660300
2026-07-21,104.18000030517578,104.4800033569336,99.70999908447266,99.95999908447266,14815100
2026-07-22,101.33999633789062,101.33999633789062,99.41999816894531,100.80000305175781,7797300
2026-07-23,100.2699966430664,102.70999908447266,100.2699966430664,101.61000061035156,8258400
2026-07-24,101.61000061035156,102.0,100.55000305175781,101.97000122070312,5175300
2026-07-27,102.68000030517578,104.29000091552734,102.36000061035156,104.18000030517578,7276400
2026-07-28,104.23999786376953,106.29000091552734,103.44999694824219,105.97000122070312,7809100
2026-07-29,106.0,106.7300033569336,104.38999938964844,104.47000122070312,7149300
2026-07-30,106.0,104.36000061035156,103.54499816894531,103.80500030517578,209572
