datetime,open,high,low,close,volume
2007-04-19,39.77520952705269,43.75273078200971,38.82440711563566,43.41994857788086,15862400
2007-04-20,43.419944049649146,45.638480763241084,42.944544404778455,45.242313385009766,3054700
2007-04-23,45.32155763787653,45.860345620634135,44.83031083801559,45.55925750732422,1876400
2007-04-24,45.178934966120586,46.58929007738011,45.178934966120586,46.27235794067383,1532950
2007-04-25,46.82698184685758,47.143916951335605,45.17892716211645,45.33739471435547,1225350
2007-04-26,46.351577032330646,46.41496525514874,43.26147068783521,44.68767547607422,639700
2007-04-27,44.68769125464182,45.16309100356695,43.81612101825523,45.00462341308594,178150
2007-04-30,45.131386237361035,45.89202686526194,44.37074560946012,44.44997787475586,182500
2007-05-01,44.370751662862794,45.16308651398534,44.05381651340674,44.212284088134766,459200
2007-05-02,44.053812275866704,45.353243845630026,43.99042706558308,44.62429428100586,428500
2007-05-03,44.60844873701519,45.52755698620617,44.46582823088922,45.40078353881836,182600
2007-05-04,45.59094679949119,46.113887665884505,45.020464755237576,45.638484954833984,139850
2007-05-07,45.480015383881415,46.11388257275602,45.163080278185525,46.066341400146484,293300
2007-05-08,46.24065039867034,46.58927655461209,45.9554094426649,46.430809020996094,259600
2007-05-09,46.700216139424874,49.55262348430826,46.41497812520243,48.887062072753906,594800
2007-05-10,48.88705957325071,48.88705957325071,47.11222822567698,48.18980407714844,568650
2007-05-11,48.887060252867656,50.09140957287144,48.64936040527215,48.982139587402344,646250
2007-05-14,49.917095466563346,50.709430315238954,49.12476061788774,50.58265686035156,390950
2007-05-15,53.878768672335895,54.988038648126285,53.38751889940492,54.2115478515625,1224750
2007-05-16,55.06726945395651,55.28912223419133,54.11647009722589,54.449249267578125,239550
2007-05-17,54.591858533675804,58.12567034336646,54.57600845547448,57.68196487426758,592000
2007-05-18,57.84043621655466,59.028938330593455,56.65193410251587,57.96721267700195,905150
2007-05-21,58.1256854691359,58.4584646575576,53.14982354499546,54.734493255615234,708900
2007-05-22,55.14650249807314,55.463437636431166,50.45588179448621,53.419212341308594,1950650
2007-05-23,54.27492517718234,55.257418480480986,53.086423166003165,53.213199615478516,620950
2007-05-24,53.53013087956296,54.67109479224684,53.40336046983924,53.7678337097168,600050
2007-05-25,53.767849676332915,55.780381155488094,53.641073183928235,55.47929000854492,381600
2007-05-29,57.26995508163252,57.26995508163252,53.165660811981375,53.720298767089844,443000
2007-05-30,53.83122689100851,56.84209542817776,53.339977151165044,56.76286315917969,431550
2007-05-31,56.968871107611484,58.63277291372376,55.938833489761976,56.509315490722656,533300
2007-06-01,56.382545347812325,58.22076177935515,56.33500115080921,57.98305892944336,406650
2007-06-04,57.729522998532495,58.12569046020508,55.701147529180275,58.12569046020508,287050
2007-06-05,57.98305974707862,58.553541758883775,55.812064131073136,55.87544631958008,431100
2007-06-06,55.00387721390134,55.146497711531694,52.56348471890832,53.70444869995117,653350
2007-06-07,54.274930830025625,54.385857212352846,51.50175918177614,51.54929733276367,614900
2007-06-08,51.81868884295333,52.29408843792772,50.899577720306844,51.58098602294922,258850
2007-06-11,52.32579145836713,54.2749343611139,52.13563279701094,53.5142936706543,492000
2007-06-12,52.927972200819426,53.43506603848898,51.501767004226686,52.48426055908203,580600
2007-06-13,51.501764650232126,53.64106630230465,51.501764650232126,53.545989990234375,363900
2007-06-14,53.87876630397889,54.148157233882095,51.59684426025819,52.183170318603516,547800
2007-06-15,52.29409924171102,56.81040539457203,52.13563469232592,56.41423797607422,936100
2007-06-18,56.74702157922849,58.39507339882873,55.1623519505489,56.44593048095703,808700
2007-06-19,56.73116677402395,56.73116677402395,53.67275416172708,53.862918853759766,429800
2007-06-20,53.73614481603849,53.989691705149944,51.59684331697528,51.72361373901367,598450
2007-06-21,52.08808628052994,53.84707044366444,51.58099250945049,53.276588439941406,380400
2007-06-22,52.880429921813125,53.87877359575622,51.94547449114417,53.60938262939453,1329000
2007-06-25,53.5142969202982,55.542672218029786,52.991353013519465,55.46343994140625,301550
2007-06-26,55.162352942910815,55.384205727711475,53.48260093007942,55.08311462402344,264750
2007-06-27,55.083118005686586,55.95469120667537,54.13231857101658,55.225738525390625,282650
2007-06-28,55.35250999427181,55.35250999427181,53.324134826660156,53.324134826660156,213300
2007-06-29,53.355820365218946,54.005540678086874,52.056391829552176,52.35748291015625,383900
2007-07-02,52.38917703972411,53.086429459396285,52.23070645909325,52.34163284301758,207200
2007-07-03,52.341637316757264,54.90880653708724,52.341637316757264,54.41755676269531,179000
2007-07-05,54.63941101455859,54.70279925392849,53.165667696902254,54.17985534667969,119700
2007-07-06,54.433397660774745,55.78037043093882,54.13231261675522,55.732826232910156,329050
2007-07-09,55.51096964663681,56.699471750141974,54.306623508233336,55.74867248535156,310650
2007-07-10,55.384210044449986,57.04811210517723,55.27328364340387,56.430091857910156,197400
2007-07-11,56.77871538585487,57.824597093246815,56.23992747325691,57.31749725341797,353750
2007-07-12,57.47596704643148,59.742045055236055,57.47596704643148,58.886322021484375,323400
2007-07-13,57.52350421594174,59.53603529643364,57.36503967686209,58.965553283691406,189000
2007-07-16,59.53603157198602,62.435979606999545,58.965549594931936,60.78792190551758,375200
2007-07-17,60.185751750791084,64.02065539427223,60.1382135963585,63.90972900390625,755550
2007-07-18,61.81795816619279,63.11739279394947,60.37590907829237,62.309207916259766,610750
2007-07-19,62.5627567751058,63.41847983306402,62.039818936376854,62.673683166503906,264200
2007-07-20,62.752923964527646,64.7654554097761,61.88135675155505,62.388450622558594,278200
2007-07-23,62.911384731606724,63.846340043391336,61.310865040144755,61.81795883178711,193200
2007-07-24,61.08900819849131,61.34255507744738,59.21909769930236,59.82127380371094,390300
2007-07-25,59.96390537871309,60.77208431561587,56.28747193214588,56.477630615234375,458500
2007-07-26,56.47761776215064,57.52349934867069,54.60770734306418,56.17653274536133,1040000
2007-07-27,56.00222157248263,57.50765883876592,54.06892280662191,55.78036880493164,510350
2007-07-30,57.44427309508099,60.72453868890766,57.07979981188189,59.09233093261719,569300
2007-07-31,60.534386455732694,60.80377741516132,57.09564990955524,58.03060531616211,436700
2007-08-01,58.50599550459563,59.53603310581738,56.382544160907685,58.39506912231445,322700
2007-08-02,58.15737229995653,62.11904607999397,57.792899037597216,61.833805084228516,624950
2007-08-03,50.44003225995399,53.54598618687743,46.11388506202377,49.37830352783203,3253300
2007-08-06,50.075564881029806,52.927972254595716,47.730254368166364,48.47504806518555,1531400
2007-08-07,48.80782216288026,51.279908899487054,48.55427527028223,50.70942687988281,1208450
2007-08-08,45.95541008085392,51.10558534853583,39.22056550003912,50.329097747802734,3643550
2007-08-09,47.540086519624325,49.40999707299898,43.18224525532543,44.35490036010742,714000
2007-08-10,44.37075361772017,46.16142913024179,40.012911744551225,43.57841873168945,957250
2007-08-13,44.67183988169329,46.747756351328725,44.67183988169329,45.68602752685547,487600
2007-08-14,45.68602660714583,45.781105941336335,43.768577751296725,43.958736419677734,414550
2007-08-15,44.46582291380033,44.46582291380033,40.17137025235317,40.86862564086914,438000
2007-08-16,40.88447590300649,40.88447590300649,36.84356949047727,38.269771575927734,1001650
2007-08-17,41.201407562076255,44.41828777906765,40.060446594617275,41.48664855957031,929000
2007-08-20,41.597572531568105,41.898660569529945,38.047913371576335,40.72600555419922,340950
2007-08-21,40.59923795517519,41.20141109511923,39.23642108251565,40.55169677734375,521000
2007-08-22,40.72601242487378,41.50250021375824,40.06045103118459,40.47246551513672,382300
2007-08-23,40.80523781977133,40.80523781977133,38.745168769915914,40.45661163330078,519650
2007-08-24,40.32984663303557,45.41663511586682,40.298152512406155,44.92538833618164,818300
2007-08-27,44.37074653326793,49.10890803251126,44.33905241748289,48.60181427001953,607550
2007-08-28,47.93625870988546,49.04552871548489,46.22481554461505,47.42916488647461,569900
2007-08-29,47.63517241576677,47.68271359694907,43.9270449140436,44.846153259277344,680800
2007-08-30,44.180586096635025,44.68768289582553,42.10466981493518,42.67515182495117,590400
2007-08-31,43.451645542774905,44.180592191676894,43.16640449841578,43.24563980102539,285900
2007-09-04,45.16308370278089,46.71605918891093,43.34071426313707,45.40078353881836,3609100
2007-09-05,46.11389108083235,46.71606426573572,44.37075372292806,45.78110885620117,985300
2007-09-06,46.27236271573792,46.38328912615802,44.37075760919384,44.51337814331055,616550
2007-09-07,44.52921550348932,44.60844777295033,41.518343926210825,43.13470458984375,897400
2007-09-10,45.55925494042513,45.55925494042513,42.009595092116726,42.389915466308594,374700
2007-09-11,42.70684416049474,42.80192348402626,41.48664792219096,42.231441497802734,723250
2007-09-12,42.38991281613643,42.38991281613643,41.23310470581055,41.23310470581055,928800
2007-09-13,41.629272616826135,41.9462047347311,39.03041232390738,39.28396224975586,2917500
2007-09-14,39.29980859566144,40.17137877177558,38.03207400451791,39.775211334228516,1051300
2007-09-17,40.32983820604207,40.32983820604207,38.7927069243964,39.917823791503906,723050
2007-09-18,39.93368019248165,40.757706191852535,39.93368019248165,40.3456916809082,1176400
2007-09-19,40.345686224231805,41.882817657652694,40.044601178988785,40.64677429199219,1163300
2007-09-20,40.72601861969493,42.532541381990484,40.71017155761118,41.89867401123047,603700
2007-09-21,42.136364400575715,42.897005074051265,41.169714988960514,41.993743896484375,1086050
2007-09-24,41.99374745246482,42.564229517137896,41.70850642012827,42.3265266418457,704400
2007-09-25,42.31067890863505,43.34071352902889,41.66096462396274,43.071319580078125,703950
2007-09-26,42.833613749904764,43.261472178603434,42.009584959974795,42.770225524902344,338650
2007-09-27,42.89700786265807,44.11720424475312,42.78608146837989,43.62595748901367,422850
2007-09-28,43.62595715182825,43.86365699808967,42.64346062542553,43.22978973388672,399600
2007-10-01,42.62761675362952,43.81611909632839,42.389916889593295,43.166404724121094,333600
2007-10-02,43.38825236403076,44.434137081854125,43.134705469563706,44.13304901123047,371850
2007-10-03,44.13304601573766,44.766913208882116,43.48333176494995,43.84780502319336,325300
2007-10-04,43.84780764371856,44.307360252769094,43.435793187921696,43.736881256103516,475550
2007-10-05,43.261480429204596,43.261480429204596,38.96702710933339,39.28396224975586,2813950
2007-10-08,38.82440247576997,39.204722790381574,37.873600177982375,38.349002838134766,712400
2007-10-09,38.58670259356323,40.25060434507023,38.11129993419182,39.94951629638672,1184300
2007-10-10,39.93368187301974,39.93368187301974,38.63425004265667,39.31565856933594,520300
2007-10-11,39.4582800427555,40.01291511418844,38.96703321835168,39.505821228027344,482500
2007-10-12,39.458272034592326,39.61673959748574,38.238075729585596,39.3790397644043,516950
2007-10-15,39.20472363315672,39.29980295822422,37.35066017049552,38.06376266479492,1292900
2007-10-16,36.098779176953045,37.081272761563675,35.30644427596871,36.130470275878906,2410550
2007-10-17,35.73430354122344,36.447406175401476,35.449065510070064,35.65507125854492,1276050
2007-10-18,35.417365667141745,35.417365667141745,34.419022140551625,35.02119827270508,1909200
2007-10-19,34.831037430008706,35.243051892820326,34.419022967197094,34.735958099365234,1332250
2007-10-22,34.672566732577195,34.76764907715102,32.08955682199799,32.64419174194336,1718150
2007-10-23,32.96113005465221,32.96113005465221,29.284696666539197,31.122913360595703,3790700
2007-10-24,30.821823411070625,31.756778670826638,30.695049970214754,31.1070613861084,2506650
2007-10-25,31.091221979213035,31.88355685814538,30.853519097519175,31.471542358398438,1570600
2007-10-26,31.487380357432315,34.00700176663956,31.439839190271112,33.911922454833984,2757950
2007-10-29,33.6108407257,34.92611939377129,33.26221450221589,34.60918426513672,1308550
2007-10-30,34.60918694747571,34.60918694747571,33.48406987388794,34.22886657714844,1474200
2007-10-31,35.17967151743812,35.97200643429468,34.72011581485276,35.65507125854492,3258200
2007-11-01,34.355641818709046,36.06708508535053,30.10872626231632,31.91524887084961,4685100
2007-11-02,32.64419640142621,34.941965651291284,32.42234058827109,34.6408805847168,2310750
2007-11-05,33.42068073692231,34.41902121412358,33.27806023696251,34.2922477722168,1326700
2007-11-06,34.32394618197195,35.08458692856269,34.32394618197195,34.89442825317383,1471250
2007-11-07,34.910270141480524,34.910270141480524,33.67422684449408,34.038700103759766,1136000
2007-11-08,34.62502921014901,34.62502921014901,31.693390028050864,32.961124420166016,1655850
2007-11-09,29.633323335186503,29.633323335186503,25.085320160244855,25.513181686401367,4912100
2007-11-12,25.845962862384862,27.573253137446358,24.19790788859821,24.7366943359375,2147700
2007-11-13,25.132857137135172,26.147046137427882,24.483142899158032,26.067813873291016,1184100
2007-11-14,27.430628253692753,30.045332329431712,27.177081374985775,28.730056762695312,2714300
2007-11-15,29.031147590640018,29.633323752038695,28.032807038081945,29.09453582763672,1270700
2007-11-16,29.823478706507355,30.615813435256296,28.85682937022817,29.55408477783203,2100150
2007-11-19,29.237154110848138,29.237154110848138,27.620790460789355,27.89018440246582,1357300
2007-11-20,28.207117492927864,28.222964551529913,24.958546042442322,25.354713439941406,1328550
2007-11-21,25.338864100276048,25.338864100276048,21.820899015285807,24.150362014770508,2800250
2007-11-23,24.483143544276754,25.323017958578074,24.166209945602542,24.641611099243164,284200
2007-11-26,24.942701645010903,25.08532216512834,24.182060886063038,24.467300415039062,1067750
2007-11-27,24.261293263721353,24.705000347273987,23.73835088331801,23.928512573242188,2171200
2007-11-28,23.928511471690193,26.273821745189093,23.928511471690193,25.719186782836914,2079550
2007-11-29,25.988584224363553,27.58910109177031,24.562382002892697,26.33721351623535,1542350
2007-11-30,26.685838218673414,27.74756704768007,25.988582698388456,27.09785270690918,3723450
2007-12-03,26.939378987576518,26.939378987576518,25.354709635366135,25.624103546142578,1447200
2007-12-04,25.624107984660167,27.097851221095137,25.307174361571658,26.955230712890625,865300
2007-12-05,27.24047296634338,27.731719726624373,26.099508848893866,27.430631637573242,1408200
2007-12-06,26.860146975862012,26.907685122454446,25.053623353684184,26.62244415283203,2102250
2007-12-07,26.353057662942806,28.539903697713562,26.162898977973576,27.906036376953125,1038450
2007-12-10,28.39727908539516,29.934407494808973,27.715870680211317,27.969417572021484,944250
2007-12-11,28.809291180146996,28.809291180146996,26.82845436107767,27.30385398864746,1211900
2007-12-12,28.112038603145738,28.112038603145738,26.55906310608482,27.01861572265625,1838550
2007-12-13,26.24212891449891,27.35139889358821,25.988582008852934,27.208778381347656,1833400
2007-12-14,27.541559188188202,29.459011175714224,27.44647984858489,28.555749893188477,2417200
2007-12-17,28.14373136128948,28.524051687757506,27.826796244640818,28.254657745361328,1109250
2007-12-18,28.14373325073209,28.46066536614086,26.79676344832175,27.620792388916016,1778400
2007-12-19,27.16123636485508,29.237155746726877,27.16123636485508,29.031147003173828,943550
2007-12-20,29.04699737321814,32.69173671175458,29.04699737321814,31.91524887084961,2373200
2007-12-21,31.91524635899573,33.30975736873848,31.313073211050593,32.5015754699707,3339100
2007-12-24,32.40649881930116,33.27806600568093,31.566622732003765,31.756784439086914,420300
2007-12-26,31.931096062852188,32.105410709135256,30.75844076630652,31.756784439086914,507100
2007-12-27,31.78847016451063,31.93109066508437,30.964444299827953,31.233835220336914,338000
2007-12-28,31.091216046892207,31.392301067225606,30.552428190219544,30.90105438232422,289850
2007-12-31,30.552431073704557,31.01198368746353,29.839328542419626,30.82182502746582,527750
2008-01-02,31.0753690287389,31.249680613752023,28.95191171389037,29.55408477783203,581150
2008-01-03,29.902716249951578,29.934407344380567,26.95522986932357,29.316387176513672,1278600
2008-01-04,29.316388467458655,29.316388467458655,26.543216585401755,27.351398468017578,808650
2008-01-07,27.509864331784875,27.65248483296484,25.370559836602723,26.099506378173828,634900
2008-01-08,28.333886770206913,30.901052458178416,27.636634429414052,27.779254913330078,2348150
2008-01-09,27.89019147254095,28.397285368356922,26.86015661884999,27.462329864501953,1340600
2008-01-10,27.240473289841276,28.555749034451633,26.923538137337587,27.826799392700195,859950
2008-01-11,27.874340678513377,27.874340678513377,26.543217868955395,27.28801155090332,683200
2008-01-14,27.74756502695631,29.04699361386686,27.414782839628,28.539899826049805,1161150
2008-01-15,27.77925388640646,29.300534961917176,27.77925388640646,28.84098243713379,2241050
2008-01-16,29.046990348478328,29.25299604317635,28.413123184964736,29.126222610473633,1742500
2008-01-17,28.730058252232247,29.87102228808521,28.714214216194172,28.872678756713867,1267100
2008-01-18,28.95192045034991,29.03115273812689,26.32136859891601,27.462329864501953,1492650
2008-01-22,26.16289529553164,26.66998908076626,25.037779826098316,26.25797462463379,1048350
2008-01-23,26.147047658662675,26.226279927409276,24.150363656571812,25.941041946411133,2232750
2008-01-24,26.147045135498047,26.669985917307326,25.053623912967325,26.147045135498047,1770100
2008-01-25,26.527371552289566,26.939386054651063,25.909351310006183,26.5432186126709,1466950
2008-01-28,26.004427132732214,26.701682582619924,25.40225403227281,26.21043586730957,873650
2008-01-29,26.16289800084928,26.321365580750438,25.750883502113343,26.242130279541016,724200
2008-01-30,26.432290232736793,27.414783722648767,25.735034740771287,27.08200454711914,1820500
2008-01-31,27.145394248736327,29.14207869953491,26.543221012392937,28.80929946899414,1576450
2008-02-01,28.92022086808371,29.569935177291317,28.207118322603424,29.33223533630371,880150
2008-02-04,29.61747611266888,30.457349078802014,29.34808215574454,29.665014266967773,894600
2008-02-05,29.6967101429332,29.6967101429332,27.478173142960234,27.826799392700195,926200
2008-02-06,27.73171660486127,28.539898422905008,26.416441023931394,27.050308227539062,1152350
2008-02-07,26.939384839861443,27.145390570493824,26.067817715814133,27.066158294677734,1405950
2008-02-08,27.31970500211541,27.31970500211541,26.00442928468673,26.495676040649414,1177200
2008-02-11,26.907688542720912,27.20877660698476,25.560718805242985,25.861806869506836,1253550
2008-02-12,26.38475079920029,27.03446515652912,25.798424682839,26.242130279541016,759450
2008-02-13,26.463986394268964,26.89184493548009,25.845963128043614,26.27382469177246,695650
2008-02-14,26.305515764073355,26.590756773502797,24.43560516671802,24.72084617614746,1311350
2008-02-15,25.085319367678892,26.036121721591574,24.498991803560923,25.529027938842773,692750
2008-02-19,25.830114561777545,26.099508528140415,24.308833120564298,24.62576675415039,740500
2008-02-20,24.182062514912545,24.530688797283577,23.48480692765258,24.308835983276367,1428450
2008-02-21,24.086977300249924,24.800078308598565,23.928511249093933,24.118671417236328,536300
2008-02-22,24.18206079054242,24.37222097952824,22.75585710626049,23.500652313232422,1073600
2008-02-25,23.611575665839737,24.134516495892953,22.93016878770719,23.754196166992188,994150
2008-02-26,23.91266389749233,24.451451789587612,23.389723063696003,24.086977005004883,1936350
2008-02-27,22.09029563529839,24.831775086822745,21.678282649130175,23.77004623413086,2601800
2008-02-28,23.770043205646136,26.337209201763528,23.468956656661756,25.196245193481445,1994750
2008-02-29,25.4497991469624,25.655807937899127,25.069478712753977,25.27548599243164,1297500
2008-03-03,25.6241101250125,25.703342403958768,23.865127236501426,24.467300415039062,1621750
2008-03-04,24.118671551384576,24.736691723470116,23.40557053906966,24.72084617614746,1477500
2008-03-05,24.546531949101876,26.41644257653479,24.388065894515567,26.384748458862305,1548700
2008-03-06,26.06781572857862,26.384747830199778,25.275479429491018,25.68749237060547,917450
2008-03-07,25.2120924032978,26.131200625210276,24.958545516047277,25.671648025512695,794700
2008-03-10,25.671646861530586,25.671646861530586,24.62576373215574,24.879310607910156,742150
2008-03-11,23.80174067528123,26.115357089107906,23.80174067528123,25.909351348876953,941250
2008-03-12,25.750884186343313,25.750884186343313,25.196249153210825,25.402257919311523,898250
2008-03-13,24.958545979921194,25.148706148893364,24.56237858341451,24.9902400970459,1130400
2008-03-14,25.44979228228339,25.44979228228339,23.643269951444687,24.086977005004883,1056700
2008-03-17,23.69080588929137,24.182054040491117,22.058596922658484,22.977705001831055,1476850
2008-03-18,23.4848004312191,24.229595485273396,23.26294767858144,23.99189567565918,912800
2008-03-19,23.294645007196475,24.99024266622049,23.294645007196475,23.77004623413086,657450
2008-03-20,23.770043818888446,24.942698951251526,23.342182304744288,24.72084617614746,1027800
2008-03-24,24.546528673494382,25.861804156211715,24.1820554364501,25.608257293701172,1160400
2008-03-25,25.44979257903442,28.333890727693007,25.164553082620515,28.14373207092285,1241250
2008-03-26,28.27050630700501,28.65082665370028,26.939383582312864,27.4940185546875,1073200
2008-03-27,27.66832970653582,28.444820468704993,26.844303813395943,27.002771377563477,789000
2008-03-28,27.129545111578672,27.446477220751294,26.226280893017282,26.384748458862305,719900
2008-03-31,26.638296376056935,27.557404666159798,26.02027617034636,26.93938446044922,854450
2008-04-01,27.43063112406981,27.763413326268736,26.590758133911496,27.478172302246094,958100
2008-04-02,27.747563063890752,28.872676948196382,27.2880074621205,28.71421241760254,1654700
2008-04-03,29.205466679956203,31.138762865835144,28.9043785532764,30.34642791748047,1312150
2008-04-04,30.647510574554765,30.647510574554765,29.23715558539268,29.474855422973633,1357100
2008-04-07,30.93274780026425,31.709235453273344,29.554084075114513,29.934404373168945,1544650
2008-04-08,30.821824734435722,31.693391799926758,29.95025464642731,31.693391799926758,2910400
2008-04-09,31.455696390059366,31.61416397585036,29.966105919652495,30.74259376525879,1417850
2008-04-10,30.31472883220384,30.885210868848013,29.569935190765307,29.966102600097656,688800
2008-04-11,29.601629633540345,30.013644106466415,28.730059509940677,29.09453582763672,679300
2008-04-14,29.284690553876082,30.346419200594823,28.84098504466156,29.522390365600586,777850
2008-04-15,29.807631829162712,30.10871987420961,29.395617405024105,30.02948760986328,462700
2008-04-16,30.50488865229173,30.8218237693744,29.98194782486742,30.33057403564453,899050
2008-04-17,30.283037311633386,30.330575465675025,29.71255528299432,30.108722686767578,705550
2008-04-18,30.425657135644848,31.2496830198781,30.28303663168734,30.853515625,1048650
2008-04-21,30.88520702719703,31.059521632826762,30.50488672424614,30.869359970092773,732400
2008-04-22,30.805974764192836,31.154600952935212,30.536580838454654,30.869359970092773,1383100
2008-04-23,30.805980420299342,31.32892131068558,30.710898060216284,31.13875961303711,1501100
2008-04-24,30.96444706262353,31.566620212372396,30.790132430254165,31.328920364379883,714550
2008-04-25,31.471538731277402,31.677544446149696,30.837668483171445,31.661697387695312,615350
2008-04-28,31.376459276433742,31.693394429738177,30.93275368882869,31.582468032836914,866400
2008-04-29,31.423997848726685,31.693391799926758,31.281377343825625,31.693391799926758,1406500
2008-04-30,31.471542644911136,31.630007204126088,30.710898857097835,31.122913360595703,1260300
2008-05-01,31.059527652960064,31.582468548691534,30.75843955465477,31.534927368164062,974250
2008-05-02,31.48738599055886,32.01032683281946,31.059524477113634,31.598312377929688,975550
2008-05-05,31.66169988069819,31.82016745520222,31.10706488119288,31.725088119506836,1230900
2008-05-06,30.045333034773584,31.122908805833926,29.332233555113497,30.33057403564453,2482800
2008-05-07,29.332232597661516,30.489040598973784,29.268844367307164,29.88686752319336,1172500
2008-05-08,30.045334451355494,30.314728406822006,29.665014106435255,30.108722686767578,793900
2008-05-09,30.108720617280984,31.439843244267415,29.316385864194643,31.091217041015625,1564250
2008-05-12,31.059529011120066,31.376461160942203,30.695055678691595,31.21799659729004,880200
2008-05-13,31.170453830841844,31.661700602741362,31.091221553041734,31.61416244506836,848700
2008-05-14,31.693391799926758,31.994479868330927,31.47153902453283,31.693391799926758,1241300
2008-05-15,31.566623950265516,33.67423475773102,31.566623950265516,33.4365348815918,1865150
2008-05-16,34.13378282704504,34.640876588586,32.8660454006754,34.43486785888672,2291300
2008-05-19,34.419030976582214,34.625039767185434,33.753469462165405,34.593345642089844,1419300
2008-05-20,34.52995326394801,34.52995326394801,33.46822447325366,34.18132400512695,1143300
2008-05-21,34.22886718165198,34.32394652028355,32.644197432709916,33.2780647277832,1184100
2008-05-22,33.27805890573754,33.484064607151225,32.866044480393015,33.182979583740234,1132500
2008-05-23,33.24636949819875,34.14963074135732,33.10374898375081,33.89608383178711,1438100
2008-05-27,34.13379331497014,34.13379331497014,33.16714364594731,33.515769958496094,944500
2008-05-28,33.88024333377684,33.88024333377684,33.11960245775141,33.515769958496094,863800
2008-05-29,33.30975642606818,33.531609207582534,33.11959474011485,33.32560348510742,1049500
2008-05-30,33.642535356846004,33.99116460817167,33.11959450237494,33.658382415771484,1646000
2008-06-02,33.67422755171613,33.78515393534255,31.740931810970878,32.48572540283203,1048000
2008-06-03,32.75512117548156,33.35729430134268,31.931092247446415,32.390647888183594,652300
2008-06-04,32.533272094526495,33.18298647097311,32.05786934083434,32.929439544677734,1111750
2008-06-05,33.151288406286625,33.84854388192085,32.295565364937715,33.73761749267578,1424600
2008-06-06,33.721763950442345,33.721763950442345,32.72342059414533,32.77096176147461,919700
2008-06-09,32.7551255503377,32.7551255503377,31.661702519886042,31.9786376953125,758750
2008-06-10,31.550771295025697,32.13710037323199,31.04367750982965,31.693391799926758,622750
2008-06-11,31.550770085500233,31.693390584933816,30.362267938565214,30.409809112548828,732250
2008-06-12,30.314726607028913,31.899396128039708,30.314726607028913,31.376455307006836,1592800
2008-06-13,31.408151009094425,31.788471350642958,30.2038017495987,30.710895538330078,1333550
2008-06-16,30.283038248513225,32.27972238800484,30.283038248513225,31.836013793945312,1272800
2008-06-17,32.05785792963437,32.51741345903661,31.66169062050142,32.18463134765625,929900
2008-06-18,31.9944810383409,32.834354017341255,31.202146214367744,32.70758056640625,1371850
2008-06-19,31.97863568924965,32.913591073337074,31.32892134064892,31.503232955932617,1296850
2008-06-20,31.202142561506314,31.725083363206775,29.712552420519476,29.91855812072754,1711900
2008-06-23,29.886869173081433,30.853515559211008,29.696707494037792,30.489042282104492,1434950
2008-06-24,30.50488945650325,30.726742230799537,29.252999035791667,29.411466598510742,1060750
2008-06-25,29.411466718792745,29.93440756214217,28.12788519830186,28.333890914916992,1475500
2008-06-26,28.12788711220827,28.460666297656946,26.733379109229062,27.066158294677734,1562400
2008-06-27,27.09785156631663,28.50820658484283,26.543216585401755,27.351398468017578,7468900
2008-06-30,27.25631631034083,28.888523943044603,27.25631631034083,28.064495086669922,1939650
2008-07-01,27.842641221301527,28.127882200458195,26.55905983761356,27.795103073120117,2186750
2008-07-02,28.03280650502404,28.650826691402433,27.066157066828143,27.224624633789062,2896850
2008-07-03,26.765070492414083,26.939385128095633,23.722506033010795,23.944358825683594,3406800
2008-07-07,23.92851175687421,25.00608606588134,23.770044191096748,24.071130752563477,2005900
2008-07-08,24.086978146265647,25.29132743139361,23.94435763733487,25.24378776550293,1364250
2008-07-09,25.449791601377665,25.63995327336009,24.562377517999916,24.704998016357422,1027350
2008-07-10,24.68915253521561,25.212093388417504,24.403911520284133,24.942699432373047,1100650
2008-07-11,24.48314666748047,25.08532133740746,23.849279389272475,24.48314666748047,830950
2008-07-14,24.720845056472935,25.03777865745159,23.84927652033767,24.97439193725586,1108250
2008-07-15,24.40391471092605,25.79842585013201,22.8192448852488,24.75254249572754,2101200
2008-07-16,24.95854807423662,25.259634655892583,24.134519094952832,24.546533584594727,1155600
2008-07-17,24.720846428897246,25.639954678390676,24.435605416551457,25.148706436157227,743550
2008-07-18,22.438920723379777,25.497333457180265,22.375534001442606,24.086977005004883,913200
2008-07-21,24.10282321059065,25.16455189892027,23.928510109244968,24.9110050201416,769150
2008-07-22,24.800077538214918,24.800077538214918,24.213749993508074,24.76838493347168,793400
2008-07-23,24.990240382499668,25.830113338276266,24.562378863980985,25.148706436157227,1176200
2008-07-24,25.354712678683086,25.465639063049558,23.849276915638008,24.831771850585938,1315450
2008-07-25,24.83177230683926,25.624107092606284,24.67330474518239,25.32301902770996,806450
2008-07-28,25.33886481283857,25.33886481283857,24.35636990920929,24.578224182128906,418550
2008-07-29,24.594075697125817,25.877657371896525,24.514841905918754,25.735036849975586,693700
2008-07-30,26.004426797930297,26.765067448459803,25.814268146556554,26.717529296875,471450
2008-07-31,26.416444193203787,26.765070441384594,25.988582645992615,26.353055953979492,522450
2008-08-01,26.606605888359066,26.622449925647537,25.766729853742792,26.353055953979492,838050
2008-08-04,26.21043573969572,26.828455895384145,26.020274064282276,26.638294219970703,557500
2008-08-05,26.527369769815447,27.700024956579476,26.527369769815447,27.65248680114746,692900
2008-08-06,27.39894022901482,28.28635440386639,26.93938457082179,28.048654556274414,1001400
2008-08-07,27.969421077512706,28.413129705050515,26.923539262082922,27.573253631591797,1088100
2008-08-08,27.335556030273438,27.58910297483975,26.559068134724352,27.335556030273438,1115850
2008-08-11,27.28800796243332,28.999450917873087,27.28800796243332,28.39727783203125,1198250
2008-08-12,28.52405482700893,28.52405482700893,27.620793574423132,27.731719970703125,557650
2008-08-13,27.684178756421005,28.048655086976932,26.828458684395486,27.367246627807617,387450
2008-08-14,27.09785316667353,27.63664112023739,26.986926768442913,27.319705963134766,329200
2008-08-15,27.034465238385906,27.810953057483225,26.669991919272046,27.71587371826172,636900
2008-08-18,27.684175882771875,27.84264344188826,27.050308668823632,27.810949325561523,525950
2008-08-19,27.715872834897,27.715872834897,25.703341579993012,25.988582611083984,684750
2008-08-20,25.893503679594904,27.050311859306287,25.68749492169046,26.479829788208008,697900
2008-08-21,26.384751293829066,27.95357401697374,26.22628371095715,27.573253631591797,1202100
2008-08-22,27.74756545248434,27.90603301923673,27.39893922364304,27.4940185546875,638150
2008-08-25,27.414786445834412,27.494021749676996,26.210440052605005,26.33721351623535,664050
2008-08-26,26.337212292951083,26.495676848240475,26.020277137337004,26.479829788208008,440550
2008-08-27,26.654142853654697,27.11369849993304,26.400595953127844,26.875995635986328,271800
2008-08-28,26.812612278100925,27.7158735515669,26.717532939451267,27.525714874267578,271050
2008-08-29,27.478171079855514,27.636638644209363,26.32136299835199,26.73337745666504,792800
2008-09-02,27.08200276311832,28.08034324645996,27.034461588666893,28.08034324645996,647150
2008-09-03,28.048655208459827,28.286355061578785,27.414784903452446,27.826799392700195,787950
2008-09-04,28.032806375078376,28.080344529184078,26.923536434011403,27.39893913269043,2495250
2008-09-05,26.97108017541373,27.573253357315778,26.448139272900622,26.5432186126709,849000
2008-09-08,27.31970477475308,28.048654395373415,26.812610963461125,27.208778381347656,872950
2008-09-09,27.541553095351002,28.112035051802316,27.08200053683403,27.414779663085938,1053400
2008-09-10,27.573251211471835,27.906033408546143,27.288010191841707,27.620792388916016,795700
2008-09-11,27.33555639054796,27.55740921433794,26.81261543267298,27.462329864501953,777000
2008-09-12,27.39893785922699,28.46066355180591,26.86014997260997,28.3497371673584,665750
2008-09-15,27.3672464447005,28.302201809512027,26.14705005028307,26.16289710998535,434600
2008-09-16,25.560722085557718,26.353056971344,25.33886928474323,26.27382469177246,1403400
2008-09-17,25.830114609992915,26.368902543724378,24.182059712268916,24.356372833251953,1375500
2008-09-18,24.49899217458307,25.893501609519937,23.96020426662352,25.65580177307129,1651250
2008-09-19,26.70168722791747,28.3655893396572,26.178746305154885,26.828460693359375,2494900
2008-09-22,26.448135089880218,26.93938179393539,24.388064415151085,24.704998016357422,649600
2008-09-23,24.974392115762488,25.132858161755156,23.690809133551145,23.865123748779297,1204250
2008-09-24,24.086976433723375,24.356370373381683,23.24710201016087,23.627422332763672,829650
2008-09-25,23.53234282800617,24.372217245153855,23.120328392704057,23.294641494750977,1167350
2008-09-26,22.898475554624657,22.898475554624657,21.86844091297107,22.026906967163086,1909350
2008-09-29,21.630742498843876,21.630742498843876,19.88760659873606,20.569013595581055,1947800
2008-09-30,20.82255523512867,22.454764197958653,20.82255523512867,22.169523239135742,1203800
2008-10-01,21.884288458472913,24.609919159277034,21.741667948647134,24.16621208190918,1873650
2008-10-02,24.07112880802428,24.831770946546914,22.407227058069534,22.629079818725586,1121400
2008-10-03,22.99355456144244,23.817581906762683,22.740007685959288,23.16786766052246,1408450
2008-10-06,24.118670005231323,24.34052276611328,21.725818718157438,24.34052276611328,2664200
2008-10-07,24.277137352298876,26.147047930311828,24.07113012664841,25.32301902770996,2879050
2008-10-08,24.340524707629935,26.131201551376936,23.770044191096748,24.071130752563477,2701100
2008-10-09,24.546530595659334,25.006084697760624,20.347156956156475,21.3771915435791,2065750
2008-10-10,20.331309355936114,21.94767295479102,17.621524478230047,20.648242950439453,3093950
2008-10-13,21.393038922510573,22.72416158615706,21.139492036341462,22.31214714050293,1021200
2008-10-14,22.961863329732104,23.770045230263158,22.201222607767896,22.58154296875,1593600
2008-10-15,21.77336352526423,22.56569845568513,20.48978178428738,20.664094924926758,853400
2008-10-16,20.489778641480953,21.567352953914522,19.380508700028916,21.09195327758789,1444300
2008-10-17,20.41054871262942,22.29630524893487,20.03022829524565,21.519817352294922,2023100
2008-10-20,22.581541926895127,23.817583798688528,22.121987800763048,23.70665740966797,1162950
2008-10-21,22.755857197702245,23.659119988088108,22.438923548118982,22.59739112854004,935900
2008-10-22,22.1853731090213,22.534000823886903,21.234570799845514,22.121986389160156,1699250
2008-10-23,22.026910111278326,22.280458554442664,20.030227266893725,21.139495849609375,1251800
2008-10-24,20.109459108867195,20.75917499670659,19.80837251164412,20.1728458404541,1164550
2008-10-27,19.602360570897208,20.505621657931624,19.174500612765627,20.394695281982422,778100
2008-10-28,21.171186725820128,21.900134850951748,20.790866359123317,21.836748123168945,1606300
2008-10-29,21.96352115038753,22.755855987849312,21.70997424420116,21.979368209838867,1169100
2008-10-30,22.502307476146925,22.866782261229012,21.979366641634126,22.644927978515625,1610550
2008-10-31,22.185375688689604,22.660776898556136,21.202880660970116,21.773361206054688,1425000
2008-11-03,21.757513867544976,22.534003155252773,21.567353688287586,22.248762130737305,988850
2008-11-04,22.185376694506267,23.770046458399573,22.185376694506267,23.199565887451172,1907300
2008-11-05,22.48646015046084,23.659116760850164,20.996871444978435,22.21706771850586,2410150
2008-11-06,22.20122404074675,22.47061802497848,21.297961236039654,21.488122940063477,1366700
2008-11-07,21.80505027589647,22.217064663121064,20.442233689116417,21.393035888671875,1685250
2008-11-10,22.01106181568436,22.01106181568436,20.156998218339563,20.616552352905273,1138800
2008-11-11,20.60070606250069,20.743326577042485,19.079423092819518,20.23623275756836,1012250
2008-11-12,19.982683869032158,20.156998498841997,17.225359023267295,17.46306037902832,1635400
2008-11-13,17.415519165157534,18.398014171001474,16.718265181134292,18.366321563720703,1747200
2008-11-14,17.76414792128683,19.126963359420927,17.304593755185664,18.65156364440918,1399350
2008-11-17,19.8400677626149,19.8400677626149,18.065236154617875,18.35047721862793,1134650
2008-11-18,19.253736845142463,19.570672003937943,18.271241782149445,19.016036987304688,1027650
2008-11-19,18.699098465248927,19.063571687089734,18.001843111171418,18.19200325012207,1635500
2008-11-20,17.938459196142524,18.192006087623756,16.528104234463513,16.971811294555664,1260150
2008-11-21,17.1619726703424,17.669066488973918,16.211170249149518,17.589834213256836,1281650
2008-11-24,18.176162899517216,19.36466524104063,17.510601467363397,19.11111831665039,1267650
2008-11-25,19.047729774253327,19.776676356928352,18.508941855529407,19.206195831298828,1874900
2008-11-26,18.88926322148085,22.327996641732135,18.88926322148085,22.137836456298828,1500450
2008-11-28,21.59904906321681,23.29464522697981,21.345502142795297,23.199565887451172,676800
2008-12-01,22.787551765364206,22.835091435919676,21.297961316209975,21.583202362060547,1218450
2008-12-02,22.153679209357087,22.4072276025312,20.901790346455403,21.915979385375977,1178200
2008-12-03,21.04441290882866,23.738351060219067,21.04441290882866,23.484804153442383,1513800
2008-12-04,23.342182588741046,23.865124949477053,22.518155178848424,23.072790145874023,1149650
2008-12-05,23.199561340789398,24.40390897676292,22.740007259774334,24.388063430786133,1276400
2008-12-08,24.514836755685486,25.33886408184896,23.770041692824588,24.95854377746582,2201600
2008-12-09,24.705003340770197,24.800082685994255,23.45311421275453,23.976055145263672,1801750
2008-12-10,24.30883469772398,25.38641063308871,23.817586400349217,24.22960090637207,1457100
2008-12-11,23.865124259053516,25.06947197713145,23.51649653240163,23.817583084106445,878700
2008-12-12,23.611578712326107,24.086979940420086,23.025251085138446,23.500652313232422,713450
2008-12-15,23.944354305410194,24.166208567459613,22.581539153199966,23.12032699584961,489150
2008-12-16,23.120329616310393,24.863465262808084,23.120329616310393,24.81592559814453,1282450
2008-12-17,24.245443899375644,25.402253432021006,24.245443899375644,24.97439193725586,931050
2008-12-18,25.78257354938722,25.78257354938722,24.641611083624618,24.9110050201416,1412100
2008-12-19,25.021933123717297,25.021933123717297,24.03943814520869,24.847620010375977,1643200
2008-12-22,24.879312905441708,24.879312905441708,22.803396535053704,23.468957901000977,1407600
2008-12-23,23.833432058244355,23.833432058244355,22.581543064587738,23.183717727661133,957650
2008-12-24,23.16787139836359,23.16787139836359,22.407230649194435,22.565696716308594,208100
2008-12-26,22.438920946898747,23.167869012066756,22.3279945602184,22.708314895629883,268000
2008-12-29,22.708316906557183,22.961863819284265,22.43892293396996,22.676624298095703,736900
2008-12-30,22.80339808386808,22.977711211071302,22.217070461902146,22.565696716308594,786450
2008-12-31,22.375535192130283,23.738350541929396,22.2170691344841,23.532344818115234,1619550
2009-01-02,23.65912089294606,23.706660564387022,22.629084603332505,23.548192977905273,1552250
2009-01-05,23.61157761541612,24.784234326572825,23.389724827535243,24.62576675415039,1936750
2009-01-06,25.592414074254446,26.939383872376776,24.958546822937308,26.875995635986328,4141650
2009-01-07,26.622450044710845,28.25466094182489,25.92519754523092,27.826799392700195,3314700
2009-01-08,27.240471675583535,28.191274054232874,25.925196008915805,28.127885818481445,2060050
2009-01-09,28.191279235073246,28.207123274405394,26.68584160700751,27.335556030273438,1481850
2009-01-12,27.25631933998169,27.303857495333816,24.990241244326924,25.370561599731445,2075250
2009-01-13,25.560719420477906,25.750881103147265,25.148706471384163,25.65580177307129,1402750
2009-01-14,25.49733678056326,25.608263180597053,24.879315027677436,25.30717658996582,1651400
2009-01-15,25.16455461913735,25.16455461913735,20.473932320913228,21.979368209838867,5022050
2009-01-16,21.979367474819636,22.581542112504128,21.13949299834912,21.4564266204834,1551000
2009-01-20,21.551506370870328,22.502307189101916,19.903450108010265,19.9985294342041,1923650
2009-01-21,20.014375167227122,21.40888445289889,19.808367959101442,21.266263961791992,2220250
2009-01-22,20.80670988559118,21.69412392385414,20.410542526409152,21.266263961791992,1922800
2009-01-23,20.901791398072852,20.901791398072852,20.046069872925443,20.252077102661133,1969600
2009-01-26,19.206197057011906,21.2821150802377,19.206197057011906,21.060260772705078,1631800
2009-01-27,21.028567313287137,21.741668364806845,20.04607078484985,21.345500946044922,2284950
2009-01-28,21.963519416391076,22.407227978445672,21.472272702253083,22.31214714050293,1539450
2009-01-29,22.02690830651735,22.993557794278573,21.519814484254937,21.836748123168945,1280450
2009-01-30,22.296300461482147,22.31214751995188,21.25041878261857,21.535659790039062,1132250
2009-02-02,21.21872767472341,22.39138288160278,20.790866133390818,22.042755126953125,1701350
2009-02-03,22.40722984778123,22.66077675510263,21.32965398040649,22.58154296875,1750000
2009-02-04,22.977712008843802,23.770046905700486,22.96186494820454,23.05694580078125,1756950
2009-02-05,23.056944865887818,23.77004594189284,22.771703830982283,23.738351821899414,1207850
2009-02-06,23.69081316978698,24.086980619152175,23.294645720421784,23.659120559692383,1265750
2009-02-09,23.754197286924146,24.498992432913436,23.45311072349713,24.403911590576172,1654350
2009-02-10,23.83342677929399,24.594068847267884,22.486457237704,22.835084915161133,1424700
2009-02-11,22.91432448197387,23.247105187550083,22.011063214520792,22.565696716308594,1584900
2009-02-12,22.375536205788187,22.771703634738955,21.83674826061374,22.676624298095703,904250
2009-02-13,22.755850476521733,23.722499711314203,22.59738445416414,23.215404510498047,1108000
2009-02-17,22.51815398555457,22.629080368577938,21.472272342023874,21.915979385375977,1371050
2009-02-18,22.24876191442823,22.24876191442823,20.743326043166118,21.04441261291504,1426700
2009-02-19,21.2187284990738,21.72582233553121,19.681598418238725,19.887605667114258,2176700
2009-02-20,19.681597139333316,20.14115127657584,16.8450385312656,19.80837059020996,3289800
2009-02-23,20.20453853381617,20.378851655544953,18.98434214793835,19.126962661743164,2295000
2009-02-24,19.016036902720664,20.01437902146456,18.635716527368373,19.91929817199707,2959100
2009-02-25,20.1886936337899,20.743328688746555,18.65156495921209,20.061920166015625,2304950
2009-02-26,21.789204242280395,23.342179528326113,21.044409201391883,21.17118263244629,3334900
2009-02-27,20.632395147737856,23.770039657066608,20.632395147737856,22.977705001831055,4601400
2009-03-02,22.74000509979032,23.18371208142405,21.234568053116508,21.36134147644043,1810150
2009-03-03,21.931824520574402,22.20121843680683,20.775015084177767,21.10779571533203,1681000
2009-03-04,21.995214547241574,23.29464315441906,21.66243386598164,22.866783142089844,1951350
2009-03-05,22.042755454045448,23.389725313866716,22.02690839422195,22.438922882080078,2239050
2009-03-06,22.629082109591423,23.421416932166487,22.185375032101835,22.755855560302734,2040150
2009-03-09,21.947674664307375,23.453110488901387,21.915980546759076,23.072790145874023,1551850
2009-03-10,23.19956318225209,24.78423276136404,23.088635284058352,24.118671417236328,2283050
2009-03-11,24.514841722601712,25.19624869486574,24.039440490173163,24.800081253051758,2411500
2009-03-12,24.562376410218935,25.497331625054443,24.277135426368492,25.227937698364258,2317550
2009-03-13,25.73503179451599,26.780913401468553,25.513179036228216,26.70168113708496,2497300
2009-03-16,26.257971506699068,26.939379833140038,25.41809865807677,25.608257293701172,1650500
2009-03-17,25.196246302693265,26.749221801757812,25.18040075508184,26.749221801757812,1063000
2009-03-18,26.432291471911835,27.446479127758817,26.147050438075464,27.28801155090332,1591150
2009-03-19,27.256317529519627,27.446476183332116,26.891841235097292,27.38309097290039,1044250
2009-03-20,27.335552504332824,27.620793535806943,26.337211916691025,26.353055953979492,998700
2009-03-23,26.479831127094894,28.064500940254884,26.479831127094894,27.906036376953125,1424950
2009-03-24,27.272159173973108,28.207114370371855,27.145385741708044,27.414779663085938,1778350
2009-03-25,27.35140039914786,28.27050873833629,26.92353883887453,27.71587371826172,1934000
2009-03-26,27.494019688168265,28.682521954032737,27.494019688168265,28.508207321166992,1786300
2009-03-27,28.349738542540514,28.508206109088416,27.49401851920973,27.763412475585938,800300
2009-03-30,27.367244360160583,27.9377233534019,26.51152133652258,26.97107696533203,1399250
2009-03-31,27.12954653334467,28.04865483639218,26.780917265711683,27.066158294677734,1370450
2009-04-01,26.6858353769083,28.52405180712141,26.495673701619886,28.08034324645996,1848600
2009-04-02,28.61913390100953,30.077030144143304,28.44482228953275,29.712556838989258,3664700
2009-04-03,28.6032884419148,30.013646607438535,28.6032884419148,29.0469970703125,1423250
2009-04-06,28.809297548623775,28.809297548623775,27.73172159724237,28.44482421875,1072150
2009-04-07,27.969417597761208,27.969417597761208,26.765068349295884,26.796762466430664,2445850
2009-04-08,26.543216283592386,27.192930589628176,26.242128207801976,26.685836791992188,1752050
2009-04-09,26.89184412002339,27.731720161595188,26.89184412002339,27.28801155090332,1115300
2009-04-13,27.097852414011204,27.351399323643786,26.733379109229062,27.066158294677734,459900
2009-04-14,27.35139363325786,27.35139363325786,26.52736483713021,26.62244415283203,657350
2009-04-15,26.54321721929776,26.559064278847206,25.893502890358143,26.495676040649414,940000
2009-04-16,26.875995091066283,27.715871071106132,26.875995091066283,27.192930221557617,938500
2009-04-17,27.367247680462494,27.367247680462494,26.194592412200922,26.27382469177246,889400
2009-04-20,26.099507796570126,26.27382242360051,25.037780531631668,25.24378776550293,1017700
2009-04-21,25.08531954979902,25.988580734692693,25.05362694377647,25.719186782836914,1012900
2009-04-22,25.782574721357427,26.40059488865844,25.49733371413624,25.68749237060547,812250
2009-04-23,26.051972376192975,26.09951053581424,25.117016951749587,25.497337341308594,799600
2009-04-24,25.449793450296347,25.735034467734025,24.879312926679724,25.513181686401367,583100
2009-04-27,25.11701130399769,26.59075437123006,25.11701130399769,26.03611946105957,879000
2009-04-28,25.655805661681516,26.020279000979922,25.180404405469694,25.386411666870117,822900
2009-04-29,25.544874533897964,26.51152090628062,25.386406974034763,26.21043586730957,1537250
2009-04-30,26.463984351125564,27.52571313700946,26.289669722504815,27.08200454711914,1358150
2009-05-01,26.89184227437612,27.351397913464975,26.36890142240592,27.01861572265625,1359900
2009-05-04,27.383096180879875,28.524057388305664,27.30386087462385,28.524057388305664,1772000
2009-05-05,28.49235769082046,28.52405180712141,27.33554964849135,28.08034324645996,837400
2009-05-06,28.52405229651906,29.284692965688738,27.462323562359046,29.2213077545166,1491150
2009-05-07,29.585779850613083,29.87102084580385,26.321361508743962,26.860149383544922,2115650
2009-05-08,27.414785452905683,28.112040988877776,26.939385737139702,27.525714874267578,1163400
2009-05-11,27.0344638791046,28.01696041005299,26.49567594640992,27.668331146240234,708550
2009-05-12,27.668332360382696,27.68417942057118,26.669991748649554,27.1453914642334,558650
2009-05-13,26.780917501190668,26.796764560996742,26.147050221535746,26.353055953979492,776950
2009-05-14,26.495676333431735,27.018617214271913,25.893503176486337,26.52737045288086,1137950
2009-05-15,26.559061559522895,26.923534824289927,25.988579564223375,26.511520385742188,949750
2009-05-18,26.701683708987648,27.89018592432077,26.131201678422173,27.763412475585938,1196850
2009-05-19,27.89018530177482,28.302199756595687,27.288009166837647,27.969417572021484,1610650
2009-05-20,28.349743808538694,28.524058466372285,27.224629619840425,27.335556030273438,1146950
2009-05-21,27.24047302789819,27.24047302789819,26.257976482598487,26.52737045288086,1442600
2009-05-22,26.70168479227469,26.90769052138241,26.305517371091142,26.495676040649414,1162750
2009-05-26,26.416440832968476,27.256316760750497,26.305514450953673,26.860149383544922,1180450
2009-05-27,27.0503108540365,27.240472544841506,26.3055171952951,26.93938446044922,1469350
2009-05-28,27.082004636154803,27.367245657556527,26.543216711844323,27.17708396911621,1754150
2009-05-29,27.573253021769464,27.573253021769464,26.749224027074302,27.1453914642334,1455150
2009-06-01,27.319705670777946,27.826799498701437,27.050311696878886,27.28801155090332,1048450
2009-06-02,26.97107498352669,27.06615430499436,25.67164650757241,26.067813873291016,2483050
2009-06-03,25.76673055763675,25.97273629570815,24.08697995377568,24.372220993041992,2015600
2009-06-04,24.57822836226308,24.83177528228821,23.40557310151742,23.833433151245117,2329150
2009-06-05,23.960205866183415,24.261293957794663,22.169528910115826,22.438922882080078,3533150
2009-06-08,22.438921933524455,22.9777098546769,21.06025952359489,22.755855560302734,2977600
2009-06-09,22.819242231447003,24.118672365039014,22.613236507974584,23.801738739013672,2823750
2009-06-10,24.15036474754552,24.15036474754552,22.534002514210254,23.23125648498535,2516250
2009-06-11,23.167870225432118,23.69081109182543,22.74001020350066,22.819242477416992,1327250
2009-06-12,22.66077602645661,23.54819017354716,22.66077602645661,23.468957901000977,1094450
2009-06-15,23.37387528945788,23.37387528945788,22.708313973874326,23.02524757385254,1028350
2009-06-16,22.898477198032055,23.167871171877273,21.995215939409146,22.137836456298828,1717000
2009-06-17,22.058602667886912,22.502309767231296,21.757514574173403,22.137836456298828,1133350
2009-06-18,22.042753738769502,22.438921135976024,21.789206846358717,21.868440628051758,1394550
2009-06-19,22.29630459805705,22.29630459805705,21.773363661605398,21.963523864746094,1337700
2009-06-22,21.614896483270112,21.931830139071373,21.15534230454357,21.583202362060547,1251200
2009-06-23,23.548189347478235,24.166211025965897,22.18537405662443,22.708314895629883,7829600
2009-06-24,22.850937032574752,23.3580308493697,22.534003397077907,23.183717727661133,2723400
2009-06-25,22.787549412673926,23.373876993185846,22.787549412673926,23.23125648498535,2626750
2009-06-26,23.199561169980665,23.437260981726507,22.993553961213617,23.247100830078125,2427000
2009-06-29,23.516499467960926,23.896819847460844,22.59739112854004,22.59739112854004,38411250
2009-06-30,22.45476860482441,22.581542053346006,20.949332770186416,21.09195327758789,9510700
2009-07-01,21.17118569766592,21.37719293077022,19.570670521062652,20.01437759399414,10395050
2009-07-02,19.84006313234651,20.03022329355403,19.01603425585531,19.3012752532959,3991800
2009-07-06,19.269583878427987,19.269583878427987,18.366322606395062,18.65156364440918,3840800
2009-07-07,18.588171697657426,19.982680978095757,18.588171697657426,19.28542709350586,4890800
2009-07-08,19.34881604236523,20.156997907997425,19.158655870085664,19.950990676879883,6526650
2009-07-09,19.88760264122239,20.442236062645687,19.26958098862757,20.141149520874023,4686250
2009-07-10,19.950992396671435,20.09361291598979,19.491438229567198,19.887605667114258,2688350
2009-07-13,20.315464889326734,20.410545735433153,19.34881692499557,19.903451919555664,2880900
2009-07-14,19.871757199899214,20.727478743961527,19.681597024691893,20.616552352905273,3342650
2009-07-15,20.93348992479657,21.091957522974262,20.537322440611366,20.71163558959961,3446900
2009-07-16,20.71163303468216,20.71163303468216,19.982684893251616,20.426393508911133,2581650
2009-07-17,20.39469640052566,20.600703618057267,19.90344969901527,20.141149520874023,1638400
2009-07-20,20.220387022588447,20.600707412109884,20.077766498703188,20.1728458404541,1599250
2009-07-21,20.204537768107638,20.473931725916437,19.729136577194534,20.01437759399414,2313200
2009-07-22,19.982685089111328,20.299620249477083,19.76083229036592,19.982685089111328,3359950
2009-07-23,19.998531581654536,20.07776536949665,19.64990382190451,19.792524337768555,2213950
2009-07-24,19.96683532385084,20.442234941495148,19.919294153079587,20.394695281982422,2605550
2009-07-27,20.204539283613098,20.60070672054669,19.80837184667951,20.521472930908203,2460750
2009-07-28,20.45808062489094,21.424729874720835,20.077760351806276,21.028562545776367,3649350
2009-07-29,20.759171255683935,20.759171255683935,20.283770098825023,20.50562286376953,2041650
2009-07-30,20.252073926246336,20.363001808711005,18.049384490817623,18.524784088134766,9711300
2009-07-31,18.572326453245367,19.04772759244485,18.524785281444426,18.77833366394043,2743500
2009-08-03,19.000185430885647,19.68159374528425,18.778332685738924,19.665746688842773,2699250
2009-08-04,19.586518906232627,20.077767227302147,19.190351441623285,20.061920166015625,3211950
2009-08-05,20.077766313468228,20.36300735860715,19.77667820776406,20.109458923339844,4451250
2009-08-06,16.63903219345735,16.63903219345735,13.390458939149626,14.246180534362793,26151200
2009-08-07,14.388799726860583,14.404646785430247,13.548925269031354,13.850011825561523,7408600
2009-08-10,14.087712920941831,14.658193418022567,13.834164522091736,14.32541275024414,5245600
2009-08-11,14.02432555627499,14.483879646786653,13.945091779719478,14.35710620880127,3957250
2009-08-12,14.293721902498191,14.54726882126607,14.135254322638845,14.30956745147705,3139000
2009-08-13,14.277874185237655,14.42049469829635,13.897553824586982,14.024327278137207,3102600
2009-08-14,14.16694574181699,14.16694574181699,13.81831951342555,13.881706237792969,2288600
2009-08-17,13.5013863491117,13.897553767647718,13.327071717750242,13.46969223022461,3696550
2009-08-18,13.29537794853039,13.29537794853039,12.915056111407134,13.089370727539062,3532450
2009-08-19,12.978441009604694,13.136908545421354,12.487194368838216,12.582274436950684,5531600
2009-08-20,12.59812242917041,12.883363427446879,12.439655627699768,12.851669311523438,2608000
2009-08-21,12.883366033668,13.041832111565984,12.6615117111001,12.693205833435059,2244850
2009-08-24,12.835824283473812,12.851669830817173,12.582276635246444,12.677356719970703,1492650
2009-08-25,12.804130166269715,12.835824283473812,12.598122938219149,12.677356719970703,1910750
2009-08-26,12.72489638451816,12.851669830817173,12.566429576644396,12.677356719970703,3240650
2009-08-27,12.677357617960798,13.342919013804444,12.677357617960798,13.26368522644043,5140100
2009-08-28,13.485539580058798,13.485539580058798,12.994291305541992,12.994291305541992,3619900
2009-08-31,12.89920983303257,12.915055378934277,12.455502055725928,12.613968849182129,2213950
2009-09-01,12.582277977666728,12.772438923033118,12.217803902856163,12.233650207519531,2298350
2009-09-02,12.423809296667915,12.724895840951959,12.0117948581667,12.534735679626465,4147950
2009-09-03,12.629816152649473,12.709050689107244,12.407962624210919,12.66150951385498,1906800
2009-09-04,12.661507766408427,12.994288390953033,12.503040982251289,12.946748733520508,1422950
2009-09-08,13.152756340108295,13.216143055744011,12.962596193201149,13.073522567749023,1245600
2009-09-09,13.04182845430191,13.152756340108295,12.930902079754036,13.073522567749023,2266600
2009-09-10,13.20029746521862,14.119405699653965,13.089371078349807,14.071866035461426,8160500
2009-09-11,14.214486521069007,15.751614921812157,13.992632236357208,15.244521141052246,11144150
2009-09-14,15.05436172297022,15.133595507974446,14.499726739199398,14.864201545715332,3636950
2009-09-15,14.9434336026925,15.624840447911387,14.674039671585529,15.196980476379395,4648150
2009-09-16,15.339600999391177,15.846694747715322,14.975126234339264,15.783308029174805,6511900
2009-09-17,15.830847345101532,16.100241270839714,15.038512624991242,15.434679985046387,6315850
2009-09-18,15.450526594674605,16.195321633160017,15.22867233541596,16.06854820251465,6450600
2009-09-21,16.0051636585904,16.876730734706978,15.608996256261516,15.910082817077637,6646600
2009-09-22,16.08439593004921,16.480563332378097,15.688228527720327,15.910082817077637,4777700
2009-09-23,16.084395733959354,16.14778245710886,15.68822833646027,15.846695899963379,4319950
2009-09-24,15.688228199217168,15.989316264987371,14.848353747018896,15.244521141052246,3059000
2009-09-25,15.133594227904814,15.799155547630036,14.911739950910198,15.688227653503418,3300600
2009-09-28,15.767462426037119,16.14778277235908,15.307908296416738,15.418834686279297,2269150
2009-09-29,15.38714164470564,15.608995929417437,15.16528735999384,15.244521141052246,2176450
2009-09-30,15.260368657278564,15.41883471289018,14.721580743429882,14.832507133483887,5155250
2009-10-01,14.309565564035319,14.404646401661466,13.279530964588385,13.45384407043457,9550800
2009-10-02,13.374611474202739,13.739086287546169,12.96259850472852,13.247838020324707,5173550
2009-10-05,13.358765037221573,13.739085373554902,13.327070920231124,13.485538482666016,2854500
2009-10-06,13.564773995041516,13.802473857770812,13.358766742088653,13.42215347290039,2536550
2009-10-07,13.469691890957892,13.675699124758882,13.200297932238035,13.390458106994629,2346550
2009-10-08,13.501387706976177,13.564774439866532,13.200299592302793,13.279533386230469,2669450
2009-10-09,13.216143885248654,13.358764382195144,12.566428875759652,12.78828239440918,4949800
2009-10-12,12.867518972500521,12.930905705911503,12.122724477106766,12.693205833435059,6479800
2009-10-13,12.804129607644894,12.804129607644894,11.885021406447015,11.948408126831055,6584850
2009-10-14,12.154417209962357,12.201956879726676,11.21946180746389,11.599782943725586,12343850
2009-10-15,11.583936069122963,11.980103516448493,11.50470303303552,11.663169860839844,5722200
2009-10-16,11.647321694678062,11.647321694678062,11.140227893837693,11.330388069152832,4664150
2009-10-19,11.362080592756945,11.362080592756945,11.029299932712483,11.092686653137207,4423600
2009-10-20,10.74406035908835,10.775753721272059,10.252812111796823,10.411279678344727,8255200
2009-10-21,10.36374029933521,10.601440917428658,10.332046933964714,10.442974090576172,4739500
2009-10-22,10.807447889923575,11.631476123819574,10.807447889923575,11.282848358154297,8788300
2009-10-23,10.997607505608386,11.26700146808525,10.47466663992006,10.52220630645752,8131250
2009-10-26,10.759908294665486,11.140229454194845,10.300354095471722,10.332047462463379,6162250
2009-10-27,10.522205522317014,10.633132662020154,10.205271916921356,10.268658638000488,5588400
2009-10-28,10.236965793041849,10.363739241585009,9.999265199208745,10.157732009887695,4610200
2009-10-29,10.252810876638549,10.522204800560813,10.157730801541739,10.316198348999023,4384900
2009-10-30,10.332045969329215,10.411279753172636,9.856644777527421,9.872491836547852,2883000
2009-11-02,9.983418885263717,10.094345274805505,9.714024929583331,9.840798377990723,4440650
2009-11-03,9.777411713243975,10.189425423073475,9.587251539476513,10.141885757446289,3192100
2009-11-04,10.284504678158271,10.648978692882347,10.157731239233254,10.490511894226074,5693700
2009-11-05,10.854986708480263,10.965913853524704,8.953383473282756,9.52386474609375,13116150
2009-11-06,9.523864501111163,9.618944584862355,9.159390468916923,9.476324081420898,7451800
2009-11-09,9.508016785299647,9.698176939654612,9.365396291718781,9.571403503417969,7447750
2009-11-10,9.4921706117061,9.523864729345366,9.206930353616896,9.270317077636719,4683050
2009-11-11,9.33370343228249,9.508017294253346,9.270316710771146,9.460476875305176,2647450
2009-11-12,9.444630503466396,9.761564108698428,9.381243782419988,9.682331085205078,5586350
2009-11-13,9.729872046927994,9.777412471873202,9.492171433460802,9.508018493652344,3308250
2009-11-16,9.539711380105166,9.74571861848993,9.523865076337543,9.666484832763672,4175600
2009-11-17,9.666483375039292,9.809103865587355,9.523863640120494,9.777410507202148,2426550
2009-11-18,9.745719856329057,9.904186692279634,9.666486060539027,9.761566162109375,1862150
2009-11-19,9.761565018273533,9.761565018273533,9.444631383509869,9.6981782913208,2788100
2009-11-20,9.666486000009105,10.664828193690514,9.5872529603447,10.332047462463379,11357400
2009-11-23,10.395434703647862,10.633135345497621,10.1577340617981,10.474668502807617,5518150
2009-11-24,10.490514281504291,10.490514281504291,9.999266716064245,10.030960083007812,3301100
2009-11-25,10.094346561341846,10.31620087995973,10.01511352380356,10.236967086791992,2018950
2009-11-27,9.96757245293636,10.126039273406452,9.618945447902156,10.01511287689209,1234350
2009-11-30,9.967572358623194,10.189425905182146,9.92003269074669,9.983419418334961,2925750
2009-12-01,10.015113703516993,10.332047370616168,9.935879908927467,10.30035400390625,2289650
2009-12-02,10.363737712900505,10.696518344054772,10.300350997978668,10.553897857666016,2599000
2009-12-03,10.585591873396075,10.712366066752496,10.39543171680538,10.458818435668945,2393000
2009-12-04,10.427125076237163,10.648978592259638,10.316198696040571,10.458818435668945,2388300
2009-12-07,10.49051205347301,11.12438001334957,10.474665751181485,11.092686653137207,3636150
2009-12-08,11.12438120796061,11.15607457157642,10.775754208186706,10.886680603027344,3345950
2009-12-09,10.886679725565216,11.013453169810564,10.585592417667849,10.601439476013184,2239100
2009-12-10,10.728213086127445,11.029300398679924,10.6331330014734,10.934220314025879,2605450
2009-12-11,11.045146845545817,11.187767352199728,10.886680035724448,11.013453483581543,1991900
2009-12-14,10.997607753497373,11.092687844344802,10.744060844570898,10.886680603027344,1863150
2009-12-15,11.346233449799936,11.805787547249645,11.108533627803354,11.647320747375488,5525650
2009-12-16,11.837482727557596,12.21780386136954,11.615629173617792,12.186110496520996,4608650
2009-12-17,11.821636755238035,11.964257278880059,11.251155416299383,11.393775939941406,4473850
2009-12-18,11.425466781632192,11.805787086486816,11.362080064156421,11.805787086486816,4131900
2009-12-21,12.43965673328463,12.43965673328463,11.93256292351019,11.964256286621094,3311500
2009-12-22,12.011795141533856,12.138568585408198,11.964255477895643,12.043488502502441,1953000
2009-12-23,12.154417095286288,12.217803824793616,11.837482692120224,11.88502311706543,1454000
2009-12-24,11.99594854493374,12.043488207407114,11.90086846435768,11.948408126831055,556150
2009-12-28,11.948408726060697,12.39211654663086,11.932562422984628,12.39211654663086,1807550
2009-12-29,12.407964145627885,12.487197936171665,12.154417224894873,12.217803955078125,1446700
2009-12-30,12.09103012084961,12.249496941407852,12.027643392626313,12.09103012084961,1112050
2009-12-31,12.011796332755788,12.201956517425677,11.916716240420842,12.09103012084961,1037150
2010-01-04,12.265342952582213,12.899211730928396,12.233649589227841,12.629817008972168,2656050
2010-01-05,12.598122791443965,12.78828295867701,12.503042707827442,12.66150951385498,2088600
2010-01-06,12.661508528038999,12.67735558522258,11.726554067456743,11.805787086486816,5595400
2010-01-07,11.869176150303133,12.138570130644547,11.679015960284284,11.916716575622559,4430250
2010-01-08,11.568090278604023,11.59978364557433,11.029302284479337,11.251155853271484,6763800
2010-01-11,11.203615745505004,11.64732286585661,11.171922379765604,11.393775939941406,4726350
2010-01-12,11.679013461072918,11.805786893957027,10.015111021025083,10.062650680541992,14308600
2010-01-13,10.379587875016536,10.427127547617154,9.777413147459265,10.030960083007812,7766750
2010-01-14,9.840798474136356,10.173579157271739,9.824951415115926,9.872491836547852,4879400
2010-01-15,9.951726148704052,10.078499605080125,9.793258572604556,10.01511287689209,5408950
2010-01-19,9.983418945973405,10.411279714764873,9.920032221384252,10.141885757446289,4774700
2010-01-20,10.094346294959758,10.18942639087428,9.84079937252103,9.888339042663574,2890200
2010-01-21,9.793259609806924,9.935880141149624,9.46047887376028,9.492172241210938,6068700
2010-01-22,9.618944082607367,9.682330801798413,9.302009731022844,9.317856788635254,2809200
2010-01-25,9.460476428181217,9.492169787438987,9.206929554119055,9.286163330078125,2664600
2010-01-26,9.302010920413126,9.317857980051802,9.11185073852539,9.11185073852539,3233100
2010-01-27,9.03261571101257,9.191083263117129,8.842455555242244,9.016769409179688,3177350
2010-01-28,9.016770554641512,9.064310221808737,8.763223648071289,8.763223648071289,3265000
2010-01-29,8.826609902307535,9.11185015693278,8.747376120430294,8.921689987182617,3224300
2010-02-01,8.96923012933311,9.52386512074423,8.937536766020708,9.397090911865234,5980600
2010-02-02,9.270318308330202,9.41293883412326,9.032617683884924,9.365398406982422,3521950
2010-02-03,9.30201068645808,9.840798610551662,9.23862396075641,9.634791374206543,4264950
2010-02-04,9.460477051284183,9.508017471116677,9.159390496319308,9.206930160522461,3922200
2010-02-05,9.15938999065764,9.349550148230776,8.905842358264161,9.317856788635254,4351700
2010-02-08,9.286164232839097,9.492170710227024,9.159390783483646,9.302010536193848,2434150
2010-02-09,9.41293760104931,9.587251470225043,9.238623731873576,9.52386474609375,3083100
2010-02-10,9.508016432566855,9.618943562973334,9.111849081209902,9.15938949584961,3414750
2010-02-11,9.20692994262361,9.428783466789547,9.111849860838207,9.41293716430664,2367200
2010-02-12,9.428782612513018,9.698176530978404,9.286162880571359,9.444629669189453,2788750
2010-02-16,9.587252268089921,9.85664549025253,9.555558903386707,9.824952125549316,1953750
2010-02-17,9.793257957023272,9.951725523161869,9.761564594921424,9.840798377990723,1760900
2010-02-18,9.840797720039262,9.967571159970637,9.777411000073576,9.935877799987793,1542250
2010-02-19,9.824950855944934,10.062651438317491,9.809104553455734,9.99926471710205,1821200
2010-02-22,10.078499990122054,10.126039660264599,9.745719276606508,9.888339042663574,2008200
2010-02-23,9.840799957899403,9.904186692279634,9.618946387568593,9.761566162109375,2487500
2010-02-24,9.809106007216188,9.967572833740395,9.666485485529687,9.888339042663574,2450000
2010-02-25,10.33204535907962,10.712366441183729,9.999264695599518,10.268658638000488,8172750
2010-02-26,10.395431373528316,10.395431373528316,9.729870091809705,9.777410507202148,5573500
2010-03-01,9.888337094009577,9.951724567757182,9.492169727955424,9.571403503417969,5121200
2010-03-02,9.714025024490374,9.935878561370842,9.587251574844393,9.872491836547852,3384650
2010-03-03,9.809106514402833,10.06265344995138,9.777413147459265,10.030960083007812,3282100
2010-03-04,10.06265268192317,10.12603941097234,9.88833879922325,10.094346046447754,2156850
2010-03-05,10.11019229888916,10.236965746860415,10.01511221291072,10.11019229888916,2283050
2010-03-08,10.173579924437979,10.411280538263332,10.094346134619721,10.379587173461914,2525200
2010-03-09,10.347892055472354,10.585591873396075,10.205271560214687,10.458818435668945,1797000
2010-03-10,10.427128072185862,10.617288283413865,10.36374133510986,10.474668502807617,2379650
2010-03-11,10.458821035152843,10.712368729254313,10.26866083129885,10.664828300476074,2661950
2010-03-12,10.728212920258532,10.775753339665203,10.53805275389051,10.601439476013184,1731350
2010-03-15,10.569746780127845,10.633133506239577,10.458819631617626,10.506360054016113,1193700
2010-03-16,10.506360147745518,10.854987144470215,10.49051308826152,10.854987144470215,1531150
2010-03-17,10.744060095148633,10.997606986389645,10.744060095148633,10.950066566467285,1431600
2010-03-18,10.918372501245873,11.02929963682794,10.791599063797392,10.99760627746582,1783300
2010-03-19,11.171918869018555,11.187765169093874,10.902524967075276,11.171918869018555,4147450
2010-03-22,11.092686945664136,11.219460389856748,10.965913501471524,11.187767028808594,1839300
2010-03-23,11.251154423987701,11.488855023883582,11.124380972211066,11.409621238708496,3474350
2010-03-24,11.377928313685903,11.488855466074588,11.156074764537937,11.203615188598633,1840700
2010-03-25,11.409619949173383,11.409619949173383,10.93421955874158,10.99760627746582,1913050
2010-03-26,11.076842033943393,11.203616258333335,10.823295096422468,10.981761932373047,1951900
2010-03-29,10.981759416938994,11.187766634302367,10.96591311478836,11.060993194580078,1381950
2010-03-30,11.092687187836443,11.314540720016954,11.06099382609637,11.235307693481445,1925050
2010-03-31,11.108535044793161,11.282848169075228,11.060994620952068,11.219461441040039,2176100
2010-04-01,11.251154568576546,11.50470223101754,11.187767841873642,11.425468444824219,1708450
2010-04-05,11.473007593469767,11.726555244450694,11.409620869631873,11.536395072937012,2928050
2010-04-06,11.599782943725586,11.631476308778275,11.377928632727336,11.599782943725586,2263550
2010-04-07,11.66316870132369,11.66316870132369,11.219460871954203,11.346234321594238,2110800
2010-04-08,11.33038932434504,11.758250144017648,11.298695958281494,11.726556777954102,3010600
2010-04-09,11.758247885102051,11.821634605051713,11.583934027425824,11.647320747375488,2274300
2010-04-12,11.885023210619416,11.964257000941982,11.821636480613133,11.916716575622559,3767100
2010-04-13,11.948408126831055,12.20195500836721,11.853328046254996,11.948408126831055,3487400
2010-04-14,12.10687599096326,12.20195607988883,11.869175390834645,11.9801025390625,3394900
2010-04-15,11.964256983206875,12.40796409259313,11.869176132708967,12.233650207519531,4542950
2010-04-16,12.186110213252045,12.217803577363869,11.789942784039544,11.837482452392578,2052700
2010-04-19,11.837481646042846,12.043488876551532,11.615628112372375,11.853328704833984,2428500
2010-04-20,11.900868755958472,12.12272228273857,11.694861531848002,12.043488502502441,2221400
2010-04-21,12.075182154707857,12.233648963372787,11.980102069508899,12.138568878173828,2333600
2010-04-22,12.10687783439072,12.297038796825685,12.027644792703187,12.24949836730957,1823100
2010-04-23,12.170262258531103,12.39211654663086,12.091029231892062,12.39211654663086,1610550
2010-04-26,12.45550389000363,12.661510374019898,12.217803286999368,12.312883377075195,3031950
2010-04-27,12.249496502166304,12.376269954067064,11.964256235389593,11.9801025390625,2413450
2010-04-28,12.091028625509798,12.26534172875125,11.9325618245497,11.948408126831055,2556150
2010-04-29,12.043488573174967,12.360422940349958,12.043488573174967,12.344575881958008,3920950
2010-04-30,12.344577033742796,12.582277642394862,12.043489696867436,12.09103012084961,2638000
2010-05-03,12.249494846418227,12.724895226786835,12.201954430566728,12.613968849182129,4347050
2010-05-04,12.471350193868242,12.582277343438069,12.091029833564932,12.312883377075195,2825900
2010-05-05,12.249495456407946,12.677356197860567,12.043488236841675,12.265341758728027,5983200
2010-05-06,13.025983979015663,14.372952174752424,12.043488294684437,12.77243709564209,14854950
2010-05-07,12.96259812968119,12.9784436775134,11.282847647509364,11.330388069152832,11884600
2010-05-10,12.122722688103861,12.471349670415856,11.98010218116155,12.423810005187988,7737200
2010-05-11,12.994288795389751,13.279529771379726,12.756588989570446,13.073522567749023,8965550
2010-05-12,13.216145644982213,14.024327561116245,13.136911857099872,13.865859985351562,7828850
2010-05-13,13.86586002797807,14.103559881097025,13.644005723477248,13.913399696350098,4564200
2010-05-14,13.834166777641304,13.976787302979282,13.659853641816502,13.818321228027344,3782050
2010-05-17,14.182793337488874,14.372953517787975,13.83416558464447,14.34126091003418,6123400
2010-05-18,14.499726422560613,14.689888106921584,13.802472454519016,13.881706237792969,6698050
2010-05-19,13.850012210229124,14.087713561599886,13.56477270434643,13.976785659790039,3687800
2010-05-20,13.485539479597456,13.739086389230039,13.10521911514858,13.533079147338867,7612100
2010-05-21,13.18445078369847,13.675699031929156,12.962598003617732,13.295378684997559,5647800
2010-05-24,13.216144845953652,13.818319481690532,13.184450728213372,13.374610900878906,3727300
2010-05-25,13.105218456380102,13.390457959749046,12.693203993308757,13.374610900878906,4822100
2010-05-26,13.453843010925565,14.262024777697114,13.453843010925565,13.897551536560059,8165300
2010-05-27,14.119408165409872,14.262028694152832,13.913400902921037,14.262028694152832,4482150
2010-05-28,14.230333474333573,14.4680348409954,13.992633618930569,14.246180534362793,4773750
2010-06-01,14.103559934822027,14.658194942557458,13.580619046961223,13.64400577545166,7788150
2010-06-02,13.612313166835849,13.929246809288031,13.263685404509042,13.64400577545166,5996100
2010-06-03,13.770777679706477,14.087712797681409,13.644004237019962,14.04017162322998,2916500
2010-06-04,13.675699234008789,14.119406311985445,13.596465449412559,13.675699234008789,3532400
2010-06-07,13.8658603472918,13.89755446777557,13.089372530545582,13.121065139770508,4196950
2010-06-08,13.184452015880925,13.231993197134482,12.867518363818185,13.13691234588623,4506900
2010-06-09,13.121065285468378,13.469693058366824,13.05767855505583,13.13691234588623,3970300
2010-06-10,13.342916438991603,13.564770698547363,13.247835610250991,13.564770698547363,1865200
2010-06-11,13.231990216178234,13.786623604523264,12.930902181104814,13.707389831542969,1545950
2010-06-14,13.897553071555539,14.293720470248566,13.770778113615773,14.087713241577148,3988200
2010-06-15,14.15110193162447,14.51557526367204,14.15110193162447,14.499728202819824,3783100
2010-06-16,14.309565886096426,14.594806894136058,14.18279244058074,14.388799667358398,2609450
2010-06-17,14.563109433820488,14.674037306624596,14.277870002523013,14.483877182006836,4383050
2010-06-18,14.483880554023264,14.689887781467972,14.309565932430756,14.436339378356934,3157700
2010-06-21,14.59480516084987,14.674038932702002,13.976783553913442,14.182790756225586,3595150
2010-06-22,14.468031983614873,14.48387904051436,13.786623649522172,13.897551536560059,3084700
2010-06-23,13.960939648592612,14.262026203490256,13.802472086272584,14.071866035461426,3335300
2010-06-24,14.071867326206217,14.103559934822027,13.564773498282726,13.64400577545166,3239700
2010-06-25,13.723238744223085,13.723238744223085,13.263684612300791,13.342918395996094,3641700
2010-06-28,13.422151465398285,13.612311629391934,13.216144243257169,13.45384407043457,3576800
2010-06-29,13.247836924021284,13.390457425646437,12.946750373791582,13.105217933654785,5699550
2010-06-30,13.121063649209448,13.311223816733218,12.962597598568978,12.978443145751953,4162600
2010-07-01,13.105217764927666,13.548924811069877,12.930903149070678,13.3587646484375,7517450
2010-07-02,13.485542223775738,13.533081901191018,13.089374719043848,13.152761459350586,3597900
2010-07-06,13.279532095552877,13.437998156747517,13.089371915364048,13.200298309326172,4092350
2010-07-07,13.247835761767476,13.739083945238495,13.057675613369879,13.707389831542969,2833500
2010-07-08,13.897554565663278,14.30956755604239,13.80247371480111,14.277874946594238,3959000
2010-07-09,14.27787586109017,14.658196266380598,14.262028799721664,14.594809532165527,3088150
2010-07-12,14.578959760413563,14.658193541266739,14.420493709965882,14.6106538772583,2311300
2010-07-13,14.737425709141029,15.212826830969805,14.721578652453085,15.038512229919434,3372250
2010-07-14,14.95927906036377,15.022665778410534,14.674039584782607,14.95927906036377,2660350
2010-07-15,15.02266711104845,15.02266711104845,14.594807104092615,14.769120216369629,2471450
2010-07-16,14.54726784700974,14.800814748797134,13.89755353336486,13.992632865905762,2792900
2010-07-19,14.056018585008406,14.13525236395889,13.77077758529012,13.94509220123291,1821500
2010-07-20,13.707392131111735,14.34126091003418,13.659852463851655,14.34126091003418,3611400
2010-07-21,14.357107821265387,14.547267999600582,13.97678595333624,14.008480072021484,2860250
2010-07-22,14.166946600039733,14.293721567713215,14.024327595017331,14.23033332824707,1945100
2010-07-23,14.166942129718905,14.642343196892469,13.960936461493414,14.483877182006836,2108300
2010-07-26,14.610653970630871,14.737427416302658,14.230332122356831,14.705733299255371,1823650
2010-07-27,14.784970150479944,14.784970150479944,14.262029200688744,14.40464973449707,2074800
2010-07-28,14.246180845151777,14.372954305633527,13.881707524081456,13.960941314697266,2039800
2010-07-29,14.040173676226656,14.531421971912696,13.865860544858766,14.056020736694336,2669550
2010-07-30,13.945090951927689,14.230330414833464,13.865857180075558,14.182790756225586,2323350
2010-08-02,14.48387974614139,14.563112011981822,14.071865314233314,14.45218563079834,2433700
2010-08-03,14.372952189551706,14.372952189551706,13.83416430619878,13.94509220123291,3416900
2010-08-04,13.850011217008992,14.182791876056514,13.56477173158156,13.929244995117188,10854450
2010-08-05,14.848354720328151,15.196982473082468,14.436340240823847,14.975128173828125,10550850
2010-08-06,14.848353833246351,14.895893497653997,14.3254129909862,14.436339378356934,5412250
2010-08-09,14.293721714450454,14.404648112137345,14.071867407817846,14.246180534362793,3230350
2010-08-10,14.071866687689207,14.135253413303444,13.263684802663633,13.406305313110352,5334150
2010-08-11,13.231992383606507,13.754933255173349,13.073524811688593,13.46969223022461,7621450
2010-08-12,13.311223480887675,14.00847892214157,13.105217771378506,13.94509220123291,4151600
2010-08-13,13.897553296699503,13.992632627621271,13.786625395612482,13.881706237792969,2550600
2010-08-16,13.850013667335077,14.38880164028211,13.802473996562952,14.119407653808594,2294750
2010-08-17,14.246178317120117,14.42049292779396,14.103557821571913,14.35710620880127,2189100
2010-08-18,14.38879881266832,14.42049292779396,14.198638655690246,14.35710620880127,2491800
2010-08-19,14.198639480813979,14.357107043134008,13.945092590108874,14.071866035461426,3364800
2010-08-20,14.071867263358131,14.23033332824707,13.865860018869583,14.23033332824707,2806950
2010-08-23,14.325413792430485,14.325413792430485,14.040172767509256,14.103559494018555,3320850
2010-08-24,13.881706706865392,14.24618000647917,13.754933253846794,14.103559494018555,3391600
2010-08-25,13.96093966655763,14.499726054369953,13.9450926080535,14.388799667358398,3661500
2010-08-26,14.42049334259802,14.499725610174051,14.135252343296683,14.214486122131348,2103100
2010-08-27,14.21448636473755,14.404646530431128,14.024326199043973,14.32541275024414,3275650
2010-08-30,14.24618000647917,14.325413792430485,14.087713945835306,14.103559494018555,1968200
2010-08-31,13.881705959159792,14.48388058419279,13.881705959159792,14.166945457458496,3949900
2010-09-01,14.26202614825953,14.642346482844369,14.230332031414791,14.6106538772583,2385900
2010-09-02,14.563112385555215,14.895893048900762,14.499725664501712,14.848353385925293,2316650
2010-09-03,14.975127605691963,15.212828955430426,14.81666155045837,15.101901054382324,2211150
2010-09-07,14.959279505317857,15.101900002979876,14.753273798982287,15.006820678710938,1306150
2010-09-08,15.054360633598517,15.292060460151879,14.911740133163041,15.165287017822266,2332950
2010-09-09,15.260369066671913,15.561455638292406,15.038514769353451,15.466376304626465,3294400
2010-09-10,15.4663740992549,15.56145341936335,15.11774639925398,15.434679985046387,2346450
2010-09-13,15.545610368019718,15.719923490361788,15.339603126383386,15.624842643737793,2704800
2010-09-14,15.60899600285429,15.75161499592,15.41883432291598,15.482222557067871,3110150
2010-09-15,15.482222921925008,15.608996370698994,15.307908296416738,15.418834686279297,1780550
2010-09-16,15.418834676108224,15.450528793910173,15.022667271136168,15.101901054382324,1758100
2010-09-17,15.149441990242554,15.323755101605927,14.769120138959035,14.990974426269531,2766850
2010-09-20,15.117747409106567,15.71992201796616,15.054360687713906,15.672382354736328,2563950
2010-09-21,15.59315003570232,15.846696945021254,15.482223640689984,15.624842643737793,2276650
2010-09-22,15.593149616519877,16.084396362304688,15.577302557298754,16.084396362304688,3945800
2010-09-23,15.94177842907269,16.021010707958848,15.624843268492674,15.735771179199219,2281350
2010-09-24,15.9100830544859,16.116090288121978,15.815002211554352,16.02100944519043,2258700
2010-09-27,16.005162568669128,16.670723880158885,15.973468453236947,16.480562210083008,2858550
2010-09-28,16.59149304779495,16.6231856575939,16.08439768968184,16.40133285522461,2392050
2010-09-29,16.40133142113056,16.718265047702523,16.25871091135849,16.623184204101562,1746950
2010-09-30,16.81334143252358,16.892575203090903,16.33794183163658,16.575641632080078,1655200
2010-10-01,16.797499412628785,17.431366687677166,16.575645110732456,17.3204402923584,5586450
2010-10-04,17.320439717215677,17.399671990521647,17.019351638121538,17.130279541015625,2412200
2010-10-05,17.336286029881393,17.55814033419754,17.225359633352724,17.383827209472656,2630000
2010-10-06,17.399672331598694,17.63737368995236,17.320440056739578,17.526447296142578,2676500
2010-10-07,17.653220989573494,17.811687052706194,17.3204402923584,17.3204402923584,3219850
2010-10-08,17.367979049682617,17.431365773864503,17.19366593599711,17.367979049682617,1524500
2010-10-11,17.367979084918414,17.51059959243168,17.066892522258296,17.09858512878418,2359100
2010-10-12,17.019352251987414,17.114433099146254,16.6073377663971,17.05104637145996,2056600
2010-10-13,17.17781629989612,17.605676246116023,17.17781629989612,17.47890281677246,1495150
2010-10-14,17.415520634806406,17.44721475602051,16.4488726066594,16.49641227722168,5471150
2010-10-15,16.607337899911357,16.987659780345506,16.5281056231106,16.876731872558594,3368750
2010-10-18,16.924275168547247,17.209514725468843,16.670728224057385,17.17782211303711,2136500
2010-10-19,16.9718113241403,17.114431828661775,16.559796869135752,16.702417373657227,2304500
2010-10-20,16.765805663004894,17.06689375873725,16.623185145158914,16.94011878967285,1697950
2010-10-21,16.987656030023388,17.098582402062558,16.528101974243075,16.575641632080078,2744700
2010-10-22,16.607337713307732,16.876731682928,16.607337713307732,16.813344955444336,1719000
2010-10-25,16.971814083991532,16.987661145128353,16.575646623124555,16.686573028564453,1679400
2010-10-26,16.654882496853944,16.813348594229318,16.48056782510418,16.749961853027344,1146500
2010-10-27,16.65487539475763,16.65487539475763,16.258708053367158,16.30624771118164,2292150
2010-10-28,16.36963653564453,16.607336366618487,16.306249813300898,16.36963653564453,1656200
2010-10-29,16.369635828587583,16.543948929688764,16.290402051265733,16.480562210083008,809750
2010-11-01,16.60733553615997,16.86088392411435,16.41717537863813,16.654876708984375,1530600
2010-11-02,16.79749748360859,17.130278142607246,16.702416647640998,17.08273696899414,2430350
2010-11-03,17.019354517101448,17.193669174882476,16.813347246888686,17.17782211303711,2203250
2010-11-04,17.700758958807008,18.096926345510372,17.653219295555026,18.01769256591797,4960600
2010-11-05,18.17615929161948,19.000186632321505,18.14446517673242,18.57232666015625,3481750
2010-11-08,18.84172212848342,19.507283482812266,18.556481116268568,19.34881591796875,5428200
2010-11-09,19.428053137990045,19.45974574981122,18.857571012619246,18.984344482421875,4194500
2010-11-10,18.93680078577178,19.269581451116263,18.699100958208,19.19034767150879,1971450
2010-11-11,19.047728371685874,19.443895752016193,18.92095341962224,19.3012752532959,1774750
2010-11-12,19.253736599809283,19.33297038849855,18.93680295631104,19.222043991088867,1730800
2010-11-15,18.920955516758415,18.920955516758415,18.239548574721237,18.58817481994629,4256300
2010-11-16,18.38216694540882,18.38216694540882,17.700758571582845,17.890918731689453,3533700
2010-11-17,17.906765928736807,19.03188135155922,17.906765928736807,18.762487411499023,3284600
2010-11-18,19.06357405408578,19.06357405408578,18.699100786990773,18.857566833496094,2431200
2010-11-19,18.79418095227514,19.34881591796875,18.730794228589478,19.34881591796875,2858850
2010-11-22,19.253734662488508,19.570669785355392,19.079421553918657,19.491436004638672,3192350
2010-11-23,19.34881533192332,19.412202053689104,19.03188172309441,19.158655166625977,1452700
2010-11-24,19.222039881074075,19.47558674165983,19.17450022252887,19.459739685058594,1388550
2010-11-26,19.332966655318234,19.364660769177362,19.158653562868626,19.317119598388672,546400
2010-11-29,19.2061933197151,19.3329667532769,18.8892597358106,19.28542709350586,1596000
2010-11-30,18.984342522636343,19.586517197664815,18.936802854182698,19.25373649597168,2809550
2010-12-01,19.60236458185852,19.66575131126495,19.332970604066492,19.649904251098633,3385900
2010-12-02,19.6974463479367,19.808372751743615,19.4914390899675,19.602365493774414,1839350
2010-12-03,19.491437996415346,19.72913785159674,19.396357147587494,19.586517333984375,1752600
2010-12-06,19.49143658337036,19.74498348018514,19.41220280030106,19.681596755981445,1318650
2010-12-07,19.840061586315276,19.887601245097986,19.332966351351857,19.42804718017578,1869700
2010-12-08,19.459741164569312,19.887602657781663,19.459741164569312,19.871755599975586,1983750
2010-12-09,20.188692149019655,20.489780246284344,19.792524713546307,19.91929817199707,2149450
2010-12-10,19.982684385122894,20.030225564258195,19.76083159419334,19.966838836669922,1059950
2010-12-13,20.030225892047266,20.2045390179529,19.824218646199434,19.855911254882812,1712700
2010-12-14,19.91929915555053,19.982685887905753,19.4914390899675,19.602365493774414,1404350
2010-12-15,19.507285025866697,19.634058483265992,19.174504322378837,19.222043991088867,1595950
2010-12-16,19.317122184206,19.507283870299013,18.968495952639177,19.475589752197266,1947450
2010-12-17,19.53897437289009,19.60236109100841,18.968493909825195,19.142807006835938,3129400
2010-12-20,19.966839296852832,20.204539152972508,19.649904140348163,20.188692092895508,3158850
2010-12-21,20.31546373348048,20.36300490945823,20.014377175248203,20.156997680664062,2530600
2010-12-22,20.15699901943474,20.204538687311242,19.950991776958155,19.966838836669922,1127750
2010-12-23,19.966836535659745,20.204536358908157,19.840063095092773,19.840063095092773,1245500
2010-12-27,19.729136577194534,20.01437759399414,19.570670521062652,20.01437759399414,788950
2010-12-28,20.014379209651445,20.141152669294208,19.808371959917242,19.982685089111328,1308650
2010-12-29,19.99853076652493,20.077764551137516,19.697444198507583,19.80837059020996,1334500
2010-12-30,19.887607025640733,20.12530689990276,19.57067335620505,20.061920166015625,1030800
2010-12-31,20.04607020071703,20.125303984412334,19.887604144585143,20.01437759399414,1015650
2011-01-03,20.220388755515007,20.759176775808328,20.07776821940689,20.71163558959961,3619000
2011-01-04,21.044412271732476,22.137835163178224,20.91763882218206,22.05860137939453,9442250
2011-01-05,21.868442978869105,22.8192439276189,21.678282789119148,22.59739112854004,7795100
2011-01-06,20.616552878857025,21.361346539604884,20.50562497371214,21.076107025146484,7540400
2011-01-07,20.806713969103217,21.012721217659745,20.36300686289007,20.521472930908203,3779950
2011-01-10,20.28377348348346,20.965180461134434,20.236233813242436,20.885948181152344,3187750
2011-01-11,21.091955007298232,21.171187285677878,20.442239141269717,20.521472930908203,3573950
2011-01-12,20.69578594367857,20.822559392632236,20.50562425898935,20.553165435791016,1782000
2011-01-13,20.648243660074797,20.981024323554898,20.489777613006286,20.537317276000977,1427350
2011-01-14,20.56901246049368,20.917640225780016,20.505625731465148,20.69578742980957,1695900
2011-01-18,20.727477661014877,20.965177489790264,20.315463213962797,20.331310272216797,1749750
2011-01-19,20.442238872484115,20.61655350964857,19.744984857602756,19.855911254882812,2731200
2011-01-20,19.982684385122894,20.15699901943474,19.681597806893304,19.966838836669922,1803200
2011-01-21,20.156997680664062,20.31546373348048,20.014377175248203,20.156997680664062,1803500
2011-01-24,20.29961606035899,20.42638949384023,20.077761796137555,20.36300277709961,1320950
2011-01-25,20.44223628141405,21.393038601541573,20.378849560822793,21.3771915435791,4296150
2011-01-26,21.47227277256203,21.551506552563982,21.15533916381287,21.503965377807617,1957050
2011-01-27,21.630739118340113,21.67828029374931,21.04441155628807,21.535659790039062,1642450
2011-01-28,21.583199943873062,21.630739609102175,20.775018078684607,20.854251861572266,1836550
2011-01-31,20.933487534495367,20.99687426427679,20.473933365765323,20.48978042602539,2291000
2011-02-01,20.72747601746559,20.854249450928002,20.458082093543325,20.632396697998047,5691450
2011-02-02,20.664090020394692,20.71162968178411,20.347156425700934,20.378849029541016,1356100
2011-02-03,20.283769105001127,20.52146891615493,20.046067782588782,20.45808219909668,1217150
2011-02-04,20.489780321808112,20.711633119285267,20.29962013343105,20.521472930908203,4791750
2011-02-07,20.632396701061875,20.885943568024352,20.36300277709961,20.36300277709961,2712400
2011-02-08,20.48978050859659,20.60070690834639,20.093613068051464,20.58485984802246,2479200
2011-02-09,20.47393454097283,20.759175596991554,20.34716107413316,20.6007080078125,1861800
2011-02-10,20.616552391874432,20.664092057951436,20.12530413821625,20.347158432006836,1965300
2011-02-11,20.363006724595074,20.7591741588381,20.23623326653801,20.69578742980957,2102050
2011-02-14,20.743325538524147,21.29795899799145,20.67993881426335,21.09195327758789,2199650
2011-02-15,21.091952566126352,21.40888617673972,20.981024668967677,21.202878952026367,1977300
2011-02-16,21.234575193444446,21.266269315562084,20.949335650680315,21.139495849609375,1250850
2011-02-17,21.028566290913787,21.07610595570146,20.775017885775885,20.790864944458008,1375950
2011-02-18,20.83840514786661,21.694126692456553,20.79086548185015,21.25041961669922,3080600
2011-02-22,21.060256762294706,21.09195087644635,20.63239680005726,20.727476119995117,2551800
2011-02-23,20.679938724488796,20.965178226794766,20.204537538967237,20.22038459777832,3449100
2011-02-24,20.61655291949736,21.488121546594417,20.26792516640678,21.440580368041992,3986050
2011-02-25,21.551505608725353,22.391380012943362,21.47227183219341,22.35968589782715,4078350
2011-02-28,22.359688336912,22.819242477416992,22.359688336912,22.819242477416992,3479950
2011-03-01,22.85093804820665,22.898477717829426,22.391383878496203,22.59739112854004,3696250
2011-03-02,22.644932235724085,22.977712966727044,22.13783836419918,22.50231170654297,3223700
2011-03-03,22.771703649783472,23.80173987249126,22.629083133465564,23.674964904785156,5178550
2011-03-04,23.849276609911282,23.880969214498872,23.27879461474846,23.627422332763672,4153700
2011-03-07,23.801740061886264,24.00774579680824,23.405572629521384,23.738351821899414,2847200
2011-03-08,23.70665969123255,23.928514001883965,23.50065244089742,23.833433151245117,2689800
2011-03-09,23.833432429347194,24.08697934169257,23.61157812541559,23.944358825683594,2250450
2011-03-10,23.579884675958436,23.770044853434865,23.373877439210947,23.595731735229492,2081500
2011-03-11,23.421417670838274,23.84927921392703,23.32633833543552,23.785892486572266,2271900
2011-03-14,23.643268287340796,24.055282706562583,23.437261077729904,23.611574172973633,1460600
2011-03-15,22.993556897348988,23.706657934903657,22.676623270797883,23.532344818115234,1570250
2011-03-16,23.500650780541694,23.67496389792878,22.74001007420669,22.99355697631836,2764950
2011-03-17,23.45311084198825,23.59573135058534,23.05694343422243,23.468957901000977,1763550
2011-03-18,23.801741083265277,24.197908532630475,23.611579377662164,23.659120559692383,3028250
2011-03-21,25.117013769782,25.227940158202532,24.625765528724937,24.78423309326172,5044950
2011-03-22,24.99024331307831,25.037782983624634,24.403914160885183,24.562381744384766,2349900
2011-03-23,24.594075865588234,24.64161553613456,24.27714069858907,24.562381744384766,1639300
2011-03-24,24.705001668988956,25.085322046666885,24.498994419932032,25.006088256835938,2925950
2011-03-25,25.0377812334417,25.085320900664918,24.498993300715956,24.62576675415039,2722850
2011-03-28,25.25963435983774,25.29132847925048,24.895161054143962,25.021934509277344,3050050
2011-03-29,24.97439133067664,25.164551486645212,24.75253705975068,25.053625106811523,1607550
2011-03-30,25.2596322522378,26.004427372446695,25.085319143788343,25.861806869506836,3976300
2011-03-31,25.703342728989217,25.988583772831092,25.291329734978454,25.735036849975586,2522400
2011-04-01,25.798419749170534,26.13119888305664,25.608258085151967,26.13119888305664,2432400
2011-04-04,26.289667559551763,26.30551461744235,25.766726739231377,25.877653121948242,2946600
2011-04-05,25.941044319188578,26.400596960484407,25.814270864087906,26.16289710998535,1916600
2011-04-06,26.257973937542374,26.3372092284853,25.830112434002487,26.099506378173828,2081150
2011-04-07,26.05196890782624,26.353053953735934,25.893501344311076,26.25797462463379,3216300
2011-04-08,26.36890249965815,26.432290737646536,26.147049711733903,26.400596618652344,2057050
2011-04-11,26.527364526817163,26.986920088614564,26.432285212227566,26.606599807739258,3662450
2011-04-12,26.47983037114557,26.622450892059845,26.242130510461017,26.5432186126709,2196250
2011-04-13,26.60660685419623,26.812612594118118,26.27382463122368,26.5432186126709,1702350
2011-04-14,26.38475521064027,26.463990525097568,25.92520247686074,26.305522918701172,2243900
2011-04-15,26.321359736940146,26.495671315865227,26.05196581767373,26.147045135498047,2163100
2011-04-18,25.89350255649423,25.925196675184473,25.164554450465012,25.465641021728516,4164950
2011-04-19,25.560722495984802,25.78257832287934,25.43394903312411,25.76673126220703,2583950
2011-04-20,26.162898870299454,26.368904615254596,25.608263833472513,26.33721351623535,2643950
2011-04-21,26.49567033025668,26.923531778325685,26.321358757815787,26.765064239501953,1461150
2011-04-25,26.796764127053827,26.90769052138241,26.463984944068073,26.495676040649414,1450950
2011-04-26,26.638297869623187,26.701686110951442,26.27382454953883,26.448139190673828,1500000
2011-04-27,26.432289657804695,27.082003958055026,26.28966915067487,27.01861572265625,2844000
2011-04-28,27.018615445481096,27.288009398127418,26.57490989231119,26.73337745666504,2645750
2011-04-29,26.78091693332359,26.971078624446648,26.590758264718072,26.66999053955078,2170000
2011-05-02,26.875991302192737,26.90768541527724,25.988577293445577,26.1153507232666,3857200
2011-05-03,27.14538753960423,28.8092923486188,26.63829377695808,28.761751174926758,11457850
2011-05-04,28.825145879061726,28.888531102366716,27.874343349343516,28.286357879638672,4144100
2011-05-05,28.096189201726755,28.5082036299141,27.6049425084145,28.064495086669922,5080550
2011-05-06,27.7317208381586,27.842647237908402,27.20877993753975,27.44647979736328,4319050
2011-05-09,27.509867262714128,27.969419909075093,27.31970556670839,27.826799392700195,4773400
2011-05-10,27.81095001363812,28.999452202640043,27.731717743378272,28.872678756713867,5336800
2011-05-11,28.79344886865617,28.872681145471237,28.096193347116653,28.46066665649414,3673300
2011-05-12,28.22296616193873,28.8568334296024,28.080345648899712,28.68252182006836,2862550
2011-05-13,28.60329004119946,28.682525348478098,27.906037472254972,28.286357879638672,1777600
2011-05-16,28.143735821429576,28.49236208697859,28.001115298587305,28.413129806518555,2732700
2011-05-17,28.19127744912138,28.936071173786587,28.064500962351673,28.63498306274414,3387400
2011-05-18,28.65082793677858,29.696709692657944,28.571595661112823,29.617477416992188,5413900
2011-05-19,29.617473528151564,29.775941081193505,28.745903497679475,28.983606338500977,2629300
2011-05-20,28.191279500291277,28.286358849768636,27.810956057345802,28.0961971282959,4541650
2011-05-23,27.763412948376924,28.09619212352882,27.60494537913043,27.985265731811523,2348550
2011-05-24,28.112037385630924,28.365584271210224,27.763411173588715,27.810949325561523,2804400
2011-05-25,27.81094918655666,28.444819419853978,27.652484650749603,28.254657745361328,2215050
2011-05-26,28.222968558987855,29.062844649048518,28.08034803383571,28.99945640563965,4121500
2011-05-27,29.157919671263855,29.379775467804322,28.571593619197817,28.777599334716797,1786850
2011-05-31,29.094531004483983,29.221304434943992,28.01695533431539,28.365581512451172,3617650
2011-06-01,28.191272203208463,29.348080227059643,28.191272203208463,28.761751174926758,4712500
2011-06-02,28.84098685733283,29.31638651066096,28.603284008151483,28.888525009155273,3168200
2011-06-03,28.524054914697743,28.524054914697743,27.71587299607919,27.826799392700195,2854950
2011-06-06,27.177082477973265,27.5890969282231,26.8443033196084,27.034461975097656,3003600
2011-06-07,27.24047215756086,27.24047215756086,26.74922238934772,26.812610626220703,2465600
2011-06-08,26.574911632054544,26.828458542612353,26.162897146768707,26.52737045288086,2170650
2011-06-09,26.654149234758684,26.70169042343306,26.051975957474216,26.305522918701172,2807450
2011-06-10,26.28966837832641,26.33720955347881,25.782574600103505,25.861806869506836,2093350
2011-06-13,25.845964354265913,26.051973126954042,25.386411670416308,25.750885009765625,2399400
2011-06-14,26.020271704226616,26.321359736940146,25.893498272955185,26.147045135498047,1346350
2011-06-15,25.9093498557824,26.067817428183638,25.22794141021935,25.259634017944336,2762300
2011-06-16,25.30717348055121,25.370560202962224,24.92685163482645,25.32301902770996,2461050
2011-06-17,25.560723294676645,25.798426189670955,25.243791138880677,25.386411666870117,1578950
2011-06-20,25.33886705963002,25.608261018041443,25.101167219271108,25.513181686401367,1965050
2011-06-21,25.60825827824921,26.33720780288035,25.59241122091841,26.067813873291016,1772800
2011-06-22,26.020271704226616,26.574906599483008,25.95688347733239,26.147045135498047,1990200
2011-06-23,25.8459596418945,26.574909210205078,25.44979225243712,26.574909210205078,2909500
2011-06-24,26.559064191105755,26.606605369597045,26.13120265223681,26.400596618652344,3152850
2011-06-27,26.32136299835199,26.860150903644637,25.972733752270045,26.73337745666504,2253000
2011-06-28,26.76506632536148,27.509862909121562,26.57490768196705,27.240468978881836,2129050
2011-06-29,27.398936332175115,27.65248320321462,27.17708055312771,27.30385398864746,1866100
2011-06-30,27.367243832904144,27.63663777709812,27.240470389902114,27.27216148376465,1889100
2011-07-01,27.192930783021183,28.270506621919978,27.192930783021183,28.15958023071289,2434200
2011-07-05,28.064495814324438,28.064495814324438,27.33554928422018,27.684175491333008,1950200
2011-07-06,27.668333555282608,27.684180616155473,27.30386022276014,27.636642456054688,1745750
2011-07-07,27.921880078163714,28.112038740252626,27.478171495760517,27.4940185546875,1852100
2011-07-08,27.06615978441587,27.589100692130764,26.780918739749975,27.573253631591797,1773750
2011-07-11,27.19293178727712,27.462325756950747,27.161237667899616,27.430631637573242,3112950
2011-07-12,27.224624891098856,27.24047195019647,26.66998991275231,26.875995635986328,1689450
2011-07-13,27.145389761379196,27.52571313700946,27.034463369535988,27.08200454711914,2275600
2011-07-14,27.224622458890227,27.240469516572084,26.353052421491192,26.65414047241211,2039500
2011-07-15,26.7809195885035,27.018619459085794,26.669993183732952,26.923540115356445,1272000
2011-07-18,26.780911694013035,26.844299919492215,26.257970923877593,26.62244415283203,1384600
2011-07-19,26.860151851739015,27.33555153906356,26.717531341038153,27.17708396911621,2049200
2011-07-20,27.113699473677936,27.16123763016056,26.606605654412768,27.066158294677734,1237650
2011-07-21,27.17708396911621,27.557404323479343,26.986925303193395,27.17708396911621,2012600
2011-07-22,27.208774667636927,27.35139516041129,27.097848289371782,27.30385398864746,1698750
2011-07-25,27.002774528459558,27.09785386904773,26.622451121071396,26.84430694580078,837050
2011-07-26,26.780916213989258,26.986924959048977,26.40059586447607,26.780916213989258,1405250
2011-07-27,26.543213503146486,26.654139881944953,26.004425643967814,26.067813873291016,1115700
2011-07-28,25.972730728220142,26.638292002999943,25.735030920623867,25.814266204833984,2600650
2011-07-29,25.529029797575678,26.083661773765805,25.32302104426142,25.798423767089844,1594050
2011-08-01,25.40225378703985,25.766727055444484,25.1962450544513,25.63995361328125,2720500
2011-08-02,21.02857177181558,21.09195851180655,16.14778674747481,16.25871467590332,34951000
2011-08-03,17.019350719063556,17.399671050926074,15.482222333304554,16.27455711364746,17065600
2011-08-04,16.179475933976544,16.22701559664252,13.786624585082057,14.753273963928223,14910900
2011-08-05,15.054361388938117,15.513915518255352,14.578960200719907,15.101901054382324,6934250
2011-08-08,14.293721481441292,14.674041848389834,13.770779087813548,14.13525390625,7613100
2011-08-09,14.436341545570917,14.832509001378385,13.92924768574021,14.784969329833984,8387700
2011-08-10,15.10190029665746,15.434680960587352,14.721579969668625,15.165287017822266,8332550
2011-08-11,15.196985647610317,16.512261635867187,15.022670979190842,16.25871467590332,5142850
2011-08-12,16.51225828381252,16.734112584373136,15.878391012580455,16.211170196533203,3864950
2011-08-15,16.496411503466884,17.431366877805115,16.33794543860576,17.383827209472656,3872500
2011-08-16,17.320439867823456,17.60567937897443,17.003504726808753,17.46306037902832,4031050
2011-08-17,17.526445875384177,17.764145703210243,17.41551797930785,17.74829864501953,2873400
2011-08-18,17.19366312899589,17.70075683966393,16.385481394174857,16.60733413696289,5328150
2011-08-19,16.32209677731561,16.87673021680045,16.1794762750525,16.27455711364746,3969000
2011-08-22,16.749957843748494,16.84503868842241,15.894236286718264,16.052703857421875,3418900
2011-08-23,16.211169324823274,16.876730679457648,16.131937053623844,16.765804290771484,3471300
2011-08-24,16.670725404050813,17.130279541015625,16.543950441992035,17.130279541015625,1886700
2011-08-25,17.193666882240347,17.288746218116454,16.464718758402075,16.5439510345459,2627950
2011-08-26,16.32209681981212,16.987658157933723,15.957622034050928,16.908424377441406,1504250
2011-08-29,17.11443493232015,17.68491554260254,17.082740809452762,17.68491554260254,1440950
2011-08-30,17.49475490374235,17.922616484249172,17.41552110980491,17.82753562927246,1570450
2011-08-31,17.970156603373212,18.287090275752316,17.542295012217203,17.68491554260254,3134650
2011-09-01,17.6690656117319,18.049387468081928,17.367979049682617,17.367979049682617,2816850
2011-09-02,17.019351656241273,17.1778192255394,16.211169773086556,16.353790283203125,3376250
2011-09-06,15.735770227273413,16.24286403551095,15.735770227273413,16.052703857421875,3850800
2011-09-07,16.496409927888287,17.019350763375453,16.21116892261941,16.908424377441406,2889550
2011-09-08,16.71826491915449,17.114432327137965,16.57564441047904,16.79749870300293,2135050
2011-09-09,16.496407861512754,16.734109173214726,16.17947429050193,16.575641632080078,3089000
2011-09-12,16.25871151565878,16.607337762216236,16.10024394085354,16.5439510345459,2094050
2011-09-13,16.6073369526078,16.95596469342843,16.38548417220635,16.559797286987305,3612750
2011-09-14,16.765806369499902,16.876732771939405,16.227018395492788,16.464719772338867,4440800
2011-09-15,16.6231856575939,16.749959119307462,16.163631481067533,16.40133285522461,2552550
2011-09-16,16.4964118769248,16.65487945663224,15.81500339994519,16.005165100097656,5798300
2011-09-19,15.704075395062318,15.973469346262391,15.244521274413728,15.846695899963379,4303500
2011-09-20,16.0051656176296,16.322099276033782,15.783311301117227,15.957624435424805,2985750
2011-09-21,15.957622368692364,15.957622368692364,14.674040840582231,14.721580505371094,3887450
2011-09-22,14.119405792951826,14.436339408427434,13.91339856507801,14.166945457458496,3972250
2011-09-23,14.008479376170756,14.67404072291253,13.945092653207666,14.436339378356934,3450800
2011-09-26,14.563115818860437,14.895896560660201,14.293723324316813,14.40464973449707,3899100
2011-09-27,14.737428283136962,15.339602941126333,14.578960711097054,14.92758846282959,1665200
2011-09-28,14.737428270370312,14.99097517640751,14.07186688639329,14.103559494018555,1441850
2011-09-29,14.48388035837367,14.658193466352854,14.024326245284305,14.372952461242676,2080800
2011-09-30,14.05601900578778,14.29372034975503,13.612311946144397,13.802472114562988,3586950
2011-10-03,13.707392481381257,14.151101091342833,12.899212072273071,12.96259880065918,4454750
2011-10-04,12.835822615075756,13.0893694747178,12.455501569983442,13.0576753616333,5450000
2011-10-05,13.05768059326093,13.295382002855522,12.645666781267128,13.152761459350586,4361450
2011-10-06,13.247837660448774,13.628159523010254,13.041830425678437,13.628159523010254,3655150
2011-10-07,13.786625695956953,13.818319814460484,12.281189825990511,12.56643009185791,3678450
2011-10-10,12.851670694257207,13.786626056971452,12.788283966849061,13.533079147338867,2576550
2011-10-11,13.37461128128459,13.596465578000466,13.089371769802758,13.18445110321045,1953500
2011-10-12,13.200297376302291,13.70739115429675,13.200297376302291,13.517230987548828,2194000
2011-10-13,13.501385620589064,14.230332180553617,13.437997386235255,14.166945457458496,2000550
2011-10-14,14.420491218566895,14.62649689743183,14.293717795607668,14.420491218566895,1676250
2011-10-17,14.357107821265387,14.42049454737712,13.992633012678862,14.008480072021484,1139100
2011-10-18,14.04017179236702,14.468033300032289,13.69154557640865,14.372952461242676,1554400
2011-10-19,14.325414589661289,14.420495440346013,13.691547289292632,13.72323989868164,1419400
2011-10-20,13.802473613941293,14.325414511714754,13.358766506097504,14.30956745147705,2655300
2011-10-21,14.531418702690399,14.975125717149911,14.45218492943657,14.563111305236816,2763900
2011-10-24,14.357107366853809,14.927587883803321,14.357107366853809,14.737427711486816,1334300
2011-10-25,14.658191008800841,14.73742477596496,14.293717795607668,14.420491218566895,1465250
2011-10-26,14.784967256842238,15.577302057364367,14.626499692234333,15.355447769165039,2886750
2011-10-27,15.894235874811105,15.894235874811105,15.006821733393197,15.418834686279297,2683200
2011-10-28,15.196981596827579,15.21282865541603,14.087713187033609,14.166945457458496,4511000
2011-10-31,14.07186688775041,14.166946221894143,13.406305503709198,13.46969223022461,5901100
2011-11-01,12.487196612866022,12.80413023019588,12.011795431241884,12.138568878173828,6418450
2011-11-02,12.47134949375425,13.707391350980743,12.47134949375425,13.580617904663086,5129250
2011-11-03,13.739086703498346,14.341261383279289,13.453845668007682,14.246180534362793,3651700
2011-11-04,14.040171506443361,14.230331668891374,13.786624623179343,14.214486122131348,1860950
2011-11-07,14.1669455123088,14.325413076289488,13.92924567759646,14.087713241577148,1457200
2011-11-08,14.135253658453623,14.341260898087398,13.818320024885805,13.834165573120117,2319200
2011-11-09,13.453843974124371,13.802471694579712,13.311223474335431,13.3587646484375,2425300
2011-11-10,13.564772779515327,13.691546229778753,13.437997817993164,13.437997817993164,1892500
2011-11-11,13.691546297847918,14.166945983069908,13.628159572401069,13.992632865905762,1414700
2011-11-14,13.834166591694633,14.13525469919649,13.72324018959336,13.754934310913086,949350
2011-11-15,13.644003998431135,14.10355809794832,13.61231139394303,13.929244995117188,1644700
2011-11-16,13.580617590048037,14.103558421808346,13.517230868357657,13.691545486450195,1670000
2011-11-17,13.770779497099337,13.976786746467305,12.81997855146892,13.121065139770508,2873000
2011-11-18,13.200297083520336,13.263683804363728,12.77243709564209,12.77243709564209,1505100
2011-11-21,12.534736728983754,12.661510180480375,12.455503699613054,12.56643009185791,1416900
2011-11-22,12.503042338563777,12.613969477321609,12.17026167791959,12.265341758728027,2927900
2011-11-23,12.154414629448823,12.392115194692305,11.99594783782959,11.99594783782959,1375200
2011-11-25,12.043489123403557,12.360423505058268,11.900869369506836,11.900869369506836,574350
2011-11-28,12.392117024399502,12.756591076753294,12.201956090749723,12.550583839416504,2447250
2011-11-29,12.534737796784611,12.693205380284194,12.249497506618354,12.281190872192383,2239050
2011-11-30,12.867518866813693,13.4221539130485,12.7565924620703,13.279533386230469,2753900
2011-12-01,13.200301136765866,13.342921680270802,12.819980694925434,13.152761459350586,1788500
2011-12-02,13.342919597541727,13.533079788779371,13.010138885061133,13.13691234588623,1454100
2011-12-05,13.374609798509073,13.469690632634391,13.010136542088972,13.231990814208984,1425300
2011-12-06,13.92924796417224,14.32541542789871,13.469693766699896,14.262028694152832,3633700
2011-12-07,14.087713354033413,14.166945625397544,13.517231328155976,13.596465110778809,2661400
2011-12-08,13.469691205578037,13.69154548713479,13.041829700702582,13.105217933654785,1749200
2011-12-09,13.200299159429877,13.469693143194476,13.200299159429877,13.42215347290039,1176250
2011-12-12,13.596465924362253,13.691546771450827,12.994291256158059,13.26368522644043,2529200
2011-12-13,13.37461048467322,13.865858715549354,13.311223762423912,13.517230987548828,2505900
2011-12-14,13.453844320190713,13.564772218023583,12.915056423244032,12.978443145751953,1717150
2011-12-15,13.374610900878906,13.818319481690532,13.200297787083512,13.374610900878906,2460200
2011-12-16,13.422152608509194,13.5013863947359,13.041830736872761,13.200298309326172,2274100
2011-12-19,13.216144264140636,13.279530985572013,12.518889572766163,12.598122596740723,1437600
2011-12-20,12.915058033812882,13.231993197134482,12.899212484653889,13.13691234588623,1629550
2011-12-21,13.057677651161022,13.279531947876897,12.930904199111596,13.18445110321045,991000
2011-12-22,13.216144946587098,13.485538904395897,13.136911162891794,13.342918395996094,704150
2011-12-23,13.374608672930165,13.501383611514337,12.883362019857652,12.946748733520508,1645050
2011-12-27,12.915055707963656,13.247836360514379,12.804129327532944,13.231990814208984,1041950
2011-12-28,13.200297764729793,13.200297764729793,12.661509854127154,12.740743637084961,1403150
2011-12-29,12.946748988354528,13.105216531260051,12.772435900165243,13.0576753616333,1066250
2011-12-30,13.025986144407119,13.865860713014358,12.978444962427531,13.754934310913086,2779250
2012-01-03,14.1194074289695,15.070209896824624,14.040173638105097,14.880049705505371,5021450
2012-01-04,14.642345975573699,14.832506136278194,13.913397937243825,13.929244995117188,6093950
2012-01-05,13.247839372966405,13.342920228712343,12.455505205329148,12.693205833435059,7371700
2012-01-06,12.835824581444074,13.168605263518808,12.693204073232227,12.709051132202148,3092700
2012-01-09,12.788284062116157,13.025985425111568,12.518890846439373,12.994291305541992,2776300
2012-01-10,13.216148199657324,13.231995262548784,13.025987978737108,13.152761459350586,1500000
2012-01-11,12.994289869948137,13.469691032158394,12.946750207104701,13.3587646484375,1935250
2012-01-12,13.390456097732658,13.628157413954938,13.27952972358403,13.564770698547363,1648400
2012-01-13,13.390456856073058,13.390456856073058,13.152757037647651,13.231990814208984,1500400
2012-01-17,13.469691799526528,13.469691799526528,12.994290610232671,13.295378684997559,1612350
2012-01-18,13.263686009269525,13.786626920973928,13.20029927788896,13.754934310913086,1537300
2012-01-19,13.77077923022525,14.24618044945673,13.723239561679748,14.151101112365723,2227350
2012-01-20,14.135254889190124,14.214488682295546,13.802474167154479,13.818321228027344,1553100
2012-01-23,13.80247216111122,13.897553001270513,13.659851656501624,13.850011825561523,1033250
2012-01-24,13.675697072695993,13.78662344684462,13.374609041066138,13.564770698547363,1528150
2012-01-25,13.533078586326837,14.087713561599886,13.37461101874633,13.976785659790039,3018100
2012-01-26,14.024327604229914,14.246180397471925,13.739086571480117,13.913399696350098,2728950
2012-01-27,13.786625102541558,14.103558717641391,13.707391320951928,13.850011825561523,2195000
2012-01-30,13.67569811417786,13.960939110863912,13.61231139394303,13.929244995117188,1137250
2012-01-31,14.008480072021484,14.056019738790594,13.517231811211497,14.008480072021484,2028300
2012-02-01,14.119404975989292,14.578959069653347,14.00847859480581,14.45218563079834,3156500
2012-02-02,14.483880432396688,14.737427322119915,14.388799593121142,14.6106538772583,1501900
2012-02-03,14.81666007820247,15.29205970792393,14.68988664210894,14.95927906036377,3094000
2012-02-06,14.832507473609175,15.244521947913007,14.721581081011509,15.22867488861084,2017600
2012-02-07,15.133594512939453,15.21282829273405,15.006821069771556,15.133594512939453,1801300
2012-02-08,15.117746700537596,15.339600970642916,15.022665867275723,15.196980476379395,1747850
2012-02-09,15.212826684542073,15.402986829191537,15.117745856588096,15.292058944702148,1439450
2012-02-10,15.117747028437055,15.561454067012997,15.054360308640492,15.545608520507812,2292100
2012-02-13,15.704074253184512,15.830847690265548,15.52976115501273,15.783308029174805,2498100
2012-02-14,15.704075248729934,15.910082474860902,15.593148862066595,15.830848693847656,3555900
2012-02-15,15.878390063572246,15.941776786906999,15.68822838230929,15.894235610961914,2503500
2012-02-16,15.973471288497192,16.48056513535143,15.941778678698238,16.40133285522461,2721200
2012-02-17,16.46471464836102,16.543946904726315,16.21116628971345,16.385480880737305,2339250
2012-02-21,16.38548369499767,16.52810419896421,16.131936804061013,16.33794403076172,2464550
2012-02-22,16.41717489334066,16.591489499360158,16.19532213841919,16.290401458740234,1832050
2012-02-23,17.44721278811681,18.825875168991995,17.24120555723771,18.540634155273438,7647950
2012-02-24,18.810027055142246,19.28542821425564,18.810027055142246,19.03188133239746,6541850
2012-02-27,19.15865951436156,19.253738862957565,18.55648476530388,18.746644973754883,7162150
2012-02-28,18.730794898052107,18.81002868330578,17.257053141872266,17.46306037902832,6394150
2012-02-29,17.01934977400206,17.01934977400206,15.941775560227835,16.32209587097168,7800600
2012-03-01,16.322097743553183,17.288745688742157,16.08439638862364,17.225358963012695,6815850
2012-03-02,16.908428753778846,17.01935516842351,16.528108322489384,16.734115600585938,3954450
2012-03-05,16.131935736776942,16.25870917385798,15.608994931003023,15.783308029174805,4224400
2012-03-06,15.450526487539282,15.545607315493259,15.165285514935839,15.292058944702148,3025200
2012-03-07,15.37129691939006,16.116092156374684,15.244523454957644,15.60899829864502,3947650
2012-03-08,15.815001736261618,15.862542911927987,15.498068121445902,15.799156188964844,2439100
2012-03-09,15.83084600121072,16.14777956009843,15.81499894545173,16.116086959838867,2299050
2012-03-12,16.116089882513158,16.17947660578597,15.466375591152199,15.577301979064941,1514200
2012-03-13,15.719922307184317,16.00516331432853,15.640688526171072,15.830848693847656,1789750
2012-03-14,15.799157862597326,15.973470991396592,15.339603694618491,15.498069763183594,1970150
2012-03-15,15.593150411452788,16.052704573482,15.40299022488127,15.751616477966309,1491450
2012-03-16,15.830850460167703,16.14778410832374,15.640690271274082,16.005165100097656,1779750
2012-03-19,15.83084884136133,16.11608985116345,15.704075395062318,15.846695899963379,1249200
2012-03-20,15.815003311368365,15.87839155190339,15.561456394263605,15.719923973083496,1318450
2012-03-21,15.78330834193027,15.830848003963041,15.52976146274402,15.545608520507812,1116600
2012-03-22,15.45052719116211,15.656534401728631,15.32375375562249,15.45052719116211,893550
2012-03-23,15.529761277701558,15.529761277701558,15.133593905878858,15.212827682495117,1537700
2012-03-26,15.4029904242963,15.545610943886084,15.260369904706517,15.498069763183594,1801450
2012-03-27,15.498070448035644,15.57730424144892,14.721582597355146,14.784969329833984,3016950
2012-03-28,14.784967467926274,15.181134873843394,14.67404107787227,14.832507133483887,1816900
2012-03-29,14.81666293112627,14.959281940748621,14.357108758986186,14.642348289489746,2923050
2012-03-30,14.76912187809219,14.816663059637508,14.166947179847979,14.293722152709961,2325750
2012-04-02,14.277873326578554,14.515573159875466,14.198639545060022,14.436339378356934,1708650
2012-04-03,14.51557573658195,14.753277123332682,14.325415533936734,14.594809532165527,2104150
2012-04-04,14.404646802509216,14.452186467015887,14.008479405350036,14.166945457458496,1790100
2012-04-05,14.056019885895376,14.262027125729183,13.976786099611791,14.024327278137207,1168000
2012-04-09,13.564772412197012,13.67569880035907,13.327071065945713,13.501385688781738,2392000
2012-04-10,13.438001035101362,13.691549507587412,13.121067333567668,13.152761459350586,1514500
2012-04-11,13.327071012027773,13.850011855902777,13.327071012027773,13.580617904663086,2918750
2012-04-12,13.659852981567383,13.850013169073657,13.580619192291728,13.659852981567383,1264900
2012-04-13,13.59646304603843,13.612310102408225,13.2795294749349,13.311222076416016,1331700
2012-04-16,13.45384599794897,13.564773909615077,13.073525615473681,13.13691234588623,1411150
2012-04-17,13.247838599187897,13.533079638506443,13.105219590787467,13.121065139770508,1870050
2012-04-18,13.121063629149507,13.13691068756693,12.598122791443965,12.66150951385498,3024850
2012-04-19,12.677357581810082,13.089372065921019,12.645664218080732,12.899211883544922,2073350
2012-04-20,12.96259792711508,13.073524316500786,12.740743637084961,12.740743637084961,2154500
2012-04-23,12.613967792988173,12.81997498504646,12.376267244892396,12.582274436950684,3302250
2012-04-24,12.64566220787337,12.724895226786835,12.47134835725691,12.613968849182129,4632300
2012-04-25,12.81997498504646,12.83582204087981,12.439653956967375,12.582274436950684,3627300
2012-04-26,10.791600648987814,11.647322233092265,10.75990728497022,11.219461441040039,10561000
2012-04-27,11.21946024366137,11.235307301793616,10.997606719215167,11.10853385925293,5586950
2012-04-30,10.934221433608782,11.67901588414154,10.854987643802788,11.568089485168457,4904550
2012-05-01,11.504702814313854,11.631476274147158,11.282848503976144,11.29869556427002,4429750
2012-05-02,11.187765169093874,11.282845236433406,11.092685101754341,11.171918869018555,2166950
2012-05-03,11.17192090347566,11.17192090347566,10.759906447678793,10.934220314025879,3075150
2012-05-04,10.902527568833438,10.918373872690289,10.506360149230154,10.538053512573242,3806050
2012-05-07,10.506358299628767,10.728211803973977,10.205271023059927,10.585591316223145,2940950
2012-05-08,10.44297289264603,10.458819195698805,10.110192216614896,10.395432472229004,4041500
2012-05-09,10.20527327386238,13.390459076308616,10.015113085340394,11.88502311706543,16497200
2012-05-10,12.043488532738053,12.043488532738053,11.108534004002877,11.187767028808594,6388550
2012-05-11,11.156073570251465,11.536394655134456,11.092686848709187,11.156073570251465,4147550
2012-05-14,11.013455340875062,11.029302402344301,10.569748198549078,10.664828300476074,2812200
2012-05-15,10.522205269020219,10.66482576582968,10.078498232147478,10.221117973327637,2375550
2012-05-16,10.252812865732574,10.807447878176342,10.173579832261618,10.347893714904785,4564950
2012-05-17,10.347893718273843,10.522206845344348,9.983419648426416,10.094346046447754,2782550
2012-05-18,10.141885610062241,10.284505360500576,9.95172543905823,10.126038551330566,2525150
2012-05-21,10.126038647751905,10.284505458430855,10.078498982362898,10.157732009887695,1354650
2012-05-22,10.173579216003418,10.553899567136938,10.094345431702585,10.173579216003418,2007200
2012-05-23,10.09434443636238,10.236964931789219,9.935877639015501,10.189424514770508,2268000
2012-05-24,10.126037943244674,10.252811382967721,10.01511156130166,10.20527172088623,2041600
2012-05-25,10.189426933186185,10.474667991740573,10.141887260513435,10.332047462463379,1309100
2012-05-29,10.411279530911129,10.458819195698805,10.316199445706426,10.395432472229004,1847800
2012-05-30,10.316201141129401,10.332047446786449,9.904186615233538,10.030960083007812,1635400
2012-05-31,10.04680567056256,10.347892990175719,9.761564654282006,10.141885757446289,3406950
2012-06-01,9.72987113714342,9.951725425304165,9.66648441356302,9.809104919433594,2075100
2012-06-04,9.809105247700826,9.904185336253333,9.539711285654036,9.634791374206543,1515350
2012-06-05,9.634792693348912,9.920033753689431,9.634792693348912,9.761566162109375,2063900
2012-06-06,9.82495131912512,10.03095855060181,9.793257957023272,9.840798377990723,2063350
2012-06-07,9.983418982802768,10.284505547897291,9.79325805270443,9.872491836547852,3458250
2012-06-08,9.824951027406723,9.951725227679344,9.634790860441793,9.745718002319336,3060300
2012-06-11,9.856645505942652,9.951726355833065,9.460478068707138,9.508018493652344,2004350
2012-06-12,9.555557349982724,9.698177090147428,9.492169875251495,9.587250709533691,3611350
2012-06-13,9.555558439245939,9.634791469340689,9.302010778306343,9.3495512008667,3066250
2012-06-14,9.333701720156864,9.349548775442459,9.096001180277213,9.191082000732422,3348000
2012-06-15,9.08015668797626,9.476324081420898,9.08015668797626,9.476324081420898,2998400
2012-06-18,9.38124284779108,9.460475863390648,8.953382145539829,9.143542289733887,2818050
2012-06-19,9.111851477243167,9.428785139417235,9.096004416319737,9.365398406982422,2122050
2012-06-20,9.381243997669705,9.508017442671296,9.19108383016732,9.476324081420898,2560400
2012-06-21,9.492170187979815,9.52386430420427,9.302010024409011,9.41293716430664,3213900
2012-06-22,9.476324653521806,9.508018016685583,9.3495512008667,9.3495512008667,4439500
2012-06-25,9.222779038525468,9.333705447303167,8.95338503612908,9.175238609313965,1853400
2012-06-26,9.080157574147082,9.191084727163988,8.763223930712217,8.858304023742676,2748550
2012-06-27,8.937538380275688,9.159392719162149,8.905845011238982,8.985078811645508,6059550
2012-06-28,8.90584424881517,9.222778667679187,8.90584424881517,9.04846477508545,6058550
2012-06-29,9.33370307749666,9.824950528351295,9.175236279741826,9.587250709533691,3870450
2012-07-02,9.618944718024645,10.094345143361934,9.618944718024645,10.078498840332031,2968450
2012-07-03,10.06265193869457,10.506359764895853,9.967571852143442,10.411279678344727,2151150
2012-07-05,10.363738369666722,10.395431729136098,9.951724696564836,10.189424514770508,2863550
2012-07-06,10.015112258091317,10.236965793041849,9.904185112801374,10.157732009887695,2416900
2012-07-09,10.062652545218414,10.126039273406452,9.872492360654304,10.01511287689209,1904500
2012-07-10,10.06265141667865,10.538052580401457,10.01511175368396,10.268658638000488,2808700
2012-07-11,10.252812958626816,10.538053997469008,10.221119593825398,10.379587173461914,2452400
2012-07-12,10.141885794860244,10.141885794860244,9.72987132788144,9.872491836547852,2697300
2012-07-13,9.888338571323157,10.046806145923233,9.824951843734885,9.983419418334961,2099550
2012-07-16,9.90418497322702,10.189425228429393,9.714024803092103,10.078498840332031,2268850
2012-07-17,10.17357908415223,10.49051270598932,10.110192359784811,10.411279678344727,2369300
2012-07-18,10.379587173461914,10.633134091873266,10.284506323428236,10.379587173461914,2369600
2012-07-19,10.411280538263332,10.538053997469008,10.316200443859076,10.379587173461914,1589800
2012-07-20,10.284505458430855,10.363739241585009,10.110192344498689,10.157732009887695,1980600
2012-07-23,9.920033163597848,10.046806624817213,9.698178850834529,9.888339042663574,2138300
2012-07-24,10.236966837853222,10.633134282799155,10.236966837853222,10.442974090576172,3156150
2012-07-25,10.442973471723846,10.506360198708533,9.935878900216965,9.951725959777832,4210100
2012-07-26,11.441314356949443,13.865859215025022,11.40962099468313,13.612312316894531,16323650
2012-07-27,13.865858638669994,14.515572915937717,13.43799713241545,14.32541275024414,10692100
2012-07-30,14.325413792430485,14.499726912516365,13.628159800828197,14.103559494018555,4451650
2012-07-31,14.119406076356105,14.341260367271428,13.437997655962326,13.881706237792969,4855400
2012-08-01,13.992633924188274,14.293722026276576,13.881707524081456,13.960941314697266,2721600
2012-08-02,13.818320560118694,13.929246958349312,13.501386914274905,13.659852981567383,2292400
2012-08-03,13.85001335875537,13.913400088792237,13.659853168644775,13.72323989868164,2087900
2012-08-06,13.802471554647523,13.992631715352019,13.691545172051223,13.929244995117188,2168750
2012-08-07,13.675699424813432,14.056019782671116,13.53307891280211,13.739086151123047,3271400
2012-08-08,13.65985245247251,14.087713991233144,13.612312785252032,13.834165573120117,3395150
2012-08-09,13.72323951160317,14.151101060727864,13.675699843231142,13.913399696350098,2463650
2012-08-10,13.818320674178997,14.30956745147705,13.770779493465886,14.30956745147705,3177350
2012-08-13,14.277873280346844,14.832506726663297,14.135252776327027,14.388799667358398,3420650
2012-08-14,14.515573795320009,14.594807580307137,14.230332773869845,14.54726791381836,2622250
2012-08-15,14.499727773658815,15.561456639189991,14.45218810376814,15.513916969299316,3782950
2012-08-16,15.49806958793874,15.49806958793874,14.65819505138995,15.117749214172363,4731350
2012-08-17,15.212828712927978,16.052703174928148,15.165287536982893,15.894235610961914,5223450
2012-08-20,15.846696321992788,16.116090280367363,15.387142189105347,15.704075813293457,3262350
2012-08-21,15.83084945980172,16.131937539968053,15.83084945980172,16.084396362304688,3148250
2012-08-22,15.910084024945045,15.973470753679534,15.070209491398355,15.3871431350708,4986000
2012-08-23,15.387143281037865,15.608997589342566,15.165288972733165,15.402990341186523,2822900
2012-08-24,15.3237568189577,15.67238459201427,15.101902506783725,15.561456680297852,2511700
2012-08-27,15.608994741215914,15.624840287214447,15.339600812879583,15.45052719116211,2376850
2012-08-28,15.35544882630477,15.62484279792931,15.292062098349513,15.323756217956543,5255600
2012-08-29,15.371293267887905,15.513913759309125,15.181133116412461,15.434679985046387,1734250
2012-08-30,15.355445659585303,15.402986829191537,15.133592913123508,15.292058944702148,1938150
2012-08-31,15.402989138626586,15.57730225287614,15.212828965465606,15.418834686279297,2136450
2012-09-04,15.371294149419814,15.799155648221001,15.27621482385864,15.656535148620605,2522800
2012-09-05,15.640687893688403,15.767461333679625,15.498067395883625,15.593148231506348,2192350
2012-09-06,15.767461658610655,16.25870988214409,15.704074937308791,15.941776275634766,4139500
2012-09-07,15.561454844409045,16.147782409632786,15.339602069667388,15.799156188964844,3765000
2012-09-10,15.73576944864071,16.00516339875152,15.4663754985299,15.482222557067871,2131100
2012-09-11,15.561454436564933,16.00516299693663,15.482222168381584,15.941776275634766,2017700
2012-09-12,16.036855964330428,16.543949746203744,15.989316300094474,16.33794403076172,2317650
2012-09-13,16.116087482567846,16.718262019615374,15.989314054900836,16.60733413696289,2039000
2012-09-14,16.67072435426856,17.11443140412774,16.67072435426856,16.84503746032715,2100050
2012-09-17,16.82919139983383,16.94011779105994,16.639031224335334,16.892578125,3084900
2012-09-18,16.829189893403186,17.019350051879883,16.401329914645263,17.019350051879883,3555400
2012-09-19,16.924271914837508,18.01769328055334,16.924271914837508,17.906766891479492,8044400
2012-09-20,17.669065668193685,18.176160974527917,17.146124814207383,17.732452392578125,6017450
2012-09-21,18.350472795774007,19.77667474956134,18.017692138389148,18.429706573486328,10619500
2012-09-24,18.30293282655402,18.88926035377371,18.065231497405332,18.66740608215332,3696750
2012-09-25,18.73079158258724,18.76248569558216,18.255391977731342,18.287084579467773,2975350
2012-09-26,18.23955014874001,18.31878394267745,17.558141636640517,17.82753562927246,3960250
2012-09-27,17.986002844002225,19.57067264483911,17.95430872258122,18.936803817749023,5598500
2012-09-28,18.936800735306832,18.936800735306832,18.54063334958385,18.556480407714844,3556450
2012-10-01,18.61986725383862,18.746640697219384,18.144466085531437,18.255393981933594,3467900
2012-10-02,18.39801298954855,22.99355560581665,18.192005766046933,21.503965377807617,18847250
2012-10-03,20.7908660868605,20.99687332727158,19.0160362209252,19.3963565826416,33407900
2012-10-04,19.095271227306124,20.29962062760504,17.367980918425097,20.109458923339844,42137250
2012-10-05,20.204539587889045,20.901793622438767,19.982685275811974,20.046072006225586,18926750
2012-10-08,20.061915759872647,20.58485657740422,19.66574838227245,19.871755599975586,12516350
2012-10-09,19.950992207914947,19.982684816764273,19.7132908408803,19.82421875,5476950
2012-10-10,19.53897807568056,19.808372056550354,17.47890707954755,19.079423904418945,12768300
2012-10-11,17.431367445213912,19.824219157213584,17.304593984694883,18.445556640625,31606600
2012-10-12,18.635714165042476,18.873413991691322,18.223699721676414,18.82587432861328,5191650
2012-10-15,18.588174830803393,18.699102737311417,17.779994433438002,17.954307556152344,11653700
2012-10-16,17.98600124594032,18.429708327598647,17.383826593774646,17.46306037902832,10506200
2012-10-17,17.58983415741419,17.6532208845419,17.11443294832701,17.35213279724121,8535750
2012-10-18,17.36797891573664,18.049387328880766,17.193665803395476,17.669065475463867,9819550
2012-10-19,17.669066730726204,17.82753430684614,17.3679801496089,17.383827209472656,5904100
2012-10-22,17.41552056410821,17.637374877929688,17.336286772653477,17.637374877929688,4159000
2012-10-23,17.35213314221406,17.589834507112716,16.940118652063443,17.11443328857422,5524000
2012-10-24,16.987657644285164,17.39967057012176,16.940116470672056,17.08273696899414,2066600
2012-10-25,17.2095141754024,17.2095141754024,16.908427566259046,16.987661361694336,3280200
2012-10-26,16.92427296609177,17.06689348162202,16.68657160312176,16.781652450561523,1850250
2012-10-31,16.81334298484636,16.81334298484636,15.925928904083918,16.179475784301758,5343850
2012-11-01,16.163631560767975,16.51225933782873,16.1160918902057,16.49641227722168,3878350
2012-11-02,16.464716477780303,16.591489915560864,16.10024171071725,16.147781372070312,1902850
2012-11-05,16.08439526511998,16.2904024871657,15.815001321772392,15.941776275634766,2577950
2012-11-06,16.036854991826967,16.306248924925306,15.957621215399469,16.147781372070312,2708300
2012-11-07,15.941776771327609,16.05270315924035,15.561454920432066,15.577301979064941,3025850
2012-11-08,16.021009678036393,16.22701691466654,15.751615715616879,15.81500244140625,3265750
2012-11-09,15.624843291775157,16.290404711970783,15.529763952466553,16.100244522094727,2233250
2012-11-12,16.131939187681887,16.147784737262725,15.783311405502147,15.925931930541992,1359100
2012-11-13,15.751616751692529,16.43302523219254,15.719924142342611,16.100244522094727,4257250
2012-11-14,16.14777956009843,16.401327918467015,16.005160592042774,16.116086959838867,2513500
2012-11-15,16.116090214925688,16.559797286987305,15.910082982225255,16.559797286987305,3512950
2012-11-16,16.559798098447082,17.2095124350463,16.369637915388196,17.05104637145996,6299000
2012-11-19,18.001846490747994,18.06523321563145,17.035198558460582,17.431365966796875,12208800
2012-11-20,17.383828605995326,17.431368278146863,16.67072747868656,16.686573028564453,4337250
2012-11-21,16.70242147568229,16.813347890326952,16.496414197585732,16.734115600585938,2338000
2012-11-23,16.845037655299286,16.987658157933723,16.79749799150736,16.908424377441406,559100
2012-11-26,16.76580409663803,16.9084246011595,16.512257204714825,16.702417373657227,1684050
2012-11-27,16.67072476779617,16.924271659719373,16.639030650676425,16.702417373657227,1396800
2012-11-28,16.60733878493585,16.6548799670604,16.306252187774817,16.464719772338867,2792250
2012-11-29,16.543947811805527,16.607334527128213,16.036854089224057,16.06854820251465,4525350
2012-11-30,16.100244074344232,16.971812720481832,16.100244074344232,16.876731872558594,9663150
2012-12-03,16.924272115538713,17.272898345693285,16.78165160717606,17.066892623901367,2333950
2012-12-04,15.87838886261487,16.036854903336877,15.688227195734738,15.783308029174805,8809950
2012-12-05,15.783310790759009,16.179478228768765,15.688229940682778,16.005165100097656,5255250
2012-12-06,16.131938768274715,16.44887242053516,16.021010856539412,16.433025360107422,3973050
2012-12-07,16.496408358672575,16.95596242830268,16.464715756245596,16.67072296142578,4359500
2012-12-10,16.6548818844982,16.670728947030817,16.06855417212288,16.227020263671875,4453300
2012-12-11,16.195324265593793,16.29040359840303,15.751615674954857,16.084396362304688,6353250
2012-12-12,16.131938469008148,16.19532519828434,15.624843123539794,15.719923973083496,5368050
2012-12-13,15.704075248729934,16.100242642537484,15.51391508105335,15.830848693847656,4039000
2012-12-14,15.76746434466241,16.163631798102465,15.75161728382267,15.925931930541992,1764150
2012-12-17,15.973469197419762,16.02100886152424,15.482222475403256,15.830848693847656,2486000
2012-12-18,15.815000632815774,15.846694747715322,15.545608212462506,15.783308029174805,4158500
2012-12-19,15.799155086624578,15.894234408806065,15.688227195734738,15.783308029174805,2731700
2012-12-20,15.846696559930312,15.989317070771085,15.688228989827508,15.81500244140625,2671600
2012-12-21,15.73576993134163,15.73576993134163,15.482223031991143,15.704075813293457,3460650
2012-12-24,15.260370048203907,15.719924220504053,15.260370048203907,15.513916969299316,1150200
2012-12-26,15.577301979064941,15.704075425610558,15.40298886787939,15.577301979064941,1516650
2012-12-27,15.57730136981387,15.704074811401194,15.51391464902021,15.656535148620605,2034450
2012-12-28,15.57730112477679,15.656534902337146,15.466374742947457,15.545608520507812,1199550
2012-12-31,15.498069562537617,15.783310598024308,15.498069562537617,15.751616477966309,2041950
2013-01-02,15.84669812874348,15.862545189574359,15.276217540161918,15.371296882629395,4800250
2013-01-03,15.402988852201293,15.418834399559348,15.1019007835179,15.260368347167969,4222300
2013-01-04,15.260368630941171,15.498068469577717,15.133595182167184,15.418834686279297,3458850
2013-01-07,15.165288220833686,15.212829398922555,14.911741316061438,15.149442672729492,2985100
2013-01-08,15.070210381618212,15.086057442552649,14.48388272837423,14.784969329833984,4393500
2013-01-09,14.848355584656066,15.212830418128778,14.81666297506562,14.880049705505371,9524000
2013-01-10,14.975127615570342,15.593149311787567,14.959280556658914,15.418834686279297,7235150
2013-01-11,15.40299025012656,15.624843045860867,15.10190215411739,15.117749214172363,3797000
2013-01-14,15.529762681916802,15.529762681916802,15.038514431483762,15.070208549499512,3952550
2013-01-15,14.95928182154385,15.212830251789379,14.705734902557168,15.181136131286621,3359850
2013-01-16,15.070210381618212,15.101902992228176,14.689889986745182,14.784969329833984,2043000
2013-01-17,14.848355480393524,15.022668610064127,14.753276141030959,14.911742210388184,3424350
2013-01-18,14.848355335056501,15.054362583337442,14.816662725998807,14.895895004272461,1587300
2013-01-22,14.911741403373846,15.038514856502264,14.721581223681216,14.92758846282959,1942350
2013-01-23,14.927589027289175,15.165288883078453,14.927589027289175,15.117749214172363,1689400
2013-01-24,15.117748123255756,15.989316717020955,15.054361398868764,15.418834686279297,6297400
2013-01-25,15.45052986380529,15.529763652538108,15.244522617603495,15.3871431350708,1611900
2013-01-28,15.387142519065675,15.561455638292406,15.181135281111123,15.466376304626465,2319450
2013-01-29,15.545608023446103,15.545608023446103,15.355446358878115,15.45052719116211,1387250
2013-01-30,15.513914550245334,15.957621592975944,15.482221945679601,15.688227653503418,5873100
2013-01-31,15.640688717622897,16.005163510241754,15.593149052936504,15.894235610961914,3508250
2013-02-01,16.005163019862454,16.005163019862454,15.608995633343667,15.672382354736328,2688700
2013-02-04,15.561454212723245,15.846695210107946,15.529761608157512,15.688227653503418,3297000
2013-02-05,15.767463890394728,15.846697681051758,15.466377299408641,15.513916969299316,1479800
2013-02-06,15.450530675524892,15.608998261315888,15.355449821798516,15.371296882629395,1955150
2013-02-07,15.339603694618491,15.498069763183594,15.21283023526287,15.498069763183594,2661250
2013-02-08,15.5931483285476,15.846695210107946,15.5931483285476,15.688227653503418,1648300
2013-02-11,15.70407700090529,16.211170837954946,15.62484321105157,16.005165100097656,3781500
2013-02-12,16.00516408871657,16.147783087930428,15.925930303869706,16.084396362304688,2147750
2013-02-13,16.10024051230758,16.337941823896948,16.03685379813544,16.30624771118164,2077400
2013-02-14,16.227020263671875,16.33794819014114,16.17948058733308,16.227020263671875,1830500
2013-02-15,16.40133285522461,16.575645987266036,16.29040494278109,16.40133285522461,3655500
2013-02-19,16.464717279578718,16.464717279578718,16.163629216743566,16.27455711364746,3131750
2013-02-20,16.322099424587574,16.512259621360805,15.894237848403622,15.973471641540527,2648850
2013-02-21,15.894237848403622,16.03685837379827,15.70407765163039,15.973471641540527,1740800
2013-02-22,16.00516505294287,16.08439733130431,15.751616623906209,15.767463684082031,4264700
2013-02-25,15.86254372117166,15.98931717356542,15.450529245262555,15.466376304626465,3476800
2013-02-26,15.244520385040694,15.624840701749651,15.244520385040694,15.307907104492188,3193350
2013-02-27,15.29206051512172,15.830848402588654,15.29206051512172,15.672382354736328,2424600
2013-02-28,15.672383735251719,15.719923402669124,15.529763221740723,15.529763221740723,1437650
2013-03-01,15.561454067012997,15.704074564369915,15.418833569656078,15.545608520507812,2515350
2013-03-04,15.62483968399736,16.11608786119204,15.371292822706625,16.06854820251465,3668950
2013-03-05,16.19532352679518,16.35378957800125,16.005163358592686,16.33794403076172,2373550
2013-03-06,16.36963563165101,16.51225612686281,16.211168078913776,16.41717529296875,3996750
2013-03-07,16.49641141950103,16.90842590630868,16.211170388440532,16.781652450561523,5204150
2013-03-08,16.860885580250866,17.225358873486282,16.73411212945083,17.130279541015625,6833350
2013-03-11,17.098586530634446,17.13028065101753,16.559798574192733,16.6390323638916,2764250
2013-03-12,16.591495438670666,16.63903511584912,16.163633810287326,16.25871467590332,3618250
2013-03-13,16.227017898177458,16.274559078844995,15.910084250021423,16.005165100097656,3603450
2013-03-14,16.03685379813544,16.36963442535378,15.95762002760565,16.30624771118164,3390400
2013-03-15,16.258711430533435,16.749958189591837,16.211170251585493,16.448871612548828,5380450
2013-03-18,16.22701564339549,16.480562526689383,16.19532303861307,16.242862701416016,1869950
2013-03-19,16.242861004704096,16.670722459012563,16.17947429050193,16.575641632080078,3029400
2013-03-20,16.464722273248025,16.908429461661836,16.464722273248025,16.749961853027344,3125550
2013-03-21,16.68656790706939,16.908422161115887,16.591488591948366,16.60733413696289,2712150
2013-03-22,16.702417373657227,16.86088493673857,16.512257204714825,16.702417373657227,1876800
2013-03-25,16.702417860133053,16.845038368808503,16.528104744673467,16.79749870300293,1974500
2013-03-26,16.845037655299286,16.908424377441406,16.5914907667308,16.908424377441406,1920900
2013-03-27,16.89258028956635,16.90842735070317,16.59149368426138,16.686573028564453,1880650
2013-03-28,17.035199770278222,17.494753936188864,16.955965980722837,17.272899627685547,9693450
2013-04-01,17.320438968373978,17.51059913635254,17.16197140609584,17.51059913635254,2912000
2013-04-02,17.558139712325726,17.70076022353059,17.257053141872266,17.46306037902832,4470050
2013-04-03,17.47890543918624,17.542292163368128,17.288745266640582,17.367979049682617,2822200
2013-04-04,17.62152671813965,18.04938825854948,17.352132750753924,17.62152671813965,8756800
2013-04-05,17.463061317805973,17.93846103236701,17.39967307718841,17.77999496459961,3845250
2013-04-08,17.779992448506103,17.87507177345985,17.558138171516323,17.85922622680664,2108250
2013-04-09,17.87507290025779,17.89091995916858,17.589833396157175,17.732452392578125,3831050
2013-04-10,17.79583669755021,18.69909928629985,17.79583669755021,18.31877899169922,11706950
2013-04-11,18.176160028258753,18.350473133426366,17.84337936475066,17.9226131439209,21474250
2013-04-12,17.90676625700717,18.493093810457857,17.241204923628842,18.255393981933594,18435200
2013-04-15,17.57398585901206,17.922613589268757,17.28874485141488,17.51059913635254,9245350
2013-04-16,17.60567846471248,17.922613589268757,17.51059913635254,17.51059913635254,8592700
2013-04-17,17.589833830930697,17.748299890179293,17.24120608256978,17.46306037902832,7395550
2013-04-18,17.510599612861945,17.87507290025779,17.478905495040365,17.732452392578125,4674150
2013-04-19,17.843381018121647,17.859228077675816,17.558139991181758,17.62152671813965,3005550
2013-04-22,17.653222421642514,18.112776611147357,17.605681238713146,18.0969295501709,4282650
2013-04-23,18.096924148297642,18.556478200627087,17.954303664599117,18.524784088134766,6017150
2013-04-24,18.540635734482112,18.683256253489173,18.287088816806826,18.65156364440918,10269200
2013-04-25,18.79418329387228,19.11111846304677,18.524789306829298,18.936803817749023,11929150
2013-04-26,18.936801820118703,18.936801820118703,18.572328529778524,18.84172248840332,5334250
2013-04-29,18.778337744420668,19.000190549332142,18.699103952127047,18.936803817749023,6944450
2013-04-30,18.857566736662253,19.000187235665727,18.30293330985373,18.762487411499023,40564900
2013-05-01,15.53977575145724,16.247433012952992,15.310265436160174,15.797975540161133,11345200
2013-05-02,15.970111391340053,17.213292928827585,15.826665824410902,16.94552993774414,13535900
2013-05-03,16.97421907697405,17.213292585100447,16.668205278410042,16.735145568847656,9680300
2013-05-06,16.907278820973506,17.060285720567155,16.180495135910604,16.86902618408203,8291000
2013-05-07,16.830771489562025,17.213288650327723,16.639511997186325,17.127222061157227,5099500
2013-05-08,17.18460297121285,17.63406233027728,16.84990152167904,16.993345260620117,7033300
2013-05-09,17.127220999565,17.58624156403248,17.06984388500296,17.481050491333008,4897600
2013-05-10,17.49061785472319,17.85400876633554,17.308921486924003,17.825319290161133,3346500
2013-05-13,18.16958778990414,18.57123138242989,18.05483169604554,18.09308433532715,6568900
2013-05-14,18.121771637522524,18.303466180321532,17.854008666680706,18.15045928955078,3213600
2013-05-15,18.265217426713882,18.494727788718254,18.15046133371858,18.418224334716797,3851800
2013-05-16,18.3799684111889,18.982434599776518,18.293901812819243,18.82942771911621,7410600
2013-05-17,18.724235445529636,19.173692944854338,18.379969040268016,19.049375534057617,5115500
2013-05-20,19.36495414698736,19.68053110457141,19.14500695739553,19.63271713256836,5891800
2013-05-21,19.690091982101222,20.292556349862863,19.632714857549136,19.948291778564453,6942500
2013-05-22,19.862227777936116,20.024797838754516,19.1736948973,19.183258056640625,5627100
2013-05-23,18.418222891826332,19.594464088946413,18.379970255829218,19.48927116394043,5628600
2013-05-24,19.5083943831784,19.718780199772176,19.336261196505593,19.642276763916016,2576700
2013-05-28,19.57533325416006,19.910036445961502,19.556208764560342,19.661399841308594,3221800
2013-05-29,19.718782814055764,20.14911401380459,19.537086445813713,20.063047409057617,5338200
2013-05-30,20.120425514170712,20.67507593029974,20.053483405753216,20.42643928527832,5131100
2013-05-31,20.474253276183155,20.91414944063749,20.474253276183155,20.493379592895508,4035300
2013-06-03,20.808959025367063,20.91415195595044,19.8239754840499,19.919605255126953,6642800
2013-06-04,19.833538358118634,20.072611870377518,19.41276846582688,19.91004180908203,7073400
2013-06-05,19.91004083179559,19.938730308493444,19.43189383074772,19.47970962524414,5535300
2013-06-06,19.470148705084902,19.88135546510571,19.422332905090467,19.757036209106445,3957800
2013-06-07,19.84309985064323,21.009777835829226,19.766596406106217,20.378623962402344,6636300
2013-06-10,20.483817710283592,20.7515806889751,20.168240760819273,20.273433685302734,3079700
2013-06-11,20.02479792120574,20.73245529945072,20.015234761825734,20.502944946289062,3540900
2013-06-12,20.56031811173553,20.5985707418752,20.302118330250167,20.36905860900879,3158400
2013-06-13,20.129988646368943,21.028905547270593,20.034360702346607,20.885461807250977,4448900
2013-06-14,20.598571801425987,21.966070567516244,20.560319169318678,21.19147300720215,5845600
2013-06-17,21.19147362957525,21.631369791799173,21.162784154652186,21.344480514526367,3114200
2013-06-18,21.478365515984812,21.61224793593976,21.27754462203188,21.49749183654785,2651500
2013-06-19,21.44967282761276,21.554865742047728,21.258413314819336,21.258413314819336,4698900
2013-06-20,21.277541889301578,21.97563608431751,20.65595114272594,21.92782211303711,7574400
2013-06-21,21.975632989222373,22.272085406163338,21.40185629473907,21.8226261138916,6897400
2013-06-24,20.914152779820135,21.37317351028876,20.751582709780884,21.267980575561523,5754500
2013-06-25,21.373174082660466,22.09039467721963,21.344484602243032,22.013891220092773,3668700
2013-06-26,22.090392709002984,22.778923761797767,22.090392709002984,22.60679054260254,5379100
2013-06-27,22.692853834587925,23.553517980751984,22.539846956335907,23.477014541625977,5242800
2013-06-28,23.429203960612213,23.926477298757387,23.257070741716873,23.72565460205078,7096800
2013-07-01,23.668275838001126,23.783031917345273,22.558974974947024,22.683292388916016,6737800
2013-07-02,22.73110613351402,22.759793782775315,22.166892594221284,22.348588943481445,4943100
2013-07-03,21.74612709039961,22.339030220647135,21.74612709039961,22.042577743530273,2888500
2013-07-05,22.28164735627634,22.511159499607476,22.13820363468379,22.434654235839844,2106900
2013-07-08,22.444219550485258,22.549412474287905,22.13820576195326,22.310338973999023,2188300
2013-07-09,22.42509514691407,23.630023988110075,22.30077590483149,23.03712272644043,6710200
2013-07-10,23.0371242180098,23.563085225221055,22.912804967878003,23.35270118713379,6702400
2013-07-11,23.438765561343697,23.955163359706198,23.42920240270917,23.869096755981445,4724300
2013-07-12,23.8690962641292,23.897785739441602,23.448328236796424,23.849971771240234,3315800
2013-07-15,24.481127202878373,24.59588146349967,23.83084697940407,24.23249053955078,5596800
2013-07-16,24.184674448498367,24.222925257357414,23.151875249515218,23.30488395690918,3532100
2013-07-17,23.47701509267998,23.945600720309553,23.161438170879723,23.429201126098633,3006500
2013-07-18,23.543956646848866,23.66827405143393,23.32400766337396,23.477014541625977,1625000
2013-07-19,23.51526746168984,23.716088307864776,23.352697423554275,23.4865779876709,2187700
2013-07-22,23.467459775886127,23.639591194107055,23.352703673085802,23.438770294189453,893400
2013-07-23,23.524832635057965,23.610899240502192,22.912803238122788,23.161439895629883,2305300
2013-07-24,23.199694154407588,23.42920451032426,22.94149432000652,23.151878356933594,2114700
2013-07-25,23.11362549812785,23.36226215103777,23.09449918083031,23.343135833740234,896800
2013-07-26,23.199693087611948,23.448329751085115,23.056249349758296,23.11362648010254,1281300
2013-07-29,23.11362777110281,23.180568064241026,22.788487641014747,22.893680572509766,2116100
2013-07-30,23.056250027332144,23.37182698947874,22.702420427841165,22.740673065185547,2963700
2013-07-31,22.836298716519032,23.16143880533928,22.711981305610564,23.05624771118164,2415900
2013-08-01,23.237941717438726,23.285757508223348,23.00843139363029,23.171001434326172,1334200
2013-08-02,23.21882122226732,23.658715629298857,23.104065128614703,23.639589309692383,2149900
2013-08-05,23.58221359079008,23.69696969133292,23.333576892935874,23.620466232299805,2187200
2013-08-06,23.438765404041366,23.735216023778186,22.884114974863124,23.008432388305664,5838000
2013-08-07,23.142317264463962,23.151878600073005,22.520724658677278,22.960620880126953,3746900
2013-08-08,24.61500789727157,24.61500789727157,23.477017500843793,23.907350540161133,6393900
2013-08-09,24.069921223029457,24.768015439208067,24.03166858565664,24.12729835510254,4514900
2013-08-12,24.47156640401436,24.57675933971773,23.869100093695767,23.916915893554688,3225500
2013-08-13,23.907352733582904,24.175115740834087,23.3718285430668,23.916915893554688,4136000
2013-08-14,23.821286423290065,23.869100399775856,23.190132448948916,23.333576202392578,3995500
2013-08-15,23.151876428870484,23.257069350566756,22.836299487767693,23.084936141967773,2175500
2013-08-16,22.9988710877025,23.084937697802545,22.71198360335978,22.807613372802734,2604700
2013-08-19,22.616352762531022,22.711982527443787,22.099954950379786,22.310338973999023,4324100
2013-08-20,22.224272974509688,22.625916538915902,22.13820636613792,22.463346481323242,1781900
2013-08-21,22.721546545418374,23.12319011404898,22.2051468897564,22.2720890045166,2175100
2013-08-22,22.520721746326654,22.845861834573054,22.47290777851993,22.597225189208984,1518200
2013-08-23,22.788488114891642,22.941495023528184,22.64504436604316,22.84586524963379,2156100
2013-08-26,22.922363223064323,23.00842981659157,22.71197922998983,22.788482666015625,1093500
2013-08-27,22.568538090867154,22.69285550460099,22.386841725576783,22.54941177368164,1768700
2013-08-28,22.415530404161704,22.587663604737518,21.94694659369751,22.12864112854004,2686200
2013-08-29,22.15732958623344,22.472906498141526,22.03301218262728,22.22426986694336,1808100
2013-08-30,22.291213229545487,22.47290960515433,22.1860221270234,22.329465866088867,1211600
2013-09-03,22.51116229686567,23.285759948906374,22.492035978547108,22.989309310913086,4321900
2013-09-04,22.951056070477772,23.56308364868164,22.893678941017676,23.56308364868164,4552500
2013-09-05,23.649152443375677,23.792596192293345,23.23794569222179,23.505708694458008,2838200
2013-09-06,23.79259289059943,23.91691212666622,23.438765147302206,23.4578914642334,2719400
2013-09-09,23.43876899294427,23.792596794294674,23.4005163528057,23.658716201782227,2315600
2013-09-10,23.72565000729223,24.21336009171604,23.72565000729223,24.155982971191406,2398900
2013-09-11,24.155985259591063,24.45243587170243,24.02210469102192,24.43330955505371,1725400
2013-09-12,24.509811898663436,24.61500481152869,24.22292445774022,24.32811737060547,2880400
2013-09-13,24.299430488494163,24.519377671592093,23.429203091031862,23.630023956298828,3900800
2013-09-16,23.84997188657006,24.002978774337496,23.54395811103519,23.591772079467773,2289000
2013-09-17,23.649149419941015,24.050792959953952,23.496142530791897,23.99341583251953,2747600
2013-09-18,23.993415099895007,24.213362268332663,23.916911657656435,24.098608016967773,2765000
2013-09-19,24.232490381412514,24.232490381412514,23.75434337597657,23.9647274017334,3359000
2013-09-20,23.974289965536677,24.01254260053521,23.620462211730377,23.878660202026367,2944600
2013-09-23,23.926474637230847,24.012541237104664,23.591771395942214,23.83084487915039,1899900
2013-09-24,24.041228105696387,24.73932404018505,23.916910701025888,24.32811737060547,6312200
2013-09-25,24.385498818840713,25.332229730576184,24.385498818840713,24.940149307250977,5705400
2013-09-26,25.016655817835037,25.494802911943484,24.85408573287871,24.978404998779297,3319600
2013-09-27,24.8158315953976,24.959275339651253,24.481128309481637,24.930585861206055,2401800
2013-09-30,24.681946421511505,25.016649669930537,24.52893953491754,24.83495330810547,1668200
2013-10-01,25.198349584887165,25.552177376032994,25.14097245032037,25.28441619873047,2643900
2013-10-02,25.188783525594356,25.494797306706335,24.911457396470368,25.446983337402344,2567600
2013-10-03,25.284415354441027,25.599992320000084,25.18878558403213,25.32266616821289,3328300
2013-10-04,25.293979548624627,25.561740727939917,25.188786614472914,25.22703742980957,2289100
2013-10-07,25.179219215825192,25.198345532266803,24.806265165143454,24.815828323364258,1484700
2013-10-08,24.854083129450796,25.045342676654588,24.557632472872516,24.691513061523438,2503800
2013-10-09,24.60544520491451,24.672385495858965,24.03166841626953,24.251617431640625,3765800
2013-10-10,24.634132453445627,25.140968905279358,24.605442978214523,24.83495330810547,2737800
2013-10-11,24.68194733839713,25.188783809058833,24.68194733839713,25.064464569091797,1079400
2013-10-14,24.987962883774824,25.341792487091904,24.930585751123946,25.32266616821289,1121300
2013-10-15,25.150532596096863,25.399169266103705,24.978401200540866,25.04534149169922,1177500
2013-10-16,25.303538976000365,25.819938623993565,25.2174741919876,25.686058044433594,2509000
2013-10-17,25.63824303045171,26.25027246421054,25.580865898032062,26.24070930480957,1642900
2013-10-18,26.862297415393343,26.900548225225336,26.345897802766647,26.479780197143555,2349500
2013-10-21,26.766669994555087,26.766669994555087,26.145079232566616,26.16420555114746,1660300
2013-10-22,26.250273240214568,26.47978360066405,25.915569947230914,26.269397735595703,1727800
2013-10-23,26.14507839072096,26.2789589685038,25.906004888116698,26.202455520629883,1733300
2013-10-24,26.269395090752127,26.403277488857825,26.08770054701429,26.374588012695312,980500
2013-10-25,26.374587437630115,26.52759432585534,26.06857366117967,26.35546112060547,849600
2013-10-28,26.355463569648872,26.384153047851772,26.039886605361566,26.24070930480957,1246900
2013-10-29,26.298086013571233,26.613662972774645,26.288522854324327,26.48934555053711,2473900
2013-10-30,26.56584846145632,26.61366243273449,26.14507858306126,26.60409927368164,2189100
2013-10-31,26.604102506620297,26.632791987265207,25.944259043677818,26.518035888671875,3276900
2013-11-01,26.613660547683203,27.01530407952406,26.40327653538026,26.671037673950195,1937500
2013-11-04,27.15875080508588,27.15875080508588,26.42240394476547,27.10137367248535,6393800
2013-11-05,27.971600770102164,28.210674280957736,25.752998881200217,26.890989303588867,10340000
2013-11-06,27.311758711804206,27.44564112477425,26.73798189275233,26.80492401123047,3065100
2013-11-07,26.75710757067328,26.75710757067328,25.29397881476147,25.399169921875,5211200
2013-11-08,25.446982519402816,26.489343067799815,25.341789601532273,26.470216751098633,4087300
2013-11-11,26.403275764443983,26.728415843773263,25.75299560578543,25.79124641418457,2589300
2013-11-12,25.102717741500385,26.068574909670726,24.41418671151136,24.949710845947266,9551200
2013-11-13,24.94970969588563,24.97839917147417,24.60544328476711,24.911457061767578,3460300
2013-11-14,24.95927483630458,25.102718577665442,24.175114014478144,24.385498046875,8069700
2013-11-15,23.936038603575078,25.112279742915376,23.811719366677394,24.911457061767578,68946800
2013-11-18,25.293978318431297,25.293978318431297,24.78714181597082,24.854082107543945,13251400
2013-11-19,24.83495315008575,25.11227927026397,24.68194626446534,24.959272384643555,9707100
2013-11-20,24.94014944696178,25.4374228045942,24.94014944696178,25.20791244506836,5991300
2013-11-21,25.255724703877412,25.62867878477667,25.093154648923825,25.609554290771484,6942900
2013-11-22,25.542611999400126,25.590427794044317,24.98796154942996,25.274850845336914,5813600
2013-11-25,25.41829944984559,25.41829944984559,24.777582270780815,24.978404998779297,7402100
2013-11-26,25.179218580301818,25.28441149408967,24.90189429484186,25.18878173828125,8027600
2013-11-27,25.322667926933335,25.399171383776572,24.777580568926982,24.921024322509766,5617400
2013-11-29,24.959273697973615,25.026213985956627,24.653259910630677,24.873207092285156,2876300
2013-12-02,24.89233521898059,25.341792773805512,24.87320889988519,25.332229614257812,5239000
2013-12-03,25.169657871409502,25.877315214871714,25.093154424115912,25.800811767578125,7859700
2013-12-04,25.69562093494456,25.86775232515689,25.456547431665896,25.74343490600586,4419100
2013-12-05,25.657368251447064,25.71474538141171,25.064465161858827,25.150531768798828,5320800
2013-12-06,25.303539530106473,25.49479906851136,25.08359233773115,25.179222106933594,4837200
2013-12-09,25.140969556290365,25.561737593326328,25.121843238974364,25.446983337402344,4393700
2013-12-10,25.418295601375814,25.51392537051591,25.074029162065912,25.112281799316406,4087100
2013-12-11,25.18878733345424,25.227038149882716,24.88277350608129,24.921024322509766,3637100
2013-12-12,24.968834357720798,24.968834357720798,24.10816838697941,24.32811737060547,5810400
2013-12-13,24.471562955932047,26.957927654689165,24.136859700024857,26.431964874267578,13508800
2013-12-16,25.791251384423177,26.393717692687765,25.093157124739296,25.236600875854492,12783300
2013-12-17,25.0453435589452,25.57130459630471,24.987964598370997,25.513927459716797,6599500
2013-12-18,25.590425745908483,26.345897000961735,25.4087293887748,26.059009552001953,9086700
2013-12-19,26.192894346345785,28.535815578990736,26.17376985091775,28.315868377685547,15611200
2013-12-20,28.421056056346234,29.769430404549276,28.421056056346234,29.645112991333008,22554800
2013-12-23,29.673803443375448,30.553593995348784,29.62598764903741,30.467527389526367,9588400
2013-12-24,30.505777728600666,31.003049214113197,30.142386817189276,30.78310203552246,4442800
2013-12-26,31.414259339833123,31.509890937441618,30.639663463052752,31.490764617919922,10845800
2013-12-27,31.481200630965787,32.60962798266846,31.1369378125921,31.854158401489258,6113300
2013-12-30,31.978472445363366,32.11235667970229,31.5672657026819,31.605518341064453,5003200
2013-12-31,31.777650726996065,32.303611722969286,31.653331479520556,32.16973114013672,3952500
2014-01-02,31.58639132522838,32.016724377610025,31.309068823002253,31.911531448364258,6512500
2014-01-03,31.00304981191211,31.146495371484693,30.50577831681122,30.869169235229492,8686100
2014-01-06,30.85004375082297,32.05497626946152,30.620535226873294,32.0167236328125,9332400
2014-01-07,32.40880260677547,32.437490259008754,31.347315698479086,31.76808738708496,7008000
2014-01-08,31.777653120980066,32.23667386011754,31.328193717919962,31.854158401489258,5313600
2014-01-09,32.035846952907946,32.41836598765381,31.414254433438895,31.586387634277344,7223600
2014-01-10,31.462073745506,31.653329625221456,31.21343526512059,31.576828002929688,3707500
2014-01-13,31.61507738471654,31.777645595340033,31.050863842483285,31.069990158081055,4332600
2014-01-14,31.232561195261102,31.586388945912113,31.079554304603473,31.500322341918945,3431900
2014-01-15,31.557703308244438,31.748962845767643,31.069994953133907,31.108243942260742,5347300
2014-01-16,31.079554403553335,31.576827711766832,31.079554403553335,31.175182342529297,6942400
2014-01-17,32.054974088652095,32.09322672269865,31.07955380829661,31.089115142822266,5353200
2014-01-21,31.548142490384446,31.815903658525194,31.01261650613063,31.720272064208984,6272600
2014-01-22,31.79677909605132,32.0358526230893,31.471638953360767,31.978473663330078,3867800
2014-01-23,31.691584109532023,31.83502967566062,31.18474943236294,31.30906867980957,3525700
2014-01-24,31.07955766008784,31.156062937662508,30.056323284347354,30.29539680480957,6803300
2014-01-27,30.199761380183684,30.763973104819488,29.616421515747685,30.429271697998047,6264800
2014-01-28,30.41015135887248,31.041305312902896,30.41015135887248,30.897863388061523,4382900
2014-01-29,29.922442404065677,30.38146312110941,29.625989928320347,29.692930221557617,5818500
2014-01-30,30.763979298381177,30.763979298381177,29.01396300072268,29.386917114257812,8107500
2014-01-31,29.09046396236342,29.34866378375384,28.5931906376084,29.23390769958496,9149400
2014-02-03,29.11915327711263,29.425167067876036,28.115043474185878,28.239362716674805,9266000
2014-02-04,28.47843750304128,28.880081077528285,27.789904618785762,28.813138961791992,4244800
2014-02-05,28.66012938849742,30.601406788262796,28.105478963419596,30.362333297729492,14457300
2014-02-06,29.874625113939487,29.97025488121052,27.9524739053376,28.258487701416016,16985400
2014-02-07,28.449748728914802,29.224346418885087,28.37324527588053,29.10002899169922,7761000
2014-02-10,28.97570737438558,29.12871426795966,28.325428988688763,28.755760192871094,8295000
2014-02-11,28.908764200011703,29.20521662269959,28.765320479606586,28.985267639160156,3677000
2014-02-12,29.090461907287015,29.434728311487106,29.02352162291165,29.358224868774414,3476000
2014-02-13,28.937458263382236,29.912878635223315,28.74619872318299,29.5399227142334,4609000
2014-02-14,29.5781731579664,30.046756990313522,29.358225979841713,29.922439575195312,2958900
2014-02-18,30.018066915190165,30.14238615181354,29.692926821848083,29.83637237548828,3336000
2014-02-19,29.57817390817078,30.352771542596283,29.511233619564212,29.884187698364258,2865000
2014-02-20,29.83637305275111,30.276267410207435,29.72161697203127,30.190200805664062,2677800
2014-02-21,30.496212057776788,31.06042560784921,30.161510650094733,30.63009262084961,6953000
2014-02-24,30.773544134821037,31.270817499810526,29.912879817869218,30.897863388061523,8052700
2014-02-25,30.792667033403692,31.27081402569887,28.83226327060186,29.138277053833008,9851800
2014-02-26,29.176529647418935,29.4825434302168,28.650566862247338,29.004396438598633,5019600
2014-02-27,29.13827566003901,29.78855583029285,29.119151167491378,29.549482345581055,5270600
2014-02-28,29.463423805439906,29.463423805439906,28.860959261704473,29.166973114013672,3240900
2014-03-03,28.937462724781774,29.166973114013672,28.698389174666907,29.166973114013672,3578500
2014-03-04,29.625989488754904,30.448402962578957,29.482545744805307,30.400588989257812,6049100
2014-03-05,30.362331416633758,30.98392391269842,29.64511098946918,30.429271697998047,8843100
2014-03-06,30.52490642676976,30.95523765879456,29.587738686997177,29.941566467285156,5092900
2014-03-07,30.142386225426556,30.15194938395832,29.013959054481862,29.444292068481445,4597600
2014-03-10,29.40603864311819,29.64511212802159,28.975705640697694,29.616422653198242,3358600
2014-03-11,29.93200285061359,30.763977647544962,29.578175075730268,30.05632209777832,7458700
2014-03-12,29.750309738218903,30.496217961434862,29.6738062839407,30.238019943237305,3077600
2014-03-13,30.47709363173048,30.572721582109033,29.72162042063348,30.04676055908203,3324000
2014-03-14,29.82681058763121,30.113698060123177,29.61642473875011,29.951128005981445,2973800
2014-03-17,30.008505377603683,30.314520994444486,29.214781418391976,29.367788314819336,3628200
2014-03-18,29.396476204031238,30.094570359271476,29.377349887014415,29.83637237548828,3937400
2014-03-19,29.87462450124233,29.95112794869293,29.463417787200594,29.750307083129883,3547800
2014-03-20,29.67380426932071,31.05086817682275,29.62598847365176,30.76397705078125,5234600
2014-03-21,30.974362640589238,31.634207847311888,30.821355743720773,31.280376434326172,7255500
2014-03-24,31.23256416468425,31.48119901765224,30.77354344907016,31.270816802978516,3398100
2014-03-25,31.376009734301565,31.50989032035913,30.907424035127722,31.270816802978516,3690900
2014-03-26,31.34731441300081,31.395132028724813,30.58227998505152,30.6109676361084,3117900
2014-03-27,30.572717285705483,31.462072785525987,30.36233327085733,30.888294219970703,4460900
2014-03-28,30.98392646457737,31.404694503232466,30.773540621263802,31.175182342529297,3843300
2014-03-31,31.318626498738368,31.777647151650275,30.84047952929198,31.586387634277344,4637700
2014-04-01,31.672457198915772,32.0167236328125,31.251689139693223,32.0167236328125,2934800
2014-04-02,31.96891193450058,32.141045163690436,31.615084140264752,32.02629089355469,2327500
2014-04-03,32.11235459205253,32.21754386880753,31.366442783974648,31.796775817871094,3473600
2014-04-04,31.968911984296568,31.99759963988207,30.821358337234212,31.041305541992188,3650800
2014-04-07,31.031738995106355,31.069991628111758,29.0330845202223,29.41560173034668,7431300
2014-04-08,29.32953535279158,29.865059451032344,29.05220923335425,29.817245483398438,6909900
2014-04-09,29.931997267178286,30.371893393878228,29.664236152129952,30.324077606201172,3614200
2014-04-10,30.324084413573587,30.496217639881127,29.233909745607445,29.501672744750977,3219900
2014-04-11,29.358226705979277,29.568610730608288,28.535813277362664,28.698383331298828,3777800
2014-04-14,28.784450066814074,29.013960410343852,28.13416984815333,28.440183639526367,3843600
2014-04-15,28.334990769239244,28.42105737622669,27.589082607329495,27.914222717285156,5574700
2014-04-16,27.942908725135336,28.53581178014288,27.88553159851718,28.449745178222656,3264400
2014-04-17,28.363679416997115,29.52079608600688,28.23936200164203,29.07133674621582,5443800
2014-04-21,29.186093135151904,29.339100028275723,28.918330160192202,29.14784049987793,2433800
2014-04-22,29.25303232681111,30.056319397605744,29.13827624927503,29.635549545288086,3413500
2014-04-23,29.310411062019238,29.34866369795907,28.411494181280055,28.507123947143555,4159100
2014-04-24,28.621879831768915,28.889640985539813,27.87596985200843,28.105480194091797,2205800
2014-04-25,27.503017769243836,27.962038486708828,27.436077475945133,27.78034210205078,3691600
2014-04-28,27.981165318362866,28.086358252036522,26.412843592976444,26.871864318847656,4857800
2014-04-29,27.110935284802853,27.92378555019988,26.986616043278925,27.77077865600586,7209800
2014-04-30,27.885532217273628,28.115042552824875,27.627332405783722,28.009851455688477,5638600
2014-05-01,30.381458726632864,30.907419660837103,29.759868034213508,30.26670265197754,10340600
2014-05-02,29.970254110581436,30.601408004760742,29.683366640131226,30.601408004760742,7365300
2014-05-05,30.496215042143138,30.591844806833166,29.826810337285067,30.467527389526367,2330600
2014-05-06,30.333646854201593,30.391025810934753,29.71205608148168,29.80768585205078,2365700
2014-05-07,29.98937875938731,30.658785251832402,29.731178955959695,30.6109676361084,3966800
2014-05-08,30.486650132443764,30.86916734525006,30.02762947707621,30.34320640563965,4695200
2014-05-09,30.333644417175954,30.601407388459943,30.257140971664242,30.448400497436523,2002200
2014-05-12,30.591843602687856,31.012613456370143,30.43883671480084,30.888294219970703,2937300
2014-05-13,31.079551854160826,31.567260139687782,30.936106309491386,31.48119354248047,6538300
2014-05-14,31.519445942275404,31.52901092410127,31.26124615255269,31.404691696166992,3099400
2014-05-15,31.53858187340169,32.19842354966147,31.414262607565096,31.80634307861328,7524300
2014-05-16,31.701152995702802,32.29405435594882,31.404700491593427,31.643774032592773,5229300
2014-05-19,31.921088786123214,32.4374846773238,31.844583529369686,32.30360412597656,7010200
2014-05-20,32.09322771441229,32.33230121263296,31.66289468802068,31.844589233398438,4481400
2014-05-21,31.89240989818931,32.427935959889275,31.796781938015993,32.141048431396484,3183900
2014-05-22,31.6437650028529,32.34185910560889,31.54813707293026,31.9880313873291,3967100
2014-05-23,32.27492148193579,32.51399497439457,31.949781386272964,32.47574234008789,2940900
2014-05-27,32.5139897799013,32.839129823619174,32.46617581864279,32.820003509521484,3023300
2014-05-28,32.6670027286328,33.001704167748805,32.60006244080961,32.896514892578125,3632800
2014-05-29,33.422473306670724,33.94843423422635,33.06864557692921,33.33640670776367,5579000
2014-05-30,33.23122403439161,33.489423910688956,32.63832264139748,32.82958221435547,5575200
2014-06-02,32.66700485514381,33.422478036009615,32.40880502188693,33.03995895385742,3829100
2014-06-03,32.886951972980214,33.068650178161256,32.2271103881958,32.705257415771484,3582800
2014-06-04,32.58093648901165,33.039957174084684,32.456617246813074,32.78175735473633,2742200
2014-06-05,32.82001309662127,32.82001309662127,31.557705181210643,32.02629089355469,12043400
2014-06-06,32.169729069851236,32.51399548810672,32.0454098303763,32.29404830932617,7311500
2014-06-09,32.418367015027,32.46618098389254,32.1506022230304,32.4088020324707,2122500
2014-06-10,32.35142676070346,32.49486866744056,31.796774506998435,31.882841110229492,3649500
2014-06-11,31.06999265263386,31.79677446384259,30.92654709811946,31.748960494995117,3491900
2014-06-12,31.433382445171024,31.72026991271628,31.21343526512059,31.576828002929688,2127500
2014-06-13,31.385569211401936,32.112354704067144,31.29950260432243,31.471635818481445,3763200
2014-06-16,31.46206821731847,31.796769595982347,31.318622684764566,31.51944351196289,1866500
2014-06-17,31.43337979484155,31.748958536113516,31.337751863046762,31.61507797241211,1496800
2014-06-18,31.61507688349582,31.748957442585986,31.041298368574434,31.251684188842773,2524600
2014-06-19,31.423820538287558,31.653329048956618,31.32818895219878,31.557701110839844,1896100
2014-06-20,31.796775223334077,31.84458919332362,31.366442197484012,31.710708618164062,4970200
2014-06-23,31.79677250201091,31.79677250201091,31.385565828944156,31.61507797241211,2195100
2014-06-24,31.519451670619496,31.796777826423476,31.261251833971553,31.337757110595703,2966100
2014-06-25,31.21343526512059,31.77764886541416,31.21343526512059,31.576828002929688,3121600
2014-06-26,31.56727009763163,32.0262945261851,31.519456116982738,31.825469970703125,2933700
2014-06-27,31.806343648848987,31.978476897563315,31.720277024491825,31.825469970703125,4190400
2014-06-30,31.84459045046665,32.313176129995746,31.758523841898946,32.150604248046875,2416900
2014-07-01,32.10278830725263,32.303609165603184,31.748960559496123,31.94978141784668,2627400
2014-07-02,31.51944292673021,31.968902182280512,31.404688691600626,31.892396926879883,1939500
2014-07-03,31.882840906065653,32.02628645985618,31.777647986348864,31.873279571533203,1695800
2014-07-07,31.806339578900563,31.873283520810315,31.366445176463138,31.54814338684082,2039200
2014-07-08,31.825459208022323,31.854150505087194,31.060424832439413,31.127365112304688,2269900
2014-07-09,31.328187833019673,31.806334802466058,31.232559898319142,31.586387634277344,4006700
2014-07-10,31.261247298710582,31.49075944731392,30.993486165316558,31.44294548034668,3080500
2014-07-11,31.356882628096866,32.39924328363198,31.156061754051123,32.035850524902344,6874000
2014-07-14,32.179294238355176,32.179294238355176,31.337754505313296,31.576828002929688,3132500
2014-07-15,31.529015171450062,31.529015171450062,30.41014926525988,30.697036743164062,7361300
2014-07-16,30.783099744373857,30.926545290504055,30.553591248131667,30.830917358398438,4020900
2014-07-17,30.658785805785058,30.84048034571471,30.419710490747022,30.563154220581055,1879800
2014-07-18,30.601406536368675,30.964799260420193,30.57271706110588,30.811792373657227,2042700
2014-07-21,30.63966250383586,30.658788822758783,30.142389155756845,30.400588989257812,1597100
2014-07-22,30.505777478589028,30.68747384479863,30.209326856657782,30.247577667236328,1190300
2014-07-23,30.3432057553499,30.3623320715768,29.90331142604659,30.123258590698242,5967100
2014-07-24,30.104133701898036,30.25714059099646,29.702490162018172,29.778993606567383,2088200
2014-07-25,29.807688330987578,29.970258407279232,29.65468141494676,29.826814651489258,907400
2014-07-28,29.91287820650452,30.142388557062525,29.712055509774938,29.788558959960938,2141400
2014-07-29,30.381459828380176,30.44840011436249,29.759869113419576,29.778993606567383,2941000
2014-07-30,29.932002650370286,29.95112896888093,29.38691534071989,29.587738037109375,2773100
2014-07-31,29.664239654027405,32.27492177785745,29.453853811383656,31.500322341918945,29269900
2014-08-01,31.557703120655386,31.9880361655315,31.385569902704944,31.9593448638916,8671500
2014-08-04,32.10279029350257,32.36099011934509,31.806337830948824,32.21754455566406,3959100
2014-08-05,32.31317466765425,33.03995649202353,31.75852240465839,32.42792892456055,8980200
2014-08-06,29.53992170384099,30.52490520139997,29.052211534602236,29.702491760253906,17733300
2014-08-07,29.826812202520276,29.912878813724912,27.866408287731062,28.554941177368164,9730800
2014-08-08,28.497560622655847,28.975707625210383,27.875969884132164,28.63144302368164,9255700
2014-08-11,28.956582612793294,28.956582612793294,27.971599148534708,28.153295516967773,5299100
2014-08-12,28.115045671808392,28.65056984750379,27.981165083881095,28.315868377685547,3889100
2014-08-13,28.315866754955202,28.42105785773282,27.58908307474041,27.86640739440918,5911500
2014-08-14,27.875967634560343,28.201107715977727,27.42651014506498,27.436073303222656,4318900
2014-08-15,27.608207195794904,27.971598094987932,27.19700050461203,27.789901733398438,4200000
2014-08-18,27.789901374582975,27.962034575551964,27.483887605742968,27.579517364501953,3497400
2014-08-19,27.75165365503537,27.904660556489482,27.550830956885505,27.68471336364746,4041500
2014-08-20,27.79946310634802,28.43061692818982,27.694270194712438,28.382802963256836,5064400
2014-08-21,28.354116211619253,28.44974597465058,27.799465774820803,27.88553237915039,4464400
2014-08-22,27.856840946927868,28.048100459560203,27.6273306261606,27.751649856567383,2258100
2014-08-25,27.875971143211483,28.507125069172034,27.61777131241322,27.95247459411621,5482300
2014-08-26,28.009854453008916,28.526252307262194,27.933349175652364,28.18198585510254,2855400
2014-08-27,28.306302409126346,28.35411637893114,27.971599148534708,28.153295516967773,1755100
2014-08-28,28.306305826679232,29.9989468275282,28.14373575613465,28.535816192626953,9938000
2014-08-29,28.77488679785813,29.176530353496684,28.54537645520554,28.765323638916016,3255100
2014-09-02,29.27216221702288,29.406042803836307,28.927895766375556,29.10002899169922,4712300
2014-09-03,29.31041055182024,29.31041055182024,28.574063738670592,29.14784049987793,4170000
2014-09-04,29.14784149375173,29.35822734696018,28.860954015358885,28.918331146240234,3823400
2014-09-05,28.880075167808,30.63009102655587,28.841822538072027,29.329532623291016,7536300
2014-09-08,29.300846514490928,29.606860291563525,29.28172202141338,29.444292068481445,3330300
2014-09-09,29.482542052327034,29.53035601965982,28.880077673598638,28.956581115722656,3218600
2014-09-10,28.994836642980502,29.281725965619124,28.688822824688287,29.18609619140625,2644200
2014-09-11,29.339101165835636,29.56861151442013,29.023524208533697,29.11915397644043,4525300
2014-09-12,29.501670263068032,29.932001468651176,29.25303360420428,29.4825439453125,4846300
2014-09-15,29.587739672809953,29.587739672809953,28.8800822646699,29.052213668823242,4263400
2014-09-16,28.94701795745891,29.071335366915715,28.880077673598638,28.956581115722656,2130000
2014-09-17,28.985272900154712,29.2912867122918,28.89920628749288,29.10002899169922,2185600
2014-09-18,29.176529976333413,29.262596581713815,28.975707289117125,29.14784049987793,2105100
2014-09-19,29.262596667826514,29.358226432306825,28.64100593468356,28.755760192871094,5542800
2014-09-22,28.650563632558683,28.650563632558683,27.589078671134732,27.713396072387695,6497300
2014-09-23,27.732526550808874,27.79946684030064,27.130062121396907,27.197002410888672,6360900
2014-09-24,27.283073743278518,27.72296819268113,27.01531071495536,27.627338409423828,5299500
2014-09-25,27.512578802906468,27.569955932159402,27.139622902797257,27.244815826416016,5848100
2014-09-26,27.25437701867941,28.028974591652137,27.13962094446801,27.63689422607422,5362000
2014-09-29,27.397819166453147,27.82815213999381,27.283064922832846,27.713396072387695,2781600
2014-09-30,27.713402628205387,27.809032403168136,27.522144902266135,27.608211517333984,3910500
2014-10-01,27.503016614340975,27.579520064039286,26.776232930213975,26.881425857543945,4443800
2014-10-02,26.90055032054997,27.96203727986169,26.451092782095785,27.54126739501953,10533000
2014-10-03,27.80902862548828,27.94290919785756,27.36913427399723,27.80902862548828,3374300
2014-10-06,28.08635596855856,28.30630315382475,27.856843800296534,28.04810333251953,2875000
2014-10-07,27.990725694671482,27.990725694671482,27.54126634929684,27.569955825805664,2252200
2014-10-08,27.53170238204839,27.703833752685128,26.61365928538978,27.675146102905273,4868700
2014-10-09,27.40738498990262,27.617769006327006,26.938801164239678,27.149185180664062,4550300
2014-10-10,27.445638973612365,27.445638973612365,26.35546255566488,26.403278350830078,4252700
2014-10-13,26.77623236721024,26.862298974309446,25.25572474043906,25.74343490600586,10159600
2014-10-14,25.877312723308048,25.88687588129723,25.179218605970885,25.255722045898438,7123000
2014-10-15,24.882766521600047,24.911454169872336,23.42919942560203,24.61500358581543,8843600
2014-10-16,24.175111137593653,24.63413178491853,23.993414780699506,24.548065185546875,5208100
2014-10-17,24.80626388991534,25.150528448236884,24.66282017194921,24.968833923339844,3510400
2014-10-20,25.389600732159256,25.877310809624902,25.265283335465227,25.781681060791016,3600700
2014-10-21,25.90600572226442,26.39371590215923,25.877316244393153,26.16420555114746,4321700
2014-10-22,26.23114868638611,26.259836343381796,25.75300161393718,25.867755889892578,7577800
2014-10-23,25.90600748148409,26.699731516627967,25.829504025951653,26.55628776550293,4430700
2014-10-24,26.556286023593838,26.92924011685297,26.4797825730795,26.890989303588867,3212400
2014-10-27,26.833606694441684,26.89098564250516,26.508466618025533,26.766666412353516,4876000
2014-10-28,27.158747803635773,27.636894778432126,26.795356905344363,27.589080810546875,7743600
2014-10-29,27.569956820561398,27.62733395166323,26.967492384026905,27.34044647216797,4279200
2014-10-30,27.350007323148695,27.780338506073843,27.06311804387931,27.589080810546875,4251000
2014-10-31,27.85684376330281,27.952473529287314,27.63689657832871,27.914222717285156,4119300
2014-11-03,27.789902942040523,28.153295681024236,27.77077844839878,28.028976440429688,7142200
2014-11-04,27.30219188660001,27.48388825010337,26.766667778574618,27.20656394958496,4398800
2014-11-05,27.4169485645234,27.48388885149308,26.900548938209813,27.292631149291992,2820600
2014-11-06,27.283070793014527,27.292633952704783,26.556287072431015,26.929241180419922,3442100
2014-11-07,26.91011413183537,27.168313964516997,26.776233547772083,27.10137367248535,1785000
2014-11-10,27.254379914982582,27.71340061263615,27.139623828576134,27.54126739501953,7314600
2014-11-11,27.598648500163016,27.598648500163016,27.120501446862818,27.283071517944336,1494300
2014-11-12,27.206563350485034,27.31175444368243,27.024866990982705,27.12049674987793,1829600
2014-11-13,27.101372928250992,27.330883276336657,26.70929252227305,26.747543334960938,1865900
2014-11-14,26.871861486831314,27.311755846767685,26.527595066716913,27.30219268798828,2798100
2014-11-17,27.187435157760337,27.19699831538852,26.6040953103419,26.72841453552246,5679900
2014-11-18,26.766668855185724,26.919675749347235,26.60409880214086,26.651914596557617,1788200
2014-11-19,26.60410053262319,26.613663692128583,25.82950285254804,26.250272750854492,4514100
2014-11-20,26.269394991208088,26.977052317994268,26.106824941541937,26.69972801208496,2702700
2014-11-21,26.814487343303078,27.28307123174345,26.814487343303078,27.273508071899414,2713600
2014-11-24,27.359571253883377,27.656021875909847,27.120497759736157,27.617769241333008,3884700
2014-11-25,27.58907950559397,28.115040423397826,27.541263715984428,27.675146102905273,3876600
2014-11-26,27.732525793400615,28.258486759887933,27.636896029315817,27.9620361328125,2110200
2014-11-28,27.847282428291827,28.124606743262202,27.63689657832871,27.914222717285156,1171700
2014-12-01,27.722962845942476,27.742089163702456,27.120498428391578,27.311756134033203,1811800
2014-12-02,27.158748414479206,27.225688700618537,26.623224301378567,26.757104873657227,4542200
2014-12-03,26.852733969170725,27.407384385685486,26.728416558566536,27.06311798095703,9270900
2014-12-04,27.034432354700346,27.35000930800873,26.91967626986726,27.197002410888672,2049900
2014-12-05,27.053557466289035,27.28306780173331,26.89098741735109,26.957927703857422,1165500
2014-12-08,26.795357940488145,27.091808565598136,26.55628444385421,26.967491149902344,1952300
2014-12-09,25.800812963414813,25.915569051667035,24.270742122640034,24.72020149230957,21051500
2014-12-10,24.81583047366498,24.940147893335734,24.222927380501325,24.23249053955078,18858100
2014-12-11,24.318557788729787,24.77757849129982,24.270741992220742,24.519378662109375,7557100
2014-12-12,24.194235136111725,24.567191000438935,24.175110644186283,24.203798294067383,5951800
2014-12-15,24.289868992774505,24.615009122219952,23.97429202289936,24.146425247192383,6530700
2014-12-16,24.022106136640307,24.155986713266206,23.47701702326474,23.496143341064453,5777500
2014-12-17,23.429202525390345,24.060356406686058,23.199692188917904,24.002979278564453,9133100
2014-12-18,24.452436353048377,24.787139605045816,24.385496067446088,24.777576446533203,5891700
2014-12-19,24.72020282065457,25.322667300390375,24.62457304597006,25.29397964477539,5024200
2014-12-22,25.332231065871063,25.580867756400412,25.15053467202533,25.513927459716797,2838300
2014-12-23,25.57130238047212,25.81993904945633,25.341792030021953,25.437421798706055,3158000
2014-12-24,25.446984974669586,25.64780584745045,25.322665728102848,25.504362106323242,801200
2014-12-26,25.542611482877717,25.94425502983657,25.494797513186484,25.8486270904541,870500
2014-12-29,25.81994073689433,26.355464922943398,25.724310961960438,26.288524627685547,3714300
2014-12-30,26.145074911159572,26.19288887572259,25.6478016541665,25.819934844970703,4606100
2014-12-31,25.91556677900803,25.982507064623956,25.638240654043795,25.76255989074707,3668700
2015-01-02,25.915567173632375,26.269394924128957,25.84862688699713,26.10682487487793,3515300
2015-01-05,25.93469280647816,26.078136534623027,25.56173692451835,25.75299644470215,3477300
2015-01-06,25.848624552553726,26.011194587122713,25.303535502067703,25.69561767578125,4237100
2015-01-07,26.059008758679955,27.053555289570312,25.781682652340425,27.015302658081055,7528300
2015-01-08,27.0822433863401,27.76121301459759,27.024866262144755,27.751649856567383,6715900
2015-01-09,27.885534874175754,28.095918912479714,27.732527969229935,27.971601486206055,10104300
2015-01-12,28.067229919773105,28.095917573091484,27.80903009599111,27.990726470947266,5193500
2015-01-13,28.162861359749606,28.354119081182365,27.981164974000208,28.18198585510254,6198100
2015-01-14,27.933346269810812,28.28717584483196,27.74208856827415,28.277612686157227,3495000
2015-01-15,28.354116795562046,28.41149392496809,27.856843476746814,27.904659271240234,4313800
2015-01-16,27.875970553568255,27.914223190204556,27.292632436753493,27.86640739440918,7984900
2015-01-20,28.669694217302514,28.707946853529723,27.88553341450558,28.248926162719727,7038700
2015-01-21,28.248925823944194,29.052211111235238,28.162859217451214,28.765323638916016,6771400
2015-01-22,28.94702588566474,29.166973114013672,28.45931562455204,29.166973114013672,10035600
2015-01-23,29.09046597954515,29.176532592643294,28.80357848520881,28.841829299926758,2640200
2015-01-26,28.707945434450195,29.31997299194336,28.688819117282033,29.31997299194336,3104400
2015-01-27,28.994832896028615,29.434729070966327,28.841826006655324,29.31997299194336,3082700
2015-01-28,29.559047886177815,29.778995072082825,28.765323925923404,28.774887084960938,3030600
2015-01-29,28.794013668539336,28.794013668539336,28.086356309111483,28.258487701416016,5676000
2015-01-30,28.115044280305742,29.24347153408983,27.990726858238432,28.86095428466797,8199500
2015-02-02,29.214780747598684,29.36778764051289,28.87051615053474,29.013959884643555,4651800
2015-02-03,29.22434574969495,29.7503085732498,29.109591484764326,29.5399227142334,4736800
2015-02-04,29.472982390801235,29.75030854139458,29.34866496659515,29.406042098999023,3830900
2015-02-05,29.434732801565673,29.922443007250866,29.205222438417273,29.845937728881836,2479600
2015-02-06,29.83637536113838,30.11369968968954,29.721619271540067,29.941566467285156,2761200
2015-02-09,29.81724842101904,30.075448249246495,29.62598888366846,29.72161865234375,5798400
2015-02-10,29.87462588898351,30.17107653362709,29.80768559735297,29.932003021240234,2303400
2015-02-11,29.989382824209816,30.104137091963263,29.740746145429085,29.893753051757812,4624200
2015-02-12,30.132820445444025,30.381457073681485,30.085004656945,30.20932388305664,3305000
2015-02-13,30.295393012217925,30.44839990024036,30.13282296569584,30.362333297729492,3152700
2015-02-17,30.362333585184224,30.81179291899311,30.228453012893578,30.371896743774414,2960800
2015-02-18,30.333643991270947,30.47708954557909,29.386913182361532,29.645112991333008,5233400
2015-02-19,31.022177662143022,31.768089501605807,29.979818825931606,30.457965850830078,11834100
2015-02-20,30.5631559243008,30.830920729826385,30.16151418797069,30.5535945892334,4371600
2015-02-23,30.362332021341867,30.591842343727247,29.7981184614831,29.989377975463867,4533000
2015-02-24,29.874620659506764,30.582277913419915,29.81724353729376,30.20932388305664,3582300
2015-02-25,30.19976394552033,30.811793335667023,30.132823658469764,30.78310203552246,2377100
2015-02-26,31.13693389025655,31.729835147624474,30.97436201364006,31.060428619384766,5132500
2015-02-27,31.366440466088633,31.653327918162088,31.20387224750336,31.586387634277344,4415200
2015-03-02,31.385562960497342,31.701141672927363,31.222994761709582,31.51944351196289,2803000
2015-03-03,31.51945321752538,31.67246013031055,31.299506008394985,31.32819366455078,3285300
2015-03-04,31.65332586611327,31.65332586611327,31.041298368574434,31.251684188842773,6560000
2015-03-05,31.356880392019004,31.62464153831912,31.175182201625052,31.36644172668457,5114600
2015-03-06,31.251687246039943,31.63420629340747,31.10824169128412,31.289939880371094,2875700
2015-03-09,31.28994053538443,31.605515655292592,31.003049419867104,31.576828002929688,5665100
2015-03-10,31.452505679453758,31.5290109422178,30.926544765851958,30.94567108154297,4341300
2015-03-11,30.916987951944677,30.93611062245964,30.486653081926953,30.706602096557617,2977100
2015-03-12,30.725727655374346,30.955236175601943,30.66834870133137,30.744853973388672,2459300
2015-03-13,30.649225032136474,30.9648038346881,30.410151508254017,30.639663696289062,2176100
2015-03-16,30.802230492035005,31.098682960969114,30.697037562801217,31.05086898803711,1939400
2015-03-17,30.897859880821255,31.251687632833654,30.75441432429005,31.242122650146484,1847700
2015-03-18,31.194306443858338,31.5098851864098,30.716159487002262,31.423818588256836,5059300
2015-03-19,31.43338173425223,32.01672163891855,31.42382039967153,31.748960494995117,4074800
2015-03-20,31.835027281414575,31.95934287153941,31.643767756951437,31.69158172607422,3455400
2015-03-23,31.615076670510696,31.71070459836755,31.2612453119028,31.701143264770508,2017900
2015-03-24,31.729833739469353,32.00715986211382,31.519447901880874,31.53857421875,2383600
2015-03-25,31.557701896154597,31.653329836651075,30.88829536876296,30.92654800415039,1859500
2015-03-26,30.811797001363203,31.127372156721176,30.457967382590002,31.041305541992188,3032600
2015-03-27,31.04130150191012,31.156059405261143,30.658786101322733,30.964799880981445,2129900
2015-03-30,31.050866090334885,31.21343431272711,30.888294219970703,30.888294219970703,1594600
2015-03-31,30.81179289716214,30.88829451785745,30.190200357142267,30.304956436157227,2000000
2015-04-01,30.371895279496307,30.610966936781004,30.02762888279114,30.257139205932617,2296500
2015-04-02,30.32407623391844,31.557696140373455,30.32407623391844,31.51944351196289,3744800
2015-04-06,31.376001282825925,31.85414818879295,31.309061007828255,31.634201049804688,1795000
2015-04-07,31.66289345441337,31.892401960899043,31.49076025056315,31.53857421875,2389400
2015-04-08,31.615083266399683,31.768090171675606,31.041304635635683,31.337757110595703,3240400
2015-04-09,31.33775394694225,31.58638877492545,30.936108581157686,30.964799880981445,1906100
2015-04-10,30.964802486437755,30.983928805272264,30.56315708685774,30.658788681030273,3079700
2015-04-13,30.66834942698729,30.744854700854816,30.113698959350586,30.113698959350586,1739300
2015-04-14,29.826808751682837,30.477088928222656,29.826808751682837,30.477088928222656,1756900
2015-04-15,30.63009395280362,30.71616055394616,30.343206498319127,30.6109676361084,2714900
2015-04-16,30.534469432592136,30.697037670726974,30.52490627317488,30.658788681030273,1901100
2015-04-17,30.44839980731546,30.859606501615545,30.36233320506726,30.68747329711914,2594400
2015-04-20,30.830918279583006,31.395131850996314,30.830918279583006,31.261247634887695,4812500
2015-04-21,31.4716289660905,31.911523240730038,31.366436063900313,31.892396926879883,3106800
2015-04-22,32.102793751773724,32.60962847489357,31.997600813472037,32.600067138671875,6788200
2015-04-23,32.590494528189105,33.01126248786401,32.34185609676698,32.934757232666016,3805300
2015-04-24,33.08777402092529,33.28859855207868,32.74351121317471,32.81045150756836,4244000
2015-04-27,33.00170234146869,33.23121449271304,32.54268168695187,32.571372985839844,7550100
2015-04-28,32.82957989291341,33.47029522184761,31.729840162149344,32.485313415527344,10224800
2015-04-29,32.45661901029607,33.73805319373938,32.43749269138232,33.10689926147461,5154900
2015-04-30,32.992144290135734,33.14515119020008,32.40880434364908,32.552249908447266,4402600
2015-05-01,32.62875573880878,32.781762658588534,32.026293044160624,32.37055587768555,2815700
2015-05-04,32.513994632391665,32.77219443928788,32.40880171314076,32.657440185546875,1878300
2015-05-05,32.61918727101377,32.82000812532581,32.14104029523924,32.32273483276367,3980300
2015-05-06,32.27492225979005,32.32273622983977,31.462073825028618,31.844589233398438,4407100
2015-05-07,31.748961293299,32.131476701668824,31.52901411269264,31.844589233398438,2264300
2015-05-08,32.02628716089282,32.38967624863179,31.76808734720121,32.29404830932617,2636500
2015-05-11,32.23667489387178,32.82957989291341,32.14104693814129,32.485313415527344,3780600
2015-05-12,32.24623156114889,33.05907991912296,31.911526506475305,33.04951858520508,7012700
2015-05-13,33.20252895460408,33.317283213542574,32.31317523989346,32.44705581665039,6145600
2015-05-14,32.67656283219766,33.00170292421827,32.56180857853508,32.59049987792969,2803100
2015-05-15,32.61918875846939,33.03039546822452,32.447055547503425,32.896514892578125,2278000
2015-05-18,32.87738717523179,33.518102373683035,32.86782219282306,33.30772018432617,3232200
2015-05-19,33.21209001403434,33.221654996850276,32.8008833042792,32.896514892578125,2519500
2015-05-20,32.858259868254514,33.99624832648201,32.829572217836656,33.67110824584961,6234100
2015-05-21,33.76674200856561,35.210744324440526,33.718924390817676,34.66565704345703,8723600
2015-05-22,34.5987191234838,35.134245106342604,34.52221384823012,35.076866149902344,5645600
2015-05-26,34.952547077568084,37.00858076070775,34.847354147550845,36.865135192871094,13521400
2015-05-27,36.05228577758067,37.285905955796984,35.97578050390575,36.96076583862305,13287000
2015-05-28,36.80775543030729,36.80775543030729,36.29135582614743,36.64518356323242,8532900
2015-05-29,36.59737369988887,37.362408209638694,36.47305445206318,37.18071365356445,6655400
2015-06-01,37.33371501549466,37.41021663113128,36.88425571172487,37.190269470214844,5254800
2015-06-02,37.11377428191412,37.24765486844235,36.7216938579504,36.951202392578125,4384300
2015-06-03,37.065950030942666,37.10420266253024,36.55911543030842,36.654747009277344,4115700
2015-06-04,38.662969977406476,38.98811011078749,37.47716371214266,37.620609283447266,18957400
2015-06-05,37.59191617840697,38.815971256982586,37.53453722860928,38.48126983642578,9640900
2015-06-08,38.5386507536493,38.596029711807574,37.3815357905839,37.75448989868164,5255300
2015-06-09,37.75448802403824,37.77361434247464,36.26266801774898,37.09464645385742,11472000
2015-06-10,37.14245867983382,37.27633925462246,36.798192260107584,36.9703254699707,3154800
2015-06-11,35.95664900835692,36.6069291490758,35.93752634066375,36.453922271728516,6434000
2015-06-12,37.29545974731445,37.53453320723314,36.94163204806682,37.29545974731445,5796500
2015-06-15,36.9033782748568,37.52497071056283,36.75993274416421,37.257205963134766,2544900
2015-06-16,37.17114200134399,37.42934178605581,37.018135126844946,37.152015686035156,1387400
2015-06-17,37.85968135540332,38.57690188854586,37.515414915819335,38.03181457519531,7334200
2015-06-18,38.050931459205195,38.51951338181017,37.811858007435326,37.840545654296875,2769800
2015-06-19,37.783176342629865,37.8501202823215,37.276341663048555,37.4484748840332,2421900
2015-06-22,37.649289248316656,38.03180826168108,37.41978075867534,37.48672103881836,3372600
2015-06-23,37.467599188105815,37.993560158178255,37.467599188105815,37.77361297607422,2112900
2015-06-24,37.63973652021655,37.7544907912737,37.15202448427177,37.32415771484375,3028000
2015-06-25,37.59192429831645,37.984004753360885,37.52498399974589,37.582359313964844,2375300
2015-06-26,37.63016770947053,37.67798532818961,37.23808731259017,37.39109420776367,3780400
2015-06-29,37.06595780801257,37.591922482768695,36.91295089753056,36.98945617675781,2268600
2015-06-30,37.36240319371516,37.61104165598669,36.94163518183417,37.07551574707031,2606000
2015-07-01,37.24765274053629,37.29546671185449,36.83644602084986,36.9416389465332,2068400
2015-07-02,37.161587922522486,37.534542023925404,36.92251440644653,37.266780853271484,1804100
2015-07-06,37.03726841508615,37.11377369072499,36.57824770517011,36.865135192871094,1840700
2015-07-07,36.80776161055183,37.04683513617825,35.96622177891452,36.98945617675781,2132200
2015-07-08,36.82688042684569,37.63973251765857,36.25310548460187,36.788631439208984,5076300
2015-07-09,37.74492222122283,37.96486938524961,36.73124935190778,37.07551574707031,5942400
2015-07-10,37.44847696980629,37.49629094541573,37.16158946817716,37.32415771484375,2606800
2015-07-13,37.41978231664723,37.72579608089098,37.16158251907186,37.544097900390625,2687000
2015-07-14,37.48672379329935,37.86923918679889,37.34327824075456,37.71623229980469,2100400
2015-07-15,37.77361383130129,37.802301484581555,37.07551963369466,37.34328079223633,2116000
2015-07-16,37.63016583830556,37.95530593037814,35.39243782768181,36.932071685791016,5880300
2015-07-17,36.98945762810016,37.065959262356586,36.08097746547954,36.3774299621582,4434000
2015-07-20,36.43480260282232,36.72169374216094,36.10966247314794,36.415679931640625,1507100
2015-07-21,36.19572229368261,36.3678554857982,35.91839983791566,35.9853401184082,1845400
2015-07-22,35.81321719481089,36.11923103565315,35.5932699747038,36.08097839355469,4180800
2015-07-23,36.07141498285101,36.539997053708426,35.937534391177465,36.27223587036133,2385200
2015-07-24,36.24354310558352,36.42523764753299,35.36375075178628,35.76539611816406,2953800
2015-07-27,35.55501197630775,35.574138294475645,34.7421635180195,34.90473175048828,3027700
2015-07-28,34.95254960540039,35.56457726288475,34.837795331615226,35.30637741088867,3792100
2015-07-29,35.3828746874039,35.90883560856825,35.00992064599593,35.42112731933594,4825700
2015-07-30,36.10009609385215,37.95530501692859,36.06184346088846,37.161582946777344,7425000
2015-07-31,37.821428529396385,39.408876488911744,37.821428529396385,38.88291549682617,10469900
2015-08-03,38.91160144059382,39.97308836137402,38.88291378802314,39.676639556884766,5018200
2015-08-04,39.74358344460193,40.11653755368908,39.0646118724979,39.408878326416016,3666100
2015-08-05,39.44712758644938,40.18347440581976,38.39520564333291,38.95941925048828,6131300
2015-08-06,39.179368888328966,39.68620357384866,38.40476938482236,38.653404235839844,4279600
2015-08-07,38.538644610558286,38.9020373250241,38.31869744463662,38.59602355957031,2421100
2015-08-10,38.85422557270163,39.88702117798041,38.60558709411663,39.65751266479492,3455200
2015-08-11,39.41843999204427,39.829646705391454,38.88291403680856,39.160240173339844,2842600
2015-08-12,39.08373292981573,39.57144488985977,38.62471226905025,39.55231857299805,2792000
2015-08-13,39.53319432807526,39.695762557962205,39.22718053819339,39.428001403808594,3495300
2015-08-14,39.428001403808594,39.6288222694238,39.27499450886766,39.428001403808594,2123800
2015-08-17,39.37062281936579,40.6998745635955,39.20805458795457,40.16434860229492,3836100
2015-08-18,40.18347606788494,40.31735665004036,39.84877096452412,40.20260238647461,2347400
2015-08-19,40.18347488329507,40.240853837372576,39.59057361638282,40.03046798706055,2086600
2015-08-20,39.619260798664385,39.90614826969868,38.79684737318651,38.95941925048828,2274000
2015-08-21,38.68208950490736,39.2271767434016,38.32826177858011,38.376075744628906,2449400
2015-08-24,36.59737141790732,38.003124749899655,34.837790331212965,37.03726577758789,9103400
2015-08-25,37.97442811194335,37.97442811194335,36.3391664951737,36.46348571777344,4532800
2015-08-26,37.29545859104897,37.582346004462764,36.09052999552249,37.257205963134766,3306800
2015-08-27,37.668420734274704,38.20394669689864,37.23808769716371,38.19438171386719,3758000
2015-08-28,38.04137652963982,38.50996222402682,37.93618359939137,38.25176239013672,1780400
2015-08-31,38.17525203757168,38.48126945213142,37.73535770409807,37.87880325317383,2214100
2015-09-01,37.12332541340642,37.85011075189084,36.989444863678074,37.257205963134766,2349500
2015-09-02,37.611039743548716,37.878800860405946,36.96075961863407,37.60147476196289,2213700
2015-09-03,37.6875431136659,38.09874978971125,37.448469634475444,37.72579574584961,1825800
2015-09-04,37.4006588222153,37.783174232394344,37.16158532286386,37.50585174560547,1215200
2015-09-08,38.13700818488086,38.69165684347186,38.00312759997863,38.51952362060547,4158700
2015-09-09,38.99766634637062,39.007231328791974,37.67798331403509,37.71623229980469,2442500
2015-09-10,37.75448896527449,38.23263599418826,37.62060838085421,37.91706085205078,3158200
2015-09-11,37.63973738297406,38.07963180541992,37.51541812516194,38.07963180541992,2726700
2015-09-14,38.12743608356893,38.2421939760378,37.8214223329286,38.203941345214844,1636200
2015-09-15,38.347379277043416,39.753132306794754,38.14655845792788,39.50449752807617,4564200
2015-09-16,39.49493854571417,39.915710209257206,38.863784698371454,39.71488571166992,2736000
2015-09-17,39.54275576295712,40.8624425151405,39.54275576295712,40.613807678222656,4181700
2015-09-18,40.16434415972495,40.89112592512669,39.714884855348494,40.01133728027344,5411000
2015-09-21,40.16435383387756,41.53185474434501,39.94440661968685,40.9389533996582,4175300
2015-09-22,40.66161990017264,40.86244075765812,39.96352574226691,40.48948669433594,2371000
2015-09-23,40.623372928474815,41.388407478847014,40.49905367404793,41.14933395385742,3106300
2015-09-24,40.89113344585001,40.89113344585001,40.06872359752234,40.661624908447266,4490500
2015-09-25,41.120641833311566,41.41709428537981,40.53730191200068,40.86244201660156,5269400
2015-09-28,40.575560942229565,40.82419581529982,38.596032350110015,38.768165588378906,2876300
2015-09-29,38.82553276956983,39.14111152294832,37.295463914324756,37.830989837646484,4196500
2015-09-30,38.31869937363601,38.51952023332985,37.39109304842348,38.070064544677734,4168800
2015-10-01,38.20394254847581,38.863784035081515,37.77360955809305,38.376075744628906,2469700
2015-10-02,38.04136938493006,38.940287966970885,36.530426951241736,38.92116165161133,4610000
2015-10-05,39.083737008511264,39.676641949183086,38.87335479702117,39.169803619384766,2123900
2015-10-06,39.20805733475699,39.571450107096766,38.63428234514463,38.873355865478516,2699300
2015-10-07,39.026366404659925,39.19849964715813,37.90750032842162,38.605594635009766,3160200
2015-10-08,38.59602426526902,38.59602426526902,37.6301653364184,37.830989837646484,3530500
2015-10-09,37.72579636987988,38.213504670388126,37.72579636987988,37.87880325317383,2063500
2015-10-12,37.92661975737059,38.796847148314875,37.79273918152871,38.75859451293945,1114100
2015-10-13,38.83510739519827,38.83510739519827,38.29958133889796,38.42390060424805,2387100
2015-10-14,38.33782872378598,38.43345666987984,37.429348644005096,37.78317642211914,2867000
2015-10-15,37.93618189160059,38.28044832128939,37.50585250246176,38.19438171386719,2725700
2015-10-16,38.615158670803524,39.17937236335762,38.44302543253463,38.768165588378906,2274500
2015-10-19,38.73947173801662,39.68620448629144,38.65340512453709,39.408878326416016,2655200
2015-10-20,39.42799624073876,40.22172191228785,38.29000783663262,38.92116165161133,3493200
2015-10-21,39.10286588143746,39.43757101135059,38.09875778764315,38.46215057373047,4072500
2015-10-22,38.46214511784375,39.04548503045514,38.15613133548565,38.67252731323242,2264200
2015-10-23,39.12198497093869,39.686198541911246,38.605585367410214,39.466251373291016,3226300
2015-10-26,39.447130030378375,39.87746308757697,39.14111622258656,39.571449279785156,6084300
2015-10-27,39.31324897921998,39.9061502687884,36.39655285631114,37.31459426879883,11910800
2015-10-28,38.04137465057441,38.299574471710656,37.04683165001559,37.5919189453125,7325300
2015-10-29,37.29546326842411,37.859676833019144,34.94298107623675,35.841896057128906,8445600
2015-10-30,35.746266184073676,36.32960603337812,35.3254945430165,36.23397445678711,6103400
2015-11-02,36.014030816391035,36.874696849825156,35.889711578679,36.61649703979492,5546500
2015-11-03,36.61649771546188,37.02770442258243,36.33917158312996,36.9703254699707,4012300
2015-11-04,37.08507768084997,37.44847039806126,36.339169577917396,37.161582946777344,4426400
2015-11-05,37.25721163882208,39.38974672229151,36.61649643952508,37.71623229980469,6708900
2015-11-06,37.3145948567308,37.62060866571494,36.89382678137069,37.40066146850586,3332900
2015-11-09,37.8883718826236,37.8883718826236,36.41568171534912,36.87470245361328,4809400
2015-11-10,36.49218099153054,36.568686266954415,35.14380651994934,35.41156768798828,7539700
2015-11-11,35.75583113555135,36.128785202063,35.66020319725626,35.76539611816406,4900800
2015-11-12,35.72714213877793,36.53042919332331,35.34462310405275,36.310482025146484,4425100
2015-11-13,35.95665049777454,37.35284241537055,35.95665049777454,37.02770233154297,5966300
2015-11-16,36.55912164091997,36.5782479599629,35.73670816193542,36.2148551940918,3986700
2015-11-17,36.281791918347494,36.76950388604378,36.14791134618679,36.48261642456055,2800500
2015-11-18,35.96623003751371,36.12879832124196,34.86649010791986,35.68890380859375,5950200
2015-11-19,35.83234351586012,36.262672971563305,35.621957632291284,36.08097839355469,3223700
2015-11-20,36.32961547714985,36.91295183011914,36.05228930490328,36.759944915771484,3396800
2015-11-23,36.788634431392026,36.81732208644588,36.26266976892201,36.367862701416016,6175400
2015-11-24,36.34873492818589,36.99901516852775,36.1192264009901,36.712127685546875,10153400
2015-11-25,36.43480043451884,36.75037920982168,35.29681187236855,35.354190826416016,5883600
2015-11-27,35.478507948605426,35.48807293201111,34.923859294162334,35.277687072753906,1473900
2015-11-30,35.10554764786585,35.19161424344704,33.92930660690394,33.94843292236328,7733100
2015-12-01,34.292706732845225,34.81866775400487,33.49898088522584,34.59872055053711,5516400
2015-12-02,34.703912241901136,34.80910517196146,34.139698601736754,34.1588249206543,2816900
2015-12-03,33.97712119005239,34.30226126283636,32.7435048282286,33.04951858520508,5214100
2015-12-04,32.99213957164555,33.97712112194083,32.963451921977686,33.90061950683594,4572200
2015-12-07,33.680673469427475,35.86102246813935,33.680673469427475,34.99079513549805,5173400
2015-12-08,35.057739878063344,35.59326586163971,34.723038418310814,35.277687072753906,5038100
2015-12-09,34.837789051309194,35.27768339482851,34.168382553621754,34.49352264404297,7115900
2015-12-10,34.66565763690527,35.095990668199214,34.47439810655551,34.75172424316406,2494300
2015-12-11,34.38833351321955,34.8760455265583,34.22576527408819,34.42658615112305,5009800
2015-12-14,34.4265777851964,35.076857879643384,34.28313225190284,34.923851013183594,4802800
2015-12-15,34.98124086386981,36.67387825588827,34.96211454360197,36.492183685302734,5585600
2015-12-16,36.64519257849026,37.53454645512466,36.453933013455575,37.41979217529297,4712700
2015-12-17,37.467594723352974,38.02224327996255,37.29546153213615,37.48672103881836,4869400
2015-12-18,37.295461245131705,37.56322236364326,35.985339653593755,36.23397445678711,26892600
2015-12-21,36.377421695833654,37.276336669921875,36.14790954927293,37.276336669921875,3865300
2015-12-22,37.28590175078707,37.687543448367556,36.68343555644452,37.544097900390625,2642800
2015-12-23,37.764048224072,38.58645792483799,37.591915027918894,38.376075744628906,2693500
2015-12-24,38.44301840048073,38.49083236948196,37.9170574455232,37.936180114746094,882300
2015-12-28,37.83099200686595,38.0891918249884,37.63016749412264,38.04137420654297,1310900
2015-12-29,38.15613390373199,38.46214770668754,37.86924277148542,38.36651611328125,1664000
2015-12-30,38.29957303511904,38.29957303511904,37.80229972950594,38.00312423706055,2650000
2015-12-31,37.80230150275178,37.964873383353215,37.037267015142014,37.410221099853516,3640700
2016-01-04,37.16158354491672,37.31459043126234,36.779064505066685,37.247650146484375,4614200
2016-01-05,37.1998426304509,38.729911759282935,37.06595838970211,38.46215057373047,5553600
2016-01-06,37.83099376607469,38.61515459181274,37.6110465732918,38.29957580566406,7243800
2016-01-07,37.65886175559626,38.9020433255044,37.553668823501226,38.739471435546875,8091300
2016-01-08,39.07416860425034,39.427996319176884,38.04136946060963,38.137001037597656,3512900
2016-01-11,38.21350469473304,38.232631011153444,37.45803161200021,37.945743560791016,3893100
2016-01-12,38.08919206775219,38.366514557453804,37.658859034805346,38.309139251708984,3859000
2016-01-13,38.40476197897659,38.68208807899724,37.132893018697956,37.152015686035156,3621500
2016-01-14,37.046837496228655,37.984005338629345,36.329616873659205,37.668426513671875,3440800
2016-01-15,36.32961480652412,37.19984229980735,35.182061146113625,36.13835525512695,5138400
2016-01-19,36.463495374160786,36.5591233258103,35.80365010467257,36.00447463989258,3051200
2016-01-20,35.52632527449875,36.01403363293895,33.93887730377123,35.72714614868164,4814200
2016-01-21,35.76539913059891,36.30092146691239,35.162932854273926,35.47850799560547,3829900
2016-01-22,36.20529328535817,36.396552824787186,35.85146550859647,36.19572830200195,3955800
2016-01-25,36.310479718059916,37.26677359614022,35.86102042801125,36.23397445678711,3027400
2016-01-26,36.5017401869789,37.945746168181984,36.31048430557662,37.70667266845703,2718200
2016-01-27,37.697098855124246,37.764042775500066,36.67386480783001,36.81731033325195,2304100
2016-01-28,36.95120507379591,37.19984359365186,36.492184323261064,36.97989273071289,1418600
2016-01-29,37.7162311759402,38.41432530504776,37.152017612966716,38.39520263671875,3566700
2016-02-01,38.29001419734964,38.87335414481941,37.73536190369896,38.815975189208984,3646000
2016-02-02,38.280450871841026,38.49083673688449,37.28590780066379,37.55366897583008,2974700
2016-02-03,37.8214292028046,38.24220092234268,35.60282728369003,36.66431427001953,5139700
2016-02-04,37.12333734149054,37.28590923837614,36.10010292782445,37.008583068847656,3778800
2016-02-05,37.34328035401066,37.38153298991691,33.84324442397578,34.101444244384766,7554600
2016-02-08,33.871930660533906,33.97712358089129,32.06453564122102,32.47574234008789,6731700
2016-02-09,32.274921460458394,32.88694901707009,31.777648158718396,32.4088020324707,8214000
2016-02-10,32.810454777825306,33.66155601820836,32.246241063148375,33.05908966064453,3776200
2016-02-11,32.30360536841511,32.91563285409698,32.13147218207064,32.54267883300781,3960500
2016-02-12,33.07821187758499,33.728492134081144,32.5235595684673,33.57548522949219,3200600
2016-02-16,34.21619568944318,34.933416137810866,33.51810155745526,34.85691452026367,4422500
2016-02-17,36.635621368785344,36.635621368785344,34.29270053644984,35.23942947387695,9705900
2016-02-18,35.48807344928587,35.81321357834428,34.85691951028688,35.029052734375,4004800
2016-02-19,34.74216453043144,35.03861335074198,33.345972447266995,33.42247772216797,5286900
2016-02-22,34.00581917026845,34.407460937237715,33.73805434431649,34.26401901245117,4944500
2016-02-23,34.23532834020002,34.80910699384042,33.96756715728468,34.61784744262695,2826600
2016-02-24,34.57959545881954,35.38288267077772,34.254455309979974,35.1724967956543,7954500
2016-02-25,35.382876961894,36.759938968222116,35.28724902388849,36.68343734741211,4313400
2016-02-26,35.72714350481117,36.128785223454756,34.97167038872783,35.83233642578125,4714900
2016-02-29,35.84190075808413,36.35830042350554,35.46894666015943,35.47850799560547,4383300
2016-03-01,35.41156687845604,36.999014827488274,35.38287922481407,36.96076583862305,4224300
2016-03-02,36.855568583043535,37.12332971351582,36.0427165615827,37.07551574707031,2544100
2016-03-03,37.773615540001366,38.05094169416284,37.07552131081625,37.266780853271484,6974800
2016-03-04,37.410218620075526,37.783172680065356,36.70256313393379,36.79819107055664,3446800
2016-03-07,36.56868695220779,37.48672838666346,36.56868695220779,36.951202392578125,4463400
2016-03-08,36.932071391412315,37.391092050449195,36.65474891789156,37.247650146484375,4869300
2016-03-09,37.2954681696973,37.32415582401516,36.49218101704647,36.530433654785156,6058700
2016-03-10,36.798186694620625,37.05638647036426,35.83233151688763,35.92795944213867,5178900
2016-03-11,36.18616426015729,36.48261670649841,35.832336509859324,36.10009765625,6587100
2016-03-14,35.861028799884316,35.92796909513963,35.09599424841461,35.46894836425781,4344100
2016-03-15,35.153368366056284,35.31594025470751,34.675221331628045,35.162933349609375,3536900
2016-03-16,35.19161145092483,35.61238306169794,34.89516270475801,35.55500411987305,4939900
2016-03-17,35.55500735816409,35.880147428842264,35.354186515443615,35.53588104248047,4757000
2016-03-18,35.70801742888347,35.97577857645556,35.14380383366226,35.31593704223633,5394400
2016-03-21,35.79408415778184,35.851463110163635,35.296810847722476,35.71757888793945,2737900
2016-03-22,35.28724949269594,35.77495781975866,35.239431875085906,35.650638580322266,3132200
2016-03-23,35.545445596580535,35.631512200968196,34.68478320067594,35.4498176574707,3287700
2016-03-24,35.239431793300426,35.47850528890755,34.847351406423634,35.382877349853516,6775100
2016-03-28,35.36374837143788,35.57413419909233,35.143801209786304,35.42112731933594,2608100
2016-03-29,35.51676124163769,36.92251469448187,35.220312414093186,36.75038146972656,4809600
2016-03-30,36.85557651722164,37.28590960381587,36.51131004794626,36.759944915771484,2693600
2016-03-31,36.83645017563322,36.96076943346024,36.34873812845089,36.62606430053711,3830500
2016-04-01,36.396554581213415,37.773616765206555,36.2722353273893,37.63973617553711,6229200
2016-04-04,37.52498252248393,38.21351180181447,37.35284929065817,37.9266242980957,4075400
2016-04-05,37.62059986039159,38.00311885607712,37.12332662518901,37.42934036254883,3926200
2016-04-06,37.59191872165625,37.76405193472296,37.24765229552283,37.39109420776367,2772500
2016-04-07,37.056396496610304,37.33372266203382,36.74081769154785,37.12333679199219,4579500
2016-04-08,37.27634425433858,37.40066351101903,36.769509539524314,37.008583068847656,1873200
2016-04-11,37.07552164348537,37.2954688424921,36.83644812526426,36.951202392578125,1818800
2016-04-12,36.91294336159213,37.47715691280273,36.76950146428406,37.190269470214844,3305700
2016-04-13,37.41021547074698,37.63016262484113,36.979882496227276,37.152015686035156,2653300
2016-04-14,37.11376190185547,37.285895069393895,36.75993058637583,37.11376190185547,2068300
2016-04-15,37.28590079787531,37.78317041608386,37.18070788511021,37.57278823852539,6091500
2016-04-18,37.41022283375036,37.87880853111381,37.28590723173285,37.534542083740234,8171400
2016-04-19,37.639736263914166,38.117883312697685,37.31459612482247,38.10831832885742,8717700
2016-04-20,38.21350445584665,39.035917816923785,37.93617834144216,38.39520263671875,6149700
2016-04-21,38.34738392361168,38.81596953963126,36.63562061539157,38.49082946777344,4133800
2016-04-22,38.46215057373047,39.06461324122352,38.35695763712841,38.46215057373047,3652000
2016-04-25,38.53864449707813,39.456685790736245,38.26131838296104,39.380184173583984,6979700
2016-04-26,40.01133818220244,40.35560458072167,37.45803149183267,37.61104202270508,14907600
2016-04-27,37.7257969659584,38.366512159884074,37.68754433253755,37.96487045288086,7511800
2016-04-28,37.888366739961185,38.34738741592157,37.677984543461875,38.022247314453125,4344400
2016-04-29,37.677986518161326,37.99356165343558,36.78863277188587,37.563228607177734,5388900
2016-05-02,37.6397326982645,38.34738822056261,37.57279240961393,38.2421989440918,3703600
2016-05-03,38.08919619391894,38.137010169876646,37.706677090312226,37.9266242980957,3310500
2016-05-04,37.78317460464403,38.165693666563854,37.3719715378426,37.39109420776367,3750400
2016-05-05,37.39109651467712,37.93618384036117,37.17114931729342,37.534542083740234,3887800
2016-05-06,37.29546389141415,37.88836511646091,36.97988513822951,37.7640495300293,2566000
2016-05-09,37.850117958747276,38.251759684406956,37.70667240074192,38.156131744384766,2118800
2016-05-10,38.22306871385012,39.11242234114556,38.14656345009613,39.0263557434082,6717300
2016-05-11,38.88291230163838,39.31324531360859,38.76815804777031,39.035919189453125,3997000
2016-05-12,39.04548910575537,39.265436306783585,38.72034897206749,38.9402961730957,4033900
2016-05-13,38.78728697965744,39.24630767404737,38.78728697965744,38.86378860473633,3434000
2016-05-16,38.77771761557828,39.11242267540477,38.53864413626156,38.84465789794922,3023400
2016-05-17,38.65340503021572,39.647951750669534,38.64384369450685,38.9402961730957,7527100
2016-05-18,38.94029884501834,39.332379299488515,38.51952708550803,38.90204620361328,5051800
2016-05-19,38.653398054565145,39.10285735919043,38.337822961509346,39.0263557434082,3001300
2016-05-20,39.18892763324612,40.26954087332723,39.102861027434834,39.87746047973633,6966900
2016-05-23,39.743581991186815,40.049595795040396,39.54275746843041,39.82008361816406,4274300
2016-05-24,39.867898209769784,40.09741039020815,39.380189842300254,40.04003143310547,4371500
2016-05-25,40.097411575897354,40.33648509893611,39.78183277445942,40.27910614013672,2311700
2016-05-26,40.07828232225014,40.86244312857267,39.915714089511845,40.766815185546875,3565600
2016-05-27,40.652052872964894,40.852877368321494,40.32691279473493,40.68074417114258,2337600
2016-05-31,40.59468353117034,41.09195687957059,40.52774323888303,40.89113235473633,3858800
2016-06-01,40.64249366999216,41.005886399532486,40.565988401469156,40.75724792480469,4443700
2016-06-02,40.881569588550576,41.34059028301623,40.57555579224014,41.302337646484375,4664500
2016-06-03,41.29276959848526,41.91436207317462,41.05369613098499,41.72310256958008,3492000
2016-06-06,41.65617346514734,41.90480833293858,41.10152112073003,41.18758773803711,5356800
2016-06-07,41.359711046722715,42.05780515380096,41.28320578393357,41.82829666137695,2628500
2016-06-08,41.88568230580988,42.201261120802116,41.57010713879026,41.990875244140625,2524900
2016-06-09,41.713539495645314,41.990865606141405,40.96763141028376,41.1971435546875,3509700
2016-06-10,40.61381180152256,40.82419402397443,40.02090682995795,40.097412109375,4821500
2016-06-13,39.87746492702372,40.70943977733634,39.75314567188241,40.231292724609375,4009700
2016-06-14,40.16435626013012,40.95808219439299,40.030475656272,40.49905776977539,2958600
2016-06-15,40.355610179678294,40.470364445781826,39.38018979786746,39.839210510253906,4306600
2016-06-16,39.638384738448565,39.95395984326245,39.27499201802091,39.93483352661133,3057400
2016-06-17,40.04002108043239,40.08783504166909,39.41843228841247,39.944393157958984,4239000
2016-06-20,40.221731424693914,40.719004797732126,40.16435246504518,40.43211364746094,2461400
2016-06-21,40.37473317685758,41.16845528673093,40.06871939377724,41.04413604736328,2290500
2016-06-22,40.93895224384629,41.31190636381293,40.785945331860674,40.83375930786133,1909000
2016-06-23,41.29277811833903,41.77092515199467,41.091957239717026,41.76136016845703,1871700
2016-06-24,39.48537860759306,40.91025456959189,39.083733246189574,39.303680419921875,8258300
2016-06-27,39.06460978011271,39.552321779697934,38.72990832782656,39.399314880371094,4128900
2016-06-28,39.69575989186183,40.824187034251835,39.466251388851056,40.65205383300781,3883600
2016-06-29,40.833759035120934,41.598793589939106,40.719004763891334,41.55097961425781,4106000
2016-06-30,41.47447698701885,41.56054360793801,41.16846314552247,41.378849029541016,3439900
2016-07-01,41.273652226473985,41.72311161011395,41.08239268143746,41.111083984375,2326100
2016-07-05,41.12064366595152,41.627478339134214,40.91025781007692,41.32146453857422,2467100
2016-07-06,41.206704914175354,41.417090742677786,40.843312205299824,41.26408386230469,3809600
2016-07-07,41.32145949736455,41.58922427616649,40.9580704335156,41.0823860168457,1517100
2016-07-08,41.31190023867317,41.80917354089094,40.96763382575533,41.67529296875,2392400
2016-07-11,41.85698498979215,42.18212506597586,41.71353944372189,42.11518478393555,2739000
2016-07-12,42.172571907300494,42.335143814956176,41.6657371589094,41.7326774597168,2275000
2016-07-13,41.99086448573634,42.35425718469128,41.36927199920593,42.27775192260742,2429100
2016-07-14,42.55508451595016,42.6507124601679,42.04824984524615,42.10562515258789,2832400
2016-07-15,42.4020767396459,42.96629035399732,42.10562428194526,42.469017028808594,3031700
2016-07-18,42.68896689716861,42.746345854902174,42.07693927323353,42.43076705932617,1916100
2016-07-19,42.373390214426635,42.6124637243632,42.201256995434534,42.440330505371094,1321100
2016-07-20,42.354256912781096,42.612456698698956,41.92392393625133,42.59333038330078,1647700
2016-07-21,42.67939856824092,42.91847204766513,42.038679746438724,42.717647552490234,2910800
2016-07-22,42.96629399683996,43.56876029835575,42.870666046491884,43.454002380371094,2312000
2016-07-25,43.5113741328636,43.645254700366145,42.9184729133644,43.07147979736328,3872700
2016-07-26,43.03323306960924,43.12886101724164,42.48814574256531,43.01410675048828,3181000
2016-07-27,43.84607306766015,43.93213966303194,42.354256945178065,43.6452522277832,7307500
2016-07-28,43.61657305929024,44.228600679613635,43.42531351594608,44.199913024902344,3422000
2016-07-29,44.20947001245748,44.90756417622921,44.10427709156536,44.31466293334961,3237000
2016-08-01,44.50592548860157,45.32833894651984,44.46767285149554,45.012760162353516,3375700
2016-08-02,44.859749947003756,45.08926210470792,44.19034343900292,44.764122009277344,2175800
2016-08-03,44.75456036689226,45.16576709615502,44.44854656576261,45.14664077758789,3376400
2016-08-04,45.16575911010871,45.290078334827285,44.80236641753143,45.261390686035156,1852500
2016-08-05,45.32834137123857,45.777797113373914,45.06057654514528,45.69173049926758,2398900
2016-08-08,45.643909984242946,46.007302708175814,45.38571017892001,45.52915573120117,3055000
2016-08-09,45.7491056010001,45.91167383173275,45.385712855635404,45.55784606933594,1782800
2016-08-10,45.66303444049262,45.69172209059118,45.022319268479706,45.1370735168457,2064200
2016-08-11,45.05101004881638,45.35702383103604,44.658929662349195,44.78324890136719,2543600
2016-08-12,44.57286631584027,45.510034048380135,44.57286631584027,44.898006439208984,1704000
2016-08-15,45.0701384728768,45.337899632841726,44.67805806808293,44.72587203979492,1778900
2016-08-16,44.69717924566957,44.89800009254654,44.219032287597656,44.219032287597656,1726100
2016-08-17,44.31466408203661,45.00319692901662,43.67394520543641,44.3529167175293,3560000
2016-08-18,44.32422670404411,44.974506934414755,44.11384449866928,44.926692962646484,2964200
2016-08-19,44.75456112311997,44.802375096359604,44.04690556403984,44.24772644042969,1729000
2016-08-22,44.2477271002779,44.69718648097216,44.085155211271996,44.668495178222656,1408900
2016-08-23,44.90756449241315,45.24226957469668,44.678055979734424,44.78324890136719,1563800
2016-08-24,44.620678802515755,44.993632886433204,44.075591503256064,44.190345764160156,1615800
2016-08-25,44.28597355582396,44.563296025221106,44.10427537300956,44.25728225708008,1151100
2016-08-26,44.39116541853936,44.45810935420555,43.46356272564725,43.951271057128906,2052000
2016-08-29,44.60155164955504,45.11795128591621,44.46767107301076,44.687618255615234,2613200
2016-08-30,44.76412705413643,44.93626027982075,43.9704012192618,44.08515548706055,2569200
2016-08-31,43.989522836033956,44.42941718888101,43.817389628750846,44.31466293334961,2432800
2016-09-01,44.381606449507096,44.88844112562884,44.19034691105496,44.228599548339844,2643500
2016-09-02,44.70674112008028,45.23270205072215,44.66848848745895,45.223140716552734,2542400
2016-09-06,45.089265469858745,45.309212661422414,44.75456036689226,45.14664077758789,2507800
2016-09-07,44.92669175600777,45.01275836206796,44.41029211964659,44.687618255615234,2894600
2016-09-08,44.60155488509446,44.898007360356765,44.39116902213589,44.668495178222656,2426500
2016-09-09,44.07558797590643,44.41028939674579,42.66983471243736,42.688961029052734,3543700
2016-09-12,42.55508010033659,44.11384023555632,42.411634550921995,43.92258071899414,3798700
2016-09-13,43.70264201621264,43.94171554622696,42.78460053647106,43.358375549316406,3797000
2016-09-14,43.367926778428625,44.266845376490174,43.33923912886384,43.86520004272461,3981400
2016-09-15,43.98952696622255,45.3857154248545,43.88433403545383,45.11795425415039,2894600
2016-09-16,45.00319582685832,45.58653208796108,44.29553667946301,44.51548385620117,5424600
2016-09-19,44.57286088652243,44.68761513727099,43.731321202431964,43.92258071899414,1935900
2016-09-20,44.228590847401136,44.228590847401136,42.54551526566698,42.555076599121094,5297700
2016-09-21,43.04278894315697,44.02777418904586,42.65070857086237,43.8747673034668,3909800
2016-09-22,44.123412773134746,45.05101929280736,43.721770969548324,44.97451400756836,3308800
2016-09-23,44.92668828569518,45.36658261692497,44.80236905366177,45.223140716552734,2678900
2016-09-26,44.72586657407302,45.06056798312701,44.61111232639333,44.86930847167969,2069700
2016-09-27,44.840624226301316,45.20401696084483,44.63980336562149,44.850189208984375,3388500
2016-09-28,44.735430709581834,44.90756391586696,44.38160296242773,44.764122009277344,1720800
2016-09-29,44.66849398252753,44.79281322985455,44.199911943173205,44.429420471191406,2458500
2016-09-30,44.429416338046416,45.15620178776187,44.17121653206634,44.67805480957031,3805900
2016-10-03,44.505922221307195,45.05100949214891,44.266848728903916,44.83106231689453,2103500
2016-10-04,44.72587909839735,45.184899865624736,44.59199849728596,44.70675277709961,3490900
2016-10-05,44.88844381048358,44.88844381048358,44.00865498814324,44.05646896362305,2371700
2016-10-06,43.89389447260847,44.08515034731769,43.281863270434265,43.511375427246094,3072600
2016-10-07,43.740886936758365,43.740886936758365,42.947161206167564,43.29142761230469,2932600
2016-10-10,43.320120570335284,44.209474345814016,43.22449262268112,44.132972717285156,2227000
2016-10-11,44.1616529397779,44.1616529397779,43.243611664099646,43.6165657043457,1986100
2016-10-12,43.6165771981802,44.132976919820216,43.53051057790687,44.018218994140625,1394900
2016-10-13,43.59744275155371,44.01821079003809,43.10016944354196,43.99908447265625,3005400
2016-10-14,44.03733563882864,44.94581562032317,43.8938937352065,44.209468841552734,2231000
2016-10-17,44.07559062078719,44.505923650526775,44.02777665036548,44.48679733276367,1700100
2016-10-18,44.85974954870392,45.44308944838284,44.80237059779434,45.280517578125,2836000
2016-10-19,45.03188767216509,45.318775162105,44.72587386316621,45.251834869384766,2955700
2016-10-20,44.97450695195446,45.08926486180972,44.458110949494674,44.99363327026367,2373000
2016-10-21,44.81194572025078,45.213587523584955,44.544184518028,44.70675277709961,5837900
2016-10-24,46.2081272774846,49.10569702352436,46.2081272774846,48.95269012451172,21198300
2016-10-25,48.933559708132144,49.39258401470069,47.26961027671586,47.43217849731445,11909500
2016-10-26,47.50868487324756,48.197217701198745,47.1931061111126,47.336551666259766,11194000
2016-10-27,47.384365635318154,47.5756251595237,46.8105907106735,47.336551666259766,4161600
2016-10-28,47.087918328911115,47.786012513582904,46.93491143429774,47.19310760498047,3227800
2016-10-31,47.46087154179969,47.824260629902966,47.16441909289981,47.55649948120117,3529000
2016-11-01,47.50868480871785,47.642565381088296,46.69583639191334,47.1357307434082,2804400
2016-11-02,47.097476936129496,47.59475022681582,46.62889129653041,47.03053665161133,3279600
2016-11-03,47.11660885762235,47.72863647343356,47.05922990065042,47.355682373046875,4088300
2016-11-04,46.65758529781971,48.378913774213224,46.65758529781971,47.19310760498047,3261000
2016-11-07,48.18765907258494,48.65624478627723,47.814704957591324,48.14940643310547,3851400
2016-11-08,48.25459671020508,48.53192285919956,47.95814789049646,48.25459671020508,1867900
2016-11-09,47.04009924980993,50.76964720617318,46.90621867717662,50.69314193725586,7569500
2016-11-10,50.68358248760077,50.82702804816963,48.770994469200744,49.89942169189453,10527700
2016-11-11,49.74640581388035,50.59750674471376,49.28738521010407,50.24367904663086,3596300
2016-11-14,49.602966806655616,51.55380736540195,49.602966806655616,50.60707473754883,6746800
2016-11-15,50.62620460275043,51.276484834574866,50.1193699345237,51.123477935791016,4366200
2016-11-16,50.339314103386556,50.62620156539775,49.85160578276472,50.42538070678711,4223300
2016-11-17,50.32018702835512,51.17128806695841,50.19587144040476,51.05653381347656,2805800
2016-11-18,50.80790074479366,51.400801997565964,50.76964810965427,51.24779510498047,1768400
2016-11-21,51.161730236431694,51.611189594644905,50.77921116799846,51.37211608886719,3442200
2016-11-22,51.30517119668427,52.271026468275075,51.30517119668427,51.869384765625,3741100
2016-11-23,51.82157365827242,52.29972068698198,50.970472530844965,51.96501922607422,4273300
2016-11-25,51.926767774604656,52.52923406597515,51.7546345484988,52.20409393310547,1381000
2016-11-28,52.290161754555655,52.624863230844916,51.65900779357269,52.577049255371094,4237000
2016-11-29,52.577043447997745,53.399456868009196,52.38578391925544,52.96912384033203,3816900
2016-11-30,53.03605796863843,53.63852413741662,51.84069061279297,51.84069061279297,5207000
2016-12-01,51.74506974422347,52.1467114795659,51.42949096819257,51.888511657714844,4413900
2016-12-02,52.23277544830368,52.4240349712695,51.47730598694526,52.06064224243164,3087900
2016-12-05,52.213653825716335,52.787432446201976,52.165839852668945,52.615299224853516,1999300
2016-12-06,52.61529753139892,54.21230679720947,52.13715052036982,53.542903900146484,7616300
2016-12-07,54.212300862107185,55.9145065156363,53.504645406121874,55.8380012512207,7594000
2016-12-08,55.84756685811845,56.6030362888303,55.44592151138627,55.99100875854492,4155800
2016-12-09,56.01969746942887,56.086637749463584,54.11667103537595,54.26011657714844,3406200
2016-12-12,54.1740539949022,54.31749589932923,53.428142229588325,53.676780700683594,4155700
2016-12-13,54.087990400205875,54.58526372207156,53.96367115774642,54.17405700683594,3327200
2016-12-14,54.26968589559683,54.680892618009175,53.791538883300824,54.078426361083984,3298300
2016-12-15,54.36531418052351,55.22598026725402,53.84891817645743,54.747833251953125,3231800
2016-12-16,55.0155876339662,55.13990686405763,54.1549253012616,54.518314361572266,3430900
2016-12-19,54.728701203612594,55.7041214504588,54.55656800428845,55.27378845214844,1926700
2016-12-20,55.29291825701884,55.75193893485284,55.273791939445914,55.522430419921875,1410400
2016-12-21,55.92407305724894,55.92407305724894,55.19729121748314,55.29291915893555,1618100
2016-12-22,55.86669377019842,55.86669377019842,54.94865240503429,55.54155731201172,1103600
2016-12-23,55.23554195801799,55.76150659661253,55.08253505805564,55.48418045043945,1184200
2016-12-27,55.56067891483467,55.991011936482614,55.49373862790854,55.77106475830078,1609400
2016-12-28,55.87625259578334,55.87625259578334,55.417231963783074,55.46504592895508,1392500
2016-12-29,55.53199329197934,56.124894561264654,55.4268003664023,55.51286697387695,1671900
2016-12-30,55.33117268675582,55.474614601247,54.58526451707957,54.99646759033203,2119800
2017-01-03,55.56067891483467,56.335278353800966,55.225977480204065,55.77106475830078,3004100
2017-01-04,55.8093197970515,56.86124176374874,55.50330600135877,56.24921417236328,5540600
2017-01-05,56.20139913645557,56.82298805119712,54.58526358056098,55.092098236083984,5427200
2017-01-06,55.34073266909084,55.59893248643002,54.164491488749285,54.28881072998047,4776100
2017-01-09,54.09755594987414,54.49920136143035,53.8106684547468,54.19318389892578,3329700
2017-01-10,53.28470213931953,56.26833835824165,52.88305676771098,56.17271041870117,5457800
2017-01-11,55.98144959346029,56.36396499072389,54.776517154548614,54.94865036010742,4718200
2017-01-12,54.89128376480133,54.98691171729456,54.097557896811814,54.6522102355957,2286300
2017-01-13,54.74783152898393,55.32160647009885,54.21230557543046,54.690452575683594,1973700
2017-01-17,54.74782383386776,55.59892479101575,54.40355745839855,54.55656433105469,4114900
2017-01-18,55.025158391751305,56.27790121426622,54.88171283059102,56.09620666503906,5317500
2017-01-19,55.96232882940486,57.98967121518884,55.88582355357753,57.444583892822266,6036400
2017-01-20,57.89404028104245,58.07573482979842,56.90905496943865,57.01424789428711,3911100
2017-01-23,58.1139856741694,58.20005227839464,57.48283179250835,57.60715103149414,3560500
2017-01-24,57.387199632901556,57.922725570288875,57.01424556763817,57.5880241394043,3903000
2017-01-25,57.56890079865967,58.324373950826846,57.224634367395026,58.08530044555664,4003100
2017-01-26,58.43912292457652,60.858545411659826,58.42955794236669,60.600345611572266,12440100
2017-01-27,60.89680805626868,60.89680805626868,58.98421987271244,59.69187545776367,6294900
2017-01-30,59.204160089335545,59.366731962698275,57.94185232899215,58.458251953125,5359500
2017-01-31,58.573007267895704,59.88312902127196,58.51562831485312,59.54842758178711,4502200
2017-02-01,59.53886135819096,60.86811304951901,59.51973868888069,60.495155334472656,8937500
2017-02-02,60.141328342034626,60.20826862937956,57.77928102352275,58.477378845214844,6004400
2017-02-03,58.573006845566184,59.01290120513796,58.152238803537365,58.678199768066406,5141000
2017-02-06,58.45825287568421,58.697326374188435,58.228740712012446,58.29568099975586,3761900
2017-02-07,58.36261851145751,59.33803877671512,57.96097680410128,59.18503189086914,3369800
2017-02-08,58.8120778346178,59.88312603553968,58.649509614394155,59.18503189086914,5555100
2017-02-09,59.012897279607245,59.691865091343004,59.012897279607245,59.529296875,3171500
2017-02-10,59.443234125532015,59.80662686226586,58.716452300036394,59.66318130493164,3829700
2017-02-13,57.941855489971374,58.33393589680148,57.406329519288114,58.23830795288086,11670100
2017-02-14,58.5634482411454,60.09351723619655,56.90905635228279,58.907711029052734,17976400
2017-02-15,58.78338713686934,59.09896222658325,58.075728046525995,58.62081527709961,9362400
2017-02-16,58.51562808030334,58.716452591161364,57.68365332836717,57.96097946166992,3852100
2017-02-17,57.894037468678185,62.55119170091198,57.27244493275406,61.12630844116211,13430300
2017-02-21,60.63860698197565,60.829866526040696,59.6058112807802,60.43778610229492,5579100
2017-02-22,60.504726941266235,60.69598648705642,59.88313432944125,60.32303237915039,2655100
2017-02-23,60.45691358320445,60.58122918845898,59.24241965022261,59.357173919677734,5342200
2017-02-24,59.385853985305914,59.84487830040625,59.0224649038118,59.49104690551758,4570800
2017-02-27,58.63038715055095,59.46236191901329,58.13311382688031,59.452796936035156,6179800
2017-02-28,59.52930836602842,60.141336012943306,59.003347334959216,59.79706954956055,4297900
2017-03-01,59.92138551073376,60.21783798189659,59.47192613625483,59.61537170410156,3777300
2017-03-02,59.48148527262917,60.112639142761786,58.97464699123961,59.80662536621094,3688100
2017-03-03,59.500616914452316,60.82986505929605,59.2902310562564,60.78205108642578,4355200
2017-03-06,60.39953493694241,60.72467507539096,59.77794231556438,60.09352111816406,3363700
2017-03-07,59.797063794843915,60.12220390697336,58.69732786262092,58.9364013671875,3738800
2017-03-08,58.73557070297059,59.48148243976396,58.67819540258235,58.726009368896484,4697200
2017-03-09,58.79295550966466,58.98421504195076,58.1713665897,58.46781539916992,6050300
2017-03-10,58.88858507805689,59.16590755998007,58.21917856202336,58.79295349121094,4446000
2017-03-13,58.821643512693534,59.271102869044256,58.44868942890132,59.13722229003906,3604200
2017-03-14,59.09897320075754,59.3284853842357,58.467819256158116,58.66864013671875,2309600
2017-03-15,58.91727833910995,60.323031791812326,58.75470644998084,60.23696517944336,5470700
2017-03-16,60.332587825871215,60.42821576544599,59.357167520725895,59.66318130493164,2882700
2017-03-17,60.23695827987871,61.00199271999089,59.91181818683454,60.724666595458984,4563000
2017-03-20,60.619476241268124,60.77248313576556,60.00744866327835,60.351715087890625,2092700
2017-03-21,60.227393374800855,60.65772638790828,59.6153658219245,59.73968505859375,3416400
2017-03-22,59.940508982046076,60.801175052294084,59.75881443298134,60.504722595214844,4034500
2017-03-23,60.380404852413186,60.915930825870234,60.14133134340111,60.36127853393555,2169100
2017-03-24,60.762920565343975,61.929600392147236,60.495155769438874,61.36538314819336,4322700
2017-03-27,61.126313063779335,61.470579500604615,60.868116884132625,61.413204193115234,2596000
2017-03-28,61.202820607085016,61.60446236629227,60.85855415749458,61.42277145385742,3404100
2017-03-29,61.575767627674516,62.23561279613696,61.17412591467299,61.91046905517578,3681700
2017-03-30,61.92003529107611,62.35992964697433,61.48014093517789,62.283424377441406,2953600
2017-03-31,62.1112990841167,62.493818184583574,61.374955834872594,61.767032623291016,4431800
2017-04-03,61.39406889193374,61.50882679288532,60.21783141494139,60.77248001098633,4087700
2017-04-04,60.55253457807735,61.14543582479659,60.495155625954055,60.89680099487305,2605300
2017-04-05,60.973301420505955,61.20281357652559,60.60991234143515,60.724666595458984,2957800
2017-04-06,59.62493508165883,60.56210650053587,59.500619476437805,60.47603988647461,6160000
2017-04-07,60.504725507168814,61.346265299915785,60.38040625815597,60.801177978515625,2507400
2017-04-10,61.097625732421875,61.451457154343906,59.65362333475448,61.097625732421875,2386200
2017-04-11,61.0498090959994,61.22193865983709,60.676855019735534,61.1358757019043,2524400
2017-04-12,60.98286653531406,61.20281370932531,60.724666727221205,61.12630844116211,1549200
2017-04-13,61.346262719366116,61.547083587650725,60.91592968163326,61.24106979370117,2275300
2017-04-17,61.68096625913906,62.13042563023896,61.40364010897221,62.10173797607422,2387800
2017-04-18,61.9869727373495,62.47468468834218,61.757464235212126,61.78615188598633,1977800
2017-04-19,62.20692640385255,62.64682075975077,61.9869755779314,62.283424377441406,3405600
2017-04-20,62.359924568665654,62.551187726922365,61.94871789834307,61.9774055480957,2612100
2017-04-21,62.38861487637429,62.38861487637429,61.70964705150957,61.872215270996094,4858300
2017-04-24,62.18779587941485,63.08671454848506,62.13042057575301,63.0484619140625,5564500
2017-04-25,63.115407083997766,64.50203053337444,62.40775153228409,64.40640258789062,6728300
2017-04-26,64.73155096853507,64.7984912647364,64.2055862869925,64.62635803222656,4727300
2017-04-27,64.70285992988613,65.20969461690612,64.54984937745648,64.77935791015625,2909600
2017-04-28,64.82717199182864,64.90367726386583,64.04301119330827,64.32989501953125,3814200
2017-05-01,64.86542297381162,65.41051025527457,64.50202658887358,65.3244400024414,4259200
2017-05-02,65.56351192795698,65.86952570502312,63.66048897982521,64.01432037353516,3769200
2017-05-03,63.899569834091,64.20558364641809,62.245177873233914,62.49381637573242,6369400
2017-05-04,62.61813735961914,62.76157562980317,62.07305004508612,62.61813735961914,3368600
2017-05-05,62.91458528520254,63.583988189697266,62.465125922494174,63.583988189697266,2707300
2017-05-08,63.91868029305589,64.13863109861622,62.95282871440175,63.25884246826172,3889700
2017-05-09,63.096273264457125,63.17277122976059,62.312112576536165,62.63724899291992,3383500
2017-05-10,64.01432089105417,64.67415877122072,63.058026917998426,63.11540222167969,6144600
2017-05-11,63.172777870791904,63.411851365363106,62.32167681379396,62.9337043762207,3044700
2017-05-12,63.9091328794205,63.94738551679432,62.398186534904916,62.68507766723633,3731400
2017-05-15,62.742453007683594,62.97196153610035,62.16867803866942,62.8189582824707,3484100
2017-05-16,62.78070416215438,63.38316677099701,62.637258599302974,63.02934265136719,3436900
2017-05-17,62.57988109644817,63.53617508730614,61.02112086991748,61.11674880981445,6304700
2017-05-18,60.96373699914976,63.373594451489225,60.8489827509364,62.84763717651367,4936300
2017-05-19,63.79435941696728,64.13862577346976,63.115391684960386,63.46922302246094,4974200
2017-05-22,63.43099561414278,64.30121953644935,63.354490327625854,64.28209686279297,2736500
2017-05-23,64.578541550656,64.91324303758427,64.16733478215977,64.66461181640625,2099500
2017-05-24,64.85585786952421,64.97061577443867,64.11951471016945,64.92279815673828,2483900
2017-05-25,64.86542398055919,65.44876390611907,64.76023105654386,64.89411163330078,2221100
2017-05-26,64.913228926024,65.07580443799974,64.56896252975389,64.83673095703125,3631300
2017-05-30,64.65502793371202,65.10448721161633,64.02387048918006,64.148193359375,2841900
2017-05-31,64.14819883067253,64.6072158331705,63.86130773215351,64.47333526611328,5185700
2017-06-01,64.47333350220259,64.96104543796423,64.05256914408166,64.93235778808594,1979500
2017-06-02,64.96106076428181,65.42964284671521,64.8080502009063,65.33401489257812,1853700
2017-06-05,65.32443973527256,65.50613792699846,64.34902308146552,64.45421600341797,3597400
2017-06-06,64.26295713895514,64.54028328852543,63.144094853269344,63.22060012817383,4351900
2017-06-07,63.45009365941078,63.52659891623192,62.63724536952913,63.03888702392578,3027200
2017-06-08,63.15365973973359,63.35448061409132,62.159113055334885,62.8189582824707,5033400
2017-06-09,62.83808116951812,62.83808116951812,60.00745165615165,61.04981231689453,6337100
2017-06-12,60.7820530128897,61.948729309385136,60.74380037419216,61.843536376953125,3534500
2017-06-13,61.92959993767118,62.254736387505545,60.91592700969317,61.212379455566406,4712800
2017-06-14,61.11675017940358,61.29844472846832,60.10307721310839,60.504722595214844,2986500
2017-06-15,60.02657511423613,60.94461648325716,59.73012265950195,60.82029724121094,3883400
2017-06-16,60.50472638109964,61.02112605556046,59.739691852994184,60.370845794677734,7437700
2017-06-19,60.820295423295995,61.23150212487383,60.533407960048486,61.212379455566406,2978100
2017-06-20,61.0115559071829,61.70965008298186,60.017009280850665,61.18368911743164,6227700
2017-06-21,61.059368045219806,61.250631215282354,60.48559312692002,60.79160690307617,3203500
2017-06-22,60.848991378038605,61.164566517360186,60.49515995325961,60.78205108642578,4180700
2017-06-23,60.70554138582504,61.0211201501122,60.57166081235971,60.6290397644043,2086300
2017-06-26,60.82029442116782,61.00199260834263,60.36127375794063,60.38996505737305,1595200
2017-06-27,58.573006576773366,59.80662669284237,58.06617193211316,58.3434944152832,10267300
2017-06-28,58.34349415296505,58.85033244331851,58.18092592728498,58.79295349121094,3170600
2017-06-29,58.515625104628754,58.58256538885331,56.9855562538218,57.66452407836914,7212600
2017-06-30,58.219173735535115,58.33392798226487,57.320255133565524,57.97053527832031,4814300
2017-07-03,58.08529893278513,58.19048820806784,57.282011830079135,57.37763977050781,1637400
2017-07-05,57.2628898766814,57.68365795379728,56.78474284215193,57.329830169677734,6285900
2017-07-06,56.956873682484435,57.27244881511982,56.54566695816241,56.851680755615234,5596100
2017-07-07,56.85168089369572,57.53064878044499,56.6699826930359,57.387203216552734,3266700
2017-07-10,57.44457932193041,58.22874009690287,57.08118658661057,58.14267349243164,4361100
2017-07-11,58.08530057040461,58.78339476953742,58.01835663265065,58.55388259887695,3263400
2017-07-12,59.00334202866417,59.17547524487525,58.228742555714334,58.8216438293457,3055100
2017-07-13,58.812077340341204,59.03202450889805,58.09485688497119,58.24786376953125,2416000
2017-07-14,58.5347585571881,59.0224705708201,57.97054491567545,58.56344985961914,4904800
2017-07-17,58.37218655468757,59.041593083355096,58.09486041955827,58.69732666015625,3312500
2017-07-18,58.91727596082665,59.05115654178023,58.247869408086515,58.70689010620117,4499400
2017-07-19,58.821637666981445,59.366728559858984,58.45824860235884,59.26153564453125,6824500
2017-07-20,61.059370700423536,61.231503912993176,58.410439519376254,58.44868850708008,13594500
2017-07-21,58.60169405529243,59.988321058921315,58.41043817725151,59.844879150390625,6980100
2017-07-24,59.66318895779448,60.303907908639616,59.52930836602842,59.79706954956055,3706800
2017-07-25,59.76837153536058,60.07438530578387,59.529298049219136,59.634490966796875,3985400
2017-07-26,59.61536733514425,60.131766963980965,59.567553365356865,59.66318130493164,2756000
2017-07-27,59.6631809098051,60.00744732674963,58.74513956326771,58.92683410644531,3206400
2017-07-28,58.72601765028019,59.14678572034069,58.43913016396748,59.0798454284668,2809800
2017-07-31,59.52930149651081,59.77793633138851,58.42000060249472,58.965087890625,3989000
2017-08-01,59.385851215472336,60.69597651776543,58.91726923562183,60.31345748901367,5531100
2017-08-02,60.45690718953074,60.944615519116354,60.007447847070154,60.8489875793457,3658500
2017-08-03,60.9350530757861,61.13587393443433,60.38996580347119,60.94461441040039,3527700
2017-08-04,61.14543229166063,61.709645853702575,60.78204322646006,61.70008087158203,3563600
2017-08-07,62.01566026788244,62.159105817419075,61.34625743130311,61.45145034790039,3637300
2017-08-08,61.2410697572435,61.55664853405045,60.868115674087775,61.1071891784668,1880500
2017-08-09,60.84899029824633,61.15500409675242,60.42821858932128,61.011558532714844,2145000
2017-08-10,60.54297213373696,61.14543470411539,59.40497998263377,59.73968505859375,3092500
2017-08-11,59.72055607059027,60.86810950489552,59.5197352227791,60.829856872558594,2464400
2017-08-14,61.384508013804165,61.384508013804165,60.88723109814696,60.99242401123047,2455400
2017-08-15,61.0019956796903,61.202816545968446,60.638602935016415,61.08806228637695,2654400
2017-08-16,60.96375015311013,61.6618480709616,60.77249059950586,61.470584869384766,2034800
2017-08-17,61.20282058671968,61.31757850185989,60.22740019586215,60.23696517944336,2459900
2017-08-18,60.12219794990753,60.695976492799154,59.96919106806412,60.246517181396484,1419600
2017-08-21,60.715103897641654,60.715103897641654,59.825750240989656,60.08395004272461,2141400
2017-08-22,60.44734186065221,61.68096197567908,60.29433496911204,61.56620407104492,2432100
2017-08-23,61.39407189117355,61.54708243325058,61.08806175093582,61.202816009521484,1721500
2017-08-24,61.164560688940746,61.508827097556896,60.94461351631863,61.17412567138672,2115700
2017-08-25,61.31757057815213,61.63314203610494,60.93505153972686,60.95417785644531,2316800
2017-08-28,61.202815931401545,61.202815931401545,60.791609220024675,60.935054779052734,1200000
2017-08-29,60.542980791317106,60.95418754620277,60.323033586048204,60.695987701416016,1266800
2017-08-30,60.69598254913479,61.556648625364865,60.65772991286408,61.441890716552734,1437400
2017-08-31,61.441891964305604,61.929603966731094,61.34626401965901,61.88178634643555,2777600
2017-09-01,61.94872880132742,62.02523407809504,61.2410732310888,61.355831146240234,1496900
2017-09-05,61.36537799717477,61.64270410452496,60.50471567336032,60.858543395996094,2168100
2017-09-06,61.02112140441126,61.34626151006981,60.380402527978774,61.00199508666992,2774800
2017-09-07,61.21238178820717,61.35582734928326,60.3804033707213,60.57166290283203,1785800
2017-09-08,60.62904054645839,60.76292112165065,59.8544410997391,59.997886657714844,2236300
2017-09-11,60.39952675656383,60.72466685097612,60.017007710912196,60.27520751953125,2263800
2017-09-12,60.25608557241537,60.97330609904832,59.85444382852759,60.22739791870117,1504500
2017-09-13,60.17957894029657,60.657725918275744,59.85443884935186,60.055259704589844,2410800
2017-09-14,59.73968703447412,59.87356761009741,58.41043896511138,58.49650192260742,4864000
2017-09-15,58.649512463859274,59.185034766352416,58.07573387808108,58.49650192260742,5597600
2017-09-18,58.28611630233075,59.280662874245074,58.09485678496693,59.09896469116211,4757000
2017-09-19,59.299790415165766,62.599005504862504,58.64951383945392,62.560752868652344,11735700
2017-09-20,62.46512190609086,62.608567460957694,60.3325867881007,60.74379348754883,4549300
2017-09-21,60.954181408479016,61.19325490943356,60.4569080887369,60.619476318359375,1961700
2017-09-22,61.059364397089986,61.70964454456233,60.63859639200801,61.26018524169922,6631100
2017-09-25,61.30800282081439,61.652269210220176,60.05525649224816,60.14132308959961,5985000
2017-09-26,60.303898819136904,60.59078627938964,60.02657269343807,60.27520751953125,2949200
2017-09-27,59.99788638938746,60.40908944793662,59.653619970162985,59.66318130493164,3848800
2017-09-28,59.40498558400212,59.529304832393585,58.99377884914539,59.21372604370117,4341600
2017-09-29,59.414547237949726,59.7109960432302,58.7164530557473,58.965087890625,4975700
2017-10-02,58.65907026014091,59.07983827928475,58.40087045931222,58.83120346069336,3516700
2017-10-03,58.86946052303639,59.28066723885401,58.716453627474394,58.984214782714844,3966800
2017-10-04,58.73557892281134,59.52930473699802,58.60169833920691,58.81208419799805,5695500
2017-10-05,58.82163847845607,59.37629071311884,58.6399439436382,58.83120346069336,3944200
2017-10-06,58.93640381385667,59.89269787182234,58.90771251149652,59.68231201171875,4124800
2017-10-09,59.586677711876014,59.87356516908281,58.506064520159406,58.86945724487305,3148400
2017-10-10,58.99377697400631,59.079843582007456,58.439128337532814,58.55388259887695,3251900
2017-10-11,58.47738152973398,59.04159515466549,56.82298964376955,58.50606918334961,4411100
2017-10-12,58.40087134533971,58.97464625723832,58.05660493901177,58.60169219970703,2506600
2017-10-13,58.61126216208354,58.859897005572726,58.08530117349209,58.70689010620117,2389400
2017-10-16,58.83120924816178,58.95552849367321,58.23830797013933,58.30524826049805,1489400
2017-10-17,58.266992772927814,58.37218569490828,57.913165020061555,58.276554107666016,1318800
2017-10-18,58.20961431463145,58.24786694985303,57.61671306058541,58.02791976928711,3115500
2017-10-19,57.79840951518665,59.261541852980784,57.67409391856814,58.8216438293457,4448500
2017-10-20,59.26153749915675,59.27109883358949,57.64539838212856,57.81753158569336,3795400
2017-10-23,58.42956245023843,59.29022851693112,57.664527973162784,58.78339385986328,6758900
2017-10-24,59.04159124241007,59.67274511593757,58.85033171904404,59.557987213134766,3645100
2017-10-25,59.24241962400616,59.53886845729843,58.687767300602324,59.22329330444336,4066700
2017-10-26,59.46236122795324,59.59624180431398,58.82164235083409,59.03202819824219,2838800
2017-10-27,58.783389183869026,60.24651773288817,58.783389183869026,60.19870376586914,3084600
2017-10-30,59.93093885225654,60.32302286567613,56.62216272940758,56.97599411010742,14267500
2017-10-31,57.0333727160095,57.616712630885694,56.727358932463304,57.157691955566406,7361300
2017-11-01,57.511519130424574,57.76015760703792,56.76561099652856,57.13856506347656,3352000
2017-11-02,57.14813010075222,57.48283520280617,55.589373445489166,55.7519416809082,5884400
2017-11-03,56.43090167389379,56.8421083444804,56.01969865127893,56.33527374267578,4097600
2017-11-06,53.743729495145026,54.0306169973951,52.52923554257962,53.11257553100586,16985500
2017-11-07,53.34207520900635,53.58114869581326,52.21364805944,52.940433502197266,8785400
2017-11-08,52.940438262841475,53.954107603354494,52.82568400028707,53.76285171508789,5981000
2017-11-09,54.03061052731105,54.097550814887654,53.1986357760218,53.55246353149414,5205000
2017-11-10,53.25601783382401,54.5470170750151,53.11257590567336,54.3175048828125,5758300
2017-11-13,54.31749869438222,54.403565300656,53.46639761454827,53.97323226928711,4429100
2017-11-14,53.92542116233846,54.470508481694644,53.51421442696838,54.06886672973633,5035300
2017-11-15,54.3174960806686,54.4991942673768,53.724594848185895,54.212303161621094,3709900
2017-11-16,54.327068809363375,57.35851933720678,54.327068809363375,57.18638610839844,10397700
2017-11-17,56.94730731254622,57.44458063329051,56.38309370323753,57.396766662597656,7147600
2017-11-20,57.13856313890249,57.807969629119995,56.97599491949195,57.66452407836914,4225100
2017-11-21,58.429555833226196,58.573001377420816,57.59758116162389,57.76971435546875,5170200
2017-11-22,57.76972501803848,58.74514541386894,57.76972501803848,58.66864013671875,6643000
2017-11-24,58.15224001609479,59.376295180590695,58.09486106226949,58.984214782714844,2129200
2017-11-27,59.48149177921349,60.17958601133176,58.61126432295951,60.03614044189453,5123600
2017-11-28,59.615368023371765,59.682308311441304,58.333933919227235,58.69732666015625,5690600
2017-11-29,58.86946282832484,59.92138482050955,58.73557859748966,59.127662658691406,4090400
2017-11-30,59.185035890502256,59.67274788007584,58.09486129918083,58.400875091552734,7164100
2017-12-01,57.71234331740077,58.58257073977843,57.52108742955953,58.23830795288086,4973500
2017-12-04,58.5251923779153,59.07984099005524,57.56889839673359,57.60715103149414,3902900
2017-12-05,57.85578663802139,58.65907373891446,57.6645271096236,58.29568099975586,3634900
2017-12-06,57.88447588228879,59.52930276458092,57.339388582547265,59.40498352050781,5145800
2017-12-07,58.888589567553566,60.170020097233596,58.716456346079944,59.21372604370117,4623000
2017-12-08,59.73968508058869,60.22739339697536,59.61536584387367,59.80662536621094,3715000
2017-12-11,59.825749192928406,60.69597651776543,59.825749192928406,60.31345748901367,3366700
2017-12-12,60.29434058942425,61.14544173094973,60.29434058942425,60.70554733276367,3608400
2017-12-13,60.95418226337998,61.652276458201584,60.868115655910344,61.04024887084961,6759300
2017-12-14,61.250631883039155,61.250631883039155,59.65361905133985,59.82575225830078,7010800
2017-12-15,59.73968835426024,60.70554370543195,59.43367456094016,59.921382904052734,6584800
2017-12-18,59.93094950294898,60.848994611514925,59.84488653599254,60.695987701416016,3382300
2017-12-19,60.74378914908185,61.814837298882196,60.71510149934622,60.858543395996094,5714400
2017-12-20,61.126318589654126,61.20282387051911,60.055270193352364,60.150901794433594,5545400
2017-12-21,60.58122161550162,60.887235394443664,60.35171310528108,60.74379348754883,3035900
2017-12-22,60.71511234495587,61.049813811565414,60.46647384292673,60.83942794799805,2313500
2017-12-26,60.198707981394215,61.317573857443854,60.179581663652876,61.00199508666992,1518000
2017-12-27,61.2123783499232,61.394069240866024,60.92548724388563,61.308006286621094,1958700
2017-12-28,61.432324623749324,61.814843683602014,61.26019141161282,61.53751754760742,1597200
2017-12-29,61.29844749483259,61.61402628415613,60.68641988302338,60.73423385620117,1844100
2018-01-02,61.10718921484477,61.70008683665332,60.762922784658485,61.24106979370117,2192400
2018-01-03,61.09761800297349,61.32712650105146,60.485590477469835,60.829856872558594,2610800
2018-01-04,61.09761818964866,61.202811104910715,60.131762932006886,60.246517181396484,2384400
2018-01-05,60.76291917567941,61.977409296298376,60.36127381499351,61.776588439941406,3292600
2018-01-08,61.64270272414305,63.09627350970806,61.49925718273365,62.254730224609375,3606000
2018-01-09,63.115402503488184,63.6126721614821,62.65637818415653,62.73288345336914,5334400
2018-01-10,62.33124592156436,62.34081090484456,60.82986456813257,61.097625732421875,3597000
2018-01-11,61.145440262735335,61.38451742328194,60.46647236253765,61.04981231689453,3149100
2018-01-12,61.35582531591534,61.45145325481546,60.7342291211764,60.89680099487305,3165200
2018-01-16,61.33669281838256,61.33669281838256,59.82575028789963,60.217830657958984,4669900
2018-01-17,60.62903817451417,61.63314244917327,60.17957884854796,60.97330093383789,2925600
2018-01-18,61.049812503220366,61.27932468109999,59.71099936952922,60.131771087646484,4088700
2018-01-19,60.00744994639305,61.0402492423138,60.00744994639305,60.92549133300781,4768300
2018-01-22,60.963744594975374,61.19325676797012,60.70554476834587,61.14543914794922,2390300
2018-01-23,61.22193995392724,61.96785541816611,60.87767717100283,61.709651947021484,2872400
2018-01-24,61.767034555713714,62.48425515554845,61.728789210821,62.15911865234375,2894300
2018-01-25,62.54162645981084,62.5894367802572,61.51839221417664,61.575767517089844,2798500
2018-01-26,61.77659580507467,62.54163398369114,61.585339908392946,62.426876068115234,2028400
2018-01-29,61.920033993323216,62.13041983215735,61.5375149496197,61.776588439941406,2553600
2018-01-30,61.96785239641323,62.13042062086917,61.57576836525525,61.92959976196289,2017700
2018-01-31,61.71920798568716,62.465116045884045,61.461004551961594,62.254730224609375,2164900
2018-02-01,61.872218832082154,62.26430287382144,60.77248292174596,61.00199508666992,4258500
2018-02-02,61.04981494743616,61.50883567360065,60.552541582098186,60.81074142456055,2647200
2018-02-05,60.686416913050806,61.02112200485958,58.84076918452963,58.85033416748047,3489600
2018-02-06,57.406329903744435,59.27110400646293,57.37764224997057,58.19049072265625,5740600
2018-02-07,58.29568107536931,60.160455095715385,58.29568107536931,59.34760665893555,7319300
2018-02-08,58.33393326702965,59.76837424900579,56.28746471641922,56.30659103393555,8031400
2018-02-09,57.473268467690744,57.807973559542376,55.13035106459,56.612606048583984,5150900
2018-02-12,57.05249702833685,57.43501606831178,55.531989498792996,55.579803466796875,4816100
2018-02-13,55.159033026358145,55.732807913228946,54.71913870322575,55.16859436035156,5378600
2018-02-14,54.843459071285764,56.230086091537345,54.566136585613116,56.057952880859375,6498600
2018-02-15,56.72736398518775,57.96098421197157,55.6467506638054,57.79841232299805,6213400
2018-02-16,57.980100047312376,58.20960853992919,57.176813027210116,57.43501281738281,4812000
2018-02-20,57.37764047697146,58.17136625459619,57.05250036834973,57.86534881591797,3059000
2018-02-21,58.42000336998659,58.42000336998659,56.79430276347422,56.82299041748047,2973800
2018-02-22,57.13857118508998,57.35851838536795,56.02927020005148,56.163150787353516,3066000
2018-02-23,56.794294008886475,57.45413913309616,56.07707358550844,57.43501281738281,4079700
2018-02-26,57.37763817119257,58.477377695329224,56.17270937470521,58.439125061035156,4472100
2018-02-27,58.37218853189349,58.49650412939231,57.31070157373265,57.32026290893555,4245400
2018-02-28,57.87491285643707,58.70688760837323,57.339386907435774,57.96097946166992,4176200
2018-03-01,58.12354726149289,59.67274614428033,57.8366597954859,59.19459915161133,5373200
2018-03-02,58.88858401487682,59.93094093288864,58.60169290749056,59.73968505859375,5207900
2018-03-05,59.299785134835176,60.36127198332822,59.299785134835176,60.19870376586914,3381000
2018-03-06,60.53341259074474,61.11675254448992,59.91182364748671,60.78205108642578,3791900
2018-03-07,60.791609450790695,62.15911016628677,60.44734302619418,61.738338470458984,6485500
2018-03-08,62.159112576845104,62.42687374059423,61.441892047112276,62.216487884521484,2847200
2018-03-09,62.44601098530823,62.90502809210756,62.273877746272134,62.398193359375,3644000
2018-03-12,62.646827919996696,62.85721378728635,61.614028551090165,61.72878646850586,2965200
2018-03-13,62.64681491160206,62.85720073520582,61.6140157571527,62.13998031616211,4421100
2018-03-14,62.37905950779899,62.7711362455961,61.68096169238299,61.94872283935547,3283600
2018-03-15,61.88178634643555,62.65638218280081,61.78615840178895,61.88178634643555,2679300
2018-03-16,61.62358598230418,62.15910827272092,61.547080713403496,61.92959976196289,6054700
2018-03-19,61.85309757494309,62.0252307905743,60.294337299159274,60.4569091796875,3690300
2018-03-20,60.5525401143017,61.30801330378933,59.95007382982667,60.03614044189453,2547800
2018-03-21,59.86399630087278,60.447336159845975,59.7874946863036,59.854434967041016,2577400
2018-03-22,59.137219264621045,59.357166440016115,58.53475304194726,58.57300567626953,4103500
2018-03-23,58.73557208153026,59.07027714952854,57.11943663516124,57.12900161743164,5137700
2018-03-26,58.04704853665614,58.93640227924462,57.549775201705536,58.70689010620117,3395300
2018-03-27,58.96508560163503,59.309352011926165,57.454143037322986,57.70277786254883,2462600
2018-03-28,57.90360001692562,59.01290089274024,57.72190547318749,58.20961380004883,2589700
2018-03-29,58.28612576841953,58.61126590635157,57.76972608206175,58.3721923828125,2703100
2018-04-02,57.76015970322519,58.171366419647995,56.69867276771389,57.01424789428711,2595100
2018-04-03,57.435016887336396,57.5497711417765,56.69867009606609,56.985557556152344,3168800
2018-04-04,56.469158550711725,57.463705161221085,56.33527797775316,57.13856506347656,5541600
2018-04-05,57.501963364547976,57.8079771746526,56.8994970799166,57.19594955444336,5461300
2018-04-06,56.89949647915922,57.664530996343366,56.756050911199296,57.04294204711914,3581500
2018-04-09,57.15768926829908,57.769716806617005,57.0811840020234,57.12900161743164,4183000
2018-04-10,57.74103709633423,61.73834296168176,57.56890387151396,60.370845794677734,19873000
2018-04-11,59.978757556605345,60.829858586233996,59.969192574265755,60.170013427734375,4766900
2018-04-12,60.33258817586868,60.70554224953472,60.17958128287819,60.265647888183594,2380600
2018-04-13,60.37084363847832,60.43778392929844,59.089409481679624,59.24241638183594,2670000
2018-04-16,59.62493482472809,60.28478007901189,59.10853879055819,60.00745391845703,1947200
2018-04-17,60.246521570563274,60.848987807701086,59.835314861656585,60.265647888183594,2957000
2018-04-18,60.32303502840723,60.59079621548953,59.85444930304064,60.150901794433594,2606400
2018-04-19,59.911820760386966,60.829862127956666,59.911820760386966,60.485595703125,2826000
2018-04-20,60.504717580887586,60.791605031203744,60.17957749773677,60.332584381103516,2829200
2018-04-23,60.38997563695307,60.590796528301574,59.433681509039154,59.567562103271484,2649300
2018-04-24,60.07438766322854,60.2273945544445,59.38585482877072,59.844879150390625,2560300
2018-04-25,59.74924867253518,61.50882977816816,59.59624177847893,61.1358757019043,5405900
2018-04-26,61.078495662280616,61.5662039884191,60.66728895782353,61.29844284057617,3595000
2018-04-27,61.53751265525101,62.80938532736847,61.19324990631971,61.70008087158203,8920000
2018-04-30,60.04570163466394,60.23696116584827,56.6986726068406,57.86534881591797,26172000
2018-05-01,58.1139840947027,58.51562580485631,55.62761762242341,56.832550048828125,12400700
2018-05-02,57.195935196271215,57.568889205713496,53.122121443967536,54.48006057739258,14930700
2018-05-03,54.16448877487412,54.585260447813475,52.68223388113249,53.475955963134766,10742200
2018-05-04,53.428141083706564,55.216413367246645,53.38989209879618,54.757389068603516,6230600
2018-05-07,54.81477492507167,55.465055174123314,53.581154718961436,54.06886672973633,6202000
2018-05-08,54.221877715701,54.45138626325373,53.007383736985645,53.15082931518555,4802000
2018-05-09,53.45684059776638,53.96367529344644,53.14126179994659,53.858482360839844,5059200
2018-05-10,53.71503047830138,54.786082349933736,53.71503047830138,54.36531066894531,5527500
2018-05-11,54.55656889759489,54.83389501748825,53.7819731359249,53.9254150390625,2774300
2018-05-14,53.92541887222673,54.18361869379424,53.66721905065922,53.99235916137695,3771800
2018-05-15,53.60983936153618,54.53744199876794,53.55246041211048,53.906288146972656,2919400
2018-05-16,54.39400456283176,54.41313088087724,53.80109964733843,54.05929946899414,2904500
2018-05-17,54.049740442045184,54.288813955864576,53.93498617684412,54.2027473449707,2478300
2018-05-18,54.269681221169485,54.98690167783692,54.040169069928275,54.44181442260742,4025700
2018-05-21,54.690452575683594,54.8147718171816,54.08798998190456,54.690452575683594,2009200
2018-05-22,54.85302616162754,55.082534686034855,54.422693118398534,54.68089294433594,2752400
2018-05-23,54.451380164414736,54.77652027700754,53.9923594727494,54.52788543701172,2770600
2018-05-24,54.66176486457689,54.86258572895519,54.37487739432616,54.48963165283203,2548900
2018-05-25,54.604380804889054,54.71913870063519,54.10711118187618,54.11667251586914,2051400
2018-05-29,53.896724232973135,54.65219728171106,53.53333153328107,54.14535903930664,2997800
2018-05-30,54.18361327363443,54.56613230020439,53.74371894665923,53.868038177490234,4615900
2018-05-31,53.77241390191615,53.80110155601603,52.81611985354922,53.26557922363281,5888600
2018-06-01,53.55246282078724,54.55657076908259,53.456834882081786,54.384437561035156,3314900
2018-06-04,54.31749847985096,54.92952605628185,54.14536526798326,54.623512268066406,3642300
2018-06-05,54.422692547180645,55.07297277279645,54.394004893923885,54.661766052246094,1787300
2018-06-06,54.83389994679963,55.11122609162332,54.41313188594359,55.08253479003906,2853500
2018-06-07,54.9869053687213,55.65631190280451,54.9869053687213,55.29291915893555,3849600
2018-06-08,54.8243327854437,55.436360317275394,54.4896277209926,55.27378845214844,2491500
2018-06-11,55.08253996981007,55.637192311615024,54.900845399894266,55.45549774169922,2509400
2018-06-12,55.37899134242703,55.6850051634587,55.23554576783047,55.551124572753906,1968600
2018-06-13,56.42134351712746,56.50741011925891,55.828442284650805,56.11532974243164,6181700
2018-06-14,56.239651494693966,57.09075257164532,56.038826982087244,56.92818069458008,3081300
2018-06-15,57.02381411117754,57.45414715488209,56.77517562016059,57.387203216552734,3696200
2018-06-18,57.042940679610396,57.82710149692174,56.641295287734785,57.72190856933594,4088300
2018-06-19,57.17681866001731,58.219179257267676,56.83255223920477,57.894039154052734,3649800
2018-06-20,57.999230304293306,58.07573192437358,57.44457805483047,57.70277786254883,4565900
2018-06-21,57.60715193469756,58.04704629742482,56.861240137059944,57.37763977050781,3008400
2018-06-22,57.69321949110688,58.48694162406799,57.4445810051392,58.133113861083984,3424400
2018-06-25,57.884468749069946,58.238300119522954,56.8707995471552,57.11943435668945,4397300
2018-06-26,57.1003091673577,57.148123133830055,56.249208161045665,57.09074783325195,3546400
2018-06-27,56.975998831182515,57.82709991587453,56.59347976823296,56.74648666381836,2475600
2018-06-28,57.32025695817395,57.568895423303374,56.11532820922719,57.24375534057617,4024500
2018-06-29,57.26288430178324,57.415891192017604,56.870803917559435,57.13856506347656,2433800
2018-07-02,56.861235761346244,57.33938272263836,56.45959406488733,57.291568756103516,2217800
2018-07-03,57.071624996834075,57.24375820500728,56.335278194753585,56.55522537231445,3121600
2018-07-05,56.85167295602653,57.492388116551155,56.62216081543801,57.43501281738281,3348200
2018-07-06,57.44458109660722,58.68776258450869,57.28201286534593,58.46781539916992,2928200
2018-07-09,58.333925189769374,58.917265025342516,57.9992237995085,58.65906524658203,2788700
2018-07-10,58.73557770821911,58.82164431703823,58.31480964731021,58.50606918334961,1502200
2018-07-11,57.65496709534865,58.29568233498862,57.195946405463566,57.549774169921875,2473600
2018-07-12,57.645399063636994,58.92683312311798,57.38719925523725,58.88858413696289,3631300
2018-07-13,58.56344673191241,59.10853402535025,58.30524691165677,58.984214782714844,3079300
2018-07-16,58.821643458455576,59.3762957400767,58.821643458455576,58.9364013671875,1695100
2018-07-17,58.75470289219544,59.28066751814162,58.42956278159787,58.53475570678711,1779700
2018-07-18,58.73557852890476,58.80252246823032,57.846228422643684,57.874916076660156,1916800
2018-07-19,57.6262792897825,57.74103720519396,56.641297560988015,56.81343078613281,2738600
2018-07-20,56.81343018309408,57.004689725444024,56.488290055490886,56.660423278808594,2102600
2018-07-23,56.54566536180463,56.641293302819356,55.77106590688573,55.80931854248047,2462100
2018-07-24,55.9240729165759,56.51697417762808,55.359859308292855,56.210960388183594,2519700
2018-07-25,56.21096381161517,56.72736348074272,55.9527639770514,56.25878143310547,2194900
2018-07-26,56.51698096679528,57.186387579607874,56.31616007734326,56.77518081665039,2548000
2018-07-27,56.87080387538291,58.01835372730358,56.69867066800041,57.00468444824219,2325100
2018-07-30,56.89948779622094,58.085293852880014,56.89948779622094,57.205501556396484,2324200
2018-07-31,57.25332052957286,57.56889929933726,56.88036645474009,57.37763977050781,2495700
2018-08-01,57.32981946785495,57.540201643154425,56.555220103242505,56.76560592651367,4099300
2018-08-02,58.439129857249974,59.51974315292766,57.37764288028906,59.462364196777344,6327000
2018-08-03,58.43913333532802,59.53886936720235,58.43913333532802,58.859901428222656,2603300
2018-08-06,58.898139627239736,63.49791445739787,58.888578293642695,63.402286529541016,14881000
2018-08-07,63.41185352860355,63.440541181579704,62.28342630389441,62.47468948364258,4777600
2018-08-08,62.45555082144472,62.78069453377175,61.64270248454204,62.63724899291992,3106500
2018-08-09,62.656377993173926,62.86676383489532,62.00609779873689,62.13042068481445,2317500
2018-08-10,61.81483659897173,62.350358843822484,61.260184390551515,62.13998031616211,2241600
2018-08-13,62.101739668687514,62.92415315823356,61.70965559523066,62.82851791381836,3222200
2018-08-14,62.90501523364978,63.53617274641522,62.79026462837888,63.0771484375,3311900
2018-08-15,62.656382684794785,63.01977909168563,62.197365628435755,62.55119705200195,2408500
2018-08-16,62.809395630553176,63.31623032692793,62.68508002636809,63.09628677368164,2549400
2018-08-17,62.991099177162674,63.172790106987286,62.68508533667623,63.0197868347168,3088400
2018-08-20,62.866759153829136,63.34490610543161,62.63725065992412,62.96238708496094,2621400
2018-08-21,62.89544850647879,63.7274268513327,62.89544850647879,63.603111267089844,1973900
2018-08-22,63.383163713365605,63.50748659994682,62.656378247004824,62.9337043762207,1750200
2018-08-23,62.637269581108676,63.01978871712901,62.33125573148154,62.35994338989258,1564500
2018-08-24,62.5894423934114,63.048466745715,62.321681227877875,62.55119705200195,1945600
2018-08-27,62.35036253887942,63.05802531401987,62.35036253887942,62.92414474487305,1629300
2018-08-28,62.97195849038433,63.20146700770063,62.55119409129516,62.72332000732422,1697800
2018-08-29,62.86677094080093,63.58399150267725,62.64682738755464,63.09628677368164,2411700
2018-08-30,62.70419778438983,63.45967092588179,62.47468926543793,63.124969482421875,1965700
2018-08-31,63.23971896294809,63.47879246056448,62.82851225521013,63.153656005859375,2375200
2018-09-04,62.86677056648248,63.40230021073733,62.66594968586622,62.89545822143555,2103900
2018-09-05,62.76156084436955,63.144079831950066,62.57030499855071,62.83806610107422,3141100
2018-09-06,62.6372646569794,63.077159075240196,62.51294904832258,62.65638732910156,2277400
2018-09-07,62.47468617443081,62.77113496740754,61.26975374164627,61.575767517089844,2843100
2018-09-10,62.13998849837762,62.92414930128119,61.76702711909768,62.69463348388672,2171600
2018-09-11,62.694633906065775,63.13452828178419,62.388620110090166,63.02934265136719,1375400
2018-09-12,63.115402009118874,65.33400372729862,62.752012927121356,64.95148468017578,5019900
2018-09-13,65.02799802714206,65.70696595455912,64.42553537784252,65.48702239990234,3797300
2018-09-14,65.58264573363095,65.64958602328608,64.93236550729084,65.2670669555664,3161700
2018-09-17,65.05667514940988,65.2001206986694,64.37770733192151,64.47333526611328,2757300
2018-09-18,64.48290509060344,65.58264465625203,64.14820364782628,65.49657440185547,4113100
2018-09-19,65.61133227080093,65.85997075498076,64.76023118997361,65.3626937866211,2847100
2018-09-20,65.77389538520657,66.12772676609998,65.35312372100292,66.10859680175781,1875200
2018-09-21,66.3094352332008,66.72064202426216,65.87910576867071,66.05123901367188,4046100
2018-09-24,65.6973900470372,66.30941757832335,65.50613417948915,65.90777587890625,2749300
2018-09-25,66.47200205055432,66.51025468840845,65.563518317394,66.41461944580078,2610800
2018-09-26,66.43375041525302,66.45287308649634,65.68784220570245,65.7834701538086,2577700
2018-09-27,66.06077868079288,67.54302972073063,65.85995785457973,67.40914916992188,3661000
2018-09-28,67.37090519916562,67.78211188547523,66.92145317566121,67.11270904541016,3703800
2018-10-01,67.6195360110075,67.83948680266631,66.91188061792151,67.17964172363281,2684400
2018-10-02,67.09358507594929,67.495226772201,66.52936786802499,66.67281341552734,2272300
2018-10-03,66.76843220831962,66.92144271696081,65.74519814359519,65.96514892578125,5562000
2018-10-04,65.53482829271347,65.9747226682089,65.27663211646734,65.93647003173828,2890600
2018-10-05,65.93645998334219,66.68237533692863,65.14274160935514,65.59219360351562,2933600
2018-10-08,65.5921982301366,66.2137907539984,65.05667595527416,65.81214904785156,3656400
2018-10-09,65.76433669057113,66.31898897442396,65.25750202620176,65.46788787841797,3237200
2018-10-10,65.54438213823242,66.03209405042809,63.641359396841885,63.717857360839844,6295500
2018-10-11,63.832622766016804,64.75066410556533,63.124967268104314,63.31622314453125,5098300
2018-10-12,64.32990090464777,65.60177380883003,63.91869414975971,65.39138793945312,3870600
2018-10-15,65.14275888228813,65.65915858895399,64.62635917562227,64.66461181640625,3014000
2018-10-16,64.72197792290531,66.10860129833745,64.6072200168777,65.92691040039062,2422300
2018-10-17,65.94603310952876,66.61544328450724,65.5826440174736,66.060791015625,2662700
2018-10-18,66.20424497627711,66.64413939489035,65.34357881118811,65.76434326171875,2954400
2018-10-19,66.49112171763855,67.07446165065745,66.1851079245749,66.70150756835938,4744300
2018-10-22,66.79712892376824,67.14139531900943,66.38592224589368,66.47199249267578,2647300
2018-10-23,66.06079641062668,66.72063436072071,64.82717617913642,66.2520523071289,3113000
2018-10-24,66.03209125703727,66.33810498791311,62.72330821601721,62.83806610107422,5758800
2018-10-25,63.44053990594629,64.07169744250777,62.254737399128416,63.421417236328125,6795200
2018-10-26,61.7287827906033,62.69463451151162,61.4705793157884,62.264305114746094,7111300
2018-10-29,63.2492929574681,63.74656998909089,60.70555072631652,62.073055267333984,4654800
2018-10-30,61.70964834300463,62.627689673131236,60.829859646959626,61.12630844116211,6077300
2018-10-31,64.42552039473641,66.55805163071044,64.31076250424876,65.55394744873047,9212400
2018-11-01,65.94601972053002,66.55804717022856,65.61131834896719,65.86951446533203,4194700
2018-11-02,66.35723735286678,66.4146126558098,64.5976599671372,65.51570129394531,2606400
2018-11-05,65.94603727699702,66.62500518176617,65.57308317854557,65.87909698486328,2743100
2018-11-06,65.84084854215891,66.25205530459337,65.28619620288544,65.76434326171875,3891400
2018-11-07,66.21378710035718,67.68648057091026,66.03209622195092,67.26570892333984,3639600
2018-11-08,67.00752136142304,67.65780158367636,66.48155673462097,66.70150756835938,2763700
2018-11-09,66.38593162063133,66.65369278897688,65.00887314114784,65.67827606201172,2263600
2018-11-12,65.68783626427974,66.13729560526453,64.81760523455273,64.92279815673828,2471500
2018-11-13,65.54439005334987,66.37636843980682,65.27662890716438,65.42007446289062,4005100
2018-11-14,65.65914557600057,66.19466784895091,64.59765871644272,65.14274597167969,3665500
2018-11-15,64.89411396131645,65.37226098001408,64.59766514442617,65.10449981689453,2826800
2018-11-16,64.29166122309975,66.65370172981441,64.07171035048648,66.11817932128906,5257200
2018-11-19,65.53484228083877,66.55807681301324,64.95150221805328,65.02800750732422,3387500
2018-11-20,64.77935030210584,64.81760293572064,63.316221722072676,63.66048812866211,5081100
2018-11-21,63.87086258810771,64.55939527863666,63.717852080904585,63.861297607421875,3274200
2018-11-23,63.48834601038061,64.51158010407747,63.19189726142277,64.13862609863281,1215200
2018-11-26,64.79848668159981,64.92280228119665,64.24383438319315,64.540283203125,3285100
2018-11-27,64.3012096913233,65.14275312226984,64.01432585472799,64.540283203125,2393800
2018-11-28,64.78891373226847,65.9651584759256,64.55940523202207,65.90777587890625,3272000
2018-11-29,65.41051489366617,65.92691455945172,65.10450108756488,65.67827606201172,2814600
2018-11-30,65.86954267935867,66.18512152026585,65.10451168751968,65.45833587646484,3470700
2018-12-03,65.50613378536556,66.00340341556482,64.0430052491894,64.83673095703125,3641200
2018-12-04,64.51158916274602,65.54438838251433,62.60856624005833,63.66048812866211,5329700
2018-12-06,62.809390264523856,64.59766267256381,62.1782327219412,64.35858917236328,4899100
2018-12-07,63.76568734614133,65.47745456579389,62.512944479266835,62.8189582824707,3340800
2018-12-10,62.79982183911124,63.0771479596548,61.527949136738854,62.85720443725586,3012500
2018-12-11,63.708311252727384,64.3968368294906,62.579883999333,62.66594696044922,2475300
2018-12-12,63.85175195916091,64.14820808263948,63.172784043746354,63.211036682128906,3279600
2018-12-13,63.31622545996988,63.9282530420504,62.608569936178824,63.45967102050781,3209600
2018-12-14,62.95283006513251,63.77524341426647,62.532058408568105,62.780696868896484,2872700
2018-12-17,62.85720148418963,63.05802232840157,61.4705709466165,61.9774055480957,3999300
2018-12-18,61.97741049139623,62.761571262934496,61.15500073312762,61.94872283935547,4068400
2018-12-19,61.81485062784797,63.66049855022786,61.66184736428512,62.0348014831543,4204100
2018-12-20,61.795716748410825,62.45555460276939,60.638598313812565,61.45145034790039,5126900
2018-12-21,61.757474102941316,62.51294730979587,59.00334610142984,59.22329330444336,7669100
2018-12-24,58.82164134549793,59.02246585457882,57.339386400024246,58.14267349243164,2581800
2018-12-26,58.25742979949315,60.275210760246786,57.33938841813683,60.25608444213867,5088100
2018-12-27,59.62492834490319,59.92138079272434,58.22874000607848,59.91181945800781,4353500
2018-12-28,59.959640202107046,60.96374826750679,59.87357358804579,60.47603988647461,4098300
2018-12-31,60.55253076007356,60.86810950489552,59.68230343825334,60.829856872558594,3112500
2019-01-02,60.12220342634333,62.474689464931124,59.81618963478221,62.40774917602539,4418600
2019-01-03,61.728778251471304,63.34491008826085,61.308006572903075,62.17823028564453,3390700
2019-01-04,63.00064920344642,64.6072234945917,62.68507771278605,64.540283203125,5490200
2019-01-07,64.42553425062457,65.61133685691937,64.08126780106402,65.44876861572266,4786900
2019-01-08,65.66869507469737,65.67826005579143,64.42551748235715,64.80802917480469,6052700
2019-01-09,65.64958473224861,65.66870740208357,64.18645607574271,64.7602310180664,4498600
2019-01-10,64.49247637247642,65.85041224205519,64.28209050334127,64.98974609375,3230800
2019-01-11,64.86542126157767,66.0416587503438,64.45421456564824,65.98428344726562,4177300
2019-01-14,65.42007201942727,65.52525764069081,64.47333576456145,64.94192504882812,2691000
2019-01-15,64.84629692483512,65.56351745933817,63.784809950095,64.20558166503906,5366700
2019-01-16,64.55941413448771,64.65504208144843,63.47879717559216,63.77525329589844,3261000
2019-01-17,63.803928588488894,63.83261623742446,62.77112945114913,63.354469299316406,3357400
2019-01-18,64.17689282907271,65.07581155046354,63.469237290926955,64.033447265625,4766500
2019-01-22,63.8326286351501,64.25340035711032,63.30666398269983,63.90913391113281,2971200
2019-01-23,63.8804370331573,64.88454127565878,63.6604862204511,64.83673095703125,1979500
2019-01-24,64.76024553020025,65.65916442871094,64.28209842179174,65.65916442871094,2849800
2019-01-25,65.9173518214099,66.24248830949205,65.21925392649099,65.48702239990234,4940400
2019-01-28,64.90368534934719,65.49658304163579,64.12908214137579,64.66461181640625,2958100
2019-01-29,64.7028534580417,64.97061460206632,63.71786454117402,64.8176040649414,2340100
2019-01-30,64.77936254425968,65.68784634842511,64.15776989845075,65.33401489257812,2318300
2019-01-31,65.42007179510371,67.05533355343225,65.05667542929042,66.57718658447266,5816100
2019-02-01,66.4241779926518,66.73019176988709,66.06078891216741,66.58674621582031,3117900
2019-02-04,66.37638092041016,66.58675950629575,65.8695388887512,66.37638092041016,1926200
2019-02-05,66.65368169123329,66.65368169123329,63.88043522715775,63.928245544433594,5001100
2019-02-06,63.88043980206522,64.35858678472755,63.631801328216504,64.01432037353516,4334500
2019-02-07,65.02798472690834,65.46787904219481,62.6946252931821,65.29574584960938,7554600
2019-02-08,64.68373234823122,65.47745820235504,64.02388708444816,65.39138793945312,4129500
2019-02-11,65.19056513057986,66.15642418606612,65.02799688938315,65.44876861572266,2644100
2019-02-12,65.984292325958,66.62500761635718,65.50614528011772,66.55806732177734,2630700
2019-02-13,66.56763874867536,66.90234025397051,65.85041811049479,66.05123901367188,4742400
2019-02-14,66.07991853714029,67.43785436056778,65.99385557320721,67.41873168945312,3200300
2019-02-15,67.56215769435727,68.9200931245616,67.35177189329467,68.90097045898438,5711300
2019-02-19,68.86273626881176,69.67558474840989,68.6236627574038,69.3504409790039,3672800
2019-02-20,69.29305505827854,69.885959902303,69.01572895200628,69.57038116455078,4476900
2019-02-21,69.39825496517959,70.53624715458548,69.22612175414294,70.20154571533203,4561200
2019-02-22,70.57451477781399,70.82314601637877,69.78078884191801,70.000732421875,2522000
2019-02-25,70.16329069283043,70.31629393302173,69.4460702205704,69.8572769165039,2400400
2019-02-26,68.31763616835852,69.78076461698598,68.1359379989927,69.35999298095703,2915400
2019-02-27,68.97748371232726,69.36000277217529,68.63321728805846,68.96792602539062,2742600
2019-02-28,68.92967762378731,69.52257527182323,68.7766670720718,69.05399322509766,3072600
2019-03-01,69.22612419943407,69.42694507007977,68.64278425786796,69.17830657958984,1883600
2019-03-04,69.08268844895063,69.17831640627844,68.16464692590175,68.51847839355469,2439400
2019-03-05,68.61409980093703,68.83405064814528,68.16464041886195,68.2889633178711,1725600
2019-03-06,68.2889474571533,68.47063832774884,66.93100464271907,67.68647766113281,4375400
2019-03-07,67.53348560027084,68.26026379465677,67.43785036253307,68.20288848876953,2309300
2019-03-08,67.8299254265832,68.13593917736662,67.11270501418987,67.56216430664062,3573400
2019-03-11,67.73430120032663,68.4515216519287,67.33265949845595,68.34632873535156,2493100
2019-03-12,68.34632541216321,68.97747558499404,68.13593958923849,68.56626892089844,2773200
2019-03-13,68.96793140590458,69.31219785703124,68.54715967765094,69.09224700927734,1920400
2019-03-14,69.09224361900358,69.27394181927828,68.79579480461389,69.17830657958984,1653300
2019-03-15,69.57995622287642,70.28761176787904,68.94879865596864,70.24935913085938,2806200
2019-03-18,70.07722822756268,70.67969816059717,69.76164943368221,70.45974731445312,2945300
2019-03-19,70.76575161574168,70.82312691748487,69.24524775199698,69.41737365722656,4188100
2019-03-20,69.6182158909326,69.7425315018433,68.86274264937084,68.91055297851562,3136200
2019-03-21,68.92966581800461,69.56081599587048,68.84359557341996,69.10179901123047,2329200
2019-03-22,68.78622549352063,69.30262511238034,68.6714675906816,68.75753784179688,3265900
2019-03-25,68.70971809012515,69.24524765745758,68.5088972383544,69.14961242675781,1972400
2019-03-26,69.40781204810884,70.15372011238817,69.20699120741389,70.13459014892578,2857200
2019-03-27,70.18241935916524,70.56493843624672,68.81491858336148,69.08267974853516,4989700
2019-03-28,68.83405302624425,69.09224922489656,65.90778809782954,66.12773895263672,5866500
2019-03-29,66.29986875113437,66.45287200642845,65.18100645499354,66.07991790771484,5051900
2019-04-01,66.5006890191924,66.9788360435214,66.24248554032576,66.91189575195312,3808300
2019-04-02,66.75888628588069,67.09359504510034,66.19467629006645,66.68238830566406,3913300
2019-04-03,66.76844420509103,66.95970007931422,65.69739233998689,65.98428344726562,3077500
2019-04-04,66.06078937025694,67.06489366379928,65.98428410143163,66.98839569091797,3037100
2019-04-05,67.39961435075892,67.65781055893044,66.98840757778557,67.2752914428711,3483100
2019-04-08,67.07446460200534,68.12638660595083,66.72063317422914,68.11682891845703,4035400
2019-04-09,67.85862853822819,68.52803878656208,67.19878327376985,68.29852294921875,2866800
2019-04-10,68.42283987517989,69.16874804152978,68.07857344518081,69.00617980957031,2629900
2019-04-11,68.9966150426883,69.8190284840466,68.70015893507212,69.80946350097656,2535700
2019-04-12,69.9911565645032,70.65099442903762,69.68514279221284,70.4884262084961,2858700
2019-04-15,70.48843612842477,70.63188170036086,69.99116641445046,70.56494140625,2194500
2019-04-16,70.76576121230154,71.02395740110371,70.30673684827633,70.86138916015625,2834500
2019-04-17,69.54168346465984,71.06218704254042,68.18374807511701,69.29304504394531,7576000
2019-04-18,70.01984535804556,70.55536764430482,69.39825282095521,70.52667999267578,2746800
2019-04-22,70.53626900460668,70.63189697459545,69.81904828577117,70.49801635742188,1912400
2019-04-23,70.34498180443326,70.76575348417637,69.8572771348517,70.52667999267578,2180400
2019-04-24,70.18242872139713,70.641453134317,69.54171337698328,70.12505340576172,2373500
2019-04-25,69.52257002701882,70.36411340607847,69.34087913049432,69.53213500976562,3365800
2019-04-26,71.46384519532246,71.46384519532246,69.4269345520357,69.73294830322266,3561900
2019-04-29,69.75208191384965,70.59361794963031,69.33131024798746,70.38323211669922,2631300
2019-04-30,70.2589205653407,70.51711673225142,69.37913184615972,69.79989624023438,3064900
2019-05-01,69.94332600023269,70.87093212774744,69.8476980820847,70.36409759521484,2941100
2019-05-02,70.5553752475486,70.71794348826126,69.4843305596113,70.39280700683594,2269300
2019-05-03,70.48842990681814,71.51166419559488,70.19198110134226,71.4734115600586,2588800
2019-05-06,70.65099805883506,71.25346794794409,70.13459842357483,71.20565032958984,1875700
2019-05-07,70.57449882159897,71.19608407342221,70.32586034330322,70.76575469970703,2594800
2019-05-08,70.72750792381653,70.72750792381653,69.31219679830964,69.45563507080078,2849200
2019-05-09,69.14005902756526,71.14827496573872,69.09224140925038,71.00482940673828,3319800
2019-05-10,70.76575650417772,72.02806430133339,70.32586213655695,71.94200134277344,3360500
2019-05-13,71.12913900316636,71.47340539736476,70.04852950223136,70.21109771728516,3476800
2019-05-14,70.21109891665957,70.64143556473054,69.8477098481064,70.38323211669922,2987100
2019-05-15,70.16329230033853,71.51166302518898,69.85727851700094,71.36821746826172,3798200
2019-05-16,71.22479033461522,73.75896395381578,71.00483947350496,72.08544921875,4946400
2019-05-17,72.09500462793868,72.98435834658108,71.74117321869151,72.07588195800781,3619000
2019-05-20,76.37920183539823,77.39287110657308,72.4105804098045,74.86825561523438,20102700
2019-05-21,74.74395051657713,74.8682661233006,73.42425998637343,73.77809143066406,6339000
2019-05-22,73.14691919909934,73.75894671837662,72.81221778948576,73.0130386352539,3287300
2019-05-23,72.92696253372264,73.63461785727944,71.96110381506854,72.6878890991211,3887000
2019-05-24,73.15648676783307,74.06496309689923,72.32450840942384,73.89282989501953,3579500
2019-05-28,74.16061461568367,74.57182139404426,72.57316281682102,72.59229278564453,5391300
2019-05-29,72.50620928191528,73.299935036453,71.99937463979535,72.80265808105469,3540700
2019-05-30,72.71660386320963,73.2234385662356,71.7411798005282,72.70703887939453,4111900
2019-05-31,71.54035809392333,71.96112982561266,70.07722931266072,70.23023986816406,5147800
2019-06-03,70.40237098400539,71.37778771028275,70.16329747015907,70.95701599121094,2941000
2019-06-04,71.3682128239665,72.42969966183014,71.26301990879489,72.38188934326172,3144700
2019-06-05,72.62097176282168,73.2043117111424,72.36276828618423,72.95567321777344,1970200
2019-06-06,72.81222951806912,73.09912065591801,71.34910076611807,72.63053131103516,2671000
2019-06-07,73.20431301627737,73.76852300812023,72.9747971894089,73.663330078125,2256600
2019-06-10,73.69201536605078,73.9980291627705,73.04173513602831,73.31906127929688,3096000
2019-06-11,73.75896629100666,74.07454511635991,71.36823087944349,72.16195678710938,3822500
2019-06-12,72.51578595676263,72.58272625432745,71.38735858642333,72.08544921875,3296200
2019-06-13,71.8846081906541,71.98980109963999,70.77531109945278,71.19607543945312,4279700
2019-06-14,71.40647585232075,74.59093682953132,71.03352175184868,71.62642669677734,4813600
2019-06-17,71.79854898531254,72.13325039682174,71.28214939500822,71.98023986816406,2929000
2019-06-18,72.62096647894434,73.75895134298091,72.24801241399918,73.09911346435547,4995900
2019-06-19,73.0034683383858,75.06906653752185,73.0034683383858,74.85868072509766,3377800
2019-06-20,75.65242169903567,75.79586726348691,73.7780862657877,74.52399444580078,3339500
2019-06-21,74.31360968570574,74.35186232318601,71.9133095794175,72.3914566040039,5223900
2019-06-24,72.69747380540025,73.20431580374243,72.08544616900225,72.23845672607422,2123000
2019-06-25,72.1715050787199,72.20019272967208,71.19608117068324,71.32040405273438,2593900
2019-06-26,71.03350432943772,71.14826221526114,69.58949860725019,69.84770202636719,4393300
2019-06-27,70.23977995461601,70.49798337833877,69.73294538442181,70.08677673339844,2319600
2019-06-28,70.08678688859172,71.23433674979785,69.71383281890253,70.8996353149414,4117800
2019-07-01,71.40646456969888,71.40646456969888,70.68924413658594,70.90919494628906,2226100
2019-07-02,71.1482692339437,72.4679522193551,70.68924494131073,72.18106842041016,2871700
2019-07-03,72.5731582513233,73.66333293542868,72.29583208839193,72.50621795654297,2080900
2019-07-05,72.5157734943246,73.08954841712156,72.32451032276298,72.8982925415039,1318500
2019-07-08,73.03218684974274,73.05130952252357,72.1332680141916,72.32452392578125,1667300
2019-07-09,72.05674965128655,72.51577397010216,71.79855348791429,71.86549377441406,3553000
2019-07-10,74.55268983243096,75.49941898249683,74.17973570374,75.19340515136719,14441200
2019-07-11,75.28904378122152,75.43248207104516,73.58683401721012,74.83958435058594,10108700
2019-07-12,74.78218683797145,76.24532276614525,74.60049594174917,75.97755432128906,63068400
2019-07-15,76.18794012474058,76.50351889119334,75.15514086868289,75.84367370605469,6189800
2019-07-16,75.88192088662613,76.11142938393832,75.38465125979249,75.5854721069336,5234900
2019-07-17,75.76717676265312,75.98712029672824,75.4515979919079,75.48028564453125,3238100
2019-07-18,75.33684407561333,75.61417022556765,73.8928380175562,74.56224822998047,6372500
2019-07-19,74.5813750239224,74.5813750239224,73.57727059369192,74.04585266113281,5311800
2019-07-22,74.39966577499693,75.22207908433683,73.89282389686727,74.26578521728516,4694700
2019-07-23,74.34229629516948,74.74394533509596,73.58682313142553,74.72481536865234,3507800
2019-07-24,75.73849009780623,78.00490975020952,75.38466594882735,77.08686828613281,10198400
2019-07-25,77.80408873979299,77.85190636328169,76.22620201195117,76.41746520996094,5501600
2019-07-26,77.5554369181237,81.49537056950349,77.41199136822476,80.56776428222656,12333200
2019-07-29,80.931156688615,81.08416722706687,78.33960088512474,78.77949523925781,5858900
2019-07-30,78.12922352673539,78.73169346738146,77.47894325958943,77.74671173095703,5285000
2019-07-31,77.67019918615824,78.08140589449548,75.49940773890906,76.24532318115234,4596600
2019-08-01,76.49395390846759,76.7999676921946,75.32727407802584,75.84367370605469,4761400
2019-08-02,75.92018513558646,75.92018513558646,73.43382202908602,74.3327407836914,5428000
2019-08-05,73.49120436462529,73.63464994708791,72.31496663951162,72.86005401611328,4046200
2019-08-06,73.16606155925095,73.940657423585,72.64966188438,73.90240478515625,4010400
2019-08-07,73.14692493531398,73.44338103217154,71.98024510521775,73.13736724853516,3492700
2019-08-08,73.57725897489499,74.64830353134245,73.47206605653764,74.49530029296875,3023400
2019-08-09,74.20842514444782,74.7917651640541,73.64421509371623,74.13191986083984,2698600
2019-08-12,73.70157847218846,74.21797810899116,73.41468735309444,73.57726287841797,1888200
2019-08-13,73.56767877882325,74.83955122252705,73.42423325655083,74.22752380371094,2541600
2019-08-14,73.41466985292521,73.9980096390041,72.78351975569024,73.56768035888672,2900800
2019-08-15,73.12779911684376,74.39967181429142,72.86959566605229,73.89282989501953,2582100
2019-08-16,74.58136856829572,74.83000705633133,74.07453390510553,74.35186004638672,3094600
2019-08-19,74.83956258858771,75.06907108151417,74.32316300754562,74.81087493896484,1697300
2019-08-20,74.57181852190382,74.82044973947016,74.24667472793575,74.28492736816406,1856000
2019-08-21,74.6578686049516,74.88737711076453,74.37097750072756,74.7630615234375,1221500
2019-08-22,74.88737583797221,74.99256875467024,74.12234506628371,74.39010620117188,2010900
2019-08-23,74.24666447823799,74.8300043932861,72.79310082995123,73.13736724853516,2883800
2019-08-26,73.63464601406639,74.65788041359289,73.32863219259899,74.6483154296875,1735900
2019-08-27,74.30404995000018,74.68656905587325,73.65376965879946,73.74940490722656,1871900
2019-08-28,73.56770100254174,73.98847271606513,72.94610841554889,73.6920166015625,2035600
2019-08-29,74.46662142880636,74.98302109914731,74.01716205114231,74.60050201416016,1389900
2019-08-30,74.95431197624804,74.95431197624804,74.39010208693001,74.63874053955078,1701100
2019-09-03,74.49529970244963,74.53355233572579,73.63463369359548,73.75894927978516,1752700
2019-09-04,74.12235148839883,74.43792296989096,73.65376216580127,74.21797943115234,1876500
2019-09-05,74.80130637508157,75.13600776455961,74.1701489298289,74.42835235595703,1963000
2019-09-06,74.5526740846216,75.70978886716074,74.4474811683959,75.69066619873047,2930500
2019-09-09,75.86281777578344,75.99669837505834,75.15515484139274,75.67155456542969,2514400
2019-09-10,75.33684188291559,75.33684188291559,74.53355840651975,74.9543228149414,2254200
2019-09-11,74.96388734975832,76.28357046563626,74.79175413499648,76.2548828125,2412200
2019-09-12,76.3887602914445,77.07729312255303,75.92017828536275,76.20706939697266,2005900
2019-09-13,76.58957876842591,76.58957876842591,75.57590951857671,75.92974090576172,1737700
2019-09-16,75.5089734714619,76.15925368422094,75.29858762381278,76.08274841308594,2178800
2019-09-17,76.24532105615978,77.02948181579166,75.60459855455376,76.70433807373047,2851800
2019-09-18,76.7043414620352,77.02948521845914,76.10187886388177,76.61827850341797,2200400
2019-09-19,77.19205481951401,77.6032615418576,77.01992160327845,77.4598159790039,2257200
2019-09-20,77.0390461105825,77.31637225979412,75.62373500640307,77.06773376464844,7141600
2019-09-23,76.52264630411656,77.24943182149856,76.32182543009216,76.46527099609375,2361200
2019-09-24,76.97209663954625,76.97209663954625,75.57590837260305,75.89148712158203,3631000
2019-09-25,76.05406196285546,76.53220897109264,75.41334672284428,76.32182312011719,1957600
2019-09-26,76.47483229891196,76.51308493440105,75.50897331665936,75.54722595214844,1902600
2019-09-27,75.60459934911596,75.69066960077998,73.41468527026416,74.17015838623047,3373400
2019-09-30,74.4666042556095,75.63327661664707,74.2275307946198,75.32726287841797,2191100
2019-10-01,75.43246863200777,75.90105794843308,74.59093253253955,74.78218841552734,2803500
2019-10-02,74.2084195707403,74.56225100889223,72.50621726601321,73.0704345703125,3282000
2019-10-03,73.25212334158314,74.02672648936108,72.69747103723465,73.663330078125,2321600
2019-10-04,73.5963783051119,74.65786512696947,73.5963783051119,74.58135986328125,1838400
2019-10-07,74.23708643487497,75.24119786174734,74.23708643487497,75.04994201660156,1908200
2019-10-08,74.38054766342773,74.72481409409583,73.9789059262964,74.21797943115234,2308700
2019-10-09,74.69611996903602,74.85868818722616,73.93108190140379,74.39010620117188,1967200
2019-10-10,74.32317817962584,75.05952142205356,73.66333291982735,74.8778305053711,2393300
2019-10-11,75.22210585739096,76.53222425214547,75.11691291089954,76.0540771484375,2070000
2019-10-14,76.05407133140218,76.05407133140218,75.13602983801327,75.19340515136719,1982300
2019-10-15,75.49940966415325,76.44614599331558,75.355971398472,76.2548828125,1805000
2019-10-16,76.25488855146821,76.67566028498555,76.12100796279358,76.51309204101562,2261500
2019-10-17,76.93385474715362,77.6319526260559,75.70979950913646,77.50763702392578,3903800
2019-10-18,77.59370542751135,78.73169778135744,77.24943895569145,78.03359985351562,3197200
2019-10-21,78.19614537664154,78.92293074989587,78.13877007999673,78.50215911865234,2899400
2019-10-22,78.92294599019256,78.96119862732351,78.08140986114506,78.10053253173828,2141800
2019-10-23,77.88059769003668,78.17704654099421,77.5267662289989,77.80409240722656,1256200
2019-10-24,77.69888767027908,78.06227676453554,77.4789368395816,77.91883850097656,1884900
2019-10-25,78.11008678666013,78.58823374120729,77.94751857314056,78.0527114868164,2006100
2019-10-28,78.42567340458585,79.48716033396937,78.18659990330028,78.7890625,3054300
2019-10-29,77.68932469592988,78.76994161564004,76.2357609853802,78.19615936279297,4154800
2019-10-30,78.00490305709732,80.18525225919052,77.97621540379784,79.63059997558594,4150000
2019-10-31,79.70710967891434,79.85055524932964,78.20572827324976,79.04727172851562,2548900
2019-11-01,79.45845232590916,79.55408754746077,78.41609553367276,78.86555480957031,2585800
2019-11-04,79.08551055629117,79.19070347953398,76.93384906514238,77.38330841064453,3055800
2019-11-05,77.51718720878537,78.27266032386632,77.31636634973003,77.90927124023438,1622800
2019-11-06,78.03358047720867,78.36828188171776,77.73713170406396,78.28221893310547,2705600
2019-11-07,78.79861851260954,79.40108104072591,78.00489282767124,78.28221893310547,2674200
2019-11-08,78.22485640082779,78.26310174249063,77.29725000269454,77.4024429321289,1614800
2019-11-11,77.06772811862396,77.5936927244488,74.16060084843728,76.14012908935547,6388500
2019-11-12,76.14013908066998,76.16882673639871,73.82590180730423,74.04585266113281,4346000
2019-11-13,74.23710445915849,74.6578761757712,73.44338594274532,74.56224822998047,2715800
2019-11-14,73.9980280602287,74.41879976042816,73.1469269727848,73.48162841796875,2881500
2019-11-15,74.17014032139299,76.02535251623921,73.95019684638184,74.65785217285156,3941400
2019-11-18,73.51031351923434,75.02125231164612,72.9939139461531,74.77262115478516,4235800
2019-11-19,74.78217497109272,74.87781019133745,73.55812002976684,73.78763580322266,2332900
2019-11-20,73.49120036699169,74.2849262236233,73.36688476012391,74.24667358398438,2779400
2019-11-21,74.43791193126052,74.53354715577633,73.97889495573503,74.30403137207031,1694800
2019-11-22,74.54311614697428,75.33684193679815,74.3901128972418,75.15514373779297,2896100
2019-11-25,75.29857489312417,75.4228977616854,74.19883551830964,74.5909194946289,2978200
2019-11-26,74.50486319412687,75.25077128822907,74.19884213404019,75.02125549316406,2832200
2019-11-27,75.04038710476814,75.83411283091962,75.04038710476814,75.5280990600586,2081500
2019-11-29,75.43246906214269,75.81498812624373,75.06907996401607,75.11689758300781,872900
2019-12-02,75.14559237563681,75.39422358937237,73.50076535088768,74.24667358398438,2881400
2019-12-03,74.06497237680027,74.6483123398181,73.4529447591987,74.60050201416016,1956600
2019-12-04,74.63875018907221,75.09776722685315,74.05541026093641,74.91606903076172,1905500
2019-12-05,74.65787247457624,74.78218806834673,73.53901024280916,73.57726287841797,2820400
2019-12-06,74.15103690590408,74.59093126606243,73.2808058724135,74.34229278564453,2900300
2019-12-09,74.30403610526518,74.49529927053707,72.00893648955244,72.55402374267578,4364300
2019-12-10,72.47751554979287,72.59227344432188,71.65510221219365,71.74116516113281,3080600
2019-12-11,71.79855985890423,72.11413865009611,71.0622093461232,71.3586654663086,3374000
2019-12-12,71.94200320063933,71.96112587105395,71.2056527106485,71.61685943603516,2845600
2019-12-13,71.69336179276124,72.2384490767069,71.3873480069662,72.1715087890625,2725400
2019-12-16,72.22888409391652,72.53489787971155,71.94200027370226,72.1715087890625,3487900
2019-12-17,72.15238304369753,72.39145655583165,71.74117631098908,72.19063568115234,3603800
2019-12-18,72.31494702423835,73.07997776328376,72.16193649886323,72.97478485107422,4106300
2019-12-19,72.71659689305243,74.16060288103101,72.67834425740364,73.84502410888672,2991900
2019-12-20,74.52400085250957,74.52400085250957,73.65376970371896,74.01716613769531,5944300
2019-12-23,74.08409410261686,74.17015705679425,73.55812950727537,73.59638214111328,1709400
2019-12-24,73.68245477311879,74.02672119284503,73.5581318851407,73.9406509399414,470100
2019-12-26,74.07454145003048,74.15104673044077,73.93109587324744,74.01716613769531,1240900
2019-12-27,73.94064863935061,74.11278184385797,73.64419984667724,73.86414337158203,1310000
2019-12-30,74.08408721906312,74.6865497301585,73.806761121464,74.66742706298828,2342000
2019-12-31,74.53355196458588,75.01169893424128,74.38054143224315,74.99256896972656,1714900
2020-01-02,75.43246987987399,75.44203486296489,74.52399347673688,75.15514373779297,3392700
2020-01-03,74.64831658473244,75.00214803525668,74.08410655664946,74.75350952148438,1831900
2020-01-06,74.71524857141178,75.40378142777509,74.5622453233001,75.183837890625,2675300
2020-01-07,75.13602454893774,76.03494330657921,74.73438279184273,75.4707260131836,3262400
2020-01-08,75.75761952623785,76.3027068696508,74.66744483941191,75.9488754272461,3037400
2020-01-09,76.2835704839449,76.81910009441269,75.92974636725376,76.32182312011719,2981900
2020-01-10,76.70434081590221,76.70434081590221,75.40378039305045,75.54722595214844,2224800
2020-01-13,75.70979008757777,76.0827441435013,75.44202894957563,75.92974090576172,2283400
2020-01-14,75.70979360433587,76.45570175083074,75.41334480148385,76.31226348876953,2050100
2020-01-15,76.36963440028622,76.96253926782644,76.14012589824705,76.76171112060547,1612300
2020-01-16,76.76172272571534,77.95709032780721,76.76172272571534,77.8805923461914,3109300
2020-01-17,78.36829187250581,78.64561801329498,78.00490277213258,78.55955505371094,3559600
2020-01-21,78.40653344093603,79.32457469329755,78.22484256436896,78.44478607177734,3612000
2020-01-22,78.54998789315452,79.40108896207673,78.48304760557448,78.88468933105469,1672500
2020-01-23,78.7030071247571,78.76994741972909,78.36829835395213,78.58824920654297,1754900
2020-01-24,78.69342549255184,78.98030928347664,77.77538422889435,78.01445770263672,1596500
2020-01-27,77.35461533605027,77.98577283126703,76.86690338937765,77.19204711914062,1934600
2020-01-28,77.53633577012756,78.70301586573866,77.39289018041467,78.09098815917969,2395000
2020-01-29,78.29178527264291,78.31090794068501,76.58957597915399,76.75215148925781,2602400
2020-01-30,76.11144012469708,77.50763586156327,76.10188243725368,77.4024429321289,2352700
2020-01-31,77.06772567169484,77.25898883862395,75.70023233185674,75.72891998291016,2863600
2020-02-03,76.84779537081924,77.23031447454356,75.86281360349203,75.98712921142578,2873600
2020-02-04,76.64697962092534,78.31092944333096,75.76719073054495,77.94754028320312,4597800
2020-02-05,78.37785448202584,79.0950749739506,78.1770336198002,78.21528625488281,2758800
2020-02-06,78.54041541950016,79.4488990025178,78.41609983897801,79.1524429321289,2976200
2020-02-07,79.72622896327324,82.04045856327102,78.66474209875601,81.70575714111328,6740600
2020-02-10,81.67707655741062,81.90658508161427,80.6920875784834,80.83553314208984,3423100
2020-02-11,89.60474869512734,91.06788470599035,88.61020931323146,90.36022186279297,25874400
2020-02-12,89.89164568922055,92.06243009298912,89.8151404099476,91.48865509033203,8915500
2020-02-13,90.96266597008096,91.94764738519282,90.65665225571666,90.9817886352539,5490500
2020-02-14,91.09657989419851,92.39714048079051,90.86706405236808,92.26325988769531,3045900
2020-02-18,92.61707119444957,95.64852138262829,92.07198391362266,95.51464080810547,7460100
2020-02-19,96.7387068541963,96.92039775729681,95.28513585372586,96.09798431396484,6091300
2020-02-20,95.72503536126585,96.0310491731498,93.93677011204663,95.15126037597656,6350400
2020-02-21,94.64442092507583,95.14169060840396,92.39713142305776,94.26190185546875,12101000
2020-02-24,91.9285423465505,93.05696959218258,91.68946883939068,92.1580581665039,4700900
2020-02-25,92.33973932422748,92.76051098711844,90.32195855310023,90.44628143310547,5117500
2020-02-26,90.54191215045843,91.47908343863581,89.35610968651358,89.55693054199219,4371300
2020-02-27,88.77276948119547,89.24135147568747,87.17576032939552,87.25225830078125,5856400
2020-02-28,85.53094947965386,86.54461892462098,83.6566138569103,86.219482421875,6957600
2020-03-02,86.33422973301303,89.27961729676825,85.0910517870258,89.21267700195312,5160600
2020-03-03,88.58151005518323,89.81513018320028,84.89021465393832,85.46399688720703,5702000
2020-03-04,86.47766694706428,89.85338360889543,86.30553373475828,89.7099380493164,5222200
2020-03-05,87.60609353306563,89.08835214483436,85.29186381441072,85.93257904052734,4941300
2020-03-06,82.33691705564775,84.4216383969901,81.68663680341403,84.0199966430664,5978500
2020-03-09,79.6305939346022,81.17979275874741,76.10187422352051,76.26444244384766,7946600
2020-03-10,78.39698707671316,81.29455679391302,76.70434257327632,81.265869140625,6713600
2020-03-11,79.23853086306237,83.99131377659452,79.22896587905855,82.67162322998047,8840300
2020-03-12,78.43522959713432,81.28498888837757,73.07042704276999,73.4051284790039,9075300
2020-03-13,76.64697955239978,81.78227460053103,73.26169729884558,81.657958984375,7401700
2020-03-16,74.91608613660394,77.02950279575776,71.56905634677368,73.18519592285156,6787700
2020-03-17,74.20840820785317,76.88603415545383,72.15237477979663,74.92562866210938,7609100
2020-03-18,71.33952320858825,72.77396405311458,60.724662418281966,71.07176208496094,11114200
2020-03-19,71.50209817191019,78.40654192290371,70.3928009412824,75.97755432128906,8906200
2020-03-20,76.50353305937787,78.41612138586231,69.96248448485488,71.29173278808594,6836600
2020-03-23,71.70293101719294,73.30950531164105,67.73430925393686,72.3914566040039,8328800
2020-03-24,75.06907885515044,76.22619371740443,72.51577563110378,75.2125244140625,5929100
2020-03-25,74.37098754623823,81.7344563551372,74.35186487481413,75.70980072021484,6252700
2020-03-26,76.50351409220345,81.27541874084041,76.24531794235746,80.93115234375,4821300
2020-03-27,78.93250672639617,80.2330671350923,77.47893577740913,78.14834594726562,4309600
2020-03-30,78.69344151296066,80.19482294187621,77.6893298004483,79.48716735839844,5625200
2020-03-31,79.41065692613687,81.04591883779317,78.39698759159943,80.23307037353516,6920600
2020-04-01,79.3628332779086,82.92024795764998,79.08550715546168,81.4093017578125,11018800
2020-04-02,81.33281467778619,84.65114901721306,80.3478256436994,80.72078704833984,22956100
2020-04-03,80.86421310196914,81.2754197873472,77.49806164878464,78.39698028564453,8378500
2020-04-06,80.79728535145028,82.70987352506408,79.36284422123994,82.32735443115234,5256300
2020-04-07,83.82873583995242,84.067809340802,81.44755851841067,82.72899627685547,4410100
2020-04-08,82.81504184476364,83.80958827496626,82.24126702240055,83.05411529541016,3831600
2020-04-09,83.08283220062371,83.91481072840288,81.21806154725954,82.14566802978516,5770900
2020-04-13,80.89290805983084,83.46534132137391,80.77815744625352,82.40385437011719,3955700
2020-04-14,83.37927686375393,86.00908538485604,82.62380372217855,85.70307159423828,4787100
2020-04-15,84.07736791226408,85.48312127939948,83.29320711306569,84.67027282714844,5804000
2020-04-16,85.2153639434288,86.62111737358812,84.22081724933005,86.32466125488281,4796400
2020-04-17,88.69627852564777,89.22224320347706,85.93258913693391,87.01319885253906,3847500
2020-04-20,85.66482777640587,87.72086156373246,85.1579930675185,86.00909423828125,3508700
2020-04-21,85.34923452384076,85.96126206448189,82.33690714028116,83.407958984375,3946400
2020-04-22,85.95171393638715,86.68806450357458,84.42164478475418,86.219482421875,4261100
2020-04-23,86.71673767749395,87.8642875255785,85.38748964001749,86.39159393310547,4537100
2020-04-24,86.43941315451087,87.02275307196552,85.11973007512425,86.83149719238281,3564100
2020-04-27,87.32876803138066,87.38614333683832,85.12928890687724,86.93669128417969,3726300
2020-04-28,87.25225448454506,87.41482999449569,84.04867133866121,84.09648895263672,3356500
2020-04-29,85.1484276432333,86.09515676052193,84.1251932468247,85.40662384033203,3110700
2020-04-30,85.01455335566709,85.12930398690962,83.484484139554,83.96263122558594,3938100
2020-05-01,83.90524231284364,84.25907375647537,82.05959440752832,82.43254852294922,3162000
2020-05-04,82.97763588751567,85.08148728611539,82.29866795169579,85.0719223022461,4212200
2020-05-05,84.89977611813154,85.8465050902777,84.57463967563555,85.08147430419922,3020100
2020-05-06,85.32055417380317,85.8082661699661,82.63337029523336,82.80549621582031,3840900
2020-05-07,86.40116453550552,91.23045232685737,86.2864139207997,91.12525939941406,10442000
2020-05-08,92.41625821729053,94.45316195712107,90.876624182978,94.2140884399414,4851100
2020-05-11,92.26324356990116,93.20040755581951,91.78509659457112,92.49275207519531,3732800
2020-05-12,91.97635686849516,92.44493888388159,90.41760028085383,90.4749755859375,3773600
2020-05-13,90.26459432326358,90.39847490588711,87.50090511690786,88.72496032714844,3256900
2020-05-14,88.49544438519861,90.9148669489855,88.1320553050853,90.7618637084961,3990100
2020-05-15,90.86705673297787,93.40123740548464,89.63344383824679,93.06653594970703,6715500
2020-05-18,93.86982029551075,98.24008347908152,93.78375004367965,97.44635772705078,6383600
2020-05-19,94.10889747737721,95.39989293787829,91.94767096155039,94.29058837890625,21394500
2020-05-20,94.80697904364872,95.43813653555475,93.52554868751511,93.8506851196289,5978700
2020-05-21,94.43402970250453,94.43402970250453,88.93533936539667,90.26458740234375,5586900
2020-05-22,90.40802842861677,92.49274947427052,90.22633024839874,91.61296081542969,4849300
2020-05-26,92.6840083807328,92.9900221545385,90.33152612661206,91.39301300048828,5007200
2020-05-27,91.47908824626208,93.87938095165978,90.90530600508973,92.95177459716797,4540400
2020-05-28,93.25778734422208,95.46683143775238,92.90396323486158,94.88349151611328,5457700
2020-05-29,94.93131302429518,96.01193003725795,93.06654242945373,95.66766357421875,9777300
2020-06-01,95.59115253439758,96.58569922369952,94.97912492497247,95.34251403808594,2903300
2020-06-02,94.34797736562253,96.10755496947787,94.20453179453882,96.02149200439453,4720200
2020-06-03,96.49963046151896,97.87668885199261,96.0501711168718,96.78651428222656,3756300
2020-06-04,97.10210245423522,97.24554802645166,95.42858780224819,95.79197692871094,2534100
2020-06-05,96.87258223394402,98.46959141536558,96.10754413834576,96.71000671386719,3957900
2020-06-08,96.33703329972593,100.5160397424963,96.05014954345407,99.89444732666016,5043500
2020-06-09,97.71412601603507,99.01468650365375,97.3220419547047,98.67998504638672,5037000
2020-06-10,98.31659175764095,102.05570510213256,98.31659175764095,101.16635131835938,6273500
2020-06-11,99.94227030293403,100.7073009900325,96.33703847497594,96.48048400878906,7689300
2020-06-12,99.6936526955753,100.45869083847548,95.87804155613426,97.83843994140625,5289300
2020-06-15,96.89169513556179,100.59255505882497,96.32748525129234,100.10484313964844,3842000
2020-06-16,99.45456850875998,99.45456850875998,95.73458571263666,98.39308166503906,5766100
2020-06-17,98.49828637832267,100.21961857321486,97.86712880821402,98.14445495605469,3757400
2020-06-18,99.28244460104307,102.1704493235621,98.73735730292762,101.74011993408203,4698900
2020-06-19,102.64859337380615,104.23604489909323,101.74011700177886,102.22782897949219,9268300
2020-06-22,102.18956404846556,103.94914127610784,101.39583838132673,101.94092559814453,5090500
2020-06-23,99.16767982611978,105.63222897942573,98.97642395424757,102.4764633178711,22929100
2020-06-24,100.85076925989979,104.36993164256178,99.9996681422619,103.69096374511719,66903100
2020-06-25,104.98194705136302,106.70327905330477,103.76745696373013,105.37403106689453,55407300
2020-06-26,104.37949279757761,105.04889568714192,100.15267501845602,100.60212707519531,25367800
2020-06-29,101.16635021667885,101.61580959548995,99.40676533962525,101.32891845703125,9096800
2020-06-30,101.27154473367817,101.55842858068489,99.45458451885625,99.59803009033203,10833800
2020-07-01,101.06117138272195,101.60625878507227,99.3111512450909,101.49150085449219,9599900
2020-07-02,102.27564329693956,102.6485973838949,100.74557431251453,101.3767318725586,6411900
2020-07-06,101.94093442274438,102.97373364799688,101.55841538050895,102.11306762695312,5256500
2020-07-07,101.78794621870445,102.88767859565199,100.93684505438341,101.17591857910156,5572500
2020-07-08,101.60624167983795,101.96963078824699,100.76470555175908,101.95050811767578,4300400
2020-07-09,101.99832106135977,102.05569636638722,100.45868714494016,101.52973175048828,3956600
2020-07-10,101.195039552772,102.50516507278329,100.68820485622558,102.37128448486328,4557900
2020-07-13,102.2182626136555,102.84942014050272,99.67452442883089,99.95184326171875,5752500
2020-07-14,99.0433813643728,101.88357605802454,99.0433813643728,100.7838363647461,7881900
2020-07-15,100.89856776029697,101.44365497162423,99.96139656218429,100.3343505859375,4476300
2020-07-16,99.93272935114805,100.27699579670319,98.90949499795495,99.92316436767578,5751200
2020-07-17,100.2865654955402,101.10897901015258,99.54064996446884,100.7455825805664,4009300
2020-07-20,100.79339728158149,101.63493344369131,100.43956584617717,101.50105285644531,3632400
2020-07-21,101.70186593950851,101.82618882952242,100.64994399353922,100.96552276611328,3602400
2020-07-22,101.0420386417665,101.6923116290941,100.16224252020115,100.34394073486328,4655300
2020-07-23,100.61168648284087,100.67862676808785,99.79883807742932,99.9422836303711,6640800
2020-07-24,99.95185664973867,100.63083188475666,99.67453777970543,100.34394073486328,4990000
2020-07-27,99.96141983009714,101.62536949999982,99.78928660245583,101.0037841796875,7958900
2020-07-28,100.41086758087526,100.88901456935562,99.45457360391455,99.95184326171875,3670000
2020-07-29,100.6212389540446,101.72097832859812,99.97095885138239,101.1567611694336,3606200
2020-07-30,100.14311801505443,101.31935565700553,100.01879511426885,100.86990356445312,2689400
2020-07-31,101.01332942457014,102.7250965063836,100.45868446688752,102.68684387207031,4119200
2020-08-03,103.26063905259538,103.98741730794447,102.15133440609692,102.20870971679688,4548000
2020-08-04,101.96962290948515,103.68138998315547,101.73054941812244,103.65270233154297,2991200
2020-08-05,103.9874112947453,104.38906033425383,102.57210020905924,103.18412780761719,3112500
2020-08-06,102.6294808803901,103.56665229363216,102.4956002922048,103.3753890991211,4016600
2020-08-07,108.29071799328284,112.84267894971163,108.14727245068352,110.05986022949219,13771200
2020-08-10,110.03118841416227,111.55169971101438,108.63500001022712,110.9970474243164,4812500
2020-08-11,111.00660445588508,111.12135506150324,108.32897845365497,108.62542724609375,4763100
2020-08-12,109.27571923419866,111.1596197033394,109.08446334021211,110.212890625,3512200
2020-08-13,110.11725849518406,112.02984654617833,109.86862000569037,110.32764434814453,3030500
2020-08-14,110.6432189467842,111.01617304355301,109.33310076437137,110.44239807128906,2027600
2020-08-17,110.91098386516055,112.19241435239528,110.75797331961017,111.7620849609375,3308700
2020-08-18,112.5366856558481,112.5845032773888,110.79623075255928,110.94923400878906,2363300
2020-08-19,111.58993203546969,111.8194405173137,109.89728783001956,110.10767364501953,2700400
2020-08-20,109.55303253063883,110.79621758348688,109.50522221072549,110.3563232421875,2268800
2020-08-21,109.34263785120187,110.21286877700364,108.42459660935346,109.98336029052734,2841000
2020-08-24,110.00250703676313,111.01617642853527,109.74431084495234,110.22245788574219,2713500
2020-08-25,110.50934404019497,110.50934404019497,109.59130257822221,110.36590576171875,2322300
2020-08-26,110.07900944464684,111.15961910212117,109.7251780171463,111.11180877685547,2953400
2020-08-27,111.52300609094972,111.52300609094972,109.973807223522,110.20331573486328,2464800
2020-08-28,110.21289004425718,111.26481204752972,109.85905861670734,111.17874908447266,2797900
2020-08-31,110.44239111537084,111.99159000926151,110.36589314091304,111.58038330078125,3926100
2020-09-01,111.53256801535449,112.20197820145512,110.8822877952265,111.790771484375,2938100
2020-09-02,112.68013023906975,113.99024842486861,112.02028500649129,113.68423461914062,3600400
2020-09-03,113.5120962494044,113.94243293215634,108.95057702465509,109.82080078125,4411900
2020-09-04,110.44238778935377,110.93009975354833,107.30574475677689,109.29483795166016,4691000
2020-09-08,107.70739493206739,108.874074826414,106.22514354992673,106.6937255859375,5686500
2020-09-09,106.76065570063402,109.55303227592589,106.76065570063402,108.25247192382812,4024200
2020-09-10,108.16641389621766,109.92599133745045,106.39727147221134,106.83716583251953,3862000
2020-09-11,107.37269576955435,108.46287041306147,105.62267589068173,106.70329284667969,3098100
2020-09-14,108.0134089011564,108.52980855827707,106.76066604344084,107.36312866210938,3939000
2020-09-15,108.17596803977568,111.07353737456499,107.56394053058985,110.86315155029297,4821500
2020-09-16,111.32219025307609,112.2880419591795,108.52980617269762,108.78800964355469,5758900
2020-09-17,106.09126868734877,107.86041129479396,105.29754284156179,107.01887512207031,5859000
2020-09-18,107.30574294289944,107.72651461438161,103.07892544717981,105.88086700439453,8822900
2020-09-21,105.1158342017414,105.83305469814401,104.14041753684927,105.7374267578125,4562600
2020-09-22,106.76065430471024,107.68826058888078,105.80436036984473,107.47787475585938,4332100
2020-09-23,107.86995805473784,107.89864570524227,103.91090177436607,104.23603820800781,3542000
2020-09-24,103.48058314823814,107.24838421737894,103.42320783723841,105.71831512451172,4184700
2020-09-25,105.43141673338359,107.64045360642844,104.91501708203326,107.12405395507812,5134700
2020-09-28,107.93690642530929,109.47654034925256,107.5735100358418,109.24702453613281,5850900
2020-09-29,109.35222036008707,109.82080238973201,108.33855102772823,108.5584945678711,3221100
2020-09-30,108.40549185837284,110.05987644506126,107.11449637665805,109.36178588867188,5174400
2020-10-01,109.97380770195036,111.34130838521237,108.91232080045602,110.67190551757812,4306500
2020-10-02,109.40958673032863,110.64319941980564,108.06120885233082,108.45329284667969,4014900
2020-10-05,108.5011168666432,109.96424552606366,108.46286423095286,109.78255462646484,2657000
2020-10-06,108.64455995407168,109.46697336283779,106.91367018015292,107.5352554321289,3335500
2020-10-07,108.08033296139725,109.51477380600367,107.69782123959027,109.22789001464844,3367400
2020-10-08,109.8686230990251,110.54759100073099,109.28528314337245,110.44239807128906,2254800
2020-10-09,110.5284596091823,112.38366496326155,110.47107700932219,112.1063461303711,3340100
2020-10-12,112.90005937144973,116.05583226806117,112.26890916969366,114.82221221923828,6498700
2020-10-13,115.5203172968776,118.02580288965602,114.82221947162652,116.25666046142578,5326500
2020-10-14,116.715682282392,116.89737317595682,111.36043019870127,111.57081604003906,6618700
2020-10-15,110.74839341409107,111.83856786844017,109.08444408312828,110.26068878173828,3287400
2020-10-16,110.74840292405855,111.67600924727695,109.8303615834557,109.93555450439453,3761400
2020-10-19,110.42327990963179,110.49978518797633,107.1145032286518,107.82215881347656,3037500
2020-10-20,108.92188431306413,109.21833310816629,107.77432717496526,108.12815856933594,2745000
2020-10-21,107.74565005322808,108.81670202760489,107.30575566087991,107.50657653808594,3029700
2020-10-22,107.84127553071289,108.78801188207723,106.03388038130026,106.76066589355469,3604500
2020-10-23,107.58307302894914,107.69783093338656,106.05300411617068,107.46831512451172,2269300
2020-10-26,106.320779133038,107.14319264892653,105.21147446660417,106.8945541381836,2764700
2020-10-27,106.89453727219907,108.5967393471311,106.27294474139008,107.88908386230469,2628900
2020-10-28,106.4355320974759,107.03799473044013,104.8672104183148,105.00109100341797,3661800
2020-10-29,104.50381928584918,106.18689896412404,104.14043015019854,104.72377014160156,2895900
2020-10-30,104.10216009992301,104.96282611509767,102.85897504512144,104.7811279296875,4040500
2020-11-02,106.28249748426798,106.28249748426798,103.996955775498,105.56527709960938,3145000
2020-11-03,106.38771281646933,107.47788744727264,105.8713131551502,106.26339721679688,3341400
2020-11-04,108.93146024758724,111.77164748686512,107.87953094124946,110.94923400878906,5025900
2020-11-05,112.43148909854784,114.09543867207594,111.19786892122625,112.13504028320312,7669700
2020-11-06,121.44934473403816,121.47803238827774,117.34684237105219,118.1596908569336,8931300
2020-11-09,119.99577847924525,121.41108956245294,117.21295934097198,117.41378021240234,6190600
2020-11-10,113.8276825705557,117.85367975046185,113.41647582650165,116.40011596679688,4454400
2020-11-11,117.2703186895373,120.52171941868164,116.70610878886257,119.68018341064453,3931600
2020-11-12,119.92883340403405,122.21437546819946,119.27855319565576,121.26763916015625,3557800
2020-11-13,121.76492861640875,122.90292092181564,120.78950455579002,122.6255874633789,3397600
2020-11-16,124.14608314315402,124.4234019582831,121.98484955481422,123.02720642089844,3444500
2020-11-17,124.89199942002044,126.54638391697974,123.09416207116342,123.36192321777344,3648500
2020-11-18,123.96439355966893,124.80592234136947,122.2526191603818,122.2621841430664,3222900
2020-11-19,121.73621475605094,124.53814884137489,121.55451658278538,123.54360961914062,2427000
2020-11-20,123.9930763997217,124.6433492781578,122.74989135295478,124.01219177246094,4387800
2020-11-23,124.19390137843008,124.46166254028043,121.3632792126153,122.29087829589844,4177200
2020-11-24,121.89878752404394,123.3810460229727,120.26352579133606,122.46299743652344,4692200
2020-11-25,123.16109190357983,123.96438991469851,122.17611759434787,123.11328887939453,3562700
2020-11-27,123.47668882604734,126.68027987973144,123.23761530239598,126.13518524169922,2278400
2020-11-30,126.13517626553688,127.23492315120572,124.44254634469868,127.12973022460938,5746000
2020-12-01,127.11059706375578,128.0860210320536,126.46032414614953,127.88519287109375,3967100
2020-12-02,127.79912323359355,128.37290544187184,126.62288575769954,127.32097625732422,2926700
2020-12-03,125.89610963897547,127.15842482711567,125.36058728954254,125.45622253417969,3587800
2020-12-04,125.87700541266324,126.21169961475834,124.96851428381285,126.0395736694336,2029200
2020-12-07,126.30732888207281,127.26362300026668,126.15431832110814,127.14887237548828,2637400
2020-12-08,127.02452940696703,127.5982970321216,126.0586777532297,127.33053588867188,2442900
2020-12-09,128.02864779619944,128.02864779619944,124.86331693139691,125.38926696777344,3660500
2020-12-10,125.01632037800441,126.11606731973109,124.35647513134633,124.85375213623047,4164500
2020-12-11,124.86331809167591,125.87698742544902,124.02177467863159,125.49446105957031,2405300
2020-12-14,125.29364355343102,127.15841392891704,123.58186912760637,123.70619201660156,5296700
2020-12-15,124.03134614637551,124.99721255962952,123.15155729493843,124.3182373046875,2896000
2020-12-16,124.93979615573896,124.93979615573896,123.46710992352156,124.13651275634766,3262000
2020-12-17,124.62425273153448,125.04500987367231,123.98352285078983,124.32778930664062,4132200
2020-12-18,124.60510533629187,126.36468271258849,123.84962493989111,126.154296875,8782600
2020-12-21,124.31822437473767,125.4944619504005,122.05180488844282,124.52861022949219,3259400
2020-12-22,126.16384285010243,126.63243209794058,124.5668338434806,126.46986389160156,3061300
2020-12-23,126.46987459359033,127.06277217180842,125.2266895431019,126.45074462890625,2152300
2020-12-24,126.97671512788102,127.980826738155,126.79501693464526,127.110595703125,901100
2020-12-28,128.3633408175144,128.87017547523013,125.65702701943289,127.18710327148438,2569100
2020-12-29,127.68437262869297,128.11470198895785,125.896093014962,127.32097625732422,1672500
2020-12-30,127.68438796059598,127.98083678677749,126.71852161374586,127.45487213134766,1673100
2020-12-31,127.3305566280955,129.09970659222657,127.28275359546247,128.95626831054688,2080600
2021-01-04,128.43028560177694,129.0805585099916,124.75812018719384,126.64200592041016,3433100
2021-01-05,126.18301537816464,126.46034886456123,124.75814637471021,126.08739471435547,2544200
2021-01-06,125.00673062633845,126.21165559907293,123.94524389135124,125.78132629394531,4486000
2021-01-07,127.96170256428663,129.53002419893812,127.34011727792479,127.36880493164062,4928100
2021-01-08,127.43571162983487,129.2909240107084,126.45073014380588,129.15704345703125,2951200
2021-01-11,128.14340461677975,129.61609105537707,126.94803703639933,127.12016296386719,3074800
2021-01-12,127.07235748001436,127.63656746500386,122.09005908078063,123.06548309326172,5374600
2021-01-13,123.49580902154811,124.22258722285852,122.83596381378099,122.88378143310547,2917300
2021-01-14,123.3906155617099,124.71986365860008,118.48482989234904,119.24030303955078,6359700
2021-01-15,119.2976643850413,122.30999163832122,119.2976643850413,121.71708679199219,4741000
2021-01-19,123.0654621342283,124.72940415179023,121.5640810298017,124.17476654052734,4033800
2021-01-20,124.43295666242668,126.6324355342563,123.84005911829114,126.51768493652344,4230400
2021-01-21,126.90978072490964,126.90978072490964,124.17477935372142,124.70072937011719,2687200
2021-01-22,124.73900375254306,125.58054722329477,123.47668854641546,124.6624984741211,2501600
2021-01-25,125.03544658143781,126.61332592142688,124.00264726017821,125.37015533447266,2892600
2021-01-26,124.3373700560646,126.90980366641858,124.31824008724483,125.66661834716797,3219000
2021-01-27,124.02177560916827,124.318224425018,117.09820154964878,117.88236236572266,7023100
2021-01-28,120.29222612280884,123.93571131453196,119.05860595666023,122.18568420410156,5000200
2021-01-29,121.02855127903996,123.5818541910089,119.89056652156812,120.56953430175781,4597400
2021-02-01,120.77036276618205,123.6966271888653,119.73756355817619,122.80726623535156,4070200
2021-02-02,123.0081121630563,126.62290261761295,122.47258981303156,126.12562561035156,3456000
2021-02-03,126.08737130357981,126.85239483957564,123.12285402998587,123.71575164794922,3918400
2021-02-04,124.61465725586716,125.13106413946349,123.71573864447782,124.8919906616211,7396000
2021-02-05,123.381056863016,123.9261368591981,119.10642148457768,119.80451202392578,10319100
2021-02-08,120.68430439702578,120.74168700041483,117.18427201996306,120.58867645263672,5742600
2021-02-09,120.4165413417197,120.48348163133436,118.62827619232297,119.01078796386719,3342900
2021-02-10,119.64194667316801,120.16791130802905,118.88647351397871,119.04904174804688,2880000
2021-02-11,119.94795619675908,119.9670788664615,118.06405585749782,118.96297454833984,3085300
2021-02-12,118.39876017602742,118.6282759937029,117.31815056093001,118.27444458007812,2713000
2021-02-16,117.60506398272109,117.98757582614829,116.07498742522935,116.66789245605469,4247500
2021-02-17,116.56266878982228,117.57633804045054,115.54899953919403,115.99845886230469,6105200
2021-02-18,115.56812086398915,117.85366279047001,114.37275344235925,117.66240692138672,6125900
2021-02-19,117.71979615285503,118.3127010906824,114.1815110845183,114.85091400146484,4961100
2021-02-22,113.94243247046698,114.61183535744298,112.2689179570827,112.75662994384766,5138500
2021-02-23,112.72793117576042,114.42057559767902,110.8249082078801,114.00936889648438,6390200
2021-02-24,112.574932139479,114.28669929463986,111.66644845148495,114.1623764038086,4425000
2021-02-25,119.049025600296,119.8618739563269,114.50662957406891,115.60636901855469,11337300
2021-02-26,114.516207168998,116.34273222172168,113.6842287575977,114.72659301757812,5118000
2021-03-01,115.05172254563837,118.51350926383164,115.01346991220628,118.16924285888672,5812900
2021-03-02,118.48482090141613,119.1159711093968,117.0695026567013,117.09819030761719,4797700
2021-03-03,116.13235118935575,116.61049821197865,113.43560227360028,113.64598083496094,5390200
2021-03-04,113.98069296310946,116.20885260960169,112.27849067951202,113.42604064941406,4884200
2021-03-05,114.77440959718064,119.87145867584793,113.35909847748599,119.23074340820312,7944300
2021-03-08,118.66652695776138,122.84554194197065,118.43701842515361,121.50672149658203,7416000
2021-03-09,123.38105284088881,124.16520631324678,119.9766413258694,120.78948974609375,6409500
2021-03-10,122.81684010692689,123.47668534832245,120.55042783595037,121.8414306640625,4027800
2021-03-11,122.271747074375,124.5094714527242,118.4656938795438,120.48347473144531,8824500
2021-03-12,121.03813752736177,122.09005952239676,119.23074235787081,121.56410217285156,6122500
2021-03-15,122.71165407339687,122.95072757532425,118.65696222762847,120.13921356201172,5599600
2021-03-16,120.3017933482582,123.1802331603128,119.38374464791696,122.19525146484375,4433200
2021-03-17,120.80862259685735,122.42476178922952,120.03401949673203,121.7362289428711,3471800
2021-03-18,119.90013563218209,121.00944014221189,119.36461334234369,119.45068359375,3835000
2021-03-19,119.27855325852654,120.21571728830605,117.58590880091045,118.76215362548828,8848300
2021-03-22,119.21162025368945,121.54497278381555,119.19249028688365,120.5982437133789,4850700
2021-03-23,121.39195206300865,121.76490610666922,118.79083144346771,118.95339965820312,3653200
2021-03-24,119.80451518976889,119.82364515614229,116.9643207467102,117.01213836669922,3673100
2021-03-25,118.78128147936212,118.84822177012511,115.85502406037368,118.08319091796875,4259300
2021-03-26,118.4561522381073,119.2690007601069,115.73070822913073,117.61460876464844,4274700
2021-03-29,117.20339033706227,119.22117126128467,116.5722400907822,118.06405639648438,3256000
2021-03-30,118.1309950850394,119.90970248511132,116.93562760090205,119.1924819946289,4592500
2021-03-31,118.81953262301433,120.42610687707877,118.72390467968971,119.81407928466797,4160400
2021-04-01,120.35916334654075,122.08049546381528,119.39330436429536,122.07093048095703,4281700
2021-04-05,122.85510118732462,125.90568162636039,122.62558535586192,125.65703582763672,4316100
2021-04-06,124.67203783798792,126.22124396252704,124.67203783798792,125.68570709228516,4906600
2021-04-07,125.18845000727777,125.37014820047804,123.44798793755753,124.33734893798828,3057100
2021-04-08,125.15975127335284,125.18843892322467,123.94525392519313,124.42340087890625,2422800
2021-04-09,124.82505069573968,124.82505069573968,122.5777540302228,123.39060974121094,2388100
2021-04-12,122.87421379846852,125.27450633859412,122.62556803486633,125.04499053955078,2435800
2021-04-13,124.60511757630105,125.46577638415116,124.00264765567249,125.07369232177734,4516400
2021-04-14,124.96849575504439,125.0736886811098,123.94526873957975,124.22258758544922,2921500
2021-04-15,125.37013680096587,126.03953961618838,124.43295826776738,125.72396087646484,3241200
2021-04-16,126.22123983645598,127.71305601793,125.58052466066327,127.23490905761719,3540000
2021-04-19,127.75131411207289,127.79913173125686,126.15430485617094,126.22125244140625,2575700
2021-04-20,125.94389405119585,125.94389405119585,122.86462676203766,124.84416198730469,3332400
2021-04-21,125.23626065782825,126.70894690329263,124.13651387296908,126.34555053710938,3368400
2021-04-22,126.23081395153537,127.07235738061678,124.88243584590876,125.97261047363281,3324500
2021-04-23,125.99172975852842,128.05732822284656,125.65702103436921,127.49311828613281,3020100
2021-04-26,127.57916952804223,127.57916952804223,126.1447287137181,126.70893859863281,2721700
2021-04-27,127.29229389636075,127.41661678476169,125.73353001953647,127.110595703125,3008600
2021-04-28,126.56551547487317,126.84283431167735,125.78134739858503,126.30731201171875,2011400
2021-04-29,126.37424667213192,128.21034399893446,126.37424667213192,128.1529541015625,3401800
2021-04-30,127.2349218007041,127.3592301003521,125.7622208439869,126.35513305664062,4138400
2021-05-03,126.7854738779372,126.97672978008555,125.18846447756907,125.7048568725586,4192300
2021-05-04,125.11192807166641,125.39881914945813,121.53538376455388,122.86463165283203,4891800
2021-05-05,125.71439733846458,129.41524990968773,125.67613741258317,128.2677001953125,8802900
2021-05-06,127.83740837158226,132.90577081637574,126.43166924823066,132.81015014648438,8150200
2021-05-07,132.52321949544577,134.06285336363936,132.30327596910038,133.03961181640625,5831400
2021-05-10,132.28414774756337,133.61339579350678,129.75953222894108,129.87428283691406,5251600
2021-05-11,129.20487792512563,132.20764038528222,128.7841062467019,131.96856689453125,3151400
2021-05-12,130.03687215515004,131.37569269685022,129.91256384031158,130.66802978515625,3903400
2021-05-13,131.0792311777326,133.0205069132228,130.48631894994674,132.0833282470703,3737900
2021-05-14,132.98224237628708,136.8361060599736,132.66666360271893,135.33473205566406,5331100
2021-05-17,134.02461584702843,134.33063697128426,133.08745168980295,134.0724334716797,5452200
2021-05-18,133.86200972178054,133.86200972178054,128.9657898541471,129.09967041015625,8235600
2021-05-19,127.82781613547618,128.7841101272956,126.69939622923565,128.4781036376953,6709200
2021-05-20,128.7076109909718,130.7062620270745,128.43029214055835,130.20899963378906,4445900
2021-05-21,131.33740301529483,131.42346596574345,129.85514452605756,130.10379028320312,3719000
2021-05-24,130.6297705912672,132.36066045426386,130.23768653614397,131.7103729248047,4432000
2021-05-25,131.93989816047926,132.81012929363925,130.75408822325394,130.78277587890625,6094300
2021-05-26,130.80187377023174,134.71311217850737,130.6584355271454,133.5464324951172,6267100
2021-05-27,134.34017014370855,135.9467515690859,133.69945494759864,135.13389587402344,8141100
2021-05-28,135.61205819301557,136.36753867120018,135.22954640611226,135.26779174804688,4197700
2021-06-01,135.46862111280703,136.66398869725882,135.26779293818777,135.50686645507812,3752700
2021-06-02,135.60246627449905,135.89891502329806,133.8237591898195,134.81829833984375,3589500
2021-06-03,134.09155386485017,136.61616959212452,133.90029797179244,136.0997772216797,4503700
2021-06-04,136.74047449227396,138.44267652266942,136.27188521284856,138.19403076171875,3484000
2021-06-07,137.62030415156534,138.49053539033713,136.71182756457895,137.23777770996094,2758200
2021-06-08,137.61071529137217,139.3129176237296,137.61071529137217,139.0355987548828,4960300
2021-06-09,139.22683831102702,141.48369270800612,139.22683831102702,140.8334197998047,4125000
2021-06-10,141.148999965803,142.20091460865066,139.829309578932,140.10662841796875,3592200
2021-06-11,140.17359794564146,140.24053094820914,138.06018145841944,138.9973602294922,4072700
2021-06-14,138.6530812511175,139.20773355789885,138.2418672168273,138.91127014160156,3477800
2021-06-15,139.02600498739977,140.34568058176154,138.67216633938645,139.31288146972656,3169600
2021-06-16,139.42770039443928,139.88671753496823,136.9987049006946,138.57659912109375,4184100
2021-06-17,138.6530742827178,141.4167633983019,138.4809337724905,140.04925537109375,3494600
2021-06-18,139.8388610062212,140.08750677342235,137.9836483981253,138.375732421875,5430900
2021-06-21,139.59022624967366,139.80061208180584,138.73912523491614,139.2937774658203,3801900
2021-06-22,139.34161493027705,139.61893378929017,138.67219740983055,139.44680786132812,2621900
2021-06-23,139.04513880032167,139.31289994726487,138.1940377421334,138.69131469726562,2416200
2021-06-24,139.02601858340694,139.68586374106027,138.53829933198267,139.2364044189453,2181500
2021-06-25,139.4180765143557,139.84842042821504,138.4713549243926,138.9877471923828,3376100
2021-06-28,138.9208400946633,139.2172889141069,138.09842663174436,138.7008819580078,2826000
2021-06-29,138.36620027272963,138.98778562167888,137.84023558183156,138.65309143066406,3197200
2021-06-30,138.86345742262978,138.9686503457464,137.92627880144946,138.50006103515625,3139000
2021-07-01,138.22270918004963,139.14075771322672,137.98363571318842,138.9877471923828,2655000
2021-07-02,139.56156131802408,140.29791185035563,138.9686636538009,139.89625549316406,2603400
2021-07-06,139.76235366281077,140.5082617695594,138.8060597216574,140.3361358642578,2357400
2021-07-07,140.30749288473723,141.66542896249075,139.20776033903095,141.56979370117188,1777400
2021-07-08,141.07248746454766,141.5506344391234,139.6284742625209,140.4413299560547,2407500
2021-07-09,139.51372839551553,140.85253413303448,138.19403803146957,139.62847900390625,3245300
2021-07-12,139.8005927968882,140.756886595795,138.97817954615294,140.47955322265625,2007900
2021-07-13,140.3935205485759,143.05201671529957,139.7241176634096,141.3115692138672,2583000
2021-07-14,142.00008148349195,143.29106944807899,141.55062219890556,142.39215087890625,2316500
2021-07-15,142.81292228287384,143.57796029317518,141.63668491476875,141.85662841796875,3348600
2021-07-16,141.61756779226522,143.63534861384343,141.61756779226522,142.8798828125,2476700
2021-07-19,141.05336186649146,141.7323370118389,137.02735779549846,138.2896728515625,7154600
2021-07-20,138.4618060162856,139.32247939738096,137.81153308077648,138.08885192871094,7189700
2021-07-21,137.6967972377046,139.73369381516528,137.37164614318164,138.25144958496094,4700000
2021-07-22,138.33752100934018,138.6052822151538,136.21454674046686,138.423583984375,4335700
2021-07-23,139.0738381058327,139.0738381058327,137.6107093617611,137.7063446044922,4278200
2021-07-26,137.35251119888605,139.3511621467849,137.35251119888605,138.63394165039062,3705900
2021-07-27,138.51922721077693,138.7296131120067,137.28559946339405,138.49053955078125,4110400
2021-07-28,138.6626084160552,139.13119765619538,137.9932056386308,138.77735900878906,2975000
2021-07-29,139.14080919371813,140.4987452368841,137.41947667706697,138.308837890625,4198600
2021-07-30,136.7500399163214,138.8347538004499,135.0287078241719,137.7254638671875,6600300
2021-08-02,138.53833918077945,138.93998100272873,137.7254978477482,138.57659912109375,4333500
2021-08-03,138.73914633380815,139.10254275218895,137.73503463536463,138.1844940185547,3953600
2021-08-04,137.58201440998278,138.0888490674185,135.9371875470972,136.00413513183594,4615200
2021-08-05,136.57792234787192,137.22819529358844,135.50686309626667,135.726806640625,4369100
2021-08-06,135.78420115306508,136.52053708568891,135.28692414763748,136.01370239257812,5236700
2021-08-09,136.55879556713987,137.70634552816335,136.45360263618582,136.74049377441406,4645800
2021-08-10,137.02733186064438,137.54373868289073,136.2527362191602,136.94126892089844,2608300
2021-08-11,137.04646812124676,138.43309127335402,136.69264406921633,138.27052307128906,2417800
2021-08-12,138.62441788018953,139.03561739462234,138.36621435258525,138.41403198242188,2223900
2021-08-13,137.9932123573079,138.99732386827625,137.77326884656392,138.60523986816406,2618200
2021-08-16,134.83744233499272,136.42489373971293,133.19261562993827,134.57923889160156,7114200
2021-08-17,134.40713048790877,135.6503156605761,133.95767112092992,134.52188110351562,4718500
2021-08-18,134.11068147070316,135.57381018507596,133.5751445509246,133.71859741210938,4480000
2021-08-19,133.49864125328298,135.41122915323322,133.32650075450587,134.7322540283203,3799000
2021-08-20,134.85659464746686,137.01781400557317,134.23499474309804,135.612060546875,3274000
2021-08-23,135.32515327444182,136.72134887903033,135.02870448100074,136.3101348876953,3186700
2021-08-24,136.08062524139683,136.83609100392644,135.5642183626005,136.27188110351562,2367100
2021-08-25,136.0997736753374,136.0997736753374,133.6899086283135,133.74728393554688,3633400
2021-08-26,134.40713487163265,134.40713487163265,131.41392975389155,131.5669403076172,4204800
2021-08-27,131.86336569054254,132.5901438036856,131.18439059903608,132.3319549560547,3351800
2021-08-30,130.94533369291136,132.52322758753255,129.69259085626254,131.87294006347656,3628600
2021-08-31,131.51910725479425,131.94943661875482,130.60107322393006,131.03140258789062,4458900
2021-09-01,131.61476250897573,132.73362486223067,131.3756889824198,131.71995544433594,2754800
2021-09-02,132.1789486707518,132.21719400766568,129.14749865223857,130.1802978515625,3807900
2021-09-03,130.4098392096211,130.52460443947348,129.50136261135304,130.05601501464844,2448500
2021-09-07,130.14202583176908,130.8114286047261,128.35376101146545,128.59283447265625,4403800
2021-09-08,128.77455615651985,128.77455615651985,126.54638934025552,127.82781982421875,6635700
2021-09-09,125.46575856065706,127.90431095900048,124.54772457495018,125.69527435302734,8684000
2021-09-10,126.01086021392719,126.43163189443185,123.42886941942524,125.09281158447266,6570000
2021-09-13,126.13517172064381,126.39337518423832,123.90701955992296,124.33734893798828,6763200
2021-09-14,125.19801906611858,125.50404017549207,122.37695445157121,123.28543090820312,6053700
2021-09-15,122.94114945950855,123.20891060160353,119.87144671601578,121.51627349853516,8735700
2021-09-16,121.83185011747831,123.96438882618641,120.45478450123832,123.2758560180664,9045100
2021-09-17,123.24717540857819,123.5818695534972,121.47802567154758,122.40563201904297,8304300
2021-09-20,121.45890396205525,122.3769453339431,119.22117219012385,120.13921356201172,7916000
2021-09-21,120.92337530845448,121.92748694283202,119.39330634326272,119.44112396240234,5908000
2021-09-22,120.26353015601467,122.63514238118395,119.96707406790357,122.14743041992188,6952600
2021-09-23,122.654257185968,126.1256089055338,122.41518369766486,125.21713256835938,8177200
2021-09-24,124.48081052282633,125.02590520455634,123.40976572041218,123.77314758300781,3712000
2021-09-27,123.10372788596027,123.18980543953752,121.6884167901612,122.19525146484375,3888500
2021-09-28,121.18157377821677,122.12830277137483,120.35916037537028,120.78948974609375,4517900
2021-09-29,121.01900787027735,123.12285173889438,120.49304325515101,122.50126647949219,4398500
2021-09-30,123.19935887004405,123.62013056849975,121.55453200802006,122.1761245727539,4541100
2021-10-01,121.52583952335414,122.702077021352,120.77036641113848,121.2198257446289,4126700
2021-10-04,121.26764188630506,122.16656059643306,119.28811356417323,119.97664642333984,4753000
2021-10-05,119.62280965401624,120.67473886171777,118.85777885271258,119.91926574707031,3051100
2021-10-06,118.81953438527133,119.26899375110195,117.91105796629697,119.15423583984375,4160400
2021-10-07,120.17746518222499,120.61735954654057,117.44246375961335,117.79629516601562,5431700
2021-10-08,118.23618863386656,118.23618863386656,115.32905402152595,115.92195892333984,5975800
2021-10-11,115.69244735724138,116.28534494747649,111.84814152352925,112.0680923461914,9884200
2021-10-12,112.45060347310847,113.39733974842987,111.0735451292714,111.19786071777344,7095400
2021-10-13,112.03941295048797,112.87138409381939,110.93010836478673,111.37000274658203,6845800
2021-10-14,112.92873806433502,114.45881407219817,112.46972109873057,114.047607421875,9698500
2021-10-15,114.38232640295935,115.08041694015571,112.09678431705802,112.42192077636719,4453800
2021-10-18,111.94378019933961,113.03395484280232,111.05442643273112,112.24979400634766,4377700
2021-10-19,112.46974318040851,113.46428986240602,111.71427000958508,113.37821960449219,3426500
2021-10-20,113.87549500757804,117.29902939093972,113.78942475086286,116.6104965209961,5875900
2021-10-21,116.28535479762962,116.60093358455065,111.3413163196452,111.74295806884766,6744800
2021-10-22,112.26891962517047,112.37411255125026,111.09267476807115,111.7620849609375,5213700
2021-10-25,111.6664349201206,111.8576980767058,110.76752361997207,110.86315155029297,5940100
2021-10-26,111.494311816179,112.82356716291314,111.20742799925648,111.27436828613281,4600800
2021-10-27,111.23611152229445,112.39322632160152,110.98747305343574,111.52300262451172,3998200
2021-10-28,111.78120937293407,112.7183807391722,110.35633330102952,110.9683609008789,3371100
2021-10-29,110.75796792801614,111.24567989828616,109.67735836246106,110.00249481201172,4175800
2021-11-01,109.96424807181354,111.30306116819304,109.86862012834595,110.79622650146484,4044500
2021-11-02,111.75252280873374,112.17329452371176,109.74430677115197,110.73885345458984,5446500
2021-11-03,116.782629738482,119.25942777769897,115.7593954167448,116.6104965209961,9641800
2021-11-04,116.79218986547644,118.65696764318595,115.92196607263438,117.28946685791016,6250200
2021-11-05,117.62415724949221,118.97253523708825,116.46704243173812,117.30857849121094,5204800
2021-11-08,117.47115585911773,117.47115585911773,114.61183873485503,115.57769775390625,4437600
2021-11-09,115.63506052980983,116.37141094332728,113.98067611284357,114.62139129638672,3889500
2021-11-10,114.42056384159675,116.93561411155305,113.9137292541405,114.32493591308594,3715000
2021-11-11,114.1241312085679,114.80310642106015,112.95745856770485,113.29216003417969,3443900
2021-11-12,113.69378950008587,114.05717858211555,112.86181111971584,113.07219696044922,2853900
2021-11-15,112.83311990391216,113.12957598646504,110.70058850407992,112.62273406982422,5337000
2021-11-16,113.33041151110037,114.08588469679773,112.85226447933833,113.18696594238281,4056900
2021-11-17,112.62273730222684,112.94788104495213,111.21699129909446,112.0680923461914,3494600
2021-11-18,111.61863294915896,112.29760078993324,110.25113228508008,111.86727142333984,4801100
2021-11-19,111.89595946025956,111.90551714687885,109.36177898084944,110.56671142578125,5741600
2021-11-22,110.99705081545643,111.0161734863655,108.71150860472834,108.87407684326172,5315800
2021-11-23,108.5298035787162,110.9779211700688,107.93690597051558,110.41370391845703,4483000
2021-11-24,109.98337426113942,110.33719836941329,108.61587355827537,109.4765396118164,3552700
2021-11-26,109.7251613268485,110.32763116030081,108.18552754616032,108.56804656982422,4391800
2021-11-29,108.59673645037414,108.95056783132104,105.5079111395211,108.44373321533203,6836000
2021-11-30,108.09947879240882,108.20467172012948,103.36581893281246,104.05435180664062,10010600
2021-12-01,105.6513777794539,106.45466133965729,102.0365798707032,102.05570983886719,4757000
2021-12-02,102.46689558011671,106.26338363183619,102.18956946619872,105.5365982055664,5829400
2021-12-03,105.68961643837483,108.0516639369965,104.26474032998708,107.84127807617188,6010900
2021-12-06,108.74976083976817,111.15961864234265,107.83171942469482,110.57627868652344,5042600
2021-12-07,110.80578346396271,112.5749258258599,109.63910366865228,112.02983856201172,6867900
2021-12-08,112.06810100581131,112.2784868621943,108.52025098901461,109.7347412109375,5767700
2021-12-09,109.45740917155416,109.68691768618845,107.84126999446566,109.00794982910156,4041200
2021-12-10,109.08445758405816,110.83447737587456,108.74019115629282,109.75386047363281,3817700
2021-12-13,109.32351518397186,110.44237726347993,108.76886298703953,109.98336029052734,4154600
2021-12-14,109.61997787431156,113.12958237620482,109.2948414184978,112.18284606933594,5615100
2021-12-15,111.90551832868287,113.6268504110497,111.12135755692555,113.24433135986328,4035300
2021-12-16,113.79898266726616,116.11321232846467,113.61728447788525,115.30992889404297,6062000
2021-12-17,114.68835105754094,116.40011836239319,113.39735548901626,114.57359313964844,10490900
2021-12-20,112.66099386906649,114.30582071734858,111.74295250406017,113.78942108154297,3542500
2021-12-21,114.45884195670021,116.31404752989393,113.8085616837198,115.80721282958984,3696800
2021-12-22,115.24299930587611,117.20339775288133,114.75528729202051,115.29080963134766,3400100
2021-12-23,115.43424313238042,116.42878972712333,114.64051739389177,114.6692123413086,3020800
2021-12-27,114.71702961594244,114.8126575586304,113.14870800883783,113.39734649658203,3397500
2021-12-28,113.79898812381727,115.0517309524949,112.65143822077836,112.9957046508789,3706600
2021-12-29,113.97112201648044,114.0763149427446,111.77164284397718,112.49842834472656,3389800
2021-12-30,112.57492331982901,113.58859255734606,111.27436298311774,111.41780853271484,4348400
2021-12-31,111.42738788886358,111.81947198095004,110.33721317342358,110.91099548339844,3186400
2022-01-03,110.70059128974512,111.0161627528743,109.16095742438786,109.42871856689453,6673700
2022-01-04,109.66779503690655,109.85905091647983,107.06667421742272,109.07489013671875,7336100
2022-01-05,109.80166985510084,113.06263569125122,109.38089818696693,110.31806945800781,8059200
2022-01-06,110.95880003737625,111.7812135231984,109.53392391256826,110.51890563964844,4659400
2022-01-07,107.17186170246543,108.57761496343316,103.80571023953046,104.94369506835938,11766800
2022-01-10,104.71419002474322,104.8289479280225,99.55020111227941,101.11852264404297,9615900
2022-01-11,102.78247045063897,106.16774439893881,100.0474693430743,106.11993408203125,8358900
2022-01-12,106.62678821894828,107.71696286908079,105.16365946724122,106.00519561767578,4962500
2022-01-13,106.31121041784338,107.10493625000858,104.77157637557391,105.3071060180664,4164800
2022-01-14,105.02977343653724,105.02977343653724,102.38083492880291,103.77702331542969,3801500
2022-01-18,102.33302418216626,103.49970404319035,101.63492634376938,102.23739624023438,4960600
2022-01-19,102.1035018523131,102.59121380977781,100.57343299118675,100.77425384521484,3898300
2022-01-20,100.77425537340035,103.15543259857955,99.3685093738863,99.51194763183594,4795700
2022-01-21,99.35895339573146,100.65951388925976,97.07341119665114,97.17860412597656,6504200
2022-01-24,97.92450486358699,102.29476805376193,97.80018197697018,101.98875427246094,8814300
2022-01-25,101.00377964114571,101.9600736859725,99.8370997391059,101.05158996582031,6237700
2022-01-26,100.62124137219524,101.85486133024263,99.2346108941064,99.66494750976562,9372100
2022-01-27,99.37807769944388,103.05025071090448,99.23463213019362,101.39585876464844,4671700
2022-01-28,101.08983761164625,103.97784957015166,100.21961386771379,103.9013442993164,4649200
2022-01-31,103.47100179891169,103.69095261619698,102.21825906725834,103.44231414794922,4857600
2022-02-01,103.01198142661526,104.95325690172909,102.0843751640964,104.76200103759766,4387200
2022-02-02,104.81939047371843,105.67049158698784,103.20325120886224,104.79070281982422,6408000
2022-02-03,114.75526685952187,117.10774895462886,112.36453213328183,115.50117492675781,16349300
2022-02-04,113.82767266663977,117.1651366548653,112.75662806532178,115.6541976928711,7596500
2022-02-07,115.94107989964385,117.52853140585869,115.65419608368708,116.71568298339844,6420600
2022-02-08,117.1268827684499,120.74167262600199,116.90693195619035,119.95751190185547,6064600
2022-02-09,121.09550888361194,122.77858839830662,120.32091306366497,122.48213958740234,7483100
2022-02-10,119.53675617745925,122.25262777575772,119.11598446101232,119.66107177734375,6901600
2022-02-11,119.24030298419973,121.39196451649076,118.71433835792863,119.03948211669922,4963100
2022-02-14,120.14877543010662,120.2922209867331,117.95886133371177,120.02445983886719,4655300
2022-02-15,120.91382497190831,122.47258898090998,120.56955852181866,121.47803497314453,3712500
2022-02-16,121.92748145520197,122.75945254160978,119.83319532138701,121.88922882080078,3026300
2022-02-17,120.81819002888165,121.11464615360828,118.84822656752789,119.10643005371094,4604200
2022-02-18,119.52719207599122,120.14878467188913,117.42334807012328,118.56134033203125,3590800
2022-02-22,118.21706273197262,119.05859879571575,116.92606004080608,118.11186981201172,4369600
2022-02-23,117.69110371934899,117.99711751123252,114.47795525659986,116.1323471069336,4635600
2022-02-24,114.50664710938803,118.53264417049554,113.54079537529779,118.25532531738281,5549100
2022-02-25,119.27855587708905,120.48348108468628,117.85367253955758,119.97664642333984,3816600
2022-02-28,116.16103971056216,118.07362781533226,115.88371355985716,117.82498931884766,5167700
2022-03-01,116.58180160409171,118.60914015490181,116.31403316339497,117.74847412109375,4325900
2022-03-02,118.48482484973034,120.78948953341174,117.77716935176335,120.12008666992188,4177700
2022-03-03,121.0094449603375,121.6405952133564,118.22662588781769,118.50395202636719,4718800
2022-03-04,118.15013000787867,119.32636757589393,117.07907807061234,117.8441162109375,5086400
2022-03-07,117.14601551728182,118.24575508132678,116.46704764979701,116.96431732177734,5161500
2022-03-08,115.84545703416751,116.5053022428693,111.80033741407271,114.0667495727539,6186800
2022-03-09,115.40556062664282,117.17470307381285,115.2238624312876,116.6296157836914,4290200
2022-03-10,115.38643236554564,118.50394541260681,115.17604652763298,118.14055633544922,4200600
2022-03-11,118.99165349166658,120.85642372879556,118.96296584124055,119.12553405761719,4207200
2022-03-14,118.93430632514561,120.9138349281869,118.55178720511034,118.64741516113281,5149500
2022-03-15,119.43155516757577,122.02311099064435,119.43155516757577,120.76080322265625,3879200
2022-03-16,120.5121677448305,122.53951366945566,119.98621041770517,122.1761245727539,5453800
2022-03-17,122.95073560745618,123.90702967763856,122.128314827479,123.31411743164062,5042000
2022-03-18,123.24718718224223,123.74444960366283,121.15290078714945,121.6214828491211,8572000
2022-03-21,121.37283953067764,121.37283953067764,118.77171853756037,120.46436309814453,5920100
2022-03-22,121.04768762441581,121.5736449092794,119.94794814378295,120.19658660888672,4594300
2022-03-23,120.42610561219594,121.27720670195102,119.28811339953594,119.37418365478516,4866900
2022-03-24,120.13920401174357,120.6077932913514,118.42743699850426,120.19658660888672,5288600
2022-03-25,120.24438838177626,120.71297762808005,117.75802579528282,118.8577651977539,5135400
2022-03-28,119.04904368386326,121.04770203289029,118.83865782649784,120.96163177490234,5420300
2022-03-29,120.7034168955361,122.96027107704485,120.47390840302738,122.81681823730469,7016700
2022-03-30,123.35238722882153,123.35238722882153,122.28133515803879,122.9889907836914,4077000
2022-03-31,123.24716818013083,123.74443052488408,121.96573050119682,122.7403335571289,4434200
2022-04-01,123.33323080466768,125.18844338591069,122.30999657908332,125.04499053955078,4205000
2022-04-04,124.83463041370366,127.38794860424669,124.77725510009874,126.79503631591797,6882800
2022-04-05,125.23627946486152,127.42618649335908,125.0736966299733,126.19257354736328,4215100
2022-04-06,125.78135266353367,128.95625584888066,125.51359150234644,127.86608123779297,7274500
2022-04-07,127.83738392153874,128.95626082122106,126.49857806398046,127.45487213134766,5812400
2022-04-08,127.5696027644975,128.45896369560091,126.60375116085075,127.0340805053711,4293100
2022-04-11,127.45488875280387,128.22948471368443,124.14611901967316,124.71988677978516,5098400
2022-04-12,125.67614438902471,127.37834638808137,124.94936626768283,125.69527435302734,5008000
2022-04-13,126.31688719251824,129.15708190489843,125.94393306826075,128.95626831054688,6828500
2022-04-14,128.9562676751991,129.24314423714506,126.74721600498346,127.14887237548828,3921300
2022-04-18,126.33599319735237,127.13927660617279,124.31821239707814,125.04499053955078,2604100
2022-04-19,123.98350057368268,127.39747686344423,123.78268702245387,127.0340805053711,3707000
2022-04-20,127.77044622024246,127.94257214192415,126.31687520563413,126.90021514892578,4407200
2022-04-21,127.43575190509308,128.73631251979916,126.08738825687631,126.32646179199219,3580700
2022-04-22,124.76767214395618,125.14062619874834,121.9274779605822,123.00809478759766,5604700
2022-04-25,123.14198384701363,123.42887496860938,120.85643444910792,123.18022918701172,4570400
2022-04-26,122.7785935501772,123.42888109754388,119.35505907075112,119.49850463867188,6221100
2022-04-27,123.36193862779483,126.63246269155144,121.51629072702956,124.16522216796875,8071900
2022-04-28,125.31277293428387,127.12974048653295,122.82641701968146,126.50814056396484,4288500
2022-04-29,124.60511792744279,125.9821836973949,117.35640726030931,117.75804901123047,7328400
2022-05-02,117.66242353780866,121.2772139639513,117.64329357063254,120.87557220458984,5514400
2022-05-03,121.70754105356744,121.96574453390019,119.16380266358449,120.73212432861328,5319000
2022-05-04,120.86599880479707,126.6898257978447,119.89058212913359,126.58463287353516,5964000
2022-05-05,124.9780625452065,125.75265833408316,121.9848577192572,123.89744567871094,4938900
2022-05-06,122.65426056753444,123.83051266857424,119.62281040330024,121.2580795288086,4701900
2022-05-09,120.16790355592204,120.49304000308359,115.61594222405235,116.40966796875,6938100
2022-05-10,118.64740273979827,120.8755696319849,116.22797995558949,117.6241683959961,5080900
2022-05-11,116.65830187364897,120.98075479700897,116.1897198611064,117.89192199707031,7399200
2022-05-12,117.93973563629098,119.00122251375262,116.32359651195058,118.60913848876953,4460600
2022-05-13,118.84821862491536,121.86054622142028,118.72390302991528,120.80862426757812,3891000
2022-05-16,120.83731425071517,123.46712283400385,120.53130045286116,121.01901245117188,3239800
2022-05-17,122.40564511154031,123.68707570674815,121.21027748349792,122.99854278564453,3884900
2022-05-18,122.38651684306791,122.75946364634197,119.18292590965602,119.76626586914062,3787000
2022-05-19,120.04358682218279,121.75535398863268,118.70477373879774,120.37828826904297,4240300
2022-05-20,121.46845980395832,121.55453005723581,118.40832194414865,120.53129577636719,4348800
2022-05-23,121.78402534102011,124.41384083249213,121.0859348875717,124.2130126953125,4133500
2022-05-24,123.78268960557513,124.31821187587691,121.36326711103406,123.57230377197266,4037900
2022-05-25,123.86874947578423,126.11604600976263,123.29496729080209,125.69527435302734,3185000
2022-05-26,126.23078336992077,128.50676731523637,125.90564697541443,126.93844604492188,4066000
2022-05-27,127.36882256668939,128.41117970772336,127.091489086519,128.2486114501953,3294200
2022-05-31,127.56963233107626,128.30598290398126,126.57509284675139,127.46443939208984,5158100
2022-06-01,127.86608337616666,129.43440502872926,125.88654769583243,128.67892456054688,3773600
2022-06-02,129.68301739901796,130.01772610344747,127.59828909257696,129.86471557617188,3704700
2022-06-03,129.82645707694584,131.16527731750858,129.26224716728166,130.63931274414062,4376300
2022-06-06,131.95900322328333,132.90572486491251,130.5436777160672,131.17483520507812,3163200
2022-06-07,130.83055874152348,132.76227639624489,130.05596306093585,132.5327606201172,3304400
2022-06-08,132.22677923939733,132.22677923939733,128.6597920114381,129.30052185058594,3762700
2022-06-09,128.59284581299252,130.15160958682418,127.12014499072659,127.20622253417969,3044400
2022-06-10,125.47533325853821,126.19255370765475,123.73487129790948,124.80591583251953,3676200
2022-06-13,123.19935177095098,123.28541472470631,118.85777634688182,119.17335510253906,5036300
2022-06-14,119.66106750017823,121.4875925713359,117.72935679961319,119.44112396240234,4925900
2022-06-15,120.78948980943943,122.5108218851241,119.02991239513425,120.99031066894531,5409700
2022-06-16,119.3837508108135,120.07228372364101,116.43837055563847,118.84822845458984,6641900
2022-06-17,119.53675180925305,123.45756310535201,119.53675180925305,122.0135498046875,8437400
2022-06-21,123.80182071794043,126.58462501205265,123.37147676856227,125.91522216796875,5354100
2022-06-22,124.58598879372444,129.17620319362797,123.38106353290411,127.34967803955078,4896000
2022-06-23,128.9084671124194,130.87843092192827,128.65982126997005,129.99864196777344,4485900
2022-06-24,130.13251198542432,131.41394266704253,128.20079368251757,131.08880615234375,6416400
2022-06-27,129.5108855445777,131.16528462128434,129.17619140971536,130.57237243652344,3774100
2022-06-28,131.09835682904017,132.40848969013226,126.98628921284534,127.21580505371094,4261000
2022-06-29,127.37836064712569,129.08056283673102,126.70895775097001,128.49722290039062,2773200
2022-06-30,127.77044361142138,129.81691221477806,126.94803017688241,128.6597900390625,4391100
2022-07-01,128.5450395562259,131.76774571263198,127.17754612089358,130.83058166503906,3543800
2022-07-05,130.6871469870295,131.85382688298938,128.12427137246735,131.5478057861328,3156700
2022-07-06,132.2937138352278,132.7336155135392,130.01774394520166,131.0122833251953,3372300
2022-07-07,130.92618841309925,131.71991402269074,130.1133328416698,130.3715362548828,3665000
2022-07-08,130.30461560783874,130.30461560783874,128.7745539580293,129.78822326660156,3330800
2022-07-11,129.77868573272747,130.37158343730832,128.5259281369562,128.8415069580078,2927600
2022-07-12,128.82239724359414,130.18033324751403,128.19123957374802,128.56419372558594,2927100
2022-07-13,127.0723749173899,130.3620292211854,126.68029080274064,129.02320861816406,3121600
2022-07-14,127.96170044645555,131.12703131708653,127.05322404608208,129.73085021972656,5083100
2022-07-15,130.23768419277113,131.42347943215464,129.31963551825578,131.36610412597656,4051500
2022-07-18,131.99723822531143,132.73358857150717,128.2294381422427,128.59283447265625,4339300
2022-07-19,130.16115888794826,131.91117841648412,129.63519434245063,131.50953674316406,4207800
2022-07-20,132.02592098413663,132.44669259495222,129.78819697231054,131.4425811767578,5231800
2022-07-21,128.58330244253744,130.29506234576812,124.80592932854344,127.36880493164062,6467900
2022-07-22,125.92478125197017,129.1188141581422,125.45620655185462,126.6898193359375,5319400
2022-07-25,126.45075768120618,129.56828561156183,126.45075768120618,128.67892456054688,4086000
2022-07-26,127.84694143263883,128.80323538953866,125.99172882155113,128.0573272705078,5523600
2022-07-27,132.0355171420884,136.14756959252458,131.53824018555684,134.7513885498047,9649400
2022-07-28,135.27736521767264,136.23365928523407,133.31695946079378,135.50686645507812,5721000
2022-07-29,134.66532957828326,137.19950286964576,133.54645274500697,136.8074188232422,5559100
2022-08-01,136.75002740512178,137.80195652960822,135.95630171880688,137.5054931640625,4079200
2022-08-02,137.50551491882624,137.86891132693944,135.80331267854208,136.1284637451172,3301500
2022-08-03,136.32927424471256,137.8880381791594,136.1571483238452,137.41944885253906,2795300
2022-08-04,137.82107190140843,138.6339275514104,137.0751638283678,137.5054931640625,2658400
2022-08-05,136.0041574774771,138.47139817717596,135.2104315685441,138.24188232421875,3500200
2022-08-08,138.80606631268333,139.91537083914812,137.65851644718686,138.260986328125,3350600
2022-08-09,139.0929470191064,139.44678569014152,137.31423975352155,139.21726989746094,3469700
2022-08-10,140.49870621592837,141.22548436915756,138.0601537105937,138.50961303710938,4069900
2022-08-11,139.39897244666514,139.5137230506597,137.19949345481464,137.3333740234375,2554000
2022-08-12,138.3374905506799,140.2691938827496,138.07928709053445,140.05882263183594,3290300
2022-08-15,139.60937515216764,140.47003396990317,139.17903115141056,140.27877807617188,2574100
2022-08-16,139.15991802129147,140.50828157857705,138.48094280691936,140.22140502929688,2925100
2022-08-17,139.09296339329885,140.4891590939984,138.9017075061604,139.1885986328125,2509500
2022-08-18,138.66262262695753,140.9577222681659,138.2705386057524,140.4413299560547,3177000
2022-08-19,139.47548542998774,140.53697235132861,139.0451414574235,139.97274780273438,2663200
2022-08-22,138.8443262436032,139.52328680260464,138.03147051827042,138.260986328125,3515600
2022-08-23,138.26098154432117,138.87300909086912,137.45769812545592,137.57244873046875,1880300
2022-08-24,137.237778479494,140.10666114410083,136.61619307225257,138.97824096679688,4701700
2022-08-25,138.95907935226182,140.89079732559412,137.5055083808116,140.6421661376953,2760200
2022-08-26,140.661289527181,141.56976596414864,136.54922215829183,136.76918029785156,4347700
2022-08-29,136.73090907945013,140.16401555509424,136.27189205509845,138.55743408203125,3082800
2022-08-30,138.27055106872035,139.38941333904927,137.04649587082773,139.159912109375,3358600
2022-08-31,139.5615488567827,140.77604632392195,137.47682034657961,137.6680908203125,6215000
2022-09-01,137.21863760139522,138.4713804641025,136.0902030419005,137.6298370361328,4492900
2022-09-02,138.0697422038237,139.3989903746352,135.05740713456464,135.77462768554688,4497100
2022-09-06,136.07106918170027,137.0751808173613,134.78008101461214,135.7076873779297,3897500
2022-09-07,136.55877171972242,139.57109166535028,136.3962035078901,139.14076232910156,4102800
2022-09-08,139.43720534879205,141.08203195483446,138.08882750455618,139.0164337158203,4326000
2022-09-09,140.71867002602806,140.88125286279106,136.20496073722026,139.33204650878906,5585400
2022-09-12,140.25007399208988,140.5560804678349,137.1421186593978,138.80606079101562,4513100
2022-09-13,136.2623524488986,137.17082893143314,131.47130963790815,131.71995544433594,6206700
2022-09-14,133.288268502299,135.95632246423094,133.01093505812233,135.726806640625,5726900
2022-09-15,135.69814213886784,136.7978892320716,134.66535723615473,134.8566131591797,4373800
2022-09-16,132.17897402785798,134.4453864158934,131.49044109622108,133.83335876464844,9607100
2022-09-19,132.92488080393244,134.67490076985993,132.7527548688691,134.56015014648438,3709100
2022-09-20,134.59838269292277,134.92351915616678,133.21175928870912,133.53689575195312,4205200
2022-09-21,134.15845643373007,134.71310861212407,130.696677401287,130.7923126220703,4542800
2022-09-22,130.0368377596666,130.47673936504216,128.23901518715508,129.14749145507812,4566500
2022-09-23,127.86608481656688,127.91388784591841,124.72942688421836,126.54639434814453,6091300
2022-09-26,125.81001156334212,127.31139985218364,125.29361932532737,126.53680419921875,5177500
2022-09-27,126.5368364051315,128.13384572650284,125.97261182265203,126.88108825683594,4239600
2022-09-28,128.5833002785547,130.73496182236534,127.45486574779633,129.5969696044922,5573300
2022-09-29,129.43439199518377,129.45350736802848,127.14885003790143,128.7554168701172,5602900
2022-09-30,129.05189276754805,130.24726045637655,128.1147285852359,128.3059844970703,6201000
2022-10-03,130.30462316078567,133.76641757511098,130.1707425762685,132.82923889160156,5543900
2022-10-04,133.68032649287738,136.45358773709083,133.46038296740304,136.3101348876953,5648600
2022-10-05,134.16804195054044,135.68854580458967,131.96856298245535,135.05738830566406,4454600
2022-10-06,134.26367160150164,135.67899722595632,132.781427576798,133.32650756835938,4533500
2022-10-07,132.84833431008786,133.20215835032033,131.05049727821043,131.5764617919922,4945800
2022-10-10,131.57649234401737,132.79098985023109,131.12703298168367,131.7103729248047,3785800
2022-10-11,131.93989937459082,132.53279705271436,130.86885464200893,131.15573120117188,4564800
2022-10-12,130.59150993132548,130.78276581825824,126.98627736549318,127.12973022460938,6461300
2022-10-13,125.09280431472693,128.23901945718455,123.88787923848682,127.26359558105469,6342000
2022-10-14,129.20487363245732,129.54914003137642,125.69527665586166,125.77178192138672,5650100
2022-10-17,127.40703943773387,129.72126905596937,127.40703943773387,127.9903793334961,5775300
2022-10-18,130.14205204706468,130.7062620270745,128.6119903423657,130.20899963378906,4273000
2022-10-19,130.08469192967132,130.8401724788898,129.45353428923607,129.807373046875,3916100
2022-10-20,129.99859849474177,131.2704711659746,129.07099222017263,130.07510375976562,4800300
2022-10-21,129.12837217715824,130.70625137349532,128.98493391999588,130.49588012695312,4198600
2022-10-24,131.31829282841582,133.71858540099177,131.21309990975143,133.2308807373047,4176300
2022-10-25,133.8811726318768,135.6981255665535,133.63254142149793,134.483642578125,5738500
2022-10-26,135.7937374391799,136.49182791915993,134.35929655073787,134.68443298339844,6662300
2022-10-27,134.0724285315444,136.62573200142555,133.98636556547746,134.483642578125,7425300
2022-10-28,141.53150869205297,145.28973702010728,140.7951582435346,144.400390625,13902800
2022-10-31,143.444081712045,145.42361704377677,140.80471586162255,144.93589782714844,8396000
2022-11-01,146.3034258511627,147.4031581259688,144.8785425231031,145.62445068359375,5502400
2022-11-02,145.90179439289417,147.6326843382843,143.42498164259428,143.46324157714844,6342100
2022-11-03,142.30608877377088,143.71184193312138,141.5697384065191,141.69406127929688,4937500
2022-11-04,142.0096623104839,143.16678449788927,139.76236552134026,142.3252410888672,7357000
2022-11-07,143.20503121847614,143.84574646856052,142.32524246051452,143.2337188720703,5150100
2022-11-08,143.4441002027108,144.3621488644391,141.933153929549,143.3484649658203,3246500
2022-11-09,142.75555167991098,143.86485610173085,141.95226830902905,142.14352416992188,4848900
2022-11-10,145.25147036767686,145.35666327345808,141.6653684777067,143.87440490722656,6440900
2022-11-11,143.40584564233353,143.5779715474029,138.71043889555165,139.8006134033203,7576700
2022-11-14,139.85798960061018,140.88123112692242,138.33748572854375,139.10252380371094,6535800
2022-11-15,141.13942609915574,142.64081466348907,136.82654546903575,138.66262817382812,6421400
2022-11-16,138.9590815039574,140.83342420078904,138.31836626254096,138.54788208007812,4687300
2022-11-17,136.99867391222506,142.0670350574359,136.99867391222506,141.3115692138672,6115200
2022-11-18,142.30611112269247,143.7405521561317,141.97141697002326,142.3252410888672,3756500
2022-11-21,142.90857401924467,144.46733786855918,142.36347944915747,143.329345703125,5312700
2022-11-22,143.53012347099667,145.1367045367879,142.96591366827113,144.97413635253906,3234700
2022-11-23,144.44821417292428,145.51925880246125,143.2145867196502,143.55885314941406,3026700
2022-11-25,144.5629470096478,145.1558445578243,143.6544707236682,144.4481964111328,1481200
2022-11-28,144.4099518909959,145.55751636612834,142.9085778966562,143.3484649658203,4909000
2022-11-29,142.54520719593205,143.06161422118512,141.35941175936338,142.1244354248047,5339000
2022-11-30,141.72277360887873,145.2515009461827,141.21593893574774,144.84030151367188,7464500
2022-12-01,145.60533247264544,146.65726180538385,144.36216183272336,145.1750030517578,3812600
2022-12-02,143.0807257120737,145.88267515266887,143.0807257120737,145.74879455566406,3046600
2022-12-05,145.1654217317295,145.73918933554313,143.34845450660123,144.0369873046875,3103800
2022-12-06,144.0274126587206,144.2760437985739,141.82793395671288,142.86073303222656,3161700
2022-12-07,143.4536518457444,144.14218466505966,141.84708499526738,142.28697204589844,4646100
2022-12-08,142.00012237471336,142.24875359851083,136.8935005674577,137.524658203125,7332400
2022-12-09,137.06560989516893,137.89758093974956,135.02869916738908,135.38253784179688,6986800
2022-12-12,136.78828182410774,137.13254823390207,134.8756939012255,136.17625427246094,4053900
2022-12-13,138.4044203606356,138.64349384997155,134.0532799363439,134.43580627441406,10037600
2022-12-14,134.6270543719185,138.17491116918274,134.5601213865519,136.13800048828125,7511800
2022-12-15,135.76507815948034,137.7159117549952,133.8142299720751,134.0724334716797,6130400
2022-12-16,132.5805860050752,136.8743508786355,132.06419371836517,136.13800048828125,15119400
2022-12-19,136.5683511425606,137.9454169112469,135.08609244454718,135.43035888671875,5643700
2022-12-20,135.78419271112477,136.214522100347,134.04373059628054,134.206298828125,3925300
2022-12-21,135.47815160870073,135.93716858327227,133.38386568638117,135.28689575195312,4327400
2022-12-22,134.42625559912338,134.6366268561745,131.71036952878126,133.43170166015625,4692300
2022-12-23,133.41257976028731,134.5027544107544,132.55192093850943,133.90029907226562,1857900
2022-12-27,134.368864492668,135.31560080437916,133.81421222244322,134.82789611816406,2784400
2022-12-28,134.82790688955194,135.2295486500318,132.74317821823502,132.90574645996094,2628300
2022-12-29,133.61339412015454,134.35930224641348,133.03961190369938,133.307373046875,2617300
2022-12-30,132.90574055189666,133.9863574780324,132.23633764752054,133.88116455078125,2565400
2023-01-03,132.92488941931765,133.96724656091172,130.30463814458992,132.963134765625,8245300
2023-01-04,134.35931840880798,134.81833548205557,131.3565555775109,133.84292602539062,6900800
2023-01-05,134.4836361799877,138.77738710202289,134.0341768116128,138.1653594970703,9254700
2023-01-06,139.41810348947237,142.937273190352,139.41810348947237,142.0766143798828,6539600
2023-01-09,141.55064751388034,143.66404916525872,141.29244403803116,142.2678680419922,4977100
2023-01-10,142.45910552253346,143.34845185836403,141.2828680941525,143.0233154296875,3779400
2023-01-11,142.9659421374015,143.30065084872558,141.6462518482677,142.29653930664062,4451500
2023-01-12,141.31156371898027,143.53015813667423,140.14488391081875,143.3580322265625,4269400
2023-01-13,143.35803490510747,143.98919243775242,141.78014107349506,143.13807678222656,6543800
2023-01-17,142.6599197520435,142.6599197520435,140.23093961958057,140.5560760498047,5482000
2023-01-18,139.74325831504225,141.28289236460077,139.14078837637902,139.52330017089844,4543400
2023-01-19,138.83476939113274,139.30335874969364,137.38121287621087,138.79652404785156,5345700
2023-01-20,136.1858108436418,139.15031302706026,136.16668088089077,138.77735900878906,5878200
2023-01-23,139.2842206048655,139.45636111924915,137.56290301236282,138.06016540527344,5306400
2023-01-24,137.54379741699083,140.13534654411157,136.75962916386607,139.437255859375,3851700
2023-01-25,139.36072583093565,142.04790973836495,138.85389115902353,141.5984649658203,4352500
2023-01-26,141.42632233761336,142.66950748465888,141.04381056554803,142.1913604736328,3808400
2023-01-27,141.58890478842662,141.7227853812824,139.7815094889284,140.31703186035156,4061700
2023-01-30,139.53284914483177,141.48368231806373,138.98775460720262,140.5560760498047,4485200
2023-01-31,141.129856351555,143.41539820245916,141.034221124232,142.78424072265625,6073000
2023-02-01,142.6312571193679,145.5001393779557,142.00011411231478,144.37171936035156,7111300
2023-02-02,143.46321888369096,143.61621482203736,139.39896969764015,140.5273895263672,8665700
2023-02-03,139.80062384527497,140.26919857199866,138.03147408763192,138.84432983398438,5557500
2023-02-06,135.28691342453192,137.0082455438916,135.28691342453192,135.7650604248047,6314200
2023-02-07,134.70358274407204,137.103875597073,134.1202427800341,136.74049377441406,4952100
2023-02-08,135.85114345490723,137.8593669895248,135.6216421996759,137.524658203125,4014500
2023-02-09,138.653066389282,138.9495151819144,136.49183270280972,136.60659790039062,4146600
2023-02-10,137.09431238519704,137.64896467225105,136.35796189819047,137.41944885253906,3558000
2023-02-13,138.1844605193672,140.19268342941345,137.70631359715486,140.17355346679688,3547900
2023-02-14,139.51374683262944,141.13944389785357,138.55745272462818,141.0438232421875,4195500
2023-02-15,140.32658523369372,141.53151040705237,140.11619938871056,141.10118103027344,5334700
2023-02-16,139.33205008607897,141.5793471003263,138.92085061941128,140.31703186035156,4689200
2023-02-17,140.65174842918816,142.87034331824285,140.49873785976618,142.82254028320312,4617700
2023-02-21,141.77057459835325,142.04789341659753,139.14076630057605,140.66127014160156,5648800
2023-02-22,141.39762748521133,141.9618374274427,140.2405053570107,140.8907928466797,3540100
2023-02-23,140.01103123682518,140.03014661383224,136.39624048533597,138.40444946289062,5563000
2023-02-24,136.969969554532,138.24184217717433,135.9945602944888,138.09840393066406,4593600
2023-02-27,138.22272740650251,139.61892305750848,137.56289680814297,137.83065795898438,5287900
2023-02-28,136.95086227670214,138.00277686101444,135.89893310050223,135.9658660888672,5648900
2023-03-01,135.6311682400933,136.25275345049272,133.9576538823702,135.11476135253906,4353800
2023-03-02,134.71313483603998,135.21041181552076,134.39755605628616,134.98089599609375,4621300
2023-03-03,136.05192824169333,136.21449644291636,134.83743098327898,135.69808959960938,4250300
2023-03-06,135.74592373241595,137.96453270784886,135.44947494163898,137.43856811523438,4498100
2023-03-07,137.39072458209668,137.82105386146384,135.67896514927702,136.6256866455078,4682100
2023-03-08,137.16126898261942,137.74460902353485,136.0902241567647,136.9221954345703,4393100
2023-03-09,137.51510177660236,137.5629194025112,134.5410263845187,134.9235382080078,5816500
2023-03-10,135.04783625561106,135.8606919707477,132.92486246472274,133.41256713867188,6332200
2023-03-13,133.9672064447167,136.17624297772159,133.56556476525097,133.62294006347656,6706400
2023-03-14,135.12434323259924,136.93173828369993,134.75138916147966,136.7595977783203,6487700
2023-03-15,137.19951001120467,138.59569116791297,136.48228946591374,138.1079864501953,7801500
2023-03-16,136.70224596584106,137.29515826194142,134.98091357567841,135.32518005371094,8213900
2023-03-17,135.0956554185885,136.6448470057089,134.34974727724253,136.2240753173828,9163900
2023-03-20,136.68309613958544,139.64761341372594,136.50141253448055,139.2459716796875,5601700
2023-03-21,139.79104452972012,140.23094617320154,137.94540418493943,138.3470458984375,5559100
2023-03-22,138.61481010402926,139.3129006268301,137.15168147542113,137.18994140625,4630600
2023-03-23,136.75958795168765,137.5628859325925,135.00001064472883,136.08062744140625,6064400
2023-03-24,135.7076796142753,136.68308894910308,134.5696874650884,136.3101348876953,4406800
2023-03-27,137.14212778749337,138.51919349972175,136.75960142749182,137.61070251464844,4945900
2023-03-28,137.29513231607575,137.65851410229536,136.39621364931787,136.54920959472656,3462500
2023-03-29,137.57247582859506,137.76373173858468,137.18996400861582,137.524658203125,3965000
2023-03-30,138.0314914285709,138.75828430726767,137.53422898638834,138.25144958496094,4601900
2023-03-31,138.5669883397475,138.93038471230597,138.16534662939287,138.50961303710938,5228100
2023-04-03,138.66261585102947,140.38394779376446,138.19402658576394,140.34568786621094,5674600
2023-04-04,139.226857082609,139.98233760698932,136.5301152586964,139.91539001464844,6955000
2023-04-05,140.59434570866142,143.50147300156019,140.59434570866142,142.60255432128906,8223600
2023-04-06,142.87033880218283,143.39630349801354,141.9523045984516,143.0711669921875,4263500
2023-04-10,142.63122658585652,143.4440822218684,141.41674386253638,143.4345245361328,4984500
2023-04-11,143.44408836645272,143.7214071835308,142.99462905555353,143.39627075195312,5550100
2023-04-12,143.1667648364676,144.1134864497132,142.72686322619455,142.97549438476562,4717300
2023-04-13,143.12852495738545,143.97962605588057,142.32524147851362,143.7979278564453,3490800
2023-04-14,143.24328837440245,143.5875548378173,142.6790783513279,143.05203247070312,3227400
2023-04-17,143.79795449982473,143.92227741550252,143.05204618954087,143.9127197265625,2888400
2023-04-18,144.52473322193538,145.03156793186096,143.5397514579751,143.75013732910156,3267600
2023-04-19,143.67361570330948,143.90311692432556,142.15309715463601,142.2774200439453,4931500
2023-04-20,140.3743951305828,141.29244382561694,138.55744229885332,139.56155395507812,6716100
2023-04-21,138.56701517428934,140.16403923039422,138.56701517428934,139.82933044433594,4323600
2023-04-24,139.74326514496735,140.35529280124493,139.25554580244483,139.4850616455078,3889300
2023-04-25,139.8771248955415,142.65992929457335,139.8101773126652,141.53150939941406,6394500
2023-04-26,139.80061970749423,142.43042816070704,139.29378506386246,141.7992706298828,4522500
2023-04-27,142.34436183526853,143.87442341670032,142.25828428900203,143.38671875,6332800
2023-04-28,140.09707278304842,140.59434975510615,137.08475248146527,137.61070251464844,9431700
2023-05-01,138.21316715953415,138.25142709002472,136.3770844769648,136.95086669921875,5810900
2023-05-02,136.750033510414,136.94128938016294,133.9672146411211,134.2254180908203,6764600
2023-05-03,134.4453472690446,135.04781705677652,133.5846886510441,133.79507446289062,5568400
2023-05-04,134.00548775117014,135.56423710523796,134.00548775117014,135.08609008789062,4849300
2023-05-05,135.31560487558497,137.61070470456372,134.9522084757726,137.2855682373047,5091900
2023-05-08,137.70630734745973,138.0027560910755,136.4822524494998,137.87843322753906,4526500
2023-05-09,137.52466649703686,137.78287001663455,135.55470278074594,135.8224639892578,5038300
2023-05-10,136.2719234303795,136.9891440800131,134.82792444219817,135.8224639892578,4738000
2023-05-11,135.52597084203077,137.14210984587044,135.52597084203077,136.463134765625,4137800
2023-05-12,136.7022435709992,137.92629889547308,136.53011763094372,137.82110595703125,3914800
2023-05-15,137.4576961092852,138.50961068754512,137.13254508003848,138.29922485351562,4065200
2023-05-16,138.2036169593051,138.60525869988444,136.6257230585767,137.41944885253906,3657900
2023-05-17,138.12710650261047,138.18448180741314,134.70357226113032,135.39210510253906,6752600
2023-05-18,134.3497527476039,134.6940191800803,130.3811237910166,132.1407012939453,11619800
2023-05-19,132.5710252720068,134.02458146364805,131.98768542145123,132.9535369873047,7738300
2023-05-22,133.737725082161,135.95631962987645,130.94533369144844,135.41123962402344,8884800
2023-05-23,134.7705124660958,135.57381055199318,134.1871871081217,135.1912841796875,5300200
2023-05-24,135.21997035953348,135.4781738340389,133.77597162353007,133.88116455078125,4794600
2023-05-25,130.46719232349926,131.29917808278697,129.02319353799055,129.82647705078125,9328400
2023-05-26,129.32919582932314,130.51499095897535,128.2390213371563,129.2431182861328,8849000
2023-05-30,128.3059402917724,129.8551316133456,127.86605330529676,129.21441650390625,6874700
2023-05-31,130.18985592033746,132.66665371360838,129.4057024802558,131.2513427734375,7811200
2023-06-01,131.3565324107339,133.11610970776215,131.18439191869467,132.8387908935547,6245500
2023-06-02,123.36193616687689,125.60923308884328,119.46025457429309,125.45622253417969,37260200
2023-06-05,126.23081439833263,127.19666613420947,125.1693274208529,126.44120025634766,9068400
2023-06-06,125.45620772330797,126.15429823269851,121.8222877344471,122.9220199584961,11129200
2023-06-07,123.20891936009752,123.36192990699675,120.54086543602848,121.01901245117188,11273700
2023-06-08,122.40562055449631,124.71029238105183,122.2047997087873,124.62422943115234,8757700
2023-06-09,124.71984818756555,126.13515906816997,124.31820650220024,125.61876678466797,5623000
2023-06-12,125.93437144654004,126.03956438044953,123.80183970480016,125.06414031982422,4451900
2023-06-13,124.98762948580007,124.98762948580007,123.50537078910183,124.20347595214844,5139100
2023-06-14,123.85920645087091,124.03133237160773,122.1378742840585,122.45345306396484,8696300
2023-06-15,124.80592666175453,127.42617751629523,123.93571019782009,126.95758819580078,8904800
2023-06-16,125.42752343182988,126.29775446618025,124.9780640884572,125.20756530761719,13014800
2023-06-20,125.62834163965564,126.1351763065422,124.16521294590558,125.49446105957031,7027600
2023-06-21,125.27452124799144,127.99996514243247,125.26496356051831,126.88108825683594,6577800
2023-06-22,127.14887564122499,128.60243223205237,126.88109985671404,128.4685516357422,4841700
2023-06-23,127.85650071517892,128.71717404226533,126.80458610459058,126.99584197998047,5331200
2023-06-26,127.3305566280955,129.08057662403917,127.17756065826725,128.95626831054688,4426700
2023-06-27,129.09968941186597,130.62976564165083,128.95625114927478,130.2185516357422,4046300
2023-06-28,130.29506375893823,130.3811267210192,129.21444681762472,130.31419372558594,3263300
2023-06-29,130.00816710740077,131.28003988552769,129.96992176761816,130.85926818847656,3071400
2023-06-30,131.26091721930516,133.09700006063588,131.0218437046753,132.82923889160156,4841700
2023-07-03,132.8483791603849,133.77598563643227,132.13115856087757,133.24046325683594,1862600
2023-07-05,132.7622824709841,133.54643587283323,131.882493843401,133.4603729248047,3324300
2023-07-06,132.58060387751354,133.61340318204628,132.4945409167747,133.077880859375,3108600
2023-07-07,132.44673505616996,133.833358605889,131.86339506177762,132.8961944580078,3070500
2023-07-10,132.95356166513199,134.2158768253122,132.03552754126392,132.29371643066406,5624700
2023-07-11,131.89207569893134,133.95767438146558,131.88251801136113,133.90029907226562,3639600
2023-07-12,134.56968580785107,135.07652043398687,133.46995360213472,134.7322540283203,4288500
2023-07-13,134.92351211572776,135.02870503562806,133.04918411445232,134.54100036621094,3423500
2023-07-14,132.89617373237894,134.2062917974793,132.4084690623949,133.57513427734375,4053300
2023-07-17,133.2308819298025,133.54644609673247,131.74862336876896,131.96856689453125,4908900
2023-07-18,132.0546440750172,134.32107093397576,131.49999176569733,132.39891052246094,5261800
2023-07-19,133.59427907286852,134.28281197274435,131.3565544442168,131.5669403076172,4857600
2023-07-20,132.30327692998804,135.09565357861626,132.30327692998804,133.97679138183594,5448900
2023-07-21,134.69403351505278,135.64075536120222,133.96724064031463,134.74183654785156,12713200
2023-07-24,134.42626061885431,136.2623434302543,134.39755837302846,135.1912841796875,5012000
2023-07-25,136.09021453566822,136.59704925434957,134.73227862977757,136.24322509765625,4271700
2023-07-26,135.20087168314453,135.5546958494665,133.66123751698115,134.9235382080078,4436400
2023-07-27,135.76506955046062,136.31014957962802,133.29782911218715,133.76641845703125,5560900
2023-07-28,132.81010394956422,135.92761686795174,132.29369706258836,134.71311950683594,7683100
2023-07-31,134.45494044392484,134.45494044392484,131.19397444535355,131.74862670898438,5633900
2023-08-01,132.07375042290013,132.39888684514918,129.90295919550908,131.26089477539062,4167300
2023-08-02,131.2991672586165,131.2991672586165,129.3578916334644,129.84559631347656,4810100
2023-08-03,129.55869938719317,130.027288672615,128.82236355681437,129.45350646972656,2753600
2023-08-04,129.85515594849485,130.5054434568223,128.58329776828978,128.71717834472656,3255600
2023-08-07,129.5395889493231,131.1844011703618,129.10924498481893,130.6775665283203,3554400
2023-08-08,130.52455404094817,131.55735315948056,130.23766296493037,130.30459594726562,3242500
2023-08-09,130.27591293575978,132.3128235969111,130.1324746885886,131.6912384033203,4092900
2023-08-10,132.59016168310563,133.3456421397469,131.56693465677859,131.7103729248047,2492800
2023-08-11,131.08879117112875,132.5136745700796,131.03141586237317,132.29371643066406,2897000
2023-08-14,132.87705050991667,133.77596921901684,132.1215846582473,133.40301513671875,3117800
2023-08-15,132.64754676598773,133.49864783978134,132.14069752295757,132.52322387695312,2664500
2023-08-16,132.8578991644408,133.57511956051368,132.1789386942814,132.20762634277344,2755600
2023-08-17,132.59971116705177,133.04917045211903,130.21853418394346,130.4097900390625,3916300
2023-08-18,130.37154802767003,131.36608725476944,129.70214522174862,130.18984985351562,3632500
2023-08-21,129.87428731774529,130.62976775800072,128.84148803469122,129.6256561279297,4141100
2023-08-22,129.12839316011846,129.42484200101788,128.34423957372877,129.25271606445312,3239900
2023-08-23,130.26634335260238,130.83055319579503,129.82644178164261,130.3715362548828,3267800
2023-08-24,129.09012745500564,130.32374024814993,127.39748305297651,127.49311828613281,6200000
2023-08-25,127.03409315364598,128.10515237042702,125.72397502556232,127.52181243896484,5732600
2023-08-28,128.43030640326992,129.39615823522087,128.18166058712507,129.27183532714844,3975300
2023-08-29,129.57783159381583,131.07922011528206,129.1188145786955,130.76364135742188,3502300
2023-08-30,131.41391103942388,131.80599505555114,130.74450820206482,131.38522338867188,3185200
2023-08-31,131.68169802503505,132.05465214991378,130.04644324360157,130.29507446289062,6627300
2023-09-01,131.0696621174974,131.6530020803926,130.28550857255843,131.32786560058594,3039800
2023-09-05,131.32784563362753,132.72402658376538,130.5341199299137,130.90707397460938,3881200
2023-09-06,131.06007651731719,132.905716664222,126.61330131026953,128.2677001953125,10514700
2023-09-07,128.95622706674516,133.84288905557634,128.62151839402134,131.28001403808594,8462200
2023-09-08,131.86337727727803,133.2882605709178,130.79233268129485,131.61474609375,4273100
2023-09-11,132.26502087713055,135.086085260285,132.00681741126158,134.12979125976562,5271800
2023-09-12,134.3306250809479,134.46450566298674,132.8005487788847,133.98635864257812,4862500
2023-09-13,134.30195854381122,135.9276557504364,133.6803585644104,135.3156280517578,5427100
2023-09-14,135.56421633968594,137.83064277722855,135.00000644769437,136.86477661132812,7191200
2023-09-15,137.6776546615527,138.59568877219826,135.2677895853022,135.726806640625,19544200
2023-09-18,136.97954830646714,137.21862178987502,134.48362055601322,134.65574645996094,4000800
2023-09-19,134.83747156715805,136.27191275404272,134.07243334910817,136.24322509765625,5252800
2023-09-20,136.53009009644734,136.79785123268255,135.23908743883032,135.86068725585938,3396100
2023-09-21,135.7267798529973,136.81696885604424,133.8237644201168,133.87158203125,4297400
2023-09-22,133.2213073314311,134.15847131312637,133.21174964504712,133.2595672607422,3175300
2023-09-25,132.66663117187395,133.91937368102342,132.1406666778343,133.89068603515625,3910500
2023-09-26,133.89074663169876,135.10524435998016,133.52736475562625,134.3210906982422,4661000
2023-09-27,134.1775933967255,134.684427991171,132.5710266653255,133.59425354003906,3396900
2023-09-28,134.10108813448454,134.60792272893002,133.13523655848002,133.59425354003906,2791900
2023-09-29,133.56558918465353,134.73226910149657,133.4603962547123,133.92898559570312,2804800
2023-10-02,133.80464995115685,134.3497445157994,132.48495960887527,133.17349243164062,2935500
2023-10-03,132.69532950976162,132.69532950976162,130.2567918632558,130.4671630859375,4468200
2023-10-04,130.46719121757994,132.37022164445733,129.8838658509111,132.0259552001953,3559400
2023-10-05,132.1502699503161,132.49453637335498,130.8592672159482,131.42347717285156,3686000
2023-10-06,131.232205084691,133.3647509435422,130.87838101844613,132.9535369873047,4870900
2023-10-09,133.18305886286507,134.55055216989084,132.65709428636006,134.01502990722656,3800500
2023-10-10,134.1010781610823,136.24318156885596,133.99588525731025,136.18580627441406,3761800
2023-10-11,136.02324791218558,137.25686060754737,135.51641331878477,136.86477661132812,3752500
2023-10-12,137.28555836417513,137.60113712154487,133.63252303004464,134.97132873535156,4125900
2023-10-13,135.54512752103588,136.19540048830046,134.37844758151803,135.47817993164062,3181200
2023-10-16,136.6353020309573,137.4003256170288,135.85113388577759,136.9795684814453,3009200
2023-10-17,137.06564324270522,137.85936914386184,135.2964932159007,136.53012084960938,3663800
2023-10-18,136.22408309448286,136.40578129680495,133.47952386878796,133.584716796875,5464100
2023-10-19,133.74726958138868,133.95765541325773,131.729488806199,131.8155517578125,6731800
2023-10-20,132.36068258330087,132.81014202077853,130.86886597886075,131.00274658203125,5724800
2023-10-23,130.93578727312527,132.98225607676844,130.93578727312527,131.71995544433594,3353100
2023-10-24,132.96311341173205,135.1339049112915,132.63797694871818,134.90440368652344,5045100
2023-10-25,136.96998533625873,137.04649060717475,131.67212300434855,134.82789611816406,9277900
2023-10-26,133.34562644918537,137.03692156156072,132.37020256571762,136.61614990234375,7252000
2023-10-27,136.69267134104987,137.1230007372996,133.116126406399,133.88116455078125,5429700
2023-10-30,135.14346436076684,136.05194067030354,133.37431476438962,135.38253784179688,4830400
2023-10-31,135.35383975430258,137.92627282385013,135.11476626593404,137.57244873046875,3971900
2023-11-01,138.27054755324372,139.07383102045839,137.15168531136146,138.71044921875,4277100
2023-11-02,138.66259005289436,140.1448482442504,137.61066111918768,140.09703063964844,4880400
2023-11-03,141.17770383363208,141.70365391952072,140.33616034918614,141.0438232421875,4323900
2023-11-06,141.13941833232815,142.16265984665017,140.63258371424504,140.9003448486328,3253900
2023-11-07,141.21593151788235,141.51238031958817,140.4508934087745,140.6995391845703,3504000
2023-11-08,140.57523876456668,141.25421402529,139.6571899685295,140.23097229003906,3558600
2023-11-09,140.06838999025953,141.14900693091337,139.82931647892119,140.47003173828125,3347200
2023-11-10,140.90995336082904,141.3115951656902,139.54244509466474,141.15858459472656,4010900
2023-11-13,141.04380790670558,141.41676198459973,140.18313454795012,140.7760467529297,3151900
2023-11-14,141.55064412557752,142.00966116685265,140.04925551856215,140.58477783203125,5262800
2023-11-15,140.3839524963714,141.0533553321124,139.39897091123376,140.76646423339844,4675000
2023-11-16,142.4400044684109,142.76514096307773,140.64218146785376,141.0438232421875,3641000
2023-11-17,141.4932696720808,142.0766096081726,140.6899716051476,141.2541961669922,3267800
2023-11-20,141.33068365393746,142.42085822883004,140.80473362813902,142.00965881347656,4007700
2023-11-21,142.89900640290767,142.91813636876856,141.6653935548179,142.11485290527344,3112300
2023-11-22,142.50695685511087,143.0616092074412,142.1722480692922,142.40176391601562,2913800
2023-11-24,142.37303781420255,142.8798724042854,141.81838561164483,142.46865844726562,1341400
2023-11-27,142.468665209456,142.91812452265702,141.67493949873693,142.29653930664062,3923200
2023-11-28,141.875782753414,142.42086276226667,141.49327097849596,141.89491271972656,3096900
2023-11-29,142.45906558576326,143.08065061879572,142.09566933094754,143.0137176513672,4326500
2023-11-30,142.44705503434133,144.71376086913185,142.3318035250484,144.50245666503906,5596100
2023-12-01,144.34879860946256,146.79799611704982,144.34879860946256,146.2313232421875,4391200
2023-12-04,145.44374589537014,147.36468300070004,145.39573419220653,146.7595977783203,4127700
2023-12-05,146.8076221926664,148.42120230509053,145.9720045971161,147.9121551513672,4577400
2023-12-06,148.80538538899094,149.46811103326093,147.61441376678934,149.3528594970703,5433600
2023-12-07,149.67941577429258,150.7071241606302,148.92065206592085,150.17886352539062,4232200
2023-12-08,150.6110655059876,150.79355686874806,148.1426690431175,150.21726989746094,3791300
2023-12-11,151.80207198345136,153.89588659087005,151.7540456201754,152.57044982910156,5170800
2023-12-12,153.49249526509482,154.81794671479676,152.7337314669367,154.09759521484375,5049300
2023-12-13,153.62694890992634,153.98233225603974,152.3015122140152,153.24276733398438,5195300
2023-12-14,152.19584193600372,152.30149405512904,150.02517378953578,150.66868591308594,5758600
2023-12-15,150.66869611832706,151.16814386580177,148.77657191029658,149.97715759277344,11044900
2023-12-18,150.24608734209397,151.1393307091502,148.9206507168303,150.0828094482422,4072300
2023-12-19,149.97715144495083,150.5438390020965,149.19917429949038,149.70822143554688,2722800
2023-12-20,150.00596920745974,150.4670046576525,148.027406364373,148.43080139160156,3866600
2023-12-21,149.11273109290872,149.24719609350015,148.17147608876874,148.8053741455078,3213600
2023-12-22,149.02630479232334,150.0059721682491,148.219514721942,149.5545654296875,2783900
2023-12-26,148.97828760790506,151.06250274586947,147.75848836207018,150.6302947998047,2991200
2023-12-27,149.85228305594168,152.25345404287248,149.65057824458225,151.69638061523438,3575700
2023-12-28,151.91730909065998,153.01224265356868,151.5139140575449,152.66647338867188,3013000
2023-12-29,152.5704235978712,154.52017343583253,152.10938817639322,153.99191284179688,3867900
2024-01-02,153.99193354997186,156.55638297250744,153.99193354997186,155.5094757080078,5049700
2024-01-03,156.55635871522279,157.9970614027862,155.47102466747097,155.6727294921875,4608600
2024-01-04,156.41227847408044,157.10381686654884,155.7687517752018,155.88401794433594,4068700
2024-01-05,155.83602307208926,156.98858240714446,155.34618938497727,156.9117431640625,4552800
2024-01-08,157.00777529699238,157.50722298375047,155.90324246562378,156.9501495361328,4135100
2024-01-09,156.60440969192064,157.32476114896204,155.30777120701092,156.74847412109375,4102500
2024-01-10,156.74844600155728,157.21908081174084,155.4133954602291,156.8348846435547,4502200
2024-01-11,156.5563764604972,156.68124206402663,155.43262999549418,155.75918579101562,3662000
2024-01-12,156.94056658739757,157.27673646650777,155.8552470130011,156.11456298828125,3394300
2024-01-16,155.42302415983707,156.78688771026148,153.77101712003588,156.63320922851562,4839800
2024-01-17,156.66205211814483,158.56377606333953,156.32588220688586,157.7761993408203,5598000
2024-01-18,156.19139061723456,158.84229318982082,155.85523541871947,158.3716583251953,4041000
2024-01-19,157.88181718554932,159.38974511409296,157.70892523413443,158.6309814453125,4332300
2024-01-22,158.7654499621978,159.19765786691826,157.76655449002197,157.88182067871094,5253300
2024-01-23,158.42929443214248,159.23608454793347,156.9885915158352,157.2671356201172,6194000
2024-01-24,157.05583315690185,158.14115273385067,155.47105113741148,155.59591674804688,5743000
2024-01-25,156.23941066718052,156.978975522991,155.58629911546265,156.13375854492188,7629700
2024-01-26,153.5981481715375,159.1400565090775,153.281191751305,155.74960327148438,8882500
2024-01-29,155.29817207233162,157.0942436852852,153.1851440590472,156.642822265625,6604100
2024-01-30,156.09536106251144,157.30554622317393,155.18291882312076,155.30776977539062,6502700
2024-01-31,155.91285975653136,156.42190690995682,154.11678827767503,154.85633850097656,5427200
2024-02-01,154.85637245893477,156.55640625,153.90551777601243,156.076171875,5104000
2024-02-02,156.30665401657163,156.77727421720306,154.91396292210217,155.3845977783203,4164200
2024-02-05,153.81902723853585,155.78799063082442,153.58852417387652,155.60549926757812,4311400
2024-02-06,155.48063868583867,155.94165944215922,154.24162616777113,154.6354217529297,4142300
2024-02-07,155.3557848948362,155.88404551802256,154.44334272147074,155.3845977783203,3686800
2024-02-08,155.38459563065032,155.59589987700429,152.9257985700804,154.5681915283203,4052200
2024-02-09,155.09645748688706,156.21060452320816,153.94389815699046,155.7783966064453,4475500
2024-02-12,155.73035440608257,155.9512580467411,154.73147366327342,155.36537170410156,3261900
2024-02-13,155.73037886041007,156.46994378902653,153.65576315850794,155.09646606445312,4783600
2024-02-14,155.32697711806512,155.58630773353477,154.55859933685804,155.03883361816406,3782500
2024-02-15,155.32697152145832,155.6823401870325,154.49136859188147,155.1829071044922,3363600
2024-02-16,154.85634799196242,154.98121359952273,153.30999296255962,154.0687713623047,4594300
2024-02-20,154.92359991114878,156.9021630329555,154.92359991114878,155.64395141601562,4066700
2024-02-21,156.3739091472478,157.5937085188862,156.29706989137557,157.5648956298828,3928000
2024-02-22,156.9117485361793,157.9970827304378,156.35467499645313,157.0846405029297,4394800
2024-02-23,156.92135744079886,158.9671455002148,156.92135744079886,157.84339904785156,3910500
2024-02-26,156.74846553929675,157.8818260572308,156.46032204113814,157.43040466308594,3907600
2024-02-27,157.0653976397739,158.16033103903285,156.49872479620672,158.1123046875,3403800
2024-02-28,157.71856373091154,158.06433303171812,156.71006871559325,157.32476806640625,3354000
2024-02-29,158.5590343134645,158.62654203235667,156.64973415845927,157.46939086914062,5128400
2024-03-01,156.88116690987152,157.91295498098773,156.23509098022444,157.53688049316406,3298400
2024-03-04,156.88116393261544,157.94187965851307,156.54365477975384,157.50794982910156,3531400
2024-03-05,158.53975699474978,160.81549396293056,157.72975266217065,159.97654724121094,9049500
2024-03-06,159.88010761251098,162.12691663922783,159.88010761251098,161.4422607421875,5924100
2024-03-07,162.42587555025494,162.61873163523936,158.2215481560996,158.52047729492188,5953800
2024-03-08,158.40478237246933,159.53300603173565,157.6622709216098,158.13478088378906,4444700
2024-03-11,158.24084990336465,159.6872927188836,157.3054823722109,158.8772735595703,4138100
2024-03-12,158.42403603120084,158.7711828569132,157.50795862595234,157.8358154296875,3800300
2024-03-13,158.2215482587221,159.04119029893155,157.64296528941745,158.23118591308594,4441400
2024-03-14,157.28619404444433,157.54655787395942,156.14831803269578,157.0451202392578,3967400
2024-03-15,157.401874700914,159.01224564632435,155.89757679808633,156.03257751464844,9849300
2024-03-18,156.1000946950891,156.23509541983702,153.6797045895705,155.39614868164062,4803000
2024-03-19,156.03256616103778,156.215784558892,154.91398046864518,155.0007781982422,3232800
2024-03-20,154.94292002289194,155.82043204097658,154.40291715452435,155.40579223632812,4007600
2024-03-21,155.85903941389927,156.14831620555628,154.44152427887119,155.18402099609375,3312400
2024-03-22,155.7047369110624,155.76259226503234,153.16863599289,154.8754425048828,3546400
2024-03-25,154.58615654192593,155.6083070691689,154.4125904738175,155.3672332763672,4183800
2024-03-26,154.88505871258468,155.9554267547445,154.15219980714988,155.34793090820312,4195900
2024-03-27,156.43760999348245,156.67868379936516,155.57938783309916,156.2254638671875,4479800
2024-03-28,157.13189387649228,157.89369529513002,156.22545406898737,157.3922576904297,3919700
2024-04-01,157.39225798365717,157.45975099392876,155.83010452507543,156.8618927001953,3256800
2024-04-02,156.13866274196383,156.5822449675553,155.43473143024056,156.29295349121094,4124900
2024-04-03,156.11937469316507,157.5754697473791,155.76259020575014,157.43081665039062,3245900
2024-04-04,158.02869100897652,158.64583930516437,155.65651850908117,155.83973693847656,3331600
2024-04-05,155.61795352793115,156.524393308678,154.57651301690134,155.3575897216797,3180600
2024-04-08,154.20041718016566,155.9940064710371,153.81469035128393,155.15505981445312,4012000
2024-04-09,155.33829364749482,155.81080354206549,154.35472324259743,155.2515106201172,3359000
2024-04-10,155.28044194807364,155.28044194807364,153.68936088616,154.65365600585938,4438900
2024-04-11,154.83691072694643,155.23226063607243,154.05581913716068,154.95262145996094,4790900
2024-04-12,154.40294223127026,155.126163629002,153.9111569778444,154.33544921875,3827400
2024-04-15,156.2158191492734,156.2158191492734,153.68937048631943,154.11366271972656,4494600
2024-04-16,154.86580823446442,154.86580823446442,153.4579308298705,154.084716796875,3810400
2024-04-17,153.88220773541028,154.91399580032086,153.71827934057308,154.37399291992188,4098300
2024-04-18,154.3450711905631,155.74329614130767,154.3450711905631,155.10687255859375,3246600
2024-04-19,155.69509506169757,156.59188245202046,154.96222136055556,156.53402709960938,5126100
2024-04-22,157.9997782020163,158.73263727459374,156.3218992166684,156.56297302246094,3701900
2024-04-23,156.88113978783534,158.01900070823535,156.5532830528698,157.421142578125,4165100
2024-04-24,156.7847369669869,158.67476183941864,156.37009713619443,158.31796264648438,4713700
2024-04-25,158.8869053329054,159.29190750307504,155.92651235817513,158.19261169433594,5817300
2024-04-26,156.41831849440982,158.30832869709434,154.8850780650573,158.1058349609375,7969000
2024-04-29,157.93226287787556,158.819412674847,157.382622278372,158.38548278808594,3451400
2024-04-30,158.38546446269163,158.578320532941,157.24760334843782,158.30831909179688,4122400
2024-05-01,158.62653752101807,160.55512764285416,158.13475233698085,159.56190490722656,6020800
2024-05-02,160.37190351390691,160.37190351390691,158.64582189050304,159.0218963623047,3449800
2024-05-03,159.02193638137567,159.34015558590156,157.72013188231327,158.72300720214844,4274900
2024-05-06,158.3276101525046,158.96404843108354,156.03258317373673,156.5725860595703,6022300
2024-05-07,156.9390202105805,156.99687555964798,155.83972443637413,156.39901733398438,4611400
2024-05-08,156.6979399369913,158.2311654794825,156.4568661832421,157.0161590576172,5106000
2024-05-09,157.42117493422265,158.83868990707305,156.68831595590922,158.80010986328125,4774700
2024-05-10,158.53975819752807,159.05083341462617,157.69117381564055,158.33724975585938,3084800
2024-05-13,159.0990674116503,159.0990674116503,156.9101132280955,157.5176239013672,3686200
2024-05-14,158.09616815913935,158.62653337156564,155.94579434945592,156.6111602783203,4657200
2024-05-15,157.1607971841566,158.18294754425568,156.70757735068258,156.8715057373047,4647400
2024-05-16,157.06439151046865,157.83581582377735,156.36044548930983,157.73939514160156,3217700
2024-05-17,157.2861870598934,158.1444091796875,156.75582176923933,158.1444091796875,2921400
2024-05-20,158.2119167612104,158.33726512872266,157.32475225002543,158.0479736328125,2983400
2024-05-21,158.45299655525594,158.84834641019376,157.80690581386926,158.49156188964844,3218000
2024-05-22,157.82618890114387,159.94763533494174,157.4308243496062,159.59085083007812,4197800
2024-05-23,158.51085754315574,159.68729892259975,158.34692911670572,159.0797882080078,3629200
2024-05-24,159.3112113375486,160.26585413787112,158.87726674033667,160.072998046875,3722100
2024-05-28,159.62942079456786,162.6862495242005,159.46549237638814,161.3362274169922,5729300
2024-05-29,161.6254998133316,163.0719424410815,161.16264229236472,162.85015869140625,6166000
2024-05-30,163.12982355559976,164.96199333516222,162.45481983217257,164.60519409179688,6208500
2024-05-31,164.64390826308252,169.66773273392653,164.3244727150278,169.3579864501953,8684300
2024-06-03,168.91269355268562,172.7555795102582,165.69898937074618,167.5381622314453,7801600
2024-06-04,167.53815103598865,173.12340546775982,167.52847654339507,172.2135009765625,7238200
2024-06-05,173.28796380614162,175.36911706067053,172.56197805174065,174.49794006347656,8973500
2024-06-06,174.49795232894587,176.821100998236,173.6557987508975,174.0139617919922,7651300
2024-06-07,173.77195016323367,174.87544789278724,173.5299549175402,174.06234741210938,5994200
2024-06-10,174.16880500653195,176.47260439086307,173.51058505113286,174.90447998046875,6774800
2024-06-11,174.9625973624532,175.1077886305994,172.33936187958798,172.68783569335938,7331000
2024-06-12,171.21647519343728,171.5359106794211,165.6989719612656,168.22540283203125,10923100
2024-06-13,168.60291335415397,169.78385128477527,167.63493241234747,169.50314331054688,5444700
2024-06-14,169.4256970399652,170.44207994677467,168.63196037641276,170.35496520996094,4045200
2024-06-17,170.35497700705537,173.10403942958183,169.21275177671595,171.70046997070312,6591900
2024-06-18,172.17481127414922,172.54264885652725,169.94846633088693,171.9231414794922,5712000
2024-06-20,170.8583393756824,173.28798140003147,170.1420428115542,170.79058837890625,6596400
2024-06-21,169.84196374752062,171.73919835894802,168.54485789823343,171.0712890625,12269700
2024-06-24,171.7682372500836,173.02661559023818,170.52922266691505,172.25222778320312,5958300
2024-06-25,172.74588505910768,173.0749950338705,171.58429611488157,171.9424591064453,5673300
2024-06-26,171.3423176570524,171.8359974377528,168.20606855715997,170.66473388671875,5316600
2024-06-27,170.6647220535887,171.92310026565423,170.08394233509355,171.7391815185547,3157400
2024-06-28,171.9908508426318,173.142750554693,170.47112840746627,170.53887939453125,5172300
2024-07-01,171.90375694652334,173.43316882974628,171.07129262452148,173.34605407714844,3257400
2024-07-02,172.41679388998017,174.23660313811527,172.0102435884176,174.2172393798828,3317400
2024-07-03,173.14277166336345,173.84940848881172,172.3006328472655,172.74591064453125,1652900
2024-07-05,173.1815104940971,173.7332520671798,172.23287833581014,173.50094604492188,3256500
2024-07-08,173.30732423836199,174.16882679967657,172.53295119869597,173.43316650390625,2370200
2024-07-09,173.92681933021709,174.53665208787868,172.74589609650957,173.31700134277344,2940800
2024-07-10,172.9201051455306,175.28198087417422,172.9201051455306,174.7399139404297,3338400
2024-07-11,173.51060029737616,175.03033761004824,172.21350925702083,173.08468627929688,4758300
2024-07-12,173.69450105199354,175.00126644994938,172.83299861207888,173.79129028320312,3043900
2024-07-15,173.02659907072086,176.5016472218904,172.949158820389,175.9305419921875,4028300
2024-07-16,176.14349931704803,177.93427003005095,175.44655183297687,177.12115478515625,5437500
2024-07-17,177.87616463683935,179.4830164736146,176.42419328871583,177.6825714111328,5228500
2024-07-18,177.75038355611986,177.91493857942964,175.90153601211313,176.45327758789062,4236900
2024-07-19,176.38550226624452,177.37284704017978,176.11446876284552,176.220947265625,2494900
2024-07-22,175.61112063085363,175.87247965047962,171.1196891416755,171.75856018066406,4391100
2024-07-23,171.93278051938034,171.96181876776728,170.08394803446797,170.90672302246094,3621200
2024-07-24,171.3906902291405,171.8456424189946,168.6513025986076,171.22613525390625,4499600
2024-07-25,172.54261762201085,174.55601992545405,169.41604304844842,169.53219604492188,4166300
2024-07-26,170.06457898638382,170.89704321141136,168.2641337913344,169.90969848632812,3117200
2024-07-29,170.0839555835241,171.3616828799139,169.46444830674326,171.20680236816406,2400800
2024-07-30,171.9037411861189,172.19413843837344,168.17702322120843,169.74514770507812,4848100
2024-07-31,174.55601302883858,176.8985252432173,171.22615607279025,176.44357299804688,8036700
2024-08-01,176.0467023630307,181.50611469345574,175.99831512848505,181.08021545410156,5228400
2024-08-02,182.9484157365361,187.5656894122146,182.27083196562967,182.71609497070312,7922800
2024-08-05,186.21047623446145,187.28493559673464,179.45397386127286,180.88658142089844,6523000
2024-08-06,180.96404034777328,186.48152895200928,180.54781561816887,183.78086853027344,4492100
2024-08-07,183.78088102751803,187.72055618371252,183.78088102751803,184.4875030517578,4685900
2024-08-08,184.34229920149485,187.63342860768051,183.9163852093542,187.41079711914062,5437100
2024-08-09,187.46885912202353,188.1561320598874,185.95881128132703,187.9818878173828,2802200
2024-08-12,187.98191522018013,188.98862377420687,187.07201067834694,188.70790100097656,2870800
2024-08-13,189.43389289919497,189.6565244101675,187.67217502808444,189.07574462890625,3736900
2024-08-14,188.73693236800682,190.72129638386454,188.2529418651253,190.19859313964844,3248100
2024-08-15,190.03403784341964,190.527702838307,186.70418082557606,188.3981475830078,4673300
2024-08-16,188.1658402650497,190.43091243192464,187.19785919166188,190.266357421875,3161700
2024-08-19,190.8471575953707,192.42495674771777,190.04373150836773,191.2537078857422,2786400
2024-08-20,190.50836117325167,191.72802683297022,189.85981559762942,189.937255859375,2885500
2024-08-21,190.08243539863238,190.8084211912373,188.95958859810307,189.2015838623047,3252500
2024-08-22,189.61781496644463,190.83746582151824,188.9305418942384,190.15020751953125,3034900
2024-08-23,191.4182536393687,192.7734212083741,190.19860282726384,192.2216796875,2481100
2024-08-26,192.62823009307687,194.17700569035495,192.62823009307687,194.01243591308594,2537500
2024-08-27,194.69972745677967,197.5746326470546,193.82855033194124,197.4971923828125,3687000
2024-08-28,198.70715691991973,198.70715691991973,194.64163929706152,194.96107482910156,4062900
2024-08-29,194.96107691386558,194.96107691386558,192.889597950483,193.6736602783203,3340100
2024-08-30,194.19806611195366,194.88756437014496,191.08071304782388,192.98414611816406,3915100
2024-09-03,193.84845425640364,195.73246043530423,193.56683134127067,194.7418975830078,3572900
2024-09-04,195.04295483415066,196.46081994440127,192.0421480866991,193.0618438720703,3275400
2024-09-05,192.77050839984065,193.52799334309665,190.4980535700727,191.4886016845703,3573100
2024-09-06,191.6828253487984,191.99358115826945,187.0505025539236,187.4292449951172,5336900
2024-09-09,187.6914371306723,190.36206082136002,187.6914371306723,189.662841796875,3839600
2024-09-10,190.0610256627529,191.21666501023103,188.9345043903103,190.82821655273438,3024500
2024-09-11,190.87675999745935,193.12008150720416,188.79852980895575,192.80931091308594,4037500
2024-09-12,193.63479229828786,196.78127804298217,193.39200831602818,196.567626953125,3733500
2024-09-13,196.16944981770777,197.38336968044112,194.92639706373745,196.97549438476562,1935400
2024-09-16,199.03432440357514,200.35506998396238,197.7718446134703,199.90835571289062,2867600
2024-09-17,199.2382594323762,199.5587360811148,195.95581510744043,196.84925842285156,3619500
2024-09-18,196.89779240970643,200.15110341508876,189.8279246494652,191.00299072265625,7300300
2024-09-19,193.33372976315383,195.63531702110032,191.31376538595205,193.8775634765625,6172700
2024-09-20,192.40147340203652,193.91644329994855,191.76053485793867,193.68338012695312,12281900
2024-09-23,193.35317821561696,197.02407100930282,192.95500891014908,196.61619567871094,4545600
2024-09-24,195.19832342693732,197.84952038702852,195.08179185631835,195.62562561035156,4411300
2024-09-25,196.47051442701493,198.0049110277219,195.8878417398642,197.441650390625,2666800
2024-09-26,196.64531910561166,202.1516580310562,195.99465981301327,197.3833770751953,2629200
2024-09-27,197.38337470911026,199.782081604451,196.95607253560468,199.25765991210938,3158000
2024-09-30,200.36475605670816,201.4815563589382,198.8012267425718,200.40359497070312,3243600
2024-10-01,199.3742265312078,200.39392230903417,196.91725360257104,200.15113830566406,3702000
2024-10-02,199.9277424968149,202.34587621644502,199.4616014151076,202.07395935058594,2245100
2024-10-03,201.47185089348392,203.2198835768881,201.45242402725404,202.025390625,2902100
2024-10-04,201.22908074645304,202.70519667741897,200.22879711475474,202.2681884765625,2654800
2024-10-07,201.7049368028211,204.01624513951657,201.42331389327796,202.31675720214844,2651400
2024-10-08,202.6760611863968,206.1138906015495,202.6760611863968,205.07476806640625,3310400
2024-10-09,205.07478785712985,207.3084036264146,204.43383453911295,205.96823120117188,2243600
2024-10-10,207.29868770172945,208.96902791327136,204.85142094330502,205.34669494628906,2601700
2024-10-11,206.52177126826587,207.66770455750404,206.04590932602585,206.8907928466797,1778500
2024-10-14,207.8230900648048,210.0081459182899,207.56087921324624,209.67796325683594,2655700
2024-10-15,209.6779575245418,212.02810464450423,209.41574668015173,210.765625,3382500
2024-10-16,210.0178636382435,214.32000377489052,209.85277229832312,213.41683959960938,2730100
2024-10-17,214.3005871966255,216.30112505901434,213.5528083000763,215.54364013671875,3177700
2024-10-18,215.1066087282513,217.0003208301331,214.533642085336,216.7672576904297,3334300
2024-10-21,216.31083292646116,217.44706024174135,214.90267390463652,216.3399658203125,4614400
2024-10-22,212.6302260317346,214.7375893913256,212.39716287351663,212.68849182128906,6066900
2024-10-23,211.25119616920495,215.41737757763838,210.47428446704325,214.57247924804688,5245700
2024-10-24,216.95178166895124,227.6342779248118,214.62106114047103,226.8185272216797,6920400
2024-10-25,226.80880974740205,227.78965174677512,218.73867217240587,219.8263397216797,6478100
2024-10-28,221.94340691681955,221.96283378525965,219.94286919989483,221.23448181152344,2732300
2024-10-29,221.14706369547153,222.15703849021244,219.26305771804653,219.5252685546875,3150700
2024-10-30,218.93289710159692,219.21452001494643,216.0680489321271,216.3399658203125,4218000
2024-10-31,216.89350158348643,219.34076834994812,216.1942825073545,216.7187042236328,4152400
2024-11-01,216.563333952487,218.09773065286473,216.1748854691538,216.8352508544922,2922100
2024-11-04,217.90348935393885,218.5055889014815,216.8546607490087,217.77723693847656,2453900
2024-11-05,219.5641094857503,220.7488964552493,218.45701516553817,220.55467224121094,2864800
2024-11-06,223.84684543482325,226.22612564388598,222.62321942345477,225.48806762695312,4115900
2024-11-07,225.35209179751956,226.56601168996647,223.36126021023497,224.80825805664062,2561700
2024-11-08,226.93504897982226,229.90673752979208,226.43977496400683,228.51800537109375,3452000
2024-11-11,229.08126347804307,232.2277493569285,228.07128858884715,231.44113159179688,3383000
2024-11-12,231.09152655595344,232.22775388533975,229.44058351929857,232.10150146484375,4226700
2024-11-13,232.35398052985377,234.13116108483504,231.61592254733088,233.92723083496094,3820300
2024-11-14,234.05347112006854,235.4422032409098,230.67392214667348,230.8875732421875,3925000
2024-11-15,231.24687190557253,232.27627357144993,228.2654924478913,228.809326171875,3939900
2024-11-18,230.08152894428062,232.1014935112004,227.7896474951177,230.1883544921875,2442400
2024-11-19,230.18835508763092,230.18835508763092,226.10958702507384,226.46890258789062,3830100
2024-11-20,226.46890284241832,228.82877093007806,226.46890284241832,228.6733856201172,2603100
2024-11-21,228.86760551043892,230.47969472942037,227.18754448111216,229.7513427734375,2490100
2024-11-22,229.61541118904233,232.77160336743364,229.46002586385356,231.4022979736328,2540800
2024-11-25,232.43167103240035,233.86896288483652,231.62562642847362,233.0143585205078,5513100
2024-11-26,234.83036797555104,238.09338516960125,234.50018532825231,237.85060119628906,3251100
2024-11-27,238.92271210673164,241.85636656047305,237.72391176474332,239.95582580566406,3346600
2024-11-29,239.57573269385333,241.20337615382732,238.24048356954154,240.6770782470703,1806000
2024-12-02,240.677082668064,241.53476876928295,237.33406697575398,238.61085510253906,3263900
2024-12-03,238.75704272904588,239.90710828934948,237.50950743199382,238.6400909423828,2668800
2024-12-04,238.25998306283154,238.78628097526936,236.02805398591937,236.91497802734375,2682900
2024-12-05,236.83699661446795,238.83500717343426,235.8915967139589,237.75315856933594,2676200
2024-12-06,237.95784027238162,239.33208329756863,237.39256337058563,237.59722900390625,2177100
2024-12-09,236.82723962399461,237.65567281429685,222.30512777229984,223.05560302734375,6267400
2024-12-10,228.8839377204387,229.64415401581684,224.76122398445847,227.5779266357422,5352700
2024-12-11,227.27577898310184,230.81371876961123,227.1198333740906,228.3966064453125,3439400
2024-12-12,225.26805062403966,228.0067805981236,224.18620201761502,227.35377502441406,4067600
2024-12-13,226.89568422527134,226.89568422527134,224.87817682826537,226.0574951171875,2895400
2024-12-16,227.17831520906134,227.41223362870426,222.5780237252962,223.65013122558594,4489700
2024-12-17,223.50396803127344,223.87432031658395,213.36772505410124,215.11233520507812,7729800
2024-12-18,213.83554328886163,217.5391701789123,213.75758534623606,215.09283447265625,5197100
2024-12-19,214.47877488894935,216.12591501988402,212.26634309420453,212.4710235595703,4957700
2024-12-20,212.47107707617468,215.85307201570876,212.46133605033853,214.7224884033203,9116100
2024-12-23,214.3131101569778,216.76920163334805,212.36383451232047,216.03822326660156,3081600
2024-12-24,216.17466996279109,218.02647585933104,215.5801403018105,217.35397338867188,1411800
2024-12-26,215.394951133399,218.97187003050144,214.93687018332665,218.00697326660156,1902600
2024-12-27,216.4670739699237,218.37735584127614,215.6483668675506,217.36373901367188,2150000
2024-12-30,217.12006975421244,217.36372920744907,213.66010254389352,215.06358337402344,2160900
2024-12-31,214.57628480600758,216.04798268920533,214.3033873822596,215.13182067871094,2119900
2025-01-02,216.54501871174807,216.87640686546297,213.10454847629012,213.9622344970703,2850500
2025-01-03,215.54114151277446,215.736080968392,213.31896853922507,213.55288696289062,2737900
2025-01-06,208.03643073892863,209.5471222691812,203.10476596175468,206.9935760498047,5639700
2025-01-07,206.01894587056722,209.9662171196083,206.01894587056722,206.95458984375,5039300
2025-01-08,208.79666391454998,210.28785864582755,206.81815025483417,210.053955078125,3270000
2025-01-10,207.23726447330915,208.03645982968948,204.5082753389534,205.9409942626953,4175400
2025-01-13,205.97022021775507,209.94674446111827,205.3659495050565,208.04620361328125,3645000
2025-01-14,208.01694642688676,209.1962647533276,205.97995691664573,208.7479248046875,3537400
2025-01-15,210.65822535502886,212.04220932431787,208.4555491568861,208.76742553710938,3116000
2025-01-16,207.97799105568856,211.24303412905797,207.97799105568856,210.27813720703125,2411200
2025-01-17,213.6503612998057,213.93299972168057,212.12017279659327,213.41644287109375,4259900
2025-01-21,212.70496625724033,214.69322089511638,212.59775550062295,213.9232635498047,3700400
2025-01-22,213.630862817022,215.25850616644897,212.549014258805,212.64646911621094,4124000
2025-01-23,213.11433729359234,213.8453157546427,209.90777011624633,210.56077575683594,3628400
2025-01-24,211.35023296307736,213.05584927516006,210.26838430739886,213.026611328125,3118500
2025-01-27,211.2917372749575,217.66587727239622,211.2917372749575,215.81405639648438,4153100
2025-01-28,214.6250117665884,218.47482837640317,213.2507688014884,215.5314178466797,3975500
2025-01-29,231.9638047108552,235.27756740086443,227.3147780741868,229.1860809326172,8859500
2025-01-30,233.14311582157336,234.7317653305223,228.03600837075612,228.4258575439453,4205200
2025-01-31,228.55258086201908,229.5077218119671,225.1413483118397,227.06138610839844,3337900
2025-02-03,229.95605796018543,232.30493876070128,226.70077109269664,232.061279296875,3720000
2025-02-04,230.31665668983575,234.73176474466104,229.41999169630446,231.23281860351562,3285900
2025-02-05,231.81760509906368,236.54458947377748,231.61292461886967,236.28143310546875,3130700
2025-02-06,237.43153661359642,241.32034714257753,237.24635303529342,240.9012451171875,3272200
2025-02-07,241.2228809329277,244.14679464120562,239.85839381778234,239.99484252929688,3434400
2025-02-10,248.46440033317518,249.97510672748035,244.87774046698468,249.34158325195312,4887600
2025-02-11,248.6496042928201,252.879529005515,246.92450600074,252.13882446289062,2598200
2025-02-12,249.88740544119287,253.00622862521286,248.6885902125298,248.8055419921875,3220000
2025-02-13,248.58136344847458,259.25364393693354,248.53262858615813,258.3569641113281,3859900
2025-02-14,259.9261571444636,264.52644874813586,257.6942282552646,263.951416015625,4835300
2025-02-18,263.15225455702785,263.88323304190845,255.89118970977728,256.5344543457031,3879300
2025-02-19,256.0373593052013,257.54803598211845,253.24012386356563,256.6708679199219,3787700
2025-02-20,256.3297895839387,259.0100440377632,255.51109724727414,258.6689147949219,2794700
2025-02-21,258.7079047273853,260.8716022071091,256.8171046890866,258.44476318359375,3554300
2025-02-24,261.17373575340133,266.4660127463001,260.7838865174887,261.3296813964844,4141300
2025-02-25,262.40175464949397,265.78374912185103,261.4758368101336,263.67852783203125,3516500
2025-02-26,259.4193576203245,260.7156128136785,255.3161110462679,256.89501953125,4473400
2025-02-27,256.5539308190364,259.53632024724885,255.49157913650455,257.4700927734375,3562000
2025-02-28,260.38419185028266,264.02196385426583,258.0568259161363,263.7286071777344,4721100
2025-03-03,263.3374359141192,270.3782642277063,263.3374359141192,266.7991638183594,4025400
2025-03-04,267.0827622614307,268.87232739060175,258.6044266367893,258.79998779296875,4694600
2025-03-05,255.24048056514442,257.7145546622905,251.78851109611463,256.9322204589844,5161000
2025-03-06,255.70012669518474,258.13507694624906,253.59762749075315,257.13763427734375,3276500
2025-03-07,256.629069578508,260.7166649798309,255.55337872473945,259.376953125,3289600
2025-03-10,258.154608792239,265.5866201375549,257.5287712262443,260.73626708984375,5173500
2025-03-11,253.0793216103878,254.17458954393766,246.93815451587486,250.99642944335938,5171100
2025-03-12,248.8841327866529,251.27997333890605,242.77228703014057,249.95982360839844,3983000
2025-03-13,251.05508867460674,257.4602914004732,250.5954766577355,253.37269592285156,4196600
2025-03-14,247.88670532622805,251.76893625827475,246.90880994591922,250.3216552734375,3511100
2025-03-17,248.66900763893153,255.98366084519287,247.33906933583862,254.41905212402344,4329700
2025-03-18,255.62183270340785,256.18902870557713,252.1209805610068,254.96665954589844,3088900
2025-03-19,256.4921735520156,256.68773471152366,253.04020424307888,253.5193634033203,2926800
2025-03-20,252.61970177080818,253.2749048099232,250.74215934298385,251.34844970703125,3729100
2025-03-21,248.81570583826186,252.72728740485238,248.70813674832064,250.18475341796875,9207000
2025-03-24,253.08908522049754,255.06442302216,251.90584024009058,253.2357635498047,2896900
2025-03-25,251.4364669661375,255.33826016313643,250.7519580742605,253.0304412841797,2987900
2025-03-26,254.7711230368012,259.0934344408541,254.6929045247701,256.7073669433594,4683500
2025-03-27,257.1082871461945,262.79961603545473,257.1082871461945,262.34979248046875,4228500
2025-03-28,264.3642085934803,264.84336773487195,258.4381655352652,259.07379150390625,3322700
2025-03-31,258.8586927686055,262.1737726246293,258.7511385951772,260.8144836425781,4073200
2025-04-01,260.07125874057454,262.76047073045714,256.8246392850155,262.60400390625,3025400
2025-04-02,262.56491589324935,262.57470439704616,256.6193249696776,258.7120056152344,2969500
2025-04-03,259.3378430692502,266.5742622529028,259.08358074387183,261.9683837890625,5652100
2025-04-04,261.987957300738,263.6894857281799,241.90197765060648,242.62562561035156,7948500
2025-04-07,237.78506061248524,251.27024719052733,237.4427912372353,241.21746826171875,8149000
2025-04-08,246.7327981269106,248.18986771634476,238.4695845746237,240.85565185546875,6018000
2025-04-09,237.62856951812276,249.91093269919168,233.3747187865445,249.26551818847656,8590400
2025-04-10,250.46836089174096,254.47773811743357,245.87224044031277,250.4585723876953,5406600
2025-04-11,251.93522032274026,254.37017054751738,249.97942933917577,252.95223999023438,3987300
2025-04-14,253.76383649764563,259.3085161138886,252.8054883369502,256.8344421386719,3845400
2025-04-15,258.6240074134889,262.036852938811,257.3625139437365,260.8144836425781,3130500
2025-04-16,260.3451303930906,261.36212022880324,253.23581098987427,253.9008026123047,3362700
2025-04-17,253.9789867602942,259.5334253011093,253.36290790214423,256.2477111816406,3489600
2025-04-21,254.63418267095818,255.95431750951968,245.32459990671776,247.8769073486328,3656300
2025-04-22,247.544448725645,253.5878502464316,247.4075439622097,252.5903778076172,4762500
2025-04-23,248.38541105652948,256.8050754295159,247.0848084915198,253.61715698242188,4562300
2025-04-24,254.00830410351907,257.95900947044623,252.36544716230048,256.38458251953125,5047200
2025-04-25,237.7752539050861,238.42066843223247,225.54178816426233,227.6247100830078,13561400
2025-04-28,226.56859018031872,232.07414611957307,226.421896915757,231.5363006591797,5825900
2025-04-29,231.47763625695833,236.56268956261556,230.21614278283263,236.249755859375,3900800
2025-04-30,239.32034293765483,242.0780151956566,236.37688308315293,241.49127197265625,4440500
2025-05-01,239.8484214394295,241.63797190529954,237.04185134850195,241.54017639160156,3603400
2025-05-02,242.2540124614663,244.68897727062696,240.78716942687527,243.37860107421875,2801100
2025-05-05,243.30037958694135,243.85777220824184,241.05121717263307,242.81143188476562,2311500
2025-05-06,242.03887957152105,248.54189278636028,241.7259608098254,248.18984985351562,2903200
2025-05-07,247.1239692711231,248.1116383180158,244.74767553443988,245.7060089111328,4042100
2025-05-08,246.6056496823251,247.05548812243202,241.97043513245893,242.0193328857422,3520700
2025-05-09,242.01934779246335,242.67453594661598,238.28378004972723,238.42068481445312,3278300
2025-05-12,233.54098467084506,235.01760134096887,230.78331250319056,235.00782775878906,5373100
2025-05-13,233.97124632859231,234.9687038073492,230.68551721165744,232.09368896484375,4712800
2025-05-14,228.6710591560123,230.3432668730312,227.10643545248266,230.08900451660156,4168900
2025-05-15,231.87856881300516,237.08097986992547,231.19404496906844,234.85137939453125,5215000
2025-05-16,235.2034164069087,237.94152663485124,233.3649681970115,237.29611206054688,4402200
2025-05-19,237.62856771416403,240.58181582015396,237.54056071468887,238.85093688964844,4238000
2025-05-20,239.70170277852122,240.2004389554518,233.83433069415273,235.87814331054688,4787700
2025-05-21,235.8781446800661,237.85348254979323,233.72676296610757,235.43807983398438,4110000
2025-05-22,236.191077782328,236.70936115722185,234.1472799514069,235.4967803955078,3200600
2025-05-23,235.68257113517848,237.97085777125804,233.30629241346125,237.51124572753906,4174000
2025-05-27,238.40110919085132,240.45469546663455,236.8658211965653,237.98062133789062,3717400
2025-05-28,237.72638914901808,238.12731494197266,235.73147408097438,236.17152404785156,2468600
2025-05-29,236.47467660230708,236.47467660230708,231.50696609964731,234.0103759765625,3127400
2025-05-30,235.1489212071564,238.81975454176225,234.02018170396698,237.720458984375,8313500
2025-06-02,235.13911768848044,238.8688240354708,234.48149627753443,238.56455993652344,2578800
2025-06-03,237.49470708666192,239.9092004003458,236.96468613136366,239.369384765625,3630900
2025-06-04,239.95825954610677,240.6649441125755,237.4750539082499,237.48487854003906,3413900
2025-06-05,237.4161748573269,241.7053456683805,236.6996806089833,240.37049865722656,2855300
2025-06-06,242.31388311976622,242.971489466126,239.99753144790543,241.312744140625,2022500
2025-06-09,240.13496060268298,240.39014645129512,233.47053482805353,233.54905700683594,4538600
2025-06-10,232.61663441124207,233.37239729032285,230.32972646140254,232.5970001220703,3766900
2025-06-11,231.93939231004381,232.11607095837257,225.5596112360693,226.66871643066406,6709600
2025-06-12,228.19005002569375,228.19005002569375,223.31197010662663,224.4701385498047,5369000
2025-06-13,224.27383342542146,225.4221921757501,221.9672912923423,223.7830810546875,4379800
2025-06-16,224.03826993262894,227.32631685174385,223.59659578829647,226.71778869628906,3777800
2025-06-17,217.79590316806198,218.3848120225728,215.9310500897349,217.3345947265625,12423600
2025-06-18,218.11979678566547,218.8755596379457,216.4806856474491,216.90274047851562,5600300
2025-06-20,218.00199674234753,219.07183320828346,216.81436953524374,217.42291259765625,8936700
2025-06-23,218.87556705346512,223.4199390004871,218.37500500468545,222.78195190429688,7469000
2025-06-24,223.38066112763772,226.0797991740613,222.39915638348367,225.56942749023438,5128400
2025-06-25,225.17681747411373,227.012226560249,224.52902074609875,226.6294403076172,5428600
2025-06-26,226.72760133772545,227.3165101889726,224.76459180233388,227.13983154296875,4342400
2025-06-27,226.45277160527252,231.96882337348399,226.15831719212605,230.89898681640625,6496300
2025-06-30,230.15307013921,234.2066748530356,229.89786930154995,233.85333251953125,5118400
2025-07-01,234.00055707314615,238.78048053634308,233.67665870010893,237.043212890625,4536400
2025-07-02,235.56113840516153,236.54264314851636,232.42032622174082,233.0288543701172,3414400
2025-07-03,232.58718492193216,236.88618057703567,232.22403295207016,236.29727172851562,1998800
2025-07-07,235.53168753026313,235.82614193991978,232.2240214349919,233.23497009277344,2958400
2025-07-08,231.84124891002185,232.41050849870638,229.28933051080293,231.60568237304688,3020800
2025-07-09,230.5848889278631,230.8498993867932,227.1201785808833,228.0133514404297,3938100
2025-07-10,227.21834468317965,227.21834468317965,222.82120769225463,223.9302978515625,5528200
2025-07-11,224.15604369625282,224.87253791948524,221.9182142231266,223.54750061035156,3093700
2025-07-14,223.47881406326334,225.39274528882203,223.2726914805538,223.9302978515625,3118000
2025-07-15,222.47769381650673,222.8801143835834,221.11340272763996,221.8397216796875,3429800
2025-07-16,222.3108234069045,225.12773721562743,222.28137946285727,224.5093994140625,5793100
2025-07-17,223.40029872715775,225.04921953302104,221.7611875773148,222.83102416992188,3509300
2025-07-18,224.479947485979,224.55845468293012,222.05562966849314,223.0076904296875,3773600
2025-07-21,225.5792202529116,229.6426489903439,225.36328802724256,228.31761169433594,4431100
2025-07-22,229.31877564409166,233.75518143237522,228.47468093627543,228.9359893798828,4004400
2025-07-23,228.85745535387588,230.60453256947773,226.4527717684979,229.6033935546875,5621000
2025-07-24,239.48717275291983,247.0938350022441,238.9964203497376,242.9224395751953,8623200
2025-07-25,243.6683654666088,245.28785730084127,238.60381230506792,239.0454864501953,5205200
2025-07-28,238.09341196834805,238.46638854692222,232.89143406204676,233.78460693359375,3702900
2025-07-29,234.74649002958506,236.83709994643974,233.40183331018224,234.82501220703125,3563600
2025-07-30,234.9035223771314,238.29952026278875,234.17720350531118,237.11190795898438,4213000
2025-07-31,234.95261011501188,237.57322598099913,233.71590455412377,234.00054931640625,4079200
2025-08-01,235.99300807603382,237.53396276915544,232.52829745395667,232.81292724609375,3481400
2025-08-04,233.3429498953731,236.9352459788279,232.6951531514516,236.55245971679688,3755500
2025-08-05,236.47391942791788,237.02357463848602,232.44975915669843,234.5109100341797,3775600
2025-08-06,233.93183378910678,237.42598823218202,231.2032518374211,234.79556274414062,5160200
2025-08-07,235.17834752877565,238.68231160581726,234.0986863416908,238.4369354248047,4061800
2025-08-08,238.72157748251163,242.18628792110923,238.4565670165738,240.4490203857422,4261600
2025-08-11,241.1949749990648,244.40448464653548,240.93977418715963,244.26707458496094,3976100
2025-08-12,244.88544679377324,247.9182930214104,243.70764403296582,247.61402893066406,4620300
2025-08-13,247.829939230065,249.33164023796687,245.81785157961517,246.2006378173828,3152600
2025-08-14,246.92695032341805,247.8299328359683,244.66948655375603,245.68043518066406,2951500
2025-08-15,246.47547143894997,251.4517077790813,245.67064532062886,249.92056274414062,3939400
2025-08-18,250.88242775176735,251.981723247097,249.3414581177643,250.4603729248047,3309200
2025-08-19,250.43092611916433,253.67970438245953,249.49849962004714,253.44415283203125,3641900
2025-08-20,255.13236627190534,256.7223992938145,253.94475382209606,254.21957397460938,3875900
2025-08-21,253.28712795255464,254.70049727007407,252.25655988705697,253.38528442382812,3330400
2025-08-22,255.15196290394445,256.4181124008625,246.49509891616236,247.2901153564453,3984800
2025-08-25,248.4188619718245,248.7034917639357,245.25841543091136,247.08401489257812,4295700
2025-08-26,246.9269621862345,247.17233836914755,244.8069083714882,246.55398559570312,6515000
2025-08-27,245.16026494803242,247.6042172637082,244.95415732926642,246.71104431152344,3212400
2025-08-28,246.08287138027407,246.99566360628165,244.76765861359533,245.9258270263672,3595100
2025-08-29,245.28561046895638,249.34365778214004,245.1181683742178,248.20111083984375,3204900
2025-09-02,247.9154481802846,254.770804575704,247.4229661556796,252.04244995117188,4055600
2025-09-03,249.50124357632748,250.584710053821,247.54117471616945,248.86102294921875,3822900
2025-09-04,250.38771837189336,252.83042501360902,246.9797361376937,248.32913208007812,3349100
2025-09-05,249.0284731331356,251.89472224731776,247.82681573879174,248.9595184326172,3294200
2025-09-08,237.50439659304257,243.5323720337862,233.83046970441742,239.24777221679688,6313600
2025-09-09,238.88335001546878,240.05545973863914,237.2187582257132,239.07049560546875,3651800
2025-09-10,238.2529611292147,239.2477694411957,234.91393349331426,236.7656707763672,4942000
2025-09-11,236.6277649021155,238.6961803555804,235.91858959539655,237.76046752929688,4321900
2025-09-12,236.48001405052656,239.16897671557817,236.07617518487078,238.08551025390625,3085700
2025-09-15,237.76046907852285,240.56762260502302,234.83512467658554,236.13528442382812,3062500
2025-09-16,236.27319340448705,236.53912289067136,232.5992664858841,234.0471649169922,3639600
2025-09-17,235.30790665662016,237.19905086748415,234.74648496070643,235.84963989257812,3422300
2025-09-18,233.9585267893159,237.12026823511107,233.64334608541768,235.23898315429688,3545100
2025-09-19,235.2389776176023,236.18453473640164,232.88491402166724,234.58889770507812,7442100
2025-09-22,233.46604940035536,236.70658984431628,231.57492005104058,233.86988830566406,4686900
2025-09-23,233.04250774969353,237.1596503972437,231.23016241699244,235.88905334472656,4668000
2025-09-24,234.6086108933465,238.72575378413867,233.42665693130897,234.81544494628906,3683400
2025-09-25,236.55883150770714,238.66665412877546,233.6728938427479,234.36236572265625,3824400
2025-09-26,235.3965636261229,236.64745714798545,233.08189209780323,233.8994140625,2543300
2025-09-29,233.8895827672969,236.21409865409552,233.50544736788083,234.38206481933594,3835800
2025-09-30,234.38205352671343,236.8247601789158,234.2244556706078,235.78070068359375,4382800
2025-10-01,235.80041057950413,237.3271080119277,228.07829528063834,229.7527313232422,5206700
2025-10-02,229.04354959726103,229.75272496522146,226.26595859721587,226.6796417236328,4325500
2025-10-03,226.561437207745,227.34941146133272,223.69518818713217,226.80767822265625,3767100
2025-10-06,225.13325089910353,225.6158736879158,218.91811482144072,221.57752990722656,6171700
2025-10-07,221.6169257024016,225.50753094774961,220.21827846371403,224.25662231445312,3942400
2025-10-08,223.29136288201374,223.4686642387886,221.01609817069445,223.1731719970703,4059800
2025-10-09,222.96631390953866,224.64076486849527,221.61691792976126,222.80873107910156,3303700
2025-10-10,223.82324747816972,227.54641057354817,222.4442887206551,225.3499298095703,5106300
2025-10-13,225.42872081593347,226.5220315295914,220.69104606653542,221.67601013183594,4698300
2025-10-14,226.54173995822757,227.18196060288756,223.56714420794677,225.970458984375,3894200
2025-10-15,225.73406922082935,226.07881267367728,222.96632245552024,223.2421112060547,3286600
2025-10-16,226.33488128366503,226.6106850432701,221.8631511323612,223.04510498046875,4217400
2025-10-17,223.73457599438314,226.49247831620093,223.27164169257208,225.88180541992188,3446600
2025-10-20,225.48782438853195,227.0736171920399,222.9958664157851,226.63038635253906,4561300
2025-10-21,226.6303826558607,227.04406576793767,224.21722365406544,225.6355743408203,3580500
2025-10-22,222.0404393148553,224.4634574988205,215.48059014238112,223.98081970214844,6674900
2025-10-23,222.3556386041319,222.53292492248144,212.57495261184977,216.6822509765625,9826400
2025-10-24,216.70193053292786,216.90877959186224,212.3582505888895,214.49562072753906,5884400
2025-10-27,213.71751315878203,218.3074496210696,212.3090216640776,217.36187744140625,5968200
2025-10-28,215.62833220851041,219.47954532582082,214.96840808572222,216.6822509765625,4467700
2025-10-29,217.22398051068174,218.04150253417674,208.93058442003283,211.77713012695312,8834600
2025-10-30,211.9839744172877,212.73254172135148,206.4287775046053,207.48268127441406,6235200
2025-10-31,206.1431412566952,208.6646621165636,204.51795641371686,206.8917236328125,4956500
2025-11-03,206.16283430255018,206.25147746490646,199.68176869159456,200.26290893554688,7093300
2025-11-04,201.1592239384579,203.73984022875675,200.43036008700145,203.18824768066406,4937400
2025-11-05,202.51847403665482,204.14365882870712,201.0410278513855,201.66156005859375,3463900
2025-11-06,199.16959404640423,200.4204876119949,196.41169160522375,197.9876251220703,5909700
2025-11-07,199.62266185104394,205.44380298312328,198.5490546455204,203.88755798339844,6464100
2025-11-10,203.08974711292825,204.07471119803535,201.3956076841953,202.77455139160156,4079700
2025-11-11,204.97102847084167,209.0192313896849,204.3800440185625,208.7926788330078,5043100
2025-11-12,208.52676110324114,211.471794212362,207.51223422949153,209.48216247558594,3554700
2025-11-13,208.8123850986271,213.53035643204126,208.42824970834644,211.34375,5551500
2025-11-14,214.19029466351662,214.8994549715032,211.25509089475193,212.83103942871094,4880800
2025-11-17,212.66360497046833,215.04721631732951,211.77712825229642,212.5946502685547,7379900
2025-11-18,213.7174982442639,213.7174982442639,208.86163262634054,209.8761444091797,5857300
2025-11-19,209.47231225134018,210.0534374602641,207.00005778379932,208.09336853027344,3684000
2025-11-20,208.14262114453882,209.12758524604575,206.734114664117,207.34478759765625,5259300
2025-11-21,204.9119257734835,208.18201381589202,203.57237398962545,206.3302764892578,6286900
2025-11-24,205.7392956811887,206.10372757048486,202.4298158702804,204.22244262695312,8026400
2025-11-25,204.5868807123429,206.6454518819943,203.39506764975852,203.78904724121094,6278400
2025-11-26,203.68019041095258,205.29362575184595,203.2446566636322,204.63043212890625,4002900
2025-11-28,204.63044027543359,208.3522632797441,204.1355182890153,206.8872833251953,1633900
2025-12-01,206.8476794480603,206.9862569888736,203.48221625469697,204.5314483642578,3025900
2025-12-02,205.49159162522898,208.4809092112829,203.71976265555475,207.9958953857422,4076800
2025-12-03,207.50098469836735,209.65883718285644,205.17484545699654,206.39234924316406,3999400
2025-12-04,207.23372576680697,207.86722527778647,204.61064539411518,205.89743041992188,3694300
2025-12-05,205.94691442732147,209.48066431453242,205.5608759198279,207.5009765625,3461500
2025-12-08,207.40199516060426,207.5702668143928,201.60150919052862,202.3636932373047,4613200
2025-12-09,203.4525176679693,204.0563230781517,197.14721657593162,199.30508422851562,6483800
2025-12-10,200.39389574890842,200.6611578325978,192.91067823616055,193.33631896972656,8175800
2025-12-11,194.65280809301785,195.74164248719276,192.6731201791145,193.34622192382812,4627700
2025-12-12,192.26727819393173,195.8703092662301,192.03960322973612,193.1779327392578,4635300
2025-12-15,193.99951399174012,195.94950770911296,192.3266753617667,194.16778564453125,5157600
2025-12-16,194.9398730374929,197.65203583728749,193.96983018009735,195.98910522460938,5685800
2025-12-17,195.99899082774976,199.29517292182453,195.9594037162939,197.35508728027344,6266200
2025-12-18,197.1670201809438,200.31471671388326,197.1670201809438,198.23605346679688,6862900
2025-12-19,198.8101619436499,199.21598648127585,194.1182962176212,194.73199462890625,17206100
2025-12-22,193.82133054263144,195.19721295167182,192.73251132110107,193.77183532714844,4712200
2025-12-23,193.86093699517858,195.9495082621458,193.77183956383342,195.66244506835938,4403800
2025-12-24,195.64265228603907,197.11752522105195,195.0784490838823,196.99874877929688,1312000
2025-12-26,197.12741607867542,199.018021643083,196.7215915391539,198.95863342285156,1979500
2025-12-29,199.65150613849082,202.10631471415604,199.3842440637448,201.08677673339844,4402000
2025-12-30,200.01776833778055,202.1360337242657,199.6317147089788,201.73019409179688,3037800
2025-12-31,200.44339619592904,202.1657300746914,199.94847423001318,200.9779052734375,3239500
2026-01-02,200.19593630957957,200.6314700585824,197.00863762331676,197.5530548095703,3826100
2026-01-05,197.14721443624515,200.38400832808148,196.41472448802983,198.82005310058594,4021800
2026-01-06,198.16674901623827,198.89923895165217,195.1576301564619,196.5830078125,3240400
2026-01-07,196.58300888376647,197.84009978952815,193.6332631224611,195.2863006591797,3737400
2026-01-08,194.6132242277894,197.52336792639798,193.75206480409435,195.9000244140625,5185100
2026-01-09,194.48453664540443,199.9979747414862,194.4053473163033,198.52310180664062,3829900
2026-01-12,198.3053188241072,198.73095954548387,194.47462785081174,195.50405883789062,5271100
2026-01-13,195.21702288122464,195.38529453841636,186.20943699371978,187.7436981201172,7654200
2026-01-14,187.22897707089777,190.1886159182976,187.08050651994964,190.06983947753906,5292400
2026-01-15,190.40636434339314,190.73301462764357,187.2388670316263,188.7236328125,5450000
2026-01-16,188.2683186795721,188.5553818868865,183.29929775788577,184.427734375,8248300
2026-01-20,183.4774756197024,184.69497945207604,181.4779866067991,181.7848358154297,9026900
2026-01-21,181.131546161137,182.99244247866284,179.51809572225466,181.7353515625,8188000
2026-01-22,181.88381301246557,184.4178109295248,181.88381301246557,183.5071563720703,6502700
2026-01-23,182.61631772277164,185.04143240540193,182.0322983071325,184.1406707763672,4827900
2026-01-26,185.08101324376955,186.94192465977576,184.75436293539698,186.0510711669922,4772100
2026-01-27,185.2492757268212,185.6353142350898,181.39878364554048,182.61630249023438,6791300
2026-01-28,183.24982377181718,186.21935575915464,182.61632421867134,184.3584442138672,7418900
2026-01-29,184.66527416103472,188.1495288915691,184.35842497098267,187.35765075683594,5917000
2026-01-30,191.35663062330144,195.31600623624306,190.74291713269835,195.20712280273438,10733400
2026-02-02,194.63301751940378,197.37487434104128,192.11880546963116,193.00967407226562,7820900
2026-02-03,191.16855515094892,197.49365699866937,191.16855515094892,195.67233276367188,6009700
2026-02-04,199.4634454930148,201.1362841563252,196.71168056769685,199.7406005859375,7878500
2026-02-05,200.6116618914211,202.73983534392013,197.721319508807,199.8098907470703,7196300
2026-02-06,199.4535589836575,200.42360184046368,194.82109647645146,195.3852996826172,5081600
2026-02-09,194.71220864808222,196.22666867237118,193.1383453000122,195.65255737304688,4728500
2026-02-10,194.50433601196772,197.68174173448526,194.1776856962831,197.40457153320312,6747600
2026-02-11,189.38683185099558,208.34233615932416,186.2391204506628,207.41188049316406,12960800
2026-02-12,210.7278807753191,218.6070453700845,210.69818666472113,212.49969482421875,15729200
2026-02-13,214.07354511692375,217.74585753867555,212.41059950600612,217.27073669433594,8332900
2026-02-17,218.55754009199217,222.0120856990014,216.97378378183225,217.37962341308594,6489600
2026-02-18,217.94382428540766,218.35957201788418,210.73776184771197,211.08421325683594,7436400
2026-02-19,213.97456271496105,216.31059501770622,211.4405646449636,213.1134033203125,4818200
2026-02-20,212.1334447396177,213.77658924587138,209.8964029530037,213.2717742919922,5429900
2026-02-23,214.93471221391698,218.7258163110452,214.6377560115862,217.71617126464844,5272100
2026-02-24,218.88418192577723,222.46741193665162,218.03291558518166,219.7255401611328,6832400
2026-02-25,218.98316097938482,221.28949907053814,215.88495985413837,216.43927001953125,4793900
2026-02-26,215.9740357817815,216.28088496397524,210.01517147269792,210.98521423339844,6626600
2026-02-27,212.27820480045918,216.18700420931006,211.52231164998514,215.91845703125,6916400
2026-03-02,215.82895258308895,218.15632105615435,212.59649131168322,214.94375610351562,5413800
2026-03-03,213.45184900969932,218.3850888455153,212.8451402924621,217.35069274902344,5904300
2026-03-04,216.56496769435486,220.89148373638977,215.8985851824031,218.5243377685547,7407200
2026-03-05,217.01252925444092,220.6030483171686,215.8090524019133,219.34983825683594,5431400
2026-03-06,219.1608806483907,220.72240020427813,216.803660104903,220.37429809570312,3535900
2026-03-09,218.81275676858834,218.98183753219078,213.91930966566412,216.3262481689453,5228500
2026-03-10,215.99803775222216,217.977304157636,214.83435349198066,217.59934997558594,3345500
2026-03-11,217.81815497050187,217.81815497050187,211.06480424060442,212.2881622314453,4696200
2026-03-12,211.84059233718847,214.01876112450918,210.0005699009773,213.213134765625,3805600
2026-03-13,213.26286920082163,216.4953304023023,213.12362532535408,216.2168426513672,2831000
2026-03-16,215.8587859551199,215.8587859551199,208.26001618954274,213.6607208251953,4561300
2026-03-17,214.94375425976216,217.09210137483032,212.01961766032682,212.1986541748047,4093700
2026-03-18,210.78630097519923,211.22392891956466,204.39100810365636,205.5049591064453,5606500
2026-03-19,207.1858473642437,209.07560307183724,201.85477213336725,205.47512817382812,7623100
2026-03-20,205.27620892955724,208.628017756599,204.92809164555914,207.34498596191406,13798000
2026-03-23,206.73827057199892,208.54844093164897,204.59987925767987,207.63340759277344,5531000
2026-03-24,207.3151449934715,212.427406105783,207.3151449934715,210.1199188232422,4756200
2026-03-25,210.7266331773544,211.61182966214585,208.98607709787555,210.21939086914062,4000000
2026-03-26,211.43279823175564,212.3179946743047,209.79169347212385,210.44813537597656,5201900
2026-03-27,211.76102963338627,212.8650400983655,209.52317181327527,209.68231201171875,6055100
2026-03-30,210.5177668068856,215.18245934775805,209.79169537190808,212.78546142578125,5900000
2026-03-31,212.72579000881683,213.46178684635422,206.668643485109,208.8965606689453,7070000
2026-04-01,207.29524534207403,208.19039753616093,200.00480036906023,203.1477508544922,7038500
2026-04-02,204.6993303982438,204.6993303982438,197.6177588020335,200.31312561035156,4384000
2026-04-06,199.3980963528879,201.10881550912208,196.9911578136385,197.53819274902344,3780200
2026-04-07,196.48390915150378,200.7607069035717,195.99654801095568,199.457763671875,4481300
2026-04-08,199.30859197950107,202.2128323378414,195.14120094436495,196.56349182128906,7107100
2026-04-09,196.8121299445492,199.238964721754,195.3102690648422,196.4739532470703,5869300
2026-04-10,196.81214210743693,197.46856887223544,193.16194914535237,194.6538543701172,3995300
2026-04-13,194.86271213888656,194.86271213888656,189.7703471736078,191.39154052734375,5844100
2026-04-14,189.11389902705253,190.41682711591773,186.78653060069283,188.9746551513672,6604500
2026-04-15,188.56686710490476,191.093168402374,187.7811370459491,189.16363525390625,5767600
2026-04-16,190.75499038935143,196.5634861138199,189.7802832506457,196.0562286376953,6113400
2026-04-17,193.71891237793812,197.48845266239735,192.95306349507402,196.60325622558594,4800700
2026-04-20,197.8365704402032,198.50295291220053,195.19092169362713,197.28953552246094,4571100
2026-04-21,196.8618574238336,205.66410419905682,193.69902567567135,194.3355712890625,11135500
2026-04-22,191.69987464597529,192.43587148693194,183.872335165124,187.90048217773438,9919600
2026-04-23,187.52253385914787,194.69363164355244,187.30373505538975,193.022705078125,6622400
2026-04-24,192.8635624445173,192.8635624445173,186.83626784659631,188.77574157714844,7753500
2026-04-27,187.74133989827584,189.4421184585594,181.02776667729617,181.76377868652344,8403000
2026-04-28,184.17071819149004,186.23949517940926,183.21590738256992,185.7123565673828,11088200
2026-04-29,192.7243214180102,199.54730192792516,190.59587056849153,197.10057067871094,9878300
2026-04-30,196.62316081649087,198.56263453195876,193.1122118100057,194.44497680664062,5092200
2026-05-01,196.32477755601622,197.20997403374054,194.33557062392165,195.001953125,3451200
2026-05-04,193.2315599549736,194.91244223895805,191.70981786772666,193.3708038330078,3239500
2026-05-05,192.17728417273912,194.4250825570945,191.65014554642374,193.2613983154297,5400600
2026-05-06,191.6202977792778,194.1565395255038,190.61573861613942,192.1175994873047,5754100
2026-05-07,190.96386817694633,194.94228209729937,190.94397185794006,193.15199279785156,3540100
2026-05-08,193.05253257703922,194.84280661677855,192.1176029210077,192.58506774902344,3965900
2026-05-11,191.302017738986,192.5850646467678,188.4375702156786,189.820068359375,4476600
2026-05-12,190.79478290096984,195.18098778692752,188.75584277964865,192.25685119628906,4174800
2026-05-13,192.1573835642738,194.7234622872425,188.9746555585761,189.25314331054688,3584100
2026-05-14,190.01898965435504,190.51629137280327,186.48814441808383,187.17442321777344,5650300
2026-05-15,189.74051136976084,190.4068938845451,184.10111142245688,184.220458984375,7967900
2026-05-18,185.04597281400154,189.93941991145908,185.00618017764302,189.6211395263672,5029900
2026-05-19,191.96841437060223,193.95762135297747,189.62114952434166,192.37620544433594,3606700
2026-05-20,191.21250655776456,192.99283999320292,187.7413351754589,189.1337890625,3836700
2026-05-21,188.92492648972552,189.98915948956378,187.4230807103776,189.8697967529297,3774400
2026-05-22,190.5958619944466,190.9936972997245,188.97465353137324,190.4367218017578,3973800
2026-05-26,189.44212868740112,191.76949722065936,187.25400403622385,190.07867431640625,4024000
2026-05-27,188.97466230102637,193.24150457745068,188.5469900868281,189.78028869628906,3076400
2026-05-28,190.277581175622,191.23240715313557,187.0948532113168,187.989990234375,3924200
2026-05-29,187.25,188.4199981689453,185.7100067138672,187.52999877929688,7597500
2026-06-01,185.25999450683594,188.82000732421875,185.00999450683594,186.74000549316406,3448700
2026-06-02,187.39999389648438,189.07000732421875,185.10000610351562,188.8300018310547,4600700
2026-06-03,187.02999877929688,187.5,180.44000244140625,181.4499969482422,6755000
2026-06-04,184.80999755859375,184.8800048828125,174.02000427246094,177.02000427246094,5960600
2026-06-05,179.72999572753906,181.17999267578125,177.1199951171875,178.10000610351562,6340600
2026-06-08,177.61000061035156,180.7100067138672,177.05999755859375,178.42999267578125,5274000
2026-06-09,178.42999267578125,182.9600067138672,177.7100067138672,179.4600067138672,4668800
2026-06-10,181.6999969482422,185.91000366210938,179.4600067138672,185.5500030517578,5302400
2026-06-11,184.13999938964844,188.85000610351562,183.55999755859375,185.82000732421875,7188900
2026-06-12,186.57000732421875,189.63999938964844,184.3000030517578,189.10000610351562,4237100
2026-06-15,185.99000549316406,189.5,185.0,188.86000061035156,5285600
2026-06-16,189.27000427246094,189.88999938964844,184.00999450683594,184.36000061035156,5430800
2026-06-17,183.3699951171875,184.4199981689453,179.4600067138672,181.30999755859375,6820900
2026-06-18,181.38999938964844,183.50999450683594,179.7899932861328,181.6699981689453,12545500
2026-06-22,177.6999969482422,182.0800018310547,177.30999755859375,180.05999755859375,5827300
2026-06-23,181.5,185.4499969482422,180.0,184.57000732421875,8197000
2026-06-24,184.4600067138672,185.3800048828125,180.6999969482422,180.7899932861328,5542300
2026-06-25,179.1300048828125,183.49000549316406,178.39999389648438,181.57000732421875,4373200
2026-06-26,182.6999969482422,184.0,180.30999755859375,182.67999267578125,7824900
2026-06-29,181.99000549316406,181.99000549316406,169.0,173.97000122070312,7760300
2026-06-30,171.35000610351562,173.7100067138672,165.66000366210938,167.72999572753906,8600100
2026-07-01,169.6699981689453,173.99000549316406,169.35000610351562,173.05999755859375,5941100
2026-07-02,176.0,177.74000549316406,172.85000610351562,177.52000427246094,7221300
2026-07-06,179.8300018310547,182.74000549316406,177.33999633789062,181.7899932861328,7118100
2026-07-07,185.86000061035156,189.97000122070312,184.55999755859375,184.72999572753906,5171300
2026-07-08,185.64999389648438,186.0,179.60000610351562,180.13999938964844,4403100
2026-07-09,177.72000122070312,181.5399932861328,177.13999938964844,181.47999572753906,3465900
2026-07-10,182.02000427246094,187.72999572753906,181.4600067138672,187.61000061035156,4554200
2026-07-13,190.0,190.9199981689453,188.3800048828125,188.41000366210938,3787900
2026-07-14,186.8800048828125,189.25999450683594,186.2100067138672,187.1300048828125,2884900
2026-07-15,186.3300018310547,190.07000732421875,186.3300018310547,187.6199951171875,2602400
2026-07-16,189.83999633789062,194.16000366210938,187.75,192.85000610351562,3954100
2026-07-17,197.11000061035156,198.86000061035156,189.8300018310547,192.42999267578125,4579900
2026-07-20,190.88999938964844,196.08999633789062,189.0,195.63999938964844,3842000
2026-07-21,192.6999969482422,194.36000061035156,190.58999633789062,190.77000427246094,3725700
2026-07-22,194.8300018310547,195.10000610351562,189.5800018310547,190.94000244140625,4476300
2026-07-23,175.75,182.27000427246094,169.9600067138672,170.4199981689453,9626400
2026-07-24,172.16000366210938,181.99000549316406,171.52000427246094,180.08999633789062,5629200
2026-07-27,180.99000549316406,184.3300018310547,177.0399932861328,177.2100067138672,5494800
2026-07-28,181.5500030517578,186.1300048828125,181.33999633789062,182.38999938964844,4983200
2026-07-29,183.1300048828125,184.08999633789062,175.64999389648438,181.52000427246094,7257800
2026-07-30,176.61000061035156,179.57000732421875,176.61000061035156,179.1300048828125,120915
